Godot Engine v4.7.2.stable.steam.ed1daf0bf - https://godotengine.org

[DevMode] ON
[godot_ai game_helper] registered mcp capture (debugger active=false, logger=true)
Joseon Hunters dev
[Audio] BGM town → town.ogg
[Save] level 못골 마을 → user://save_e2e.json (C:/Users/FORYOUCOM/AppData/Roaming/Godot/app_userdata/Joseon Hunters/wt/codex-96-boss-opening-cutin/save_e2e.json)
[Dev] stairs DungeonEntrance dir=1 world=(0.0, 0.0, -31.0) screen=(2121.067, -492.4143)
[Dev] interact Merchant world=(5.4, 0.0, -2.4) screen=(1047.293, 368.0158)
[Dev] interact Shaman world=(-5.6, 0.0, 0.4) screen=(408.5833, 148.8999)
[Dev] interact Elder world=(2.0, 0.0, -5.6) screen=(1038.037, 191.6542)
[Dev] interact Waypoint world=(-4.2, 0.0, 2.2) screen=(390.0698, 234.4085)
E2E start: quest_journal, hud_orb_fx, npc_hover_view, elite_ui_view, hud_hierarchy_view, pickup_feedback_view, icon_intake, automap, pickup_equip, equipment_ui, inactive_gear, portal_roundtrip, waypoint, vendor_quest, vendor_prices, chief_quest, shaman_heal, save_continue, bodies_cap, boss_floor, boss_bulgasari, boss_jangsanbeom, heukrang_look, heukrang_pounce, visual_swap, run_upright, teleport_settle, hit_stagger, hit_feel, element_affix, affix_combat, attack_chain, aspd_steps, skill_then_attack, anim_commit, invisible_sword, heavy_react, pack_ai, kill_slump, kill_bisect, slice_deaths, monster_motion_gallery, element_status, element_ui, talisman_throw, talisman_aoe, loot_drop, potion_tiers, loot_props, elite_pack, elite_slots, flee_chase, verify_flows, balance_room, balance_boss, player_death, wall_cutaway, floor_seams, char_light, town_layout, town_approach, audio_cues, sfx_limiter, ui_windows, story_cutin, dialogue_band, dialogue_event, ui_docks, ui_tooltips, belt_unify, item_ui, skill_picker, skill_icons, vfx_cues, vfx_cap_blood, skill_area, skill_tiers, aoe_skills, aoe_skills_2, build_changers, footsteps, dungeon_layout, beomgul_walk, mine_walk, bongmil_walk, town_exits, field_layout, field2_layout, gate_hover, pack_density, pack_perf, slice_loop, plaza_light, town_tour, aoe_field, long_body, named_imugi, serpent_models, gimmicks, pus_jar, roles, roster_swap, gimmicks_m10, behaviors_m9, female_f1, female_float, m14_models, leader_options, surround, item_showcase, weapon_visibility, first_magic, hover_target, system_menu
[Save] level 못골 마을 → user://save_e2e.json (C:/Users/FORYOUCOM/AppData/Roaming/Godot/app_userdata/Joseon Hunters/wt/codex-96-boss-opening-cutin/save_e2e.json)
[Dev] stairs DungeonEntrance dir=1 world=(0.0, 0.0, -31.0) screen=(2121.067, -492.4143)
[Dev] interact Merchant world=(5.4, 0.0, -2.4) screen=(1047.293, 368.0158)
[Dev] interact Shaman world=(-5.6, 0.0, 0.4) screen=(408.5833, 148.8999)
[Dev] interact Elder world=(2.0, 0.0, -5.6) screen=(1038.037, 191.6542)
[Dev] interact Waypoint world=(-4.2, 0.0, 2.2) screen=(390.0698, 234.4085)
E2E ▶ quest_journal
[Click] world=(-5.6, 0.0, 0.4) cell=(-6, 0)
[Save] quest → user://save_e2e.json (C:/Users/FORYOUCOM/AppData/Roaming/Godot/app_userdata/Joseon Hunters/wt/codex-96-boss-opening-cutin/save_e2e.json)
[Save] quest_log_dialogue → user://save_e2e.json (C:/Users/FORYOUCOM/AppData/Roaming/Godot/app_userdata/Joseon Hunters/wt/codex-96-boss-opening-cutin/save_e2e.json)
[Save] quest_log_read → user://save_e2e.json (C:/Users/FORYOUCOM/AppData/Roaming/Godot/app_userdata/Joseon Hunters/wt/codex-96-boss-opening-cutin/save_e2e.json)
[Save] boss → user://save_e2e.json (C:/Users/FORYOUCOM/AppData/Roaming/Godot/app_userdata/Joseon Hunters/wt/codex-96-boss-opening-cutin/save_e2e.json)
[Save] quest_log_read → user://save_e2e.json (C:/Users/FORYOUCOM/AppData/Roaming/Godot/app_userdata/Joseon Hunters/wt/codex-96-boss-opening-cutin/save_e2e.json)
[Click] world=(-5.6, 0.0, 0.4) cell=(-6, 0)
[Save] quest → user://save_e2e.json (C:/Users/FORYOUCOM/AppData/Roaming/Godot/app_userdata/Joseon Hunters/wt/codex-96-boss-opening-cutin/save_e2e.json)
[Save] quest_log_dialogue → user://save_e2e.json (C:/Users/FORYOUCOM/AppData/Roaming/Godot/app_userdata/Joseon Hunters/wt/codex-96-boss-opening-cutin/save_e2e.json)
[Save] quest_log_read → user://save_e2e.json (C:/Users/FORYOUCOM/AppData/Roaming/Godot/app_userdata/Joseon Hunters/wt/codex-96-boss-opening-cutin/save_e2e.json)
[Save] quest_log_test → user://save_e2e.json (C:/Users/FORYOUCOM/AppData/Roaming/Godot/app_userdata/Joseon Hunters/wt/codex-96-boss-opening-cutin/save_e2e.json)
[Load] lv=1 gold=0 flags={ "opening_pending": false, "quest": { "heukrang_seal": { "state": "done" }, "heukrang_thanks": { "state": "killed" } }, "quest_log": { "history": { "heukrang_seal": [{ "name": "무당 할매", "source": "npc/shaman", "speaker": "shaman", "static_id": "NPC_SHAMAN_OFFER_1", "text": "도사 양반, 늦었소.", "uid": "npc/shaman/NPC_SHAMAN_OFFER_1" }, { "name": "도호", "source": "npc/shaman", "speaker": "doho", "static_id": "NPC_SHAMAN_OFFER_2", "text": "할매, 술부터… 아, 분위기 아니구먼.", "uid": "npc/shaman/NPC_SHAMAN_OFFER_2" }, { "name": "무당 할매", "source": "npc/shaman", "speaker": "shaman", "static_id": "NPC_SHAMAN_OFFER_3", "text": "봉인이 흔들리오. 못골 아래로 요기가 새고 있소.", "uid": "npc/shaman/NPC_SHAMAN_OFFER_3" }, { "name": "무당 할매", "source": "npc/shaman", "speaker": "shaman", "static_id": "NPC_SHAMAN_OFFER_4", "text": "흑랑 굴 끝에 구미호의 수하가 자리를 잡았고, 봉밀굴 안은… 아직 잠든 것이 낫소.", "uid": "npc/shaman/NPC_SHAMAN_OFFER_4" }, { "name": "도호", "source": "npc/shaman", "speaker": "doho", "static_id": "NPC_SHAMAN_OFFER_5", "text": "…또 봉인이여.", "uid": "npc/shaman/NPC_SHAMAN_OFFER_5" }, { "name": "무당 할매", "source": "npc/shaman", "speaker": "shaman", "static_id": "NPC_SHAMAN_OFFER_6", "text": "도사 양반밖에 없소. 내려가 베어 주시오.", "uid": "npc/shaman/NPC_SHAMAN_OFFER_6" }, { "name": "도호", "source": "npc/shaman", "speaker": "doho", "static_id": "NPC_SHAMAN_OFFER_7", "text": "술값은—", "uid": "npc/shaman/NPC_SHAMAN_OFFER_7" }, { "name": "무당 할매", "source": "npc/shaman", "speaker": "shaman", "static_id": "NPC_SHAMAN_OFFER_8", "text": "살아서 돌아오면 쳐 드리리다.", "uid": "npc/shaman/NPC_SHAMAN_OFFER_8" }, { "name": "도호", "source": "npc/shaman", "speaker": "doho", "static_id": "NPC_SHAMAN_OFFER_9", "text": "…허. 하는 김에.", "uid": "npc/shaman/NPC_SHAMAN_OFFER_9" }, { "name": "무당 할매", "source": "npc/shaman", "speaker": "shaman", "static_id": "NPC_SHAMAN_DONE_1", "text": "…왔구려.", "uid": "npc/shaman/NPC_SHAMAN_DONE_1" }, { "name": "도호", "source": "npc/shaman", "speaker": "doho", "static_id": "NPC_SHAMAN_DONE_2", "text": "끝낸 것 같기도 하고.", "uid": "npc/shaman/NPC_SHAMAN_DONE_2" }, { "name": "무당 할매", "source": "npc/shaman", "speaker": "shaman", "static_id": "NPC_SHAMAN_DONE_3", "text": "봉인 기운이 달라졌소. 고맙소, 도사 양반.", "uid": "npc/shaman/NPC_SHAMAN_DONE_3" }, { "name": "무당 할매", "source": "npc/shaman", "speaker": "shaman", "static_id": "NPC_SHAMAN_REPORT_1", "text": "봉인 첫 자락은 다시 여몄소. 한동안은 버틸 거요.", "uid": "npc/shaman/NPC_SHAMAN_REPORT_1" }] }, "read": { "heukrang_seal": "done/13" }, "revisions": { "heukrang_seal": 13.0 } }, "seen": { "npc/shaman/start": 2.0 }, "story": { "shaman_heal_intro": true, "shaman_offer": true } } portal=<null> wps=[]
[Save] level 못골 마을 → user://save_e2e.json (C:/Users/FORYOUCOM/AppData/Roaming/Godot/app_userdata/Joseon Hunters/wt/codex-96-boss-opening-cutin/save_e2e.json)
[Dev] stairs DungeonEntrance dir=1 world=(0.0, 0.0, -31.0) screen=(2121.067, -492.4143)
[Dev] interact Merchant world=(5.4, 0.0, -2.4) screen=(1047.293, 368.0158)
[Dev] interact Shaman world=(-5.6, 0.0, 0.4) screen=(408.5833, 148.8999)
[Dev] interact Elder world=(2.0, 0.0, -5.6) screen=(1038.037, 191.6542)
[Dev] interact Waypoint world=(-4.2, 0.0, 2.2) screen=(390.0698, 234.4085)
  · revision 타입: 저장 전 2 · JSON 복원 3
[Save] level 못골 마을 → user://save_e2e.json (C:/Users/FORYOUCOM/AppData/Roaming/Godot/app_userdata/Joseon Hunters/wt/codex-96-boss-opening-cutin/save_e2e.json)
[Dev] stairs DungeonEntrance dir=1 world=(0.0, 0.0, -31.0) screen=(2121.067, -492.4143)
[Dev] interact Merchant world=(5.4, 0.0, -2.4) screen=(1047.293, 368.0158)
[Dev] interact Shaman world=(-5.6, 0.0, 0.4) screen=(408.5833, 148.8999)
[Dev] interact Elder world=(2.0, 0.0, -5.6) screen=(1038.037, 191.6542)
[Dev] interact Waypoint world=(-4.2, 0.0, 2.2) screen=(390.0698, 234.4085)
[Dev] 역할 — 여기엔 적을 세울 자리가 없다
E2E quest_journal PASS (검사 48)
[Save] level 못골 마을 → user://save_e2e.json (C:/Users/FORYOUCOM/AppData/Roaming/Godot/app_userdata/Joseon Hunters/wt/codex-96-boss-opening-cutin/save_e2e.json)
[Dev] stairs DungeonEntrance dir=1 world=(0.0, 0.0, -31.0) screen=(2121.067, -492.4143)
[Dev] interact Merchant world=(5.4, 0.0, -2.4) screen=(1047.293, 368.0158)
[Dev] interact Shaman world=(-5.6, 0.0, 0.4) screen=(408.5833, 148.8999)
[Dev] interact Elder world=(2.0, 0.0, -5.6) screen=(1038.037, 191.6542)
[Dev] interact Waypoint world=(-4.2, 0.0, 2.2) screen=(390.0698, 234.4085)
E2E ▶ hud_orb_fx
[Skill] 회오리베기 → mp 48/56
E2E hud_orb_fx PASS (검사 30)
[Save] level 못골 마을 → user://save_e2e.json (C:/Users/FORYOUCOM/AppData/Roaming/Godot/app_userdata/Joseon Hunters/wt/codex-96-boss-opening-cutin/save_e2e.json)
[Dev] stairs DungeonEntrance dir=1 world=(0.0, 0.0, -31.0) screen=(2121.067, -492.4143)
[Dev] interact Merchant world=(5.4, 0.0, -2.4) screen=(1047.293, 368.0158)
[Dev] interact Shaman world=(-5.6, 0.0, 0.4) screen=(408.5833, 148.8999)
[Dev] interact Elder world=(2.0, 0.0, -5.6) screen=(1038.037, 191.6542)
[Dev] interact Waypoint world=(-4.2, 0.0, 2.2) screen=(390.0698, 234.4085)
E2E ▶ npc_hover_view
[Click] world=(5.4, 0.0, -2.4) cell=(5, -3)
[Click] world=(-5.6, 0.0, 0.4) cell=(-6, 0)
[Save] quest_log_dialogue → user://save_e2e.json (C:/Users/FORYOUCOM/AppData/Roaming/Godot/app_userdata/Joseon Hunters/wt/codex-96-boss-opening-cutin/save_e2e.json)
[Click] world=(2.0, 0.0, -5.6) cell=(2, -6)
E2E npc_hover_view PASS (검사 42)
[Save] level 못골 마을 → user://save_e2e.json (C:/Users/FORYOUCOM/AppData/Roaming/Godot/app_userdata/Joseon Hunters/wt/codex-96-boss-opening-cutin/save_e2e.json)
[Dev] stairs DungeonEntrance dir=1 world=(0.0, 0.0, -31.0) screen=(2121.067, -492.4143)
[Dev] interact Merchant world=(5.4, 0.0, -2.4) screen=(1047.293, 368.0158)
[Dev] interact Shaman world=(-5.6, 0.0, 0.4) screen=(408.5833, 148.8999)
[Dev] interact Elder world=(2.0, 0.0, -5.6) screen=(1038.037, 191.6542)
[Dev] interact Waypoint world=(-4.2, 0.0, 2.2) screen=(390.0698, 234.4085)
E2E ▶ elite_ui_view
[Dungeon] heukrang_gul 1층 lv=2 seed=403727558 gen 64x64 rooms=6 up=(44, 56) down=(7, 23) enemies=20 roster=bandit,bat,talisman_master elites=["방2:금색×3(깊이 0.50)"] named=-
[Quest] heukrang_gul 1층 — 싹쓸이 셈 시작 20 (heukrang_clear:none)
[Audio] BGM dungeon → dungeon_4.ogg
[Save] level 흑랑 굴 1층 → user://save_e2e.json (C:/Users/FORYOUCOM/AppData/Roaming/Godot/app_userdata/Joseon Hunters/wt/codex-96-boss-opening-cutin/save_e2e.json)
[Dev] stairs StairsUp dir=-1 world=(44.5, 0.0, 56.5) screen=(593.7165, 335.9509)
[Dev] stairs StairsDown dir=1 world=(7.5, 0.0, 23.5) screen=(408.583, -1534.551)
[Dev] interact PusJar world=(29.5, 0.0, 42.5) screen=(547.433, -487.0705)
[Dev] interact @Area3D@1303 world=(14.5, 0.0, 24.5) screen=(686.2831, -1368.878)
[Dev] interact @Area3D@1304 world=(23.5, 0.0, 18.5) screen=(1380.534, -1288.714)
[Dev] interact LootChest world=(29.5, 0.0, 39.5) screen=(686.2831, -567.2349)
[Dev] interact @Area3D@1305 world=(40.5, 0.0, 38.5) screen=(1241.683, -300.0204)
[Dev] interact LootPot world=(21.5, 0.0, 43.5) screen=(130.8828, -674.1207)
[Dev] interact @Area3D@1306 world=(22.5, 0.0, 44.5) screen=(130.8829, -620.6779)
[Dev] interact @Area3D@1307 world=(19.5, 0.0, 9.5) screen=(1611.95, -1636.093)
[Dev] interact @Area3D@1308 world=(20.5, 0.0, 9.5) screen=(1658.234, -1609.372)
[Dev] interact @Area3D@1309 world=(44.5, 0.0, 51.5) screen=(825.1333, 154.2443)
[Dev] interact @Area3D@1310 world=(44.5, 0.0, 52.5) screen=(778.8499, 180.9657)
[Dev] interact @Area3D@1311 world=(21.5, 0.0, 39.5) screen=(316.0163, -781.0065)
[Dev] removed 20 enemies
[Dev] removed 3 enemies
[Dev] removed 5 enemies
[Dev] item 붉은 문턱 (환도) world=(24.5, 0.000391, 49.5) screen=(732.5665, 397.41)
E2E elite_ui_view PASS (검사 6)
[Audio] BGM town → town.ogg
[Save] level 못골 마을 → user://save_e2e.json (C:/Users/FORYOUCOM/AppData/Roaming/Godot/app_userdata/Joseon Hunters/wt/codex-96-boss-opening-cutin/save_e2e.json)
[Dev] stairs DungeonEntrance dir=1 world=(0.0, 0.0, -31.0) screen=(2121.067, -492.4143)
[Dev] interact Merchant world=(5.4, 0.0, -2.4) screen=(1047.293, 368.0158)
[Dev] interact Shaman world=(-5.6, 0.0, 0.4) screen=(408.5833, 148.8999)
[Dev] interact Elder world=(2.0, 0.0, -5.6) screen=(1038.037, 191.6542)
[Dev] interact Waypoint world=(-4.2, 0.0, 2.2) screen=(390.0698, 234.4085)
E2E ▶ hud_hierarchy_view
[Dungeon] heukrang_gul 1층 lv=2 seed=403727558 gen 64x64 rooms=6 up=(44, 56) down=(7, 23) enemies=20 roster=bandit,bat,talisman_master elites=["방2:금색×3(깊이 0.50)"] named=-
[Quest] heukrang_gul 1층 — 싹쓸이 셈 시작 20 (heukrang_clear:none)
[Audio] BGM dungeon → dungeon_3.ogg
[Save] level 흑랑 굴 1층 → user://save_e2e.json (C:/Users/FORYOUCOM/AppData/Roaming/Godot/app_userdata/Joseon Hunters/wt/codex-96-boss-opening-cutin/save_e2e.json)
[Dev] stairs StairsUp dir=-1 world=(44.5, 0.0, 56.5) screen=(593.7165, 335.9509)
[Dev] stairs StairsDown dir=1 world=(7.5, 0.0, 23.5) screen=(408.583, -1534.551)
[Dev] interact PusJar world=(29.5, 0.0, 42.5) screen=(547.433, -487.0705)
[Dev] interact @Area3D@1666 world=(14.5, 0.0, 24.5) screen=(686.2831, -1368.878)
[Dev] interact @Area3D@1667 world=(23.5, 0.0, 18.5) screen=(1380.534, -1288.714)
[Dev] interact LootChest world=(29.5, 0.0, 39.5) screen=(686.2831, -567.2349)
[Dev] interact @Area3D@1668 world=(40.5, 0.0, 38.5) screen=(1241.683, -300.0204)
[Dev] interact LootPot world=(21.5, 0.0, 43.5) screen=(130.8828, -674.1207)
[Dev] interact @Area3D@1669 world=(22.5, 0.0, 44.5) screen=(130.8829, -620.6779)
[Dev] interact @Area3D@1670 world=(19.5, 0.0, 9.5) screen=(1611.95, -1636.093)
[Dev] interact @Area3D@1671 world=(20.5, 0.0, 9.5) screen=(1658.234, -1609.372)
[Dev] interact @Area3D@1672 world=(44.5, 0.0, 51.5) screen=(825.1333, 154.2443)
[Dev] interact @Area3D@1673 world=(44.5, 0.0, 52.5) screen=(778.8499, 180.9657)
[Dev] interact @Area3D@1674 world=(21.5, 0.0, 39.5) screen=(316.0163, -781.0065)
[Dev] removed 20 enemies
E2E hud_hierarchy_view PASS (검사 4)
[Audio] BGM town → town.ogg
[Save] level 못골 마을 → user://save_e2e.json (C:/Users/FORYOUCOM/AppData/Roaming/Godot/app_userdata/Joseon Hunters/wt/codex-96-boss-opening-cutin/save_e2e.json)
[Dev] stairs DungeonEntrance dir=1 world=(0.0, 0.0, -31.0) screen=(2121.067, -492.4143)
[Dev] interact Merchant world=(5.4, 0.0, -2.4) screen=(1047.293, 368.0158)
[Dev] interact Shaman world=(-5.6, 0.0, 0.4) screen=(408.5833, 148.8999)
[Dev] interact Elder world=(2.0, 0.0, -5.6) screen=(1038.037, 191.6542)
[Dev] interact Waypoint world=(-4.2, 0.0, 2.2) screen=(390.0698, 234.4085)
E2E ▶ pickup_feedback_view
E2E pickup_feedback_view PASS (검사 3)
[Save] level 못골 마을 → user://save_e2e.json (C:/Users/FORYOUCOM/AppData/Roaming/Godot/app_userdata/Joseon Hunters/wt/codex-96-boss-opening-cutin/save_e2e.json)
[Dev] stairs DungeonEntrance dir=1 world=(0.0, 0.0, -31.0) screen=(2121.067, -492.4143)
[Dev] interact Merchant world=(5.4, 0.0, -2.4) screen=(1047.293, 368.0158)
[Dev] interact Shaman world=(-5.6, 0.0, 0.4) screen=(408.5833, 148.8999)
[Dev] interact Elder world=(2.0, 0.0, -5.6) screen=(1038.037, 191.6542)
[Dev] interact Waypoint world=(-4.2, 0.0, 2.2) screen=(390.0698, 234.4085)
E2E ▶ icon_intake
[Click] world=(5.4, 0.0, -2.4) cell=(5, -3)
[Click] world=(5.4, 0.0, -2.4) cell=(5, -3)
[Dungeon] heukrang_gul 1층 lv=2 seed=403727558 gen 64x64 rooms=6 up=(44, 56) down=(7, 23) enemies=20 roster=bandit,bat,talisman_master elites=["방2:금색×3(깊이 0.50)"] named=-
[Quest] heukrang_gul 1층 — 싹쓸이 셈 시작 20 (heukrang_clear:none)
[Audio] BGM dungeon → dungeon_1.ogg
[Save] level 흑랑 굴 1층 → user://save_e2e.json (C:/Users/FORYOUCOM/AppData/Roaming/Godot/app_userdata/Joseon Hunters/wt/codex-96-boss-opening-cutin/save_e2e.json)
[Dev] stairs StairsUp dir=-1 world=(44.5, 0.0, 56.5) screen=(593.7165, 335.9509)
[Dev] stairs StairsDown dir=1 world=(7.5, 0.0, 23.5) screen=(408.583, -1534.551)
[Dev] interact PusJar world=(29.5, 0.0, 42.5) screen=(547.433, -487.0705)
[Dev] interact @Area3D@2179 world=(14.5, 0.0, 24.5) screen=(686.2831, -1368.878)
[Dev] interact @Area3D@2180 world=(23.5, 0.0, 18.5) screen=(1380.534, -1288.714)
[Dev] interact LootChest world=(29.5, 0.0, 39.5) screen=(686.2831, -567.2349)
[Dev] interact @Area3D@2181 world=(40.5, 0.0, 38.5) screen=(1241.683, -300.0204)
[Dev] interact LootPot world=(21.5, 0.0, 43.5) screen=(130.8828, -674.1207)
[Dev] interact @Area3D@2182 world=(22.5, 0.0, 44.5) screen=(130.8829, -620.6779)
[Dev] interact @Area3D@2183 world=(19.5, 0.0, 9.5) screen=(1611.95, -1636.093)
[Dev] interact @Area3D@2184 world=(20.5, 0.0, 9.5) screen=(1658.234, -1609.372)
[Dev] interact @Area3D@2185 world=(44.5, 0.0, 51.5) screen=(825.1333, 154.2443)
[Dev] interact @Area3D@2186 world=(44.5, 0.0, 52.5) screen=(778.8499, 180.9657)
[Dev] interact @Area3D@2187 world=(21.5, 0.0, 39.5) screen=(316.0163, -781.0065)
[Dev] removed 20 enemies
[Click] world=(-5.6, 0.0, 0.4) cell=(-6, 0)
[Click] world=(1.72969, 0.0, 2.026486) cell=(1, 2)
[Click] world=(5.4, 0.0, -2.4) cell=(5, -3)
[Click] world=(1.142134, 0.0, 2.577593) cell=(1, 2)
[Click] world=(2.054921, 0.0, 2.999449) cell=(2, 2)
[Click] world=(1.72969, 0.0, 2.026486) cell=(1, 2)
[Click] world=(1.933486, 0.0, 2.855147) cell=(1, 2)
[Click] world=(5.4, 0.0, -2.4) cell=(5, -3)
[Click] world=(1.142134, 0.0, 2.577593) cell=(1, 2)
[Click] world=(2.054921, 0.0, 2.999449) cell=(2, 2)
[Click] world=(1.72969, 0.0, 2.026486) cell=(1, 2)
[Click] world=(1.165086, 0.0, 2.971338) cell=(1, 2)
E2E icon_intake PASS (검사 315)
[Save] level 못골 마을 → user://save_e2e.json (C:/Users/FORYOUCOM/AppData/Roaming/Godot/app_userdata/Joseon Hunters/wt/codex-96-boss-opening-cutin/save_e2e.json)
[Dev] stairs DungeonEntrance dir=1 world=(0.0, 0.0, -31.0) screen=(2121.067, -492.4143)
[Dev] interact Merchant world=(5.4, 0.0, -2.4) screen=(1047.293, 368.0158)
[Dev] interact Shaman world=(-5.6, 0.0, 0.4) screen=(408.5833, 148.8999)
[Dev] interact Elder world=(2.0, 0.0, -5.6) screen=(1038.037, 191.6542)
[Dev] interact Waypoint world=(-4.2, 0.0, 2.2) screen=(390.0698, 234.4085)
E2E ▶ automap
[Click] world=(-2.499998, 0.0, 2.500002) cell=(-3, 2)
[Skill] 참격 → mp 46/50
[Dev] item 화염부 world=(32.5, 0.0, 70.5) screen=(-922.3148, 3077.184)
[Dev] item 빙결부 world=(33.5, 0.0, 69.5) screen=(-829.7484, 3077.184)
[Field] deulnyeok seed=355022911 128x128 props=2252 packs=18 enemies=74 waypoint=(62, 65) roster=bandit,bat,talisman_master elites=["13:파란×4@구간3"]
[Audio] BGM dungeon → dungeon_2.ogg
[Save] level 못골 들녘 → user://save_e2e.json (C:/Users/FORYOUCOM/AppData/Roaming/Godot/app_userdata/Joseon Hunters/wt/codex-96-boss-opening-cutin/save_e2e.json)
[Dev] stairs Down_cave dir=1 world=(88.5, 0.0, 3.5) screen=(7212.236, 897.1014)
[Dev] interact Waypoint world=(62.5, 0.0, 65.5) screen=(3139.301, 1810.974)
[Dev] interact FloorItem world=(32.5, 0.0, 70.5) screen=(1519.384, 1142.938)
[Dev] interact @Area3D@3820 world=(33.5, 0.0, 69.5) screen=(1611.95, 1142.938)
[Dev] interact PusJar world=(95.5, 0.0, 103.5) screen=(2907.884, 3708.197)
[Dev] interact @Area3D@3967 world=(101.5, 0.0, 105.5) screen=(3093.018, 3921.969)
[Dev] interact @Area3D@3968 world=(98.5, 0.0, 107.5) screen=(2861.601, 3895.247)
[Dev] interact LootChest world=(27.5, 0.0, 70.5) screen=(1287.967, 1009.331)
[Dev] interact @Area3D@3969 world=(94.5, 0.0, 100.5) screen=(3000.451, 3601.312)
[Dev] interact @Area3D@3970 world=(55.5, 0.0, 52.5) screen=(3417.001, 1276.545)
[Dev] interact LootPot world=(46.5, 0.0, 68.5) screen=(2259.917, 1463.595)
[Dev] interact @Area3D@3971 world=(73.5, 0.0, 47.5) screen=(4481.519, 1623.924)
[Dev] interact @Area3D@3972 world=(90.5, 0.0, 47.5) screen=(5268.335, 2078.189)
[Dev] interact @Area3D@3973 world=(111.5, 0.0, 49.5) screen=(6147.719, 2692.782)
[Dev] interact @Area3D@3974 world=(101.5, 0.0, 101.5) screen=(3278.151, 3815.083)
[Dev] interact @Area3D@3975 world=(86.5, 0.0, 76.5) screen=(3740.984, 2746.225)
[Dev] interact @Area3D@3976 world=(53.5, 0.0, 52.5) screen=(3324.434, 1223.102)
[Dev] interact @Area3D@3977 world=(87.5, 0.0, 95.5) screen=(2907.884, 3280.654)
[Dev] interact @Area3D@3978 world=(26.5, 0.0, 66.5) screen=(1426.817, 875.7234)
[Dev] interact @Area3D@3979 world=(17.5, 0.0, 60.5) screen=(1287.967, 474.9016)
[Dev] interact @Area3D@3980 world=(86.5, 0.0, 22.5) screen=(6240.286, 1303.266)
[Dev] interact @Area3D@3981 world=(59.5, 0.0, 65.5) screen=(3000.451, 1730.81)
[Dev] interact @Area3D@3982 world=(18.5, 0.0, 74.5) screen=(686.2832, 875.7234)
[Dev] interact @Area3D@3983 world=(44.5, 0.0, 69.5) screen=(2121.067, 1436.874)
[Dev] interact @Area3D@3984 world=(73.5, 0.0, 49.5) screen=(4388.952, 1677.367)
[Dev] interact @Area3D@3985 world=(88.5, 0.0, 52.5) screen=(4944.352, 2158.353)
[Dev] removed 74 enemies
[Click] world=(88.5, 0.0, 3.500002) cell=(88, 3)
[Dungeon] heukrang_gul 1층 lv=2 seed=403727558 gen 64x64 rooms=6 up=(44, 56) down=(7, 23) enemies=20 roster=bandit,bat,talisman_master elites=["방2:금색×3(깊이 0.50)"] named=-
[Quest] heukrang_gul 1층 — 싹쓸이 셈 시작 20 (heukrang_clear:none)
[Save] level 흑랑 굴 1층 → user://save_e2e.json (C:/Users/FORYOUCOM/AppData/Roaming/Godot/app_userdata/Joseon Hunters/wt/codex-96-boss-opening-cutin/save_e2e.json)
[Dev] stairs StairsUp dir=-1 world=(44.5, 0.0, 56.5) screen=(593.7165, 335.9509)
[Dev] stairs StairsDown dir=1 world=(7.5, 0.0, 23.5) screen=(408.583, -1534.551)
[Dev] interact PusJar world=(29.5, 0.0, 42.5) screen=(547.433, -487.0705)
[Dev] interact @Area3D@4168 world=(14.5, 0.0, 24.5) screen=(686.2831, -1368.878)
[Dev] interact @Area3D@4169 world=(23.5, 0.0, 18.5) screen=(1380.534, -1288.714)
[Dev] interact LootChest world=(29.5, 0.0, 39.5) screen=(686.2831, -567.2349)
[Dev] interact @Area3D@4170 world=(40.5, 0.0, 38.5) screen=(1241.683, -300.0204)
[Dev] interact LootPot world=(21.5, 0.0, 43.5) screen=(130.8828, -674.1207)
[Dev] interact @Area3D@4171 world=(22.5, 0.0, 44.5) screen=(130.8829, -620.6779)
[Dev] interact @Area3D@4172 world=(19.5, 0.0, 9.5) screen=(1611.95, -1636.093)
[Dev] interact @Area3D@4173 world=(20.5, 0.0, 9.5) screen=(1658.234, -1609.372)
[Dev] interact @Area3D@4174 world=(44.5, 0.0, 51.5) screen=(825.1333, 154.2443)
[Dev] interact @Area3D@4175 world=(44.5, 0.0, 52.5) screen=(778.8499, 180.9657)
[Dev] interact @Area3D@4176 world=(21.5, 0.0, 39.5) screen=(316.0163, -781.0065)
[Dev] removed 20 enemies
[Click] world=(40.5, 0.0, 55.5) cell=(40, 55)
[Click] world=(36.3755, 0.0, 54.49973) cell=(36, 54)
[Click] world=(35.40311, 0.0, 50.43536) cell=(35, 50)
[Click] world=(35.49175, 0.0, 46.37906) cell=(35, 46)
[Click] world=(31.49943, 0.0, 43.37448) cell=(31, 43)
[Click] world=(27.38571, 0.0, 44.45407) cell=(27, 44)
[Click] world=(23.40178, 0.0, 48.56307) cell=(23, 48)
[Dungeon] heukrang_gul 2층 lv=3 seed=3189434797 preset 28x28 rooms=2 up=(22, 23) down=(-1, -1) enemies=2 roster=bat elites=[] named=-
[Audio] BGM boss → boss.ogg
[Save] level 흑랑 굴 2층 → user://save_e2e.json (C:/Users/FORYOUCOM/AppData/Roaming/Godot/app_userdata/Joseon Hunters/wt/codex-96-boss-opening-cutin/save_e2e.json)
[Dev] stairs StairsUp dir=-1 world=(22.5, 0.0, 23.5) screen=(593.7167, 335.9507)
[Dev] near boss hp=195/195
[Dev] item 화염부 world=(32.5, 0.0, 70.5) screen=(-1211.334, 2590.025)
[Dev] item 빙결부 world=(33.5, 0.0, 69.5) screen=(-1118.768, 2590.025)
[Field] deulnyeok seed=355022911 128x128 props=2252 packs=18 enemies=74 waypoint=(62, 65) roster=bandit,bat,talisman_master elites=["13:파란×4@구간3"]
[Audio] BGM dungeon → dungeon_3.ogg
[Save] level 못골 들녘 → user://save_e2e.json (C:/Users/FORYOUCOM/AppData/Roaming/Godot/app_userdata/Joseon Hunters/wt/codex-96-boss-opening-cutin/save_e2e.json)
[Dev] stairs Down_cave dir=1 world=(88.5, 0.0, 3.5) screen=(7212.236, 897.1014)
[Dev] interact Waypoint world=(62.5, 0.0, 65.5) screen=(3139.301, 1810.974)
[Dev] interact FloorItem world=(32.5, 0.0, 70.5) screen=(1519.384, 1142.938)
[Dev] interact @Area3D@4747 world=(33.5, 0.0, 69.5) screen=(1611.95, 1142.938)
[Dev] interact PusJar world=(95.5, 0.0, 103.5) screen=(2907.884, 3708.197)
[Dev] interact @Area3D@4894 world=(101.5, 0.0, 105.5) screen=(3093.018, 3921.969)
[Dev] interact @Area3D@4895 world=(98.5, 0.0, 107.5) screen=(2861.601, 3895.247)
[Dev] interact LootChest world=(27.5, 0.0, 70.5) screen=(1287.967, 1009.331)
[Dev] interact @Area3D@4896 world=(94.5, 0.0, 100.5) screen=(3000.451, 3601.312)
[Dev] interact @Area3D@4897 world=(55.5, 0.0, 52.5) screen=(3417.001, 1276.545)
[Dev] interact LootPot world=(46.5, 0.0, 68.5) screen=(2259.917, 1463.595)
[Dev] interact @Area3D@4898 world=(73.5, 0.0, 47.5) screen=(4481.519, 1623.924)
[Dev] interact @Area3D@4899 world=(90.5, 0.0, 47.5) screen=(5268.335, 2078.189)
[Dev] interact @Area3D@4900 world=(111.5, 0.0, 49.5) screen=(6147.719, 2692.782)
[Dev] interact @Area3D@4901 world=(101.5, 0.0, 101.5) screen=(3278.151, 3815.083)
[Dev] interact @Area3D@4902 world=(86.5, 0.0, 76.5) screen=(3740.984, 2746.225)
[Dev] interact @Area3D@4903 world=(53.5, 0.0, 52.5) screen=(3324.434, 1223.102)
[Dev] interact @Area3D@4904 world=(87.5, 0.0, 95.5) screen=(2907.884, 3280.654)
[Dev] interact @Area3D@4905 world=(26.5, 0.0, 66.5) screen=(1426.817, 875.7234)
[Dev] interact @Area3D@4906 world=(17.5, 0.0, 60.5) screen=(1287.967, 474.9016)
[Dev] interact @Area3D@4907 world=(86.5, 0.0, 22.5) screen=(6240.286, 1303.266)
[Dev] interact @Area3D@4908 world=(59.5, 0.0, 65.5) screen=(3000.451, 1730.81)
[Dev] interact @Area3D@4909 world=(18.5, 0.0, 74.5) screen=(686.2832, 875.7234)
[Dev] interact @Area3D@4910 world=(44.5, 0.0, 69.5) screen=(2121.067, 1436.874)
[Dev] interact @Area3D@4911 world=(73.5, 0.0, 49.5) screen=(4388.952, 1677.367)
[Dev] interact @Area3D@4912 world=(88.5, 0.0, 52.5) screen=(4944.352, 2158.353)
[Dev] item 화염부 world=(32.5, 0.0, 70.5) screen=(1519.384, 1172.353)
[Dev] item 빙결부 world=(33.5, 0.0, 69.5) screen=(1611.95, 1172.353)
[Field] deulnyeok seed=2003693712 128x128 props=2327 packs=16 enemies=58 waypoint=(60, 60) roster=bandit,bat,talisman_master elites=["15:금색×3@구간3"]
[Save] level 못골 들녘 → user://save_e2e.json (C:/Users/FORYOUCOM/AppData/Roaming/Godot/app_userdata/Joseon Hunters/wt/codex-96-boss-opening-cutin/save_e2e.json)
[Dev] stairs Down_cave dir=1 world=(88.5, 0.0, 3.5) screen=(7212.236, 897.1014)
[Dev] interact Waypoint world=(60.5, 0.0, 60.5) screen=(3278.151, 1623.924)
[Dev] interact FloorItem world=(32.5, 0.0, 70.5) screen=(1519.384, 1142.938)
[Dev] interact @Area3D@5412 world=(33.5, 0.0, 69.5) screen=(1611.95, 1142.938)
[Dev] interact PusJar world=(95.5, 0.0, 103.5) screen=(2907.884, 3708.197)
[Dev] interact @Area3D@5525 world=(101.5, 0.0, 105.5) screen=(3093.018, 3921.969)
[Dev] interact @Area3D@5526 world=(98.5, 0.0, 107.5) screen=(2861.601, 3895.247)
[Dev] interact LootChest world=(30.5, 0.0, 71.5) screen=(1380.534, 1116.216)
[Dev] interact @Area3D@5527 world=(96.5, 0.0, 101.5) screen=(3046.734, 3681.476)
[Dev] interact @Area3D@5528 world=(63.5, 0.0, 73.5) screen=(2815.317, 2051.467)
[Dev] interact @Area3D@5529 world=(96.5, 0.0, 11.5) screen=(7212.236, 1276.545)
[Dev] interact LootPot world=(94.5, 0.0, 14.5) screen=(6980.82, 1303.267)
[Dev] interact @Area3D@5530 world=(13.5, 0.0, 64.5) screen=(917.6999, 474.9017)
[Dev] interact @Area3D@5531 world=(27.5, 0.0, 71.5) screen=(1241.683, 1036.052)
[Dev] interact @Area3D@5532 world=(78.5, 0.0, 21.5) screen=(5916.303, 1062.774)
[Dev] interact @Area3D@5533 world=(95.5, 0.0, 47.5) screen=(5499.752, 2211.796)
[Dev] interact @Area3D@5534 world=(24.5, 0.0, 59.5) screen=(1658.234, 635.2303)
[Dev] interact @Area3D@5535 world=(104.5, 0.0, 35.5) screen=(6471.703, 2131.632)
[Dev] interact @Area3D@5536 world=(62.5, 0.0, 67.5) screen=(3046.734, 1864.417)
[Dev] interact @Area3D@5537 world=(61.5, 0.0, 65.5) screen=(3093.018, 1784.253)
[Dev] interact @Area3D@5538 world=(62.5, 0.0, 37.5) screen=(4435.235, 1062.774)
[Dev] interact @Area3D@5539 world=(82.5, 0.0, 71.5) screen=(3787.268, 2505.732)
[Dev] interact @Area3D@5540 world=(81.5, 0.0, 47.5) screen=(4851.785, 1837.695)
[Dev] interact @Area3D@5541 world=(94.5, 0.0, 100.5) screen=(3000.451, 3601.312)
[Dev] interact @Area3D@5542 world=(96.5, 0.0, 13.5) screen=(7119.67, 1329.988)
[Audio] BGM town → town.ogg
[Save] level 못골 마을 → user://save_e2e.json (C:/Users/FORYOUCOM/AppData/Roaming/Godot/app_userdata/Joseon Hunters/wt/codex-96-boss-opening-cutin/save_e2e.json)
[Dev] stairs DungeonEntrance dir=1 world=(0.0, 0.0, -31.0) screen=(2121.067, -492.4143)
[Dev] interact Merchant world=(5.4, 0.0, -2.4) screen=(1047.293, 368.0158)
[Dev] interact Shaman world=(-5.6, 0.0, 0.4) screen=(408.5833, 148.8999)
[Dev] interact Elder world=(2.0, 0.0, -5.6) screen=(1038.037, 191.6542)
[Dev] interact Waypoint world=(-4.2, 0.0, 2.2) screen=(390.0698, 234.4085)
E2E automap PASS (검사 50)
[Save] level 못골 마을 → user://save_e2e.json (C:/Users/FORYOUCOM/AppData/Roaming/Godot/app_userdata/Joseon Hunters/wt/codex-96-boss-opening-cutin/save_e2e.json)
[Dev] stairs DungeonEntrance dir=1 world=(0.0, 0.0, -31.0) screen=(2121.067, -492.4143)
[Dev] interact Merchant world=(5.4, 0.0, -2.4) screen=(1047.293, 368.0158)
[Dev] interact Shaman world=(-5.6, 0.0, 0.4) screen=(408.5833, 148.8999)
[Dev] interact Elder world=(2.0, 0.0, -5.6) screen=(1038.037, 191.6542)
[Dev] interact Waypoint world=(-4.2, 0.0, 2.2) screen=(390.0698, 234.4085)
E2E ▶ pickup_equip
[Dev] item 장검 world=(1.9, 0.0, 1.0) screen=(727.9384, 397.4098)
[Dev] item 누비옷 world=(1.711841, 0.0, 1.824379) screen=(681.0747, 414.4106)
[Dev] item 짚신 world=(1.184631, 0.0, 2.48548) screen=(626.0757, 417.9883)
[Dev] item 은가락지 world=(0.42279, 0.0, 2.852363) screen=(573.8345, 407.4345)
[Dev] item 탕약 — 쌍화탕 world=(-0.42279, 0.0, 2.852363) screen=(534.6982, 384.8393)
[Dev] item 식별부 world=(-1.184631, 0.0, 2.48548) screen=(516.4183, 354.6782)
[Dev] item 무명띠 world=(-1.711841, 0.0, 1.824379) screen=(522.6152, 322.9248)
[Dev] item 엽전 world=(-1.9, 0.0, 1.0) screen=(552.0616, 295.8683)
[Dungeon] heukrang_gul 1층 lv=2 seed=403727558 gen 64x64 rooms=6 up=(44, 56) down=(7, 23) enemies=20 roster=bandit,bat,talisman_master elites=["방2:금색×3(깊이 0.50)"] named=-
[Quest] heukrang_gul 1층 — 싹쓸이 셈 시작 20 (heukrang_clear:none)
[Audio] BGM dungeon → dungeon_1.ogg
[Save] level 흑랑 굴 1층 → user://save_e2e.json (C:/Users/FORYOUCOM/AppData/Roaming/Godot/app_userdata/Joseon Hunters/wt/codex-96-boss-opening-cutin/save_e2e.json)
[Dev] stairs StairsUp dir=-1 world=(44.5, 0.0, 56.5) screen=(593.7165, 335.9509)
[Dev] stairs StairsDown dir=1 world=(7.5, 0.0, 23.5) screen=(408.583, -1534.551)
[Dev] interact PusJar world=(29.5, 0.0, 42.5) screen=(547.433, -487.0705)
[Dev] interact @Area3D@6049 world=(14.5, 0.0, 24.5) screen=(686.2831, -1368.878)
[Dev] interact @Area3D@6050 world=(23.5, 0.0, 18.5) screen=(1380.534, -1288.714)
[Dev] interact LootChest world=(29.5, 0.0, 39.5) screen=(686.2831, -567.2349)
[Dev] interact @Area3D@6051 world=(40.5, 0.0, 38.5) screen=(1241.683, -300.0204)
[Dev] interact LootPot world=(21.5, 0.0, 43.5) screen=(130.8828, -674.1207)
[Dev] interact @Area3D@6052 world=(22.5, 0.0, 44.5) screen=(130.8829, -620.6779)
[Dev] interact @Area3D@6053 world=(19.5, 0.0, 9.5) screen=(1611.95, -1636.093)
[Dev] interact @Area3D@6054 world=(20.5, 0.0, 9.5) screen=(1658.234, -1609.372)
[Dev] interact @Area3D@6055 world=(44.5, 0.0, 51.5) screen=(825.1333, 154.2443)
[Dev] interact @Area3D@6056 world=(44.5, 0.0, 52.5) screen=(778.8499, 180.9657)
[Dev] interact @Area3D@6057 world=(21.5, 0.0, 39.5) screen=(316.0163, -781.0065)
[Dev] removed 20 enemies
[Dev] item 환도 world=(46.9, 0.0, 57.1) screen=(677.0266, 397.4309)
[Click] world=(46.9, 0.642096, 57.1) cell=(46, 57)
[Dev] item 은가락지 world=(47.12893, 0.000391, 57.18382) screen=(649.5344, 389.4235)
[Dev] item 탕약 — 쌍화탕 world=(47.12893, 0.000391, 57.18382) screen=(638.7214, 389.3946)
E2E pickup_equip PASS (검사 37)
[Audio] BGM town → town.ogg
[Save] level 못골 마을 → user://save_e2e.json (C:/Users/FORYOUCOM/AppData/Roaming/Godot/app_userdata/Joseon Hunters/wt/codex-96-boss-opening-cutin/save_e2e.json)
[Dev] stairs DungeonEntrance dir=1 world=(0.0, 0.0, -31.0) screen=(2121.067, -492.4143)
[Dev] interact Merchant world=(5.4, 0.0, -2.4) screen=(1047.293, 368.0158)
[Dev] interact Shaman world=(-5.6, 0.0, 0.4) screen=(408.5833, 148.8999)
[Dev] interact Elder world=(2.0, 0.0, -5.6) screen=(1038.037, 191.6542)
[Dev] interact Waypoint world=(-4.2, 0.0, 2.2) screen=(390.0698, 234.4085)
E2E ▶ equipment_ui
E2E equipment_ui PASS (검사 33)
[Save] level 못골 마을 → user://save_e2e.json (C:/Users/FORYOUCOM/AppData/Roaming/Godot/app_userdata/Joseon Hunters/wt/codex-96-boss-opening-cutin/save_e2e.json)
[Dev] stairs DungeonEntrance dir=1 world=(0.0, 0.0, -31.0) screen=(2121.067, -492.4143)
[Dev] interact Merchant world=(5.4, 0.0, -2.4) screen=(1047.293, 368.0158)
[Dev] interact Shaman world=(-5.6, 0.0, 0.4) screen=(408.5833, 148.8999)
[Dev] interact Elder world=(2.0, 0.0, -5.6) screen=(1038.037, 191.6542)
[Dev] interact Waypoint world=(-4.2, 0.0, 2.2) screen=(390.0698, 234.4085)
E2E ▶ inactive_gear
[Dungeon] heukrang_gul 1층 lv=2 seed=403727558 gen 64x64 rooms=6 up=(44, 56) down=(7, 23) enemies=20 roster=bandit,bat,talisman_master elites=["방2:금색×3(깊이 0.50)"] named=-
[Quest] heukrang_gul 1층 — 싹쓸이 셈 시작 20 (heukrang_clear:none)
[Audio] BGM dungeon → dungeon_2.ogg
[Save] level 흑랑 굴 1층 → user://save_e2e.json (C:/Users/FORYOUCOM/AppData/Roaming/Godot/app_userdata/Joseon Hunters/wt/codex-96-boss-opening-cutin/save_e2e.json)
[Dev] stairs StairsUp dir=-1 world=(44.5, 0.0, 56.5) screen=(593.7165, 335.9509)
[Dev] stairs StairsDown dir=1 world=(7.5, 0.0, 23.5) screen=(408.583, -1534.551)
[Dev] interact PusJar world=(29.5, 0.0, 42.5) screen=(547.433, -487.0705)
[Dev] interact @Area3D@6558 world=(14.5, 0.0, 24.5) screen=(686.2831, -1368.878)
[Dev] interact @Area3D@6559 world=(23.5, 0.0, 18.5) screen=(1380.534, -1288.714)
[Dev] interact LootChest world=(29.5, 0.0, 39.5) screen=(686.2831, -567.2349)
[Dev] interact @Area3D@6560 world=(40.5, 0.0, 38.5) screen=(1241.683, -300.0204)
[Dev] interact LootPot world=(21.5, 0.0, 43.5) screen=(130.8828, -674.1207)
[Dev] interact @Area3D@6561 world=(22.5, 0.0, 44.5) screen=(130.8829, -620.6779)
[Dev] interact @Area3D@6562 world=(19.5, 0.0, 9.5) screen=(1611.95, -1636.093)
[Dev] interact @Area3D@6563 world=(20.5, 0.0, 9.5) screen=(1658.234, -1609.372)
[Dev] interact @Area3D@6564 world=(44.5, 0.0, 51.5) screen=(825.1333, 154.2443)
[Dev] interact @Area3D@6565 world=(44.5, 0.0, 52.5) screen=(778.8499, 180.9657)
[Dev] interact @Area3D@6566 world=(21.5, 0.0, 39.5) screen=(316.0163, -781.0065)
[Dev] removed 20 enemies
  · 툴팁 줄 [name] 장검
  · 툴팁 줄 [base] 피해 8~14
  · 툴팁 줄 [base] 공격 속도 느림
  · 툴팁 줄 [req] 요구 레벨 5
  · 툴팁 줄 [req] 요구 힘 30
  · 툴팁 줄 [inactive] 요구치 부족 — 꺼짐
  · 툴팁 줄 [hint] 좌클릭: 벗어서 들기
  · 툴팁 줄 [hint] 우클릭 / Shift+클릭: 가방으로 벗기
[Save] e2e #427 → user://save_e2e.json (C:/Users/FORYOUCOM/AppData/Roaming/Godot/app_userdata/Joseon Hunters/wt/codex-96-boss-opening-cutin/save_e2e.json)
[Load] lv=5 gold=0 flags={ "opening_pending": false, "quest": { "heukrang_clear": { "state": "none", "left": 20, "barked": false } } } portal=<null> wps=[]
[Dungeon] heukrang_gul 1층 lv=2 seed=403727558 gen 64x64 rooms=6 up=(44, 56) down=(7, 23) enemies=20 roster=bandit,bat,talisman_master elites=["방2:금색×3(깊이 0.50)"] named=-
[Quest] heukrang_gul 1층 — 싹쓸이 셈 시작 20 (heukrang_clear:none)
[Save] level 흑랑 굴 1층 → user://save_e2e.json (C:/Users/FORYOUCOM/AppData/Roaming/Godot/app_userdata/Joseon Hunters/wt/codex-96-boss-opening-cutin/save_e2e.json)
[Dev] stairs StairsUp dir=-1 world=(44.5, 0.0, 56.5) screen=(593.7165, 335.9509)
[Dev] stairs StairsDown dir=1 world=(7.5, 0.0, 23.5) screen=(408.583, -1534.551)
[Dev] interact PusJar world=(29.5, 0.0, 42.5) screen=(547.433, -487.0705)
[Dev] interact @Area3D@6751 world=(14.5, 0.0, 24.5) screen=(686.2831, -1368.878)
[Dev] interact @Area3D@6752 world=(23.5, 0.0, 18.5) screen=(1380.534, -1288.714)
[Dev] interact LootChest world=(29.5, 0.0, 39.5) screen=(686.2831, -567.2349)
[Dev] interact @Area3D@6753 world=(40.5, 0.0, 38.5) screen=(1241.683, -300.0204)
[Dev] interact LootPot world=(21.5, 0.0, 43.5) screen=(130.8828, -674.1207)
[Dev] interact @Area3D@6754 world=(22.5, 0.0, 44.5) screen=(130.8829, -620.6779)
[Dev] interact @Area3D@6755 world=(19.5, 0.0, 9.5) screen=(1611.95, -1636.093)
[Dev] interact @Area3D@6756 world=(20.5, 0.0, 9.5) screen=(1658.234, -1609.372)
[Dev] interact @Area3D@6757 world=(44.5, 0.0, 51.5) screen=(825.1333, 154.2443)
[Dev] interact @Area3D@6758 world=(44.5, 0.0, 52.5) screen=(778.8499, 180.9657)
[Dev] interact @Area3D@6759 world=(21.5, 0.0, 39.5) screen=(316.0163, -781.0065)
[Dev] item 화염부 world=(32.5, 0.0, 70.5) screen=(-609.6509, 370.7094)
[Dev] item 빙결부 world=(33.5, 0.0, 69.5) screen=(-517.084, 370.7095)
[Field] deulnyeok seed=355022911 128x128 props=2252 packs=18 enemies=74 waypoint=(62, 65) roster=bandit,bat,talisman_master elites=["13:파란×4@구간3"]
[Save] level 못골 들녘 → user://save_e2e.json (C:/Users/FORYOUCOM/AppData/Roaming/Godot/app_userdata/Joseon Hunters/wt/codex-96-boss-opening-cutin/save_e2e.json)
[Dev] stairs Down_cave dir=1 world=(88.5, 0.0, 3.5) screen=(7212.236, 897.1014)
[Dev] interact Waypoint world=(62.5, 0.0, 65.5) screen=(3139.301, 1810.974)
[Dev] interact FloorItem world=(32.5, 0.0, 70.5) screen=(1519.384, 1142.938)
[Dev] interact @Area3D@7261 world=(33.5, 0.0, 69.5) screen=(1611.95, 1142.938)
[Dev] interact PusJar world=(95.5, 0.0, 103.5) screen=(2907.884, 3708.197)
[Dev] interact @Area3D@7408 world=(101.5, 0.0, 105.5) screen=(3093.018, 3921.969)
[Dev] interact @Area3D@7409 world=(98.5, 0.0, 107.5) screen=(2861.601, 3895.247)
[Dev] interact LootChest world=(27.5, 0.0, 70.5) screen=(1287.967, 1009.331)
[Dev] interact @Area3D@7410 world=(94.5, 0.0, 100.5) screen=(3000.451, 3601.312)
[Dev] interact @Area3D@7411 world=(55.5, 0.0, 52.5) screen=(3417.001, 1276.545)
[Dev] interact LootPot world=(46.5, 0.0, 68.5) screen=(2259.917, 1463.595)
[Dev] interact @Area3D@7412 world=(73.5, 0.0, 47.5) screen=(4481.519, 1623.924)
[Dev] interact @Area3D@7413 world=(90.5, 0.0, 47.5) screen=(5268.335, 2078.189)
[Dev] interact @Area3D@7414 world=(111.5, 0.0, 49.5) screen=(6147.719, 2692.782)
[Dev] interact @Area3D@7415 world=(101.5, 0.0, 101.5) screen=(3278.151, 3815.083)
[Dev] interact @Area3D@7416 world=(86.5, 0.0, 76.5) screen=(3740.984, 2746.225)
[Dev] interact @Area3D@7417 world=(53.5, 0.0, 52.5) screen=(3324.434, 1223.102)
[Dev] interact @Area3D@7418 world=(87.5, 0.0, 95.5) screen=(2907.884, 3280.654)
[Dev] interact @Area3D@7419 world=(26.5, 0.0, 66.5) screen=(1426.817, 875.7234)
[Dev] interact @Area3D@7420 world=(17.5, 0.0, 60.5) screen=(1287.967, 474.9016)
[Dev] interact @Area3D@7421 world=(86.5, 0.0, 22.5) screen=(6240.286, 1303.266)
[Dev] interact @Area3D@7422 world=(59.5, 0.0, 65.5) screen=(3000.451, 1730.81)
[Dev] interact @Area3D@7423 world=(18.5, 0.0, 74.5) screen=(686.2832, 875.7234)
[Dev] interact @Area3D@7424 world=(44.5, 0.0, 69.5) screen=(2121.067, 1436.874)
[Dev] interact @Area3D@7425 world=(73.5, 0.0, 49.5) screen=(4388.952, 1677.367)
[Dev] interact @Area3D@7426 world=(88.5, 0.0, 52.5) screen=(4944.352, 2158.353)
[Dev] removed 74 enemies
[Dev] item 목검 world=(8.3, 0.0, 65.3) screen=(639.9997, 386.7424)
[Dev] drop wooden_sword rarity=0 superior=false ilvl=1 affixes=[]
[Dev] item 무명 도포 world=(111.3, 0.0, 86.3) screen=(3618.329, 2987.346)
[Dev] drop cotton_dopo rarity=0 superior=false ilvl=3 affixes=[]
[Audio] BGM town → town.ogg
[Save] level 못골 마을 → user://save_e2e.json (C:/Users/FORYOUCOM/AppData/Roaming/Godot/app_userdata/Joseon Hunters/wt/codex-96-boss-opening-cutin/save_e2e.json)
[Dev] stairs DungeonEntrance dir=1 world=(0.0, 0.0, -31.0) screen=(2121.067, -492.4143)
[Dev] interact Merchant world=(5.4, 0.0, -2.4) screen=(1047.293, 368.0158)
[Dev] interact Shaman world=(-5.6, 0.0, 0.4) screen=(408.5833, 148.8999)
[Dev] interact Elder world=(2.0, 0.0, -5.6) screen=(1038.037, 191.6542)
[Dev] interact Waypoint world=(-4.2, 0.0, 2.2) screen=(390.0698, 234.4085)
  · 좌판 ilvl — 못골 들녘 1회차: 무리 레벨 1~3 · max_area_level 3 · 좌판 장비 ilvl [3, 3, 3, 3] · dev G ilvl 들머리 1 / 끝 무리 3
[Field] jeongnyeongjae seed=3599041059 128x176 props=2821 packs=13 enemies=72 waypoint=(61, 66) roster=hwajeok,vampire_bat,lightning_master | hwajeok,hollin_yeogung_bow,gaekgwi elites=["8:금색×3@구간2", "10:금색×3@구간3"]
[Audio] BGM dungeon → dungeon_4.ogg
[Save] level 정령재 → user://save_e2e.json (C:/Users/FORYOUCOM/AppData/Roaming/Godot/app_userdata/Joseon Hunters/wt/codex-96-boss-opening-cutin/save_e2e.json)
[Dev] stairs Down_cave dir=1 world=(60.5, 0.0, 3.5) screen=(9896.671, -2149.144)
[Dev] stairs Down_mine dir=1 world=(125.5, 0.0, 70.5) screen=(9804.104, 1378.087)
[Dev] interact Waypoint world=(61.5, 0.0, 66.5) screen=(7027.103, -487.0706)
[Dev] interact LootChest world=(5.5, 0.0, 141.5) screen=(963.9833, 20.637)
[Dev] interact @Area3D@8957 world=(26.5, 0.0, 123.5) screen=(2769.034, 100.8014)
[Dev] interact @Area3D@8958 world=(61.5, 0.0, 88.5) screen=(6008.868, 100.8013)
[Dev] interact @Area3D@8959 world=(82.5, 0.0, 48.5) screen=(8832.153, -406.9061)
[Dev] interact LootPot world=(70.5, 0.0, 9.5) screen=(10081.8, -1769.7)
[Dev] interact @Area3D@8960 world=(59.5, 0.0, 82.5) screen=(6194.002, -112.9702)
[Dev] interact @Area3D@8961 world=(39.5, 0.0, 58.5) screen=(6379.136, -1288.714)
[Dev] interact @Area3D@8962 world=(32.5, 0.0, 37.5) screen=(7027.103, -2036.915)
[Dev] interact @Area3D@8963 world=(30.5, 0.0, 123.5) screen=(2954.168, 207.6872)
[Dev] interact @Area3D@8964 world=(96.5, 0.0, 125.5) screen=(5916.303, 2024.746)
[Dev] interact @Area3D@8965 world=(89.5, 0.0, 59.5) screen=(8647.021, 74.08006)
[Dev] interact @Area3D@8966 world=(22.5, 0.0, 41.5) screen=(6379.136, -2197.243)
[Dev] interact @Area3D@8967 world=(56.5, 0.0, 51.5) screen=(7489.937, -1021.5)
[Dev] interact @Area3D@8968 world=(7.5, 0.0, 142.5) screen=(1010.267, 100.8013)
[Dev] interact @Area3D@8969 world=(101.5, 0.0, 72.5) screen=(8600.737, 742.1163)
[Dev] interact @Area3D@8970 world=(77.5, 0.0, 34.5) screen=(9248.703, -914.6136)
[Dev] removed 72 enemies
[Dev] item 미식별 무명옷 world=(8.3, 0.0, 151.3) screen=(639.9997, 386.7424)
[Dev] drop cotton_robe rarity=1 superior=false ilvl=4 affixes=[{ "id": "nimble", "v": 8.0 }, { "id": "of_spring", "v": 0.5 }]
[Dev] item 미식별 짚신 world=(77.3, 0.0, 39.3) screen=(7145.973, -505.2206)
[Dev] drop straw_shoes rarity=1 superior=false ilvl=7 affixes=[{ "id": "stout", "v": 4.0 }, { "id": "of_wind", "v": 8.0 }]
[Audio] BGM town → town.ogg
[Save] level 못골 마을 → user://save_e2e.json (C:/Users/FORYOUCOM/AppData/Roaming/Godot/app_userdata/Joseon Hunters/wt/codex-96-boss-opening-cutin/save_e2e.json)
[Dev] stairs DungeonEntrance dir=1 world=(0.0, 0.0, -31.0) screen=(2121.067, -492.4143)
[Dev] interact Merchant world=(5.4, 0.0, -2.4) screen=(1047.293, 368.0158)
[Dev] interact Shaman world=(-5.6, 0.0, 0.4) screen=(408.5833, 148.8999)
[Dev] interact Elder world=(2.0, 0.0, -5.6) screen=(1038.037, 191.6542)
[Dev] interact Waypoint world=(-4.2, 0.0, 2.2) screen=(390.0698, 234.4085)
  · 좌판 ilvl — 정령재 1회차: 무리 레벨 4~7 · max_area_level 7 · 좌판 장비 ilvl [7, 7, 7, 7] · dev G ilvl 들머리 4 / 끝 무리 7
[Field] jeongnyeongjae seed=3599041059 128x176 props=2821 packs=13 enemies=68 waypoint=(61, 66) roster=hwajeok,vampire_bat,locust | hwajeok,vampire_bat,hollin_yeogung_bow elites=["7:파란×3@구간2", "12:금색×4@구간3", "5:파란×4@구간2"]
[Audio] BGM dungeon → dungeon_3.ogg
[Save] level 정령재 → user://save_e2e.json (C:/Users/FORYOUCOM/AppData/Roaming/Godot/app_userdata/Joseon Hunters/wt/codex-96-boss-opening-cutin/save_e2e.json)
[Dev] stairs Down_cave dir=1 world=(60.5, 0.0, 3.5) screen=(9896.671, -2149.144)
[Dev] stairs Down_mine dir=1 world=(125.5, 0.0, 70.5) screen=(9804.104, 1378.087)
[Dev] interact Waypoint world=(61.5, 0.0, 66.5) screen=(7027.103, -487.0706)
[Dev] interact LootChest world=(5.5, 0.0, 141.5) screen=(963.9833, 20.637)
[Dev] interact @Area3D@10471 world=(26.5, 0.0, 123.5) screen=(2769.034, 100.8014)
[Dev] interact @Area3D@10472 world=(61.5, 0.0, 88.5) screen=(6008.868, 100.8013)
[Dev] interact @Area3D@10473 world=(82.5, 0.0, 48.5) screen=(8832.153, -406.9061)
[Dev] interact LootPot world=(70.5, 0.0, 9.5) screen=(10081.8, -1769.7)
[Dev] interact @Area3D@10474 world=(59.5, 0.0, 82.5) screen=(6194.002, -112.9702)
[Dev] interact @Area3D@10475 world=(39.5, 0.0, 58.5) screen=(6379.136, -1288.714)
[Dev] interact @Area3D@10476 world=(32.5, 0.0, 37.5) screen=(7027.103, -2036.915)
[Dev] interact @Area3D@10477 world=(30.5, 0.0, 123.5) screen=(2954.168, 207.6872)
[Dev] interact @Area3D@10478 world=(96.5, 0.0, 125.5) screen=(5916.303, 2024.746)
[Dev] interact @Area3D@10479 world=(89.5, 0.0, 59.5) screen=(8647.021, 74.08006)
[Dev] interact @Area3D@10480 world=(22.5, 0.0, 41.5) screen=(6379.136, -2197.243)
[Dev] interact @Area3D@10481 world=(56.5, 0.0, 51.5) screen=(7489.937, -1021.5)
[Dev] interact @Area3D@10482 world=(7.5, 0.0, 142.5) screen=(1010.267, 100.8013)
[Dev] interact @Area3D@10483 world=(101.5, 0.0, 72.5) screen=(8600.737, 742.1163)
[Dev] interact @Area3D@10484 world=(77.5, 0.0, 34.5) screen=(9248.703, -914.6136)
[Dev] removed 68 enemies
[Dev] item 미식별 옥패 world=(8.3, 0.0, 151.3) screen=(639.9997, 386.7424)
[Dev] drop jade_charm rarity=2 superior=false ilvl=16 affixes=[{ "id": "tal_t1", "v": 10.0 }, { "id": "of_crane", "v": 4.0 }, { "id": "of_tiger", "v": 4.0 }]
[Dev] item 미식별 짚신 world=(77.3, 0.0, 39.3) screen=(7243.035, -518.6716)
[Dev] drop straw_shoes rarity=1 superior=false ilvl=19 affixes=[{ "id": "of_sage", "v": 5.0 }, { "id": "eva_t3", "v": 18.0 }]
[Audio] BGM town → town.ogg
[Save] level 못골 마을 → user://save_e2e.json (C:/Users/FORYOUCOM/AppData/Roaming/Godot/app_userdata/Joseon Hunters/wt/codex-96-boss-opening-cutin/save_e2e.json)
[Dev] stairs DungeonEntrance dir=1 world=(0.0, 0.0, -31.0) screen=(2121.067, -492.4143)
[Dev] interact Merchant world=(5.4, 0.0, -2.4) screen=(1047.293, 368.0158)
[Dev] interact Shaman world=(-5.6, 0.0, 0.4) screen=(408.5833, 148.8999)
[Dev] interact Elder world=(2.0, 0.0, -5.6) screen=(1038.037, 191.6542)
[Dev] interact Waypoint world=(-4.2, 0.0, 2.2) screen=(390.0698, 234.4085)
  · 좌판 ilvl — 정령재 2회차: 무리 레벨 4~7 · max_area_level 7 · 좌판 장비 ilvl [19, 19, 19, 19] · dev G ilvl 들머리 16 / 끝 무리 19
E2E inactive_gear PASS (검사 50)
[Save] level 못골 마을 → user://save_e2e.json (C:/Users/FORYOUCOM/AppData/Roaming/Godot/app_userdata/Joseon Hunters/wt/codex-96-boss-opening-cutin/save_e2e.json)
[Dev] stairs DungeonEntrance dir=1 world=(0.0, 0.0, -31.0) screen=(2121.067, -492.4143)
[Dev] interact Merchant world=(5.4, 0.0, -2.4) screen=(1047.293, 368.0158)
[Dev] interact Shaman world=(-5.6, 0.0, 0.4) screen=(408.5833, 148.8999)
[Dev] interact Elder world=(2.0, 0.0, -5.6) screen=(1038.037, 191.6542)
[Dev] interact Waypoint world=(-4.2, 0.0, 2.2) screen=(390.0698, 234.4085)
E2E ▶ portal_roundtrip
[Dungeon] heukrang_gul 1층 lv=2 seed=403727558 gen 64x64 rooms=6 up=(44, 56) down=(7, 23) enemies=20 roster=bandit,bat,talisman_master elites=["방2:금색×3(깊이 0.50)"] named=-
[Quest] heukrang_gul 1층 — 싹쓸이 셈 시작 20 (heukrang_clear:none)
[Audio] BGM dungeon → dungeon_2.ogg
[Save] level 흑랑 굴 1층 → user://save_e2e.json (C:/Users/FORYOUCOM/AppData/Roaming/Godot/app_userdata/Joseon Hunters/wt/codex-96-boss-opening-cutin/save_e2e.json)
[Dev] stairs StairsUp dir=-1 world=(44.5, 0.0, 56.5) screen=(593.7165, 335.9509)
[Dev] stairs StairsDown dir=1 world=(7.5, 0.0, 23.5) screen=(408.583, -1534.551)
[Dev] interact PusJar world=(29.5, 0.0, 42.5) screen=(547.433, -487.0705)
[Dev] interact @Area3D@10985 world=(14.5, 0.0, 24.5) screen=(686.2831, -1368.878)
[Dev] interact @Area3D@10986 world=(23.5, 0.0, 18.5) screen=(1380.534, -1288.714)
[Dev] interact LootChest world=(29.5, 0.0, 39.5) screen=(686.2831, -567.2349)
[Dev] interact @Area3D@10987 world=(40.5, 0.0, 38.5) screen=(1241.683, -300.0204)
[Dev] interact LootPot world=(21.5, 0.0, 43.5) screen=(130.8828, -674.1207)
[Dev] interact @Area3D@10988 world=(22.5, 0.0, 44.5) screen=(130.8829, -620.6779)
[Dev] interact @Area3D@10989 world=(19.5, 0.0, 9.5) screen=(1611.95, -1636.093)
[Dev] interact @Area3D@10990 world=(20.5, 0.0, 9.5) screen=(1658.234, -1609.372)
[Dev] interact @Area3D@10991 world=(44.5, 0.0, 51.5) screen=(825.1333, 154.2443)
[Dev] interact @Area3D@10992 world=(44.5, 0.0, 52.5) screen=(778.8499, 180.9657)
[Dev] interact @Area3D@10993 world=(21.5, 0.0, 39.5) screen=(316.0163, -781.0065)
[Dev] removed 20 enemies
[Dev] interact Portal world=(46.5, 0.0, 57.5) screen=(639.9998, 365.3647)
[Portal] opened heukrang_gul 1층 pos=(46.5, 0.0, 57.5)
[Click] world=(48.7, 0.0, 59.7) cell=(48, 59)
[Click] world=(46.5, 0.0, 57.5) cell=(46, 57)
[Dev] interact Portal world=(-1.2, 0.0, 2.4) screen=(579.8315, 279.835)
[Audio] BGM town → town.ogg
[Save] level 못골 마을 → user://save_e2e.json (C:/Users/FORYOUCOM/AppData/Roaming/Godot/app_userdata/Joseon Hunters/wt/codex-96-boss-opening-cutin/save_e2e.json)
[Portal] travel → motgol 0층 portal={ "area": &"heukrang_gul", "floor": 1, "pos": (46.5, 0.0, 57.5), "returned": false }
[Dev] stairs DungeonEntrance dir=1 world=(0.0, 0.0, -31.0) screen=(2181.236, -532.4963)
[Dev] interact Merchant world=(5.4, 0.0, -2.4) screen=(1107.462, 327.9336)
[Dev] interact Shaman world=(-5.6, 0.0, 0.4) screen=(468.7516, 108.8176)
[Dev] interact Elder world=(2.0, 0.0, -5.6) screen=(1098.205, 151.572)
[Dev] interact Waypoint world=(-4.2, 0.0, 2.2) screen=(450.2382, 194.3264)
[Dev] interact Portal world=(-1.2, 0.0, 2.4) screen=(579.8315, 279.835)
[Click] world=(1.199998, 0.0, 4.8) cell=(1, 4)
[Click] world=(-1.2, 0.0, 2.4) cell=(-2, 2)
[Dungeon] heukrang_gul 1층 lv=2 seed=403727558 gen 64x64 rooms=6 up=(44, 56) down=(7, 23) enemies=20 roster=bandit,bat,talisman_master elites=["방2:금색×3(깊이 0.50)"] named=-
[Dev] interact Portal world=(46.5, 0.0, 57.5) screen=(593.7166, 287.8516)
[Quest] heukrang_gul 1층 — 싹쓸이 셈 시작 20 (heukrang_clear:none)
[Audio] BGM dungeon → dungeon_1.ogg
[Save] level 흑랑 굴 1층 → user://save_e2e.json (C:/Users/FORYOUCOM/AppData/Roaming/Godot/app_userdata/Joseon Hunters/wt/codex-96-boss-opening-cutin/save_e2e.json)
[Portal] travel → heukrang_gul 1층 portal={ "area": &"heukrang_gul", "floor": 1, "pos": (46.5, 0.0, 57.5), "returned": true }
[Dev] stairs StairsUp dir=-1 world=(44.5, 0.0, 56.5) screen=(547.4333, 255.7866)
[Dev] stairs StairsDown dir=1 world=(7.5, 0.0, 23.5) screen=(362.2998, -1614.715)
[Dev] interact Portal world=(46.5, 0.0, 57.5) screen=(593.7166, 287.8516)
[Dev] interact PusJar world=(29.5, 0.0, 42.5) screen=(501.1501, -567.2347)
[Dev] interact @Area3D@11334 world=(14.5, 0.0, 24.5) screen=(640.0, -1449.043)
[Dev] interact @Area3D@11335 world=(23.5, 0.0, 18.5) screen=(1334.25, -1368.878)
[Dev] interact LootChest world=(29.5, 0.0, 39.5) screen=(640.0, -647.3992)
[Dev] interact @Area3D@11336 world=(40.5, 0.0, 38.5) screen=(1195.4, -380.1846)
[Dev] interact LootPot world=(21.5, 0.0, 43.5) screen=(84.5998, -754.285)
[Dev] interact @Area3D@11337 world=(22.5, 0.0, 44.5) screen=(84.59969, -700.8422)
[Dev] interact @Area3D@11338 world=(19.5, 0.0, 9.5) screen=(1565.667, -1716.257)
[Dev] interact @Area3D@11339 world=(20.5, 0.0, 9.5) screen=(1611.95, -1689.536)
[Dev] interact @Area3D@11340 world=(44.5, 0.0, 51.5) screen=(778.8501, 74.08006)
[Dev] interact @Area3D@11341 world=(44.5, 0.0, 52.5) screen=(732.5667, 100.8015)
[Dev] interact @Area3D@11342 world=(21.5, 0.0, 39.5) screen=(269.7332, -861.1709)
[Click] world=(46.5, 0.0, 57.5) cell=(46, 57)
[Audio] BGM town → town.ogg
[Save] level 못골 마을 → user://save_e2e.json (C:/Users/FORYOUCOM/AppData/Roaming/Godot/app_userdata/Joseon Hunters/wt/codex-96-boss-opening-cutin/save_e2e.json)
[Portal] travel → motgol 0층 portal=<null>
[Dev] stairs DungeonEntrance dir=1 world=(0.0, 0.0, -31.0) screen=(2181.236, -532.4963)
[Dev] interact Merchant world=(5.4, 0.0, -2.4) screen=(1107.462, 327.9336)
[Dev] interact Shaman world=(-5.6, 0.0, 0.4) screen=(468.7516, 108.8176)
[Dev] interact Elder world=(2.0, 0.0, -5.6) screen=(1098.205, 151.572)
[Dev] interact Waypoint world=(-4.2, 0.0, 2.2) screen=(450.2382, 194.3264)
E2E portal_roundtrip PASS (검사 18)
[Save] level 못골 마을 → user://save_e2e.json (C:/Users/FORYOUCOM/AppData/Roaming/Godot/app_userdata/Joseon Hunters/wt/codex-96-boss-opening-cutin/save_e2e.json)
[Dev] stairs DungeonEntrance dir=1 world=(0.0, 0.0, -31.0) screen=(2121.067, -492.4143)
[Dev] interact Merchant world=(5.4, 0.0, -2.4) screen=(1047.293, 368.0158)
[Dev] interact Shaman world=(-5.6, 0.0, 0.4) screen=(408.5833, 148.8999)
[Dev] interact Elder world=(2.0, 0.0, -5.6) screen=(1038.037, 191.6542)
[Dev] interact Waypoint world=(-4.2, 0.0, 2.2) screen=(390.0698, 234.4085)
E2E ▶ waypoint
[Dev] item 화염부 world=(32.5, 0.0, 70.5) screen=(-1072.484, 3072.227)
[Dev] item 빙결부 world=(33.5, 0.0, 69.5) screen=(-979.9173, 3072.227)
[Field] deulnyeok seed=355022911 128x128 props=2252 packs=18 enemies=74 waypoint=(62, 65) roster=bandit,bat,talisman_master elites=["13:파란×4@구간3"]
[Audio] BGM dungeon → dungeon_4.ogg
[Save] level 못골 들녘 → user://save_e2e.json (C:/Users/FORYOUCOM/AppData/Roaming/Godot/app_userdata/Joseon Hunters/wt/codex-96-boss-opening-cutin/save_e2e.json)
[Dev] stairs Down_cave dir=1 world=(88.5, 0.0, 3.5) screen=(7212.236, 897.1014)
[Dev] interact Waypoint world=(62.5, 0.0, 65.5) screen=(3139.301, 1810.974)
[Dev] interact FloorItem world=(32.5, 0.0, 70.5) screen=(1519.384, 1142.938)
[Dev] interact @Area3D@12161 world=(33.5, 0.0, 69.5) screen=(1611.95, 1142.938)
[Dev] interact PusJar world=(95.5, 0.0, 103.5) screen=(2907.884, 3708.197)
[Dev] interact @Area3D@12308 world=(101.5, 0.0, 105.5) screen=(3093.018, 3921.969)
[Dev] interact @Area3D@12309 world=(98.5, 0.0, 107.5) screen=(2861.601, 3895.247)
[Dev] interact LootChest world=(27.5, 0.0, 70.5) screen=(1287.967, 1009.331)
[Dev] interact @Area3D@12310 world=(94.5, 0.0, 100.5) screen=(3000.451, 3601.312)
[Dev] interact @Area3D@12311 world=(55.5, 0.0, 52.5) screen=(3417.001, 1276.545)
[Dev] interact LootPot world=(46.5, 0.0, 68.5) screen=(2259.917, 1463.595)
[Dev] interact @Area3D@12312 world=(73.5, 0.0, 47.5) screen=(4481.519, 1623.924)
[Dev] interact @Area3D@12313 world=(90.5, 0.0, 47.5) screen=(5268.335, 2078.189)
[Dev] interact @Area3D@12314 world=(111.5, 0.0, 49.5) screen=(6147.719, 2692.782)
[Dev] interact @Area3D@12315 world=(101.5, 0.0, 101.5) screen=(3278.151, 3815.083)
[Dev] interact @Area3D@12316 world=(86.5, 0.0, 76.5) screen=(3740.984, 2746.225)
[Dev] interact @Area3D@12317 world=(53.5, 0.0, 52.5) screen=(3324.434, 1223.102)
[Dev] interact @Area3D@12318 world=(87.5, 0.0, 95.5) screen=(2907.884, 3280.654)
[Dev] interact @Area3D@12319 world=(26.5, 0.0, 66.5) screen=(1426.817, 875.7234)
[Dev] interact @Area3D@12320 world=(17.5, 0.0, 60.5) screen=(1287.967, 474.9016)
[Dev] interact @Area3D@12321 world=(86.5, 0.0, 22.5) screen=(6240.286, 1303.266)
[Dev] interact @Area3D@12322 world=(59.5, 0.0, 65.5) screen=(3000.451, 1730.81)
[Dev] interact @Area3D@12323 world=(18.5, 0.0, 74.5) screen=(686.2832, 875.7234)
[Dev] interact @Area3D@12324 world=(44.5, 0.0, 69.5) screen=(2121.067, 1436.874)
[Dev] interact @Area3D@12325 world=(73.5, 0.0, 49.5) screen=(4388.952, 1677.367)
[Dev] interact @Area3D@12326 world=(88.5, 0.0, 52.5) screen=(4944.352, 2158.353)
[Dev] removed 74 enemies
[Dev] stairs Down_cave dir=1 world=(88.5, 0.0, 3.5) screen=(4620.368, -652.7427)
[Dev] interact Waypoint world=(62.5, 0.0, 65.5) screen=(547.4333, 261.1302)
[Dev] interact FloorItem world=(32.5, 0.0, 70.5) screen=(-1072.484, -406.906)
[Dev] interact @Area3D@12161 world=(33.5, 0.0, 69.5) screen=(-979.9173, -406.9061)
[Dev] interact PusJar world=(95.5, 0.0, 103.5) screen=(316.0165, 2158.353)
[Dev] interact @Area3D@12308 world=(101.5, 0.0, 105.5) screen=(501.1499, 2372.125)
[Dev] interact @Area3D@12309 world=(98.5, 0.0, 107.5) screen=(269.7332, 2345.403)
[Dev] interact LootChest world=(27.5, 0.0, 70.5) screen=(-1303.901, -540.5132)
[Dev] interact @Area3D@12310 world=(94.5, 0.0, 100.5) screen=(408.5833, 2051.468)
[Dev] interact @Area3D@12311 world=(55.5, 0.0, 52.5) screen=(825.1334, -273.2989)
[Dev] interact LootPot world=(46.5, 0.0, 68.5) screen=(-331.9504, -86.24869)
[Dev] interact @Area3D@12312 world=(73.5, 0.0, 47.5) screen=(1889.651, 74.07999)
[Dev] interact @Area3D@12313 world=(90.5, 0.0, 47.5) screen=(2676.468, 528.3447)
[Dev] interact @Area3D@12314 world=(111.5, 0.0, 49.5) screen=(3555.852, 1142.938)
[Dev] interact @Area3D@12315 world=(101.5, 0.0, 101.5) screen=(686.2833, 2265.239)
[Dev] interact @Area3D@12316 world=(86.5, 0.0, 76.5) screen=(1149.117, 1196.381)
[Dev] interact @Area3D@12317 world=(53.5, 0.0, 52.5) screen=(732.5667, -326.7417)
[Dev] interact @Area3D@12318 world=(87.5, 0.0, 95.5) screen=(316.0165, 1730.81)
[Dev] interact @Area3D@12319 world=(26.5, 0.0, 66.5) screen=(-1165.051, -674.1207)
[Dev] interact @Area3D@12320 world=(17.5, 0.0, 60.5) screen=(-1303.901, -1074.942)
[Dev] interact @Area3D@12321 world=(86.5, 0.0, 22.5) screen=(3648.418, -246.5774)
[Dev] interact @Area3D@12322 world=(59.5, 0.0, 65.5) screen=(408.5832, 180.9658)
[Dev] interact @Area3D@12323 world=(18.5, 0.0, 74.5) screen=(-1905.584, -674.1207)
[Dev] interact @Area3D@12324 world=(44.5, 0.0, 69.5) screen=(-470.8006, -112.9701)
[Dev] interact @Area3D@12325 world=(73.5, 0.0, 49.5) screen=(1797.084, 127.5229)
[Dev] interact @Area3D@12326 world=(88.5, 0.0, 52.5) screen=(2352.484, 608.5091)
[Click] world=(62.5, 0.0, 65.5) cell=(62, 65)
[Waypoint] activated deulnyeok:0
[Audio] BGM town → town.ogg
[Save] level 못골 마을 → user://save_e2e.json (C:/Users/FORYOUCOM/AppData/Roaming/Godot/app_userdata/Joseon Hunters/wt/codex-96-boss-opening-cutin/save_e2e.json)
[Waypoint] travel → motgol:0
[Dev] stairs DungeonEntrance dir=1 world=(0.0, 0.0, -31.0) screen=(2324.714, -471.0371)
[Dev] interact Merchant world=(5.4, 0.0, -2.4) screen=(1250.94, 389.393)
[Dev] interact Shaman world=(-5.6, 0.0, 0.4) screen=(612.2299, 170.277)
[Dev] interact Elder world=(2.0, 0.0, -5.6) screen=(1241.684, 213.0314)
[Dev] interact Waypoint world=(-4.2, 0.0, 2.2) screen=(593.7167, 255.7858)
[Click] world=(-4.2, 0.0, 2.2) cell=(-5, 2)
[Dev] item 화염부 world=(32.5, 0.0, 70.5) screen=(-789.8428, 3090.953)
[Dev] item 빙결부 world=(33.5, 0.0, 69.5) screen=(-697.276, 3090.953)
[Field] deulnyeok seed=355022911 128x128 props=2252 packs=18 enemies=74 waypoint=(62, 65) roster=bandit,bat,talisman_master elites=["13:파란×4@구간3"]
[Audio] BGM dungeon → dungeon_2.ogg
[Save] level 못골 들녘 → user://save_e2e.json (C:/Users/FORYOUCOM/AppData/Roaming/Godot/app_userdata/Joseon Hunters/wt/codex-96-boss-opening-cutin/save_e2e.json)
[Waypoint] travel → deulnyeok:0
[Dev] stairs Down_cave dir=1 world=(88.5, 0.0, 3.5) screen=(4620.368, -652.7427)
[Dev] interact Waypoint world=(62.5, 0.0, 65.5) screen=(547.4333, 261.1302)
[Dev] interact FloorItem world=(32.5, 0.0, 70.5) screen=(-1072.484, -406.906)
[Dev] interact @Area3D@12986 world=(33.5, 0.0, 69.5) screen=(-979.9173, -406.9061)
[Dev] interact PusJar world=(95.5, 0.0, 103.5) screen=(316.0165, 2158.353)
[Dev] interact @Area3D@13133 world=(101.5, 0.0, 105.5) screen=(501.1499, 2372.125)
[Dev] interact @Area3D@13134 world=(98.5, 0.0, 107.5) screen=(269.7332, 2345.403)
[Dev] interact LootChest world=(27.5, 0.0, 70.5) screen=(-1303.901, -540.5132)
[Dev] interact @Area3D@13135 world=(94.5, 0.0, 100.5) screen=(408.5833, 2051.468)
[Dev] interact @Area3D@13136 world=(55.5, 0.0, 52.5) screen=(825.1334, -273.2989)
[Dev] interact LootPot world=(46.5, 0.0, 68.5) screen=(-331.9504, -86.24869)
[Dev] interact @Area3D@13137 world=(73.5, 0.0, 47.5) screen=(1889.651, 74.07999)
[Dev] interact @Area3D@13138 world=(90.5, 0.0, 47.5) screen=(2676.468, 528.3447)
[Dev] interact @Area3D@13139 world=(111.5, 0.0, 49.5) screen=(3555.852, 1142.938)
[Dev] interact @Area3D@13140 world=(101.5, 0.0, 101.5) screen=(686.2833, 2265.239)
[Dev] interact @Area3D@13141 world=(86.5, 0.0, 76.5) screen=(1149.117, 1196.381)
[Dev] interact @Area3D@13142 world=(53.5, 0.0, 52.5) screen=(732.5667, -326.7417)
[Dev] interact @Area3D@13143 world=(87.5, 0.0, 95.5) screen=(316.0165, 1730.81)
[Dev] interact @Area3D@13144 world=(26.5, 0.0, 66.5) screen=(-1165.051, -674.1207)
[Dev] interact @Area3D@13145 world=(17.5, 0.0, 60.5) screen=(-1303.901, -1074.942)
[Dev] interact @Area3D@13146 world=(86.5, 0.0, 22.5) screen=(3648.418, -246.5774)
[Dev] interact @Area3D@13147 world=(59.5, 0.0, 65.5) screen=(408.5832, 180.9658)
[Dev] interact @Area3D@13148 world=(18.5, 0.0, 74.5) screen=(-1905.584, -674.1207)
[Dev] interact @Area3D@13149 world=(44.5, 0.0, 69.5) screen=(-470.8006, -112.9701)
[Dev] interact @Area3D@13150 world=(73.5, 0.0, 49.5) screen=(1797.084, 127.5229)
[Dev] interact @Area3D@13151 world=(88.5, 0.0, 52.5) screen=(2352.484, 608.5091)
E2E waypoint PASS (검사 12)
[Audio] BGM town → town.ogg
[Save] level 못골 마을 → user://save_e2e.json (C:/Users/FORYOUCOM/AppData/Roaming/Godot/app_userdata/Joseon Hunters/wt/codex-96-boss-opening-cutin/save_e2e.json)
[Dev] stairs DungeonEntrance dir=1 world=(0.0, 0.0, -31.0) screen=(2121.067, -492.4143)
[Dev] interact Merchant world=(5.4, 0.0, -2.4) screen=(1047.293, 368.0158)
[Dev] interact Shaman world=(-5.6, 0.0, 0.4) screen=(408.5833, 148.8999)
[Dev] interact Elder world=(2.0, 0.0, -5.6) screen=(1038.037, 191.6542)
[Dev] interact Waypoint world=(-4.2, 0.0, 2.2) screen=(390.0698, 234.4085)
E2E ▶ vendor_quest
[Click] world=(5.4, 0.0, -2.4) cell=(5, -3)
[Vendor] buy 탕약 — 쌍화탕 price=15 gold=85
[Vendor] sell 귀환부 +10 gold=95
[Click] world=(-5.6, 0.0, 0.4) cell=(-6, 0)
[Save] quest → user://save_e2e.json (C:/Users/FORYOUCOM/AppData/Roaming/Godot/app_userdata/Joseon Hunters/wt/codex-96-boss-opening-cutin/save_e2e.json)
[Save] quest_log_dialogue → user://save_e2e.json (C:/Users/FORYOUCOM/AppData/Roaming/Godot/app_userdata/Joseon Hunters/wt/codex-96-boss-opening-cutin/save_e2e.json)
[Dev] flags={ "opening_pending": false, "seen": { "npc/merchant/start": 1, "npc/shaman/start": 1 }, "story": { "merchant_met": true, "shaman_offer": true, "shaman_heal_intro": true }, "quest_log": { "read": {  }, "history": { "heukrang_seal": [{ "uid": "npc/shaman/NPC_SHAMAN_OFFER_1", "source": "npc/shaman", "static_id": "NPC_SHAMAN_OFFER_1", "speaker": "shaman", "name": "무당 할매", "text": "도사 양반, 늦었소." }, { "uid": "npc/shaman/NPC_SHAMAN_OFFER_2", "source": "npc/shaman", "static_id": "NPC_SHAMAN_OFFER_2", "speaker": "doho", "name": "도호", "text": "할매, 술부터… 아, 분위기 아니구먼." }, { "uid": "npc/shaman/NPC_SHAMAN_OFFER_3", "source": "npc/shaman", "static_id": "NPC_SHAMAN_OFFER_3", "speaker": "shaman", "name": "무당 할매", "text": "봉인이 흔들리오. 못골 아래로 요기가 새고 있소." }, { "uid": "npc/shaman/NPC_SHAMAN_OFFER_4", "source": "npc/shaman", "static_id": "NPC_SHAMAN_OFFER_4", "speaker": "shaman", "name": "무당 할매", "text": "흑랑 굴 끝에 구미호의 수하가 자리를 잡았고, 봉밀굴 안은… 아직 잠든 것이 낫소." }, { "uid": "npc/shaman/NPC_SHAMAN_OFFER_5", "source": "npc/shaman", "static_id": "NPC_SHAMAN_OFFER_5", "speaker": "doho", "name": "도호", "text": "…또 봉인이여." }, { "uid": "npc/shaman/NPC_SHAMAN_OFFER_6", "source": "npc/shaman", "static_id": "NPC_SHAMAN_OFFER_6", "speaker": "shaman", "name": "무당 할매", "text": "도사 양반밖에 없소. 내려가 베어 주시오." }, { "uid": "npc/shaman/NPC_SHAMAN_OFFER_7", "source": "npc/shaman", "static_id": "NPC_SHAMAN_OFFER_7", "speaker": "doho", "name": "도호", "text": "술값은—" }, { "uid": "npc/shaman/NPC_SHAMAN_OFFER_8", "source": "npc/shaman", "static_id": "NPC_SHAMAN_OFFER_8", "speaker": "shaman", "name": "무당 할매", "text": "살아서 돌아오면 쳐 드리리다." }, { "uid": "npc/shaman/NPC_SHAMAN_OFFER_9", "source": "npc/shaman", "static_id": "NPC_SHAMAN_OFFER_9", "speaker": "doho", "name": "도호", "text": "…허. 하는 김에." }] }, "revisions": { "heukrang_seal": 9 } }, "quest": { "heukrang_seal": { "state": "killed" }, "heukrang_thanks": { "state": "killed" } }, "boss_killed_heukrang_gul": true }
[Click] world=(-5.6, 0.0, 0.4) cell=(-6, 0)
[Save] quest → user://save_e2e.json (C:/Users/FORYOUCOM/AppData/Roaming/Godot/app_userdata/Joseon Hunters/wt/codex-96-boss-opening-cutin/save_e2e.json)
[Save] quest_log_dialogue → user://save_e2e.json (C:/Users/FORYOUCOM/AppData/Roaming/Godot/app_userdata/Joseon Hunters/wt/codex-96-boss-opening-cutin/save_e2e.json)
[Click] world=(-5.6, 0.0, 0.4) cell=(-6, 0)
[Save] quest_log_dialogue → user://save_e2e.json (C:/Users/FORYOUCOM/AppData/Roaming/Godot/app_userdata/Joseon Hunters/wt/codex-96-boss-opening-cutin/save_e2e.json)
E2E vendor_quest PASS (검사 42)
[Save] level 못골 마을 → user://save_e2e.json (C:/Users/FORYOUCOM/AppData/Roaming/Godot/app_userdata/Joseon Hunters/wt/codex-96-boss-opening-cutin/save_e2e.json)
[Dev] stairs DungeonEntrance dir=1 world=(0.0, 0.0, -31.0) screen=(2121.067, -492.4143)
[Dev] interact Merchant world=(5.4, 0.0, -2.4) screen=(1047.293, 368.0158)
[Dev] interact Shaman world=(-5.6, 0.0, 0.4) screen=(408.5833, 148.8999)
[Dev] interact Elder world=(2.0, 0.0, -5.6) screen=(1038.037, 191.6542)
[Dev] interact Waypoint world=(-4.2, 0.0, 2.2) screen=(390.0698, 234.4085)
E2E ▶ vendor_prices
[Save] level 못골 마을 → user://save_e2e.json (C:/Users/FORYOUCOM/AppData/Roaming/Godot/app_userdata/Joseon Hunters/wt/codex-96-boss-opening-cutin/save_e2e.json)
[Dev] stairs DungeonEntrance dir=1 world=(0.0, 0.0, -31.0) screen=(2121.067, -492.4143)
[Dev] interact Merchant world=(5.4, 0.0, -2.4) screen=(1047.293, 368.0158)
[Dev] interact Shaman world=(-5.6, 0.0, 0.4) screen=(408.5833, 148.8999)
[Dev] interact Elder world=(2.0, 0.0, -5.6) screen=(1038.037, 191.6542)
[Dev] interact Waypoint world=(-4.2, 0.0, 2.2) screen=(390.0698, 234.4085)
[Click] world=(5.4, 0.0, -2.4) cell=(5, -3)
E2E vendor_prices PASS (검사 12)
[Save] level 못골 마을 → user://save_e2e.json (C:/Users/FORYOUCOM/AppData/Roaming/Godot/app_userdata/Joseon Hunters/wt/codex-96-boss-opening-cutin/save_e2e.json)
[Dev] stairs DungeonEntrance dir=1 world=(0.0, 0.0, -31.0) screen=(2121.067, -492.4143)
[Dev] interact Merchant world=(5.4, 0.0, -2.4) screen=(1047.293, 368.0158)
[Dev] interact Shaman world=(-5.6, 0.0, 0.4) screen=(408.5833, 148.8999)
[Dev] interact Elder world=(2.0, 0.0, -5.6) screen=(1038.037, 191.6542)
[Dev] interact Waypoint world=(-4.2, 0.0, 2.2) screen=(390.0698, 234.4085)
E2E ▶ chief_quest
[Click] world=(2.0, 0.0, -5.6) cell=(2, -6)
[Save] quest → user://save_e2e.json (C:/Users/FORYOUCOM/AppData/Roaming/Godot/app_userdata/Joseon Hunters/wt/codex-96-boss-opening-cutin/save_e2e.json)
[Save] quest_log_dialogue → user://save_e2e.json (C:/Users/FORYOUCOM/AppData/Roaming/Godot/app_userdata/Joseon Hunters/wt/codex-96-boss-opening-cutin/save_e2e.json)
[Dungeon] heukrang_gul 1층 lv=2 seed=403727558 gen 64x64 rooms=6 up=(44, 56) down=(7, 23) enemies=20 roster=bandit,bat,talisman_master elites=["방2:금색×3(깊이 0.50)"] named=-
[Quest] heukrang_gul 1층 — 싹쓸이 셈 시작 20 (heukrang_clear:accepted)
[Audio] BGM dungeon → dungeon_4.ogg
[Save] level 흑랑 굴 1층 → user://save_e2e.json (C:/Users/FORYOUCOM/AppData/Roaming/Godot/app_userdata/Joseon Hunters/wt/codex-96-boss-opening-cutin/save_e2e.json)
[Dev] stairs StairsUp dir=-1 world=(44.5, 0.0, 56.5) screen=(593.7165, 335.9509)
[Dev] stairs StairsDown dir=1 world=(7.5, 0.0, 23.5) screen=(408.583, -1534.551)
[Dev] interact PusJar world=(29.5, 0.0, 42.5) screen=(547.433, -487.0705)
[Dev] interact @Area3D@13970 world=(14.5, 0.0, 24.5) screen=(686.2831, -1368.878)
[Dev] interact @Area3D@13971 world=(23.5, 0.0, 18.5) screen=(1380.534, -1288.714)
[Dev] interact LootChest world=(29.5, 0.0, 39.5) screen=(686.2831, -567.2349)
[Dev] interact @Area3D@13972 world=(40.5, 0.0, 38.5) screen=(1241.683, -300.0204)
[Dev] interact LootPot world=(21.5, 0.0, 43.5) screen=(130.8828, -674.1207)
[Dev] interact @Area3D@13973 world=(22.5, 0.0, 44.5) screen=(130.8829, -620.6779)
[Dev] interact @Area3D@13974 world=(19.5, 0.0, 9.5) screen=(1611.95, -1636.093)
[Dev] interact @Area3D@13975 world=(20.5, 0.0, 9.5) screen=(1658.234, -1609.372)
[Dev] interact @Area3D@13976 world=(44.5, 0.0, 51.5) screen=(825.1333, 154.2443)
[Dev] interact @Area3D@13977 world=(44.5, 0.0, 52.5) screen=(778.8499, 180.9657)
[Dev] interact @Area3D@13978 world=(21.5, 0.0, 39.5) screen=(316.0163, -781.0065)
[Kill] +6 xp (lv 1, 6/20)
[Dev] item 엽전 world=(2.5, 0.0, 21.5) screen=(269.733, -1740.285)
[Kill] +6 xp (lv 1, 12/20)
[Dev] item 엽전 world=(6.659099, 0.0, 17.6591) screen=(642.631, -1736.168)
[Dev] item 은가락지 world=(6.659099, 0.0, 17.6591) screen=(642.631, -1736.168)
[Kill] +8 xp (lv 2, 0/57)
[LevelUp] lv=2 stat_pts=5 skill_pts=1
[Dev] item 엽전 world=(18.5, 0.0, 9.5) screen=(1569.558, -1639.885)
[Kill] +7 xp (lv 2, 7/57)
[Dev] item 예도 world=(9.871235, 0.0, 16.87123) screen=(822.3254, -1671.682)
[Kill] +7 xp (lv 2, 14/57)
[Dev] item 엽전 world=(21.5, 0.0, 9.733334) screen=(1689.412, -1554.175)
[Dev] item 식별부 world=(21.5, 0.0, 9.733334) screen=(1689.412, -1554.175)
[Kill] +6 xp (lv 2, 20/57)
[Dev] item 엽전 world=(4.399999, 0.0, 28.5) screen=(29.15043, -1510.026)
[Kill] +6 xp (lv 2, 26/57)
[Dev] item 엽전 world=(6.18943, 0.0, 27.81057) screen=(152.9521, -1480.627)
[Dev] item 환도 world=(6.18943, 0.0, 27.81057) screen=(152.9521, -1480.627)
[Kill] +7 xp (lv 2, 33/57)
[Dev] item 엽전 world=(24.82999, 0.0, 12.82999) screen=(1708.982, -1382.713)
[Dev] item 철검 world=(24.82999, 0.0, 12.82999) screen=(1708.982, -1382.713)
[Kill] +6 xp (lv 2, 39/57)
[Dev] item 엽전 world=(11.73426, 0.0, 22.54283) screen=(644.4247, -1473.058)
[Dev] item 목검 world=(11.73426, 0.0, 22.54283) screen=(644.4247, -1473.058)
[Dev] item 탕약 — 쌍화탕 world=(11.73426, 0.0, 22.54283) screen=(644.4247, -1473.058)
[Kill] +7 xp (lv 2, 46/57)
[Loot] 채널 jade — 물건 정의가 아직 없다(옥 정의 item_type gem — I9 #265): 굴림만 돌고 물건은 없다 · Loot.MISSING_CHANNELS
[Dev] item 엽전 world=(23.5, 0.0, 15.14167) screen=(1531.516, -1356.46)
[Kill] +7 xp (lv 2, 53/57)
[Kill] +53 xp (lv 3, 49/104)
[LevelUp] lv=3 stat_pts=10 skill_pts=2
[Dev] item 장검 world=(25.5, 0.0, 33.5) screen=(774.415, -812.426)
[Dev] item 엽전 world=(25.5, 0.0, 33.5) screen=(774.415, -812.426)
[Dev] item 무명띠 world=(25.5, 0.0, 33.5) screen=(774.415, -812.426)
[Dev] item 탕약 — 쌍화탕 world=(25.5, 0.0, 33.5) screen=(774.415, -812.426)
[Dev] item 괴황지 world=(25.5, 0.0, 33.5) screen=(774.415, -812.426)
[Dev] item 엽전 world=(25.5, 0.0, 33.5) screen=(774.415, -812.426)
[Dev] item 예도 world=(25.5, 0.0, 33.5) screen=(774.415, -812.426)
[Dev] item 탕약 — 쌍화탕 world=(25.5, 0.0, 33.5) screen=(774.415, -812.426)
[Dev] item 짚신 world=(25.5, 0.0, 33.5) screen=(774.415, -812.426)
[Kill] +13 xp (lv 3, 62/104)
[Dev] item 엽전 world=(24.36168, 0.0, 34.41958) screen=(680.6697, -815.7681)
[Kill] +13 xp (lv 3, 75/104)
[Dev] item 엽전 world=(26.26066, 0.0, 34.38241) screen=(768.9082, -768.3065)
[Dev] item 화염부 world=(26.26066, 0.0, 34.38241) screen=(768.9082, -768.3065)
[Kill] +7 xp (lv 3, 82/104)
[Dev] item 엽전 world=(23.5, 0.0, 52.5) screen=(-197.3573, -357.864)
[Dev] item 철검 world=(23.5, 0.0, 52.5) screen=(-197.3573, -357.864)
[Dev] item 탕약 — 쌍화탕 world=(23.5, 0.0, 52.5) screen=(-197.3573, -357.864)
[Dev] item 빙결부 world=(23.5, 0.0, 52.5) screen=(-197.3573, -357.864)
[Kill] +7 xp (lv 3, 89/104)
[Dev] item 엽전 world=(25.54125, 0.0, 49.45875) screen=(46.6193, -384.9658)
[Dev] item 괴황지 world=(25.54125, 0.0, 49.45875) screen=(46.6193, -384.9658)
[Kill] +7 xp (lv 3, 96/104)
[Dev] item 옥패 world=(27.66499, 0.0, 53.33501) screen=(10.74032, 180.4093)
[Dev] item 영약 — 생맥산 world=(27.66499, 0.0, 53.33501) screen=(10.74032, 180.4093)
[Quest] heukrang_clear 남은 3 — 바크
[Kill] +7 xp (lv 3, 103/104)
[Dev] item 엽전 world=(37.25212, 0.0, 44.33275) screen=(867.6848, 199.3685)
[Dev] item 철검 world=(37.25212, 0.0, 44.33275) screen=(867.6848, 199.3685)
[Dev] item 영약 — 생맥산 world=(37.25212, 0.0, 44.33275) screen=(867.6848, 199.3685)
[Audio] 같은 순간 같은 큐 상한(3) 넘침 — drop ×1 (버림 누계 5)
[Kill] +7 xp (lv 4, 6/160)
[LevelUp] lv=4 stat_pts=15 skill_pts=3
[Dev] item 상품 환도 world=(34.84169, 0.0, 46.5) screen=(651.5356, 185.7202)
[Audio] 같은 순간 같은 큐 상한(3) 넘침 — drop ×2 (버림 누계 7)
[Kill] +7 xp (lv 4, 13/160)
[Save] quest → user://save_e2e.json (C:/Users/FORYOUCOM/AppData/Roaming/Godot/app_userdata/Joseon Hunters/wt/codex-96-boss-opening-cutin/save_e2e.json)
[Quest] heukrang_clear 싹쓸이 완료 (accepted → killed)
[Audio] BGM town → town.ogg
[Save] level 못골 마을 → user://save_e2e.json (C:/Users/FORYOUCOM/AppData/Roaming/Godot/app_userdata/Joseon Hunters/wt/codex-96-boss-opening-cutin/save_e2e.json)
[Dev] stairs DungeonEntrance dir=1 world=(0.0, 0.0, -31.0) screen=(2121.067, -492.4143)
[Dev] interact Merchant world=(5.4, 0.0, -2.4) screen=(1047.293, 368.0158)
[Dev] interact Shaman world=(-5.6, 0.0, 0.4) screen=(408.5833, 148.8999)
[Dev] interact Elder world=(2.0, 0.0, -5.6) screen=(1038.037, 191.6542)
[Dev] interact Waypoint world=(-4.2, 0.0, 2.2) screen=(390.0698, 234.4085)
[Click] world=(2.0, 0.0, -5.6) cell=(2, -6)
[Save] quest → user://save_e2e.json (C:/Users/FORYOUCOM/AppData/Roaming/Godot/app_userdata/Joseon Hunters/wt/codex-96-boss-opening-cutin/save_e2e.json)
[Save] quest_log_dialogue → user://save_e2e.json (C:/Users/FORYOUCOM/AppData/Roaming/Godot/app_userdata/Joseon Hunters/wt/codex-96-boss-opening-cutin/save_e2e.json)
[Dev] flags={ "opening_pending": false, "seen": { "npc/elder/start": 2 }, "story": { "elder_met": true }, "quest_log": { "read": {  }, "history": { "heukrang_clear": [{ "uid": "npc/elder/NPC_ELDER_OFFER_1", "source": "npc/elder", "static_id": "NPC_ELDER_OFFER_1", "speaker": "elder", "name": "촌장", "text": "부탁이 하나 있소. 흑랑 굴 말이오." }, { "uid": "npc/elder/NPC_ELDER_OFFER_2", "source": "npc/elder", "static_id": "NPC_ELDER_OFFER_2", "speaker": "elder", "name": "촌장", "text": "밤마다 어귀에서 것들이 기어 나와 밭을 헤집고 외양간을 비우오." }, { "uid": "npc/elder/NPC_ELDER_OFFER_3", "source": "npc/elder", "static_id": "NPC_ELDER_OFFER_3", "speaker": "elder", "name": "촌장", "text": "끝까지는 바라지도 않소. 첫 층만… 비워 주시오." }, { "uid": "npc/elder/NPC_ELDER_OFFER_4", "source": "npc/elder", "static_id": "NPC_ELDER_OFFER_4", "speaker": "doho", "name": "도호", "text": "첫 층만? 그럼 산책이구먼." }, { "uid": "npc/elder/NPC_ELDER_ACCEPT_1", "source": "npc/elder", "static_id": "NPC_ELDER_ACCEPT_1", "speaker": "elder", "name": "촌장", "text": "그 산책, 부디 무사히 끝내시오." }, { "uid": "npc/elder/NPC_ELDER_CLEAR_DONE_1", "source": "npc/elder", "static_id": "NPC_ELDER_CLEAR_DONE_1", "speaker": "elder", "name": "촌장", "text": "간밤엔 굴 쪽이 조용했소. …도사 양반 솜씨요?" }, { "uid": "npc/elder/NPC_ELDER_CLEAR_DONE_2", "source": "npc/elder", "static_id": "NPC_ELDER_CLEAR_DONE_2", "speaker": "doho", "name": "도호", "text": "산책 좀 했지." }, { "uid": "npc/elder/NPC_ELDER_REPORT_1", "source": "npc/elder", "static_id": "NPC_ELDER_REPORT_1", "speaker": "elder", "name": "촌장", "text": "몇 해 전 묵어 간 도사가 두고 간 책이 한 권 있소. 우리 집안은 까막눈이라…" }] }, "revisions": { "heukrang_clear": 8 } }, "quest": { "heukrang_clear": { "state": "done", "left": 0, "barked": true }, "heukrang_seal": { "state": "killed" }, "heukrang_thanks": { "state": "killed" } }, "boss_killed_heukrang_gul": true }
[Click] world=(2.0, 0.0, -5.6) cell=(2, -6)
[Quest] heukrang_thanks 보상 — 아이템 DB에 없어 건너뜀 ["horibyeong"]
[Save] quest → user://save_e2e.json (C:/Users/FORYOUCOM/AppData/Roaming/Godot/app_userdata/Joseon Hunters/wt/codex-96-boss-opening-cutin/save_e2e.json)
[Click] world=(-5.6, 0.0, 0.4) cell=(-6, 0)
[Save] quest → user://save_e2e.json (C:/Users/FORYOUCOM/AppData/Roaming/Godot/app_userdata/Joseon Hunters/wt/codex-96-boss-opening-cutin/save_e2e.json)
[Save] quest_log_dialogue → user://save_e2e.json (C:/Users/FORYOUCOM/AppData/Roaming/Godot/app_userdata/Joseon Hunters/wt/codex-96-boss-opening-cutin/save_e2e.json)
[Load] lv=4 gold=300 flags={ "boss_killed_heukrang_gul": true, "opening_pending": false, "quest": { "heukrang_clear": { "state": "done", "left": 0, "barked": true }, "heukrang_seal": { "state": "done" }, "heukrang_thanks": { "state": "done" } }, "quest_log": { "history": { "heukrang_clear": [{ "name": "촌장", "source": "npc/elder", "speaker": "elder", "static_id": "NPC_ELDER_OFFER_1", "text": "부탁이 하나 있소. 흑랑 굴 말이오.", "uid": "npc/elder/NPC_ELDER_OFFER_1" }, { "name": "촌장", "source": "npc/elder", "speaker": "elder", "static_id": "NPC_ELDER_OFFER_2", "text": "밤마다 어귀에서 것들이 기어 나와 밭을 헤집고 외양간을 비우오.", "uid": "npc/elder/NPC_ELDER_OFFER_2" }, { "name": "촌장", "source": "npc/elder", "speaker": "elder", "static_id": "NPC_ELDER_OFFER_3", "text": "끝까지는 바라지도 않소. 첫 층만… 비워 주시오.", "uid": "npc/elder/NPC_ELDER_OFFER_3" }, { "name": "도호", "source": "npc/elder", "speaker": "doho", "static_id": "NPC_ELDER_OFFER_4", "text": "첫 층만? 그럼 산책이구먼.", "uid": "npc/elder/NPC_ELDER_OFFER_4" }, { "name": "촌장", "source": "npc/elder", "speaker": "elder", "static_id": "NPC_ELDER_ACCEPT_1", "text": "그 산책, 부디 무사히 끝내시오.", "uid": "npc/elder/NPC_ELDER_ACCEPT_1" }, { "name": "촌장", "source": "npc/elder", "speaker": "elder", "static_id": "NPC_ELDER_CLEAR_DONE_1", "text": "간밤엔 굴 쪽이 조용했소. …도사 양반 솜씨요?", "uid": "npc/elder/NPC_ELDER_CLEAR_DONE_1" }, { "name": "도호", "source": "npc/elder", "speaker": "doho", "static_id": "NPC_ELDER_CLEAR_DONE_2", "text": "산책 좀 했지.", "uid": "npc/elder/NPC_ELDER_CLEAR_DONE_2" }, { "name": "촌장", "source": "npc/elder", "speaker": "elder", "static_id": "NPC_ELDER_REPORT_1", "text": "몇 해 전 묵어 간 도사가 두고 간 책이 한 권 있소. 우리 집안은 까막눈이라…", "uid": "npc/elder/NPC_ELDER_REPORT_1" }], "heukrang_seal": [{ "name": "무당 할매", "source": "npc/shaman", "speaker": "shaman", "static_id": "NPC_SHAMAN_DONE_1", "text": "…왔구려.", "uid": "npc/shaman/NPC_SHAMAN_DONE_1" }, { "name": "도호", "source": "npc/shaman", "speaker": "doho", "static_id": "NPC_SHAMAN_DONE_2", "text": "끝낸 것 같기도 하고.", "uid": "npc/shaman/NPC_SHAMAN_DONE_2" }, { "name": "무당 할매", "source": "npc/shaman", "speaker": "shaman", "static_id": "NPC_SHAMAN_DONE_3", "text": "봉인 기운이 달라졌소. 고맙소, 도사 양반.", "uid": "npc/shaman/NPC_SHAMAN_DONE_3" }, { "name": "무당 할매", "source": "npc/shaman", "speaker": "shaman", "static_id": "NPC_SHAMAN_REPORT_1", "text": "봉인 첫 자락은 다시 여몄소. 한동안은 버틸 거요.", "uid": "npc/shaman/NPC_SHAMAN_REPORT_1" }] }, "read": {  }, "revisions": { "heukrang_clear": 8.0, "heukrang_seal": 4.0 } }, "seen": { "npc/elder/start": 3.0, "npc/shaman/start": 1.0 }, "story": { "elder_after_heukrang": true, "elder_met": true } } portal=<null> wps=[]
[Save] level 못골 마을 → user://save_e2e.json (C:/Users/FORYOUCOM/AppData/Roaming/Godot/app_userdata/Joseon Hunters/wt/codex-96-boss-opening-cutin/save_e2e.json)
[Dev] stairs DungeonEntrance dir=1 world=(0.0, 0.0, -31.0) screen=(2121.067, -492.4143)
[Dev] interact Merchant world=(5.4, 0.0, -2.4) screen=(1047.293, 368.0158)
[Dev] interact Shaman world=(-5.6, 0.0, 0.4) screen=(408.5833, 148.8999)
[Dev] interact Elder world=(2.0, 0.0, -5.6) screen=(1038.037, 191.6542)
[Dev] interact Waypoint world=(-4.2, 0.0, 2.2) screen=(390.0698, 234.4085)
[Save] level 못골 마을 → user://save_e2e.json (C:/Users/FORYOUCOM/AppData/Roaming/Godot/app_userdata/Joseon Hunters/wt/codex-96-boss-opening-cutin/save_e2e.json)
[Dev] stairs DungeonEntrance dir=1 world=(0.0, 0.0, -31.0) screen=(2121.067, -492.4143)
[Dev] interact Merchant world=(5.4, 0.0, -2.4) screen=(1047.293, 368.0158)
[Dev] interact Shaman world=(-5.6, 0.0, 0.4) screen=(408.5833, 148.8999)
[Dev] interact Elder world=(2.0, 0.0, -5.6) screen=(1038.037, 191.6542)
[Dev] interact Waypoint world=(-4.2, 0.0, 2.2) screen=(390.0698, 234.4085)
E2E chief_quest PASS (검사 57)
[Save] level 못골 마을 → user://save_e2e.json (C:/Users/FORYOUCOM/AppData/Roaming/Godot/app_userdata/Joseon Hunters/wt/codex-96-boss-opening-cutin/save_e2e.json)
[Dev] stairs DungeonEntrance dir=1 world=(0.0, 0.0, -31.0) screen=(2121.067, -492.4143)
[Dev] interact Merchant world=(5.4, 0.0, -2.4) screen=(1047.293, 368.0158)
[Dev] interact Shaman world=(-5.6, 0.0, 0.4) screen=(408.5833, 148.8999)
[Dev] interact Elder world=(2.0, 0.0, -5.6) screen=(1038.037, 191.6542)
[Dev] interact Waypoint world=(-4.2, 0.0, 2.2) screen=(390.0698, 234.4085)
E2E ▶ shaman_heal
[Click] world=(-5.6, 0.0, 0.4) cell=(-6, 0)
[Save] quest_log_dialogue → user://save_e2e.json (C:/Users/FORYOUCOM/AppData/Roaming/Godot/app_userdata/Joseon Hunters/wt/codex-96-boss-opening-cutin/save_e2e.json)
[Click] world=(-5.6, 0.0, 0.4) cell=(-6, 0)
[Click] world=(-5.6, 0.0, 0.4) cell=(-6, 0)
[Click] world=(-5.6, 0.0, 0.4) cell=(-6, 0)
[Click] world=(-5.6, 0.0, 0.4) cell=(-6, 0)
E2E shaman_heal PASS (검사 23)
[Save] level 못골 마을 → user://save_e2e.json (C:/Users/FORYOUCOM/AppData/Roaming/Godot/app_userdata/Joseon Hunters/wt/codex-96-boss-opening-cutin/save_e2e.json)
[Dev] stairs DungeonEntrance dir=1 world=(0.0, 0.0, -31.0) screen=(2121.067, -492.4143)
[Dev] interact Merchant world=(5.4, 0.0, -2.4) screen=(1047.293, 368.0158)
[Dev] interact Shaman world=(-5.6, 0.0, 0.4) screen=(408.5833, 148.8999)
[Dev] interact Elder world=(2.0, 0.0, -5.6) screen=(1038.037, 191.6542)
[Dev] interact Waypoint world=(-4.2, 0.0, 2.2) screen=(390.0698, 234.4085)
E2E ▶ save_continue
[Kill] +100 xp (lv 3, 23/104)
[LevelUp] lv=3 stat_pts=10 skill_pts=2
[Dev] gold=500
[Dungeon] heukrang_gul 1층 lv=2 seed=403727558 gen 64x64 rooms=6 up=(44, 56) down=(7, 23) enemies=20 roster=bandit,bat,talisman_master elites=["방2:금색×3(깊이 0.50)"] named=-
[Quest] heukrang_gul 1층 — 싹쓸이 셈 시작 20 (heukrang_clear:none)
[Audio] BGM dungeon → dungeon_1.ogg
[Save] level 흑랑 굴 1층 → user://save_e2e.json (C:/Users/FORYOUCOM/AppData/Roaming/Godot/app_userdata/Joseon Hunters/wt/codex-96-boss-opening-cutin/save_e2e.json)
[Dev] stairs StairsUp dir=-1 world=(44.5, 0.0, 56.5) screen=(593.7165, 335.9509)
[Dev] stairs StairsDown dir=1 world=(7.5, 0.0, 23.5) screen=(408.583, -1534.551)
[Dev] interact PusJar world=(29.5, 0.0, 42.5) screen=(547.433, -487.0705)
[Dev] interact @Area3D@15082 world=(14.5, 0.0, 24.5) screen=(686.2831, -1368.878)
[Dev] interact @Area3D@15083 world=(23.5, 0.0, 18.5) screen=(1380.534, -1288.714)
[Dev] interact LootChest world=(29.5, 0.0, 39.5) screen=(686.2831, -567.2349)
[Dev] interact @Area3D@15084 world=(40.5, 0.0, 38.5) screen=(1241.683, -300.0204)
[Dev] interact LootPot world=(21.5, 0.0, 43.5) screen=(130.8828, -674.1207)
[Dev] interact @Area3D@15085 world=(22.5, 0.0, 44.5) screen=(130.8829, -620.6779)
[Dev] interact @Area3D@15086 world=(19.5, 0.0, 9.5) screen=(1611.95, -1636.093)
[Dev] interact @Area3D@15087 world=(20.5, 0.0, 9.5) screen=(1658.234, -1609.372)
[Dev] interact @Area3D@15088 world=(44.5, 0.0, 51.5) screen=(825.1333, 154.2443)
[Dev] interact @Area3D@15089 world=(44.5, 0.0, 52.5) screen=(778.8499, 180.9657)
[Dev] interact @Area3D@15090 world=(21.5, 0.0, 39.5) screen=(316.0163, -781.0065)
[Load] lv=3 gold=500 flags={ "opening_pending": false, "quest": { "heukrang_clear": { "state": "none", "left": 20, "barked": false }, "heukrang_seal": { "state": "accepted" } } } portal=<null> wps=[]
E2E save_continue PASS (검사 12)
[Audio] BGM town → town.ogg
[Save] level 못골 마을 → user://save_e2e.json (C:/Users/FORYOUCOM/AppData/Roaming/Godot/app_userdata/Joseon Hunters/wt/codex-96-boss-opening-cutin/save_e2e.json)
[Dev] stairs DungeonEntrance dir=1 world=(0.0, 0.0, -31.0) screen=(2121.067, -492.4143)
[Dev] interact Merchant world=(5.4, 0.0, -2.4) screen=(1047.293, 368.0158)
[Dev] interact Shaman world=(-5.6, 0.0, 0.4) screen=(408.5833, 148.8999)
[Dev] interact Elder world=(2.0, 0.0, -5.6) screen=(1038.037, 191.6542)
[Dev] interact Waypoint world=(-4.2, 0.0, 2.2) screen=(390.0698, 234.4085)
E2E ▶ bodies_cap
[Dungeon] heukrang_gul 1층 lv=2 seed=403727558 gen 64x64 rooms=6 up=(44, 56) down=(7, 23) enemies=20 roster=bandit,bat,talisman_master elites=["방2:금색×3(깊이 0.50)"] named=-
[Quest] heukrang_gul 1층 — 싹쓸이 셈 시작 20 (heukrang_clear:none)
[Audio] BGM dungeon → dungeon_3.ogg
[Save] level 흑랑 굴 1층 → user://save_e2e.json (C:/Users/FORYOUCOM/AppData/Roaming/Godot/app_userdata/Joseon Hunters/wt/codex-96-boss-opening-cutin/save_e2e.json)
[Dev] stairs StairsUp dir=-1 world=(44.5, 0.0, 56.5) screen=(593.7165, 335.9509)
[Dev] stairs StairsDown dir=1 world=(7.5, 0.0, 23.5) screen=(408.583, -1534.551)
[Dev] interact PusJar world=(29.5, 0.0, 42.5) screen=(547.433, -487.0705)
[Dev] interact @Area3D@15431 world=(14.5, 0.0, 24.5) screen=(686.2831, -1368.878)
[Dev] interact @Area3D@15432 world=(23.5, 0.0, 18.5) screen=(1380.534, -1288.714)
[Dev] interact LootChest world=(29.5, 0.0, 39.5) screen=(686.2831, -567.2349)
[Dev] interact @Area3D@15433 world=(40.5, 0.0, 38.5) screen=(1241.683, -300.0204)
[Dev] interact LootPot world=(21.5, 0.0, 43.5) screen=(130.8828, -674.1207)
[Dev] interact @Area3D@15434 world=(22.5, 0.0, 44.5) screen=(130.8829, -620.6779)
[Dev] interact @Area3D@15435 world=(19.5, 0.0, 9.5) screen=(1611.95, -1636.093)
[Dev] interact @Area3D@15436 world=(20.5, 0.0, 9.5) screen=(1658.234, -1609.372)
[Dev] interact @Area3D@15437 world=(44.5, 0.0, 51.5) screen=(825.1333, 154.2443)
[Dev] interact @Area3D@15438 world=(44.5, 0.0, 52.5) screen=(778.8499, 180.9657)
[Dev] interact @Area3D@15439 world=(21.5, 0.0, 39.5) screen=(316.0163, -781.0065)
[Dev] removed 20 enemies
[Kill] +8 xp (lv 1, 8/20)
  · 몸 36(먹지네 마디 16 · 황충 4 · 어미 · 일으키는 자) — 0.5초에 70프레임 (평균 7.1ms)
[Kill] +10 xp (lv 1, 18/20)
[Dev] item 괴황지 world=(20.5, 0.0, 46.5) screen=(686.2831, 210.3808)
[Kill] +10 xp (lv 2, 8/57)
[LevelUp] lv=2 stat_pts=5 skill_pts=1
[Dev] item 상품 무명띠 world=(21.8, 0.0, 46.5) screen=(746.4515, 245.1186)
[Dev] item 영약 — 생맥산 world=(21.8, 0.0, 46.5) screen=(746.4515, 245.1186)
[Kill] +10 xp (lv 2, 18/57)
[Dev] item 영약 — 생맥산 world=(23.1, 0.0, 46.5) screen=(806.6199, 279.8565)
[Kill] +10 xp (lv 2, 28/57)
[Dev] item 영약 — 생맥산 world=(24.4, 0.0, 46.5) screen=(864.4755, 310.74)
  · 동시 몸 최고 36 / 상한 36
[Dev] removed 39 enemies
E2E bodies_cap PASS (검사 13)
[Audio] BGM town → town.ogg
[Save] level 못골 마을 → user://save_e2e.json (C:/Users/FORYOUCOM/AppData/Roaming/Godot/app_userdata/Joseon Hunters/wt/codex-96-boss-opening-cutin/save_e2e.json)
[Dev] stairs DungeonEntrance dir=1 world=(0.0, 0.0, -31.0) screen=(2121.067, -492.4143)
[Dev] interact Merchant world=(5.4, 0.0, -2.4) screen=(1047.293, 368.0158)
[Dev] interact Shaman world=(-5.6, 0.0, 0.4) screen=(408.5833, 148.8999)
[Dev] interact Elder world=(2.0, 0.0, -5.6) screen=(1038.037, 191.6542)
[Dev] interact Waypoint world=(-4.2, 0.0, 2.2) screen=(390.0698, 234.4085)
E2E ▶ boss_floor
[Dungeon] heukrang_gul 1층 lv=2 seed=403727558 gen 64x64 rooms=6 up=(44, 56) down=(7, 23) enemies=20 roster=bandit,bat,talisman_master elites=["방2:금색×3(깊이 0.50)"] named=-
[Quest] heukrang_gul 1층 — 싹쓸이 셈 시작 20 (heukrang_clear:none)
[Audio] BGM dungeon → dungeon_1.ogg
[Save] level 흑랑 굴 1층 → user://save_e2e.json (C:/Users/FORYOUCOM/AppData/Roaming/Godot/app_userdata/Joseon Hunters/wt/codex-96-boss-opening-cutin/save_e2e.json)
[Dev] stairs StairsUp dir=-1 world=(44.5, 0.0, 56.5) screen=(593.7165, 335.9509)
[Dev] stairs StairsDown dir=1 world=(7.5, 0.0, 23.5) screen=(408.583, -1534.551)
[Dev] interact PusJar world=(29.5, 0.0, 42.5) screen=(547.433, -487.0705)
[Dev] interact @Area3D@15880 world=(14.5, 0.0, 24.5) screen=(686.2831, -1368.878)
[Dev] interact @Area3D@15881 world=(23.5, 0.0, 18.5) screen=(1380.534, -1288.714)
[Dev] interact LootChest world=(29.5, 0.0, 39.5) screen=(686.2831, -567.2349)
[Dev] interact @Area3D@15882 world=(40.5, 0.0, 38.5) screen=(1241.683, -300.0204)
[Dev] interact LootPot world=(21.5, 0.0, 43.5) screen=(130.8828, -674.1207)
[Dev] interact @Area3D@15883 world=(22.5, 0.0, 44.5) screen=(130.8829, -620.6779)
[Dev] interact @Area3D@15884 world=(19.5, 0.0, 9.5) screen=(1611.95, -1636.093)
[Dev] interact @Area3D@15885 world=(20.5, 0.0, 9.5) screen=(1658.234, -1609.372)
[Dev] interact @Area3D@15886 world=(44.5, 0.0, 51.5) screen=(825.1333, 154.2443)
[Dev] interact @Area3D@15887 world=(44.5, 0.0, 52.5) screen=(778.8499, 180.9657)
[Dev] interact @Area3D@15888 world=(21.5, 0.0, 39.5) screen=(316.0163, -781.0065)
[Dungeon] heukrang_gul 2층 lv=3 seed=3189434797 preset 28x28 rooms=2 up=(22, 23) down=(-1, -1) enemies=2 roster=bat elites=[] named=-
[Audio] BGM boss → boss.ogg
[Save] level 흑랑 굴 2층 → user://save_e2e.json (C:/Users/FORYOUCOM/AppData/Roaming/Godot/app_userdata/Joseon Hunters/wt/codex-96-boss-opening-cutin/save_e2e.json)
[Dev] stairs StairsUp dir=-1 world=(22.5, 0.0, 23.5) screen=(593.7167, 335.9507)
[Dev] near boss hp=195/195
[Kill] +168 xp (lv 5, 168/224)
[Dev] item 탕약 — 쌍화탕 world=(7.697169, 0.0, 8.636556) screen=(503.9554, 274.2906)
[Dev] item 탕약 — 쌍화탕 world=(7.697169, 0.0, 8.636556) screen=(503.9554, 274.2906)
[Dev] item 탕약 — 쌍화탕 world=(7.697169, 0.0, 8.636556) screen=(503.9554, 274.2906)
[Dev] item 식별부첩 world=(7.697169, 0.0, 8.636556) screen=(503.9554, 274.2906)
[Dev] item 흑랑 이빨 world=(7.697169, 0.0, 8.636556) screen=(503.9554, 274.2906)
[Dev] item 흑랑 이빨 world=(7.697169, 0.0, 8.636556) screen=(503.9554, 274.2906)
[Dev] item 미식별 짚신 world=(7.697169, 0.0, 8.636556) screen=(503.9554, 274.2906)
[Dev] item 미식별 옥가락지 world=(7.697169, 0.0, 8.636556) screen=(503.9554, 274.2906)
[Dev] item 미식별 옥패 world=(7.697169, 0.0, 8.636556) screen=(503.9554, 274.2906)
[Loot] 보스 전용 유니크 — boss_heukrang 첫 처치 → u_heukrang_fang (회차 1)
[Dev] item 흑랑의 봉인패 world=(7.697169, 0.0, 8.636556) screen=(503.9554, 274.2906)
[Dev] item 엽전 world=(7.697169, 0.0, 8.636556) screen=(503.9554, 274.2906)
[Save] boss → user://save_e2e.json (C:/Users/FORYOUCOM/AppData/Roaming/Godot/app_userdata/Joseon Hunters/wt/codex-96-boss-opening-cutin/save_e2e.json)
[Boss] killed area=heukrang_gul level=3 flags={ "opening_pending": false, "quest": { "heukrang_clear": { "state": "none", "left": 20, "barked": false }, "heukrang_seal": { "state": "killed" }, "heukrang_thanks": { "state": "killed" } }, "seal:boss_heukrang": 1, "boss_killed_heukrang_gul": true }
[Audio] 같은 순간 같은 큐 상한(3) 넘침 — drop ×5 (버림 누계 12)
[Audio] missing cue: drop_magic (파일 규약 design/audio.md §3)
[Audio] missing cue: drop_unique (파일 규약 design/audio.md §3)
  · 겹침: 송곳니 금 광선 = 封 가운데에서 0.86유닛(封 반폭 1.8 · 반깊이 1.62) · 조각 자리에서 1.05유닛(파문 반지름 1.1)
  · 흑랑 처치 封: 먹 폭 3.6 → 0.36 · 사라짐 4.55초
E2E boss_floor PASS (검사 44)
[Audio] BGM town → town.ogg
[Save] level 못골 마을 → user://save_e2e.json (C:/Users/FORYOUCOM/AppData/Roaming/Godot/app_userdata/Joseon Hunters/wt/codex-96-boss-opening-cutin/save_e2e.json)
[Dev] stairs DungeonEntrance dir=1 world=(0.0, 0.0, -31.0) screen=(2121.067, -492.4143)
[Dev] interact Merchant world=(5.4, 0.0, -2.4) screen=(1047.293, 368.0158)
[Dev] interact Shaman world=(-5.6, 0.0, 0.4) screen=(408.5833, 148.8999)
[Dev] interact Elder world=(2.0, 0.0, -5.6) screen=(1038.037, 191.6542)
[Dev] interact Waypoint world=(-4.2, 0.0, 2.2) screen=(390.0698, 234.4085)
E2E ▶ boss_bulgasari
[Dungeon] soeburi 3층 lv=9 seed=100493242 preset 32x30 rooms=2 up=(26, 24) down=(-1, -1) enemies=2 roster=soemeogi elites=[] named=-
[Audio] BGM boss → boss.ogg
[Save] level 쇠부리 폐광 3층 → user://save_e2e.json (C:/Users/FORYOUCOM/AppData/Roaming/Godot/app_userdata/Joseon Hunters/wt/codex-96-boss-opening-cutin/save_e2e.json)
[Dev] stairs StairsUp dir=-1 world=(26.5, 0.0, 24.5) screen=(593.7167, 335.9507)
  · 화로 Brazier_4_14 · 불가살이 (6.309781, 0.0, 12.90314) · 도호 (2.5, 0.000391, 15.5) · 달아오름 6.00초 · 출처 brazier
  · 달아오름 알림 = 달아오르고 0.67초 뒤 · 그때 도호 바크 없음 · 달아오름 5.3초 남음
  · 엽전 뜯기 물기 — 0.5초 · 선딜 1(코 0) · 닿은 한 대 1 · 맞음 1 · 달아오름 0 · 물러남 0 · 거리 1.42~1.42
[Dev] item 장검 world=(7.5, 0.0, 11.5) screen=(1056.55, 372.9372)
  · 바닥 칼 없음 · 불가살이 (6.384876, 0.000821, 12.47096) · 붙듦  · 간 1 · 먹은 1
  · 삼키기 사진 틀 (화면 (1280.0, 720.0)) — 보스 머리 (607.3035, 196.6392) · 발 (607.3035, 397.1378) · 「무적」 (603.9661, 183.9261) · 도호 머리 (700.7221, 352.8719) · 몸집 × 1.22 · 겉칠 (0.74, 0.78, 0.86, 0.32)
  · 포효 밀린 칸 3.000 (정격 3.0 · 경직 true · 도호 (9.5, 0.000391, 12.5) → (12.49721, 0.000391, 12.37051) · 불가살이 (8.531126, 0.000821, 12.50598))
  · 코 밀린 칸 2.000 (정격 2.0 · 맞음 true · 도호 (10.5, 0.000391, 12.5) → (12.49999, 0.000391, 12.49433) · 불가살이 (9.311111, 0.000821, 12.50241))
[Kill] +2912 xp (lv 11, 58/730)
[LevelUp] lv=11 stat_pts=50 skill_pts=10
[Dev] item 미식별 미투리 world=(14.23111, 0.0, 12.50045) screen=(581.2505, 310.0938)
[Dev] item 탕약 — 쌍화탕 world=(14.23111, 0.0, 12.50045) screen=(581.2505, 310.0938)
[Dev] item 탕약 — 십전대보탕 world=(14.23111, 0.0, 12.50045) screen=(581.2505, 310.0938)
[Dev] item 영약 — 총명탕 world=(14.23111, 0.0, 12.50045) screen=(581.2505, 310.0938)
[Dev] item 식별부첩 world=(14.23111, 0.0, 12.50045) screen=(581.2505, 310.0938)
[Dev] item 불가살이의 쇠비늘 world=(14.23111, 0.0, 12.50045) screen=(581.2505, 310.0938)
[Dev] item 미식별 목검 world=(14.23111, 0.0, 12.50045) screen=(581.2505, 310.0938)
[Dev] item 미식별 명두 world=(14.23111, 0.0, 12.50045) screen=(581.2505, 310.0938)
[Dev] item 미식별 장검 world=(14.23111, 0.0, 12.50045) screen=(581.2505, 310.0938)
[Loot] 보스 전용 유니크 — boss_bulgasari 첫 처치 → u_soe_eater (회차 1)
[Dev] item 불가살이의 사슬 조각 world=(14.23111, 0.0, 12.50045) screen=(581.2505, 310.0938)
[Dev] item 엽전 world=(14.23111, 0.0, 12.50045) screen=(581.2505, 310.0938)
[Dev] item 엽전 world=(14.23111, 0.0, 12.50045) screen=(581.2505, 310.0938)
[Save] boss → user://save_e2e.json (C:/Users/FORYOUCOM/AppData/Roaming/Godot/app_userdata/Joseon Hunters/wt/codex-96-boss-opening-cutin/save_e2e.json)
[Boss] killed area=soeburi level=9 flags={ "opening_pending": false, "seal:boss_bulgasari": 1, "boss_killed_soeburi": true }
[Audio] 같은 순간 같은 큐 상한(3) 넘침 — drop ×5 (버림 누계 17)
  · 처치 뒤 줄 — 처치 1.80초 · 스킬 포인트 3.50초 (드랍 다 앉음 ≤ 0.90초)
E2E boss_bulgasari PASS (검사 47)
[Audio] BGM town → town.ogg
[Save] level 못골 마을 → user://save_e2e.json (C:/Users/FORYOUCOM/AppData/Roaming/Godot/app_userdata/Joseon Hunters/wt/codex-96-boss-opening-cutin/save_e2e.json)
[Dev] stairs DungeonEntrance dir=1 world=(0.0, 0.0, -31.0) screen=(2121.067, -492.4143)
[Dev] interact Merchant world=(5.4, 0.0, -2.4) screen=(1047.293, 368.0158)
[Dev] interact Shaman world=(-5.6, 0.0, 0.4) screen=(408.5833, 148.8999)
[Dev] interact Elder world=(2.0, 0.0, -5.6) screen=(1038.037, 191.6542)
[Dev] interact Waypoint world=(-4.2, 0.0, 2.2) screen=(390.0698, 234.4085)
E2E ▶ boss_jangsanbeom
[Dungeon] beomgul 3층 lv=6 seed=3376041942 preset 32x30 rooms=2 up=(26, 24) down=(-1, -1) enemies=0 roster= elites=[] named=-
[Audio] BGM boss → boss.ogg
[Save] level 범굴 3층 → user://save_e2e.json (C:/Users/FORYOUCOM/AppData/Roaming/Godot/app_userdata/Joseon Hunters/wt/codex-96-boss-opening-cutin/save_e2e.json)
[Dev] stairs StairsUp dir=-1 world=(26.5, 0.0, 24.5) screen=(593.7167, 335.9507)
  · 앞선 덮치기 1번 · 미끼 「바위 숨결」 · 선딜까지 기다림 끝
  · 덮치기: 선딜 자리 (5.757019, 0.00094, 11.2427) · 도호 (15.5, 0.000391, 13.5) · 끝 (14.37815, 0.00094, 13.24008) · 끝난 까닭 hit · 도호 지금 (15.5, 0.000391, 13.5)
  · 덮치기·빛 안 물기 뒤 도호 생명 110 → 79 (명중 굴림)
[Kill] +0 xp (lv 1, 0/20)
[Kill] +0 xp (lv 1, 0/20)
  · 털 낚아채기 끌린 칸 2.809 (기대 2.809 = 거리 4.209 − 몸 앞 1.400 · 경직 true · 도호 (18.5, 0.000391, 13.5) → (15.69716, 0.000391, 13.31449))
[Kill] +1000 xp (lv 7, 141/370)
[LevelUp] lv=7 stat_pts=30 skill_pts=6
[Dev] item 미식별 명두 world=(14.54751, 0.0, 13.35783) screen=(582.0286, 312.6097)
[Dev] item 탕약 — 십전대보탕 world=(14.54751, 0.0, 13.35783) screen=(582.0286, 312.6097)
[Dev] item 탕약 — 쌍화탕 world=(14.54751, 0.0, 13.35783) screen=(582.0286, 312.6097)
[Dev] item 탕약 — 십전대보탕 world=(14.54751, 0.0, 13.35783) screen=(582.0286, 312.6097)
[Dev] item 식별부첩 world=(14.54751, 0.0, 13.35783) screen=(582.0286, 312.6097)
[Dev] item 장산범의 흰 털 world=(14.54751, 0.0, 13.35783) screen=(582.0286, 312.6097)
[Dev] item 장산범의 흰 털 world=(14.54751, 0.0, 13.35783) screen=(582.0286, 312.6097)
[Dev] item 미식별 두정갑 world=(14.54751, 0.0, 13.35783) screen=(582.0286, 312.6097)
[Dev] item 미식별 목화 world=(14.54751, 0.0, 13.35783) screen=(582.0286, 312.6097)
[Dev] item 미식별 명두 world=(14.54751, 0.0, 13.35783) screen=(582.0286, 312.6097)
[Loot] 보스 전용 유니크 — boss_jangsanbeom 첫 처치 → u_jangsanbeom_eye (회차 1)
[Dev] item 장산범의 봉인고리 world=(14.54751, 0.0, 13.35783) screen=(582.0286, 312.6097)
[Dev] item 엽전 world=(14.54751, 0.0, 13.35783) screen=(582.0286, 312.6097)
[Save] boss → user://save_e2e.json (C:/Users/FORYOUCOM/AppData/Roaming/Godot/app_userdata/Joseon Hunters/wt/codex-96-boss-opening-cutin/save_e2e.json)
[Boss] killed area=beomgul level=6 flags={ "opening_pending": false, "seal:boss_jangsanbeom": 1, "boss_killed_beomgul": true }
[Audio] 같은 순간 같은 큐 상한(3) 넘침 — drop ×5 (버림 누계 22)
E2E boss_jangsanbeom PASS (검사 42)
[Audio] BGM town → town.ogg
[Save] level 못골 마을 → user://save_e2e.json (C:/Users/FORYOUCOM/AppData/Roaming/Godot/app_userdata/Joseon Hunters/wt/codex-96-boss-opening-cutin/save_e2e.json)
[Dev] stairs DungeonEntrance dir=1 world=(0.0, 0.0, -31.0) screen=(2121.067, -492.4143)
[Dev] interact Merchant world=(5.4, 0.0, -2.4) screen=(1047.293, 368.0158)
[Dev] interact Shaman world=(-5.6, 0.0, 0.4) screen=(408.5833, 148.8999)
[Dev] interact Elder world=(2.0, 0.0, -5.6) screen=(1038.037, 191.6542)
[Dev] interact Waypoint world=(-4.2, 0.0, 2.2) screen=(390.0698, 234.4085)
E2E ▶ heukrang_look
[Dungeon] heukrang_gul 1층 lv=2 seed=403727558 gen 64x64 rooms=6 up=(44, 56) down=(7, 23) enemies=20 roster=bandit,bat,talisman_master elites=["방2:금색×3(깊이 0.50)"] named=-
[Quest] heukrang_gul 1층 — 싹쓸이 셈 시작 20 (heukrang_clear:none)
[Audio] BGM dungeon → dungeon_3.ogg
[Save] level 흑랑 굴 1층 → user://save_e2e.json (C:/Users/FORYOUCOM/AppData/Roaming/Godot/app_userdata/Joseon Hunters/wt/codex-96-boss-opening-cutin/save_e2e.json)
[Dev] stairs StairsUp dir=-1 world=(44.5, 0.0, 56.5) screen=(593.7165, 335.9509)
[Dev] stairs StairsDown dir=1 world=(7.5, 0.0, 23.5) screen=(408.583, -1534.551)
[Dev] interact PusJar world=(29.5, 0.0, 42.5) screen=(547.433, -487.0705)
[Dev] interact @Area3D@16848 world=(14.5, 0.0, 24.5) screen=(686.2831, -1368.878)
[Dev] interact @Area3D@16849 world=(23.5, 0.0, 18.5) screen=(1380.534, -1288.714)
[Dev] interact LootChest world=(29.5, 0.0, 39.5) screen=(686.2831, -567.2349)
[Dev] interact @Area3D@16850 world=(40.5, 0.0, 38.5) screen=(1241.683, -300.0204)
[Dev] interact LootPot world=(21.5, 0.0, 43.5) screen=(130.8828, -674.1207)
[Dev] interact @Area3D@16851 world=(22.5, 0.0, 44.5) screen=(130.8829, -620.6779)
[Dev] interact @Area3D@16852 world=(19.5, 0.0, 9.5) screen=(1611.95, -1636.093)
[Dev] interact @Area3D@16853 world=(20.5, 0.0, 9.5) screen=(1658.234, -1609.372)
[Dev] interact @Area3D@16854 world=(44.5, 0.0, 51.5) screen=(825.1333, 154.2443)
[Dev] interact @Area3D@16855 world=(44.5, 0.0, 52.5) screen=(778.8499, 180.9657)
[Dev] interact @Area3D@16856 world=(21.5, 0.0, 39.5) screen=(316.0163, -781.0065)
[Dungeon] heukrang_gul 2층 lv=3 seed=3189434797 preset 28x28 rooms=2 up=(22, 23) down=(-1, -1) enemies=2 roster=bat elites=[] named=-
[Audio] BGM boss → boss.ogg
[Save] level 흑랑 굴 2층 → user://save_e2e.json (C:/Users/FORYOUCOM/AppData/Roaming/Godot/app_userdata/Joseon Hunters/wt/codex-96-boss-opening-cutin/save_e2e.json)
[Dev] stairs StairsUp dir=-1 world=(22.5, 0.0, 23.5) screen=(593.7167, 335.9507)
E2E heukrang_look PASS (검사 4)
[Audio] BGM town → town.ogg
[Save] level 못골 마을 → user://save_e2e.json (C:/Users/FORYOUCOM/AppData/Roaming/Godot/app_userdata/Joseon Hunters/wt/codex-96-boss-opening-cutin/save_e2e.json)
[Dev] stairs DungeonEntrance dir=1 world=(0.0, 0.0, -31.0) screen=(2121.067, -492.4143)
[Dev] interact Merchant world=(5.4, 0.0, -2.4) screen=(1047.293, 368.0158)
[Dev] interact Shaman world=(-5.6, 0.0, 0.4) screen=(408.5833, 148.8999)
[Dev] interact Elder world=(2.0, 0.0, -5.6) screen=(1038.037, 191.6542)
[Dev] interact Waypoint world=(-4.2, 0.0, 2.2) screen=(390.0698, 234.4085)
E2E ▶ heukrang_pounce
[Dungeon] heukrang_gul 1층 lv=2 seed=403727558 gen 64x64 rooms=6 up=(44, 56) down=(7, 23) enemies=20 roster=bandit,bat,talisman_master elites=["방2:금색×3(깊이 0.50)"] named=-
[Quest] heukrang_gul 1층 — 싹쓸이 셈 시작 20 (heukrang_clear:none)
[Audio] BGM dungeon → dungeon_2.ogg
[Save] level 흑랑 굴 1층 → user://save_e2e.json (C:/Users/FORYOUCOM/AppData/Roaming/Godot/app_userdata/Joseon Hunters/wt/codex-96-boss-opening-cutin/save_e2e.json)
[Dev] stairs StairsUp dir=-1 world=(44.5, 0.0, 56.5) screen=(593.7165, 335.9509)
[Dev] stairs StairsDown dir=1 world=(7.5, 0.0, 23.5) screen=(408.583, -1534.551)
[Dev] interact PusJar world=(29.5, 0.0, 42.5) screen=(547.433, -487.0705)
[Dev] interact @Area3D@17266 world=(14.5, 0.0, 24.5) screen=(686.2831, -1368.878)
[Dev] interact @Area3D@17267 world=(23.5, 0.0, 18.5) screen=(1380.534, -1288.714)
[Dev] interact LootChest world=(29.5, 0.0, 39.5) screen=(686.2831, -567.2349)
[Dev] interact @Area3D@17268 world=(40.5, 0.0, 38.5) screen=(1241.683, -300.0204)
[Dev] interact LootPot world=(21.5, 0.0, 43.5) screen=(130.8828, -674.1207)
[Dev] interact @Area3D@17269 world=(22.5, 0.0, 44.5) screen=(130.8829, -620.6779)
[Dev] interact @Area3D@17270 world=(19.5, 0.0, 9.5) screen=(1611.95, -1636.093)
[Dev] interact @Area3D@17271 world=(20.5, 0.0, 9.5) screen=(1658.234, -1609.372)
[Dev] interact @Area3D@17272 world=(44.5, 0.0, 51.5) screen=(825.1333, 154.2443)
[Dev] interact @Area3D@17273 world=(44.5, 0.0, 52.5) screen=(778.8499, 180.9657)
[Dev] interact @Area3D@17274 world=(21.5, 0.0, 39.5) screen=(316.0163, -781.0065)
[Dungeon] heukrang_gul 2층 lv=3 seed=3189434797 preset 28x28 rooms=2 up=(22, 23) down=(-1, -1) enemies=2 roster=bat elites=[] named=-
[Audio] BGM boss → boss.ogg
[Save] level 흑랑 굴 2층 → user://save_e2e.json (C:/Users/FORYOUCOM/AppData/Roaming/Godot/app_userdata/Joseon Hunters/wt/codex-96-boss-opening-cutin/save_e2e.json)
[Dev] stairs StairsUp dir=-1 world=(22.5, 0.0, 23.5) screen=(593.7167, 335.9507)
  · 흑랑 클립 = attack, die, hit, idle, pounce, pounce_air, pounce_land, run, walk · 덮치기 클립 있음(#506 반입 뒤 — 클립 차례를 검사한다)
  · 돌격 1 — 선딜 0.50초 pounce · 돌진 0.65초 pounce →  → pounce_air · 착지 뒤 0.9초 pounce_land → idle · 뜬 몸 엉덩이 +23cm (선딜 전 높이 기준)
  ·   pounce 재생 배율 × 1.00
  ·   pounce_air 재생 배율 × 1.00
  ·   pounce_land 재생 배율 × 1.00
E2E heukrang_pounce PASS (검사 11)
[Audio] BGM town → town.ogg
[Save] level 못골 마을 → user://save_e2e.json (C:/Users/FORYOUCOM/AppData/Roaming/Godot/app_userdata/Joseon Hunters/wt/codex-96-boss-opening-cutin/save_e2e.json)
[Dev] stairs DungeonEntrance dir=1 world=(0.0, 0.0, -31.0) screen=(2121.067, -492.4143)
[Dev] interact Merchant world=(5.4, 0.0, -2.4) screen=(1047.293, 368.0158)
[Dev] interact Shaman world=(-5.6, 0.0, 0.4) screen=(408.5833, 148.8999)
[Dev] interact Elder world=(2.0, 0.0, -5.6) screen=(1038.037, 191.6542)
[Dev] interact Waypoint world=(-4.2, 0.0, 2.2) screen=(390.0698, 234.4085)
E2E ▶ visual_swap
[Click] world=(3.99961, 0.0, 0.99961) cell=(3, 0)
[Dungeon] heukrang_gul 1층 lv=2 seed=403727558 gen 64x64 rooms=6 up=(44, 56) down=(7, 23) enemies=20 roster=bandit,bat,talisman_master elites=["방2:금색×3(깊이 0.50)"] named=-
[Quest] heukrang_gul 1층 — 싹쓸이 셈 시작 20 (heukrang_clear:none)
[Audio] BGM dungeon → dungeon_4.ogg
[Save] level 흑랑 굴 1층 → user://save_e2e.json (C:/Users/FORYOUCOM/AppData/Roaming/Godot/app_userdata/Joseon Hunters/wt/codex-96-boss-opening-cutin/save_e2e.json)
[Dev] stairs StairsUp dir=-1 world=(44.5, 0.0, 56.5) screen=(593.7165, 335.9509)
[Dev] stairs StairsDown dir=1 world=(7.5, 0.0, 23.5) screen=(408.583, -1534.551)
[Dev] interact PusJar world=(29.5, 0.0, 42.5) screen=(547.433, -487.0705)
[Dev] interact @Area3D@17686 world=(14.5, 0.0, 24.5) screen=(686.2831, -1368.878)
[Dev] interact @Area3D@17687 world=(23.5, 0.0, 18.5) screen=(1380.534, -1288.714)
[Dev] interact LootChest world=(29.5, 0.0, 39.5) screen=(686.2831, -567.2349)
[Dev] interact @Area3D@17688 world=(40.5, 0.0, 38.5) screen=(1241.683, -300.0204)
[Dev] interact LootPot world=(21.5, 0.0, 43.5) screen=(130.8828, -674.1207)
[Dev] interact @Area3D@17689 world=(22.5, 0.0, 44.5) screen=(130.8829, -620.6779)
[Dev] interact @Area3D@17690 world=(19.5, 0.0, 9.5) screen=(1611.95, -1636.093)
[Dev] interact @Area3D@17691 world=(20.5, 0.0, 9.5) screen=(1658.234, -1609.372)
[Dev] interact @Area3D@17692 world=(44.5, 0.0, 51.5) screen=(825.1333, 154.2443)
[Dev] interact @Area3D@17693 world=(44.5, 0.0, 52.5) screen=(778.8499, 180.9657)
[Dev] interact @Area3D@17694 world=(21.5, 0.0, 39.5) screen=(316.0163, -781.0065)
E2E visual_swap PASS (검사 63)
[Audio] BGM town → town.ogg
[Save] level 못골 마을 → user://save_e2e.json (C:/Users/FORYOUCOM/AppData/Roaming/Godot/app_userdata/Joseon Hunters/wt/codex-96-boss-opening-cutin/save_e2e.json)
[Dev] stairs DungeonEntrance dir=1 world=(0.0, 0.0, -31.0) screen=(2121.067, -492.4143)
[Dev] interact Merchant world=(5.4, 0.0, -2.4) screen=(1047.293, 368.0158)
[Dev] interact Shaman world=(-5.6, 0.0, 0.4) screen=(408.5833, 148.8999)
[Dev] interact Elder world=(2.0, 0.0, -5.6) screen=(1038.037, 191.6542)
[Dev] interact Waypoint world=(-4.2, 0.0, 2.2) screen=(390.0698, 234.4085)
E2E ▶ run_upright
[Click] world=(10.5, 0.0, 11.5) cell=(10, 11)
  · 달린 시간 1.50초 · 5.7칸 · 갱신 197(달리기 클립 197) · 머리−골반 최저 +0.442 (0.2 미만 0번) · 몸 뼈 최대 어긋남 0.0cm ()
  · 옷 뼈 최대 흔들림(애니와 벌어진 각): Hem_L 25.0°, Hem_R 26.7°, Sleeve_L 73.4°, Sleeve_R 33.4°, SashTail 37.5°
  · 순간이동 5.7칸 → 8번 잼 · 옷 뼈 최대 1.2° (Sleeve_L) · 몸 뼈 최대 0.0cm
E2E run_upright PASS (검사 16)
[Save] level 못골 마을 → user://save_e2e.json (C:/Users/FORYOUCOM/AppData/Roaming/Godot/app_userdata/Joseon Hunters/wt/codex-96-boss-opening-cutin/save_e2e.json)
[Dev] stairs DungeonEntrance dir=1 world=(0.0, 0.0, -31.0) screen=(2121.067, -492.4143)
[Dev] interact Merchant world=(5.4, 0.0, -2.4) screen=(1047.293, 368.0158)
[Dev] interact Shaman world=(-5.6, 0.0, 0.4) screen=(408.5833, 148.8999)
[Dev] interact Elder world=(2.0, 0.0, -5.6) screen=(1038.037, 191.6542)
[Dev] interact Waypoint world=(-4.2, 0.0, 2.2) screen=(390.0698, 234.4085)
E2E ▶ teleport_settle
[Dungeon] heukrang_gul 1층 lv=2 seed=403727558 gen 64x64 rooms=6 up=(44, 56) down=(7, 23) enemies=20 roster=bandit,bat,talisman_master elites=["방2:금색×3(깊이 0.50)"] named=-
[Quest] heukrang_gul 1층 — 싹쓸이 셈 시작 20 (heukrang_clear:none)
[Audio] BGM dungeon → dungeon_1.ogg
[Save] level 흑랑 굴 1층 → user://save_e2e.json (C:/Users/FORYOUCOM/AppData/Roaming/Godot/app_userdata/Joseon Hunters/wt/codex-96-boss-opening-cutin/save_e2e.json)
[Dev] stairs StairsUp dir=-1 world=(44.5, 0.0, 56.5) screen=(593.7165, 335.9509)
[Dev] stairs StairsDown dir=1 world=(7.5, 0.0, 23.5) screen=(408.583, -1534.551)
[Dev] interact PusJar world=(29.5, 0.0, 42.5) screen=(547.433, -487.0705)
[Dev] interact @Area3D@18194 world=(14.5, 0.0, 24.5) screen=(686.2831, -1368.878)
[Dev] interact @Area3D@18195 world=(23.5, 0.0, 18.5) screen=(1380.534, -1288.714)
[Dev] interact LootChest world=(29.5, 0.0, 39.5) screen=(686.2831, -567.2349)
[Dev] interact @Area3D@18196 world=(40.5, 0.0, 38.5) screen=(1241.683, -300.0204)
[Dev] interact LootPot world=(21.5, 0.0, 43.5) screen=(130.8828, -674.1207)
[Dev] interact @Area3D@18197 world=(22.5, 0.0, 44.5) screen=(130.8829, -620.6779)
[Dev] interact @Area3D@18198 world=(19.5, 0.0, 9.5) screen=(1611.95, -1636.093)
[Dev] interact @Area3D@18199 world=(20.5, 0.0, 9.5) screen=(1658.234, -1609.372)
[Dev] interact @Area3D@18200 world=(44.5, 0.0, 51.5) screen=(825.1333, 154.2443)
[Dev] interact @Area3D@18201 world=(44.5, 0.0, 52.5) screen=(778.8499, 180.9657)
[Dev] interact @Area3D@18202 world=(21.5, 0.0, 39.5) screen=(316.0163, -781.0065)
[Dev] removed 20 enemies
  · 자리 (22.5, 0.000391, 49.5) → 목적지 (27.5, 0.0, 49.5) (5.0칸)
  · 01_before (초기화 끔): 첫 프레임 옷 뼈 69.6° · 끝 19.4cm (Sleeve_L) · 8프레임 최대 112.6° · 끝 29.9cm (Sleeve_R) · 몸 뼈 0.0mm · 프레임별 [70°, 111°, 113°, 110°, 106°, 101°, 95°, 89°]
  · 02_after (초기화 켬): 첫 프레임 옷 뼈 0.1° · 끝 0.0cm (Sleeve_R) · 8프레임 최대 2.3° · 끝 0.7cm (Sleeve_L) · 몸 뼈 0.0mm · 프레임별 [0°, 0°, 1°, 1°, 2°, 2°, 2°, 2°]
E2E teleport_settle PASS (검사 10)
[Audio] BGM town → town.ogg
[Save] level 못골 마을 → user://save_e2e.json (C:/Users/FORYOUCOM/AppData/Roaming/Godot/app_userdata/Joseon Hunters/wt/codex-96-boss-opening-cutin/save_e2e.json)
[Dev] stairs DungeonEntrance dir=1 world=(0.0, 0.0, -31.0) screen=(2121.067, -492.4143)
[Dev] interact Merchant world=(5.4, 0.0, -2.4) screen=(1047.293, 368.0158)
[Dev] interact Shaman world=(-5.6, 0.0, 0.4) screen=(408.5833, 148.8999)
[Dev] interact Elder world=(2.0, 0.0, -5.6) screen=(1038.037, 191.6542)
[Dev] interact Waypoint world=(-4.2, 0.0, 2.2) screen=(390.0698, 234.4085)
E2E ▶ hit_stagger
[Dungeon] heukrang_gul 1층 lv=2 seed=403727558 gen 64x64 rooms=6 up=(44, 56) down=(7, 23) enemies=20 roster=bandit,bat,talisman_master elites=["방2:금색×3(깊이 0.50)"] named=-
[Quest] heukrang_gul 1층 — 싹쓸이 셈 시작 20 (heukrang_clear:none)
[Audio] BGM dungeon → dungeon_2.ogg
[Save] level 흑랑 굴 1층 → user://save_e2e.json (C:/Users/FORYOUCOM/AppData/Roaming/Godot/app_userdata/Joseon Hunters/wt/codex-96-boss-opening-cutin/save_e2e.json)
[Dev] stairs StairsUp dir=-1 world=(44.5, 0.0, 56.5) screen=(593.7165, 335.9509)
[Dev] stairs StairsDown dir=1 world=(7.5, 0.0, 23.5) screen=(408.583, -1534.551)
[Dev] interact PusJar world=(29.5, 0.0, 42.5) screen=(547.433, -487.0705)
[Dev] interact @Area3D@18543 world=(14.5, 0.0, 24.5) screen=(686.2831, -1368.878)
[Dev] interact @Area3D@18544 world=(23.5, 0.0, 18.5) screen=(1380.534, -1288.714)
[Dev] interact LootChest world=(29.5, 0.0, 39.5) screen=(686.2831, -567.2349)
[Dev] interact @Area3D@18545 world=(40.5, 0.0, 38.5) screen=(1241.683, -300.0204)
[Dev] interact LootPot world=(21.5, 0.0, 43.5) screen=(130.8828, -674.1207)
[Dev] interact @Area3D@18546 world=(22.5, 0.0, 44.5) screen=(130.8829, -620.6779)
[Dev] interact @Area3D@18547 world=(19.5, 0.0, 9.5) screen=(1611.95, -1636.093)
[Dev] interact @Area3D@18548 world=(20.5, 0.0, 9.5) screen=(1658.234, -1609.372)
[Dev] interact @Area3D@18549 world=(44.5, 0.0, 51.5) screen=(825.1333, 154.2443)
[Dev] interact @Area3D@18550 world=(44.5, 0.0, 52.5) screen=(778.8499, 180.9657)
[Dev] interact @Area3D@18551 world=(21.5, 0.0, 39.5) screen=(316.0163, -781.0065)
[Dev] removed 20 enemies
[Click] world=(51.5, 0.000391, 56.5) cell=(51, 56)
  · 넉백 실측 0.22유닛 (bandit def.knockback 0.35)
  · 보스 넉백 실측 0.06유닛 (def.knockback 0.10)
E2E hit_stagger PASS (검사 20)
[Audio] BGM town → town.ogg
[Save] level 못골 마을 → user://save_e2e.json (C:/Users/FORYOUCOM/AppData/Roaming/Godot/app_userdata/Joseon Hunters/wt/codex-96-boss-opening-cutin/save_e2e.json)
[Dev] stairs DungeonEntrance dir=1 world=(0.0, 0.0, -31.0) screen=(2121.067, -492.4143)
[Dev] interact Merchant world=(5.4, 0.0, -2.4) screen=(1047.293, 368.0158)
[Dev] interact Shaman world=(-5.6, 0.0, 0.4) screen=(408.5833, 148.8999)
[Dev] interact Elder world=(2.0, 0.0, -5.6) screen=(1038.037, 191.6542)
[Dev] interact Waypoint world=(-4.2, 0.0, 2.2) screen=(390.0698, 234.4085)
E2E ▶ hit_feel
[Dungeon] heukrang_gul 1층 lv=2 seed=403727558 gen 64x64 rooms=6 up=(44, 56) down=(7, 23) enemies=20 roster=bandit,bat,talisman_master elites=["방2:금색×3(깊이 0.50)"] named=-
[Quest] heukrang_gul 1층 — 싹쓸이 셈 시작 20 (heukrang_clear:none)
[Audio] BGM dungeon → dungeon_3.ogg
[Save] level 흑랑 굴 1층 → user://save_e2e.json (C:/Users/FORYOUCOM/AppData/Roaming/Godot/app_userdata/Joseon Hunters/wt/codex-96-boss-opening-cutin/save_e2e.json)
[Dev] stairs StairsUp dir=-1 world=(44.5, 0.0, 56.5) screen=(593.7165, 335.9509)
[Dev] stairs StairsDown dir=1 world=(7.5, 0.0, 23.5) screen=(408.583, -1534.551)
[Dev] interact PusJar world=(29.5, 0.0, 42.5) screen=(547.433, -487.0705)
[Dev] interact @Area3D@18896 world=(14.5, 0.0, 24.5) screen=(686.2831, -1368.878)
[Dev] interact @Area3D@18897 world=(23.5, 0.0, 18.5) screen=(1380.534, -1288.714)
[Dev] interact LootChest world=(29.5, 0.0, 39.5) screen=(686.2831, -567.2349)
[Dev] interact @Area3D@18898 world=(40.5, 0.0, 38.5) screen=(1241.683, -300.0204)
[Dev] interact LootPot world=(21.5, 0.0, 43.5) screen=(130.8828, -674.1207)
[Dev] interact @Area3D@18899 world=(22.5, 0.0, 44.5) screen=(130.8829, -620.6779)
[Dev] interact @Area3D@18900 world=(19.5, 0.0, 9.5) screen=(1611.95, -1636.093)
[Dev] interact @Area3D@18901 world=(20.5, 0.0, 9.5) screen=(1658.234, -1609.372)
[Dev] interact @Area3D@18902 world=(44.5, 0.0, 51.5) screen=(825.1333, 154.2443)
[Dev] interact @Area3D@18903 world=(44.5, 0.0, 52.5) screen=(778.8499, 180.9657)
[Dev] interact @Area3D@18904 world=(21.5, 0.0, 39.5) screen=(316.0163, -781.0065)
[Dev] removed 20 enemies
[Kill] +6 xp (lv 1, 6/20)
[Dev] item 식별부 world=(48.31107, 0.0, 55.86855) screen=(799.3312, 402.2304)
[Audio] 같은 순간 같은 큐 상한(3) 넘침 — enemy_hurt ×1 (버림 누계 23)
[Kill] +6 xp (lv 1, 12/20)
[Dev] item 엽전 world=(46.70548, 0.0, 57.7053) screen=(640.0083, 408.4074)
[Kill] +6 xp (lv 1, 18/20)
[Dev] item 탕약 — 쌍화탕 world=(46.59344, 0.0, 58.10043) screen=(616.5344, 415.9721)
[Kill] +6 xp (lv 2, 4/57)
[LevelUp] lv=2 stat_pts=5 skill_pts=1
[Dev] item 엽전 world=(46.91087, 0.0, 58.10653) screen=(630.9437, 424.6173)
[Audio] 같은 순간 같은 큐 상한(3) 넘침 — hit ×3 · enemy_hurt ×3 (버림 누계 29)
E2E hit_feel PASS (검사 27)
[Audio] BGM town → town.ogg
[Save] level 못골 마을 → user://save_e2e.json (C:/Users/FORYOUCOM/AppData/Roaming/Godot/app_userdata/Joseon Hunters/wt/codex-96-boss-opening-cutin/save_e2e.json)
[Dev] stairs DungeonEntrance dir=1 world=(0.0, 0.0, -31.0) screen=(2121.067, -492.4143)
[Dev] interact Merchant world=(5.4, 0.0, -2.4) screen=(1047.293, 368.0158)
[Dev] interact Shaman world=(-5.6, 0.0, 0.4) screen=(408.5833, 148.8999)
[Dev] interact Elder world=(2.0, 0.0, -5.6) screen=(1038.037, 191.6542)
[Dev] interact Waypoint world=(-4.2, 0.0, 2.2) screen=(390.0698, 234.4085)
E2E ▶ element_affix
[Dungeon] heukrang_gul 1층 lv=2 seed=403727558 gen 64x64 rooms=6 up=(44, 56) down=(7, 23) enemies=20 roster=bandit,bat,talisman_master elites=["방2:금색×3(깊이 0.50)"] named=-
[Quest] heukrang_gul 1층 — 싹쓸이 셈 시작 20 (heukrang_clear:none)
[Audio] BGM dungeon → dungeon_4.ogg
[Save] level 흑랑 굴 1층 → user://save_e2e.json (C:/Users/FORYOUCOM/AppData/Roaming/Godot/app_userdata/Joseon Hunters/wt/codex-96-boss-opening-cutin/save_e2e.json)
[Dev] stairs StairsUp dir=-1 world=(44.5, 0.0, 56.5) screen=(593.7165, 335.9509)
[Dev] stairs StairsDown dir=1 world=(7.5, 0.0, 23.5) screen=(408.583, -1534.551)
[Dev] interact PusJar world=(29.5, 0.0, 42.5) screen=(547.433, -487.0705)
[Dev] interact @Area3D@19274 world=(14.5, 0.0, 24.5) screen=(686.2831, -1368.878)
[Dev] interact @Area3D@19275 world=(23.5, 0.0, 18.5) screen=(1380.534, -1288.714)
[Dev] interact LootChest world=(29.5, 0.0, 39.5) screen=(686.2831, -567.2349)
[Dev] interact @Area3D@19276 world=(40.5, 0.0, 38.5) screen=(1241.683, -300.0204)
[Dev] interact LootPot world=(21.5, 0.0, 43.5) screen=(130.8828, -674.1207)
[Dev] interact @Area3D@19277 world=(22.5, 0.0, 44.5) screen=(130.8829, -620.6779)
[Dev] interact @Area3D@19278 world=(19.5, 0.0, 9.5) screen=(1611.95, -1636.093)
[Dev] interact @Area3D@19279 world=(20.5, 0.0, 9.5) screen=(1658.234, -1609.372)
[Dev] interact @Area3D@19280 world=(44.5, 0.0, 51.5) screen=(825.1333, 154.2443)
[Dev] interact @Area3D@19281 world=(44.5, 0.0, 52.5) screen=(778.8499, 180.9657)
[Dev] interact @Area3D@19282 world=(21.5, 0.0, 39.5) screen=(316.0163, -781.0065)
[Dev] removed 20 enemies
[Audio] 같은 순간 같은 큐 상한(3) 넘침 — hit ×113 · enemy_hurt ×114 (버림 누계 256)
[Audio] 같은 순간 같은 큐 상한(3) 넘침 — hit ×38 · enemy_hurt ×40 (버림 누계 334)
E2E element_affix PASS (검사 7)
[Audio] BGM town → town.ogg
[Save] level 못골 마을 → user://save_e2e.json (C:/Users/FORYOUCOM/AppData/Roaming/Godot/app_userdata/Joseon Hunters/wt/codex-96-boss-opening-cutin/save_e2e.json)
[Audio] 같은 순간 같은 큐 상한(3) 넘침 — hit ×3 · enemy_hurt ×3 (버림 누계 340)
[Dev] stairs DungeonEntrance dir=1 world=(0.0, 0.0, -31.0) screen=(2121.067, -492.4143)
[Dev] interact Merchant world=(5.4, 0.0, -2.4) screen=(1047.293, 368.0158)
[Dev] interact Shaman world=(-5.6, 0.0, 0.4) screen=(408.5833, 148.8999)
[Dev] interact Elder world=(2.0, 0.0, -5.6) screen=(1038.037, 191.6542)
[Dev] interact Waypoint world=(-4.2, 0.0, 2.2) screen=(390.0698, 234.4085)
E2E ▶ affix_combat
[Dungeon] heukrang_gul 1층 lv=2 seed=403727558 gen 64x64 rooms=6 up=(44, 56) down=(7, 23) enemies=20 roster=bandit,bat,talisman_master elites=["방2:금색×3(깊이 0.50)"] named=-
[Quest] heukrang_gul 1층 — 싹쓸이 셈 시작 20 (heukrang_clear:none)
[Audio] BGM dungeon → dungeon_1.ogg
[Save] level 흑랑 굴 1층 → user://save_e2e.json (C:/Users/FORYOUCOM/AppData/Roaming/Godot/app_userdata/Joseon Hunters/wt/codex-96-boss-opening-cutin/save_e2e.json)
[Dev] stairs StairsUp dir=-1 world=(44.5, 0.0, 56.5) screen=(593.7165, 335.9509)
[Dev] stairs StairsDown dir=1 world=(7.5, 0.0, 23.5) screen=(408.583, -1534.551)
[Dev] interact PusJar world=(29.5, 0.0, 42.5) screen=(547.433, -487.0705)
[Dev] interact @Area3D@19647 world=(14.5, 0.0, 24.5) screen=(686.2831, -1368.878)
[Dev] interact @Area3D@19648 world=(23.5, 0.0, 18.5) screen=(1380.534, -1288.714)
[Dev] interact LootChest world=(29.5, 0.0, 39.5) screen=(686.2831, -567.2349)
[Dev] interact @Area3D@19649 world=(40.5, 0.0, 38.5) screen=(1241.683, -300.0204)
[Dev] interact LootPot world=(21.5, 0.0, 43.5) screen=(130.8828, -674.1207)
[Dev] interact @Area3D@19650 world=(22.5, 0.0, 44.5) screen=(130.8829, -620.6779)
[Dev] interact @Area3D@19651 world=(19.5, 0.0, 9.5) screen=(1611.95, -1636.093)
[Dev] interact @Area3D@19652 world=(20.5, 0.0, 9.5) screen=(1658.234, -1609.372)
[Dev] interact @Area3D@19653 world=(44.5, 0.0, 51.5) screen=(825.1333, 154.2443)
[Dev] interact @Area3D@19654 world=(44.5, 0.0, 52.5) screen=(778.8499, 180.9657)
[Dev] interact @Area3D@19655 world=(21.5, 0.0, 39.5) screen=(316.0163, -781.0065)
[Dev] removed 20 enemies
  · 산적 경직 구간 0.350~0.350 → 회초리 0.450~0.450 · 밀림 0.220 → 0.330
[Kill] +2 xp (lv 12, 2/831)
[Dev] item 은가락지 world=(17.7, 0.0, 49.5) screen=(695.5399, 376.0538)
[Talisman] 화염부 → 적 (19.5, 0.0, 49.5) (배율 1.20 · 아낌 false · 흩뿌리기 {  })
[Kill] +2 xp (lv 12, 4/831)
[Dev] item 엽전 world=(19.5, 0.0, 49.5) screen=(778.8499, 424.1524)
[Dev] item 미식별 무명 도포 world=(19.5, 0.0, 49.5) screen=(778.8499, 424.1524)
[Save] quest → user://save_e2e.json (C:/Users/FORYOUCOM/AppData/Roaming/Godot/app_userdata/Joseon Hunters/wt/codex-96-boss-opening-cutin/save_e2e.json)
[Quest] heukrang_clear 싹쓸이 완료 (none → killed)
  · 받는 경직 구간 0.300~0.300 → −25% 0.225~0.225 → 상한 0.120~0.120
E2E affix_combat PASS (검사 40)
[Audio] BGM town → town.ogg
[Save] level 못골 마을 → user://save_e2e.json (C:/Users/FORYOUCOM/AppData/Roaming/Godot/app_userdata/Joseon Hunters/wt/codex-96-boss-opening-cutin/save_e2e.json)
[Dev] stairs DungeonEntrance dir=1 world=(0.0, 0.0, -31.0) screen=(2121.067, -492.4143)
[Dev] interact Merchant world=(5.4, 0.0, -2.4) screen=(1047.293, 368.0158)
[Dev] interact Shaman world=(-5.6, 0.0, 0.4) screen=(408.5833, 148.8999)
[Dev] interact Elder world=(2.0, 0.0, -5.6) screen=(1038.037, 191.6542)
[Dev] interact Waypoint world=(-4.2, 0.0, 2.2) screen=(390.0698, 234.4085)
E2E ▶ attack_chain
[Dungeon] heukrang_gul 1층 lv=2 seed=403727558 gen 64x64 rooms=6 up=(44, 56) down=(7, 23) enemies=20 roster=bandit,bat,talisman_master elites=["방2:금색×3(깊이 0.50)"] named=-
[Quest] heukrang_gul 1층 — 싹쓸이 셈 시작 20 (heukrang_clear:none)
[Audio] BGM dungeon → dungeon_2.ogg
[Save] level 흑랑 굴 1층 → user://save_e2e.json (C:/Users/FORYOUCOM/AppData/Roaming/Godot/app_userdata/Joseon Hunters/wt/codex-96-boss-opening-cutin/save_e2e.json)
[Dev] stairs StairsUp dir=-1 world=(44.5, 0.0, 56.5) screen=(593.7165, 335.9509)
[Dev] stairs StairsDown dir=1 world=(7.5, 0.0, 23.5) screen=(408.583, -1534.551)
[Dev] interact PusJar world=(29.5, 0.0, 42.5) screen=(547.433, -487.0705)
[Dev] interact @Area3D@20021 world=(14.5, 0.0, 24.5) screen=(686.2831, -1368.878)
[Dev] interact @Area3D@20022 world=(23.5, 0.0, 18.5) screen=(1380.534, -1288.714)
[Dev] interact LootChest world=(29.5, 0.0, 39.5) screen=(686.2831, -567.2349)
[Dev] interact @Area3D@20023 world=(40.5, 0.0, 38.5) screen=(1241.683, -300.0204)
[Dev] interact LootPot world=(21.5, 0.0, 43.5) screen=(130.8828, -674.1207)
[Dev] interact @Area3D@20024 world=(22.5, 0.0, 44.5) screen=(130.8829, -620.6779)
[Dev] interact @Area3D@20025 world=(19.5, 0.0, 9.5) screen=(1611.95, -1636.093)
[Dev] interact @Area3D@20026 world=(20.5, 0.0, 9.5) screen=(1658.234, -1609.372)
[Dev] interact @Area3D@20027 world=(44.5, 0.0, 51.5) screen=(825.1333, 154.2443)
[Dev] interact @Area3D@20028 world=(44.5, 0.0, 52.5) screen=(778.8499, 180.9657)
[Dev] interact @Area3D@20029 world=(21.5, 0.0, 39.5) screen=(316.0163, -781.0065)
[Dev] removed 20 enemies
  · ① 칸 [0, 1, 2, 0, 1] · 클립 ["attack", "attack2", "attack3", "attack", "attack2"] · 섞기 ["0.12", "0.10", "0.10", "0.10", "0.10"]
E2E attack_chain PASS (검사 21)
[Audio] BGM town → town.ogg
[Save] level 못골 마을 → user://save_e2e.json (C:/Users/FORYOUCOM/AppData/Roaming/Godot/app_userdata/Joseon Hunters/wt/codex-96-boss-opening-cutin/save_e2e.json)
[Dev] stairs DungeonEntrance dir=1 world=(0.0, 0.0, -31.0) screen=(2121.067, -492.4143)
[Dev] interact Merchant world=(5.4, 0.0, -2.4) screen=(1047.293, 368.0158)
[Dev] interact Shaman world=(-5.6, 0.0, 0.4) screen=(408.5833, 148.8999)
[Dev] interact Elder world=(2.0, 0.0, -5.6) screen=(1038.037, 191.6542)
[Dev] interact Waypoint world=(-4.2, 0.0, 2.2) screen=(390.0698, 234.4085)
E2E ▶ aspd_steps
[Dungeon] heukrang_gul 1층 lv=2 seed=403727558 gen 64x64 rooms=6 up=(44, 56) down=(7, 23) enemies=20 roster=bandit,bat,talisman_master elites=["방2:금색×3(깊이 0.50)"] named=-
[Quest] heukrang_gul 1층 — 싹쓸이 셈 시작 20 (heukrang_clear:none)
[Audio] BGM dungeon → dungeon_3.ogg
[Save] level 흑랑 굴 1층 → user://save_e2e.json (C:/Users/FORYOUCOM/AppData/Roaming/Godot/app_userdata/Joseon Hunters/wt/codex-96-boss-opening-cutin/save_e2e.json)
[Dev] stairs StairsUp dir=-1 world=(44.5, 0.0, 56.5) screen=(593.7165, 335.9509)
[Dev] stairs StairsDown dir=1 world=(7.5, 0.0, 23.5) screen=(408.583, -1534.551)
[Dev] interact PusJar world=(29.5, 0.0, 42.5) screen=(547.433, -487.0705)
[Dev] interact @Area3D@20373 world=(14.5, 0.0, 24.5) screen=(686.2831, -1368.878)
[Dev] interact @Area3D@20374 world=(23.5, 0.0, 18.5) screen=(1380.534, -1288.714)
[Dev] interact LootChest world=(29.5, 0.0, 39.5) screen=(686.2831, -567.2349)
[Dev] interact @Area3D@20375 world=(40.5, 0.0, 38.5) screen=(1241.683, -300.0204)
[Dev] interact LootPot world=(21.5, 0.0, 43.5) screen=(130.8828, -674.1207)
[Dev] interact @Area3D@20376 world=(22.5, 0.0, 44.5) screen=(130.8829, -620.6779)
[Dev] interact @Area3D@20377 world=(19.5, 0.0, 9.5) screen=(1611.95, -1636.093)
[Dev] interact @Area3D@20378 world=(20.5, 0.0, 9.5) screen=(1658.234, -1609.372)
[Dev] interact @Area3D@20379 world=(44.5, 0.0, 51.5) screen=(825.1333, 154.2443)
[Dev] interact @Area3D@20380 world=(44.5, 0.0, 52.5) screen=(778.8499, 180.9657)
[Dev] interact @Area3D@20381 world=(21.5, 0.0, 39.5) screen=(316.0163, -781.0065)
[Dev] removed 20 enemies
  · 0단계: 공속 1.100 · 간격 0.9091초 · 실제 휘두름 사이 0.917초
  · 10단계(예도 합 15): 공속 1.210 · 간격 0.8264초 · 실제 휘두름 사이 0.833초
  · 툴팁(예도) ["공격 속도", "장비 없이 1.10", "현재 1.21", "공속 +15% → 단계 +10% · 다음 단계까지 +5%"]
  · 20단계(예도 + 빠른 5, 합 20): 공속 1.320 · 간격 0.7576초 · 실제 휘두름 사이 0.767초
  · 툴팁(예도 + 빠른 5) ["공격 속도", "장비 없이 1.10", "현재 1.32", "공속 +20% → 단계 +20% · 다음 단계까지 +10%"]
E2E aspd_steps PASS (검사 27)
[Audio] BGM town → town.ogg
[Save] level 못골 마을 → user://save_e2e.json (C:/Users/FORYOUCOM/AppData/Roaming/Godot/app_userdata/Joseon Hunters/wt/codex-96-boss-opening-cutin/save_e2e.json)
[Dev] stairs DungeonEntrance dir=1 world=(0.0, 0.0, -31.0) screen=(2121.067, -492.4143)
[Dev] interact Merchant world=(5.4, 0.0, -2.4) screen=(1047.293, 368.0158)
[Dev] interact Shaman world=(-5.6, 0.0, 0.4) screen=(408.5833, 148.8999)
[Dev] interact Elder world=(2.0, 0.0, -5.6) screen=(1038.037, 191.6542)
[Dev] interact Waypoint world=(-4.2, 0.0, 2.2) screen=(390.0698, 234.4085)
E2E ▶ skill_then_attack
[Dungeon] heukrang_gul 1층 lv=2 seed=403727558 gen 64x64 rooms=6 up=(44, 56) down=(7, 23) enemies=20 roster=bandit,bat,talisman_master elites=["방2:금색×3(깊이 0.50)"] named=-
[Quest] heukrang_gul 1층 — 싹쓸이 셈 시작 20 (heukrang_clear:none)
[Audio] BGM dungeon → dungeon_4.ogg
[Save] level 흑랑 굴 1층 → user://save_e2e.json (C:/Users/FORYOUCOM/AppData/Roaming/Godot/app_userdata/Joseon Hunters/wt/codex-96-boss-opening-cutin/save_e2e.json)
[Dev] stairs StairsUp dir=-1 world=(44.5, 0.0, 56.5) screen=(593.7165, 335.9509)
[Dev] stairs StairsDown dir=1 world=(7.5, 0.0, 23.5) screen=(408.583, -1534.551)
[Dev] interact PusJar world=(29.5, 0.0, 42.5) screen=(547.433, -487.0705)
[Dev] interact @Area3D@20723 world=(14.5, 0.0, 24.5) screen=(686.2831, -1368.878)
[Dev] interact @Area3D@20724 world=(23.5, 0.0, 18.5) screen=(1380.534, -1288.714)
[Dev] interact LootChest world=(29.5, 0.0, 39.5) screen=(686.2831, -567.2349)
[Dev] interact @Area3D@20725 world=(40.5, 0.0, 38.5) screen=(1241.683, -300.0204)
[Dev] interact LootPot world=(21.5, 0.0, 43.5) screen=(130.8828, -674.1207)
[Dev] interact @Area3D@20726 world=(22.5, 0.0, 44.5) screen=(130.8829, -620.6779)
[Dev] interact @Area3D@20727 world=(19.5, 0.0, 9.5) screen=(1611.95, -1636.093)
[Dev] interact @Area3D@20728 world=(20.5, 0.0, 9.5) screen=(1658.234, -1609.372)
[Dev] interact @Area3D@20729 world=(44.5, 0.0, 51.5) screen=(825.1333, 154.2443)
[Dev] interact @Area3D@20730 world=(44.5, 0.0, 52.5) screen=(778.8499, 180.9657)
[Dev] interact @Area3D@20731 world=(21.5, 0.0, 39.5) screen=(316.0163, -781.0065)
[Dev] removed 20 enemies
[Skill] 참격 → mp 46/50
  · ① 참격: 시전 → 다음 평타 1.33초 (동작 1.33초) · 그 사이 클립 ["skill_strike"] · 평타가 시작될 때 skill_strike 94% 돎 · 다음 평타 attack2
[Skill] 회오리베기 → mp 42/50
  · ② 회오리: 시전 → 다음 평타 1.17초 (동작 1.15초) · 그 사이 클립 ["skill_whirl"] · 평타가 시작될 때 skill_whirl 95% 돎 · 다음 평타 attack2
[Skill] 돌진베기 → mp 44/50
  · ③ 돌진베기: 시전 → 다음 평타 1.75초 (동작 1.74초) · 그 사이 클립 ["skill_leap"] · 평타가 시작될 때 skill_leap 96% 돎 · 다음 평타 attack
[Talisman] 화염부 → 적 (23.7, 0.0, 49.5) (배율 1.20 · 아낌 false · 흩뿌리기 {  })
  · ④ 부적: 시전 → 다음 평타 0.80초 (동작 0.80초) · 그 사이 클립 ["cast"] · 평타가 시작될 때 cast 98% 돎 · 다음 평타 attack2
E2E skill_then_attack PASS (검사 64)
[Audio] BGM town → town.ogg
[Save] level 못골 마을 → user://save_e2e.json (C:/Users/FORYOUCOM/AppData/Roaming/Godot/app_userdata/Joseon Hunters/wt/codex-96-boss-opening-cutin/save_e2e.json)
[Dev] stairs DungeonEntrance dir=1 world=(0.0, 0.0, -31.0) screen=(2121.067, -492.4143)
[Dev] interact Merchant world=(5.4, 0.0, -2.4) screen=(1047.293, 368.0158)
[Dev] interact Shaman world=(-5.6, 0.0, 0.4) screen=(408.5833, 148.8999)
[Dev] interact Elder world=(2.0, 0.0, -5.6) screen=(1038.037, 191.6542)
[Dev] interact Waypoint world=(-4.2, 0.0, 2.2) screen=(390.0698, 234.4085)
E2E ▶ anim_commit
[Dungeon] heukrang_gul 1층 lv=2 seed=403727558 gen 64x64 rooms=6 up=(44, 56) down=(7, 23) enemies=20 roster=bandit,bat,talisman_master elites=["방2:금색×3(깊이 0.50)"] named=-
[Quest] heukrang_gul 1층 — 싹쓸이 셈 시작 20 (heukrang_clear:none)
[Audio] BGM dungeon → dungeon_2.ogg
[Save] level 흑랑 굴 1층 → user://save_e2e.json (C:/Users/FORYOUCOM/AppData/Roaming/Godot/app_userdata/Joseon Hunters/wt/codex-96-boss-opening-cutin/save_e2e.json)
[Dev] stairs StairsUp dir=-1 world=(44.5, 0.0, 56.5) screen=(593.7165, 335.9509)
[Dev] stairs StairsDown dir=1 world=(7.5, 0.0, 23.5) screen=(408.583, -1534.551)
[Dev] interact PusJar world=(29.5, 0.0, 42.5) screen=(547.433, -487.0705)
[Dev] interact @Area3D@21080 world=(14.5, 0.0, 24.5) screen=(686.2831, -1368.878)
[Dev] interact @Area3D@21081 world=(23.5, 0.0, 18.5) screen=(1380.534, -1288.714)
[Dev] interact LootChest world=(29.5, 0.0, 39.5) screen=(686.2831, -567.2349)
[Dev] interact @Area3D@21082 world=(40.5, 0.0, 38.5) screen=(1241.683, -300.0204)
[Dev] interact LootPot world=(21.5, 0.0, 43.5) screen=(130.8828, -674.1207)
[Dev] interact @Area3D@21083 world=(22.5, 0.0, 44.5) screen=(130.8829, -620.6779)
[Dev] interact @Area3D@21084 world=(19.5, 0.0, 9.5) screen=(1611.95, -1636.093)
[Dev] interact @Area3D@21085 world=(20.5, 0.0, 9.5) screen=(1658.234, -1609.372)
[Dev] interact @Area3D@21086 world=(44.5, 0.0, 51.5) screen=(825.1333, 154.2443)
[Dev] interact @Area3D@21087 world=(44.5, 0.0, 52.5) screen=(778.8499, 180.9657)
[Dev] interact @Area3D@21088 world=(21.5, 0.0, 39.5) screen=(316.0163, -781.0065)
[Dev] removed 20 enemies
  · 무대 = 방 가운데 (22.5, 0.0, 49.5) · 적 쪽 (1.0, 0.0, 0.0)(트임 6.0) · 땅 클릭 (19.5, 0.0, 49.5) · 먼 적 (22.5, 0.0, 53.5)
[Skill] 참격 → mp 46/50
[Skill] 회오리베기 → mp 42/50
[Skill] 돌진베기 → mp 44/50
[Skill] 찌르기 → mp 45/50
[Skill] 도약 베기 → mp 41/50
[Click] world=(19.5, 0.0, 49.5) cell=(19, 49)
  · 땅 클릭 (휘두름 시작 + 0.047초 · 칼이 닿기 0.223초 전 · 누를 때 클립 attack): 0.15초 뒤 0.00유닛 움직임 · 클립 attack · 그 칼 맞음 (피해 틱 0.275초) · 동작 끝(시작 + 0.600초)까지 0.00유닛 · 끝나고 0.1초 뒤 클립 run · 첫 걸음 = 클릭 뒤 +0.559초(동작 끝 = 클릭 뒤 0.559초) · 끝나고 1.5초 뒤 클릭 자리까지 0.13유닛
[Click] world=(22.5, 0.0, 53.5) cell=(22, 53)
[Click] world=(22.5, 0.0, 53.5) cell=(22, 53)
[Click] world=(22.5, 0.0, 53.5) cell=(22, 53)
  · 먼 적 클릭(4.0유닛 옆) (휘두름 시작 + 0.055초 · 칼이 닿기 0.215초 전 · 누를 때 클립 attack): 0.15초 뒤 0.00유닛 움직임 · 클립 attack · 그 칼 맞음 (피해 틱 0.276초) · 동작 끝(시작 + 0.600초)까지 0.00유닛 · 끝나고 0.1초 뒤 클립 run · 첫 걸음 = 클릭 뒤 +0.570초(동작 끝 = 클릭 뒤 0.554초) · 끝나고 1.5초 뒤 먼 적까지 1.53유닛 · 먼 적 피해 2번 · 타깃 = 먼 적
[Skill] 참격 → mp 46/50
  · 평타 중 참격 (평타 attack 시작 + 0.038초 = 칼 닿기 0.232초 전 우클릭): 평타 클립이 돈 창 0.595초(동작 0.60) · skill_strike 시작 = 우클릭 +0.558초 · 이 사이 피해(맞을 때 클립 · 우클릭 기준) ["attack 46% @ 우클릭 +0.238초", "skill_strike 45% @ 우클릭 +1.161초"] · 평타: attack attack: 동작 0.60초 · 예약 피해 0.270초 · 피해 틱 0.276초(클립 46.0%) · 칼끝 최고속 0.265초(클립 44.1%, 254.9 u/s) · 차이(피해 − 최고속) +0.012초 = +0.7틱 · 피해 틱 칼끝 74% · [뾰족1.1%] 90% 이상 프레임 [-1] · 곡선 56 126 195 255 [188] 0 0 0 0 0 0 0 0 115 81 50 · 곁들이(피해 틱 기준 초) 타격 소리 +0.000 · 먹 튐 +0.000 · 도장 — · 반달·고리 — · 검광 끝 +0.148 · 참격 skill_strike: 동작 1.33초 · 예약 피해 0.600초 · 피해 틱 0.603초(클립 45.3%) · 칼끝 최고속 0.592초(클립 44.4%, 112.3 u/s) · 차이(피해 − 최고속) +0.012초 = +0.7틱 · 피해 틱 칼끝 79% · [뾰족0.6%] 90% 이상 프레임 [-1] · 곡선 82 78 86 112 [89] 0 0 0 0 0 0 0 0 0 60 55 34 · 곁들이(피해 틱 기준 초) 타격 소리 +0.000 · 먹 튐 +0.000 · 도장 +0.000 · 반달·고리 -0.038 · 검광 끝 +0.148
  · 피격 중 평타: 맞음 1 · 맞은 뒤 클립 attack · 평타 attack: 동작 0.60초 · 예약 피해 0.270초 · 피해 틱 0.273초(클립 45.4%) · 칼끝 최고속 0.269초(클립 44.8%, 241.0 u/s) · 차이(피해 − 최고속) +0.004초 = +0.2틱 · 피해 틱 칼끝 100% · [평평2.3%] 90% 이상 프레임 [-1, 0] · 곡선 51 95 174 218 [241] 0 0 0 0 0 0 0 0 0 138 91 67 · 곁들이(피해 틱 기준 초) 타격 소리 +0.000 · 먹 튐 +0.000 · 도장 — · 반달·고리 — · 검광 끝 +0.153
[Skill] 참격 → mp 46/50
  · 피격 중 참격: 맞음 1 · 맞은 뒤 클립 skill_strike · 참격 skill_strike: 동작 1.33초 · 예약 피해 0.600초 · 피해 틱 0.600초(클립 45.0%) · 칼끝 최고속 0.596초(클립 44.7%, 112.8 u/s) · 차이(피해 − 최고속) +0.004초 = +0.2틱 · 피해 틱 칼끝 100% · [뾰족1.2%] 90% 이상 프레임 [-1, 0] · 곡선 35 88 71 112 [113] 0 0 0 0 0 0 0 0 58 64 37 · 곁들이(피해 틱 기준 초) 타격 소리 +0.000 · 먹 튐 +0.000 · 도장 +0.000 · 반달·고리 -0.032 · 검광 끝 +0.156
[Click] world=(19.5, 0.0, 49.5) cell=(19, 49)
[Click] world=(18.63488, 0.0, 49.5) cell=(18, 49)
[Click] world=(18.12096, 0.0, 49.5) cell=(18, 49)
[Click] world=(17.58916, 0.0, 49.5) cell=(17, 49)
[Click] world=(17.06121, 0.0, 49.5) cell=(17, 49)
[Click] world=(16.51956, 0.0, 49.5) cell=(16, 49)
[Click] world=(15.97277, 0.0, 49.5) cell=(15, 49)
[Click] world=(15.45041, 0.0, 49.5) cell=(15, 49)
[Click] world=(14.92147, 0.0, 49.5) cell=(14, 49)
[Click] world=(14.39426, 0.0, 49.5) cell=(14, 49)
[Click] world=(13.8461, 0.0, 49.5) cell=(13, 49)
[Click] world=(13.33249, 0.0, 49.5) cell=(13, 49)
[Click] world=(12.84947, 0.0, 49.5) cell=(12, 49)
  · 누른 채 땅 (휘두름 시작 + 0.041초 · 칼이 닿기 0.229초 전 · 누를 때 클립 attack): 0.15초 뒤 0.00유닛 움직임 · 클립 attack · 그 칼 맞음 (피해 틱 0.278초) · 동작 끝(시작 + 0.600초)까지 0.00유닛 · 끝나고 0.1초 뒤 클립 run · 첫 걸음 = 클릭 뒤 +0.567초(동작 끝 = 클릭 뒤 0.567초) · 끝나고 1.5초 뒤 누른 자리까지 3.87유닛
  · 표 — 행마다: 동작 길이 · 예약 피해(impact_frac × 동작) · 피해 틱(시작 뒤 초 · 클립 %) · 칼끝 최고속(시작 뒤 초 · 클립 % · Visual 공간 u/s) · 차이(피해 − 최고속, 초 · 60Hz 틱) · 피해 틱 칼끝 속도 ÷ 최고속 · 90% 이상 프레임(피해 프레임 기준) · 칼끝 곡선(u/s, [피해 프레임]) · 곁들이(피해 틱 기준 초)
  · 평타1 attack: 동작 0.60초 · 예약 피해 0.270초 · 피해 틱 0.277초(클립 46.2%) · 칼끝 최고속 0.266초(클립 44.3%, 261.2 u/s) · 차이(피해 − 최고속) +0.011초 = +0.7틱 · 피해 틱 칼끝 63% · [뾰족1.1%] 90% 이상 프레임 [-1] · 곡선 64 146 203 261 [163] 0 0 0 0 0 0 0 0 0 109 79 50 · 곁들이(피해 틱 기준 초) 타격 소리 +0.000 · 먹 튐 +0.000 · 도장 — · 반달·고리 — · 검광 끝 +0.144
  · 평타2 attack2: 동작 0.60초 · 예약 피해 0.276초 · 피해 틱 0.284초(클립 47.3%) · 칼끝 최고속 0.272초(클립 45.3%, 130.2 u/s) · 차이(피해 − 최고속) +0.012초 = +0.7틱 · 피해 틱 칼끝 79% · [뾰족1.1%] 90% 이상 프레임 [-1] · 곡선 37 70 106 130 [102] 0 0 0 0 0 0 0 0 0 84 52 33 · 곁들이(피해 틱 기준 초) 타격 소리 +0.000 · 먹 튐 +0.000 · 도장 — · 반달·고리 — · 검광 끝 +0.144
  · 평타3 attack3: 동작 0.60초 · 예약 피해 0.270초 · 피해 틱 0.278초(클립 46.3%) · 칼끝 최고속 0.266초(클립 44.3%, 167.1 u/s) · 차이(피해 − 최고속) +0.012초 = +0.7틱 · 피해 틱 칼끝 68% · [뾰족1.2%] 90% 이상 프레임 [-1] · 곡선 38 63 128 167 [113] 0 0 0 0 0 0 0 0 0 95 69 40 · 곁들이(피해 틱 기준 초) 타격 소리 +0.000 · 먹 튐 +0.000 · 도장 — · 반달·고리 — · 검광 끝 +0.146
  · 참격 skill_strike: 동작 1.33초 · 예약 피해 0.600초 · 피해 틱 0.603초(클립 45.2%) · 칼끝 최고속 0.591초(클립 44.3%, 113.0 u/s) · 차이(피해 − 최고속) +0.012초 = +0.7틱 · 피해 틱 칼끝 85% · [뾰족0.6%] 90% 이상 프레임 [-1] · 곡선 59 82 80 113 [96] 0 0 0 0 0 0 0 0 60 56 34 · 곁들이(피해 틱 기준 초) 타격 소리 +0.000 · 먹 튐 +0.000 · 도장 +0.000 · 반달·고리 -0.040 · 검광 끝 +0.161
  · 회오리베기 skill_whirl: 동작 1.15초 · 예약 피해 0.450초 · 피해 틱 0.457초(클립 39.7%) · 칼끝 최고속 0.445초(클립 38.6%, 83.0 u/s) · 차이(피해 − 최고속) +0.012초 = +0.7틱 · 피해 틱 칼끝 90% · [평평2.0%] 90% 이상 프레임 [-2, -1, 0] · 곡선 49 66 76 83 [75] 0 0 0 0 0 0 0 0 70 68 56 · 곁들이(피해 틱 기준 초) 타격 소리 +0.000 · 먹 튐 +0.000 · 도장 +0.000 · 반달·고리 -0.045 · 검광 끝 +0.156
  · 돌진베기 skill_leap: 동작 1.74초 · 예약 피해 0.548초 · 피해 틱 0.552초(클립 31.7%) · 칼끝 최고속 0.540초(클립 31.0%, 99.5 u/s) · 차이(피해 − 최고속) +0.012초 = +0.7틱 · 피해 틱 칼끝 93% · [뾰족1.0%] 90% 이상 프레임 [-1, 0] · 곡선 15 31 44 99 [93] 0 0 0 0 0 0 0 65 56 44 · 곁들이(피해 틱 기준 초) 타격 소리 +0.000 · 먹 튐 +0.000 · 도장 +0.000 · 반달·고리 — · 검광 끝 +0.159 · 몸 5.0유닛 이동 — 이동 끝 0.552초 · 도착 0.552초 · 적 곁을 지난 때 0.407초(피해 틱은 그 +0.145초 뒤)
  · 찌르기 skill_thrust: 동작 0.63초 · 예약 피해 0.322초 · 피해 틱 0.323초(클립 51.1%) · 칼끝 최고속 0.319초(클립 50.4%, 81.3 u/s) · 차이(피해 − 최고속) +0.004초 = +0.2틱 · 피해 틱 칼끝 100% · [뾰족1.3%] 90% 이상 프레임 [0] · 곡선 51 45 49 53 [81] 0 0 0 0 0 0 0 0 45 31 28 · 곁들이(피해 틱 기준 초) 타격 소리 +0.000 · 먹 튐 +0.000 · 도장 +0.000 · 반달·고리 — · 검광 끝 +0.161
  · 도약 베기 skill_leap: 동작 1.74초 · 예약 피해 0.548초 · 피해 틱 0.548초(클립 31.5%) · 칼끝 최고속 0.544초(클립 31.3%, 110.4 u/s) · 차이(피해 − 최고속) +0.004초 = +0.2틱 · 피해 틱 칼끝 100% · [뾰족0.4%] 90% 이상 프레임 [0] · 곡선 14 25 42 75 [110] 0 0 0 0 0 0 0 0 70 65 48 · 곁들이(피해 틱 기준 초) 타격 소리 +0.000 · 먹 튐 +0.000 · 도장 +0.000 · 반달·고리 — · 검광 끝 +0.157
  · 평타 중 참격 skill_strike: 동작 1.33초 · 예약 피해 0.600초 · 피해 틱 0.603초(클립 45.3%) · 칼끝 최고속 0.592초(클립 44.4%, 112.3 u/s) · 차이(피해 − 최고속) +0.012초 = +0.7틱 · 피해 틱 칼끝 79% · [뾰족0.6%] 90% 이상 프레임 [-1] · 곡선 82 78 86 112 [89] 0 0 0 0 0 0 0 0 0 60 55 34 · 곁들이(피해 틱 기준 초) 타격 소리 +0.000 · 먹 튐 +0.000 · 도장 +0.000 · 반달·고리 -0.038 · 검광 끝 +0.148
  · 그림 프레임 간격 가운데 0.0076초 · 가장 긴 0.1500초 (3867프레임)
E2E anim_commit PASS (검사 65)
[Audio] BGM town → town.ogg
[Save] level 못골 마을 → user://save_e2e.json (C:/Users/FORYOUCOM/AppData/Roaming/Godot/app_userdata/Joseon Hunters/wt/codex-96-boss-opening-cutin/save_e2e.json)
[Dev] stairs DungeonEntrance dir=1 world=(0.0, 0.0, -31.0) screen=(2121.067, -492.4143)
[Dev] interact Merchant world=(5.4, 0.0, -2.4) screen=(1047.293, 368.0158)
[Dev] interact Shaman world=(-5.6, 0.0, 0.4) screen=(408.5833, 148.8999)
[Dev] interact Elder world=(2.0, 0.0, -5.6) screen=(1038.037, 191.6542)
[Dev] interact Waypoint world=(-4.2, 0.0, 2.2) screen=(390.0698, 234.4085)
E2E ▶ invisible_sword
[Dungeon] heukrang_gul 1층 lv=2 seed=403727558 gen 64x64 rooms=6 up=(44, 56) down=(7, 23) enemies=20 roster=bandit,bat,talisman_master elites=["방2:금색×3(깊이 0.50)"] named=-
[Quest] heukrang_gul 1층 — 싹쓸이 셈 시작 20 (heukrang_clear:none)
[Audio] BGM dungeon → dungeon_1.ogg
[Save] level 흑랑 굴 1층 → user://save_e2e.json (C:/Users/FORYOUCOM/AppData/Roaming/Godot/app_userdata/Joseon Hunters/wt/codex-96-boss-opening-cutin/save_e2e.json)
[Dev] stairs StairsUp dir=-1 world=(44.5, 0.0, 56.5) screen=(593.7165, 335.9509)
[Dev] stairs StairsDown dir=1 world=(7.5, 0.0, 23.5) screen=(408.583, -1534.551)
[Dev] interact PusJar world=(29.5, 0.0, 42.5) screen=(547.433, -487.0705)
[Dev] interact @Area3D@21444 world=(14.5, 0.0, 24.5) screen=(686.2831, -1368.878)
[Dev] interact @Area3D@21445 world=(23.5, 0.0, 18.5) screen=(1380.534, -1288.714)
[Dev] interact LootChest world=(29.5, 0.0, 39.5) screen=(686.2831, -567.2349)
[Dev] interact @Area3D@21446 world=(40.5, 0.0, 38.5) screen=(1241.683, -300.0204)
[Dev] interact LootPot world=(21.5, 0.0, 43.5) screen=(130.8828, -674.1207)
[Dev] interact @Area3D@21447 world=(22.5, 0.0, 44.5) screen=(130.8829, -620.6779)
[Dev] interact @Area3D@21448 world=(19.5, 0.0, 9.5) screen=(1611.95, -1636.093)
[Dev] interact @Area3D@21449 world=(20.5, 0.0, 9.5) screen=(1658.234, -1609.372)
[Dev] interact @Area3D@21450 world=(44.5, 0.0, 51.5) screen=(825.1333, 154.2443)
[Dev] interact @Area3D@21451 world=(44.5, 0.0, 52.5) screen=(778.8499, 180.9657)
[Dev] interact @Area3D@21452 world=(21.5, 0.0, 39.5) screen=(316.0163, -781.0065)
[Dev] removed 20 enemies
[Skill] 참격 → mp 46/50
[Skill] 참격 → mp 44/50
[Skill] 참격 → mp 42/50
[Skill] 참격 → mp 40/50
  · ① 순서(시작 뒤 초) 평타 0.00 → 참격 0.60 → 평타 1.93 → 참격 2.53 → 평타 3.87 → 참격 4.47 → 평타 5.80 → 참격 6.40
[Skill] 참격 → mp 46/50
[Skill] 참격 → mp 46/50
[Skill] 돌진베기 → mp 44/50
[Kill] +6 xp (lv 1, 6/20)
[Skill] 회오리베기 → mp 42/50
[Dungeon] heukrang_gul 1층 lv=2 seed=403727558 gen 64x64 rooms=6 up=(44, 56) down=(7, 23) enemies=20 roster=bandit,bat,talisman_master elites=["방2:금색×3(깊이 0.50)"] named=-
[Quest] heukrang_gul 1층 — 싹쓸이 셈 시작 21 (heukrang_clear:none)
[Save] level 흑랑 굴 1층 → user://save_e2e.json (C:/Users/FORYOUCOM/AppData/Roaming/Godot/app_userdata/Joseon Hunters/wt/codex-96-boss-opening-cutin/save_e2e.json)
[Dev] stairs StairsUp dir=-1 world=(44.5, 0.0, 56.5) screen=(593.7165, 335.9509)
[Dev] stairs StairsDown dir=1 world=(7.5, 0.0, 23.5) screen=(408.583, -1534.551)
[Dev] interact PusJar world=(29.5, 0.0, 42.5) screen=(547.433, -487.0705)
[Dev] interact @Area3D@21644 world=(14.5, 0.0, 24.5) screen=(686.2831, -1368.878)
[Dev] interact @Area3D@21645 world=(23.5, 0.0, 18.5) screen=(1380.534, -1288.714)
[Dev] interact LootChest world=(29.5, 0.0, 39.5) screen=(686.2831, -567.2349)
[Dev] interact @Area3D@21646 world=(40.5, 0.0, 38.5) screen=(1241.683, -300.0204)
[Dev] interact LootPot world=(21.5, 0.0, 43.5) screen=(130.8828, -674.1207)
[Dev] interact @Area3D@21647 world=(22.5, 0.0, 44.5) screen=(130.8829, -620.6779)
[Dev] interact @Area3D@21648 world=(19.5, 0.0, 9.5) screen=(1611.95, -1636.093)
[Dev] interact @Area3D@21649 world=(20.5, 0.0, 9.5) screen=(1658.234, -1609.372)
[Dev] interact @Area3D@21650 world=(44.5, 0.0, 51.5) screen=(825.1333, 154.2443)
[Dev] interact @Area3D@21651 world=(44.5, 0.0, 52.5) screen=(778.8499, 180.9657)
[Dev] interact @Area3D@21652 world=(21.5, 0.0, 39.5) screen=(316.0163, -781.0065)
  · ④ 옛 자리 ↔ 새 자리 24.0유닛 · 층 이동 뒤 피해 0 (옛 자리 허수아비 0) · 곁들이 []
[Dev] removed 21 enemies
[Dev] interact Portal world=(23.5, 0.0, 49.5) screen=(686.2831, 338.7686)
[Portal] opened heukrang_gul 1층 pos=(23.5, 0.0, 49.5)
[Click] world=(23.5, 0.0, 49.5) cell=(23, 49)
[Dev] interact Portal world=(-1.2, 0.0, 2.4) screen=(579.8315, 279.835)
[Audio] BGM town → town.ogg
[Save] level 못골 마을 → user://save_e2e.json (C:/Users/FORYOUCOM/AppData/Roaming/Godot/app_userdata/Joseon Hunters/wt/codex-96-boss-opening-cutin/save_e2e.json)
[Portal] travel → motgol 0층 portal={ "area": &"heukrang_gul", "floor": 1, "pos": (23.5, 0.0, 49.5), "returned": false }
[Dev] stairs DungeonEntrance dir=1 world=(0.0, 0.0, -31.0) screen=(2181.236, -532.4963)
[Dev] interact Merchant world=(5.4, 0.0, -2.4) screen=(1107.462, 327.9336)
[Dev] interact Shaman world=(-5.6, 0.0, 0.4) screen=(468.7516, 108.8176)
[Dev] interact Elder world=(2.0, 0.0, -5.6) screen=(1098.205, 151.572)
[Dev] interact Waypoint world=(-4.2, 0.0, 2.2) screen=(450.2382, 194.3264)
[Dev] interact Portal world=(-1.2, 0.0, 2.4) screen=(579.8315, 279.835)
[Save] level 못골 마을 → user://save_e2e.json (C:/Users/FORYOUCOM/AppData/Roaming/Godot/app_userdata/Joseon Hunters/wt/codex-96-boss-opening-cutin/save_e2e.json)
[Dev] stairs DungeonEntrance dir=1 world=(0.0, 0.0, -31.0) screen=(2121.067, -492.4143)
[Dev] interact Merchant world=(5.4, 0.0, -2.4) screen=(1047.293, 368.0158)
[Dev] interact Shaman world=(-5.6, 0.0, 0.4) screen=(408.5833, 148.8999)
[Dev] interact Elder world=(2.0, 0.0, -5.6) screen=(1038.037, 191.6542)
[Dev] interact Waypoint world=(-4.2, 0.0, 2.2) screen=(390.0698, 234.4085)
[Dungeon] heukrang_gul 1층 lv=2 seed=403727558 gen 64x64 rooms=6 up=(44, 56) down=(7, 23) enemies=20 roster=bandit,bat,talisman_master elites=["방2:금색×3(깊이 0.50)"] named=-
[Quest] heukrang_gul 1층 — 싹쓸이 셈 시작 20 (heukrang_clear:none)
[Audio] BGM dungeon → dungeon_4.ogg
[Save] level 흑랑 굴 1층 → user://save_e2e.json (C:/Users/FORYOUCOM/AppData/Roaming/Godot/app_userdata/Joseon Hunters/wt/codex-96-boss-opening-cutin/save_e2e.json)
[Dev] stairs StairsUp dir=-1 world=(44.5, 0.0, 56.5) screen=(593.7165, 335.9509)
[Dev] stairs StairsDown dir=1 world=(7.5, 0.0, 23.5) screen=(408.583, -1534.551)
[Dev] interact PusJar world=(29.5, 0.0, 42.5) screen=(547.433, -487.0705)
[Dev] interact @Area3D@22155 world=(14.5, 0.0, 24.5) screen=(686.2831, -1368.878)
[Dev] interact @Area3D@22156 world=(23.5, 0.0, 18.5) screen=(1380.534, -1288.714)
[Dev] interact LootChest world=(29.5, 0.0, 39.5) screen=(686.2831, -567.2349)
[Dev] interact @Area3D@22157 world=(40.5, 0.0, 38.5) screen=(1241.683, -300.0204)
[Dev] interact LootPot world=(21.5, 0.0, 43.5) screen=(130.8828, -674.1207)
[Dev] interact @Area3D@22158 world=(22.5, 0.0, 44.5) screen=(130.8829, -620.6779)
[Dev] interact @Area3D@22159 world=(19.5, 0.0, 9.5) screen=(1611.95, -1636.093)
[Dev] interact @Area3D@22160 world=(20.5, 0.0, 9.5) screen=(1658.234, -1609.372)
[Dev] interact @Area3D@22161 world=(44.5, 0.0, 51.5) screen=(825.1333, 154.2443)
[Dev] interact @Area3D@22162 world=(44.5, 0.0, 52.5) screen=(778.8499, 180.9657)
[Dev] interact @Area3D@22163 world=(21.5, 0.0, 39.5) screen=(316.0163, -781.0065)
[Dev] removed 20 enemies
[Skill] 회오리베기 → mp 42/50
[Audio] BGM town → town.ogg
[Save] level 못골 마을 → user://save_e2e.json (C:/Users/FORYOUCOM/AppData/Roaming/Godot/app_userdata/Joseon Hunters/wt/codex-96-boss-opening-cutin/save_e2e.json)
[Dev] stairs DungeonEntrance dir=1 world=(0.0, 0.0, -31.0) screen=(2121.067, -492.4143)
[Dev] interact Merchant world=(5.4, 0.0, -2.4) screen=(1047.293, 368.0158)
[Dev] interact Shaman world=(-5.6, 0.0, 0.4) screen=(408.5833, 148.8999)
[Dev] interact Elder world=(2.0, 0.0, -5.6) screen=(1038.037, 191.6542)
[Dev] interact Waypoint world=(-4.2, 0.0, 2.2) screen=(390.0698, 234.4085)
[Save] level 못골 마을 → user://save_e2e.json (C:/Users/FORYOUCOM/AppData/Roaming/Godot/app_userdata/Joseon Hunters/wt/codex-96-boss-opening-cutin/save_e2e.json)
[Dev] stairs DungeonEntrance dir=1 world=(0.0, 0.0, -31.0) screen=(2121.067, -492.4143)
[Dev] interact Merchant world=(5.4, 0.0, -2.4) screen=(1047.293, 368.0158)
[Dev] interact Shaman world=(-5.6, 0.0, 0.4) screen=(408.5833, 148.8999)
[Dev] interact Elder world=(2.0, 0.0, -5.6) screen=(1038.037, 191.6542)
[Dev] interact Waypoint world=(-4.2, 0.0, 2.2) screen=(390.0698, 234.4085)
[Dungeon] heukrang_gul 1층 lv=2 seed=403727558 gen 64x64 rooms=6 up=(44, 56) down=(7, 23) enemies=20 roster=bandit,bat,talisman_master elites=["방2:금색×3(깊이 0.50)"] named=-
[Quest] heukrang_gul 1층 — 싹쓸이 셈 시작 20 (heukrang_clear:none)
[Audio] BGM dungeon → dungeon_3.ogg
[Save] level 흑랑 굴 1층 → user://save_e2e.json (C:/Users/FORYOUCOM/AppData/Roaming/Godot/app_userdata/Joseon Hunters/wt/codex-96-boss-opening-cutin/save_e2e.json)
[Dev] stairs StairsUp dir=-1 world=(44.5, 0.0, 56.5) screen=(593.7165, 335.9509)
[Dev] stairs StairsDown dir=1 world=(7.5, 0.0, 23.5) screen=(408.583, -1534.551)
[Dev] interact PusJar world=(29.5, 0.0, 42.5) screen=(547.433, -487.0705)
[Dev] interact @Area3D@22664 world=(14.5, 0.0, 24.5) screen=(686.2831, -1368.878)
[Dev] interact @Area3D@22665 world=(23.5, 0.0, 18.5) screen=(1380.534, -1288.714)
[Dev] interact LootChest world=(29.5, 0.0, 39.5) screen=(686.2831, -567.2349)
[Dev] interact @Area3D@22666 world=(40.5, 0.0, 38.5) screen=(1241.683, -300.0204)
[Dev] interact LootPot world=(21.5, 0.0, 43.5) screen=(130.8828, -674.1207)
[Dev] interact @Area3D@22667 world=(22.5, 0.0, 44.5) screen=(130.8829, -620.6779)
[Dev] interact @Area3D@22668 world=(19.5, 0.0, 9.5) screen=(1611.95, -1636.093)
[Dev] interact @Area3D@22669 world=(20.5, 0.0, 9.5) screen=(1658.234, -1609.372)
[Dev] interact @Area3D@22670 world=(44.5, 0.0, 51.5) screen=(825.1333, 154.2443)
[Dev] interact @Area3D@22671 world=(44.5, 0.0, 52.5) screen=(778.8499, 180.9657)
[Dev] interact @Area3D@22672 world=(21.5, 0.0, 39.5) screen=(316.0163, -781.0065)
[Dev] removed 20 enemies
[Death] 도호 사망 → 1.2s 뒤 마을 복귀, 엽전 -0
  · ② 평타 — 시작 뒤 0.22초에 쓰러짐 · 그 전 피해 0 · 뒤 피해 0 · 뒤 곁들이 []
[Audio] BGM town → town.ogg
[Save] level 못골 마을 → user://save_e2e.json (C:/Users/FORYOUCOM/AppData/Roaming/Godot/app_userdata/Joseon Hunters/wt/codex-96-boss-opening-cutin/save_e2e.json)
[Dev] stairs DungeonEntrance dir=1 world=(0.0, 0.0, -31.0) screen=(2121.067, -492.4143)
[Dev] interact Merchant world=(5.4, 0.0, -2.4) screen=(1047.293, 368.0158)
[Dev] interact Shaman world=(-5.6, 0.0, 0.4) screen=(408.5833, 148.8999)
[Dev] interact Elder world=(2.0, 0.0, -5.6) screen=(1038.037, 191.6542)
[Dev] interact Waypoint world=(-4.2, 0.0, 2.2) screen=(390.0698, 234.4085)
[Dungeon] heukrang_gul 1층 lv=2 seed=403727558 gen 64x64 rooms=6 up=(44, 56) down=(7, 23) enemies=20 roster=bandit,bat,talisman_master elites=["방2:금색×3(깊이 0.50)"] named=-
[Quest] heukrang_gul 1층 — 싹쓸이 셈 시작 20 (heukrang_clear:none)
[Audio] BGM dungeon → dungeon_2.ogg
[Save] level 흑랑 굴 1층 → user://save_e2e.json (C:/Users/FORYOUCOM/AppData/Roaming/Godot/app_userdata/Joseon Hunters/wt/codex-96-boss-opening-cutin/save_e2e.json)
[Dev] stairs StairsUp dir=-1 world=(44.5, 0.0, 56.5) screen=(593.7165, 335.9509)
[Dev] stairs StairsDown dir=1 world=(7.5, 0.0, 23.5) screen=(408.583, -1534.551)
[Dev] interact PusJar world=(29.5, 0.0, 42.5) screen=(547.433, -487.0705)
[Dev] interact @Area3D@23014 world=(14.5, 0.0, 24.5) screen=(686.2831, -1368.878)
[Dev] interact @Area3D@23015 world=(23.5, 0.0, 18.5) screen=(1380.534, -1288.714)
[Dev] interact LootChest world=(29.5, 0.0, 39.5) screen=(686.2831, -567.2349)
[Dev] interact @Area3D@23016 world=(40.5, 0.0, 38.5) screen=(1241.683, -300.0204)
[Dev] interact LootPot world=(21.5, 0.0, 43.5) screen=(130.8828, -674.1207)
[Dev] interact @Area3D@23017 world=(22.5, 0.0, 44.5) screen=(130.8829, -620.6779)
[Dev] interact @Area3D@23018 world=(19.5, 0.0, 9.5) screen=(1611.95, -1636.093)
[Dev] interact @Area3D@23019 world=(20.5, 0.0, 9.5) screen=(1658.234, -1609.372)
[Dev] interact @Area3D@23020 world=(44.5, 0.0, 51.5) screen=(825.1333, 154.2443)
[Dev] interact @Area3D@23021 world=(44.5, 0.0, 52.5) screen=(778.8499, 180.9657)
[Dev] interact @Area3D@23022 world=(21.5, 0.0, 39.5) screen=(316.0163, -781.0065)
[Dev] removed 20 enemies
[Skill] 참격 → mp 46/50
[Death] 도호 사망 → 1.2s 뒤 마을 복귀, 엽전 -0
  · ② 참격 — 시작 뒤 0.32초에 쓰러짐 · 그 전 피해 0 · 뒤 피해 0 · 뒤 곁들이 []
[Audio] BGM town → town.ogg
[Save] level 못골 마을 → user://save_e2e.json (C:/Users/FORYOUCOM/AppData/Roaming/Godot/app_userdata/Joseon Hunters/wt/codex-96-boss-opening-cutin/save_e2e.json)
[Dev] stairs DungeonEntrance dir=1 world=(0.0, 0.0, -31.0) screen=(2121.067, -492.4143)
[Dev] interact Merchant world=(5.4, 0.0, -2.4) screen=(1047.293, 368.0158)
[Dev] interact Shaman world=(-5.6, 0.0, 0.4) screen=(408.5833, 148.8999)
[Dev] interact Elder world=(2.0, 0.0, -5.6) screen=(1038.037, 191.6542)
[Dev] interact Waypoint world=(-4.2, 0.0, 2.2) screen=(390.0698, 234.4085)
[Dungeon] heukrang_gul 1층 lv=2 seed=403727558 gen 64x64 rooms=6 up=(44, 56) down=(7, 23) enemies=20 roster=bandit,bat,talisman_master elites=["방2:금색×3(깊이 0.50)"] named=-
[Quest] heukrang_gul 1층 — 싹쓸이 셈 시작 20 (heukrang_clear:none)
[Audio] BGM dungeon → dungeon_3.ogg
[Save] level 흑랑 굴 1층 → user://save_e2e.json (C:/Users/FORYOUCOM/AppData/Roaming/Godot/app_userdata/Joseon Hunters/wt/codex-96-boss-opening-cutin/save_e2e.json)
[Dev] stairs StairsUp dir=-1 world=(44.5, 0.0, 56.5) screen=(593.7165, 335.9509)
[Dev] stairs StairsDown dir=1 world=(7.5, 0.0, 23.5) screen=(408.583, -1534.551)
[Dev] interact PusJar world=(29.5, 0.0, 42.5) screen=(547.433, -487.0705)
[Dev] interact @Area3D@23364 world=(14.5, 0.0, 24.5) screen=(686.2831, -1368.878)
[Dev] interact @Area3D@23365 world=(23.5, 0.0, 18.5) screen=(1380.534, -1288.714)
[Dev] interact LootChest world=(29.5, 0.0, 39.5) screen=(686.2831, -567.2349)
[Dev] interact @Area3D@23366 world=(40.5, 0.0, 38.5) screen=(1241.683, -300.0204)
[Dev] interact LootPot world=(21.5, 0.0, 43.5) screen=(130.8828, -674.1207)
[Dev] interact @Area3D@23367 world=(22.5, 0.0, 44.5) screen=(130.8829, -620.6779)
[Dev] interact @Area3D@23368 world=(19.5, 0.0, 9.5) screen=(1611.95, -1636.093)
[Dev] interact @Area3D@23369 world=(20.5, 0.0, 9.5) screen=(1658.234, -1609.372)
[Dev] interact @Area3D@23370 world=(44.5, 0.0, 51.5) screen=(825.1333, 154.2443)
[Dev] interact @Area3D@23371 world=(44.5, 0.0, 52.5) screen=(778.8499, 180.9657)
[Dev] interact @Area3D@23372 world=(21.5, 0.0, 39.5) screen=(316.0163, -781.0065)
[Dev] removed 20 enemies
[Skill] 회오리베기 → mp 42/50
[Death] 도호 사망 → 1.2s 뒤 마을 복귀, 엽전 -0
  · ② 회오리 — 시작 뒤 0.17초에 쓰러짐 · 그 전 피해 0 · 뒤 피해 0 · 뒤 곁들이 []
[Audio] BGM town → town.ogg
[Save] level 못골 마을 → user://save_e2e.json (C:/Users/FORYOUCOM/AppData/Roaming/Godot/app_userdata/Joseon Hunters/wt/codex-96-boss-opening-cutin/save_e2e.json)
[Dev] stairs DungeonEntrance dir=1 world=(0.0, 0.0, -31.0) screen=(2121.067, -492.4143)
[Dev] interact Merchant world=(5.4, 0.0, -2.4) screen=(1047.293, 368.0158)
[Dev] interact Shaman world=(-5.6, 0.0, 0.4) screen=(408.5833, 148.8999)
[Dev] interact Elder world=(2.0, 0.0, -5.6) screen=(1038.037, 191.6542)
[Dev] interact Waypoint world=(-4.2, 0.0, 2.2) screen=(390.0698, 234.4085)
[Dungeon] heukrang_gul 1층 lv=2 seed=403727558 gen 64x64 rooms=6 up=(44, 56) down=(7, 23) enemies=20 roster=bandit,bat,talisman_master elites=["방2:금색×3(깊이 0.50)"] named=-
[Quest] heukrang_gul 1층 — 싹쓸이 셈 시작 20 (heukrang_clear:none)
[Audio] BGM dungeon → dungeon_4.ogg
[Save] level 흑랑 굴 1층 → user://save_e2e.json (C:/Users/FORYOUCOM/AppData/Roaming/Godot/app_userdata/Joseon Hunters/wt/codex-96-boss-opening-cutin/save_e2e.json)
[Dev] stairs StairsUp dir=-1 world=(44.5, 0.0, 56.5) screen=(593.7165, 335.9509)
[Dev] stairs StairsDown dir=1 world=(7.5, 0.0, 23.5) screen=(408.583, -1534.551)
[Dev] interact PusJar world=(29.5, 0.0, 42.5) screen=(547.433, -487.0705)
[Dev] interact @Area3D@23714 world=(14.5, 0.0, 24.5) screen=(686.2831, -1368.878)
[Dev] interact @Area3D@23715 world=(23.5, 0.0, 18.5) screen=(1380.534, -1288.714)
[Dev] interact LootChest world=(29.5, 0.0, 39.5) screen=(686.2831, -567.2349)
[Dev] interact @Area3D@23716 world=(40.5, 0.0, 38.5) screen=(1241.683, -300.0204)
[Dev] interact LootPot world=(21.5, 0.0, 43.5) screen=(130.8828, -674.1207)
[Dev] interact @Area3D@23717 world=(22.5, 0.0, 44.5) screen=(130.8829, -620.6779)
[Dev] interact @Area3D@23718 world=(19.5, 0.0, 9.5) screen=(1611.95, -1636.093)
[Dev] interact @Area3D@23719 world=(20.5, 0.0, 9.5) screen=(1658.234, -1609.372)
[Dev] interact @Area3D@23720 world=(44.5, 0.0, 51.5) screen=(825.1333, 154.2443)
[Dev] interact @Area3D@23721 world=(44.5, 0.0, 52.5) screen=(778.8499, 180.9657)
[Dev] interact @Area3D@23722 world=(21.5, 0.0, 39.5) screen=(316.0163, -781.0065)
[Dev] removed 20 enemies
[Skill] 돌진베기 → mp 44/50
[Death] 도호 사망 → 1.2s 뒤 마을 복귀, 엽전 -0
  · ② 돌진 · 떠나기 전 — 시작 뒤 0.12초에 쓰러짐 · 그 전 피해 0 · 뒤 피해 0 · 뒤 곁들이 []
[Audio] BGM town → town.ogg
[Save] level 못골 마을 → user://save_e2e.json (C:/Users/FORYOUCOM/AppData/Roaming/Godot/app_userdata/Joseon Hunters/wt/codex-96-boss-opening-cutin/save_e2e.json)
[Dev] stairs DungeonEntrance dir=1 world=(0.0, 0.0, -31.0) screen=(2121.067, -492.4143)
[Dev] interact Merchant world=(5.4, 0.0, -2.4) screen=(1047.293, 368.0158)
[Dev] interact Shaman world=(-5.6, 0.0, 0.4) screen=(408.5833, 148.8999)
[Dev] interact Elder world=(2.0, 0.0, -5.6) screen=(1038.037, 191.6542)
[Dev] interact Waypoint world=(-4.2, 0.0, 2.2) screen=(390.0698, 234.4085)
[Dungeon] heukrang_gul 1층 lv=2 seed=403727558 gen 64x64 rooms=6 up=(44, 56) down=(7, 23) enemies=20 roster=bandit,bat,talisman_master elites=["방2:금색×3(깊이 0.50)"] named=-
[Quest] heukrang_gul 1층 — 싹쓸이 셈 시작 20 (heukrang_clear:none)
[Audio] BGM dungeon → dungeon_1.ogg
[Save] level 흑랑 굴 1층 → user://save_e2e.json (C:/Users/FORYOUCOM/AppData/Roaming/Godot/app_userdata/Joseon Hunters/wt/codex-96-boss-opening-cutin/save_e2e.json)
[Dev] stairs StairsUp dir=-1 world=(44.5, 0.0, 56.5) screen=(593.7165, 335.9509)
[Dev] stairs StairsDown dir=1 world=(7.5, 0.0, 23.5) screen=(408.583, -1534.551)
[Dev] interact PusJar world=(29.5, 0.0, 42.5) screen=(547.433, -487.0705)
[Dev] interact @Area3D@24064 world=(14.5, 0.0, 24.5) screen=(686.2831, -1368.878)
[Dev] interact @Area3D@24065 world=(23.5, 0.0, 18.5) screen=(1380.534, -1288.714)
[Dev] interact LootChest world=(29.5, 0.0, 39.5) screen=(686.2831, -567.2349)
[Dev] interact @Area3D@24066 world=(40.5, 0.0, 38.5) screen=(1241.683, -300.0204)
[Dev] interact LootPot world=(21.5, 0.0, 43.5) screen=(130.8828, -674.1207)
[Dev] interact @Area3D@24067 world=(22.5, 0.0, 44.5) screen=(130.8829, -620.6779)
[Dev] interact @Area3D@24068 world=(19.5, 0.0, 9.5) screen=(1611.95, -1636.093)
[Dev] interact @Area3D@24069 world=(20.5, 0.0, 9.5) screen=(1658.234, -1609.372)
[Dev] interact @Area3D@24070 world=(44.5, 0.0, 51.5) screen=(825.1333, 154.2443)
[Dev] interact @Area3D@24071 world=(44.5, 0.0, 52.5) screen=(778.8499, 180.9657)
[Dev] interact @Area3D@24072 world=(21.5, 0.0, 39.5) screen=(316.0163, -781.0065)
[Dev] removed 20 enemies
[Skill] 돌진베기 → mp 44/50
[Death] 도호 사망 → 1.2s 뒤 마을 복귀, 엽전 -0
  · ② 돌진 · 도약 중 — 시작 뒤 0.47초에 쓰러짐 · 그 전 피해 0 · 뒤 피해 0 · 뒤 곁들이 []
[Audio] BGM town → town.ogg
[Save] level 못골 마을 → user://save_e2e.json (C:/Users/FORYOUCOM/AppData/Roaming/Godot/app_userdata/Joseon Hunters/wt/codex-96-boss-opening-cutin/save_e2e.json)
[Dev] stairs DungeonEntrance dir=1 world=(0.0, 0.0, -31.0) screen=(2121.067, -492.4143)
[Dev] interact Merchant world=(5.4, 0.0, -2.4) screen=(1047.293, 368.0158)
[Dev] interact Shaman world=(-5.6, 0.0, 0.4) screen=(408.5833, 148.8999)
[Dev] interact Elder world=(2.0, 0.0, -5.6) screen=(1038.037, 191.6542)
[Dev] interact Waypoint world=(-4.2, 0.0, 2.2) screen=(390.0698, 234.4085)
[Dungeon] heukrang_gul 1층 lv=2 seed=403727558 gen 64x64 rooms=6 up=(44, 56) down=(7, 23) enemies=20 roster=bandit,bat,talisman_master elites=["방2:금색×3(깊이 0.50)"] named=-
[Quest] heukrang_gul 1층 — 싹쓸이 셈 시작 20 (heukrang_clear:none)
[Audio] BGM dungeon → dungeon_4.ogg
[Save] level 흑랑 굴 1층 → user://save_e2e.json (C:/Users/FORYOUCOM/AppData/Roaming/Godot/app_userdata/Joseon Hunters/wt/codex-96-boss-opening-cutin/save_e2e.json)
[Dev] stairs StairsUp dir=-1 world=(44.5, 0.0, 56.5) screen=(593.7165, 335.9509)
[Dev] stairs StairsDown dir=1 world=(7.5, 0.0, 23.5) screen=(408.583, -1534.551)
[Dev] interact PusJar world=(29.5, 0.0, 42.5) screen=(547.433, -487.0705)
[Dev] interact @Area3D@24414 world=(14.5, 0.0, 24.5) screen=(686.2831, -1368.878)
[Dev] interact @Area3D@24415 world=(23.5, 0.0, 18.5) screen=(1380.534, -1288.714)
[Dev] interact LootChest world=(29.5, 0.0, 39.5) screen=(686.2831, -567.2349)
[Dev] interact @Area3D@24416 world=(40.5, 0.0, 38.5) screen=(1241.683, -300.0204)
[Dev] interact LootPot world=(21.5, 0.0, 43.5) screen=(130.8828, -674.1207)
[Dev] interact @Area3D@24417 world=(22.5, 0.0, 44.5) screen=(130.8829, -620.6779)
[Dev] interact @Area3D@24418 world=(19.5, 0.0, 9.5) screen=(1611.95, -1636.093)
[Dev] interact @Area3D@24419 world=(20.5, 0.0, 9.5) screen=(1658.234, -1609.372)
[Dev] interact @Area3D@24420 world=(44.5, 0.0, 51.5) screen=(825.1333, 154.2443)
[Dev] interact @Area3D@24421 world=(44.5, 0.0, 52.5) screen=(778.8499, 180.9657)
[Dev] interact @Area3D@24422 world=(21.5, 0.0, 39.5) screen=(316.0163, -781.0065)
[Dev] removed 20 enemies
[Talisman] 화염부 → 적 (23.7, 0.0, 49.5) (배율 1.20 · 아낌 false · 흩뿌리기 {  })
[Death] 도호 사망 → 1.2s 뒤 마을 복귀, 엽전 -0
  · ② 부적 시전 — 시작 뒤 0.27초에 쓰러짐 · 그 전 피해 0 · 뒤 피해 0 · 뒤 곁들이 []
[Audio] BGM town → town.ogg
[Save] level 못골 마을 → user://save_e2e.json (C:/Users/FORYOUCOM/AppData/Roaming/Godot/app_userdata/Joseon Hunters/wt/codex-96-boss-opening-cutin/save_e2e.json)
[Dev] stairs DungeonEntrance dir=1 world=(0.0, 0.0, -31.0) screen=(2121.067, -492.4143)
[Dev] interact Merchant world=(5.4, 0.0, -2.4) screen=(1047.293, 368.0158)
[Dev] interact Shaman world=(-5.6, 0.0, 0.4) screen=(408.5833, 148.8999)
[Dev] interact Elder world=(2.0, 0.0, -5.6) screen=(1038.037, 191.6542)
[Dev] interact Waypoint world=(-4.2, 0.0, 2.2) screen=(390.0698, 234.4085)
E2E invisible_sword PASS (검사 68)
[Save] level 못골 마을 → user://save_e2e.json (C:/Users/FORYOUCOM/AppData/Roaming/Godot/app_userdata/Joseon Hunters/wt/codex-96-boss-opening-cutin/save_e2e.json)
[Dev] stairs DungeonEntrance dir=1 world=(0.0, 0.0, -31.0) screen=(2121.067, -492.4143)
[Dev] interact Merchant world=(5.4, 0.0, -2.4) screen=(1047.293, 368.0158)
[Dev] interact Shaman world=(-5.6, 0.0, 0.4) screen=(408.5833, 148.8999)
[Dev] interact Elder world=(2.0, 0.0, -5.6) screen=(1038.037, 191.6542)
[Dev] interact Waypoint world=(-4.2, 0.0, 2.2) screen=(390.0698, 234.4085)
E2E ▶ heavy_react
[Dungeon] heukrang_gul 1층 lv=2 seed=403727558 gen 64x64 rooms=6 up=(44, 56) down=(7, 23) enemies=20 roster=bandit,bat,talisman_master elites=["방2:금색×3(깊이 0.50)"] named=-
[Quest] heukrang_gul 1층 — 싹쓸이 셈 시작 20 (heukrang_clear:none)
[Audio] BGM dungeon → dungeon_3.ogg
[Save] level 흑랑 굴 1층 → user://save_e2e.json (C:/Users/FORYOUCOM/AppData/Roaming/Godot/app_userdata/Joseon Hunters/wt/codex-96-boss-opening-cutin/save_e2e.json)
[Dev] stairs StairsUp dir=-1 world=(44.5, 0.0, 56.5) screen=(593.7165, 335.9509)
[Dev] stairs StairsDown dir=1 world=(7.5, 0.0, 23.5) screen=(408.583, -1534.551)
[Dev] interact PusJar world=(29.5, 0.0, 42.5) screen=(547.433, -487.0705)
[Dev] interact @Area3D@24923 world=(14.5, 0.0, 24.5) screen=(686.2831, -1368.878)
[Dev] interact @Area3D@24924 world=(23.5, 0.0, 18.5) screen=(1380.534, -1288.714)
[Dev] interact LootChest world=(29.5, 0.0, 39.5) screen=(686.2831, -567.2349)
[Dev] interact @Area3D@24925 world=(40.5, 0.0, 38.5) screen=(1241.683, -300.0204)
[Dev] interact LootPot world=(21.5, 0.0, 43.5) screen=(130.8828, -674.1207)
[Dev] interact @Area3D@24926 world=(22.5, 0.0, 44.5) screen=(130.8829, -620.6779)
[Dev] interact @Area3D@24927 world=(19.5, 0.0, 9.5) screen=(1611.95, -1636.093)
[Dev] interact @Area3D@24928 world=(20.5, 0.0, 9.5) screen=(1658.234, -1609.372)
[Dev] interact @Area3D@24929 world=(44.5, 0.0, 51.5) screen=(825.1333, 154.2443)
[Dev] interact @Area3D@24930 world=(44.5, 0.0, 52.5) screen=(778.8499, 180.9657)
[Dev] interact @Area3D@24931 world=(21.5, 0.0, 39.5) screen=(316.0163, -781.0065)
[Dev] removed 20 enemies
  · ① 평타 1타: 뜬 높이 0.00 · 앞 0.22 · 옆 0.00 · 밀림 속도 3.67 · 반응 0.37초 · 클립 hit, run · 공격 0
  · ② 평타 3타: 뜬 높이 0.00 · 앞 0.33 · 옆 0.03 · 밀림 속도 5.50 · 반응 0.37초 · 클립 hit, run · 공격 0
  · ③ 강타(참격): 뜬 높이 0.52 · 앞 1.40 · 옆 0.00 · 밀림 속도 0.00 · 반응 1.45초 · 클립 hit, die, idle · 공격 0
  · ④ 회오리: 뜬 높이 0.47 · 앞 1.20 · 옆 0.00 · 밀림 속도 0.00 · 반응 1.42초 · 클립 hit, die, idle · 공격 0
  · ⑤ 돌진베기: 뜬 높이 0.00 · 앞 0.22 · 옆 0.00 · 밀림 속도 3.67 · 반응 0.37초 · 클립 hit, run · 공격 0
  · ⑥ 부적술사 강타: 뜬 높이 0.52 · 앞 1.40 · 옆 0.00 · 밀림 속도 0.00 · 반응 1.45초 · 클립 attack, die, idle · 공격 0
  · ⑦ 박쥐 강타: 뜬 높이 0.69 · 앞 1.96 · 옆 0.00 · 밀림 속도 0.00 · 반응 1.53초 · 클립  · 공격 0
  · ⑧ 흑랑 강타(제외): 뜬 높이 0.00 · 앞 0.08 · 옆 0.00 · 밀림 속도 1.33 · 반응 0.13초 · 클립 hit, idle · 공격 0
  · ⑨ 쿨다운 3.0초: 넘어져 있는 1.47초 + 쿨다운 = 한 판 4.47초 중 33%가 누움 (쿨다운 0이면 강타 쿨 1.5초에 걸려 98%)
  · ⑫ 돌진베기 넘어뜨리기 시험: 적 3.07u에서 맞아 4.37u에 누움 · 도호는 5.00u에 섬 → 사이 0.63u (겹침 문턱 0.80u) · 날아가는 내내 가장 가까웠던 거리 0.63u
  · ── 표 | 타격 · 적 | 뜬 높이 | 앞 거리 | 밀림 속도 | 반응 | 클립
  · 표 | ① 평타 1타 · 산적 | 0.00 | 0.22 | 3.67 | 0.37초 | hit, run
  · 표 | ② 평타 3타 · 산적 | 0.00 | 0.33 | 5.50 | 0.37초 | hit, run
  · 표 | ③ 강타(참격) · 산적 | 0.52 | 1.40 | 0.00 | 1.45초 | hit, die, idle
  · 표 | ④ 회오리 · 산적 | 0.47 | 1.20 | 0.00 | 1.42초 | hit, die, idle
  · 표 | ⑤ 돌진베기 · 산적 | 0.00 | 0.22 | 3.67 | 0.37초 | hit, run
  · 표 | ⑥ 강타 · 부적술사 | 0.52 | 1.40 | 0.00 | 1.45초 | attack, die, idle
  · 표 | ⑦ 강타 · 박쥐 | 0.69 | 1.96 | 0.00 | 1.53초 | (없음)
  · 표 | ⑧ 강타 · 흑랑(제외) | 0.00 | 0.08 | 1.33 | 0.13초 | hit, idle
  · §6.6 구현 있음(2단계 판정선) · 넘어짐 = 날아감 + 누움 0.5초 + 일어남 0.45초 · 쿨다운 3.0초
E2E heavy_react PASS (검사 97)
[Audio] BGM town → town.ogg
[Save] level 못골 마을 → user://save_e2e.json (C:/Users/FORYOUCOM/AppData/Roaming/Godot/app_userdata/Joseon Hunters/wt/codex-96-boss-opening-cutin/save_e2e.json)
[Dev] stairs DungeonEntrance dir=1 world=(0.0, 0.0, -31.0) screen=(2121.067, -492.4143)
[Dev] interact Merchant world=(5.4, 0.0, -2.4) screen=(1047.293, 368.0158)
[Dev] interact Shaman world=(-5.6, 0.0, 0.4) screen=(408.5833, 148.8999)
[Dev] interact Elder world=(2.0, 0.0, -5.6) screen=(1038.037, 191.6542)
[Dev] interact Waypoint world=(-4.2, 0.0, 2.2) screen=(390.0698, 234.4085)
E2E ▶ pack_ai
[Dev] item 화염부 world=(32.5, 0.0, 70.5) screen=(-1072.484, 3072.227)
[Dev] item 빙결부 world=(33.5, 0.0, 69.5) screen=(-979.9173, 3072.227)
[Field] deulnyeok seed=355022911 128x128 props=2252 packs=18 enemies=74 waypoint=(62, 65) roster=bandit,bat,talisman_master elites=["13:파란×4@구간3"]
[Audio] BGM dungeon → dungeon_1.ogg
[Save] level 못골 들녘 → user://save_e2e.json (C:/Users/FORYOUCOM/AppData/Roaming/Godot/app_userdata/Joseon Hunters/wt/codex-96-boss-opening-cutin/save_e2e.json)
[Dev] stairs Down_cave dir=1 world=(88.5, 0.0, 3.5) screen=(7212.236, 897.1014)
[Dev] interact Waypoint world=(62.5, 0.0, 65.5) screen=(3139.301, 1810.974)
[Dev] interact FloorItem world=(32.5, 0.0, 70.5) screen=(1519.384, 1142.938)
[Dev] interact @Area3D@25604 world=(33.5, 0.0, 69.5) screen=(1611.95, 1142.938)
[Dev] interact PusJar world=(95.5, 0.0, 103.5) screen=(2907.884, 3708.197)
[Dev] interact @Area3D@25751 world=(101.5, 0.0, 105.5) screen=(3093.018, 3921.969)
[Dev] interact @Area3D@25752 world=(98.5, 0.0, 107.5) screen=(2861.601, 3895.247)
[Dev] interact LootChest world=(27.5, 0.0, 70.5) screen=(1287.967, 1009.331)
[Dev] interact @Area3D@25753 world=(94.5, 0.0, 100.5) screen=(3000.451, 3601.312)
[Dev] interact @Area3D@25754 world=(55.5, 0.0, 52.5) screen=(3417.001, 1276.545)
[Dev] interact LootPot world=(46.5, 0.0, 68.5) screen=(2259.917, 1463.595)
[Dev] interact @Area3D@25755 world=(73.5, 0.0, 47.5) screen=(4481.519, 1623.924)
[Dev] interact @Area3D@25756 world=(90.5, 0.0, 47.5) screen=(5268.335, 2078.189)
[Dev] interact @Area3D@25757 world=(111.5, 0.0, 49.5) screen=(6147.719, 2692.782)
[Dev] interact @Area3D@25758 world=(101.5, 0.0, 101.5) screen=(3278.151, 3815.083)
[Dev] interact @Area3D@25759 world=(86.5, 0.0, 76.5) screen=(3740.984, 2746.225)
[Dev] interact @Area3D@25760 world=(53.5, 0.0, 52.5) screen=(3324.434, 1223.102)
[Dev] interact @Area3D@25761 world=(87.5, 0.0, 95.5) screen=(2907.884, 3280.654)
[Dev] interact @Area3D@25762 world=(26.5, 0.0, 66.5) screen=(1426.817, 875.7234)
[Dev] interact @Area3D@25763 world=(17.5, 0.0, 60.5) screen=(1287.967, 474.9016)
[Dev] interact @Area3D@25764 world=(86.5, 0.0, 22.5) screen=(6240.286, 1303.266)
[Dev] interact @Area3D@25765 world=(59.5, 0.0, 65.5) screen=(3000.451, 1730.81)
[Dev] interact @Area3D@25766 world=(18.5, 0.0, 74.5) screen=(686.2832, 875.7234)
[Dev] interact @Area3D@25767 world=(44.5, 0.0, 69.5) screen=(2121.067, 1436.874)
[Dev] interact @Area3D@25768 world=(73.5, 0.0, 49.5) screen=(4388.952, 1677.367)
[Dev] interact @Area3D@25769 world=(88.5, 0.0, 52.5) screen=(4944.352, 2158.353)
[Dev] removed 74 enemies
  · 띠 첫 자리 (18.5, 0.0, 64.5)
  · §13.4.1 구현 있음 — 판정선을 본다
[Dev] removed 0 enemies
[Dev] removed 6 enemies
[Dev] removed 1 enemies
[Dev] removed 0 enemies
[Kill] +46 xp (lv 2, 26/57)
[LevelUp] lv=2 stat_pts=5 skill_pts=1
[Dev] item 미식별 은가락지 world=(34.54324, 0.0, 65.31499) screen=(696.8471, 420.3642)
[Dev] item 탕약 — 쌍화탕 world=(34.54324, 0.0, 65.31499) screen=(696.8471, 420.3642)
[Dev] item 엽전 world=(34.54324, 0.0, 65.31499) screen=(696.8471, 420.3642)
[Dev] item 엽전 world=(34.54324, 0.0, 65.31499) screen=(696.8471, 420.3642)
[Dev] item 미식별 가죽신 world=(34.54324, 0.0, 65.31499) screen=(696.8471, 420.3642)
[Dev] removed 4 enemies
[Dev] removed 0 enemies
[Kill] +37 xp (lv 3, 6/104)
[LevelUp] lv=3 stat_pts=10 skill_pts=2
[Dev] item 미식별 은가락지 world=(35.5, 0.0, 64.5) screen=(778.8499, 424.1524)
[Dev] item 영약 — 생맥산 world=(35.5, 0.0, 64.5) screen=(778.8499, 424.1524)
[Dev] item 엽전 world=(35.5, 0.0, 64.5) screen=(778.8499, 424.1524)
[Dev] item 탕약 — 쌍화탕 world=(35.5, 0.0, 64.5) screen=(778.8499, 424.1524)
[Dev] item 미식별 무명띠 world=(35.5, 0.0, 64.5) screen=(778.8499, 424.1524)
[Dev] removed 3 enemies
[Dev] removed 0 enemies
[Dev] removed 0 enemies
  · ── 표 (§13.4.1 전/후)
  · 표 | ① 무리 어그로: 한 대 뒤 깬 A 3/3 · B 0/3 · 신호 1+2 · 4.5초 뒤 A 곁 3/3 · B 깸 0
  · 표 | ② 놓침: 붙은 뒤 도호 24.9u 밖 → LOST 6.02초 · 도호 쪽 끝 x +5.75 (본 자리 +6.00) · 두리번 3.02초(517°) · 쉼 = 본 자리 0.25u · 처음 자리 8.75u · 숨음 → LOST 0.02초
  · 표 | ③ 흩어짐: 하수인 셋 — 멀어진 거리(가장 적은 몸) +5.79u · 흩어지는 2.5초 동안 공격 시작 0 · 돌아옴 [2.51666666666438, 2.51666666666438, 2.51666666666438] · 4.5초 뒤 다시 다가옴 3/3 · 곁(3칸) 2/3 · 박쥐 흩어짐 false
  · 표 | ④ 넘어뜨림: 산적 선딜 넘어짐 true · 한 대 0 | 우두머리 선딜 넘어짐 false · 선딜 그대로 true · 한 대 1 | 쫓던 우두머리 넘어짐 false · 경직 0.11초 · 넉백 속도 1.10 | 흑랑 넘어짐 false
E2E pack_ai PASS (검사 46)
[Audio] BGM town → town.ogg
[Save] level 못골 마을 → user://save_e2e.json (C:/Users/FORYOUCOM/AppData/Roaming/Godot/app_userdata/Joseon Hunters/wt/codex-96-boss-opening-cutin/save_e2e.json)
[Dev] stairs DungeonEntrance dir=1 world=(0.0, 0.0, -31.0) screen=(2121.067, -492.4143)
[Dev] interact Merchant world=(5.4, 0.0, -2.4) screen=(1047.293, 368.0158)
[Dev] interact Shaman world=(-5.6, 0.0, 0.4) screen=(408.5833, 148.8999)
[Dev] interact Elder world=(2.0, 0.0, -5.6) screen=(1038.037, 191.6542)
[Dev] interact Waypoint world=(-4.2, 0.0, 2.2) screen=(390.0698, 234.4085)
E2E ▶ kill_slump
[Dungeon] heukrang_gul 1층 lv=2 seed=403727558 gen 64x64 rooms=6 up=(44, 56) down=(7, 23) enemies=20 roster=bandit,bat,talisman_master elites=["방2:금색×3(깊이 0.50)"] named=-
[Quest] heukrang_gul 1층 — 싹쓸이 셈 시작 20 (heukrang_clear:none)
[Audio] BGM dungeon → dungeon_2.ogg
[Save] level 흑랑 굴 1층 → user://save_e2e.json (C:/Users/FORYOUCOM/AppData/Roaming/Godot/app_userdata/Joseon Hunters/wt/codex-96-boss-opening-cutin/save_e2e.json)
[Dev] stairs StairsUp dir=-1 world=(44.5, 0.0, 56.5) screen=(593.7165, 335.9509)
[Dev] stairs StairsDown dir=1 world=(7.5, 0.0, 23.5) screen=(408.583, -1534.551)
[Dev] interact PusJar world=(29.5, 0.0, 42.5) screen=(547.433, -487.0705)
[Dev] interact @Area3D@26157 world=(14.5, 0.0, 24.5) screen=(686.2831, -1368.878)
[Dev] interact @Area3D@26158 world=(23.5, 0.0, 18.5) screen=(1380.534, -1288.714)
[Dev] interact LootChest world=(29.5, 0.0, 39.5) screen=(686.2831, -567.2349)
[Dev] interact @Area3D@26159 world=(40.5, 0.0, 38.5) screen=(1241.683, -300.0204)
[Dev] interact LootPot world=(21.5, 0.0, 43.5) screen=(130.8828, -674.1207)
[Dev] interact @Area3D@26160 world=(22.5, 0.0, 44.5) screen=(130.8829, -620.6779)
[Dev] interact @Area3D@26161 world=(19.5, 0.0, 9.5) screen=(1611.95, -1636.093)
[Dev] interact @Area3D@26162 world=(20.5, 0.0, 9.5) screen=(1658.234, -1609.372)
[Dev] interact @Area3D@26163 world=(44.5, 0.0, 51.5) screen=(825.1333, 154.2443)
[Dev] interact @Area3D@26164 world=(44.5, 0.0, 52.5) screen=(778.8499, 180.9657)
[Dev] interact @Area3D@26165 world=(21.5, 0.0, 39.5) screen=(316.0163, -781.0065)
[Dev] removed 20 enemies
[Kill] +6 xp (lv 1, 6/20)
[Dev] item 엽전 world=(43.6, 0.0, 56.5) screen=(598.3447, 319.9387)
[Save] quest → user://save_e2e.json (C:/Users/FORYOUCOM/AppData/Roaming/Godot/app_userdata/Joseon Hunters/wt/codex-96-boss-opening-cutin/save_e2e.json)
[Quest] heukrang_clear 싹쓸이 완료 (none → killed)
  · ① 평타 막타: 누움 0.79초 · 이동 0.00 · 누운 골반 0.12 · 비틀림 0
[Kill] +6 xp (lv 1, 12/20)
[Dev] item 엽전 world=(43.6, 0.0, 57.7) screen=(542.8046, 352.0044)
[Dev] item 짚신 world=(43.6, 0.0, 57.7) screen=(542.8046, 352.0044)
[Dev] item 식별부 world=(43.6, 0.0, 57.7) screen=(542.8046, 352.0044)
[Kill] +6 xp (lv 1, 18/20)
[Kill] +6 xp (lv 2, 4/57)
[LevelUp] lv=2 stat_pts=5 skill_pts=1
[Dev] item 엽전 world=(45.7, 0.0, 57.85) screen=(633.0574, 412.1277)
[Kill] +6 xp (lv 2, 10/57)
[Dev] item 엽전 world=(45.7, 0.0, 56.95) screen=(674.7123, 388.0784)
[Kill] +6 xp (lv 2, 16/57)
[Dev] item 엽전 world=(45.7, 0.0, 56.05) screen=(716.3675, 364.0291)
[Dev] item 은가락지 world=(45.7, 0.0, 56.05) screen=(716.3675, 364.0291)
[Kill] +6 xp (lv 2, 22/57)
[Dev] item 은가락지 world=(45.7, 0.0, 55.15) screen=(758.0224, 339.9799)
[Dev] item 귀환부 world=(45.7, 0.0, 55.15) screen=(758.0224, 339.9799)
[Kill] +6 xp (lv 2, 28/57)
[Dev] item 영약 — 생맥산 world=(45.7, 0.0, 54.25) screen=(799.6775, 315.9305)
  · ② 비틀림 갈래 [-1, 0, 1, -1, 1, 0] · 누운 방향 [-25.9999986745346, -0.00000250447817, 26.0000004957675, -25.9999986745346, 26.0000004957675, -0.00000250447817]°
[Kill] +5 xp (lv 2, 33/57)
[Kill] +6 xp (lv 2, 39/57)
[Dev] item 엽전 world=(43.6, 0.0, 56.5) screen=(598.3447, 319.9387)
[Kill] +6 xp (lv 2, 45/57)
[Dev] item 엽전 world=(43.6, 0.0, 57.7) screen=(542.8046, 352.0044)
[Kill] +5 xp (lv 2, 50/57)
[Dev] item 엽전 world=(43.6, 0.0, 54.1) screen=(709.4249, 255.8071)
  · ⑥ 박쥐 평타: 이동 0.00 · 모델 높이 0.94 → 0.19
[Kill] +120 xp (lv 4, 9/160)
[LevelUp] lv=4 stat_pts=15 skill_pts=3
[Dev] item 미식별 옥패 world=(44.5, 0.0, 54.5) screen=(732.5665, 290.5451)
[Dev] item 영약 — 생맥산 world=(44.5, 0.0, 54.5) screen=(732.5665, 290.5451)
[Dev] item 영약 — 생맥산 world=(44.5, 0.0, 54.5) screen=(732.5665, 290.5451)
[Dev] item 탕약 — 쌍화탕 world=(44.5, 0.0, 54.5) screen=(732.5665, 290.5451)
[Dev] item 식별부첩 world=(44.5, 0.0, 54.5) screen=(732.5665, 290.5451)
[Dev] item 흑랑 이빨 world=(44.5, 0.0, 54.5) screen=(732.5665, 290.5451)
[Dev] item 미식별 환도 world=(44.5, 0.0, 54.5) screen=(732.5665, 290.5451)
[Dev] item 미식별 환도 world=(44.5, 0.0, 54.5) screen=(732.5665, 290.5451)
[Dev] item 미식별 옥패 world=(44.5, 0.0, 54.5) screen=(732.5665, 290.5451)
[Loot] 보스 전용 유니크 — boss_heukrang 첫 처치 → u_heukrang_fang (회차 1)
[Dev] item 흑랑의 봉인패 world=(44.5, 0.0, 54.5) screen=(732.5665, 290.5451)
[Dev] item 엽전 world=(44.5, 0.0, 54.5) screen=(732.5665, 290.5451)
[Save] boss → user://save_e2e.json (C:/Users/FORYOUCOM/AppData/Roaming/Godot/app_userdata/Joseon Hunters/wt/codex-96-boss-opening-cutin/save_e2e.json)
[Boss] killed area= level=1 flags={ "opening_pending": false, "quest": { "heukrang_clear": { "state": "killed", "left": 0, "barked": false }, "heukrang_seal": { "state": "killed" }, "heukrang_thanks": { "state": "killed" } }, "seal:boss_heukrang": 1, "boss_killed_": true }
[Audio] 같은 순간 같은 큐 상한(3) 넘침 — drop ×4 (버림 누계 344)
[Kill] +6 xp (lv 4, 15/160)
[Dev] item 엽전 world=(43.6, 0.0, 56.5) screen=(598.3447, 319.9387)
  · 시체 10 · 핏자국 14 (상한 32) · 피 튐 크기 1.00
E2E kill_slump PASS (검사 51)
[Audio] BGM town → town.ogg
[Save] level 못골 마을 → user://save_e2e.json (C:/Users/FORYOUCOM/AppData/Roaming/Godot/app_userdata/Joseon Hunters/wt/codex-96-boss-opening-cutin/save_e2e.json)
[Dev] stairs DungeonEntrance dir=1 world=(0.0, 0.0, -31.0) screen=(2121.067, -492.4143)
[Dev] interact Merchant world=(5.4, 0.0, -2.4) screen=(1047.293, 368.0158)
[Dev] interact Shaman world=(-5.6, 0.0, 0.4) screen=(408.5833, 148.8999)
[Dev] interact Elder world=(2.0, 0.0, -5.6) screen=(1038.037, 191.6542)
[Dev] interact Waypoint world=(-4.2, 0.0, 2.2) screen=(390.0698, 234.4085)
E2E ▶ kill_bisect
[Dungeon] heukrang_gul 1층 lv=2 seed=403727558 gen 64x64 rooms=6 up=(44, 56) down=(7, 23) enemies=20 roster=bandit,bat,talisman_master elites=["방2:금색×3(깊이 0.50)"] named=-
[Quest] heukrang_gul 1층 — 싹쓸이 셈 시작 20 (heukrang_clear:none)
[Audio] BGM dungeon → dungeon_1.ogg
[Save] level 흑랑 굴 1층 → user://save_e2e.json (C:/Users/FORYOUCOM/AppData/Roaming/Godot/app_userdata/Joseon Hunters/wt/codex-96-boss-opening-cutin/save_e2e.json)
[Dev] stairs StairsUp dir=-1 world=(44.5, 0.0, 56.5) screen=(593.7165, 335.9509)
[Dev] stairs StairsDown dir=1 world=(7.5, 0.0, 23.5) screen=(408.583, -1534.551)
[Dev] interact PusJar world=(29.5, 0.0, 42.5) screen=(547.433, -487.0705)
[Dev] interact @Area3D@26585 world=(14.5, 0.0, 24.5) screen=(686.2831, -1368.878)
[Dev] interact @Area3D@26586 world=(23.5, 0.0, 18.5) screen=(1380.534, -1288.714)
[Dev] interact LootChest world=(29.5, 0.0, 39.5) screen=(686.2831, -567.2349)
[Dev] interact @Area3D@26587 world=(40.5, 0.0, 38.5) screen=(1241.683, -300.0204)
[Dev] interact LootPot world=(21.5, 0.0, 43.5) screen=(130.8828, -674.1207)
[Dev] interact @Area3D@26588 world=(22.5, 0.0, 44.5) screen=(130.8829, -620.6779)
[Dev] interact @Area3D@26589 world=(19.5, 0.0, 9.5) screen=(1611.95, -1636.093)
[Dev] interact @Area3D@26590 world=(20.5, 0.0, 9.5) screen=(1658.234, -1609.372)
[Dev] interact @Area3D@26591 world=(44.5, 0.0, 51.5) screen=(825.1333, 154.2443)
[Dev] interact @Area3D@26592 world=(44.5, 0.0, 52.5) screen=(778.8499, 180.9657)
[Dev] interact @Area3D@26593 world=(21.5, 0.0, 39.5) screen=(316.0163, -781.0065)
[Dev] removed 20 enemies
[Kill] +6 xp (lv 1, 6/20)
[Save] quest → user://save_e2e.json (C:/Users/FORYOUCOM/AppData/Roaming/Godot/app_userdata/Joseon Hunters/wt/codex-96-boss-opening-cutin/save_e2e.json)
[Quest] heukrang_clear 싹쓸이 완료 (none → killed)
  · ① 평타 치명 (게임 353.1초에 막타 · +0.22초 갈라짐): 윗몸 옆으로 0.41 · 아랫몸 75° · 뿜음 4
[Kill] +6 xp (lv 1, 12/20)
[Kill] +6 xp (lv 1, 18/20)
[Dev] item 엽전 world=(36.5, 0.0, 42.5) screen=(683.7687, 365.8665)
  · ③ 강타 치명 (게임 355.1초에 막타): slide · 윗몸 0.42u (계획 0.42) · 최고 +0.00
[Kill] +6 xp (lv 2, 4/57)
[LevelUp] lv=2 stat_pts=5 skill_pts=1
[Dev] item 엽전 world=(19.5, 0.0, 49.5) screen=(681.6547, 368.12)
  · ⑦ 평타 (게임 357.2초에 막타): 칼 방향 (0.640762, -0.11927, 0.758419) · 칼끝 속도 (16.09124, -7.61671, -2.706887) → 궤적 25.0° · 갈래 d · 단면 25.0° · cleave · 윗몸 계획 0.45u
[Kill] +6 xp (lv 2, 10/57)
  · ⑦ 회오리베기 (게임 359.1초에 막타): 칼 방향 (-0.909555, 0.371188, -0.186891) · 칼끝 속도 (-9.53811, -0.137307, -15.02372) → 궤적 0.4° · 갈래 h · 단면 0.4° · slide · 윗몸 계획 0.44u
[Kill] +6 xp (lv 2, 16/57)
[Dev] item 엽전 world=(24.5, 0.0, 13.5) screen=(681.6549, 368.0396)
[Dev] item 은가락지 world=(24.5, 0.0, 13.5) screen=(681.6549, 368.0396)
[Dev] item 식별부 world=(24.5, 0.0, 13.5) screen=(681.6549, 368.0396)
  · ⑦ 참격 (게임 361.1초에 막타): 칼 방향 (-0.102615, -0.426724, -0.898541) · 칼끝 속도 (2.03809, -15.3036, -10.31589) → 궤적 55.5° · 갈래 d · 단면 55.0° · cleave · 윗몸 계획 0.45u
[Kill] +6 xp (lv 2, 22/57)
[Dev] item 엽전 world=(22.5, 0.0, 47.9) screen=(-1003.059, 1233.813)
[Dev] item 은가락지 world=(22.5, 0.0, 47.9) screen=(-1003.059, 1233.813)
[Dev] item 식별부 world=(22.5, 0.0, 47.9) screen=(-1003.059, 1233.813)
[Kill] +6 xp (lv 2, 28/57)
[Kill] +6 xp (lv 2, 34/57)
[Dev] item 엽전 world=(22.5, 0.0, 47.9) screen=(-1000.75, 1229.964)
[Kill] +6 xp (lv 2, 40/57)
[Kill] +5 xp (lv 2, 45/57)
[Dev] item 엽전 world=(22.5, 0.0, 47.9) screen=(-1003.059, 1233.812)
[Dev] item 옥패 world=(22.5, 0.0, 47.9) screen=(-1003.059, 1233.812)
[Kill] +120 xp (lv 4, 4/160)
[LevelUp] lv=4 stat_pts=15 skill_pts=3
[Dev] item 탕약 — 쌍화탕 world=(22.5, 0.0, 51.1) screen=(-1148.836, 1315.437)
[Dev] item 영약 — 생맥산 world=(22.5, 0.0, 51.1) screen=(-1148.836, 1315.437)
[Dev] item 탕약 — 쌍화탕 world=(22.5, 0.0, 51.1) screen=(-1148.836, 1315.437)
[Dev] item 식별부첩 world=(22.5, 0.0, 51.1) screen=(-1148.836, 1315.437)
[Dev] item 흑랑 이빨 world=(22.5, 0.0, 51.1) screen=(-1148.836, 1315.437)
[Dev] item 미식별 철검 world=(22.5, 0.0, 51.1) screen=(-1148.836, 1315.437)
[Dev] item 미식별 무명옷 world=(22.5, 0.0, 51.1) screen=(-1148.836, 1315.437)
[Dev] item 미식별 옥패 world=(22.5, 0.0, 51.1) screen=(-1148.836, 1315.437)
[Loot] 보스 전용 유니크 — boss_heukrang 첫 처치 → u_heukrang_fang (회차 1)
[Dev] item 흑랑의 봉인패 world=(22.5, 0.0, 51.1) screen=(-1148.836, 1315.437)
[Dev] item 엽전 world=(22.5, 0.0, 51.1) screen=(-1148.836, 1315.437)
[Save] boss → user://save_e2e.json (C:/Users/FORYOUCOM/AppData/Roaming/Godot/app_userdata/Joseon Hunters/wt/codex-96-boss-opening-cutin/save_e2e.json)
[Boss] killed area= level=1 flags={ "opening_pending": false, "quest": { "heukrang_clear": { "state": "killed", "left": 0, "barked": false }, "heukrang_seal": { "state": "killed" }, "heukrang_thanks": { "state": "killed" } }, "seal:boss_heukrang": 1, "boss_killed_": true }
[Kill] +6 xp (lv 4, 10/160)
[Dev] item 엽전 world=(22.5, 0.0, 47.9) screen=(-1001.579, 1231.345)
[Dev] item 미식별 철검 world=(22.5, 0.0, 47.9) screen=(-1001.579, 1231.345)
  · 무대 17곳 · 단면 기울기 평타 25.0° · 회오리 0.4° · 참격 55.0° · 시체 10 · 핏자국 17
[Kill] +6 xp (lv 4, 16/160)
[Audio] BGM town → town.ogg
[Save] level 못골 마을 → user://save_e2e.json (C:/Users/FORYOUCOM/AppData/Roaming/Godot/app_userdata/Joseon Hunters/wt/codex-96-boss-opening-cutin/save_e2e.json)
[Dev] stairs DungeonEntrance dir=1 world=(0.0, 0.0, -31.0) screen=(2121.067, -492.4143)
[Dev] interact Merchant world=(5.4, 0.0, -2.4) screen=(1047.293, 368.0158)
[Dev] interact Shaman world=(-5.6, 0.0, 0.4) screen=(408.5833, 148.8999)
[Dev] interact Elder world=(2.0, 0.0, -5.6) screen=(1038.037, 191.6542)
[Dev] interact Waypoint world=(-4.2, 0.0, 2.2) screen=(390.0698, 234.4085)
E2E kill_bisect PASS (검사 68)
[Save] level 못골 마을 → user://save_e2e.json (C:/Users/FORYOUCOM/AppData/Roaming/Godot/app_userdata/Joseon Hunters/wt/codex-96-boss-opening-cutin/save_e2e.json)
[Dev] stairs DungeonEntrance dir=1 world=(0.0, 0.0, -31.0) screen=(2121.067, -492.4143)
[Dev] interact Merchant world=(5.4, 0.0, -2.4) screen=(1047.293, 368.0158)
[Dev] interact Shaman world=(-5.6, 0.0, 0.4) screen=(408.5833, 148.8999)
[Dev] interact Elder world=(2.0, 0.0, -5.6) screen=(1038.037, 191.6542)
[Dev] interact Waypoint world=(-4.2, 0.0, 2.2) screen=(390.0698, 234.4085)
E2E ▶ slice_deaths
[Dungeon] heukrang_gul 1층 lv=2 seed=403727558 gen 64x64 rooms=6 up=(44, 56) down=(7, 23) enemies=20 roster=bandit,bat,talisman_master elites=["방2:금색×3(깊이 0.50)"] named=-
[Quest] heukrang_gul 1층 — 싹쓸이 셈 시작 20 (heukrang_clear:none)
[Audio] BGM dungeon → dungeon_3.ogg
[Save] level 흑랑 굴 1층 → user://save_e2e.json (C:/Users/FORYOUCOM/AppData/Roaming/Godot/app_userdata/Joseon Hunters/wt/codex-96-boss-opening-cutin/save_e2e.json)
[Dev] stairs StairsUp dir=-1 world=(44.5, 0.0, 56.5) screen=(593.7165, 335.9509)
[Dev] stairs StairsDown dir=1 world=(7.5, 0.0, 23.5) screen=(408.583, -1534.551)
[Dev] interact PusJar world=(29.5, 0.0, 42.5) screen=(547.433, -487.0705)
[Dev] interact @Area3D@27212 world=(14.5, 0.0, 24.5) screen=(686.2831, -1368.878)
[Dev] interact @Area3D@27213 world=(23.5, 0.0, 18.5) screen=(1380.534, -1288.714)
[Dev] interact LootChest world=(29.5, 0.0, 39.5) screen=(686.2831, -567.2349)
[Dev] interact @Area3D@27214 world=(40.5, 0.0, 38.5) screen=(1241.683, -300.0204)
[Dev] interact LootPot world=(21.5, 0.0, 43.5) screen=(130.8828, -674.1207)
[Dev] interact @Area3D@27215 world=(22.5, 0.0, 44.5) screen=(130.8829, -620.6779)
[Dev] interact @Area3D@27216 world=(19.5, 0.0, 9.5) screen=(1611.95, -1636.093)
[Dev] interact @Area3D@27217 world=(20.5, 0.0, 9.5) screen=(1658.234, -1609.372)
[Dev] interact @Area3D@27218 world=(44.5, 0.0, 51.5) screen=(825.1333, 154.2443)
[Dev] interact @Area3D@27219 world=(44.5, 0.0, 52.5) screen=(778.8499, 180.9657)
[Dev] interact @Area3D@27220 world=(21.5, 0.0, 39.5) screen=(316.0163, -781.0065)
[Dev] removed 20 enemies
  · 무대 = (23.5, 0.0, 46.5) · 간격 ×1.00 · 도호 = 줄 앞 3.0u
[Kill] +6 xp (lv 1, 6/20)
[Kill] +5 xp (lv 1, 11/20)
[Kill] +9 xp (lv 2, 0/57)
[LevelUp] lv=2 stat_pts=5 skill_pts=1
[Dev] item 엽전 world=(22.93431, 0.0, 47.06569) screen=(587.6362, 306.1772)
[Kill] +11 xp (lv 2, 11/57)
[Dev] item 엽전 world=(24.03033, 0.0, 45.96967) screen=(689.0908, 306.1772)
[Dev] item 은가락지 world=(24.03033, 0.0, 45.96967) screen=(689.0908, 306.1772)
[Kill] +7 xp (lv 2, 18/57)
[Dev] item 은가락지 world=(25.12635, 0.0, 44.87365) screen=(790.5454, 306.1772)
[Dev] item 귀환부 world=(25.12635, 0.0, 44.87365) screen=(790.5454, 306.1772)
[Kill] +6 xp (lv 2, 24/57)
[Dev] item 영약 — 생맥산 world=(26.32843, 0.0, 43.67157) screen=(901.8179, 306.1772)
  · ① 평타 막타 — 게임 365.18초에 막타 (여섯 몸 같은 프레임)
[Save] quest → user://save_e2e.json (C:/Users/FORYOUCOM/AppData/Roaming/Godot/app_userdata/Joseon Hunters/wt/codex-96-boss-opening-cutin/save_e2e.json)
[Quest] heukrang_clear 싹쓸이 완료 (none → killed)
[Audio] 같은 순간 같은 큐 상한(3) 넘침 — hit ×3 · enemy_hurt ×3 · kill_extra ×3 · enemy_die ×3 · blood_splat ×2 (버림 누계 358)
  ·   사람형: 이동 0.00 · 뜸 0.00 · 두 동강 false · 윗몸 0.00 · 단면 - · 누움 0.82초 · die 클립 true · 죽음 slump/slump
  ·   짐승: 이동 0.00 · 뜸 0.00 · 두 동강 false · 윗몸 0.00 · 단면 - · 누움 0.68초 · die 클립 true · 죽음 plague/slump
  ·   벌레: 이동 0.00 · 뜸 0.00 · 두 동강 false · 윗몸 0.00 · 단면 - · 누움 0.53초 · die 클립 false · 죽음 plague/drop
  ·   떠다님·피: 이동 0.00 · 뜸 0.00 · 두 동강 false · 윗몸 0.00 · 단면 - · 누움 0.53초 · die 클립 false · 죽음 drop/drop
  ·   떠다님·넋: 이동 0.00 · 뜸 0.00 · 두 동강 false · 윗몸 0.00 · 단면 - · 누움 0.53초 · die 클립 false · 죽음 scatter/scatter
  ·   큰 덩치: 이동 0.00 · 뜸 0.00 · 두 동강 false · 윗몸 0.00 · 단면 - · 누움 0.82초 · die 클립 true · 죽음 slump/slump
[Dev] removed 6 enemies
[Kill] +6 xp (lv 2, 30/57)
[Kill] +5 xp (lv 2, 35/57)
[Kill] +9 xp (lv 2, 44/57)
[Dev] item 엽전 world=(22.93431, 0.0, 47.06569) screen=(587.6362, 306.1772)
[Kill] +11 xp (lv 2, 55/57)
[Dev] item 엽전 world=(24.03033, 0.0, 45.96967) screen=(689.0908, 306.1772)
[Dev] item 은가락지 world=(24.03033, 0.0, 45.96967) screen=(689.0908, 306.1772)
[Kill] +7 xp (lv 3, 5/104)
[LevelUp] lv=3 stat_pts=10 skill_pts=2
[Dev] item 은가락지 world=(25.12635, 0.0, 44.87365) screen=(790.5454, 306.1772)
[Dev] item 귀환부 world=(25.12635, 0.0, 44.87365) screen=(790.5454, 306.1772)
[Kill] +6 xp (lv 3, 11/104)
[Dev] item 영약 — 생맥산 world=(26.32843, 0.0, 43.67157) screen=(901.8179, 306.1772)
  · ② 평타 치명 막타 — 게임 367.47초에 막타 (여섯 몸 같은 프레임)
[Audio] 같은 순간 같은 큐 상한(3) 넘침 — hit_crit ×2 · enemy_hurt ×2 · kill_extra ×2 · hit_crit_low ×2 · enemy_die ×2 · blood_splat ×1 (버림 누계 369)
  ·   사람형: 이동 0.00 · 뜸 0.00 · 두 동강 true · 윗몸 0.44 · 단면 0° · 누움 0.82초 · die 클립 true · 죽음 cleave/cleave
  ·   짐승: 이동 0.00 · 뜸 0.00 · 두 동강 true · 윗몸 0.41 · 단면 90° · 누움 0.82초 · die 클립 true · 죽음 plague/cleave
  ·   벌레: 이동 0.00 · 뜸 0.00 · 두 동강 false · 윗몸 0.00 · 단면 - · 누움 0.52초 · die 클립 false · 죽음 plague/slashed
  ·   떠다님·피: 이동 0.00 · 뜸 0.00 · 두 동강 false · 윗몸 0.00 · 단면 - · 누움 0.52초 · die 클립 false · 죽음 slashed/slashed
  ·   떠다님·넋: 이동 0.00 · 뜸 0.00 · 두 동강 false · 윗몸 0.00 · 단면 - · 누움 0.52초 · die 클립 false · 죽음 scatter/scatter
  ·   큰 덩치: 이동 0.00 · 뜸 0.00 · 두 동강 true · 윗몸 0.44 · 단면 0° · 누움 1.12초 · die 클립 true · 죽음 slide/slide
[Dev] removed 6 enemies
[Kill] +6 xp (lv 3, 17/104)
[Kill] +5 xp (lv 3, 22/104)
[Kill] +9 xp (lv 3, 31/104)
[Dev] item 엽전 world=(22.93431, 0.0, 47.06569) screen=(587.6362, 306.1772)
[Kill] +11 xp (lv 3, 42/104)
[Dev] item 엽전 world=(24.03033, 0.0, 45.96967) screen=(689.0908, 306.1772)
[Dev] item 은가락지 world=(24.03033, 0.0, 45.96967) screen=(689.0908, 306.1772)
[Kill] +7 xp (lv 3, 49/104)
[Dev] item 은가락지 world=(25.12635, 0.0, 44.87365) screen=(790.5454, 306.1772)
[Dev] item 귀환부 world=(25.12635, 0.0, 44.87365) screen=(790.5454, 306.1772)
[Kill] +6 xp (lv 3, 55/104)
[Dev] item 영약 — 생맥산 world=(26.32843, 0.0, 43.67157) screen=(901.8179, 306.1772)
  · ③ 참격 막타 — 사선 칼 — 게임 369.73초에 막타 (여섯 몸 같은 프레임)
[Audio] 같은 순간 같은 큐 상한(3) 넘침 — hit ×3 · enemy_hurt ×3 · kill_extra ×3 · enemy_die ×3 · blood_splat ×1 (버림 누계 382)
  ·   사람형: 이동 0.00 · 뜸 0.00 · 두 동강 true · 윗몸 0.33 · 단면 45° · 누움 0.82초 · die 클립 true · 죽음 cleave/cleave
  ·   짐승: 이동 0.00 · 뜸 0.00 · 두 동강 true · 윗몸 0.41 · 단면 90° · 누움 0.82초 · die 클립 true · 죽음 plague/cleave
  ·   벌레: 이동 0.00 · 뜸 0.00 · 두 동강 false · 윗몸 0.00 · 단면 - · 누움 0.52초 · die 클립 false · 죽음 plague/slashed
  ·   떠다님·피: 이동 0.00 · 뜸 0.00 · 두 동강 false · 윗몸 0.00 · 단면 - · 누움 0.52초 · die 클립 false · 죽음 slashed/slashed
  ·   떠다님·넋: 이동 0.00 · 뜸 0.00 · 두 동강 false · 윗몸 0.00 · 단면 - · 누움 0.52초 · die 클립 false · 죽음 scatter/scatter
  ·   큰 덩치: 이동 0.00 · 뜸 0.00 · 두 동강 true · 윗몸 0.37 · 단면 45° · 누움 1.13초 · die 클립 true · 죽음 slide/slide
[Dev] removed 6 enemies
[Kill] +6 xp (lv 3, 61/104)
[Kill] +5 xp (lv 3, 66/104)
[Kill] +9 xp (lv 3, 75/104)
[Dev] item 엽전 world=(22.93431, 0.0, 47.06569) screen=(587.6362, 306.1772)
[Kill] +11 xp (lv 3, 86/104)
[Dev] item 엽전 world=(24.03033, 0.0, 45.96967) screen=(689.0908, 306.1772)
[Dev] item 은가락지 world=(24.03033, 0.0, 45.96967) screen=(689.0908, 306.1772)
[Kill] +7 xp (lv 3, 93/104)
[Dev] item 은가락지 world=(25.12635, 0.0, 44.87365) screen=(790.5454, 306.1772)
[Dev] item 귀환부 world=(25.12635, 0.0, 44.87365) screen=(790.5454, 306.1772)
[Kill] +6 xp (lv 3, 99/104)
[Dev] item 영약 — 생맥산 world=(26.32843, 0.0, 43.67157) screen=(901.8179, 306.1772)
  · ④ 회오리 막타 — 가로 칼 — 게임 372.00초에 막타 (여섯 몸 같은 프레임)
[Audio] 같은 순간 같은 큐 상한(3) 넘침 — hit ×3 · enemy_hurt ×3 · kill_extra ×3 · enemy_die ×3 · blood_splat ×1 (버림 누계 395)
  ·   사람형: 이동 0.00 · 뜸 0.00 · 두 동강 true · 윗몸 0.33 · 단면 0° · 누움 0.82초 · die 클립 true · 죽음 cleave/cleave
  ·   짐승: 이동 0.00 · 뜸 0.00 · 두 동강 true · 윗몸 0.41 · 단면 90° · 누움 0.82초 · die 클립 true · 죽음 plague/cleave
  ·   벌레: 이동 0.00 · 뜸 0.00 · 두 동강 false · 윗몸 0.00 · 단면 - · 누움 0.52초 · die 클립 false · 죽음 plague/slashed
  ·   떠다님·피: 이동 0.00 · 뜸 0.00 · 두 동강 false · 윗몸 0.00 · 단면 - · 누움 0.52초 · die 클립 false · 죽음 slashed/slashed
  ·   떠다님·넋: 이동 0.00 · 뜸 0.00 · 두 동강 false · 윗몸 0.00 · 단면 - · 누움 0.52초 · die 클립 false · 죽음 scatter/scatter
  ·   큰 덩치: 이동 0.00 · 뜸 0.00 · 두 동강 true · 윗몸 0.44 · 단면 0° · 누움 1.12초 · die 클립 true · 죽음 slide/slide
[Dev] removed 6 enemies
[Kill] +6 xp (lv 4, 1/160)
[LevelUp] lv=4 stat_pts=15 skill_pts=3
[Kill] +5 xp (lv 4, 6/160)
[Kill] +9 xp (lv 4, 15/160)
[Dev] item 엽전 world=(22.93431, 0.0, 47.06569) screen=(587.6362, 306.1772)
[Kill] +11 xp (lv 4, 26/160)
[Dev] item 엽전 world=(24.03033, 0.0, 45.96967) screen=(689.0908, 306.1772)
[Dev] item 은가락지 world=(24.03033, 0.0, 45.96967) screen=(689.0908, 306.1772)
[Kill] +7 xp (lv 4, 33/160)
[Dev] item 은가락지 world=(25.12635, 0.0, 44.87365) screen=(790.5454, 306.1772)
[Dev] item 귀환부 world=(25.12635, 0.0, 44.87365) screen=(790.5454, 306.1772)
[Kill] +6 xp (lv 4, 39/160)
[Dev] item 영약 — 생맥산 world=(26.32843, 0.0, 43.67157) screen=(901.8179, 306.1772)
  · ⑤ 도약 베기 막타 — 세로 칼 — 게임 374.27초에 막타 (여섯 몸 같은 프레임)
[Audio] 같은 순간 같은 큐 상한(3) 넘침 — hit ×3 · enemy_hurt ×3 · kill_extra ×3 · enemy_die ×3 · blood_splat ×1 (버림 누계 408)
  ·   사람형: 이동 0.00 · 뜸 0.00 · 두 동강 true · 윗몸 0.99 · 단면 90° · 누움 0.68초 · die 클립 true · 죽음 cleave/cleave
  ·   짐승: 이동 0.00 · 뜸 0.00 · 두 동강 true · 윗몸 0.41 · 단면 90° · 누움 0.83초 · die 클립 true · 죽음 plague/cleave
  ·   벌레: 이동 0.00 · 뜸 0.00 · 두 동강 false · 윗몸 0.00 · 단면 - · 누움 0.53초 · die 클립 false · 죽음 plague/slashed
  ·   떠다님·피: 이동 0.00 · 뜸 0.00 · 두 동강 false · 윗몸 0.00 · 단면 - · 누움 0.53초 · die 클립 false · 죽음 slashed/slashed
  ·   떠다님·넋: 이동 0.00 · 뜸 0.00 · 두 동강 false · 윗몸 0.00 · 단면 - · 누움 0.53초 · die 클립 false · 죽음 scatter/scatter
  ·   큰 덩치: 이동 0.00 · 뜸 0.00 · 두 동강 true · 윗몸 1.77 · 단면 90° · 누움 0.83초 · die 클립 true · 죽음 cleave/cleave
[Dev] removed 6 enemies
[Kill] +6 xp (lv 4, 45/160)
[Kill] +5 xp (lv 4, 50/160)
[Kill] +9 xp (lv 4, 59/160)
[Dev] item 엽전 world=(22.93431, 0.0, 47.06569) screen=(587.6362, 306.1772)
[Kill] +11 xp (lv 4, 70/160)
[Dev] item 엽전 world=(24.03033, 0.0, 45.96967) screen=(689.0908, 306.1772)
[Dev] item 은가락지 world=(24.03033, 0.0, 45.96967) screen=(689.0908, 306.1772)
[Kill] +7 xp (lv 4, 77/160)
[Dev] item 은가락지 world=(25.12635, 0.0, 44.87365) screen=(790.5454, 306.1772)
[Dev] item 귀환부 world=(25.12635, 0.0, 44.87365) screen=(790.5454, 306.1772)
[Kill] +6 xp (lv 4, 83/160)
[Dev] item 영약 — 생맥산 world=(26.32843, 0.0, 43.67157) screen=(901.8179, 306.1772)
  · ⑥ 참격 치명 + 넘친 피해 — 게임 376.53초에 막타 (여섯 몸 같은 프레임)
[Audio] 같은 순간 같은 큐 상한(3) 넘침 — hit_crit ×2 · enemy_hurt ×2 · kill_extra ×2 · hit_crit_low ×2 · enemy_die ×2 · blood_splat ×1 (버림 누계 419)
  ·   사람형: 이동 0.00 · 뜸 0.00 · 두 동강 true · 윗몸 0.45 · 단면 45° · 누움 0.82초 · die 클립 true · 죽음 gibs/cleave
  ·   짐승: 이동 0.00 · 뜸 0.00 · 두 동강 true · 윗몸 0.41 · 단면 90° · 누움 0.82초 · die 클립 true · 죽음 plague/cleave
  ·   벌레: 이동 0.00 · 뜸 0.00 · 두 동강 false · 윗몸 0.00 · 단면 - · 누움 0.52초 · die 클립 false · 죽음 plague/slashed
  ·   떠다님·피: 이동 0.00 · 뜸 0.00 · 두 동강 false · 윗몸 0.00 · 단면 - · 누움 0.52초 · die 클립 false · 죽음 slashed/slashed
  ·   떠다님·넋: 이동 0.00 · 뜸 0.00 · 두 동강 false · 윗몸 0.00 · 단면 - · 누움 0.52초 · die 클립 false · 죽음 scatter/scatter
  ·   큰 덩치: 이동 0.00 · 뜸 0.00 · 두 동강 true · 윗몸 0.37 · 단면 45° · 누움 1.12초 · die 클립 true · 죽음 gibs/slide
[Dev] removed 6 enemies
[Kill] +6 xp (lv 4, 89/160)
[Kill] +5 xp (lv 4, 94/160)
[Kill] +9 xp (lv 4, 103/160)
[Dev] item 엽전 world=(22.93431, 0.0, 47.06569) screen=(587.6362, 306.1772)
[Kill] +11 xp (lv 4, 114/160)
[Dev] item 엽전 world=(24.03033, 0.0, 45.96967) screen=(689.0908, 306.1772)
[Dev] item 은가락지 world=(24.03033, 0.0, 45.96967) screen=(689.0908, 306.1772)
[Kill] +7 xp (lv 4, 121/160)
[Dev] item 은가락지 world=(25.12635, 0.0, 44.87365) screen=(790.5454, 306.1772)
[Dev] item 귀환부 world=(25.12635, 0.0, 44.87365) screen=(790.5454, 306.1772)
[Kill] +6 xp (lv 4, 127/160)
[Dev] item 영약 — 생맥산 world=(26.32843, 0.0, 43.67157) screen=(901.8179, 306.1772)
  · ⑦ 화염 막타 (부적, dev 강제) — 게임 378.80초에 막타 (여섯 몸 같은 프레임)
[Audio] 같은 순간 같은 큐 상한(3) 넘침 — enemy_hurt ×3 · kill_extra ×3 · enemy_die ×3 · burn ×3 (버림 누계 431)
  ·   사람형: 이동 0.00 · 뜸 0.00 · 두 동강 false · 윗몸 0.00 · 단면 - · 누움 0.53초 · die 클립 true · 죽음 ash/ash
  ·   짐승: 이동 0.00 · 뜸 0.00 · 두 동강 false · 윗몸 0.00 · 단면 - · 누움 0.53초 · die 클립 true · 죽음 ash/ash
  ·   벌레: 이동 0.00 · 뜸 0.00 · 두 동강 false · 윗몸 0.00 · 단면 - · 누움 0.53초 · die 클립 false · 죽음 ash/ash
  ·   떠다님·피: 이동 0.00 · 뜸 0.00 · 두 동강 false · 윗몸 0.00 · 단면 - · 누움 0.53초 · die 클립 false · 죽음 ash/ash
  ·   떠다님·넋: 이동 0.00 · 뜸 0.00 · 두 동강 false · 윗몸 0.00 · 단면 - · 누움 0.53초 · die 클립 false · 죽음 ash/ash
  ·   큰 덩치: 이동 0.00 · 뜸 0.00 · 두 동강 false · 윗몸 0.00 · 단면 - · 누움 0.53초 · die 클립 true · 죽음 ash/ash
[Dev] removed 6 enemies
[Kill] +6 xp (lv 4, 133/160)
[Kill] +5 xp (lv 4, 138/160)
[Kill] +9 xp (lv 4, 147/160)
[Dev] item 엽전 world=(22.93431, 0.0, 47.06569) screen=(587.6362, 306.1772)
[Kill] +11 xp (lv 4, 158/160)
[Dev] item 엽전 world=(24.03033, 0.0, 45.96967) screen=(689.0908, 306.1772)
[Dev] item 은가락지 world=(24.03033, 0.0, 45.96967) screen=(689.0908, 306.1772)
[Kill] +7 xp (lv 5, 5/224)
[LevelUp] lv=5 stat_pts=20 skill_pts=4
[Dev] item 은가락지 world=(25.12635, 0.0, 44.87365) screen=(790.5454, 306.1772)
[Dev] item 귀환부 world=(25.12635, 0.0, 44.87365) screen=(790.5454, 306.1772)
[Kill] +6 xp (lv 5, 11/224)
[Dev] item 영약 — 생맥산 world=(26.32843, 0.0, 43.67157) screen=(901.8179, 306.1772)
  · ⑧ 냉기 막타 (빙결 뒤 참격, dev 강제) — 게임 381.07초에 막타 (여섯 몸 같은 프레임)
[Audio] 같은 순간 같은 큐 상한(3) 넘침 — hit ×3 · enemy_hurt ×3 · kill_extra ×3 · enemy_die ×3 · freeze ×3 (버림 누계 446)
[Audio] 같은 순간 같은 큐 상한(3) 넘침 — shatter ×3 (버림 누계 449)
  ·   사람형: 이동 0.00 · 뜸 0.00 · 두 동강 false · 윗몸 0.00 · 단면 - · 누움 0.52초 · die 클립 true · 죽음 shatter/shatter
  ·   짐승: 이동 0.00 · 뜸 0.00 · 두 동강 false · 윗몸 0.00 · 단면 - · 누움 0.52초 · die 클립 true · 죽음 shatter/shatter
  ·   벌레: 이동 0.00 · 뜸 0.00 · 두 동강 false · 윗몸 0.00 · 단면 - · 누움 0.52초 · die 클립 false · 죽음 shatter/shatter
  ·   떠다님·피: 이동 0.00 · 뜸 0.00 · 두 동강 false · 윗몸 0.00 · 단면 - · 누움 0.52초 · die 클립 false · 죽음 shatter/shatter
  ·   떠다님·넋: 이동 0.00 · 뜸 0.00 · 두 동강 false · 윗몸 0.00 · 단면 - · 누움 0.52초 · die 클립 false · 죽음 shatter/shatter
  ·   큰 덩치: 이동 0.00 · 뜸 0.00 · 두 동강 false · 윗몸 0.00 · 단면 - · 누움 0.52초 · die 클립 true · 죽음 shatter/shatter
[Dev] removed 6 enemies
[Kill] +6 xp (lv 5, 17/224)
[Kill] +5 xp (lv 5, 22/224)
[Kill] +9 xp (lv 5, 31/224)
[Dev] item 엽전 world=(22.93431, 0.0, 47.06569) screen=(587.6362, 306.1772)
[Kill] +11 xp (lv 5, 42/224)
[Dev] item 엽전 world=(24.03033, 0.0, 45.96967) screen=(689.0908, 306.1772)
[Dev] item 은가락지 world=(24.03033, 0.0, 45.96967) screen=(689.0908, 306.1772)
[Kill] +7 xp (lv 5, 49/224)
[Dev] item 은가락지 world=(25.12635, 0.0, 44.87365) screen=(790.5454, 306.1772)
[Dev] item 귀환부 world=(25.12635, 0.0, 44.87365) screen=(790.5454, 306.1772)
[Kill] +6 xp (lv 5, 55/224)
[Dev] item 영약 — 생맥산 world=(26.32843, 0.0, 43.67157) screen=(901.8179, 306.1772)
  · ⑨ 피 끄기 + 참격 막타 — 게임 383.33초에 막타 (여섯 몸 같은 프레임)
[Audio] 같은 순간 같은 큐 상한(3) 넘침 — hit ×2 · enemy_hurt ×2 · kill_extra ×2 · enemy_die ×2 · blood_splat ×1 (버림 누계 458)
  ·   사람형: 이동 0.00 · 뜸 0.00 · 두 동강 true · 윗몸 0.33 · 단면 45° · 누움 0.82초 · die 클립 true · 죽음 cleave/cleave
  ·   짐승: 이동 0.00 · 뜸 0.00 · 두 동강 true · 윗몸 0.41 · 단면 90° · 누움 0.82초 · die 클립 true · 죽음 plague/cleave
  ·   벌레: 이동 0.00 · 뜸 0.00 · 두 동강 false · 윗몸 0.00 · 단면 - · 누움 0.53초 · die 클립 false · 죽음 plague/slashed
  ·   떠다님·피: 이동 0.00 · 뜸 0.00 · 두 동강 false · 윗몸 0.00 · 단면 - · 누움 0.53초 · die 클립 false · 죽음 slashed/slashed
  ·   떠다님·넋: 이동 0.00 · 뜸 0.00 · 두 동강 false · 윗몸 0.00 · 단면 - · 누움 0.53초 · die 클립 false · 죽음 scatter/scatter
  ·   큰 덩치: 이동 0.00 · 뜸 0.00 · 두 동강 true · 윗몸 0.37 · 단면 45° · 누움 1.12초 · die 클립 true · 죽음 slide/slide
[Dev] removed 6 enemies
[Kill] +6 xp (lv 5, 61/224)
[Dev] item 탕약 — 쌍화탕 world=(20.74228, 0.0, 49.25772) screen=(384.727, 306.1772)
  · ⑩ 산적1 — 게임 385.60초에 막타
[Kill] +6 xp (lv 5, 67/224)
[Dev] item 엽전 world=(21.8383, 0.0, 48.1617) screen=(486.1816, 306.1772)
[Dev] item 철검 world=(21.8383, 0.0, 48.1617) screen=(486.1816, 306.1772)
  · ⑩ 산적2 — 게임 386.42초에 막타
[Kill] +6 xp (lv 5, 73/224)
[Dev] item 엽전 world=(22.93431, 0.0, 47.06569) screen=(587.6362, 306.1772)
  · ⑩ 산적3 — 게임 387.23초에 막타
[Kill] +6 xp (lv 5, 79/224)
[Dev] item 엽전 world=(24.03033, 0.0, 45.96967) screen=(689.0908, 306.1772)
  · ⑩ 산적4 — 게임 388.05초에 막타
[Kill] +6 xp (lv 5, 85/224)
  · ⑩ 산적5 — 게임 388.87초에 막타
  · ⑩ 반복 — 같은 참격(사선 칼) 다섯 번:
  ·   산적1: 이동 0.00 · 뜸 0.00 · 두 동강 true · 윗몸 0.33 · 단면 45° · 누움 0.82초 · die 클립 true · 죽음 cleave/cleave
  ·   산적2: 이동 0.00 · 뜸 0.00 · 두 동강 true · 윗몸 0.37 · 단면 45° · 누움 1.12초 · die 클립 true · 죽음 slide/slide
  ·   산적3: 이동 0.00 · 뜸 0.00 · 두 동강 true · 윗몸 0.33 · 단면 45° · 누움 0.82초 · die 클립 true · 죽음 cleave/cleave
  ·   산적4: 이동 0.00 · 뜸 0.00 · 두 동강 true · 윗몸 0.37 · 단면 45° · 누움 1.12초 · die 클립 true · 죽음 slide/slide
  ·   산적5: 이동 0.00 · 뜸 0.00 · 두 동강 true · 윗몸 0.33 · 단면 45° · 누움 0.82초 · die 클립 true · 죽음 cleave/cleave
[Dev] removed 5 enemies
E2E slice_deaths PASS (검사 111)
[Audio] BGM town → town.ogg
[Save] level 못골 마을 → user://save_e2e.json (C:/Users/FORYOUCOM/AppData/Roaming/Godot/app_userdata/Joseon Hunters/wt/codex-96-boss-opening-cutin/save_e2e.json)
[Dev] stairs DungeonEntrance dir=1 world=(0.0, 0.0, -31.0) screen=(2121.067, -492.4143)
[Dev] interact Merchant world=(5.4, 0.0, -2.4) screen=(1047.293, 368.0158)
[Dev] interact Shaman world=(-5.6, 0.0, 0.4) screen=(408.5833, 148.8999)
[Dev] interact Elder world=(2.0, 0.0, -5.6) screen=(1038.037, 191.6542)
[Dev] interact Waypoint world=(-4.2, 0.0, 2.2) screen=(390.0698, 234.4085)
E2E ▶ monster_motion_gallery
  · 봉우리 셈 자기검사 — 표본 위상 20가지 × 봉우리 셋: 꼭짓점 폭 0.0025초 (표본 그대로면 0.0158초) · 대칭 봉우리 오차 0.0002초
[Dev] item 화염부 world=(32.5, 0.0, 70.5) screen=(-1072.484, 3072.227)
[Dev] item 빙결부 world=(33.5, 0.0, 69.5) screen=(-979.9173, 3072.227)
[Field] deulnyeok seed=355022911 128x128 props=2252 packs=18 enemies=74 waypoint=(62, 65) roster=bandit,bat,talisman_master elites=["13:파란×4@구간3"]
[Audio] BGM dungeon → dungeon_2.ogg
[Save] level 못골 들녘 → user://save_e2e.json (C:/Users/FORYOUCOM/AppData/Roaming/Godot/app_userdata/Joseon Hunters/wt/codex-96-boss-opening-cutin/save_e2e.json)
[Dev] stairs Down_cave dir=1 world=(88.5, 0.0, 3.5) screen=(7212.236, 897.1014)
[Dev] interact Waypoint world=(62.5, 0.0, 65.5) screen=(3139.301, 1810.974)
[Dev] interact FloorItem world=(32.5, 0.0, 70.5) screen=(1519.384, 1142.938)
[Dev] interact @Area3D@28262 world=(33.5, 0.0, 69.5) screen=(1611.95, 1142.938)
[Dev] interact PusJar world=(95.5, 0.0, 103.5) screen=(2907.884, 3708.197)
[Dev] interact @Area3D@28409 world=(101.5, 0.0, 105.5) screen=(3093.018, 3921.969)
[Dev] interact @Area3D@28410 world=(98.5, 0.0, 107.5) screen=(2861.601, 3895.247)
[Dev] interact LootChest world=(27.5, 0.0, 70.5) screen=(1287.967, 1009.331)
[Dev] interact @Area3D@28411 world=(94.5, 0.0, 100.5) screen=(3000.451, 3601.312)
[Dev] interact @Area3D@28412 world=(55.5, 0.0, 52.5) screen=(3417.001, 1276.545)
[Dev] interact LootPot world=(46.5, 0.0, 68.5) screen=(2259.917, 1463.595)
[Dev] interact @Area3D@28413 world=(73.5, 0.0, 47.5) screen=(4481.519, 1623.924)
[Dev] interact @Area3D@28414 world=(90.5, 0.0, 47.5) screen=(5268.335, 2078.189)
[Dev] interact @Area3D@28415 world=(111.5, 0.0, 49.5) screen=(6147.719, 2692.782)
[Dev] interact @Area3D@28416 world=(101.5, 0.0, 101.5) screen=(3278.151, 3815.083)
[Dev] interact @Area3D@28417 world=(86.5, 0.0, 76.5) screen=(3740.984, 2746.225)
[Dev] interact @Area3D@28418 world=(53.5, 0.0, 52.5) screen=(3324.434, 1223.102)
[Dev] interact @Area3D@28419 world=(87.5, 0.0, 95.5) screen=(2907.884, 3280.654)
[Dev] interact @Area3D@28420 world=(26.5, 0.0, 66.5) screen=(1426.817, 875.7234)
[Dev] interact @Area3D@28421 world=(17.5, 0.0, 60.5) screen=(1287.967, 474.9016)
[Dev] interact @Area3D@28422 world=(86.5, 0.0, 22.5) screen=(6240.286, 1303.266)
[Dev] interact @Area3D@28423 world=(59.5, 0.0, 65.5) screen=(3000.451, 1730.81)
[Dev] interact @Area3D@28424 world=(18.5, 0.0, 74.5) screen=(686.2832, 875.7234)
[Dev] interact @Area3D@28425 world=(44.5, 0.0, 69.5) screen=(2121.067, 1436.874)
[Dev] interact @Area3D@28426 world=(73.5, 0.0, 49.5) screen=(4388.952, 1677.367)
[Dev] interact @Area3D@28427 world=(88.5, 0.0, 52.5) screen=(4944.352, 2158.353)
[Dev] removed 74 enemies
  · 무대 = (34.5, 0.0, 14.5) · 숨긴 풀·꽃 0 · 도호 = 오른쪽 8.4u
  · 사진 = 구간마다 틀(쉼 (-8.4, 5.4) · 걷기 (-8.4, 5.8) · 달리기 (-8.4, 7.9), 여백 5%) · 무대 조명 = 가운데 위 6.0u · 세기 3.5 · 반경 18 · 감쇠 0.5 (대본 끝에 치움)
  · 떠다님·넋 (떠도는 넋) = tteodoneun_neok (크기 ×1.00) · 뼈 없음(정지 메시) · 클립 없음
  · 떠다님·몸 (나찰녀) = nachalnyeo (크기 ×1.00) · 뼈 없음(정지 메시) · 클립 없음
  · 네발·짐승 (역병 든 들개) = plague_dog (크기 ×0.91) · 뼈 19 · 발 4 · 골반 Hips · 머리 Head · 손 0 · attack 0.50 · die 1.25 · hit 0.30 · idle 2.20 · pounce 0.60 · pounce_air 0.40 · pounce_land 0.25 · run 0.55 · walk 0.85
  · 네발·족속 (흑랑 새끼 대역) = heukrang_kin (크기 ×0.55) · 뼈 19 · 발 4 · 골반 Hips · 머리 Head · 손 0 · attack 0.67 · die 1.25 · hit 0.30 · idle 2.20 · pounce 0.65 · pounce_air 0.40 · pounce_land 0.25 · run 0.77 · walk 1.02
  · 두 발·Tripo (산적) = bandit (크기 ×1.00) · 뼈 65 · 발 2 · 골반 mixamorig_Hips · 머리 mixamorig_Head · 손 2 · attack 0.55 · attack2 0.55 · die 3.00 · hit 0.30 · idle 7.67 · run 0.58 · walk 1.12
  · 두 발·Meshy (홀린 여창) = hollin_yeogung_spear (크기 ×1.00) · 뼈 24 · 발 2 · 골반 Hips · 머리 Head · 손 2 · attack_bow 5.03 · attack_spear 3.03 · die 3.00 · hit 0.30 · idle 1.30 · run 0.63 · walk 1.03
  · 떠다님 2몸 = 그림 틱을 물리 틱에 묶어 잰다 (_tick_float)
  · ① 대기 3.0초 — 뼈 있는 몸 = 머리 봉우리-봉우리(목표 2~15cm) · 떠다님 = 둥실 반폭(3~8cm)·주기(1.8~3.2초):
  ·   떠다님·넋 (떠도는 넋): 둥실 5.0cm ○ · 주기 2.22초 ○ · 옆 흔들림 4.5° · 뼈 없음
  ·   떠다님·몸 (나찰녀): 둥실 6.0cm ○ · 주기 2.00초 ○ · 옆 흔들림 4.5° · 뼈 없음
  ·   네발·짐승 (역병 든 들개): 들썩임 4.6cm ○ · 클립 idle
  ·   네발·족속 (흑랑 새끼 대역): 들썩임 3.3cm ○ · 클립 idle
  ·   두 발·Tripo (산적): 들썩임 9.5cm ○ · 클립 idle
  ·   두 발·Meshy (홀린 여창): 들썩임 6.4cm ○ · 클립 idle
  · ② 걷기 1.2u/s — 1.5초 · 화면 오른쪽으로 곧게 (발 미끄러짐 목표 ≤ 5cm/s · 떠다님 앞 기울기 목표 3~8°):
  ·   떠다님·넋 (떠도는 넋): 빠르기 1.20u/s · 뼈 없음 · 앞 기울기 5.4° ○ · 옆 흔들림 7.0° · 둥실 2.4cm · 옷자락 끌림 4.2cm (물결 메시 2)
  ·   떠다님·몸 (나찰녀): 빠르기 1.20u/s · 뼈 없음 · 앞 기울기 5.4° ○ · 옆 흔들림 7.0° · 둥실 4.4cm · 옷자락 끌림 3.6cm (물결 메시 2)
  ·   네발·짐승 (역병 든 들개): 빠르기 1.20u/s · 클립 walk × 1.55 · 발 미끄러짐 0cm/s (몸의 0%) ○ · 걸음마다 0.1cm · 디딤 몫 0.57 · 걸음 4.3/초
  ·   네발·족속 (흑랑 새끼 대역): 빠르기 1.20u/s · 클립 walk × 1.72 · 발 미끄러짐 1cm/s (몸의 0%) ○ · 걸음마다 0.1cm · 디딤 몫 0.57 · 걸음 3.9/초
  ·   두 발·Tripo (산적): 빠르기 1.20u/s · 클립 walk × 1.40 · 발 미끄러짐 1cm/s (몸의 1%) ○ · 걸음마다 0.2cm · 디딤 몫 0.49 · 걸음 3.2/초
  ·   두 발·Meshy (홀린 여창): 빠르기 1.20u/s · 클립 walk × 0.97 · 발 미끄러짐 2cm/s (몸의 2%) ○ · 걸음마다 0.3cm · 디딤 몫 0.28 · 걸음 2.4/초
  · ③ 달리기(쫓는 빠르기 = move_speed) — 1.0초 · 화면 오른쪽으로 곧게 (발 미끄러짐 목표 ≤ 10cm/s · 떠다님 앞 기울기 목표 9~16°):
  ·   떠다님·넋 (떠도는 넋): 빠르기 2.80u/s · 뼈 없음 · 앞 기울기 12.5° ○ · 옆 흔들림 13.3° · 둥실 2.1cm · 옷자락 끌림 9.8cm (물결 메시 2)
  ·   떠다님·몸 (나찰녀): 빠르기 3.60u/s · 뼈 없음 · 앞 기울기 15.9° ○ · 옆 흔들림 16.6° · 둥실 4.4cm · 옷자락 끌림 10.8cm (물결 메시 2)
  ·   네발·짐승 (역병 든 들개): 빠르기 4.50u/s · 클립 run × 1.29 · 발 미끄러짐 2cm/s (몸의 0%) ○ · 걸음마다 0.1cm · 디딤 몫 0.24 · 걸음 4.6/초
  ·   네발·족속 (흑랑 새끼 대역): 빠르기 4.50u/s · 클립 run × 1.66 · 발 미끄러짐 1cm/s (몸의 0%) ○ · 걸음마다 0.1cm · 디딤 몫 0.24 · 걸음 4.6/초
  ·   두 발·Tripo (산적): 빠르기 3.50u/s · 클립 run × 1.20 · 발 미끄러짐 1cm/s (몸의 0%) ○ · 걸음마다 0.1cm · 디딤 몫 0.26 · 걸음 5.2/초
  ·   두 발·Meshy (홀린 여창): 빠르기 3.80u/s · 클립 run × 0.87 · 발 미끄러짐 26cm/s (몸의 7%) ✗ · 걸음마다 1.7cm · 디딤 몫 0.23 · 걸음 3.9/초
  · ④ 공격 — 같은 틱에 선딜(피해 = 선딜 끝 · 타격 몫 목표 0.50~0.70 · 치는 곳 가장 빠른 때 = 선딜 끝 ± 0.08초, 2u/s 이상):
  ·   떠다님·넋 (떠도는 넋): 선딜 0.30초 · 잠금 0.55초 · 공격 클립 없음 · 가장 빠른 때 0.270초(타격 -0.030) ○ · 12.4u/s · 당김 10cm (0.23초) · 쏘기 40cm (0.30초) · 머리 쏘기 40cm
  ·   떠다님·몸 (나찰녀): 선딜 0.50초 · 잠금 0.75초 · 공격 클립 없음 · 가장 빠른 때 0.460초(타격 -0.040) ○ · 4.7u/s · 당김 8cm (0.42초) · 쏘기 15cm (0.50초) · 머리 쏘기 15cm
  ·   네발·짐승 (역병 든 들개): 선딜 0.30초 · 잠금 0.50초 · 클립 attack 0.50초 × 1.00배 · 타격 몫 0.60 ○ · 가장 빠른 때 0.280초(타격 -0.020) ○ · 6.6u/s · 당김 5cm (0.23초) · 쏘기 15cm (0.30초) · 머리 쏘기 17cm
  ·   네발·족속 (흑랑 새끼 대역): 선딜 0.40초 · 잠금 0.67초 · 클립 attack 0.67초 × 1.00배 · 타격 몫 0.60 ○ · 가장 빠른 때 0.352초(타격 -0.048) ○ · 5.0u/s · 당김 5cm (0.30초) · 쏘기 16cm (0.40초) · 머리 쏘기 22cm
  ·   두 발·Tripo (산적): 선딜 0.30초 · 잠금 0.55초 · 클립 attack 0.55초 × 1.00배 · 타격 몫 0.55 ○ · 가장 빠른 때 0.272초(타격 -0.028) ○ · 5.5u/s · 당김 0cm (0.00초) · 쏘기 0cm (0.00초) · 머리 쏘기 14cm
  ·   두 발·Meshy (홀린 여창): 선딜 0.40초 · 잠금 3.03초 · 클립 attack_spear 3.03초 × 1.00배 · 타격 몫 0.13 ✗ · 가장 빠른 때 0.750초(타격 +0.350) ✗ · 8.9u/s · 당김 0cm (0.00초) · 쏘기 110cm (1.02초) · 머리 쏘기 110cm
[Audio] 같은 순간 같은 큐 상한(3) 넘침 — hit ×1 · enemy_hurt ×1 (버림 누계 460)
  · ⑤ 맞기 — 한 대(오른쪽에서 · 반응 ≥ 6cm 또는 젖힘 ≥ 8° · 피격 동작 0.20~0.40초):
  ·   떠다님·넋 (떠도는 넋): 경직 0.35초 · 피격 동작 없음 · 반응 15cm · 젖힘 12° ○ · 몸 밀림 22cm
  ·   떠다님·몸 (나찰녀): 경직 0.35초 · 피격 동작 없음 · 반응 10cm · 젖힘 8° ○ · 몸 밀림 22cm
  ·   네발·짐승 (역병 든 들개): 경직 0.35초 · 클립 hit 0.30초 × 1.0배 = 0.30초 ○ · 반응 8cm · 젖힘 6° ○ · 몸 밀림 22cm
  ·   네발·족속 (흑랑 새끼 대역): 경직 0.35초 · 클립 hit 0.30초 × 1.0배 = 0.30초 ○ · 반응 8cm · 젖힘 2° ○ · 몸 밀림 22cm
  ·   두 발·Tripo (산적): 경직 0.35초 · 클립 hit 0.30초 × 1.0배 = 0.30초 ○ · 반응 0cm · 젖힘 26° ○ · 몸 밀림 22cm
  ·   두 발·Meshy (홀린 여창): 경직 0.35초 · 클립 hit 0.30초 × 1.0배 = 0.30초 ○ · 반응 8cm · 젖힘 6° ○ · 몸 밀림 22cm
  · 요약 (○ = 목표 안 · 사양 monster_motion_v2 §2):
  ·   떠다님·넋 (떠도는 넋): 둥실 5.0cm○·2.2초○ · 기울기 걷기 5.4°○·쫓기 12.5°○ · 빠른 때○ · 당김 10○·쏘기 40○ · 맞기 15cm·12°○
  ·   떠다님·몸 (나찰녀): 둥실 6.0cm○·2.0초○ · 기울기 걷기 5.4°○·쫓기 15.9°○ · 빠른 때○ · 당김 8○·쏘기 15○ · 맞기 10cm·8°○
  ·   네발·짐승 (역병 든 들개): 대기 4.6cm○ · 미끄러짐 걷기 0○·달리기 2○ · 타격 몫 0.60○ · 빠른 때○ · 머리 쏘기 17○ · 맞기 8cm·6°○·동작 0.30초○
  ·   네발·족속 (흑랑 새끼 대역): 대기 3.3cm○ · 미끄러짐 걷기 1○·달리기 1○ · 타격 몫 0.60○ · 빠른 때○ · 머리 쏘기 22○ · 맞기 8cm·2°○·동작 0.30초○
  ·   두 발·Tripo (산적): 대기 9.5cm○ · 미끄러짐 걷기 1○·달리기 1○ · 타격 몫 0.55○ · 빠른 때○ · 맞기 0cm·26°○·동작 0.30초○
  ·   두 발·Meshy (홀린 여창): 대기 6.4cm○ · 미끄러짐 걷기 2○·달리기 26✗ · 타격 몫 0.13✗ · 빠른 때✗ · 맞기 8cm·6°○·동작 0.30초○
E2E monster_motion_gallery PASS (검사 70)
[Audio] BGM town → town.ogg
[Save] level 못골 마을 → user://save_e2e.json (C:/Users/FORYOUCOM/AppData/Roaming/Godot/app_userdata/Joseon Hunters/wt/codex-96-boss-opening-cutin/save_e2e.json)
[Dev] stairs DungeonEntrance dir=1 world=(0.0, 0.0, -31.0) screen=(2121.067, -492.4143)
[Dev] interact Merchant world=(5.4, 0.0, -2.4) screen=(1047.293, 368.0158)
[Dev] interact Shaman world=(-5.6, 0.0, 0.4) screen=(408.5833, 148.8999)
[Dev] interact Elder world=(2.0, 0.0, -5.6) screen=(1038.037, 191.6542)
[Dev] interact Waypoint world=(-4.2, 0.0, 2.2) screen=(390.0698, 234.4085)
E2E ▶ element_status
[Dungeon] heukrang_gul 1층 lv=2 seed=403727558 gen 64x64 rooms=6 up=(44, 56) down=(7, 23) enemies=20 roster=bandit,bat,talisman_master elites=["방2:금색×3(깊이 0.50)"] named=-
[Quest] heukrang_gul 1층 — 싹쓸이 셈 시작 20 (heukrang_clear:none)
[Audio] BGM dungeon → dungeon_4.ogg
[Save] level 흑랑 굴 1층 → user://save_e2e.json (C:/Users/FORYOUCOM/AppData/Roaming/Godot/app_userdata/Joseon Hunters/wt/codex-96-boss-opening-cutin/save_e2e.json)
[Dev] stairs StairsUp dir=-1 world=(44.5, 0.0, 56.5) screen=(593.7165, 335.9509)
[Dev] stairs StairsDown dir=1 world=(7.5, 0.0, 23.5) screen=(408.583, -1534.551)
[Dev] interact PusJar world=(29.5, 0.0, 42.5) screen=(547.433, -487.0705)
[Dev] interact @Area3D@28787 world=(14.5, 0.0, 24.5) screen=(686.2831, -1368.878)
[Dev] interact @Area3D@28788 world=(23.5, 0.0, 18.5) screen=(1380.534, -1288.714)
[Dev] interact LootChest world=(29.5, 0.0, 39.5) screen=(686.2831, -567.2349)
[Dev] interact @Area3D@28789 world=(40.5, 0.0, 38.5) screen=(1241.683, -300.0204)
[Dev] interact LootPot world=(21.5, 0.0, 43.5) screen=(130.8828, -674.1207)
[Dev] interact @Area3D@28790 world=(22.5, 0.0, 44.5) screen=(130.8829, -620.6779)
[Dev] interact @Area3D@28791 world=(19.5, 0.0, 9.5) screen=(1611.95, -1636.093)
[Dev] interact @Area3D@28792 world=(20.5, 0.0, 9.5) screen=(1658.234, -1609.372)
[Dev] interact @Area3D@28793 world=(44.5, 0.0, 51.5) screen=(825.1333, 154.2443)
[Dev] interact @Area3D@28794 world=(44.5, 0.0, 52.5) screen=(778.8499, 180.9657)
[Dev] interact @Area3D@28795 world=(21.5, 0.0, 39.5) screen=(316.0163, -781.0065)
[Dev] removed 20 enemies
  · 무대 = 방 [P: (15, 43), S: (14, 13)], 가로 11.0u
[Dev] 한기 3초 → 산적
  · 한기 이동 실측 2.27 / 3.50 = ×0.65 (사양 ×0.65)
[Dev] 빙결 → 산적 (얼음)
[Dev] 빙결 → 산적 (안 얼어 한기로)
[Kill] +6 xp (lv 1, 6/20)
[Dev] item 철검 world=(18.04323, 0.0, 50.40442) screen=(669.5661, 409.3927)
[Kill] +6 xp (lv 1, 12/20)
[Dev] item 탕약 — 쌍화탕 world=(18.4429, 0.0, 48.51195) screen=(772.0569, 363.5071)
[Save] quest → user://save_e2e.json (C:/Users/FORYOUCOM/AppData/Roaming/Godot/app_userdata/Joseon Hunters/wt/codex-96-boss-opening-cutin/save_e2e.json)
[Quest] heukrang_clear 싹쓸이 완료 (none → killed)
[Dev] removed 2 enemies
[Dev] removed 0 enemies
[Dev] 화상 3/초 × 2초 → 산적
[Kill] +6 xp (lv 1, 18/20)
[Dev] removed 3 enemies
[Dev] removed 0 enemies
[Click] world=(27.5, 0.0, 49.5) cell=(27, 49)
[Dev] 도호 빙결 요청 → 한기 3.0초
[Click] world=(27.5, 0.0, 49.5) cell=(27, 49)
E2E element_status PASS (검사 78)
[Audio] BGM town → town.ogg
[Save] level 못골 마을 → user://save_e2e.json (C:/Users/FORYOUCOM/AppData/Roaming/Godot/app_userdata/Joseon Hunters/wt/codex-96-boss-opening-cutin/save_e2e.json)
[Dev] stairs DungeonEntrance dir=1 world=(0.0, 0.0, -31.0) screen=(2121.067, -492.4143)
[Dev] interact Merchant world=(5.4, 0.0, -2.4) screen=(1047.293, 368.0158)
[Dev] interact Shaman world=(-5.6, 0.0, 0.4) screen=(408.5833, 148.8999)
[Dev] interact Elder world=(2.0, 0.0, -5.6) screen=(1038.037, 191.6542)
[Dev] interact Waypoint world=(-4.2, 0.0, 2.2) screen=(390.0698, 234.4085)
E2E ▶ element_ui
[Dungeon] heukrang_gul 1층 lv=2 seed=403727558 gen 64x64 rooms=6 up=(44, 56) down=(7, 23) enemies=20 roster=bandit,bat,talisman_master elites=["방2:금색×3(깊이 0.50)"] named=-
[Quest] heukrang_gul 1층 — 싹쓸이 셈 시작 20 (heukrang_clear:none)
[Audio] BGM dungeon → dungeon_1.ogg
[Save] level 흑랑 굴 1층 → user://save_e2e.json (C:/Users/FORYOUCOM/AppData/Roaming/Godot/app_userdata/Joseon Hunters/wt/codex-96-boss-opening-cutin/save_e2e.json)
[Dev] stairs StairsUp dir=-1 world=(44.5, 0.0, 56.5) screen=(593.7165, 335.9509)
[Dev] stairs StairsDown dir=1 world=(7.5, 0.0, 23.5) screen=(408.583, -1534.551)
[Dev] interact PusJar world=(29.5, 0.0, 42.5) screen=(547.433, -487.0705)
[Dev] interact @Area3D@29160 world=(14.5, 0.0, 24.5) screen=(686.2831, -1368.878)
[Dev] interact @Area3D@29161 world=(23.5, 0.0, 18.5) screen=(1380.534, -1288.714)
[Dev] interact LootChest world=(29.5, 0.0, 39.5) screen=(686.2831, -567.2349)
[Dev] interact @Area3D@29162 world=(40.5, 0.0, 38.5) screen=(1241.683, -300.0204)
[Dev] interact LootPot world=(21.5, 0.0, 43.5) screen=(130.8828, -674.1207)
[Dev] interact @Area3D@29163 world=(22.5, 0.0, 44.5) screen=(130.8829, -620.6779)
[Dev] interact @Area3D@29164 world=(19.5, 0.0, 9.5) screen=(1611.95, -1636.093)
[Dev] interact @Area3D@29165 world=(20.5, 0.0, 9.5) screen=(1658.234, -1609.372)
[Dev] interact @Area3D@29166 world=(44.5, 0.0, 51.5) screen=(825.1333, 154.2443)
[Dev] interact @Area3D@29167 world=(44.5, 0.0, 52.5) screen=(778.8499, 180.9657)
[Dev] interact @Area3D@29168 world=(21.5, 0.0, 39.5) screen=(316.0163, -781.0065)
[Dev] removed 20 enemies
E2E element_ui PASS (검사 4)
[Audio] BGM town → town.ogg
[Save] level 못골 마을 → user://save_e2e.json (C:/Users/FORYOUCOM/AppData/Roaming/Godot/app_userdata/Joseon Hunters/wt/codex-96-boss-opening-cutin/save_e2e.json)
[Dev] stairs DungeonEntrance dir=1 world=(0.0, 0.0, -31.0) screen=(2121.067, -492.4143)
[Dev] interact Merchant world=(5.4, 0.0, -2.4) screen=(1047.293, 368.0158)
[Dev] interact Shaman world=(-5.6, 0.0, 0.4) screen=(408.5833, 148.8999)
[Dev] interact Elder world=(2.0, 0.0, -5.6) screen=(1038.037, 191.6542)
[Dev] interact Waypoint world=(-4.2, 0.0, 2.2) screen=(390.0698, 234.4085)
E2E ▶ talisman_throw
[Dungeon] heukrang_gul 1층 lv=2 seed=403727558 gen 64x64 rooms=6 up=(44, 56) down=(7, 23) enemies=20 roster=bandit,bat,talisman_master elites=["방2:금색×3(깊이 0.50)"] named=-
[Quest] heukrang_gul 1층 — 싹쓸이 셈 시작 20 (heukrang_clear:none)
[Audio] BGM dungeon → dungeon_4.ogg
[Save] level 흑랑 굴 1층 → user://save_e2e.json (C:/Users/FORYOUCOM/AppData/Roaming/Godot/app_userdata/Joseon Hunters/wt/codex-96-boss-opening-cutin/save_e2e.json)
[Dev] stairs StairsUp dir=-1 world=(44.5, 0.0, 56.5) screen=(593.7165, 335.9509)
[Dev] stairs StairsDown dir=1 world=(7.5, 0.0, 23.5) screen=(408.583, -1534.551)
[Dev] interact PusJar world=(29.5, 0.0, 42.5) screen=(547.433, -487.0705)
[Dev] interact @Area3D@29510 world=(14.5, 0.0, 24.5) screen=(686.2831, -1368.878)
[Dev] interact @Area3D@29511 world=(23.5, 0.0, 18.5) screen=(1380.534, -1288.714)
[Dev] interact LootChest world=(29.5, 0.0, 39.5) screen=(686.2831, -567.2349)
[Dev] interact @Area3D@29512 world=(40.5, 0.0, 38.5) screen=(1241.683, -300.0204)
[Dev] interact LootPot world=(21.5, 0.0, 43.5) screen=(130.8828, -674.1207)
[Dev] interact @Area3D@29513 world=(22.5, 0.0, 44.5) screen=(130.8829, -620.6779)
[Dev] interact @Area3D@29514 world=(19.5, 0.0, 9.5) screen=(1611.95, -1636.093)
[Dev] interact @Area3D@29515 world=(20.5, 0.0, 9.5) screen=(1658.234, -1609.372)
[Dev] interact @Area3D@29516 world=(44.5, 0.0, 51.5) screen=(825.1333, 154.2443)
[Dev] interact @Area3D@29517 world=(44.5, 0.0, 52.5) screen=(778.8499, 180.9657)
[Dev] interact @Area3D@29518 world=(21.5, 0.0, 39.5) screen=(316.0163, -781.0065)
[Dev] removed 20 enemies
  · 무대 = 방 [P: (15, 43), S: (14, 13)]
[Talisman] 화염부 → 적 (19.5, 0.0, 49.5) (배율 1.20 · 아낌 false · 흩뿌리기 {  })
[Talisman] 화염부 → 적 (19.5, 0.0, 49.5) (배율 1.20 · 아낌 false · 흩뿌리기 {  })
[Talisman] 빙결부 → 적 (19.7, 0.0, 50.0) (배율 1.20 · 아낌 false · 흩뿌리기 {  })
[Talisman] 빙결부 → 적 (20.0, 0.0, 49.5) (배율 1.20 · 아낌 false · 흩뿌리기 {  })
[Talisman] 화염부 → 적 (19.5, 0.0, 49.5) (배율 1.20 · 아낌 false · 흩뿌리기 {  })
[Kill] +6 xp (lv 1, 6/20)
[Dev] item 화염부 world=(19.5, 0.0, 49.5) screen=(778.8499, 424.1524)
[Dev] item 미식별 은가락지 world=(19.5, 0.0, 49.5) screen=(778.8499, 424.1524)
[Loot] 첫 매직 보장 — bandit (silver_ring ilvl 1) · 회차 1
[Save] quest → user://save_e2e.json (C:/Users/FORYOUCOM/AppData/Roaming/Godot/app_userdata/Joseon Hunters/wt/codex-96-boss-opening-cutin/save_e2e.json)
[Quest] heukrang_clear 싹쓸이 완료 (none → killed)
[Click] world=(19.36919, 0.0, 48.97038) cell=(19, 48)
[Talisman] 빙결부 → 적 (19.5, 0.0, 49.0) (배율 1.20 · 아낌 false · 흩뿌리기 {  })
[Kill] +6 xp (lv 1, 12/20)
[Dev] item 영약 — 생맥산 world=(19.5, 0.0, 49.0) screen=(801.9916, 410.7916)
[Dev] item 미식별 짚신 world=(19.5, 0.0, 49.0) screen=(801.9916, 410.7916)
[Loot] 첫 매직 보장 — bandit (straw_shoes ilvl 1) · 회차 1
[Kill] +6 xp (lv 1, 18/20)
[Dev] item 화염부 world=(32.5, 0.0, 70.5) screen=(408.583, 1332.682)
[Dev] item 빙결부 world=(33.5, 0.0, 69.5) screen=(501.1497, 1332.682)
[Field] deulnyeok seed=355022911 128x128 props=2252 packs=18 enemies=74 waypoint=(62, 65) roster=bandit,bat,talisman_master elites=["13:파란×4@구간3"]
[Save] level 못골 들녘 → user://save_e2e.json (C:/Users/FORYOUCOM/AppData/Roaming/Godot/app_userdata/Joseon Hunters/wt/codex-96-boss-opening-cutin/save_e2e.json)
[Dev] stairs Down_cave dir=1 world=(88.5, 0.0, 3.5) screen=(7212.236, 897.1014)
[Dev] interact Waypoint world=(62.5, 0.0, 65.5) screen=(3139.301, 1810.974)
[Dev] interact FloorItem world=(32.5, 0.0, 70.5) screen=(1519.384, 1142.938)
[Dev] interact @Area3D@30051 world=(33.5, 0.0, 69.5) screen=(1611.95, 1142.938)
[Dev] interact PusJar world=(95.5, 0.0, 103.5) screen=(2907.884, 3708.197)
[Dev] interact @Area3D@30198 world=(101.5, 0.0, 105.5) screen=(3093.018, 3921.969)
[Dev] interact @Area3D@30199 world=(98.5, 0.0, 107.5) screen=(2861.601, 3895.247)
[Dev] interact LootChest world=(27.5, 0.0, 70.5) screen=(1287.967, 1009.331)
[Dev] interact @Area3D@30200 world=(94.5, 0.0, 100.5) screen=(3000.451, 3601.312)
[Dev] interact @Area3D@30201 world=(55.5, 0.0, 52.5) screen=(3417.001, 1276.545)
[Dev] interact LootPot world=(46.5, 0.0, 68.5) screen=(2259.917, 1463.595)
[Dev] interact @Area3D@30202 world=(73.5, 0.0, 47.5) screen=(4481.519, 1623.924)
[Dev] interact @Area3D@30203 world=(90.5, 0.0, 47.5) screen=(5268.335, 2078.189)
[Dev] interact @Area3D@30204 world=(111.5, 0.0, 49.5) screen=(6147.719, 2692.782)
[Dev] interact @Area3D@30205 world=(101.5, 0.0, 101.5) screen=(3278.151, 3815.083)
[Dev] interact @Area3D@30206 world=(86.5, 0.0, 76.5) screen=(3740.984, 2746.225)
[Dev] interact @Area3D@30207 world=(53.5, 0.0, 52.5) screen=(3324.434, 1223.102)
[Dev] interact @Area3D@30208 world=(87.5, 0.0, 95.5) screen=(2907.884, 3280.654)
[Dev] interact @Area3D@30209 world=(26.5, 0.0, 66.5) screen=(1426.817, 875.7234)
[Dev] interact @Area3D@30210 world=(17.5, 0.0, 60.5) screen=(1287.967, 474.9016)
[Dev] interact @Area3D@30211 world=(86.5, 0.0, 22.5) screen=(6240.286, 1303.266)
[Dev] interact @Area3D@30212 world=(59.5, 0.0, 65.5) screen=(3000.451, 1730.81)
[Dev] interact @Area3D@30213 world=(18.5, 0.0, 74.5) screen=(686.2832, 875.7234)
[Dev] interact @Area3D@30214 world=(44.5, 0.0, 69.5) screen=(2121.067, 1436.874)
[Dev] interact @Area3D@30215 world=(73.5, 0.0, 49.5) screen=(4388.952, 1677.367)
[Dev] interact @Area3D@30216 world=(88.5, 0.0, 52.5) screen=(4944.352, 2158.353)
[Field] deulnyeok seed=355022911 128x128 props=2252 packs=18 enemies=74 waypoint=(62, 65) roster=bandit,bat,talisman_master elites=["13:파란×4@구간3"]
[Save] level 못골 들녘 → user://save_e2e.json (C:/Users/FORYOUCOM/AppData/Roaming/Godot/app_userdata/Joseon Hunters/wt/codex-96-boss-opening-cutin/save_e2e.json)
[Dev] stairs Down_cave dir=1 world=(88.5, 0.0, 3.5) screen=(7212.236, 897.1014)
[Dev] interact Waypoint world=(62.5, 0.0, 65.5) screen=(3139.301, 1810.974)
[Dev] interact PusJar world=(95.5, 0.0, 103.5) screen=(2907.884, 3708.197)
[Dev] interact @Area3D@30865 world=(101.5, 0.0, 105.5) screen=(3093.018, 3921.969)
[Dev] interact @Area3D@30866 world=(98.5, 0.0, 107.5) screen=(2861.601, 3895.247)
[Dev] interact LootChest world=(27.5, 0.0, 70.5) screen=(1287.967, 1009.331)
[Dev] interact @Area3D@30867 world=(94.5, 0.0, 100.5) screen=(3000.451, 3601.312)
[Dev] interact @Area3D@30868 world=(55.5, 0.0, 52.5) screen=(3417.001, 1276.545)
[Dev] interact LootPot world=(46.5, 0.0, 68.5) screen=(2259.917, 1463.595)
[Dev] interact @Area3D@30869 world=(73.5, 0.0, 47.5) screen=(4481.519, 1623.924)
[Dev] interact @Area3D@30870 world=(90.5, 0.0, 47.5) screen=(5268.335, 2078.189)
[Dev] interact @Area3D@30871 world=(111.5, 0.0, 49.5) screen=(6147.719, 2692.782)
[Dev] interact @Area3D@30872 world=(101.5, 0.0, 101.5) screen=(3278.151, 3815.083)
[Dev] interact @Area3D@30873 world=(86.5, 0.0, 76.5) screen=(3740.984, 2746.225)
[Dev] interact @Area3D@30874 world=(53.5, 0.0, 52.5) screen=(3324.434, 1223.102)
[Dev] interact @Area3D@30875 world=(87.5, 0.0, 95.5) screen=(2907.884, 3280.654)
[Dev] interact @Area3D@30876 world=(26.5, 0.0, 66.5) screen=(1426.817, 875.7234)
[Dev] interact @Area3D@30877 world=(17.5, 0.0, 60.5) screen=(1287.967, 474.9016)
[Dev] interact @Area3D@30878 world=(86.5, 0.0, 22.5) screen=(6240.286, 1303.266)
[Dev] interact @Area3D@30879 world=(59.5, 0.0, 65.5) screen=(3000.451, 1730.81)
[Dev] interact @Area3D@30880 world=(18.5, 0.0, 74.5) screen=(686.2832, 875.7234)
[Dev] interact @Area3D@30881 world=(44.5, 0.0, 69.5) screen=(2121.067, 1436.874)
[Dev] interact @Area3D@30882 world=(73.5, 0.0, 49.5) screen=(4388.952, 1677.367)
[Dev] interact @Area3D@30883 world=(88.5, 0.0, 52.5) screen=(4944.352, 2158.353)
[Dev] item 화염부 world=(32.5, 0.0, 70.5) screen=(1519.384, 1172.353)
[Dev] item 빙결부 world=(33.5, 0.0, 69.5) screen=(1611.95, 1172.353)
[Field] deulnyeok seed=355022911 128x128 props=2252 packs=18 enemies=74 waypoint=(62, 65) roster=bandit,bat,talisman_master elites=["12:파란×4@구간3", "7:파란×4@구간2"]
[Save] level 못골 들녘 → user://save_e2e.json (C:/Users/FORYOUCOM/AppData/Roaming/Godot/app_userdata/Joseon Hunters/wt/codex-96-boss-opening-cutin/save_e2e.json)
[Dev] stairs Down_cave dir=1 world=(88.5, 0.0, 3.5) screen=(7212.236, 897.1014)
[Dev] interact Waypoint world=(62.5, 0.0, 65.5) screen=(3139.301, 1810.974)
[Dev] interact FloorItem world=(32.5, 0.0, 70.5) screen=(1519.384, 1142.938)
[Dev] interact @Area3D@31385 world=(33.5, 0.0, 69.5) screen=(1611.95, 1142.938)
[Dev] interact PusJar world=(95.5, 0.0, 103.5) screen=(2907.884, 3708.197)
[Dev] interact @Area3D@31528 world=(101.5, 0.0, 105.5) screen=(3093.018, 3921.969)
[Dev] interact @Area3D@31529 world=(98.5, 0.0, 107.5) screen=(2861.601, 3895.247)
[Dev] interact LootChest world=(27.5, 0.0, 70.5) screen=(1287.967, 1009.331)
[Dev] interact @Area3D@31530 world=(94.5, 0.0, 100.5) screen=(3000.451, 3601.312)
[Dev] interact @Area3D@31531 world=(55.5, 0.0, 52.5) screen=(3417.001, 1276.545)
[Dev] interact LootPot world=(46.5, 0.0, 68.5) screen=(2259.917, 1463.595)
[Dev] interact @Area3D@31532 world=(73.5, 0.0, 47.5) screen=(4481.519, 1623.924)
[Dev] interact @Area3D@31533 world=(90.5, 0.0, 47.5) screen=(5268.335, 2078.189)
[Dev] interact @Area3D@31534 world=(111.5, 0.0, 49.5) screen=(6147.719, 2692.782)
[Dev] interact @Area3D@31535 world=(101.5, 0.0, 101.5) screen=(3278.151, 3815.083)
[Dev] interact @Area3D@31536 world=(86.5, 0.0, 76.5) screen=(3740.984, 2746.225)
[Dev] interact @Area3D@31537 world=(53.5, 0.0, 52.5) screen=(3324.434, 1223.102)
[Dev] interact @Area3D@31538 world=(87.5, 0.0, 95.5) screen=(2907.884, 3280.654)
[Dev] interact @Area3D@31539 world=(26.5, 0.0, 66.5) screen=(1426.817, 875.7234)
[Dev] interact @Area3D@31540 world=(17.5, 0.0, 60.5) screen=(1287.967, 474.9016)
[Dev] interact @Area3D@31541 world=(86.5, 0.0, 22.5) screen=(6240.286, 1303.266)
[Dev] interact @Area3D@31542 world=(59.5, 0.0, 65.5) screen=(3000.451, 1730.81)
[Dev] interact @Area3D@31543 world=(18.5, 0.0, 74.5) screen=(686.2832, 875.7234)
[Dev] interact @Area3D@31544 world=(44.5, 0.0, 69.5) screen=(2121.067, 1436.874)
[Dev] interact @Area3D@31545 world=(73.5, 0.0, 49.5) screen=(4388.952, 1677.367)
[Dev] interact @Area3D@31546 world=(88.5, 0.0, 52.5) screen=(4944.352, 2158.353)
E2E talisman_throw PASS (검사 56)
[Audio] BGM town → town.ogg
[Save] level 못골 마을 → user://save_e2e.json (C:/Users/FORYOUCOM/AppData/Roaming/Godot/app_userdata/Joseon Hunters/wt/codex-96-boss-opening-cutin/save_e2e.json)
[Dev] stairs DungeonEntrance dir=1 world=(0.0, 0.0, -31.0) screen=(2121.067, -492.4143)
[Dev] interact Merchant world=(5.4, 0.0, -2.4) screen=(1047.293, 368.0158)
[Dev] interact Shaman world=(-5.6, 0.0, 0.4) screen=(408.5833, 148.8999)
[Dev] interact Elder world=(2.0, 0.0, -5.6) screen=(1038.037, 191.6542)
[Dev] interact Waypoint world=(-4.2, 0.0, 2.2) screen=(390.0698, 234.4085)
E2E ▶ talisman_aoe
[Dungeon] heukrang_gul 1층 lv=2 seed=403727558 gen 64x64 rooms=6 up=(44, 56) down=(7, 23) enemies=20 roster=bandit,bat,talisman_master elites=["방2:금색×3(깊이 0.50)"] named=-
[Quest] heukrang_gul 1층 — 싹쓸이 셈 시작 20 (heukrang_clear:none)
[Audio] BGM dungeon → dungeon_2.ogg
[Save] level 흑랑 굴 1층 → user://save_e2e.json (C:/Users/FORYOUCOM/AppData/Roaming/Godot/app_userdata/Joseon Hunters/wt/codex-96-boss-opening-cutin/save_e2e.json)
[Dev] stairs StairsUp dir=-1 world=(44.5, 0.0, 56.5) screen=(593.7165, 335.9509)
[Dev] stairs StairsDown dir=1 world=(7.5, 0.0, 23.5) screen=(408.583, -1534.551)
[Dev] interact PusJar world=(29.5, 0.0, 42.5) screen=(547.433, -487.0705)
[Dev] interact @Area3D@31887 world=(14.5, 0.0, 24.5) screen=(686.2831, -1368.878)
[Dev] interact @Area3D@31888 world=(23.5, 0.0, 18.5) screen=(1380.534, -1288.714)
[Dev] interact LootChest world=(29.5, 0.0, 39.5) screen=(686.2831, -567.2349)
[Dev] interact @Area3D@31889 world=(40.5, 0.0, 38.5) screen=(1241.683, -300.0204)
[Dev] interact LootPot world=(21.5, 0.0, 43.5) screen=(130.8828, -674.1207)
[Dev] interact @Area3D@31890 world=(22.5, 0.0, 44.5) screen=(130.8829, -620.6779)
[Dev] interact @Area3D@31891 world=(19.5, 0.0, 9.5) screen=(1611.95, -1636.093)
[Dev] interact @Area3D@31892 world=(20.5, 0.0, 9.5) screen=(1658.234, -1609.372)
[Dev] interact @Area3D@31893 world=(44.5, 0.0, 51.5) screen=(825.1333, 154.2443)
[Dev] interact @Area3D@31894 world=(44.5, 0.0, 52.5) screen=(778.8499, 180.9657)
[Dev] interact @Area3D@31895 world=(21.5, 0.0, 39.5) screen=(316.0163, -781.0065)
[Dev] removed 20 enemies
[Talisman] 화염부 → 적 (20.5, 0.0, 50.2) (배율 1.20 · 아낌 false · 흩뿌리기 {  })
[Kill] +6 xp (lv 1, 6/20)
[Dev] item 영약 — 생맥산 world=(19.1, 0.0, 48.88861) screen=(788.6335, 397.1267)
[Dev] item 식별부 world=(19.1, 0.0, 48.88861) screen=(788.6335, 397.1267)
[Kill] +6 xp (lv 1, 12/20)
[Dev] item 엽전 world=(19.1, 0.0, 49.59925) screen=(755.7427, 416.116)
[Dev] item 식별부 world=(19.1, 0.0, 49.59925) screen=(755.7427, 416.116)
  · fire: 겨눈 자리 (20.0, 0.0, 49.5) · 끝 = burst (radius=1.50)
  ·   [터지는 순간] #0 hp0=3 죽음 — 막타 속성=fire · kind=ash play=ash
  ·   [터지는 순간] #1 hp0=3 그대로(반경 밖)
  ·   [터지는 순간] #2 hp0=3 죽음 — 막타 속성=fire · kind=ash play=ash
  ·   [터지는 순간] #3 hp0=3 그대로(반경 밖)
  ·   [터지는 순간] #4 hp0=15 hp=3.0 화상=true 빙결=false 한기=false
  ·   [터지는 순간] #5 hp0=15 그대로(반경 밖)
[Audio] 같은 순간 같은 큐 상한(3) 넘침 — drop ×1 (버림 누계 461)
  ·   [0.5초] #0 hp0=3 죽음 — 막타 속성=fire · kind=ash play=ash
  ·   [0.5초] #1 hp0=3 그대로(반경 밖)
  ·   [0.5초] #2 hp0=3 죽음 — 막타 속성=fire · kind=ash play=ash
  ·   [0.5초] #3 hp0=3 그대로(반경 밖)
  ·   [0.5초] #4 hp0=15 hp=2.0 화상=true 빙결=false 한기=false
  ·   [0.5초] #5 hp0=15 그대로(반경 밖)
[Kill] +6 xp (lv 1, 18/20)
[Dev] item 빙결부 world=(19.13056, 0.0, 50.2) screen=(729.3524, 432.9853)
  ·   [1.5초] #0 hp0=3 죽음 — 막타 속성=fire · kind=ash play=ash
  ·   [1.5초] #1 hp0=3 그대로(반경 밖)
  ·   [1.5초] #2 hp0=3 죽음 — 막타 속성=fire · kind=ash play=ash
  ·   [1.5초] #3 hp0=3 그대로(반경 밖)
  ·   [1.5초] #4 hp0=15 죽음 — 막타 속성=fire · kind=ash play=ash
  ·   [1.5초] #5 hp0=15 그대로(반경 밖)
  · fire: 요약 — 맞은 마릿수 3/6 · 죽음 3/6 · 막타 속성 [&"fire"] · 죽음 종류 [&"ash"]
[Talisman] 빙결부 → 적 (20.5, 0.0, 50.2) (배율 1.20 · 아낌 false · 흩뿌리기 {  })
[Kill] +6 xp (lv 2, 4/57)
[LevelUp] lv=2 stat_pts=5 skill_pts=1
[Dev] item 엽전 world=(19.1, 0.0, 48.88861) screen=(788.6335, 397.1267)
[Dev] item 미식별 무명옷 world=(19.1, 0.0, 48.88861) screen=(788.6335, 397.1267)
[Kill] +6 xp (lv 2, 10/57)
[Dev] item 엽전 world=(19.1, 0.0, 49.59925) screen=(755.7427, 416.116)
  · cold: 겨눈 자리 (20.0, 0.0, 49.5) · 끝 = burst (radius=1.50)
  ·   [터지는 순간] #0 hp0=3 죽음 — 막타 속성=cold · kind=shatter play=shatter
  ·   [터지는 순간] #1 hp0=3 그대로(반경 밖)
  ·   [터지는 순간] #2 hp0=3 죽음 — 막타 속성=cold · kind=shatter play=shatter
  ·   [터지는 순간] #3 hp0=3 그대로(반경 밖)
  ·   [터지는 순간] #4 hp0=15 hp=9.0 화상=false 빙결=true 한기=true
  ·   [터지는 순간] #5 hp0=15 그대로(반경 밖)
  ·   [0.5초] #0 hp0=3 죽음 — 막타 속성=cold · kind=shatter play=shatter
  ·   [0.5초] #1 hp0=3 그대로(반경 밖)
  ·   [0.5초] #2 hp0=3 죽음 — 막타 속성=cold · kind=shatter play=shatter
  ·   [0.5초] #3 hp0=3 그대로(반경 밖)
  ·   [0.5초] #4 hp0=15 hp=9.0 화상=false 빙결=true 한기=true
  ·   [0.5초] #5 hp0=15 그대로(반경 밖)
  ·   [1.5초] #0 hp0=3 죽음 — 막타 속성=cold · kind=shatter play=shatter
  ·   [1.5초] #1 hp0=3 그대로(반경 밖)
  ·   [1.5초] #2 hp0=3 죽음 — 막타 속성=cold · kind=shatter play=shatter
  ·   [1.5초] #3 hp0=3 그대로(반경 밖)
  ·   [1.5초] #4 hp0=15 hp=9.0 화상=false 빙결=false 한기=true
  ·   [1.5초] #5 hp0=15 그대로(반경 밖)
  · cold: 요약 — 맞은 마릿수 3/6 · 죽음 2/6 · 막타 속성 [&"cold"] · 죽음 종류 [&"shatter"]
E2E talisman_aoe PASS (검사 16)
[Audio] BGM town → town.ogg
[Save] level 못골 마을 → user://save_e2e.json (C:/Users/FORYOUCOM/AppData/Roaming/Godot/app_userdata/Joseon Hunters/wt/codex-96-boss-opening-cutin/save_e2e.json)
[Dev] stairs DungeonEntrance dir=1 world=(0.0, 0.0, -31.0) screen=(2121.067, -492.4143)
[Dev] interact Merchant world=(5.4, 0.0, -2.4) screen=(1047.293, 368.0158)
[Dev] interact Shaman world=(-5.6, 0.0, 0.4) screen=(408.5833, 148.8999)
[Dev] interact Elder world=(2.0, 0.0, -5.6) screen=(1038.037, 191.6542)
[Dev] interact Waypoint world=(-4.2, 0.0, 2.2) screen=(390.0698, 234.4085)
E2E ▶ loot_drop
[Dungeon] heukrang_gul 1층 lv=2 seed=403727558 gen 64x64 rooms=6 up=(44, 56) down=(7, 23) enemies=20 roster=bandit,bat,talisman_master elites=["방2:금색×3(깊이 0.50)"] named=-
[Quest] heukrang_gul 1층 — 싹쓸이 셈 시작 20 (heukrang_clear:none)
[Audio] BGM dungeon → dungeon_3.ogg
[Save] level 흑랑 굴 1층 → user://save_e2e.json (C:/Users/FORYOUCOM/AppData/Roaming/Godot/app_userdata/Joseon Hunters/wt/codex-96-boss-opening-cutin/save_e2e.json)
[Dev] stairs StairsUp dir=-1 world=(44.5, 0.0, 56.5) screen=(593.7165, 335.9509)
[Dev] stairs StairsDown dir=1 world=(7.5, 0.0, 23.5) screen=(408.583, -1534.551)
[Dev] interact PusJar world=(29.5, 0.0, 42.5) screen=(547.433, -487.0705)
[Dev] interact @Area3D@32281 world=(14.5, 0.0, 24.5) screen=(686.2831, -1368.878)
[Dev] interact @Area3D@32282 world=(23.5, 0.0, 18.5) screen=(1380.534, -1288.714)
[Dev] interact LootChest world=(29.5, 0.0, 39.5) screen=(686.2831, -567.2349)
[Dev] interact @Area3D@32283 world=(40.5, 0.0, 38.5) screen=(1241.683, -300.0204)
[Dev] interact LootPot world=(21.5, 0.0, 43.5) screen=(130.8828, -674.1207)
[Dev] interact @Area3D@32284 world=(22.5, 0.0, 44.5) screen=(130.8829, -620.6779)
[Dev] interact @Area3D@32285 world=(19.5, 0.0, 9.5) screen=(1611.95, -1636.093)
[Dev] interact @Area3D@32286 world=(20.5, 0.0, 9.5) screen=(1658.234, -1609.372)
[Dev] interact @Area3D@32287 world=(44.5, 0.0, 51.5) screen=(825.1333, 154.2443)
[Dev] interact @Area3D@32288 world=(44.5, 0.0, 52.5) screen=(778.8499, 180.9657)
[Dev] interact @Area3D@32289 world=(21.5, 0.0, 39.5) screen=(316.0163, -781.0065)
[Dev] removed 20 enemies
[Dev] item 철검 world=(46.9, 0.0, 57.9) screen=(639.9998, 418.8081)
[Dev] item 누비옷 world=(46.9, 0.0, 57.9) screen=(639.9998, 418.8081)
[Dev] item 은가락지 world=(46.9, 0.0, 57.9) screen=(639.9998, 418.8081)
[Dev] item 탕약 — 쌍화탕 world=(46.9, 0.0, 57.9) screen=(639.9998, 418.8081)
[Dev] item 엽전 world=(46.9, 0.0, 57.9) screen=(639.9998, 418.8081)
[Audio] 같은 순간 같은 큐 상한(3) 넘침 — drop ×2 (버림 누계 463)
[Dev] item 철검 world=(43.7, 0.0, 58.1) screen=(482.6365, 338.6437)
[Dev] item 철검 world=(44.9, 0.0, 58.1) screen=(538.1766, 370.7094)
[Dev] item  (철검) world=(46.1, 0.0, 58.1) screen=(593.7165, 402.7751)
[Dev] item 서당 훈장 회초리 world=(47.3, 0.0, 58.1) screen=(649.2565, 434.8409)
[Audio] missing cue: drop_rare (파일 규약 design/audio.md §3)
[Dev] item 철검 world=(32.5, 0.0, 32.5) screen=(1149.117, -644.7056)
[Dev] item 누비옷 world=(32.5, 0.0, 32.5) screen=(1149.117, -644.7056)
[Dev] item 은가락지 world=(32.5, 0.0, 32.5) screen=(1149.117, -644.7056)
[Dev] item 탕약 — 쌍화탕 world=(32.5, 0.0, 32.5) screen=(1149.117, -644.7056)
[Dev] item 엽전 world=(32.5, 0.0, 32.5) screen=(1149.117, -644.7056)
E2E loot_drop PASS (검사 24)
[Audio] BGM town → town.ogg
[Save] level 못골 마을 → user://save_e2e.json (C:/Users/FORYOUCOM/AppData/Roaming/Godot/app_userdata/Joseon Hunters/wt/codex-96-boss-opening-cutin/save_e2e.json)
[Dev] stairs DungeonEntrance dir=1 world=(0.0, 0.0, -31.0) screen=(2121.067, -492.4143)
[Dev] interact Merchant world=(5.4, 0.0, -2.4) screen=(1047.293, 368.0158)
[Dev] interact Shaman world=(-5.6, 0.0, 0.4) screen=(408.5833, 148.8999)
[Dev] interact Elder world=(2.0, 0.0, -5.6) screen=(1038.037, 191.6542)
[Dev] interact Waypoint world=(-4.2, 0.0, 2.2) screen=(390.0698, 234.4085)
E2E ▶ potion_tiers
[Save] level 못골 마을 → user://save_e2e.json (C:/Users/FORYOUCOM/AppData/Roaming/Godot/app_userdata/Joseon Hunters/wt/codex-96-boss-opening-cutin/save_e2e.json)
[Dev] stairs DungeonEntrance dir=1 world=(0.0, 0.0, -31.0) screen=(2121.067, -492.4143)
[Dev] interact Merchant world=(5.4, 0.0, -2.4) screen=(1047.293, 368.0158)
[Dev] interact Shaman world=(-5.6, 0.0, 0.4) screen=(408.5833, 148.8999)
[Dev] interact Elder world=(2.0, 0.0, -5.6) screen=(1038.037, 191.6542)
[Dev] interact Waypoint world=(-4.2, 0.0, 2.2) screen=(390.0698, 234.4085)
[Kill] +1 xp (lv 30, 1/3286)
[Kill] +1 xp (lv 30, 2/3286)
[Dev] item 엽전 world=(2.0, 0.0, 3.0) screen=(640.0, 444.401)
[Dev] item 화염부 world=(2.0, 0.0, 3.0) screen=(640.0, 444.401)
[Kill] +1 xp (lv 30, 3/3286)
[Dev] item 철검 world=(2.0, 0.0, 3.0) screen=(640.0, 442.7972)
[Kill] +1 xp (lv 30, 4/3286)
[Kill] +1 xp (lv 30, 5/3286)
[Dev] item 엽전 world=(2.0, 0.0, 3.0) screen=(640.0, 443.1076)
[Kill] +1 xp (lv 30, 6/3286)
[Dev] item 엽전 world=(2.0, 0.0, 3.0) screen=(640.0, 443.0486)
[Dev] item 무명옷 world=(2.0, 0.0, 3.0) screen=(640.0, 443.0486)
[Kill] +1 xp (lv 30, 7/3286)
[Dev] item 탕약 — 쌍화탕 world=(2.0, 0.0, 3.0) screen=(640.0, 443.044)
[Kill] +1 xp (lv 30, 8/3286)
[Kill] +1 xp (lv 30, 9/3286)
[Dev] item 엽전 world=(2.0, 0.0, 3.0) screen=(640.0, 442.9766)
[Kill] +1 xp (lv 30, 10/3286)
[Dev] item 엽전 world=(2.0, 0.0, 3.0) screen=(640.0, 443.157)
[Dev] item 탕약 — 쌍화탕 world=(2.0, 0.0, 3.0) screen=(640.0, 443.157)
[Kill] +1 xp (lv 30, 11/3286)
[Dev] item 엽전 world=(2.0, 0.0, 3.0) screen=(640.0, 443.1117)
[Kill] +1 xp (lv 30, 12/3286)
[Dev] item 짚신 world=(2.0, 0.0, 3.0) screen=(640.0, 443.1117)
[Dev] item 탕약 — 쌍화탕 world=(2.0, 0.0, 3.0) screen=(640.0, 443.1117)
[Kill] +1 xp (lv 30, 13/3286)
[Dev] item 엽전 world=(4.649143, 0.0, 6.165153) screen=(639.7261, 451.0608)
[Dev] item 은가락지 world=(4.649143, 0.0, 6.165153) screen=(639.7261, 451.0608)
[Kill] +1 xp (lv 30, 14/3286)
[Dev] item 엽전 world=(4.649143, 0.0, 6.165151) screen=(642.6929, 446.1162)
[Dev] item 상품 짚신 world=(4.649143, 0.0, 6.165151) screen=(642.6929, 446.1162)
[Kill] +1 xp (lv 30, 15/3286)
[Dev] item 엽전 world=(4.649143, 0.0, 6.165151) screen=(643.7113, 444.419)
[Dev] item 식별부 world=(4.649143, 0.0, 6.165151) screen=(643.7113, 444.419)
[Kill] +1 xp (lv 30, 16/3286)
[Dev] item 엽전 world=(4.649143, 0.0, 6.165151) screen=(643.722, 444.4013)
[Dev] item 옥패 world=(4.649143, 0.0, 6.165151) screen=(643.722, 444.4013)
[Kill] +1 xp (lv 30, 17/3286)
[Dev] item 엽전 world=(4.649143, 0.0, 6.165151) screen=(644.1246, 443.7302)
[Kill] +1 xp (lv 30, 18/3286)
[Dev] item 엽전 world=(4.649143, 0.0, 6.165151) screen=(643.9171, 444.0761)
[Kill] +1 xp (lv 30, 19/3286)
[Kill] +1 xp (lv 30, 20/3286)
[Kill] +1 xp (lv 30, 21/3286)
[Dev] item 엽전 world=(4.649143, 0.0, 6.165151) screen=(643.3389, 445.0398)
[Dev] item 본국검 world=(4.649143, 0.0, 6.165151) screen=(643.3389, 445.0398)
[Kill] +1 xp (lv 30, 22/3286)
[Dev] item 엽전 world=(4.649143, 0.0, 6.165151) screen=(643.2531, 445.1826)
[Kill] +1 xp (lv 30, 23/3286)
[Dev] item 미식별 가죽신 world=(4.649143, 0.0, 6.165151) screen=(643.4599, 444.8379)
[Kill] +1 xp (lv 30, 24/3286)
[Dev] item 엽전 world=(4.649143, 0.0, 6.165151) screen=(643.4128, 444.9165)
[Dev] item 영약 — 생맥산 world=(4.649143, 0.0, 6.165151) screen=(643.4128, 444.9165)
[Kill] +1 xp (lv 30, 25/3286)
[Dev] item 엽전 world=(4.649143, 0.0, 6.165151) screen=(643.6176, 444.575)
[Kill] +1 xp (lv 30, 26/3286)
[Dev] item 엽전 world=(4.649143, 0.0, 6.165151) screen=(643.9849, 443.963)
[Dev] item 가죽갑 world=(4.649143, 0.0, 6.165151) screen=(643.9849, 443.963)
[Kill] +1 xp (lv 30, 27/3286)
[Kill] +1 xp (lv 30, 28/3286)
[Dev] item 엽전 world=(4.649143, 0.0, 6.165151) screen=(643.8583, 444.1741)
[Dev] item 영약 — 생맥산 world=(4.649143, 0.0, 6.165151) screen=(643.8583, 444.1741)
[Kill] +1 xp (lv 30, 29/3286)
[Dev] item 엽전 world=(4.649143, 0.0, 6.165151) screen=(643.7001, 444.4375)
[Dev] item 귀환부 world=(4.649143, 0.0, 6.165151) screen=(643.7001, 444.4375)
[Kill] +1 xp (lv 30, 30/3286)
[Dev] item 엽전 world=(4.649143, 0.0, 6.159238) screen=(644.0803, 444.1023)
[Dev] item 영약 — 총명탕 world=(4.649143, 0.0, 6.159238) screen=(644.0803, 444.1023)
[Kill] +1 xp (lv 30, 31/3286)
[Dev] item 엽전 world=(4.649143, 0.0, 6.165151) screen=(639.7262, 443.0015)
[Dev] item 철검 world=(4.649143, 0.0, 6.165151) screen=(639.7262, 443.0015)
[Kill] +1 xp (lv 30, 32/3286)
[Dev] item 엽전 world=(4.649143, 0.0, 6.165151) screen=(643.8196, 444.2384)
[Kill] +1 xp (lv 30, 33/3286)
[Dev] item 엽전 world=(4.649143, 0.0, 6.165151) screen=(643.5085, 444.7568)
[Kill] +1 xp (lv 30, 34/3286)
[Dev] item 엽전 world=(4.649143, 0.0, 6.165151) screen=(643.6176, 444.575)
[Dev] item 무명띠 world=(4.649143, 0.0, 6.165151) screen=(643.6176, 444.575)
[Kill] +1 xp (lv 30, 35/3286)
[Dev] item 엽전 world=(4.649143, 0.0, 6.165151) screen=(643.6176, 444.575)
[Dev] item 미식별 본국검 world=(4.649143, 0.0, 6.165151) screen=(643.6176, 444.575)
[Kill] +1 xp (lv 30, 36/3286)
[Dev] item 짚신 world=(4.649143, 0.0, 6.165151) screen=(643.5986, 444.6069)
[Kill] +1 xp (lv 30, 37/3286)
[Dev] item 엽전 world=(4.649143, 0.0, 6.165151) screen=(643.6442, 444.531)
[Kill] +1 xp (lv 30, 38/3286)
[Kill] +1 xp (lv 30, 39/3286)
[Dev] item 엽전 world=(4.649143, 0.0, 6.165151) screen=(643.5837, 444.6317)
[Kill] +1 xp (lv 30, 40/3286)
[Dev] item 엽전 world=(4.649143, 0.0, 6.165153) screen=(643.4816, 444.8018)
[Kill] +1 xp (lv 30, 41/3286)
[Dev] item 엽전 world=(4.649143, 0.0, 6.165151) screen=(643.4456, 444.8618)
[Dev] item 빙결부 world=(4.649143, 0.0, 6.165151) screen=(643.4456, 444.8618)
[Kill] +1 xp (lv 30, 42/3286)
[Dev] item 엽전 world=(4.649143, 0.0, 6.165151) screen=(643.6176, 444.575)
[Kill] +1 xp (lv 30, 43/3286)
[Dev] item 엽전 world=(4.649143, 0.0, 6.165151) screen=(643.6176, 444.575)
[Dev] item 탕약 — 십전대보탕 world=(4.649143, 0.0, 6.165151) screen=(643.6176, 444.575)
[Kill] +1 xp (lv 30, 44/3286)
[Kill] +1 xp (lv 30, 45/3286)
[Kill] +1 xp (lv 30, 46/3286)
[Dev] item 엽전 world=(4.649143, 0.0, 6.159238) screen=(643.8983, 444.4056)
[Dev] item 짚신 world=(4.649143, 0.0, 6.159238) screen=(643.8983, 444.4056)
[Kill] +1 xp (lv 30, 47/3286)
[Dev] item 엽전 world=(4.649143, 0.0, 6.165151) screen=(639.7263, 442.6727)
[Dev] item 짚신 world=(4.649143, 0.0, 6.165151) screen=(639.7263, 442.6727)
[Kill] +1 xp (lv 30, 48/3286)
[Dev] item 엽전 world=(4.649143, 0.0, 6.165151) screen=(643.663, 444.4995)
[Kill] +1 xp (lv 30, 49/3286)
[Dev] item 엽전 world=(4.649143, 0.0, 6.165151) screen=(643.6176, 444.575)
[Dev] item 탕약 — 십전대보탕 world=(4.649143, 0.0, 6.165151) screen=(643.6176, 444.575)
[Kill] +2 xp (lv 30, 51/3286)
[Dev] item 엽전 world=(4.649143, 0.0, 6.165153) screen=(639.7261, 451.0608)
[Kill] +2 xp (lv 30, 53/3286)
[Dev] item 엽전 world=(4.649143, 0.0, 6.159238) screen=(643.9405, 444.3353)
[Dev] item 옥가락지 world=(4.649143, 0.0, 6.159238) screen=(643.9405, 444.3353)
[Dev] item 탕약 — 경옥고 world=(4.649143, 0.0, 6.159238) screen=(643.9405, 444.3353)
[Kill] +2 xp (lv 30, 55/3286)
[Kill] +2 xp (lv 30, 57/3286)
[Dev] item 엽전 world=(4.649143, 0.0, 6.165151) screen=(643.571, 444.6528)
[Kill] +2 xp (lv 30, 59/3286)
[Dev] item 엽전 world=(4.649143, 0.0, 6.165151) screen=(643.8404, 444.2039)
[Kill] +2 xp (lv 30, 61/3286)
[Dev] item 영약 — 공진단 world=(4.649143, 0.0, 6.165151) screen=(643.6176, 444.575)
[Kill] +2 xp (lv 30, 63/3286)
[Dev] item 엽전 world=(4.649143, 0.0, 6.165151) screen=(643.6176, 444.575)
[Kill] +2 xp (lv 30, 65/3286)
[Dev] item 미식별 본국검 world=(4.649143, 0.0, 6.165151) screen=(643.5837, 444.6317)
[Kill] +2 xp (lv 30, 67/3286)
[Kill] +2 xp (lv 30, 69/3286)
[Dev] item 엽전 world=(4.649143, 0.0, 6.165151) screen=(643.6441, 444.5311)
[Kill] +2 xp (lv 30, 71/3286)
[Dev] item 괴황지 world=(4.649143, 0.0, 6.165151) screen=(643.7228, 444.3999)
[Kill] +2 xp (lv 30, 73/3286)
[Dev] item 엽전 world=(4.649143, 0.0, 6.165151) screen=(643.6176, 444.575)
[Dev] item 미식별 무명띠 world=(4.649143, 0.0, 6.165151) screen=(643.6176, 444.575)
[Dev] item 식별부 world=(4.649143, 0.0, 6.165151) screen=(643.6176, 444.575)
[Kill] +2 xp (lv 30, 75/3286)
[Kill] +2 xp (lv 30, 77/3286)
[Dev] item 엽전 world=(4.649143, 0.0, 6.165151) screen=(643.6176, 444.575)
[Dev] item 쌍수도 world=(4.649143, 0.0, 6.165151) screen=(643.6176, 444.575)
[Kill] +2 xp (lv 30, 79/3286)
[Dev] item 엽전 world=(4.649143, 0.0, 6.165151) screen=(644.2043, 443.5975)
[Kill] +2 xp (lv 30, 81/3286)
[Dev] item 엽전 world=(4.649143, 0.0, 6.165151) screen=(643.7665, 444.3269)
[Kill] +2 xp (lv 30, 83/3286)
[Dev] item 엽전 world=(4.649143, 0.0, 6.165151) screen=(643.2751, 445.1459)
[Kill] +2 xp (lv 30, 85/3286)
[Dev] item 엽전 world=(4.649143, 0.0, 6.165151) screen=(643.6176, 444.575)
[Dev] item 화염부 world=(4.649143, 0.0, 6.165151) screen=(643.6176, 444.575)
[Kill] +2 xp (lv 30, 87/3286)
[Dev] item 엽전 world=(4.649143, 0.0, 6.165151) screen=(643.5837, 444.6317)
[Kill] +2 xp (lv 30, 89/3286)
[Dev] item 엽전 world=(4.649143, 0.0, 6.165151) screen=(643.6331, 444.5495)
[Kill] +2 xp (lv 30, 91/3286)
[Dev] item 엽전 world=(4.649143, 0.0, 6.165151) screen=(643.6176, 444.575)
[Dev] item 은가락지 world=(4.649143, 0.0, 6.165151) screen=(643.6176, 444.575)
[Kill] +2 xp (lv 30, 93/3286)
[Dev] item 엽전 world=(4.649143, 0.0, 6.165151) screen=(643.6811, 444.4693)
[Kill] +2 xp (lv 30, 95/3286)
[Kill] +2 xp (lv 30, 97/3286)
[Dev] item 엽전 world=(4.649143, 0.0, 6.165151) screen=(643.7113, 444.419)
[Dev] item 두정갑 world=(4.649143, 0.0, 6.165151) screen=(643.7113, 444.419)
[Kill] +2 xp (lv 30, 99/3286)
[Dev] item 탕약 — 경옥고 world=(4.649143, 0.0, 6.165151) screen=(643.7113, 444.419)
[Kill] +2 xp (lv 30, 101/3286)
[Dev] item 엽전 world=(4.649143, 0.0, 6.165151) screen=(643.7432, 444.3659)
[Kill] +2 xp (lv 30, 103/3286)
[Dev] item 엽전 world=(4.649143, 0.0, 6.165151) screen=(643.7538, 444.3482)
[Dev] item 영약 — 공진단 world=(4.649143, 0.0, 6.165151) screen=(643.7538, 444.3482)
[Kill] +2 xp (lv 30, 105/3286)
[Dev] item 사인검 world=(4.649143, 0.0, 6.159238) screen=(644.0275, 444.1902)
[Kill] +2 xp (lv 30, 107/3286)
[Kill] +2 xp (lv 30, 109/3286)
[Dev] item 엽전 world=(4.649143, 0.0, 6.165151) screen=(643.7198, 444.4049)
[Dev] item 경면주사 world=(4.649143, 0.0, 6.165151) screen=(643.7198, 444.4049)
[Kill] +2 xp (lv 30, 111/3286)
[Dev] item 엽전 world=(4.649143, 0.0, 6.165151) screen=(643.6176, 444.575)
[Dev] item 가죽신 world=(4.649143, 0.0, 6.165151) screen=(643.6176, 444.575)
[Kill] +2 xp (lv 30, 113/3286)
[Dev] item 목화 world=(4.649143, 0.0, 6.165151) screen=(643.6608, 444.5031)
[Kill] +2 xp (lv 30, 115/3286)
[Dev] item 엽전 world=(4.649143, 0.0, 6.165151) screen=(643.7113, 444.419)
[Dev] item 목화 world=(4.649143, 0.0, 6.165151) screen=(643.7113, 444.419)
[Dev] item 경면주사 world=(4.649143, 0.0, 6.165151) screen=(643.7113, 444.419)
[Kill] +2 xp (lv 30, 117/3286)
[Dev] item 엽전 world=(4.649143, 0.0, 5.834939) screen=(658.9947, 435.5952)
[Dev] item 옥패 world=(4.649143, 0.0, 5.834939) screen=(658.9947, 435.5952)
[Dev] item 영약 — 총명탕 world=(4.649143, 0.0, 5.834939) screen=(658.9947, 435.5952)
[Save] level 못골 마을 → user://save_e2e.json (C:/Users/FORYOUCOM/AppData/Roaming/Godot/app_userdata/Joseon Hunters/wt/codex-96-boss-opening-cutin/save_e2e.json)
[Dev] stairs DungeonEntrance dir=1 world=(0.0, 0.0, -31.0) screen=(2121.067, -492.4143)
[Dev] interact Merchant world=(5.4, 0.0, -2.4) screen=(1047.293, 368.0158)
[Dev] interact Shaman world=(-5.6, 0.0, 0.4) screen=(408.5833, 148.8999)
[Dev] interact Elder world=(2.0, 0.0, -5.6) screen=(1038.037, 191.6542)
[Dev] interact Waypoint world=(-4.2, 0.0, 2.2) screen=(390.0698, 234.4085)
[Click] world=(5.4, 0.0, -2.4) cell=(5, -3)
E2E potion_tiers PASS (검사 10)
[Save] level 못골 마을 → user://save_e2e.json (C:/Users/FORYOUCOM/AppData/Roaming/Godot/app_userdata/Joseon Hunters/wt/codex-96-boss-opening-cutin/save_e2e.json)
[Dev] stairs DungeonEntrance dir=1 world=(0.0, 0.0, -31.0) screen=(2121.067, -492.4143)
[Dev] interact Merchant world=(5.4, 0.0, -2.4) screen=(1047.293, 368.0158)
[Dev] interact Shaman world=(-5.6, 0.0, 0.4) screen=(408.5833, 148.8999)
[Dev] interact Elder world=(2.0, 0.0, -5.6) screen=(1038.037, 191.6542)
[Dev] interact Waypoint world=(-4.2, 0.0, 2.2) screen=(390.0698, 234.4085)
E2E ▶ loot_props
[Dungeon] heukrang_gul 1층 lv=2 seed=403727558 gen 64x64 rooms=6 up=(44, 56) down=(7, 23) enemies=20 roster=bandit,bat,talisman_master elites=["방2:금색×3(깊이 0.50)"] named=-
[Quest] heukrang_gul 1층 — 싹쓸이 셈 시작 20 (heukrang_clear:none)
[Audio] BGM dungeon → dungeon_4.ogg
[Save] level 흑랑 굴 1층 → user://save_e2e.json (C:/Users/FORYOUCOM/AppData/Roaming/Godot/app_userdata/Joseon Hunters/wt/codex-96-boss-opening-cutin/save_e2e.json)
[Dev] stairs StairsUp dir=-1 world=(44.5, 0.0, 56.5) screen=(593.7165, 335.9509)
[Dev] stairs StairsDown dir=1 world=(7.5, 0.0, 23.5) screen=(408.583, -1534.551)
[Dev] interact PusJar world=(29.5, 0.0, 42.5) screen=(547.433, -487.0705)
[Dev] interact @Area3D@33548 world=(14.5, 0.0, 24.5) screen=(686.2831, -1368.878)
[Dev] interact @Area3D@33549 world=(23.5, 0.0, 18.5) screen=(1380.534, -1288.714)
[Dev] interact LootChest world=(29.5, 0.0, 39.5) screen=(686.2831, -567.2349)
[Dev] interact @Area3D@33550 world=(40.5, 0.0, 38.5) screen=(1241.683, -300.0204)
[Dev] interact LootPot world=(21.5, 0.0, 43.5) screen=(130.8828, -674.1207)
[Dev] interact @Area3D@33551 world=(22.5, 0.0, 44.5) screen=(130.8829, -620.6779)
[Dev] interact @Area3D@33552 world=(19.5, 0.0, 9.5) screen=(1611.95, -1636.093)
[Dev] interact @Area3D@33553 world=(20.5, 0.0, 9.5) screen=(1658.234, -1609.372)
[Dev] interact @Area3D@33554 world=(44.5, 0.0, 51.5) screen=(825.1333, 154.2443)
[Dev] interact @Area3D@33555 world=(44.5, 0.0, 52.5) screen=(778.8499, 180.9657)
[Dev] interact @Area3D@33556 world=(21.5, 0.0, 39.5) screen=(316.0163, -781.0065)
[Dev] removed 20 enemies
[Click] world=(44.5, 0.0, 51.5) cell=(44, 51)
[Dev] item 엽전 world=(44.5, 0.0, 51.5) screen=(593.717, 297.7282)
[Loot] 항아리 지역 2 → 엽전
[Click] world=(40.5, 0.0, 38.5) cell=(40, 38)
[Dev] item 엽전 world=(40.5, 0.0, 38.5) screen=(722.7639, 296.6848)
[Dev] item 미식별 은가락지 world=(40.5, 0.0, 38.5) screen=(722.7639, 296.6848)
[Loot] 궤짝 지역 2 → 엽전, 미식별 은가락지
[Click] world=(40.4861, 0.072428, 37.9712) cell=(40, 37)
[Click] world=(45.5, 0.0, 52.5) cell=(45, 52)
[Click] world=(45.5, 0.0, 52.5) cell=(45, 52)
[Click] world=(45.5, 0.0, 52.5) cell=(45, 52)
[Dev] item 엽전 world=(44.5, 0.0, 52.5) screen=(665.8748, 358.9268)
[Loot] 항아리 지역 2 → 엽전
[Dev] removed 1 enemies
[Dungeon] heukrang_gul 2층 lv=3 seed=3189434797 preset 28x28 rooms=2 up=(22, 23) down=(-1, -1) enemies=2 roster=bat elites=[] named=-
[Audio] BGM boss → boss.ogg
[Save] level 흑랑 굴 2층 → user://save_e2e.json (C:/Users/FORYOUCOM/AppData/Roaming/Godot/app_userdata/Joseon Hunters/wt/codex-96-boss-opening-cutin/save_e2e.json)
[Dev] stairs StairsUp dir=-1 world=(22.5, 0.0, 23.5) screen=(593.7167, 335.9507)
[Dev] item 화염부 world=(32.5, 0.0, 70.5) screen=(-1118.768, 1840.389)
[Dev] item 빙결부 world=(33.5, 0.0, 69.5) screen=(-1026.201, 1840.389)
[Field] deulnyeok seed=355022911 128x128 props=2252 packs=18 enemies=74 waypoint=(62, 65) roster=bandit,bat,talisman_master elites=["13:파란×4@구간3"]
[Audio] BGM dungeon → dungeon_3.ogg
[Save] level 못골 들녘 → user://save_e2e.json (C:/Users/FORYOUCOM/AppData/Roaming/Godot/app_userdata/Joseon Hunters/wt/codex-96-boss-opening-cutin/save_e2e.json)
[Dev] stairs Down_cave dir=1 world=(88.5, 0.0, 3.5) screen=(7212.236, 897.1014)
[Dev] interact Waypoint world=(62.5, 0.0, 65.5) screen=(3139.301, 1810.974)
[Dev] interact FloorItem world=(32.5, 0.0, 70.5) screen=(1519.384, 1142.938)
[Dev] interact @Area3D@34132 world=(33.5, 0.0, 69.5) screen=(1611.95, 1142.938)
[Dev] interact PusJar world=(95.5, 0.0, 103.5) screen=(2907.884, 3708.197)
[Dev] interact @Area3D@34279 world=(101.5, 0.0, 105.5) screen=(3093.018, 3921.969)
[Dev] interact @Area3D@34280 world=(98.5, 0.0, 107.5) screen=(2861.601, 3895.247)
[Dev] interact LootChest world=(27.5, 0.0, 70.5) screen=(1287.967, 1009.331)
[Dev] interact @Area3D@34281 world=(94.5, 0.0, 100.5) screen=(3000.451, 3601.312)
[Dev] interact @Area3D@34282 world=(55.5, 0.0, 52.5) screen=(3417.001, 1276.545)
[Dev] interact LootPot world=(46.5, 0.0, 68.5) screen=(2259.917, 1463.595)
[Dev] interact @Area3D@34283 world=(73.5, 0.0, 47.5) screen=(4481.519, 1623.924)
[Dev] interact @Area3D@34284 world=(90.5, 0.0, 47.5) screen=(5268.335, 2078.189)
[Dev] interact @Area3D@34285 world=(111.5, 0.0, 49.5) screen=(6147.719, 2692.782)
[Dev] interact @Area3D@34286 world=(101.5, 0.0, 101.5) screen=(3278.151, 3815.083)
[Dev] interact @Area3D@34287 world=(86.5, 0.0, 76.5) screen=(3740.984, 2746.225)
[Dev] interact @Area3D@34288 world=(53.5, 0.0, 52.5) screen=(3324.434, 1223.102)
[Dev] interact @Area3D@34289 world=(87.5, 0.0, 95.5) screen=(2907.884, 3280.654)
[Dev] interact @Area3D@34290 world=(26.5, 0.0, 66.5) screen=(1426.817, 875.7234)
[Dev] interact @Area3D@34291 world=(17.5, 0.0, 60.5) screen=(1287.967, 474.9016)
[Dev] interact @Area3D@34292 world=(86.5, 0.0, 22.5) screen=(6240.286, 1303.266)
[Dev] interact @Area3D@34293 world=(59.5, 0.0, 65.5) screen=(3000.451, 1730.81)
[Dev] interact @Area3D@34294 world=(18.5, 0.0, 74.5) screen=(686.2832, 875.7234)
[Dev] interact @Area3D@34295 world=(44.5, 0.0, 69.5) screen=(2121.067, 1436.874)
[Dev] interact @Area3D@34296 world=(73.5, 0.0, 49.5) screen=(4388.952, 1677.367)
[Dev] interact @Area3D@34297 world=(88.5, 0.0, 52.5) screen=(4944.352, 2158.353)
E2E loot_props PASS (검사 19)
[Audio] BGM town → town.ogg
[Save] level 못골 마을 → user://save_e2e.json (C:/Users/FORYOUCOM/AppData/Roaming/Godot/app_userdata/Joseon Hunters/wt/codex-96-boss-opening-cutin/save_e2e.json)
[Dev] stairs DungeonEntrance dir=1 world=(0.0, 0.0, -31.0) screen=(2121.067, -492.4143)
[Dev] interact Merchant world=(5.4, 0.0, -2.4) screen=(1047.293, 368.0158)
[Dev] interact Shaman world=(-5.6, 0.0, 0.4) screen=(408.5833, 148.8999)
[Dev] interact Elder world=(2.0, 0.0, -5.6) screen=(1038.037, 191.6542)
[Dev] interact Waypoint world=(-4.2, 0.0, 2.2) screen=(390.0698, 234.4085)
E2E ▶ elite_pack
[Dungeon] heukrang_gul 1층 lv=2 seed=403727558 gen 64x64 rooms=6 up=(44, 56) down=(7, 23) enemies=20 roster=bandit,bat,talisman_master elites=["방2:금색×3(깊이 0.50)"] named=-
[Quest] heukrang_gul 1층 — 싹쓸이 셈 시작 20 (heukrang_clear:none)
[Audio] BGM dungeon → dungeon_2.ogg
[Save] level 흑랑 굴 1층 → user://save_e2e.json (C:/Users/FORYOUCOM/AppData/Roaming/Godot/app_userdata/Joseon Hunters/wt/codex-96-boss-opening-cutin/save_e2e.json)
[Dev] stairs StairsUp dir=-1 world=(44.5, 0.0, 56.5) screen=(593.7165, 335.9509)
[Dev] stairs StairsDown dir=1 world=(7.5, 0.0, 23.5) screen=(408.583, -1534.551)
[Dev] interact PusJar world=(29.5, 0.0, 42.5) screen=(547.433, -487.0705)
[Dev] interact @Area3D@34638 world=(14.5, 0.0, 24.5) screen=(686.2831, -1368.878)
[Dev] interact @Area3D@34639 world=(23.5, 0.0, 18.5) screen=(1380.534, -1288.714)
[Dev] interact LootChest world=(29.5, 0.0, 39.5) screen=(686.2831, -567.2349)
[Dev] interact @Area3D@34640 world=(40.5, 0.0, 38.5) screen=(1241.683, -300.0204)
[Dev] interact LootPot world=(21.5, 0.0, 43.5) screen=(130.8828, -674.1207)
[Dev] interact @Area3D@34641 world=(22.5, 0.0, 44.5) screen=(130.8829, -620.6779)
[Dev] interact @Area3D@34642 world=(19.5, 0.0, 9.5) screen=(1611.95, -1636.093)
[Dev] interact @Area3D@34643 world=(20.5, 0.0, 9.5) screen=(1658.234, -1609.372)
[Dev] interact @Area3D@34644 world=(44.5, 0.0, 51.5) screen=(825.1333, 154.2443)
[Dev] interact @Area3D@34645 world=(44.5, 0.0, 52.5) screen=(778.8499, 180.9657)
[Dev] interact @Area3D@34646 world=(21.5, 0.0, 39.5) screen=(316.0163, -781.0065)
[Dev] removed 20 enemies
  · 층 지역 레벨 2
[Dev] 파란 무리 질긴 산적 ×4 · 1회차 · Lv3 · 생명 94 · 옵션 tough · 무리 479
[Dev] removed 4 enemies
[Dev] 우두머리 악귀 같은 바우 ×3 · 1회차 · Lv4 · 생명 104 · 옵션 fire_enchanted · 무리 480
[Kill] +55 xp (lv 2, 35/57)
[LevelUp] lv=2 stat_pts=5 skill_pts=1
[Dev] item 엽전 world=(19.5, 0.0, 49.5) screen=(508.9543, 268.5548)
[Dev] item 탕약 — 쌍화탕 world=(19.5, 0.0, 49.5) screen=(508.9543, 268.5548)
[Dev] item 식별부 world=(19.5, 0.0, 49.5) screen=(508.9543, 268.5548)
[Dev] item 엽전 world=(19.5, 0.0, 49.5) screen=(508.9543, 268.5548)
[Dev] item 엽전 world=(19.5, 0.0, 49.5) screen=(508.9543, 268.5548)
[Dev] item 무명옷 world=(19.5, 0.0, 49.5) screen=(508.9543, 268.5548)
[Dev] item 영약 — 생맥산 world=(19.5, 0.0, 49.5) screen=(508.9543, 268.5548)
[Dev] item 괴황지 world=(19.5, 0.0, 49.5) screen=(508.9543, 268.5548)
[Dev] item 미식별 무명띠 world=(19.5, 0.0, 49.5) screen=(508.9543, 268.5548)
[Audio] 같은 순간 같은 큐 상한(3) 넘침 — drop ×5 (버림 누계 468)
[Dev] removed 3 enemies
[Kill] +26 xp (lv 3, 4/104)
[LevelUp] lv=3 stat_pts=10 skill_pts=2
[Dev] item 엽전 world=(23.5, 0.0, 49.5) screen=(778.7008, 424.0669)
[Dev] item 엽전 world=(23.5, 0.0, 49.5) screen=(778.7008, 424.0669)
[Dev] item 미식별 옥패 world=(23.5, 0.0, 49.5) screen=(778.7008, 424.0669)
[Dev] item 탕약 — 쌍화탕 world=(23.5, 0.0, 49.5) screen=(778.7008, 424.0669)
[Dev] removed 3 enemies
[Dev] removed 3 enemies
[Dev] removed 3 enemies
E2E elite_pack PASS (검사 52)
[Audio] BGM town → town.ogg
[Save] level 못골 마을 → user://save_e2e.json (C:/Users/FORYOUCOM/AppData/Roaming/Godot/app_userdata/Joseon Hunters/wt/codex-96-boss-opening-cutin/save_e2e.json)
[Dev] stairs DungeonEntrance dir=1 world=(0.0, 0.0, -31.0) screen=(2121.067, -492.4143)
[Dev] interact Merchant world=(5.4, 0.0, -2.4) screen=(1047.293, 368.0158)
[Dev] interact Shaman world=(-5.6, 0.0, 0.4) screen=(408.5833, 148.8999)
[Dev] interact Elder world=(2.0, 0.0, -5.6) screen=(1038.037, 191.6542)
[Dev] interact Waypoint world=(-4.2, 0.0, 2.2) screen=(390.0698, 234.4085)
E2E ▶ elite_slots
[Dev] item 화염부 world=(32.5, 0.0, 70.5) screen=(-1072.484, 3072.227)
[Dev] item 빙결부 world=(33.5, 0.0, 69.5) screen=(-979.9173, 3072.227)
[Field] deulnyeok seed=137177645 128x128 props=2363 packs=18 enemies=70 waypoint=(59, 60) roster=bandit,bat,talisman_master elites=["11:파란×4@구간2"]
[Audio] BGM dungeon → dungeon_1.ogg
[Save] level 못골 들녘 → user://save_e2e.json (C:/Users/FORYOUCOM/AppData/Roaming/Godot/app_userdata/Joseon Hunters/wt/codex-96-boss-opening-cutin/save_e2e.json)
  · 시드 3340239649 · 무리 11/18 · 구간 2 · 레벨 2 · 산적 ×4 · 강화 fierce
[Dev] item 화염부 world=(32.5, 0.0, 70.5) screen=(1519.384, 1175.004)
[Dev] item 빙결부 world=(33.5, 0.0, 69.5) screen=(1611.95, 1175.004)
[Field] deulnyeok seed=137177645 128x128 props=2363 packs=18 enemies=69 waypoint=(59, 60) roster=bandit,bat,talisman_master elites=[]
[Save] level 못골 들녘 → user://save_e2e.json (C:/Users/FORYOUCOM/AppData/Roaming/Godot/app_userdata/Joseon Hunters/wt/codex-96-boss-opening-cutin/save_e2e.json)
[Dev] item 화염부 world=(32.5, 0.0, 70.5) screen=(1519.384, 1175.004)
[Dev] item 빙결부 world=(33.5, 0.0, 69.5) screen=(1611.95, 1175.004)
[Field] deulnyeok seed=137177645 128x128 props=2363 packs=18 enemies=70 waypoint=(59, 60) roster=bandit,bat,talisman_master elites=["11:파란×4@구간2"]
[Save] level 못골 들녘 → user://save_e2e.json (C:/Users/FORYOUCOM/AppData/Roaming/Godot/app_userdata/Joseon Hunters/wt/codex-96-boss-opening-cutin/save_e2e.json)
[Dev] stairs Down_cave dir=1 world=(88.5, 0.0, 3.5) screen=(7212.236, 897.1014)
[Dev] interact Waypoint world=(59.5, 0.0, 60.5) screen=(3231.868, 1597.203)
[Dev] interact FloorItem world=(32.5, 0.0, 70.5) screen=(1519.384, 1142.938)
[Dev] interact @Area3D@36684 world=(33.5, 0.0, 69.5) screen=(1611.95, 1142.938)
[Dev] interact PusJar world=(95.5, 0.0, 103.5) screen=(2907.884, 3708.197)
[Dev] interact @Area3D@36824 world=(101.5, 0.0, 105.5) screen=(3093.018, 3921.969)
[Dev] interact @Area3D@36825 world=(98.5, 0.0, 107.5) screen=(2861.601, 3895.247)
[Dev] interact LootChest world=(32.5, 0.0, 65.5) screen=(1750.8, 1009.331)
[Dev] interact @Area3D@36826 world=(100.5, 0.0, 101.5) screen=(3231.868, 3788.362)
[Dev] interact @Area3D@36827 world=(39.5, 0.0, 75.5) screen=(1611.95, 1463.595)
[Dev] interact LootPot world=(112.5, 0.0, 40.5) screen=(6610.553, 2479.01)
[Dev] interact @Area3D@36828 world=(34.5, 0.0, 66.5) screen=(1797.084, 1089.495)
[Dev] interact @Area3D@36829 world=(24.5, 0.0, 59.5) screen=(1658.234, 635.2303)
[Dev] interact @Area3D@36830 world=(102.5, 0.0, 93.5) screen=(3694.702, 3628.033)
[Dev] interact @Area3D@36831 world=(39.5, 0.0, 73.5) screen=(1704.517, 1410.152)
[Dev] interact @Area3D@36832 world=(58.5, 0.0, 37.5) screen=(4250.102, 955.8878)
[Dev] interact @Area3D@36833 world=(66.5, 0.0, 62.5) screen=(3463.285, 1837.696)
[Dev] interact @Area3D@36834 world=(104.5, 0.0, 55.5) screen=(5546.036, 2666.061)
[Dev] interact @Area3D@36835 world=(75.5, 0.0, 60.5) screen=(3972.401, 2024.746)
[Dev] interact @Area3D@36836 world=(80.5, 0.0, 75.5) screen=(3509.568, 2559.175)
[Dev] interact @Area3D@36837 world=(89.5, 0.0, 20.5) screen=(6471.703, 1329.988)
[Dev] interact @Area3D@36838 world=(84.5, 0.0, 48.5) screen=(4944.352, 1944.581)
[Dev] interact @Area3D@36839 world=(102.5, 0.0, 102.5) screen=(3278.151, 3868.526)
[Dev] interact @Area3D@36840 world=(115.5, 0.0, 37.5) screen=(6888.253, 2479.01)
[Dev] interact @Area3D@36841 world=(29.5, 0.0, 72.5) screen=(1287.967, 1116.216)
[Dev] stairs Down_cave dir=1 world=(88.5, 0.0, 3.5) screen=(7212.236, 897.1014)
[Dev] interact Waypoint world=(59.5, 0.0, 60.5) screen=(3231.868, 1597.203)
[Dev] interact FloorItem world=(32.5, 0.0, 70.5) screen=(1519.384, 1142.938)
[Dev] interact @Area3D@36684 world=(33.5, 0.0, 69.5) screen=(1611.95, 1142.938)
[Dev] interact PusJar world=(95.5, 0.0, 103.5) screen=(2907.884, 3708.197)
[Dev] interact @Area3D@36824 world=(101.5, 0.0, 105.5) screen=(3093.018, 3921.969)
[Dev] interact @Area3D@36825 world=(98.5, 0.0, 107.5) screen=(2861.601, 3895.247)
[Dev] interact LootChest world=(32.5, 0.0, 65.5) screen=(1750.8, 1009.331)
[Dev] interact @Area3D@36826 world=(100.5, 0.0, 101.5) screen=(3231.868, 3788.362)
[Dev] interact @Area3D@36827 world=(39.5, 0.0, 75.5) screen=(1611.95, 1463.595)
[Dev] interact LootPot world=(112.5, 0.0, 40.5) screen=(6610.553, 2479.01)
[Dev] interact @Area3D@36828 world=(34.5, 0.0, 66.5) screen=(1797.084, 1089.495)
[Dev] interact @Area3D@36829 world=(24.5, 0.0, 59.5) screen=(1658.234, 635.2303)
[Dev] interact @Area3D@36830 world=(102.5, 0.0, 93.5) screen=(3694.702, 3628.033)
[Dev] interact @Area3D@36831 world=(39.5, 0.0, 73.5) screen=(1704.517, 1410.152)
[Dev] interact @Area3D@36832 world=(58.5, 0.0, 37.5) screen=(4250.102, 955.8878)
[Dev] interact @Area3D@36833 world=(66.5, 0.0, 62.5) screen=(3463.285, 1837.696)
[Dev] interact @Area3D@36834 world=(104.5, 0.0, 55.5) screen=(5546.036, 2666.061)
[Dev] interact @Area3D@36835 world=(75.5, 0.0, 60.5) screen=(3972.401, 2024.746)
[Dev] interact @Area3D@36836 world=(80.5, 0.0, 75.5) screen=(3509.568, 2559.175)
[Dev] interact @Area3D@36837 world=(89.5, 0.0, 20.5) screen=(6471.703, 1329.988)
[Dev] interact @Area3D@36838 world=(84.5, 0.0, 48.5) screen=(4944.352, 1944.581)
[Dev] interact @Area3D@36839 world=(102.5, 0.0, 102.5) screen=(3278.151, 3868.526)
[Dev] interact @Area3D@36840 world=(115.5, 0.0, 37.5) screen=(6888.253, 2479.01)
[Dev] interact @Area3D@36841 world=(29.5, 0.0, 72.5) screen=(1287.967, 1116.216)
[Dev] stairs Down_cave dir=1 world=(88.5, 0.0, 3.5) screen=(7212.236, 897.1014)
[Dev] interact Waypoint world=(59.5, 0.0, 60.5) screen=(3231.868, 1597.203)
[Dev] interact FloorItem world=(32.5, 0.0, 70.5) screen=(1519.384, 1142.938)
[Dev] interact @Area3D@36684 world=(33.5, 0.0, 69.5) screen=(1611.95, 1142.938)
[Dev] interact PusJar world=(95.5, 0.0, 103.5) screen=(2907.884, 3708.197)
[Dev] interact @Area3D@36824 world=(101.5, 0.0, 105.5) screen=(3093.018, 3921.969)
[Dev] interact @Area3D@36825 world=(98.5, 0.0, 107.5) screen=(2861.601, 3895.247)
[Dev] interact LootChest world=(32.5, 0.0, 65.5) screen=(1750.8, 1009.331)
[Dev] interact @Area3D@36826 world=(100.5, 0.0, 101.5) screen=(3231.868, 3788.362)
[Dev] interact @Area3D@36827 world=(39.5, 0.0, 75.5) screen=(1611.95, 1463.595)
[Dev] interact LootPot world=(112.5, 0.0, 40.5) screen=(6610.553, 2479.01)
[Dev] interact @Area3D@36828 world=(34.5, 0.0, 66.5) screen=(1797.084, 1089.495)
[Dev] interact @Area3D@36829 world=(24.5, 0.0, 59.5) screen=(1658.234, 635.2303)
[Dev] interact @Area3D@36830 world=(102.5, 0.0, 93.5) screen=(3694.702, 3628.033)
[Dev] interact @Area3D@36831 world=(39.5, 0.0, 73.5) screen=(1704.517, 1410.152)
[Dev] interact @Area3D@36832 world=(58.5, 0.0, 37.5) screen=(4250.102, 955.8878)
[Dev] interact @Area3D@36833 world=(66.5, 0.0, 62.5) screen=(3463.285, 1837.696)
[Dev] interact @Area3D@36834 world=(104.5, 0.0, 55.5) screen=(5546.036, 2666.061)
[Dev] interact @Area3D@36835 world=(75.5, 0.0, 60.5) screen=(3972.401, 2024.746)
[Dev] interact @Area3D@36836 world=(80.5, 0.0, 75.5) screen=(3509.568, 2559.175)
[Dev] interact @Area3D@36837 world=(89.5, 0.0, 20.5) screen=(6471.703, 1329.988)
[Dev] interact @Area3D@36838 world=(84.5, 0.0, 48.5) screen=(4944.352, 1944.581)
[Dev] interact @Area3D@36839 world=(102.5, 0.0, 102.5) screen=(3278.151, 3868.526)
[Dev] interact @Area3D@36840 world=(115.5, 0.0, 37.5) screen=(6888.253, 2479.01)
[Dev] interact @Area3D@36841 world=(29.5, 0.0, 72.5) screen=(1287.967, 1116.216)
[Kill] +28 xp (lv 2, 8/57)
[LevelUp] lv=2 stat_pts=5 skill_pts=1
[Dev] item 탕약 — 쌍화탕 world=(94.5, 0.0, 45.5) screen=(1010.267, 291.7314)
[Dev] item 엽전 world=(94.5, 0.0, 45.5) screen=(1010.267, 291.7314)
[Dev] item 화염부 world=(32.5, 0.0, 70.5) screen=(-3016.385, -696.9623)
[Dev] item 빙결부 world=(33.5, 0.0, 69.5) screen=(-2923.818, -696.9622)
[Field] deulnyeok seed=137177645 128x128 props=2363 packs=18 enemies=70 waypoint=(59, 60) roster=bandit,bat,talisman_master elites=["16:금색×3@구간3", "11:파란×4@구간2"]
[Save] level 못골 들녘 → user://save_e2e.json (C:/Users/FORYOUCOM/AppData/Roaming/Godot/app_userdata/Joseon Hunters/wt/codex-96-boss-opening-cutin/save_e2e.json)
[Dev] stairs Down_cave dir=1 world=(88.5, 0.0, 3.5) screen=(7212.236, 897.1014)
[Dev] interact Waypoint world=(59.5, 0.0, 60.5) screen=(3231.868, 1597.203)
[Dev] interact FloorItem world=(32.5, 0.0, 70.5) screen=(1519.384, 1142.938)
[Dev] interact @Area3D@37347 world=(33.5, 0.0, 69.5) screen=(1611.95, 1142.938)
[Dev] interact PusJar world=(95.5, 0.0, 103.5) screen=(2907.884, 3708.197)
[Dev] interact @Area3D@37484 world=(101.5, 0.0, 105.5) screen=(3093.018, 3921.969)
[Dev] interact @Area3D@37485 world=(98.5, 0.0, 107.5) screen=(2861.601, 3895.247)
[Dev] interact LootChest world=(32.5, 0.0, 65.5) screen=(1750.8, 1009.331)
[Dev] interact @Area3D@37486 world=(100.5, 0.0, 101.5) screen=(3231.868, 3788.362)
[Dev] interact @Area3D@37487 world=(39.5, 0.0, 75.5) screen=(1611.95, 1463.595)
[Dev] interact LootPot world=(112.5, 0.0, 40.5) screen=(6610.553, 2479.01)
[Dev] interact @Area3D@37488 world=(34.5, 0.0, 66.5) screen=(1797.084, 1089.495)
[Dev] interact @Area3D@37489 world=(24.5, 0.0, 59.5) screen=(1658.234, 635.2303)
[Dev] interact @Area3D@37490 world=(102.5, 0.0, 93.5) screen=(3694.702, 3628.033)
[Dev] interact @Area3D@37491 world=(39.5, 0.0, 73.5) screen=(1704.517, 1410.152)
[Dev] interact @Area3D@37492 world=(58.5, 0.0, 37.5) screen=(4250.102, 955.8878)
[Dev] interact @Area3D@37493 world=(66.5, 0.0, 62.5) screen=(3463.285, 1837.696)
[Dev] interact @Area3D@37494 world=(104.5, 0.0, 55.5) screen=(5546.036, 2666.061)
[Dev] interact @Area3D@37495 world=(75.5, 0.0, 60.5) screen=(3972.401, 2024.746)
[Dev] interact @Area3D@37496 world=(80.5, 0.0, 75.5) screen=(3509.568, 2559.175)
[Dev] interact @Area3D@37497 world=(89.5, 0.0, 20.5) screen=(6471.703, 1329.988)
[Dev] interact @Area3D@37498 world=(84.5, 0.0, 48.5) screen=(4944.352, 1944.581)
[Dev] interact @Area3D@37499 world=(102.5, 0.0, 102.5) screen=(3278.151, 3868.526)
[Dev] interact @Area3D@37500 world=(115.5, 0.0, 37.5) screen=(6888.253, 2479.01)
[Dev] interact @Area3D@37501 world=(29.5, 0.0, 72.5) screen=(1287.967, 1116.216)
[Dungeon] heukrang_gul 1층 lv=2 seed=875064324 gen 64x64 rooms=9 up=(39, 23) down=(7, 6) enemies=35 roster=bandit,bat,talisman_master elites=["방3:금색×5(깊이 0.71)"] named=-
[Quest] heukrang_gul 1층 — 싹쓸이 셈 시작 105 (heukrang_clear:none)
[Save] level 흑랑 굴 1층 → user://save_e2e.json (C:/Users/FORYOUCOM/AppData/Roaming/Godot/app_userdata/Joseon Hunters/wt/codex-96-boss-opening-cutin/save_e2e.json)
  · 시드 160326318 · 방 3 (깊이 0.71) · 산적 · 대머리 판돌이 + 하수인 4 · 옵션 cold_enchanted
[Dungeon] heukrang_gul 1층 lv=2 seed=875064324 gen 64x64 rooms=9 up=(39, 23) down=(7, 6) enemies=36 roster=bandit,bat,talisman_master elites=[] named=-
[Quest] heukrang_gul 1층 — 싹쓸이 셈 시작 141 (heukrang_clear:none)
[Save] level 흑랑 굴 1층 → user://save_e2e.json (C:/Users/FORYOUCOM/AppData/Roaming/Godot/app_userdata/Joseon Hunters/wt/codex-96-boss-opening-cutin/save_e2e.json)
[Dungeon] heukrang_gul 1층 lv=2 seed=875064324 gen 64x64 rooms=9 up=(39, 23) down=(7, 6) enemies=35 roster=bandit,bat,talisman_master elites=["방3:금색×5(깊이 0.71)"] named=-
[Quest] heukrang_gul 1층 — 싹쓸이 셈 시작 176 (heukrang_clear:none)
[Save] level 흑랑 굴 1층 → user://save_e2e.json (C:/Users/FORYOUCOM/AppData/Roaming/Godot/app_userdata/Joseon Hunters/wt/codex-96-boss-opening-cutin/save_e2e.json)
[Dev] stairs StairsUp dir=-1 world=(39.5, 0.0, 23.5) screen=(593.7167, 335.9507)
[Dev] stairs StairsDown dir=1 world=(7.5, 0.0, 6.5) screen=(-100.5338, -973.4005)
[Dev] interact PusJar world=(49.5, 0.0, 48.5) screen=(-100.5337, 1223.102)
[Dev] interact @Area3D@38223 world=(18.5, 0.0, 13.5) screen=(84.5998, -540.5136)
[Dev] interact LootChest world=(15.5, 0.0, 12.5) screen=(-7.966995, -647.3994)
[Dev] interact @Area3D@38224 world=(38.5, 0.0, 54.5) screen=(-887.3508, 1089.495)
[Dev] interact @Area3D@38225 world=(49.5, 0.0, 59.5) screen=(-609.6506, 1517.038)
[Dev] interact LootPot world=(43.5, 0.0, 55.5) screen=(-702.2173, 1249.824)
[Dev] interact @Area3D@38226 world=(44.5, 0.0, 54.5) screen=(-609.6506, 1249.824)
[Dev] interact @Area3D@38227 world=(59.5, 0.0, 53.5) screen=(130.8831, 1623.924)
[Dev] interact @Area3D@38228 world=(18.5, 0.0, 43.5) screen=(-1303.901, 261.1299)
[Dev] interact @Area3D@38229 world=(19.5, 0.0, 42.5) screen=(-1211.334, 261.1299)
[Dev] interact @Area3D@38230 world=(12.5, 0.0, 3.5) screen=(269.733, -968.0569)
[Dev] interact @Area3D@38231 world=(12.5, 0.0, 4.5) screen=(223.4496, -941.3354)
[Dev] interact @Area3D@38232 world=(11.5, 0.0, 4.5) screen=(177.1665, -968.0567)
[Dev] interact @Area3D@38233 world=(8.5, 0.0, 26.5) screen=(-979.9176, -460.3491)
[Dev] interact @Area3D@38234 world=(9.5, 0.0, 27.5) screen=(-979.9175, -406.9064)
[Dev] stairs StairsUp dir=-1 world=(39.5, 0.0, 23.5) screen=(593.7167, 335.9507)
[Dev] stairs StairsDown dir=1 world=(7.5, 0.0, 6.5) screen=(-100.5338, -973.4005)
[Dev] interact PusJar world=(49.5, 0.0, 48.5) screen=(-100.5337, 1223.102)
[Dev] interact @Area3D@38223 world=(18.5, 0.0, 13.5) screen=(84.5998, -540.5136)
[Dev] interact LootChest world=(15.5, 0.0, 12.5) screen=(-7.966995, -647.3994)
[Dev] interact @Area3D@38224 world=(38.5, 0.0, 54.5) screen=(-887.3508, 1089.495)
[Dev] interact @Area3D@38225 world=(49.5, 0.0, 59.5) screen=(-609.6506, 1517.038)
[Dev] interact LootPot world=(43.5, 0.0, 55.5) screen=(-702.2173, 1249.824)
[Dev] interact @Area3D@38226 world=(44.5, 0.0, 54.5) screen=(-609.6506, 1249.824)
[Dev] interact @Area3D@38227 world=(59.5, 0.0, 53.5) screen=(130.8831, 1623.924)
[Dev] interact @Area3D@38228 world=(18.5, 0.0, 43.5) screen=(-1303.901, 261.1299)
[Dev] interact @Area3D@38229 world=(19.5, 0.0, 42.5) screen=(-1211.334, 261.1299)
[Dev] interact @Area3D@38230 world=(12.5, 0.0, 3.5) screen=(269.733, -968.0569)
[Dev] interact @Area3D@38231 world=(12.5, 0.0, 4.5) screen=(223.4496, -941.3354)
[Dev] interact @Area3D@38232 world=(11.5, 0.0, 4.5) screen=(177.1665, -968.0567)
[Dev] interact @Area3D@38233 world=(8.5, 0.0, 26.5) screen=(-979.9176, -460.3491)
[Dev] interact @Area3D@38234 world=(9.5, 0.0, 27.5) screen=(-979.9175, -406.9064)
[Dev] stairs StairsUp dir=-1 world=(39.5, 0.0, 23.5) screen=(593.7167, 335.9507)
[Dev] stairs StairsDown dir=1 world=(7.5, 0.0, 6.5) screen=(-100.5338, -973.4005)
[Dev] interact PusJar world=(49.5, 0.0, 48.5) screen=(-100.5337, 1223.102)
[Dev] interact @Area3D@38223 world=(18.5, 0.0, 13.5) screen=(84.5998, -540.5136)
[Dev] interact LootChest world=(15.5, 0.0, 12.5) screen=(-7.966995, -647.3994)
[Dev] interact @Area3D@38224 world=(38.5, 0.0, 54.5) screen=(-887.3508, 1089.495)
[Dev] interact @Area3D@38225 world=(49.5, 0.0, 59.5) screen=(-609.6506, 1517.038)
[Dev] interact LootPot world=(43.5, 0.0, 55.5) screen=(-702.2173, 1249.824)
[Dev] interact @Area3D@38226 world=(44.5, 0.0, 54.5) screen=(-609.6506, 1249.824)
[Dev] interact @Area3D@38227 world=(59.5, 0.0, 53.5) screen=(130.8831, 1623.924)
[Dev] interact @Area3D@38228 world=(18.5, 0.0, 43.5) screen=(-1303.901, 261.1299)
[Dev] interact @Area3D@38229 world=(19.5, 0.0, 42.5) screen=(-1211.334, 261.1299)
[Dev] interact @Area3D@38230 world=(12.5, 0.0, 3.5) screen=(269.733, -968.0569)
[Dev] interact @Area3D@38231 world=(12.5, 0.0, 4.5) screen=(223.4496, -941.3354)
[Dev] interact @Area3D@38232 world=(11.5, 0.0, 4.5) screen=(177.1665, -968.0567)
[Dev] interact @Area3D@38233 world=(8.5, 0.0, 26.5) screen=(-979.9176, -460.3491)
[Dev] interact @Area3D@38234 world=(9.5, 0.0, 27.5) screen=(-979.9175, -406.9064)
[Kill] +53 xp (lv 3, 4/104)
[LevelUp] lv=3 stat_pts=10 skill_pts=2
[Dev] item 미식별 예도 world=(9.5, 0.0, 32.5) screen=(917.7001, 345.0826)
[Dev] item 빙결부 world=(9.5, 0.0, 32.5) screen=(917.7001, 345.0826)
[Dev] item 엽전 world=(9.5, 0.0, 32.5) screen=(917.7001, 345.0826)
[Dev] item 영약 — 생맥산 world=(9.5, 0.0, 32.5) screen=(917.7001, 345.0826)
[Dev] item 엽전 world=(9.5, 0.0, 32.5) screen=(917.7001, 345.0826)
[Dev] item 미식별 복주머니 world=(9.5, 0.0, 32.5) screen=(917.7001, 345.0826)
[Dungeon] heukrang_gul 2층 lv=3 seed=2242901156 preset 28x28 rooms=2 up=(22, 23) down=(-1, -1) enemies=2 roster=bat elites=[] named=-
[Audio] BGM boss → boss.ogg
[Save] level 흑랑 굴 2층 → user://save_e2e.json (C:/Users/FORYOUCOM/AppData/Roaming/Godot/app_userdata/Joseon Hunters/wt/codex-96-boss-opening-cutin/save_e2e.json)
[Dev] stairs StairsUp dir=-1 world=(22.5, 0.0, 23.5) screen=(593.7167, 335.9507)
E2E elite_slots PASS (검사 31)
[Audio] BGM town → town.ogg
[Save] level 못골 마을 → user://save_e2e.json (C:/Users/FORYOUCOM/AppData/Roaming/Godot/app_userdata/Joseon Hunters/wt/codex-96-boss-opening-cutin/save_e2e.json)
[Dev] stairs DungeonEntrance dir=1 world=(0.0, 0.0, -31.0) screen=(2121.067, -492.4143)
[Dev] interact Merchant world=(5.4, 0.0, -2.4) screen=(1047.293, 368.0158)
[Dev] interact Shaman world=(-5.6, 0.0, 0.4) screen=(408.5833, 148.8999)
[Dev] interact Elder world=(2.0, 0.0, -5.6) screen=(1038.037, 191.6542)
[Dev] interact Waypoint world=(-4.2, 0.0, 2.2) screen=(390.0698, 234.4085)
E2E ▶ flee_chase
[Dev] item 화염부 world=(32.5, 0.0, 70.5) screen=(-1072.484, 3072.227)
[Dev] item 빙결부 world=(33.5, 0.0, 69.5) screen=(-979.9173, 3072.227)
[Field] deulnyeok seed=355022911 128x128 props=2252 packs=18 enemies=74 waypoint=(62, 65) roster=bandit,bat,talisman_master elites=["13:파란×4@구간3"]
[Audio] BGM dungeon → dungeon_4.ogg
[Save] level 못골 들녘 → user://save_e2e.json (C:/Users/FORYOUCOM/AppData/Roaming/Godot/app_userdata/Joseon Hunters/wt/codex-96-boss-opening-cutin/save_e2e.json)
[Dev] stairs Down_cave dir=1 world=(88.5, 0.0, 3.5) screen=(7212.236, 897.1014)
[Dev] interact Waypoint world=(62.5, 0.0, 65.5) screen=(3139.301, 1810.974)
[Dev] interact FloorItem world=(32.5, 0.0, 70.5) screen=(1519.384, 1142.938)
[Dev] interact @Area3D@38968 world=(33.5, 0.0, 69.5) screen=(1611.95, 1142.938)
[Dev] interact PusJar world=(95.5, 0.0, 103.5) screen=(2907.884, 3708.197)
[Dev] interact @Area3D@39115 world=(101.5, 0.0, 105.5) screen=(3093.018, 3921.969)
[Dev] interact @Area3D@39116 world=(98.5, 0.0, 107.5) screen=(2861.601, 3895.247)
[Dev] interact LootChest world=(27.5, 0.0, 70.5) screen=(1287.967, 1009.331)
[Dev] interact @Area3D@39117 world=(94.5, 0.0, 100.5) screen=(3000.451, 3601.312)
[Dev] interact @Area3D@39118 world=(55.5, 0.0, 52.5) screen=(3417.001, 1276.545)
[Dev] interact LootPot world=(46.5, 0.0, 68.5) screen=(2259.917, 1463.595)
[Dev] interact @Area3D@39119 world=(73.5, 0.0, 47.5) screen=(4481.519, 1623.924)
[Dev] interact @Area3D@39120 world=(90.5, 0.0, 47.5) screen=(5268.335, 2078.189)
[Dev] interact @Area3D@39121 world=(111.5, 0.0, 49.5) screen=(6147.719, 2692.782)
[Dev] interact @Area3D@39122 world=(101.5, 0.0, 101.5) screen=(3278.151, 3815.083)
[Dev] interact @Area3D@39123 world=(86.5, 0.0, 76.5) screen=(3740.984, 2746.225)
[Dev] interact @Area3D@39124 world=(53.5, 0.0, 52.5) screen=(3324.434, 1223.102)
[Dev] interact @Area3D@39125 world=(87.5, 0.0, 95.5) screen=(2907.884, 3280.654)
[Dev] interact @Area3D@39126 world=(26.5, 0.0, 66.5) screen=(1426.817, 875.7234)
[Dev] interact @Area3D@39127 world=(17.5, 0.0, 60.5) screen=(1287.967, 474.9016)
[Dev] interact @Area3D@39128 world=(86.5, 0.0, 22.5) screen=(6240.286, 1303.266)
[Dev] interact @Area3D@39129 world=(59.5, 0.0, 65.5) screen=(3000.451, 1730.81)
[Dev] interact @Area3D@39130 world=(18.5, 0.0, 74.5) screen=(686.2832, 875.7234)
[Dev] interact @Area3D@39131 world=(44.5, 0.0, 69.5) screen=(2121.067, 1436.874)
[Dev] interact @Area3D@39132 world=(73.5, 0.0, 49.5) screen=(4388.952, 1677.367)
[Dev] interact @Area3D@39133 world=(88.5, 0.0, 52.5) screen=(4944.352, 2158.353)
  · 띠 첫 자리 (18.5, 0.0, 64.5) (들머리에서 11.0u)
[Dev] removed 74 enemies
[Click] world=(24.5, 0.000391, 64.5) cell=(24, 64)
[Click] world=(24.5, 0.000391, 64.5) cell=(24, 64)
[Click] world=(25.025, 0.000391, 64.5) cell=(25, 64)
[Click] world=(25.585, 0.000391, 64.5) cell=(25, 64)
[Click] world=(26.14499, 0.000391, 64.5) cell=(26, 64)
[Click] world=(26.70499, 0.000391, 64.5) cell=(26, 64)
[Click] world=(27.26499, 0.000391, 64.5) cell=(27, 64)
[Click] world=(27.82499, 0.000391, 64.5) cell=(27, 64)
[Click] world=(28.38498, 0.000391, 64.5) cell=(28, 64)
[Click] world=(28.80498, 0.000391, 64.5) cell=(28, 64)
[Click] world=(28.98498, 0.000391, 64.5) cell=(28, 64)
[Click] world=(29.16498, 0.000391, 64.5) cell=(29, 64)
[Click] world=(29.34498, 0.000391, 64.5) cell=(29, 64)
[Dev] removed 1 enemies
[Click] world=(21.1525, 0.000842, 64.5) cell=(21, 64)
[Click] world=(21.9925, 0.000842, 64.5) cell=(21, 64)
[Click] world=(22.83249, 0.000842, 64.5) cell=(22, 64)
[Dev] removed 1 enemies
[Click] world=(21.15333, 0.000842, 64.5) cell=(21, 64)
[Click] world=(22.00666, 0.000842, 64.5) cell=(22, 64)
[Click] world=(22.86, 0.000842, 64.5) cell=(22, 64)
[Dev] removed 1 enemies
  · 표 — 판 · 붙잡음(첫 칼) · 닿음 · 휘두름 · 도망친 거리 · 물러나는 빠르기(가운데/최대) | 맞은 뒤 4초: 멀어지며 걸은 시간·거리 · 공격 시작 · 첫 공격 · 닿은 공격 · 적 칼 맞음/휘두름 · 적이 움직인 거리
  · 부적술사      걷기 3.00 | 붙잡음 2.75초 · 닿음 2.35초 · 휘두름 1 · 도망친 거리 4.30u (2.05초) · 물러나는 빠르기 2.10/2.10 | 맞은 뒤: 멀어지며 0.00초 0.00u · 공격 시작 1 · 첫 공격 1.70초 · 닿은 공격 1 · 적 칼 맞음 4/4 · 움직인 거리 0.72u
  · 박쥐        걷기 4.50 | 붙잡음 0.97초 · 닿음 0.55초 · 휘두름 1 · 도망친 거리 1.73u (0.55초) · 물러나는 빠르기 3.15/3.15 | 맞은 뒤: 멀어지며 0.00초 0.00u · 공격 시작 1 · 첫 공격 2.30초 · 닿은 공격 2 · 적 칼 맞음 4/4 · 움직인 거리 0.60u
  · 날랜 박쥐     걷기 6.08 | 붙잡음 1.00초 · 닿음 0.58초 · 휘두름 1 · 도망친 거리 1.87u (0.58초) · 물러나는 빠르기 3.20/3.20 | 맞은 뒤: 멀어지며 0.00초 0.00u · 공격 시작 2 · 첫 공격 1.42초 · 닿은 공격 3 · 적 칼 맞음 4/4 · 움직인 거리 0.04u
E2E flee_chase PASS (검사 35)
[Audio] BGM town → town.ogg
[Save] level 못골 마을 → user://save_e2e.json (C:/Users/FORYOUCOM/AppData/Roaming/Godot/app_userdata/Joseon Hunters/wt/codex-96-boss-opening-cutin/save_e2e.json)
[Dev] stairs DungeonEntrance dir=1 world=(0.0, 0.0, -31.0) screen=(2121.067, -492.4143)
[Dev] interact Merchant world=(5.4, 0.0, -2.4) screen=(1047.293, 368.0158)
[Dev] interact Shaman world=(-5.6, 0.0, 0.4) screen=(408.5833, 148.8999)
[Dev] interact Elder world=(2.0, 0.0, -5.6) screen=(1038.037, 191.6542)
[Dev] interact Waypoint world=(-4.2, 0.0, 2.2) screen=(390.0698, 234.4085)
E2E ▶ verify_flows
[Click] world=(-5.6, 0.0, 0.4) cell=(-6, 0)
[Save] quest_log_dialogue → user://save_e2e.json (C:/Users/FORYOUCOM/AppData/Roaming/Godot/app_userdata/Joseon Hunters/wt/codex-96-boss-opening-cutin/save_e2e.json)
[Dungeon] heukrang_gul 1층 lv=2 seed=403727558 gen 64x64 rooms=6 up=(44, 56) down=(7, 23) enemies=20 roster=bandit,bat,talisman_master elites=["방2:금색×3(깊이 0.50)"] named=-
[Quest] heukrang_gul 1층 — 싹쓸이 셈 시작 20 (heukrang_clear:none)
[Audio] BGM dungeon → dungeon_1.ogg
[Save] level 흑랑 굴 1층 → user://save_e2e.json (C:/Users/FORYOUCOM/AppData/Roaming/Godot/app_userdata/Joseon Hunters/wt/codex-96-boss-opening-cutin/save_e2e.json)
[Dev] stairs StairsUp dir=-1 world=(44.5, 0.0, 56.5) screen=(593.7165, 335.9509)
[Dev] stairs StairsDown dir=1 world=(7.5, 0.0, 23.5) screen=(408.583, -1534.551)
[Dev] interact PusJar world=(29.5, 0.0, 42.5) screen=(547.433, -487.0705)
[Dev] interact @Area3D@39475 world=(14.5, 0.0, 24.5) screen=(686.2831, -1368.878)
[Dev] interact @Area3D@39476 world=(23.5, 0.0, 18.5) screen=(1380.534, -1288.714)
[Dev] interact LootChest world=(29.5, 0.0, 39.5) screen=(686.2831, -567.2349)
[Dev] interact @Area3D@39477 world=(40.5, 0.0, 38.5) screen=(1241.683, -300.0204)
[Dev] interact LootPot world=(21.5, 0.0, 43.5) screen=(130.8828, -674.1207)
[Dev] interact @Area3D@39478 world=(22.5, 0.0, 44.5) screen=(130.8829, -620.6779)
[Dev] interact @Area3D@39479 world=(19.5, 0.0, 9.5) screen=(1611.95, -1636.093)
[Dev] interact @Area3D@39480 world=(20.5, 0.0, 9.5) screen=(1658.234, -1609.372)
[Dev] interact @Area3D@39481 world=(44.5, 0.0, 51.5) screen=(825.1333, 154.2443)
[Dev] interact @Area3D@39482 world=(44.5, 0.0, 52.5) screen=(778.8499, 180.9657)
[Dev] interact @Area3D@39483 world=(21.5, 0.0, 39.5) screen=(316.0163, -781.0065)
[Dungeon] heukrang_gul 2층 lv=3 seed=3189434797 preset 28x28 rooms=2 up=(22, 23) down=(-1, -1) enemies=2 roster=bat elites=[] named=-
[Audio] BGM boss → boss.ogg
[Save] level 흑랑 굴 2층 → user://save_e2e.json (C:/Users/FORYOUCOM/AppData/Roaming/Godot/app_userdata/Joseon Hunters/wt/codex-96-boss-opening-cutin/save_e2e.json)
[Dev] stairs StairsUp dir=-1 world=(22.5, 0.0, 23.5) screen=(593.7167, 335.9507)
[Kill] +185 xp (lv 4, 4/160)
[LevelUp] lv=4 stat_pts=15 skill_pts=3
[Dev] item 탕약 — 쌍화탕 world=(9.69242, 0.0, 9.479954) screen=(648.2626, -402.2242)
[Dev] item 영약 — 생맥산 world=(9.69242, 0.0, 9.479954) screen=(648.2626, -402.2242)
[Dev] item 탕약 — 쌍화탕 world=(9.69242, 0.0, 9.479954) screen=(648.2626, -402.2242)
[Dev] item 귀환부첩 world=(9.69242, 0.0, 9.479954) screen=(648.2626, -402.2242)
[Dev] item 흑랑 이빨 world=(9.69242, 0.0, 9.479954) screen=(648.2626, -402.2242)
[Dev] item 흑랑 이빨 world=(9.69242, 0.0, 9.479954) screen=(648.2626, -402.2242)
[Dev] item 미식별 장검 world=(9.69242, 0.0, 9.479954) screen=(648.2626, -402.2242)
[Dev] item 미식별 은가락지 world=(9.69242, 0.0, 9.479954) screen=(648.2626, -402.2242)
[Dev] item 미식별 옥패 world=(9.69242, 0.0, 9.479954) screen=(648.2626, -402.2242)
[Loot] 보스 전용 유니크 — boss_heukrang 첫 처치 → u_heukrang_fang (회차 1)
[Dev] item 흑랑의 봉인패 world=(9.69242, 0.0, 9.479954) screen=(648.2626, -402.2242)
[Dev] item 엽전 world=(9.69242, 0.0, 9.479954) screen=(648.2626, -402.2242)
[Save] boss → user://save_e2e.json (C:/Users/FORYOUCOM/AppData/Roaming/Godot/app_userdata/Joseon Hunters/wt/codex-96-boss-opening-cutin/save_e2e.json)
[Boss] killed area=heukrang_gul level=3 flags={ "opening_pending": false, "seen": { "npc/shaman/start": 1 }, "story": { "shaman_offer": true, "shaman_heal_intro": true }, "quest_log": { "read": {  }, "history": { "heukrang_seal": [{ "uid": "npc/shaman/NPC_SHAMAN_OFFER_1", "source": "npc/shaman", "static_id": "NPC_SHAMAN_OFFER_1", "speaker": "shaman", "name": "무당 할매", "text": "도사 양반, 늦었소." }, { "uid": "npc/shaman/NPC_SHAMAN_OFFER_2", "source": "npc/shaman", "static_id": "NPC_SHAMAN_OFFER_2", "speaker": "doho", "name": "도호", "text": "할매, 술부터… 아, 분위기 아니구먼." }, { "uid": "npc/shaman/NPC_SHAMAN_OFFER_3", "source": "npc/shaman", "static_id": "NPC_SHAMAN_OFFER_3", "speaker": "shaman", "name": "무당 할매", "text": "봉인이 흔들리오. 못골 아래로 요기가 새고 있소." }, { "uid": "npc/shaman/NPC_SHAMAN_OFFER_4", "source": "npc/shaman", "static_id": "NPC_SHAMAN_OFFER_4", "speaker": "shaman", "name": "무당 할매", "text": "흑랑 굴 끝에 구미호의 수하가 자리를 잡았고, 봉밀굴 안은… 아직 잠든 것이 낫소." }, { "uid": "npc/shaman/NPC_SHAMAN_OFFER_5", "source": "npc/shaman", "static_id": "NPC_SHAMAN_OFFER_5", "speaker": "doho", "name": "도호", "text": "…또 봉인이여." }, { "uid": "npc/shaman/NPC_SHAMAN_OFFER_6", "source": "npc/shaman", "static_id": "NPC_SHAMAN_OFFER_6", "speaker": "shaman", "name": "무당 할매", "text": "도사 양반밖에 없소. 내려가 베어 주시오." }, { "uid": "npc/shaman/NPC_SHAMAN_OFFER_7", "source": "npc/shaman", "static_id": "NPC_SHAMAN_OFFER_7", "speaker": "doho", "name": "도호", "text": "술값은—" }, { "uid": "npc/shaman/NPC_SHAMAN_OFFER_8", "source": "npc/shaman", "static_id": "NPC_SHAMAN_OFFER_8", "speaker": "shaman", "name": "무당 할매", "text": "살아서 돌아오면 쳐 드리리다." }] }, "revisions": { "heukrang_seal": 8 } }, "quest": { "heukrang_clear": { "state": "none", "left": 20, "barked": false }, "heukrang_seal": { "state": "killed" }, "heukrang_thanks": { "state": "killed" } }, "seal:boss_heukrang": 1, "boss_killed_heukrang_gul": true }
[Kill] +6 xp (lv 4, 10/160)
[Dev] item 엽전 world=(24.75001, 0.0, 23.5) screen=(696.2769, 374.7607)
E2E verify_flows PASS (검사 16)
[Audio] BGM town → town.ogg
[Save] level 못골 마을 → user://save_e2e.json (C:/Users/FORYOUCOM/AppData/Roaming/Godot/app_userdata/Joseon Hunters/wt/codex-96-boss-opening-cutin/save_e2e.json)
[Dev] stairs DungeonEntrance dir=1 world=(0.0, 0.0, -31.0) screen=(2121.067, -492.4143)
[Dev] interact Merchant world=(5.4, 0.0, -2.4) screen=(1047.293, 368.0158)
[Dev] interact Shaman world=(-5.6, 0.0, 0.4) screen=(408.5833, 148.8999)
[Dev] interact Elder world=(2.0, 0.0, -5.6) screen=(1038.037, 191.6542)
[Dev] interact Waypoint world=(-4.2, 0.0, 2.2) screen=(390.0698, 234.4085)
E2E ▶ balance_room
  · 명중 확정 끔 — 이 대본은 명중 굴림을 실전 그대로 쓴다 (#342)
[Dev] item 화염부 world=(32.5, 0.0, 70.5) screen=(-1075.835, 3066.643)
[Dev] item 빙결부 world=(33.5, 0.0, 69.5) screen=(-983.2681, 3066.643)
[Field] deulnyeok seed=355022911 128x128 props=2252 packs=18 enemies=74 waypoint=(62, 65) roster=bandit,bat,talisman_master elites=["13:파란×4@구간3"]
[Audio] BGM dungeon → dungeon_3.ogg
[Save] level 못골 들녘 → user://save_e2e.json (C:/Users/FORYOUCOM/AppData/Roaming/Godot/app_userdata/Joseon Hunters/wt/codex-96-boss-opening-cutin/save_e2e.json)
[Dev] stairs Down_cave dir=1 world=(88.5, 0.0, 3.5) screen=(7212.236, 897.1014)
[Dev] interact Waypoint world=(62.5, 0.0, 65.5) screen=(3139.301, 1810.974)
[Dev] interact FloorItem world=(32.5, 0.0, 70.5) screen=(1519.384, 1142.938)
[Dev] interact @Area3D@40252 world=(33.5, 0.0, 69.5) screen=(1611.95, 1142.938)
[Dev] interact PusJar world=(95.5, 0.0, 103.5) screen=(2907.884, 3708.197)
[Dev] interact @Area3D@40399 world=(101.5, 0.0, 105.5) screen=(3093.018, 3921.969)
[Dev] interact @Area3D@40400 world=(98.5, 0.0, 107.5) screen=(2861.601, 3895.247)
[Dev] interact LootChest world=(27.5, 0.0, 70.5) screen=(1287.967, 1009.331)
[Dev] interact @Area3D@40401 world=(94.5, 0.0, 100.5) screen=(3000.451, 3601.312)
[Dev] interact @Area3D@40402 world=(55.5, 0.0, 52.5) screen=(3417.001, 1276.545)
[Dev] interact LootPot world=(46.5, 0.0, 68.5) screen=(2259.917, 1463.595)
[Dev] interact @Area3D@40403 world=(73.5, 0.0, 47.5) screen=(4481.519, 1623.924)
[Dev] interact @Area3D@40404 world=(90.5, 0.0, 47.5) screen=(5268.335, 2078.189)
[Dev] interact @Area3D@40405 world=(111.5, 0.0, 49.5) screen=(6147.719, 2692.782)
[Dev] interact @Area3D@40406 world=(101.5, 0.0, 101.5) screen=(3278.151, 3815.083)
[Dev] interact @Area3D@40407 world=(86.5, 0.0, 76.5) screen=(3740.984, 2746.225)
[Dev] interact @Area3D@40408 world=(53.5, 0.0, 52.5) screen=(3324.434, 1223.102)
[Dev] interact @Area3D@40409 world=(87.5, 0.0, 95.5) screen=(2907.884, 3280.654)
[Dev] interact @Area3D@40410 world=(26.5, 0.0, 66.5) screen=(1426.817, 875.7234)
[Dev] interact @Area3D@40411 world=(17.5, 0.0, 60.5) screen=(1287.967, 474.9016)
[Dev] interact @Area3D@40412 world=(86.5, 0.0, 22.5) screen=(6240.286, 1303.266)
[Dev] interact @Area3D@40413 world=(59.5, 0.0, 65.5) screen=(3000.451, 1730.81)
[Dev] interact @Area3D@40414 world=(18.5, 0.0, 74.5) screen=(686.2832, 875.7234)
[Dev] interact @Area3D@40415 world=(44.5, 0.0, 69.5) screen=(2121.067, 1436.874)
[Dev] interact @Area3D@40416 world=(73.5, 0.0, 49.5) screen=(4388.952, 1677.367)
[Dev] interact @Area3D@40417 world=(88.5, 0.0, 52.5) screen=(4944.352, 2158.353)
[Click] world=(16.5, 0.0, 50.5) cell=(16, 50)
[Click] world=(16.5, 0.0, 50.5) cell=(16, 50)
[Click] world=(16.5, 0.0, 50.5) cell=(16, 50)
[Click] world=(16.5, 0.0, 50.5) cell=(16, 50)
[Click] world=(16.5, 0.0, 50.5) cell=(16, 50)
[Click] world=(16.5, 0.0, 50.5) cell=(16, 50)
[Click] world=(16.5, 0.0, 50.5) cell=(16, 50)
[Click] world=(16.5, 0.0, 50.5) cell=(16, 50)
[Click] world=(16.5, 0.0, 50.5) cell=(16, 50)
[Click] world=(16.17001, 0.0, 50.82999) cell=(16, 50)
[Click] world=(15.51004, 0.0, 51.48996) cell=(15, 51)
[Click] world=(14.97553, 0.0, 52.1759) cell=(14, 52)
[Click] world=(15.31924, 0.0, 53.04364) cell=(15, 53)
[Kill] +6 xp (lv 1, 6/20)
[Kill] +6 xp (lv 1, 12/20)
[Dev] item 미식별 목검 world=(15.62833, 0.0, 53.74704) screen=(723.7297, 342.2371)
[Dev] item 귀환부 world=(15.62833, 0.0, 53.74704) screen=(723.7297, 342.2371)
[Click] world=(34.5, 0.0, 58.5) cell=(34, 58)
[Click] world=(34.5, 0.0, 58.5) cell=(34, 58)
[Click] world=(34.5, 0.0, 58.5) cell=(34, 58)
[Click] world=(34.5, 0.0, 58.5) cell=(34, 58)
[Click] world=(34.5, 0.0, 58.5) cell=(34, 58)
[Click] world=(34.5, 0.0, 58.5) cell=(34, 58)
[Click] world=(34.5, 0.0, 58.5) cell=(34, 58)
[Click] world=(34.5, 0.0, 58.5) cell=(34, 58)
[Click] world=(34.5, 0.0, 58.5) cell=(34, 58)
[Click] world=(34.5, 0.0, 58.5) cell=(34, 58)
[Click] world=(34.5, 0.0, 58.5) cell=(34, 58)
[Click] world=(34.5, 0.0, 58.5) cell=(34, 58)
[Click] world=(34.5, 0.0, 58.5) cell=(34, 58)
[Click] world=(34.07203, 0.0, 58.51288) cell=(34, 58)
[Click] world=(33.0715, 0.0, 58.5168) cell=(33, 58)
[Click] world=(32.12415, 0.0, 58.5048) cell=(32, 58)
[Kill] +6 xp (lv 1, 18/20)
[Dev] item 철검 world=(31.23584, 0.0, 58.50093) screen=(699.8644, 378.6016)
  · 걸어감 2.3초 · 처치 3 · 14.3초 · 생명 110→99 (최저 99) · 적 공격 10 (명중 4) · Lv1
E2E balance_room PASS (검사 8)
[Audio] BGM town → town.ogg
[Save] level 못골 마을 → user://save_e2e.json (C:/Users/FORYOUCOM/AppData/Roaming/Godot/app_userdata/Joseon Hunters/wt/codex-96-boss-opening-cutin/save_e2e.json)
[Dev] stairs DungeonEntrance dir=1 world=(0.0, 0.0, -31.0) screen=(2121.067, -492.4143)
[Dev] interact Merchant world=(5.4, 0.0, -2.4) screen=(1047.293, 368.0158)
[Dev] interact Shaman world=(-5.6, 0.0, 0.4) screen=(408.5833, 148.8999)
[Dev] interact Elder world=(2.0, 0.0, -5.6) screen=(1038.037, 191.6542)
[Dev] interact Waypoint world=(-4.2, 0.0, 2.2) screen=(390.0698, 234.4085)
E2E ▶ balance_boss
  · 명중 확정 끔 — 이 대본은 명중 굴림을 실전 그대로 쓴다 (#342)
[Dungeon] heukrang_gul 1층 lv=2 seed=403727558 gen 64x64 rooms=6 up=(44, 56) down=(7, 23) enemies=20 roster=bandit,bat,talisman_master elites=["방2:금색×3(깊이 0.50)"] named=-
[Quest] heukrang_gul 1층 — 싹쓸이 셈 시작 20 (heukrang_clear:none)
[Audio] BGM dungeon → dungeon_2.ogg
[Save] level 흑랑 굴 1층 → user://save_e2e.json (C:/Users/FORYOUCOM/AppData/Roaming/Godot/app_userdata/Joseon Hunters/wt/codex-96-boss-opening-cutin/save_e2e.json)
[Dev] stairs StairsUp dir=-1 world=(44.5, 0.0, 56.5) screen=(593.7165, 335.9509)
[Dev] stairs StairsDown dir=1 world=(7.5, 0.0, 23.5) screen=(408.583, -1534.551)
[Dev] interact PusJar world=(29.5, 0.0, 42.5) screen=(547.433, -487.0705)
[Dev] interact @Area3D@40770 world=(14.5, 0.0, 24.5) screen=(686.2831, -1368.878)
[Dev] interact @Area3D@40771 world=(23.5, 0.0, 18.5) screen=(1380.534, -1288.714)
[Dev] interact LootChest world=(29.5, 0.0, 39.5) screen=(686.2831, -567.2349)
[Dev] interact @Area3D@40772 world=(40.5, 0.0, 38.5) screen=(1241.683, -300.0204)
[Dev] interact LootPot world=(21.5, 0.0, 43.5) screen=(130.8828, -674.1207)
[Dev] interact @Area3D@40773 world=(22.5, 0.0, 44.5) screen=(130.8829, -620.6779)
[Dev] interact @Area3D@40774 world=(19.5, 0.0, 9.5) screen=(1611.95, -1636.093)
[Dev] interact @Area3D@40775 world=(20.5, 0.0, 9.5) screen=(1658.234, -1609.372)
[Dev] interact @Area3D@40776 world=(44.5, 0.0, 51.5) screen=(825.1333, 154.2443)
[Dev] interact @Area3D@40777 world=(44.5, 0.0, 52.5) screen=(778.8499, 180.9657)
[Dev] interact @Area3D@40778 world=(21.5, 0.0, 39.5) screen=(316.0163, -781.0065)
[Dungeon] heukrang_gul 2층 lv=3 seed=3189434797 preset 28x28 rooms=2 up=(22, 23) down=(-1, -1) enemies=2 roster=bat elites=[] named=-
[Audio] BGM boss → boss.ogg
[Save] level 흑랑 굴 2층 → user://save_e2e.json (C:/Users/FORYOUCOM/AppData/Roaming/Godot/app_userdata/Joseon Hunters/wt/codex-96-boss-opening-cutin/save_e2e.json)
[Dev] stairs StairsUp dir=-1 world=(22.5, 0.0, 23.5) screen=(593.7167, 335.9507)
[Dev] near boss hp=195/195
[Skill] 참격 → mp 46/50
[Click] world=(8.822547, 0.000934, 8.524997) cell=(8, 8)
[Skill] 참격 → mp 43/50
[Skill] 참격 → mp 40/50
[Skill] 참격 → mp 37/50
[Click] world=(8.729197, 0.000934, 8.525392) cell=(8, 8)
[Skill] 참격 → mp 35/50
[Skill] 참격 → mp 32/50
[Click] world=(8.635853, 0.000934, 8.525975) cell=(8, 8)
[Skill] 참격 → mp 29/50
[Skill] 참격 → mp 26/50
[Click] world=(8.595808, 0.000934, 8.524385) cell=(8, 8)
[Skill] 참격 → mp 23/50
[Click] world=(8.582461, 0.000934, 8.523845) cell=(8, 8)
[Skill] 참격 → mp 20/50
[Click] world=(8.569117, 0.000934, 8.52333) cell=(8, 8)
[Skill] 참격 → mp 18/50
[Click] world=(8.569117, 0.000934, 8.52333) cell=(8, 8)
[Skill] 참격 → mp 15/50
[Skill] 참격 → mp 12/50
[Click] world=(8.597544, 0.000934, 8.522102) cell=(8, 8)
[Skill] 참격 → mp 9/50
[Skill] 참격 → mp 7/50
[Skill] 참격 → mp 4/50
[Kill] +7 xp (lv 4, 6/160)
[LevelUp] lv=4 stat_pts=5 skill_pts=2
[Dev] item 엽전 world=(8.160178, 0.0, 8.491172) screen=(547.541, 290.1358)
[Dev] item 탕약 — 쌍화탕 world=(8.160178, 0.0, 8.491172) screen=(547.541, 290.1358)
[Skill] 참격 → mp 1/50
[Death] 도호 사망 → 1.2s 뒤 마을 복귀, 엽전 -0
  · 흑랑 Lv3 도호 쓰러짐(흑랑 28) · 30.1초 · 2페이즈 20.7초 · 생명 130→0 (최저 0 = 0%) · 탕약 3/3 · 적 공격 38 (명중 28)
[Audio] BGM town → town.ogg
[Save] level 못골 마을 → user://save_e2e.json (C:/Users/FORYOUCOM/AppData/Roaming/Godot/app_userdata/Joseon Hunters/wt/codex-96-boss-opening-cutin/save_e2e.json)
[Dev] stairs DungeonEntrance dir=1 world=(0.0, 0.0, -31.0) screen=(2121.067, -492.4143)
[Dev] interact Merchant world=(5.4, 0.0, -2.4) screen=(1047.293, 368.0158)
[Dev] interact Shaman world=(-5.6, 0.0, 0.4) screen=(408.5833, 148.8999)
[Dev] interact Elder world=(2.0, 0.0, -5.6) screen=(1038.037, 191.6542)
[Dev] interact Waypoint world=(-4.2, 0.0, 2.2) screen=(390.0698, 234.4085)
[Dungeon] heukrang_gul 1층 lv=2 seed=403727558 gen 64x64 rooms=6 up=(44, 56) down=(7, 23) enemies=20 roster=bandit,bat,talisman_master elites=["방2:금색×3(깊이 0.50)"] named=-
[Quest] heukrang_gul 1층 — 싹쓸이 셈 시작 20 (heukrang_clear:none)
[Audio] BGM dungeon → dungeon_3.ogg
[Save] level 흑랑 굴 1층 → user://save_e2e.json (C:/Users/FORYOUCOM/AppData/Roaming/Godot/app_userdata/Joseon Hunters/wt/codex-96-boss-opening-cutin/save_e2e.json)
[Dev] stairs StairsUp dir=-1 world=(44.5, 0.0, 56.5) screen=(593.7165, 335.9509)
[Dev] stairs StairsDown dir=1 world=(7.5, 0.0, 23.5) screen=(408.583, -1534.551)
[Dev] interact PusJar world=(29.5, 0.0, 42.5) screen=(547.433, -487.0705)
[Dev] interact @Area3D@41212 world=(14.5, 0.0, 24.5) screen=(686.2831, -1368.878)
[Dev] interact @Area3D@41213 world=(23.5, 0.0, 18.5) screen=(1380.534, -1288.714)
[Dev] interact LootChest world=(29.5, 0.0, 39.5) screen=(686.2831, -567.2349)
[Dev] interact @Area3D@41214 world=(40.5, 0.0, 38.5) screen=(1241.683, -300.0204)
[Dev] interact LootPot world=(21.5, 0.0, 43.5) screen=(130.8828, -674.1207)
[Dev] interact @Area3D@41215 world=(22.5, 0.0, 44.5) screen=(130.8829, -620.6779)
[Dev] interact @Area3D@41216 world=(19.5, 0.0, 9.5) screen=(1611.95, -1636.093)
[Dev] interact @Area3D@41217 world=(20.5, 0.0, 9.5) screen=(1658.234, -1609.372)
[Dev] interact @Area3D@41218 world=(44.5, 0.0, 51.5) screen=(825.1333, 154.2443)
[Dev] interact @Area3D@41219 world=(44.5, 0.0, 52.5) screen=(778.8499, 180.9657)
[Dev] interact @Area3D@41220 world=(21.5, 0.0, 39.5) screen=(316.0163, -781.0065)
[Dungeon] heukrang_gul 2층 lv=3 seed=3189434797 preset 28x28 rooms=2 up=(22, 23) down=(-1, -1) enemies=2 roster=bat elites=[] named=-
[Audio] BGM boss → boss.ogg
[Save] level 흑랑 굴 2층 → user://save_e2e.json (C:/Users/FORYOUCOM/AppData/Roaming/Godot/app_userdata/Joseon Hunters/wt/codex-96-boss-opening-cutin/save_e2e.json)
[Dev] stairs StairsUp dir=-1 world=(22.5, 0.0, 23.5) screen=(593.7167, 335.9507)
[Dev] near boss hp=195/195
[Skill] 참격 → mp 46/50
[Click] world=(8.822201, 0.000934, 8.525436) cell=(8, 8)
[Skill] 참격 → mp 43/50
[Skill] 참격 → mp 40/50
[Click] world=(8.728849, 0.000934, 8.525838) cell=(8, 8)
[Skill] 참격 → mp 37/50
[Skill] 참격 → mp 35/50
[Click] world=(8.635504, 0.000934, 8.526431) cell=(8, 8)
[Skill] 참격 → mp 32/50
[Skill] 참격 → mp 29/50
[Click] world=(8.560812, 0.000934, 8.526161) cell=(8, 8)
[Skill] 참격 → mp 27/50
[Skill] 참격 → mp 24/50
[Click] world=(8.400833, 0.000934, 8.528873) cell=(8, 8)
[Skill] 참격 → mp 21/50
[Skill] 참격 → mp 18/50
[Skill] 참격 → mp 16/50
[Skill] 참격 → mp 13/50
[Skill] 참격 → mp 11/50
[Skill] 참격 → mp 8/50
[Kill] +7 xp (lv 4, 6/160)
[LevelUp] lv=4 stat_pts=5 skill_pts=2
[Skill] 참격 → mp 6/50
[Skill] 참격 → mp 3/50
[Kill] +168 xp (lv 5, 14/224)
[LevelUp] lv=5 stat_pts=10 skill_pts=3
[Dev] item 미식별 가죽신 world=(8.534166, 0.0, 8.562778) screen=(570.7931, 307.387)
[Dev] item 탕약 — 쌍화탕 world=(8.534166, 0.0, 8.562778) screen=(570.7931, 307.387)
[Dev] item 탕약 — 쌍화탕 world=(8.534166, 0.0, 8.562778) screen=(570.7931, 307.387)
[Dev] item 영약 — 생맥산 world=(8.534166, 0.0, 8.562778) screen=(570.7931, 307.387)
[Dev] item 귀환부첩 world=(8.534166, 0.0, 8.562778) screen=(570.7931, 307.387)
[Dev] item 흑랑 이빨 world=(8.534166, 0.0, 8.562778) screen=(570.7931, 307.387)
[Dev] item 미식별 무명띠 world=(8.534166, 0.0, 8.562778) screen=(570.7931, 307.387)
[Dev] item 미식별 장검 world=(8.534166, 0.0, 8.562778) screen=(570.7931, 307.387)
[Dev] item 미식별 옥패 world=(8.534166, 0.0, 8.562778) screen=(570.7931, 307.387)
[Loot] 보스 전용 유니크 — boss_heukrang 첫 처치 → u_heukrang_fang (회차 1)
[Dev] item 흑랑의 봉인패 world=(8.534166, 0.0, 8.562778) screen=(570.7931, 307.387)
[Dev] item 엽전 world=(8.534166, 0.0, 8.562778) screen=(570.7931, 307.387)
[Save] boss → user://save_e2e.json (C:/Users/FORYOUCOM/AppData/Roaming/Godot/app_userdata/Joseon Hunters/wt/codex-96-boss-opening-cutin/save_e2e.json)
[Boss] killed area=heukrang_gul level=3 flags={ "opening_pending": false, "quest": { "heukrang_clear": { "state": "none", "left": 20, "barked": false }, "heukrang_seal": { "state": "killed" }, "heukrang_thanks": { "state": "killed" } }, "seal:boss_heukrang": 1, "boss_killed_heukrang_gul": true }
  · 흑랑 Lv3 처치 · 31.3초 · 2페이즈 18.6초 · 생명 130→54 (최저 45 = 35%) · 탕약 2/3 · 적 공격 35 (명중 17)
[Audio] BGM town → town.ogg
[Save] level 못골 마을 → user://save_e2e.json (C:/Users/FORYOUCOM/AppData/Roaming/Godot/app_userdata/Joseon Hunters/wt/codex-96-boss-opening-cutin/save_e2e.json)
[Dev] stairs DungeonEntrance dir=1 world=(0.0, 0.0, -31.0) screen=(2121.067, -492.4143)
[Dev] interact Merchant world=(5.4, 0.0, -2.4) screen=(1047.293, 368.0158)
[Dev] interact Shaman world=(-5.6, 0.0, 0.4) screen=(408.5833, 148.8999)
[Dev] interact Elder world=(2.0, 0.0, -5.6) screen=(1038.037, 191.6542)
[Dev] interact Waypoint world=(-4.2, 0.0, 2.2) screen=(390.0698, 234.4085)
[Dungeon] heukrang_gul 1층 lv=2 seed=403727558 gen 64x64 rooms=6 up=(44, 56) down=(7, 23) enemies=20 roster=bandit,bat,talisman_master elites=["방2:금색×3(깊이 0.50)"] named=-
[Quest] heukrang_gul 1층 — 싹쓸이 셈 시작 20 (heukrang_clear:none)
[Audio] BGM dungeon → dungeon_4.ogg
[Save] level 흑랑 굴 1층 → user://save_e2e.json (C:/Users/FORYOUCOM/AppData/Roaming/Godot/app_userdata/Joseon Hunters/wt/codex-96-boss-opening-cutin/save_e2e.json)
[Dev] stairs StairsUp dir=-1 world=(44.5, 0.0, 56.5) screen=(593.7165, 335.9509)
[Dev] stairs StairsDown dir=1 world=(7.5, 0.0, 23.5) screen=(408.583, -1534.551)
[Dev] interact PusJar world=(29.5, 0.0, 42.5) screen=(547.433, -487.0705)
[Dev] interact @Area3D@41666 world=(14.5, 0.0, 24.5) screen=(686.2831, -1368.878)
[Dev] interact @Area3D@41667 world=(23.5, 0.0, 18.5) screen=(1380.534, -1288.714)
[Dev] interact LootChest world=(29.5, 0.0, 39.5) screen=(686.2831, -567.2349)
[Dev] interact @Area3D@41668 world=(40.5, 0.0, 38.5) screen=(1241.683, -300.0204)
[Dev] interact LootPot world=(21.5, 0.0, 43.5) screen=(130.8828, -674.1207)
[Dev] interact @Area3D@41669 world=(22.5, 0.0, 44.5) screen=(130.8829, -620.6779)
[Dev] interact @Area3D@41670 world=(19.5, 0.0, 9.5) screen=(1611.95, -1636.093)
[Dev] interact @Area3D@41671 world=(20.5, 0.0, 9.5) screen=(1658.234, -1609.372)
[Dev] interact @Area3D@41672 world=(44.5, 0.0, 51.5) screen=(825.1333, 154.2443)
[Dev] interact @Area3D@41673 world=(44.5, 0.0, 52.5) screen=(778.8499, 180.9657)
[Dev] interact @Area3D@41674 world=(21.5, 0.0, 39.5) screen=(316.0163, -781.0065)
[Dungeon] heukrang_gul 2층 lv=3 seed=3189434797 preset 28x28 rooms=2 up=(22, 23) down=(-1, -1) enemies=2 roster=bat elites=[] named=-
[Audio] BGM boss → boss.ogg
[Save] level 흑랑 굴 2층 → user://save_e2e.json (C:/Users/FORYOUCOM/AppData/Roaming/Godot/app_userdata/Joseon Hunters/wt/codex-96-boss-opening-cutin/save_e2e.json)
[Dev] stairs StairsUp dir=-1 world=(22.5, 0.0, 23.5) screen=(593.7167, 335.9507)
[Dev] near boss hp=195/195
[Skill] 참격 → mp 45/50
[Click] world=(8.822547, 0.000934, 8.524997) cell=(8, 8)
[Skill] 참격 → mp 42/50
[Skill] 참격 → mp 38/50
[Click] world=(8.729197, 0.000934, 8.525392) cell=(8, 8)
[Skill] 참격 → mp 35/50
[Skill] 참격 → mp 32/50
[Click] world=(8.635853, 0.000934, 8.525975) cell=(8, 8)
[Skill] 참격 → mp 29/50
[Skill] 참격 → mp 26/50
[Click] world=(8.555862, 0.000934, 8.527276) cell=(8, 8)
[Skill] 참격 → mp 23/50
[Skill] 참격 → mp 19/50
[Click] world=(8.421185, 0.000934, 8.528228) cell=(8, 8)
[Skill] 참격 → mp 16/50
[Skill] 참격 → mp 12/50
[Skill] 참격 → mp 9/50
[Skill] 참격 → mp 6/50
[Skill] 참격 → mp 3/50
[Kill] +7 xp (lv 5, 7/224)
[Dev] item 엽전 world=(8.102305, 0.0, 8.47368) screen=(548.7579, 289.9034)
[Dev] item 탕약 — 쌍화탕 world=(8.102305, 0.0, 8.47368) screen=(548.7579, 289.9034)
[Skill] 참격 → mp 0/50
[Kill] +168 xp (lv 5, 175/224)
[Dev] item 영약 — 생맥산 world=(9.02147, 0.0, 8.568888) screen=(586.8933, 317.0089)
[Dev] item 영약 — 생맥산 world=(9.02147, 0.0, 8.568888) screen=(586.8933, 317.0089)
[Dev] item 탕약 — 쌍화탕 world=(9.02147, 0.0, 8.568888) screen=(586.8933, 317.0089)
[Dev] item 식별부첩 world=(9.02147, 0.0, 8.568888) screen=(586.8933, 317.0089)
[Dev] item 흑랑 이빨 world=(9.02147, 0.0, 8.568888) screen=(586.8933, 317.0089)
[Dev] item 미식별 철검 world=(9.02147, 0.0, 8.568888) screen=(586.8933, 317.0089)
[Dev] item 미식별 옥패 world=(9.02147, 0.0, 8.568888) screen=(586.8933, 317.0089)
[Dev] item 미식별 옥패 world=(9.02147, 0.0, 8.568888) screen=(586.8933, 317.0089)
[Loot] 보스 전용 유니크 — boss_heukrang 첫 처치 → u_heukrang_fang (회차 1)
[Dev] item 흑랑의 봉인패 world=(9.02147, 0.0, 8.568888) screen=(586.8933, 317.0089)
[Dev] item 엽전 world=(9.02147, 0.0, 8.568888) screen=(586.8933, 317.0089)
[Save] boss → user://save_e2e.json (C:/Users/FORYOUCOM/AppData/Roaming/Godot/app_userdata/Joseon Hunters/wt/codex-96-boss-opening-cutin/save_e2e.json)
[Boss] killed area=heukrang_gul level=3 flags={ "opening_pending": false, "quest": { "heukrang_clear": { "state": "none", "left": 20, "barked": false }, "heukrang_seal": { "state": "killed" }, "heukrang_thanks": { "state": "killed" } }, "seal:boss_heukrang": 1, "boss_killed_heukrang_gul": true }
  · 흑랑 Lv5 처치 · 25.8초 · 2페이즈 14.6초 · 생명 150→70 (최저 49 = 33%) · 탕약 2/3 · 적 공격 34 (명중 17)
  · Lv5 목표 대조(이 판 — 판정은 25판 표 §9.7): 25.8초 (15~30) · 탕약 2 (1 안팎) · 최저 생명 33% (35~60)
E2E balance_boss PASS (검사 20)
[Audio] BGM town → town.ogg
[Save] level 못골 마을 → user://save_e2e.json (C:/Users/FORYOUCOM/AppData/Roaming/Godot/app_userdata/Joseon Hunters/wt/codex-96-boss-opening-cutin/save_e2e.json)
[Dev] stairs DungeonEntrance dir=1 world=(0.0, 0.0, -31.0) screen=(2121.067, -492.4143)
[Dev] interact Merchant world=(5.4, 0.0, -2.4) screen=(1047.293, 368.0158)
[Dev] interact Shaman world=(-5.6, 0.0, 0.4) screen=(408.5833, 148.8999)
[Dev] interact Elder world=(2.0, 0.0, -5.6) screen=(1038.037, 191.6542)
[Dev] interact Waypoint world=(-4.2, 0.0, 2.2) screen=(390.0698, 234.4085)
E2E ▶ player_death
[Dungeon] heukrang_gul 1층 lv=2 seed=403727558 gen 64x64 rooms=6 up=(44, 56) down=(7, 23) enemies=20 roster=bandit,bat,talisman_master elites=["방2:금색×3(깊이 0.50)"] named=-
[Quest] heukrang_gul 1층 — 싹쓸이 셈 시작 20 (heukrang_clear:none)
[Audio] BGM dungeon → dungeon_2.ogg
[Save] level 흑랑 굴 1층 → user://save_e2e.json (C:/Users/FORYOUCOM/AppData/Roaming/Godot/app_userdata/Joseon Hunters/wt/codex-96-boss-opening-cutin/save_e2e.json)
[Dev] stairs StairsUp dir=-1 world=(44.5, 0.0, 56.5) screen=(593.7165, 335.9509)
[Dev] stairs StairsDown dir=1 world=(7.5, 0.0, 23.5) screen=(408.583, -1534.551)
[Dev] interact PusJar world=(29.5, 0.0, 42.5) screen=(547.433, -487.0705)
[Dev] interact @Area3D@42115 world=(14.5, 0.0, 24.5) screen=(686.2831, -1368.878)
[Dev] interact @Area3D@42116 world=(23.5, 0.0, 18.5) screen=(1380.534, -1288.714)
[Dev] interact LootChest world=(29.5, 0.0, 39.5) screen=(686.2831, -567.2349)
[Dev] interact @Area3D@42117 world=(40.5, 0.0, 38.5) screen=(1241.683, -300.0204)
[Dev] interact LootPot world=(21.5, 0.0, 43.5) screen=(130.8828, -674.1207)
[Dev] interact @Area3D@42118 world=(22.5, 0.0, 44.5) screen=(130.8829, -620.6779)
[Dev] interact @Area3D@42119 world=(19.5, 0.0, 9.5) screen=(1611.95, -1636.093)
[Dev] interact @Area3D@42120 world=(20.5, 0.0, 9.5) screen=(1658.234, -1609.372)
[Dev] interact @Area3D@42121 world=(44.5, 0.0, 51.5) screen=(825.1333, 154.2443)
[Dev] interact @Area3D@42122 world=(44.5, 0.0, 52.5) screen=(778.8499, 180.9657)
[Dev] interact @Area3D@42123 world=(21.5, 0.0, 39.5) screen=(316.0163, -781.0065)
[Dev] removed 20 enemies
[Death] 도호 사망 → 1.2s 뒤 마을 복귀, 엽전 -20
[Audio] BGM town → town.ogg
[Save] level 못골 마을 → user://save_e2e.json (C:/Users/FORYOUCOM/AppData/Roaming/Godot/app_userdata/Joseon Hunters/wt/codex-96-boss-opening-cutin/save_e2e.json)
[Dev] stairs DungeonEntrance dir=1 world=(0.0, 0.0, -31.0) screen=(2121.067, -492.4143)
[Dev] interact Merchant world=(5.4, 0.0, -2.4) screen=(1047.293, 368.0158)
[Dev] interact Shaman world=(-5.6, 0.0, 0.4) screen=(408.5833, 148.8999)
[Dev] interact Elder world=(2.0, 0.0, -5.6) screen=(1038.037, 191.6542)
[Dev] interact Waypoint world=(-4.2, 0.0, 2.2) screen=(390.0698, 234.4085)
[Click] world=(2.999607, 0.0, 0.999607) cell=(2, 0)
[Dungeon] heukrang_gul 1층 lv=2 seed=403727558 gen 64x64 rooms=6 up=(44, 56) down=(7, 23) enemies=20 roster=bandit,bat,talisman_master elites=["방2:금색×3(깊이 0.50)"] named=-
[Quest] heukrang_gul 1층 — 싹쓸이 셈 시작 20 (heukrang_clear:none)
[Audio] BGM dungeon → dungeon_1.ogg
[Save] level 흑랑 굴 1층 → user://save_e2e.json (C:/Users/FORYOUCOM/AppData/Roaming/Godot/app_userdata/Joseon Hunters/wt/codex-96-boss-opening-cutin/save_e2e.json)
[Dev] stairs StairsUp dir=-1 world=(44.5, 0.0, 56.5) screen=(593.7165, 335.9509)
[Dev] stairs StairsDown dir=1 world=(7.5, 0.0, 23.5) screen=(408.583, -1534.551)
[Dev] interact PusJar world=(29.5, 0.0, 42.5) screen=(547.433, -487.0705)
[Dev] interact @Area3D@42465 world=(14.5, 0.0, 24.5) screen=(686.2831, -1368.878)
[Dev] interact @Area3D@42466 world=(23.5, 0.0, 18.5) screen=(1380.534, -1288.714)
[Dev] interact LootChest world=(29.5, 0.0, 39.5) screen=(686.2831, -567.2349)
[Dev] interact @Area3D@42467 world=(40.5, 0.0, 38.5) screen=(1241.683, -300.0204)
[Dev] interact LootPot world=(21.5, 0.0, 43.5) screen=(130.8828, -674.1207)
[Dev] interact @Area3D@42468 world=(22.5, 0.0, 44.5) screen=(130.8829, -620.6779)
[Dev] interact @Area3D@42469 world=(19.5, 0.0, 9.5) screen=(1611.95, -1636.093)
[Dev] interact @Area3D@42470 world=(20.5, 0.0, 9.5) screen=(1658.234, -1609.372)
[Dev] interact @Area3D@42471 world=(44.5, 0.0, 51.5) screen=(825.1333, 154.2443)
[Dev] interact @Area3D@42472 world=(44.5, 0.0, 52.5) screen=(778.8499, 180.9657)
[Dev] interact @Area3D@42473 world=(21.5, 0.0, 39.5) screen=(316.0163, -781.0065)
[Dev] removed 20 enemies
[Click] world=(48.49961, 0.0, 56.49961) cell=(48, 56)
[Death] 도호 사망 → 1.2s 뒤 마을 복귀, 엽전 -18
[Audio] BGM town → town.ogg
[Save] level 못골 마을 → user://save_e2e.json (C:/Users/FORYOUCOM/AppData/Roaming/Godot/app_userdata/Joseon Hunters/wt/codex-96-boss-opening-cutin/save_e2e.json)
[Dev] stairs DungeonEntrance dir=1 world=(0.0, 0.0, -31.0) screen=(2121.067, -492.4143)
[Dev] interact Merchant world=(5.4, 0.0, -2.4) screen=(1047.293, 368.0158)
[Dev] interact Shaman world=(-5.6, 0.0, 0.4) screen=(408.5833, 148.8999)
[Dev] interact Elder world=(2.0, 0.0, -5.6) screen=(1038.037, 191.6542)
[Dev] interact Waypoint world=(-4.2, 0.0, 2.2) screen=(390.0698, 234.4085)
[Dungeon] heukrang_gul 1층 lv=2 seed=403727558 gen 64x64 rooms=6 up=(44, 56) down=(7, 23) enemies=20 roster=bandit,bat,talisman_master elites=["방2:금색×3(깊이 0.50)"] named=-
[Quest] heukrang_gul 1층 — 싹쓸이 셈 시작 20 (heukrang_clear:none)
[Audio] BGM dungeon → dungeon_2.ogg
[Save] level 흑랑 굴 1층 → user://save_e2e.json (C:/Users/FORYOUCOM/AppData/Roaming/Godot/app_userdata/Joseon Hunters/wt/codex-96-boss-opening-cutin/save_e2e.json)
[Dev] stairs StairsUp dir=-1 world=(44.5, 0.0, 56.5) screen=(593.7165, 335.9509)
[Dev] stairs StairsDown dir=1 world=(7.5, 0.0, 23.5) screen=(408.583, -1534.551)
[Dev] interact PusJar world=(29.5, 0.0, 42.5) screen=(547.433, -487.0705)
[Dev] interact @Area3D@42814 world=(14.5, 0.0, 24.5) screen=(686.2831, -1368.878)
[Dev] interact @Area3D@42815 world=(23.5, 0.0, 18.5) screen=(1380.534, -1288.714)
[Dev] interact LootChest world=(29.5, 0.0, 39.5) screen=(686.2831, -567.2349)
[Dev] interact @Area3D@42816 world=(40.5, 0.0, 38.5) screen=(1241.683, -300.0204)
[Dev] interact LootPot world=(21.5, 0.0, 43.5) screen=(130.8828, -674.1207)
[Dev] interact @Area3D@42817 world=(22.5, 0.0, 44.5) screen=(130.8829, -620.6779)
[Dev] interact @Area3D@42818 world=(19.5, 0.0, 9.5) screen=(1611.95, -1636.093)
[Dev] interact @Area3D@42819 world=(20.5, 0.0, 9.5) screen=(1658.234, -1609.372)
[Dev] interact @Area3D@42820 world=(44.5, 0.0, 51.5) screen=(825.1333, 154.2443)
[Dev] interact @Area3D@42821 world=(44.5, 0.0, 52.5) screen=(778.8499, 180.9657)
[Dev] interact @Area3D@42822 world=(21.5, 0.0, 39.5) screen=(316.0163, -781.0065)
[Dev] removed 20 enemies
[Death] 도호 사망 → 1.2s 뒤 마을 복귀, 엽전 -16
[Audio] BGM town → town.ogg
[Save] level 못골 마을 → user://save_e2e.json (C:/Users/FORYOUCOM/AppData/Roaming/Godot/app_userdata/Joseon Hunters/wt/codex-96-boss-opening-cutin/save_e2e.json)
[Dev] stairs DungeonEntrance dir=1 world=(0.0, 0.0, -31.0) screen=(2121.067, -492.4143)
[Dev] interact Merchant world=(5.4, 0.0, -2.4) screen=(1047.293, 368.0158)
[Dev] interact Shaman world=(-5.6, 0.0, 0.4) screen=(408.5833, 148.8999)
[Dev] interact Elder world=(2.0, 0.0, -5.6) screen=(1038.037, 191.6542)
[Dev] interact Waypoint world=(-4.2, 0.0, 2.2) screen=(390.0698, 234.4085)
[Dungeon] heukrang_gul 1층 lv=2 seed=403727558 gen 64x64 rooms=6 up=(44, 56) down=(7, 23) enemies=20 roster=bandit,bat,talisman_master elites=["방2:금색×3(깊이 0.50)"] named=-
[Quest] heukrang_gul 1층 — 싹쓸이 셈 시작 20 (heukrang_clear:none)
[Audio] BGM dungeon → dungeon_3.ogg
[Save] level 흑랑 굴 1층 → user://save_e2e.json (C:/Users/FORYOUCOM/AppData/Roaming/Godot/app_userdata/Joseon Hunters/wt/codex-96-boss-opening-cutin/save_e2e.json)
[Dev] stairs StairsUp dir=-1 world=(44.5, 0.0, 56.5) screen=(593.7165, 335.9509)
[Dev] stairs StairsDown dir=1 world=(7.5, 0.0, 23.5) screen=(408.583, -1534.551)
[Dev] interact PusJar world=(29.5, 0.0, 42.5) screen=(547.433, -487.0705)
[Dev] interact @Area3D@43163 world=(14.5, 0.0, 24.5) screen=(686.2831, -1368.878)
[Dev] interact @Area3D@43164 world=(23.5, 0.0, 18.5) screen=(1380.534, -1288.714)
[Dev] interact LootChest world=(29.5, 0.0, 39.5) screen=(686.2831, -567.2349)
[Dev] interact @Area3D@43165 world=(40.5, 0.0, 38.5) screen=(1241.683, -300.0204)
[Dev] interact LootPot world=(21.5, 0.0, 43.5) screen=(130.8828, -674.1207)
[Dev] interact @Area3D@43166 world=(22.5, 0.0, 44.5) screen=(130.8829, -620.6779)
[Dev] interact @Area3D@43167 world=(19.5, 0.0, 9.5) screen=(1611.95, -1636.093)
[Dev] interact @Area3D@43168 world=(20.5, 0.0, 9.5) screen=(1658.234, -1609.372)
[Dev] interact @Area3D@43169 world=(44.5, 0.0, 51.5) screen=(825.1333, 154.2443)
[Dev] interact @Area3D@43170 world=(44.5, 0.0, 52.5) screen=(778.8499, 180.9657)
[Dev] interact @Area3D@43171 world=(21.5, 0.0, 39.5) screen=(316.0163, -781.0065)
E2E player_death PASS (검사 27)
[Audio] BGM town → town.ogg
[Save] level 못골 마을 → user://save_e2e.json (C:/Users/FORYOUCOM/AppData/Roaming/Godot/app_userdata/Joseon Hunters/wt/codex-96-boss-opening-cutin/save_e2e.json)
[Dev] stairs DungeonEntrance dir=1 world=(0.0, 0.0, -31.0) screen=(2121.067, -492.4143)
[Dev] interact Merchant world=(5.4, 0.0, -2.4) screen=(1047.293, 368.0158)
[Dev] interact Shaman world=(-5.6, 0.0, 0.4) screen=(408.5833, 148.8999)
[Dev] interact Elder world=(2.0, 0.0, -5.6) screen=(1038.037, 191.6542)
[Dev] interact Waypoint world=(-4.2, 0.0, 2.2) screen=(390.0698, 234.4085)
E2E ▶ wall_cutaway
[Dungeon] heukrang_gul 1층 lv=2 seed=403727558 gen 64x64 rooms=6 up=(44, 56) down=(7, 23) enemies=20 roster=bandit,bat,talisman_master elites=["방2:금색×3(깊이 0.50)"] named=-
[Quest] heukrang_gul 1층 — 싹쓸이 셈 시작 20 (heukrang_clear:none)
[Audio] BGM dungeon → dungeon_1.ogg
[Save] level 흑랑 굴 1층 → user://save_e2e.json (C:/Users/FORYOUCOM/AppData/Roaming/Godot/app_userdata/Joseon Hunters/wt/codex-96-boss-opening-cutin/save_e2e.json)
[Dev] stairs StairsUp dir=-1 world=(44.5, 0.0, 56.5) screen=(593.7165, 335.9509)
[Dev] stairs StairsDown dir=1 world=(7.5, 0.0, 23.5) screen=(408.583, -1534.551)
[Dev] interact PusJar world=(29.5, 0.0, 42.5) screen=(547.433, -487.0705)
[Dev] interact @Area3D@43512 world=(14.5, 0.0, 24.5) screen=(686.2831, -1368.878)
[Dev] interact @Area3D@43513 world=(23.5, 0.0, 18.5) screen=(1380.534, -1288.714)
[Dev] interact LootChest world=(29.5, 0.0, 39.5) screen=(686.2831, -567.2349)
[Dev] interact @Area3D@43514 world=(40.5, 0.0, 38.5) screen=(1241.683, -300.0204)
[Dev] interact LootPot world=(21.5, 0.0, 43.5) screen=(130.8828, -674.1207)
[Dev] interact @Area3D@43515 world=(22.5, 0.0, 44.5) screen=(130.8829, -620.6779)
[Dev] interact @Area3D@43516 world=(19.5, 0.0, 9.5) screen=(1611.95, -1636.093)
[Dev] interact @Area3D@43517 world=(20.5, 0.0, 9.5) screen=(1658.234, -1609.372)
[Dev] interact @Area3D@43518 world=(44.5, 0.0, 51.5) screen=(825.1333, 154.2443)
[Dev] interact @Area3D@43519 world=(44.5, 0.0, 52.5) screen=(778.8499, 180.9657)
[Dev] interact @Area3D@43520 world=(21.5, 0.0, 39.5) screen=(316.0163, -781.0065)
[Dev] removed 20 enemies
  · stand=(48, 51) wall=(49, 52) player=(48.5, 0.000391, 51.5) 후보 116칸
E2E wall_cutaway PASS (검사 17)
[Audio] BGM town → town.ogg
[Save] level 못골 마을 → user://save_e2e.json (C:/Users/FORYOUCOM/AppData/Roaming/Godot/app_userdata/Joseon Hunters/wt/codex-96-boss-opening-cutin/save_e2e.json)
[Dev] stairs DungeonEntrance dir=1 world=(0.0, 0.0, -31.0) screen=(2121.067, -492.4143)
[Dev] interact Merchant world=(5.4, 0.0, -2.4) screen=(1047.293, 368.0158)
[Dev] interact Shaman world=(-5.6, 0.0, 0.4) screen=(408.5833, 148.8999)
[Dev] interact Elder world=(2.0, 0.0, -5.6) screen=(1038.037, 191.6542)
[Dev] interact Waypoint world=(-4.2, 0.0, 2.2) screen=(390.0698, 234.4085)
E2E ▶ floor_seams
[Dungeon] heukrang_gul 1층 lv=2 seed=403727558 gen 64x64 rooms=6 up=(44, 56) down=(7, 23) enemies=20 roster=bandit,bat,talisman_master elites=["방2:금색×3(깊이 0.50)"] named=-
[Quest] heukrang_gul 1층 — 싹쓸이 셈 시작 20 (heukrang_clear:none)
[Audio] BGM dungeon → dungeon_4.ogg
[Save] level 흑랑 굴 1층 → user://save_e2e.json (C:/Users/FORYOUCOM/AppData/Roaming/Godot/app_userdata/Joseon Hunters/wt/codex-96-boss-opening-cutin/save_e2e.json)
[Dev] stairs StairsUp dir=-1 world=(44.5, 0.0, 56.5) screen=(593.7165, 335.9509)
[Dev] stairs StairsDown dir=1 world=(7.5, 0.0, 23.5) screen=(408.583, -1534.551)
[Dev] interact PusJar world=(29.5, 0.0, 42.5) screen=(547.433, -487.0705)
[Dev] interact @Area3D@43864 world=(14.5, 0.0, 24.5) screen=(686.2831, -1368.878)
[Dev] interact @Area3D@43865 world=(23.5, 0.0, 18.5) screen=(1380.534, -1288.714)
[Dev] interact LootChest world=(29.5, 0.0, 39.5) screen=(686.2831, -567.2349)
[Dev] interact @Area3D@43866 world=(40.5, 0.0, 38.5) screen=(1241.683, -300.0204)
[Dev] interact LootPot world=(21.5, 0.0, 43.5) screen=(130.8828, -674.1207)
[Dev] interact @Area3D@43867 world=(22.5, 0.0, 44.5) screen=(130.8829, -620.6779)
[Dev] interact @Area3D@43868 world=(19.5, 0.0, 9.5) screen=(1611.95, -1636.093)
[Dev] interact @Area3D@43869 world=(20.5, 0.0, 9.5) screen=(1658.234, -1609.372)
[Dev] interact @Area3D@43870 world=(44.5, 0.0, 51.5) screen=(825.1333, 154.2443)
[Dev] interact @Area3D@43871 world=(44.5, 0.0, 52.5) screen=(778.8499, 180.9657)
[Dev] interact @Area3D@43872 world=(21.5, 0.0, 39.5) screen=(316.0163, -781.0065)
[Dev] removed 20 enemies
  · 헤드리스 — 밝기 실측 생략
E2E floor_seams PASS (검사 3)
[Audio] BGM town → town.ogg
[Save] level 못골 마을 → user://save_e2e.json (C:/Users/FORYOUCOM/AppData/Roaming/Godot/app_userdata/Joseon Hunters/wt/codex-96-boss-opening-cutin/save_e2e.json)
[Dev] stairs DungeonEntrance dir=1 world=(0.0, 0.0, -31.0) screen=(2121.067, -492.4143)
[Dev] interact Merchant world=(5.4, 0.0, -2.4) screen=(1047.293, 368.0158)
[Dev] interact Shaman world=(-5.6, 0.0, 0.4) screen=(408.5833, 148.8999)
[Dev] interact Elder world=(2.0, 0.0, -5.6) screen=(1038.037, 191.6542)
[Dev] interact Waypoint world=(-4.2, 0.0, 2.2) screen=(390.0698, 234.4085)
E2E ▶ char_light
  · 마을: 키 0.450 오는 쪽 (0.067, 0.643, 0.763) · 보조 0.060 오는 쪽 (-0.079, 0.423, -0.903) (카메라 자리 (0.577, 0.577, 0.577))
  · 헤드리스 — town 스윕 [0.45, 0.15, 0.8] 픽셀 실측 생략 (배우 4명 · glTF 기본값 금속 재질 0)
[Dungeon] heukrang_gul 1층 lv=2 seed=403727558 gen 64x64 rooms=6 up=(44, 56) down=(7, 23) enemies=20 roster=bandit,bat,talisman_master elites=["방2:금색×3(깊이 0.50)"] named=-
[Quest] heukrang_gul 1층 — 싹쓸이 셈 시작 20 (heukrang_clear:none)
[Audio] BGM dungeon → dungeon_1.ogg
[Save] level 흑랑 굴 1층 → user://save_e2e.json (C:/Users/FORYOUCOM/AppData/Roaming/Godot/app_userdata/Joseon Hunters/wt/codex-96-boss-opening-cutin/save_e2e.json)
[Dev] stairs StairsUp dir=-1 world=(44.5, 0.0, 56.5) screen=(593.7165, 335.9509)
[Dev] stairs StairsDown dir=1 world=(7.5, 0.0, 23.5) screen=(408.583, -1534.551)
[Dev] interact PusJar world=(29.5, 0.0, 42.5) screen=(547.433, -487.0705)
[Dev] interact @Area3D@44217 world=(14.5, 0.0, 24.5) screen=(686.2831, -1368.878)
[Dev] interact @Area3D@44218 world=(23.5, 0.0, 18.5) screen=(1380.534, -1288.714)
[Dev] interact LootChest world=(29.5, 0.0, 39.5) screen=(686.2831, -567.2349)
[Dev] interact @Area3D@44219 world=(40.5, 0.0, 38.5) screen=(1241.683, -300.0204)
[Dev] interact LootPot world=(21.5, 0.0, 43.5) screen=(130.8828, -674.1207)
[Dev] interact @Area3D@44220 world=(22.5, 0.0, 44.5) screen=(130.8829, -620.6779)
[Dev] interact @Area3D@44221 world=(19.5, 0.0, 9.5) screen=(1611.95, -1636.093)
[Dev] interact @Area3D@44222 world=(20.5, 0.0, 9.5) screen=(1658.234, -1609.372)
[Dev] interact @Area3D@44223 world=(44.5, 0.0, 51.5) screen=(825.1333, 154.2443)
[Dev] interact @Area3D@44224 world=(44.5, 0.0, 52.5) screen=(778.8499, 180.9657)
[Dev] interact @Area3D@44225 world=(21.5, 0.0, 39.5) screen=(316.0163, -781.0065)
  · 던전 1층: 키 0.350 오는 쪽 (0.067, 0.643, 0.763) · 보조 0.047 오는 쪽 (-0.079, 0.423, -0.903) (카메라 자리 (0.577, 0.577, 0.577))
  · 헤드리스 — dungeon 스윕 [0.35, 0.8, 1.5] 픽셀 실측 생략 (배우 5명 · glTF 기본값 금속 재질 0)
[Dungeon] heukrang_gul 2층 lv=3 seed=3189434797 preset 28x28 rooms=2 up=(22, 23) down=(-1, -1) enemies=2 roster=bat elites=[] named=-
[Audio] BGM boss → boss.ogg
[Save] level 흑랑 굴 2층 → user://save_e2e.json (C:/Users/FORYOUCOM/AppData/Roaming/Godot/app_userdata/Joseon Hunters/wt/codex-96-boss-opening-cutin/save_e2e.json)
[Dev] stairs StairsUp dir=-1 world=(22.5, 0.0, 23.5) screen=(593.7167, 335.9507)
  · 보스 층: 키 0.350 오는 쪽 (0.067, 0.643, 0.763) · 보조 0.047 오는 쪽 (-0.079, 0.423, -0.903) (카메라 자리 (0.577, 0.577, 0.577))
E2E char_light PASS (검사 100)
[Audio] BGM town → town.ogg
[Save] level 못골 마을 → user://save_e2e.json (C:/Users/FORYOUCOM/AppData/Roaming/Godot/app_userdata/Joseon Hunters/wt/codex-96-boss-opening-cutin/save_e2e.json)
[Dev] stairs DungeonEntrance dir=1 world=(0.0, 0.0, -31.0) screen=(2121.067, -492.4143)
[Dev] interact Merchant world=(5.4, 0.0, -2.4) screen=(1047.293, 368.0158)
[Dev] interact Shaman world=(-5.6, 0.0, 0.4) screen=(408.5833, 148.8999)
[Dev] interact Elder world=(2.0, 0.0, -5.6) screen=(1038.037, 191.6542)
[Dev] interact Waypoint world=(-4.2, 0.0, 2.2) screen=(390.0698, 234.4085)
E2E ▶ town_layout
  · 광장→입구 내비 경로 41.7u
  · 갈대 154포기
  · 돌담 마디 64 · 바위 89 · 울타리 마디 1
E2E town_layout PASS (검사 60)
[Save] level 못골 마을 → user://save_e2e.json (C:/Users/FORYOUCOM/AppData/Roaming/Godot/app_userdata/Joseon Hunters/wt/codex-96-boss-opening-cutin/save_e2e.json)
[Dev] stairs DungeonEntrance dir=1 world=(0.0, 0.0, -31.0) screen=(2121.067, -492.4143)
[Dev] interact Merchant world=(5.4, 0.0, -2.4) screen=(1047.293, 368.0158)
[Dev] interact Shaman world=(-5.6, 0.0, 0.4) screen=(408.5833, 148.8999)
[Dev] interact Elder world=(2.0, 0.0, -5.6) screen=(1038.037, 191.6542)
[Dev] interact Waypoint world=(-4.2, 0.0, 2.2) screen=(390.0698, 234.4085)
E2E ▶ town_approach
[Click] world=(-1.5, 0.0, -1.5) cell=(-2, -2)
[Click] world=(-1.5, 0.0, -4.500002) cell=(-2, -5)
[Click] world=(-2.500001, 0.0, -4.5) cell=(-3, -5)
[Click] world=(-4.500002, 0.0, -6.499999) cell=(-5, -7)
[Click] world=(-6.500001, 0.0, -9.500002) cell=(-7, -10)
[Click] world=(-8.5, 0.0, -11.5) cell=(-9, -12)
[Click] world=(-9.999999, 0.0, -13.0) cell=(-10, -14)
[Click] world=(-8.500001, 0.0, -15.5) cell=(-9, -16)
[Click] world=(-8.500001, 0.0, -16.5) cell=(-9, -17)
[Click] world=(-7.5, 0.0, -19.5) cell=(-8, -20)
[Click] world=(-5.5, 0.0, -21.5) cell=(-6, -22)
[Click] world=(-3.500002, 0.0, -21.5) cell=(-4, -22)
[Click] world=(-1.5, 0.0, -23.5) cell=(-2, -24)
[Click] world=(1.5, 0.0, -23.5) cell=(1, -24)
[Click] world=(0.5, 0.0, -26.5) cell=(0, -27)
[Click] world=(0.5, 0.0, -27.5) cell=(0, -28)
[Click] world=(0.000002, 0.0, -28.6) cell=(0, -29)
  · 문턱까지 클릭 주행 11.62s (캡처·입력 대기 포함)
[Click] world=(0.0, 0.0, -31.0) cell=(0, -31)
[Click] world=(0.5, -0.000001, -27.5) cell=(0, -28)
[Click] world=(1.5, 0.0, -24.5) cell=(1, -25)
[Click] world=(1.5, 0.0, -23.5) cell=(1, -24)
[Click] world=(-1.500002, 0.0, -22.5) cell=(-2, -23)
[Click] world=(-3.5, 0.0, -21.5) cell=(-4, -22)
[Click] world=(-6.500003, 0.0, -19.5) cell=(-7, -20)
[Click] world=(-7.500004, 0.0, -19.5) cell=(-8, -20)
[Click] world=(-8.5, 0.0, -16.5) cell=(-9, -17)
[Click] world=(-9.5, 0.0, -13.5) cell=(-10, -14)
[Click] world=(-10.0, 0.0, -13.0) cell=(-11, -14)
[Click] world=(-8.499999, 0.0, -11.5) cell=(-9, -12)
[Click] world=(-6.500001, 0.0, -9.5) cell=(-7, -10)
[Click] world=(-4.500001, 0.0, -6.5) cell=(-5, -7)
[Click] world=(-2.5, 0.0, -4.499999) cell=(-3, -5)
[Click] world=(-1.500001, 0.0, -1.5) cell=(-2, -2)
[Click] world=(-2.0, 0.0, 1.0) cell=(-2, 1)
[Click] world=(-3.500002, 0.0, -1.5) cell=(-4, -2)
[Click] world=(-5.000001, 0.0, -2.799999) cell=(-6, -3)
[Click] world=(-7.500002, 0.0, -2.5) cell=(-8, -3)
[Click] world=(-10.5, 0.0, -2.5) cell=(-11, -3)
[Click] world=(-12.8, 0.0, -2.799999) cell=(-13, -3)
[Click] world=(-12.5, 0.0, -5.499999) cell=(-13, -6)
[Click] world=(-12.8, -0.000002, -9.000003) cell=(-13, -10)
[Click] world=(-12.5, 0.0, -6.5) cell=(-13, -7)
[Click] world=(-12.5, 0.0, -3.5) cell=(-13, -4)
[Click] world=(-12.5, 0.0, -0.500001) cell=(-13, -1)
[Click] world=(-12.5, 0.0, 2.5) cell=(-13, 2)
[Click] world=(-12.5, 0.0, 5.5) cell=(-13, 5)
[Click] world=(-12.5, 0.0, 8.499998) cell=(-13, 8)
[Click] world=(-12.5, 0.0, 11.5) cell=(-13, 11)
[Click] world=(-9.5, 0.0, 11.5) cell=(-10, 11)
[Click] world=(-6.499998, 0.0, 11.5) cell=(-7, 11)
[Click] world=(-8.500003, 0.0, 9.5) cell=(-9, 9)
[Click] world=(-11.5, 0.0, 9.500002) cell=(-12, 9)
[Click] world=(-11.5, 0.0, 6.5) cell=(-12, 6)
[Click] world=(-11.5, 0.0, 3.499998) cell=(-12, 3)
[Click] world=(-11.5, 0.0, 0.5) cell=(-12, 0)
[Click] world=(-9.499999, 0.0, -1.499999) cell=(-10, -2)
[Click] world=(-6.5, 0.0, -1.500003) cell=(-7, -2)
[Click] world=(-3.499999, 0.0, 0.5) cell=(-4, 0)
[Click] world=(-0.499999, 0.000001, 1.500002) cell=(-1, 1)
[Click] world=(0.0, 0.0, 1.0) cell=(0, 1)
[Click] world=(1.5, 0.0, 3.500002) cell=(1, 3)
[Click] world=(4.5, 0.0, 3.500002) cell=(4, 3)
[Click] world=(7.499999, 0.0, 5.500001) cell=(7, 5)
[Click] world=(8.5, 0.0, 5.5) cell=(8, 5)
[Click] world=(9.499998, 0.0, 8.5) cell=(9, 8)
[Click] world=(11.2, 0.0, 10.6) cell=(11, 10)
[Click] world=(16.4, 0.0, 11.4) cell=(16, 11)
[Dev] item 화염부 world=(32.5, 0.0, 70.5) screen=(-1208.542, 2431.521)
[Dev] item 빙결부 world=(33.5, 0.0, 69.5) screen=(-1115.975, 2431.521)
[Field] deulnyeok seed=355022911 128x128 props=2252 packs=18 enemies=74 waypoint=(62, 65) roster=bandit,bat,talisman_master elites=["13:파란×4@구간3"]
[Audio] BGM dungeon → dungeon_2.ogg
[Save] level 못골 들녘 → user://save_e2e.json (C:/Users/FORYOUCOM/AppData/Roaming/Godot/app_userdata/Joseon Hunters/wt/codex-96-boss-opening-cutin/save_e2e.json)
[Dev] stairs Down_cave dir=1 world=(88.5, 0.0, 3.5) screen=(7212.236, 897.1014)
[Dev] interact Waypoint world=(62.5, 0.0, 65.5) screen=(3139.301, 1810.974)
[Dev] interact FloorItem world=(32.5, 0.0, 70.5) screen=(1519.384, 1142.938)
[Dev] interact @Area3D@45113 world=(33.5, 0.0, 69.5) screen=(1611.95, 1142.938)
[Dev] interact PusJar world=(95.5, 0.0, 103.5) screen=(2907.884, 3708.197)
[Dev] interact @Area3D@45260 world=(101.5, 0.0, 105.5) screen=(3093.018, 3921.969)
[Dev] interact @Area3D@45261 world=(98.5, 0.0, 107.5) screen=(2861.601, 3895.247)
[Dev] interact LootChest world=(27.5, 0.0, 70.5) screen=(1287.967, 1009.331)
[Dev] interact @Area3D@45262 world=(94.5, 0.0, 100.5) screen=(3000.451, 3601.312)
[Dev] interact @Area3D@45263 world=(55.5, 0.0, 52.5) screen=(3417.001, 1276.545)
[Dev] interact LootPot world=(46.5, 0.0, 68.5) screen=(2259.917, 1463.595)
[Dev] interact @Area3D@45264 world=(73.5, 0.0, 47.5) screen=(4481.519, 1623.924)
[Dev] interact @Area3D@45265 world=(90.5, 0.0, 47.5) screen=(5268.335, 2078.189)
[Dev] interact @Area3D@45266 world=(111.5, 0.0, 49.5) screen=(6147.719, 2692.782)
[Dev] interact @Area3D@45267 world=(101.5, 0.0, 101.5) screen=(3278.151, 3815.083)
[Dev] interact @Area3D@45268 world=(86.5, 0.0, 76.5) screen=(3740.984, 2746.225)
[Dev] interact @Area3D@45269 world=(53.5, 0.0, 52.5) screen=(3324.434, 1223.102)
[Dev] interact @Area3D@45270 world=(87.5, 0.0, 95.5) screen=(2907.884, 3280.654)
[Dev] interact @Area3D@45271 world=(26.5, 0.0, 66.5) screen=(1426.817, 875.7234)
[Dev] interact @Area3D@45272 world=(17.5, 0.0, 60.5) screen=(1287.967, 474.9016)
[Dev] interact @Area3D@45273 world=(86.5, 0.0, 22.5) screen=(6240.286, 1303.266)
[Dev] interact @Area3D@45274 world=(59.5, 0.0, 65.5) screen=(3000.451, 1730.81)
[Dev] interact @Area3D@45275 world=(18.5, 0.0, 74.5) screen=(686.2832, 875.7234)
[Dev] interact @Area3D@45276 world=(44.5, 0.0, 69.5) screen=(2121.067, 1436.874)
[Dev] interact @Area3D@45277 world=(73.5, 0.0, 49.5) screen=(4388.952, 1677.367)
[Dev] interact @Area3D@45278 world=(88.5, 0.0, 52.5) screen=(4944.352, 2158.353)
[Dev] removed 74 enemies
[Click] world=(2.5, 0.0, 64.5) cell=(2, 64)
[Audio] BGM town → town.ogg
[Save] level 못골 마을 → user://save_e2e.json (C:/Users/FORYOUCOM/AppData/Roaming/Godot/app_userdata/Joseon Hunters/wt/codex-96-boss-opening-cutin/save_e2e.json)
[Dev] stairs DungeonEntrance dir=1 world=(0.0, 0.0, -31.0) screen=(1959.075, -1115.024)
[Dev] interact Merchant world=(5.4, 0.0, -2.4) screen=(885.3018, -254.594)
[Dev] interact Shaman world=(-5.6, 0.0, 0.4) screen=(246.5916, -473.7099)
[Dev] interact Elder world=(2.0, 0.0, -5.6) screen=(876.0451, -430.9556)
[Dev] interact Waypoint world=(-4.2, 0.0, 2.2) screen=(228.0781, -388.2012)
E2E town_approach PASS (검사 133)
[Save] level 못골 마을 → user://save_e2e.json (C:/Users/FORYOUCOM/AppData/Roaming/Godot/app_userdata/Joseon Hunters/wt/codex-96-boss-opening-cutin/save_e2e.json)
[Dev] stairs DungeonEntrance dir=1 world=(0.0, 0.0, -31.0) screen=(2121.067, -492.4143)
[Dev] interact Merchant world=(5.4, 0.0, -2.4) screen=(1047.293, 368.0158)
[Dev] interact Shaman world=(-5.6, 0.0, 0.4) screen=(408.5833, 148.8999)
[Dev] interact Elder world=(2.0, 0.0, -5.6) screen=(1038.037, 191.6542)
[Dev] interact Waypoint world=(-4.2, 0.0, 2.2) screen=(390.0698, 234.4085)
E2E ▶ audio_cues
[Click] world=(4.049217, 0.0, 1.049217) cell=(4, 1)
[Dungeon] heukrang_gul 1층 lv=2 seed=403727558 gen 64x64 rooms=6 up=(44, 56) down=(7, 23) enemies=20 roster=bandit,bat,talisman_master elites=["방2:금색×3(깊이 0.50)"] named=-
[Quest] heukrang_gul 1층 — 싹쓸이 셈 시작 20 (heukrang_clear:none)
[Audio] BGM dungeon → dungeon_4.ogg
[Save] level 흑랑 굴 1층 → user://save_e2e.json (C:/Users/FORYOUCOM/AppData/Roaming/Godot/app_userdata/Joseon Hunters/wt/codex-96-boss-opening-cutin/save_e2e.json)
[Dev] stairs StairsUp dir=-1 world=(44.5, 0.0, 56.5) screen=(593.7165, 335.9509)
[Dev] stairs StairsDown dir=1 world=(7.5, 0.0, 23.5) screen=(408.583, -1534.551)
[Dev] interact PusJar world=(29.5, 0.0, 42.5) screen=(547.433, -487.0705)
[Dev] interact @Area3D@45778 world=(14.5, 0.0, 24.5) screen=(686.2831, -1368.878)
[Dev] interact @Area3D@45779 world=(23.5, 0.0, 18.5) screen=(1380.534, -1288.714)
[Dev] interact LootChest world=(29.5, 0.0, 39.5) screen=(686.2831, -567.2349)
[Dev] interact @Area3D@45780 world=(40.5, 0.0, 38.5) screen=(1241.683, -300.0204)
[Dev] interact LootPot world=(21.5, 0.0, 43.5) screen=(130.8828, -674.1207)
[Dev] interact @Area3D@45781 world=(22.5, 0.0, 44.5) screen=(130.8829, -620.6779)
[Dev] interact @Area3D@45782 world=(19.5, 0.0, 9.5) screen=(1611.95, -1636.093)
[Dev] interact @Area3D@45783 world=(20.5, 0.0, 9.5) screen=(1658.234, -1609.372)
[Dev] interact @Area3D@45784 world=(44.5, 0.0, 51.5) screen=(825.1333, 154.2443)
[Dev] interact @Area3D@45785 world=(44.5, 0.0, 52.5) screen=(778.8499, 180.9657)
[Dev] interact @Area3D@45786 world=(21.5, 0.0, 39.5) screen=(316.0163, -781.0065)
[Dev] removed 20 enemies
  · Music 플레이어 재생 중 3 (헤드리스 드라이버에 따라 0일 수 있음)
[Audio] BGM town → town.ogg
[Audio] BGM dungeon → dungeon_3.ogg
[Audio] BGM dungeon → dungeon_1.ogg
[Audio] BGM dungeon → dungeon_3.ogg
[Audio] BGM dungeon → dungeon_4.ogg
[Audio] BGM dungeon → dungeon_2.ogg
[Audio] BGM dungeon → dungeon_4.ogg
[Audio] BGM dungeon → dungeon_3.ogg
[Audio] BGM dungeon → dungeon_2.ogg
[Audio] BGM dungeon → dungeon_1.ogg
  · 곡 순환 9곡: dungeon_3 → dungeon_1 → dungeon_3 → dungeon_4 → dungeon_2 → dungeon_4 → dungeon_3 → dungeon_2 → dungeon_1
[Click] world=(49.49961, 0.0, 56.49961) cell=(49, 56)
  · 보통 타격 8번 피치×귀 피로: 0.958×1.0, 0.983×1.0, 0.957×1.0, 1.043×1.0, 0.983×1.0, 1.003×0.8, 0.956×0.8, 1.011×0.8
  · 치명 8번 피치×귀 피로: 1.000×1.0, 1.000×1.0, 1.000×1.0, 1.000×1.0, 1.000×1.0, 1.000×1.0, 1.000×1.0, 1.000×1.0
[Kill] +6 xp (lv 1, 6/20)
[Save] quest → user://save_e2e.json (C:/Users/FORYOUCOM/AppData/Roaming/Godot/app_userdata/Joseon Hunters/wt/codex-96-boss-opening-cutin/save_e2e.json)
[Quest] heukrang_clear 싹쓸이 완료 (none → killed)
[Dev] item 철검 world=(48.36662, 0.0, 57.7) screen=(581.4828, 371.092)
[Dev] item  (철검) world=(48.36662, 0.0, 57.7) screen=(581.4828, 371.092)
[Skill] 참격 → mp 46/50
  · 참격: 시전 → 타격 겹 0.60초 (칼이 닿는 시각 0.60초)
[Skill] 참격 → mp 46/50
  · 참격: 시전 → 타격 겹 0.60초 (칼이 닿는 시각 0.60초)
[Skill] 돌진베기 → mp 44/50
  · 돌진베기: 시전 → 타격 겹 0.55초 (칼이 닿는 시각 0.55초)
[Skill] 회오리베기 → mp 42/50
  · 회오리베기: 시전 → 타격 겹 0.45초 (칼이 닿는 시각 0.45초)
  · 앞 절 소리가 끝남 true (재생 중 0)
[Audio] 같은 순간 같은 큐 상한(3) 넘침 — bandit_attack ×2 (버림 누계 470)
[Skill] 회오리베기 → mp 42/50
[Kill] +6 xp (lv 1, 12/20)
[Dev] item 엽전 world=(49.84911, 0.0, 56.83485) screen=(680.0428, 380.8777)
[Dev] item 미식별 철검 world=(49.84911, 0.0, 56.83485) screen=(680.0428, 380.8777)
[Kill] +6 xp (lv 1, 18/20)
[Dev] item 엽전 world=(48.64906, 0.0, 57.6475) screen=(586.8882, 370.5256)
[Kill] +6 xp (lv 2, 4/57)
[LevelUp] lv=2 stat_pts=5 skill_pts=1
[Dev] item 미식별 목검 world=(47.66827, 0.0, 57.2019) screen=(562.1172, 332.4106)
[Kill] +6 xp (lv 2, 10/57)
[Kill] +6 xp (lv 2, 16/57)
[Dev] item 무명띠 world=(48.64906, 0.0, 55.35839) screen=(692.8356, 309.3574)
  · 동시 처치 5: 빼앗김 0 · 같은 큐 상한에 버림 0 · 동시 재생 최고 38/64 · 울림/호출 kill_extra 5/5 · blood_splat 5/5 · body_fall 5/5 · 막타 5번 실시간 폭 65 ms
[Audio] missing cue: no_such_cue_zzz (파일 규약 design/audio.md §3)
[Kill] +100 xp (lv 3, 50/104)
[LevelUp] lv=3 stat_pts=10 skill_pts=2
  · 레벨업 추임새 doho_levelup = 레벨업 606 ms 뒤
[Dungeon] heukrang_gul 1층 lv=2 seed=403727558 gen 64x64 rooms=6 up=(44, 56) down=(7, 23) enemies=20 roster=bandit,bat,talisman_master elites=["방2:금색×3(깊이 0.50)"] named=-
[Quest] heukrang_gul 1층 — 싹쓸이 셈 시작 20 (heukrang_clear:killed)
[Save] level 흑랑 굴 1층 → user://save_e2e.json (C:/Users/FORYOUCOM/AppData/Roaming/Godot/app_userdata/Joseon Hunters/wt/codex-96-boss-opening-cutin/save_e2e.json)
[Dev] stairs StairsUp dir=-1 world=(44.5, 0.0, 56.5) screen=(593.7165, 335.9509)
[Dev] stairs StairsDown dir=1 world=(7.5, 0.0, 23.5) screen=(408.583, -1534.551)
[Dev] interact PusJar world=(29.5, 0.0, 42.5) screen=(547.433, -487.0705)
[Dev] interact @Area3D@46071 world=(14.5, 0.0, 24.5) screen=(686.2831, -1368.878)
[Dev] interact @Area3D@46072 world=(23.5, 0.0, 18.5) screen=(1380.534, -1288.714)
[Dev] interact LootChest world=(29.5, 0.0, 39.5) screen=(686.2831, -567.2349)
[Dev] interact @Area3D@46073 world=(40.5, 0.0, 38.5) screen=(1241.683, -300.0204)
[Dev] interact LootPot world=(21.5, 0.0, 43.5) screen=(130.8828, -674.1207)
[Dev] interact @Area3D@46074 world=(22.5, 0.0, 44.5) screen=(130.8829, -620.6779)
[Dev] interact @Area3D@46075 world=(19.5, 0.0, 9.5) screen=(1611.95, -1636.093)
[Dev] interact @Area3D@46076 world=(20.5, 0.0, 9.5) screen=(1658.234, -1609.372)
[Dev] interact @Area3D@46077 world=(44.5, 0.0, 51.5) screen=(825.1333, 154.2443)
[Dev] interact @Area3D@46078 world=(44.5, 0.0, 52.5) screen=(778.8499, 180.9657)
[Dev] interact @Area3D@46079 world=(21.5, 0.0, 39.5) screen=(316.0163, -781.0065)
[Dungeon] heukrang_gul 2층 lv=3 seed=3189434797 preset 28x28 rooms=2 up=(22, 23) down=(-1, -1) enemies=2 roster=bat elites=[] named=-
[Audio] BGM boss → boss.ogg
[Save] level 흑랑 굴 2층 → user://save_e2e.json (C:/Users/FORYOUCOM/AppData/Roaming/Godot/app_userdata/Joseon Hunters/wt/codex-96-boss-opening-cutin/save_e2e.json)
[Dev] stairs StairsUp dir=-1 world=(22.5, 0.0, 23.5) screen=(593.7167, 335.9507)
E2E audio_cues PASS (검사 110)
[Audio] BGM town → town.ogg
[Save] level 못골 마을 → user://save_e2e.json (C:/Users/FORYOUCOM/AppData/Roaming/Godot/app_userdata/Joseon Hunters/wt/codex-96-boss-opening-cutin/save_e2e.json)
[Dev] stairs DungeonEntrance dir=1 world=(0.0, 0.0, -31.0) screen=(2121.067, -492.4143)
[Dev] interact Merchant world=(5.4, 0.0, -2.4) screen=(1047.293, 368.0158)
[Dev] interact Shaman world=(-5.6, 0.0, 0.4) screen=(408.5833, 148.8999)
[Dev] interact Elder world=(2.0, 0.0, -5.6) screen=(1038.037, 191.6542)
[Dev] interact Waypoint world=(-4.2, 0.0, 2.2) screen=(390.0698, 234.4085)
E2E ▶ sfx_limiter
[Dungeon] heukrang_gul 1층 lv=2 seed=403727558 gen 64x64 rooms=6 up=(44, 56) down=(7, 23) enemies=20 roster=bandit,bat,talisman_master elites=["방2:금색×3(깊이 0.50)"] named=-
[Quest] heukrang_gul 1층 — 싹쓸이 셈 시작 20 (heukrang_clear:none)
[Audio] BGM dungeon → dungeon_4.ogg
[Save] level 흑랑 굴 1층 → user://save_e2e.json (C:/Users/FORYOUCOM/AppData/Roaming/Godot/app_userdata/Joseon Hunters/wt/codex-96-boss-opening-cutin/save_e2e.json)
[Dev] stairs StairsUp dir=-1 world=(44.5, 0.0, 56.5) screen=(593.7165, 335.9509)
[Dev] stairs StairsDown dir=1 world=(7.5, 0.0, 23.5) screen=(408.583, -1534.551)
[Dev] interact PusJar world=(29.5, 0.0, 42.5) screen=(547.433, -487.0705)
[Dev] interact @Area3D@46488 world=(14.5, 0.0, 24.5) screen=(686.2831, -1368.878)
[Dev] interact @Area3D@46489 world=(23.5, 0.0, 18.5) screen=(1380.534, -1288.714)
[Dev] interact LootChest world=(29.5, 0.0, 39.5) screen=(686.2831, -567.2349)
[Dev] interact @Area3D@46490 world=(40.5, 0.0, 38.5) screen=(1241.683, -300.0204)
[Dev] interact LootPot world=(21.5, 0.0, 43.5) screen=(130.8828, -674.1207)
[Dev] interact @Area3D@46491 world=(22.5, 0.0, 44.5) screen=(130.8829, -620.6779)
[Dev] interact @Area3D@46492 world=(19.5, 0.0, 9.5) screen=(1611.95, -1636.093)
[Dev] interact @Area3D@46493 world=(20.5, 0.0, 9.5) screen=(1658.234, -1609.372)
[Dev] interact @Area3D@46494 world=(44.5, 0.0, 51.5) screen=(825.1333, 154.2443)
[Dev] interact @Area3D@46495 world=(44.5, 0.0, 52.5) screen=(778.8499, 180.9657)
[Dev] interact @Area3D@46496 world=(21.5, 0.0, 39.5) screen=(316.0163, -781.0065)
[Dev] removed 20 enemies
  · stop_music 뒤에도 돌던 음악 플레이어: town.ogg -36.1 dB
  · 소리 하나(enemy_die_1.wav): 끔 -1.500 · 켬 -1.500 dBFS
[Kill] +6 xp (lv 1, -99994/20)
[Dev] item 엽전 world=(46.71244, 0.0, 55.8) screen=(728.5139, 357.681)
[Save] quest → user://save_e2e.json (C:/Users/FORYOUCOM/AppData/Roaming/Godot/app_userdata/Joseon Hunters/wt/codex-96-boss-opening-cutin/save_e2e.json)
[Quest] heukrang_clear 싹쓸이 완료 (none → killed)
  · normal 끔: 봉우리 +3.54 dBFS · 1.0 넘는 표본 267 · 몸통 400 ms -9.5 dBFS · 울린 겹 6 · 동시에 울던 SFX 플레이어 5/64
[Kill] +6 xp (lv 1, -99994/20)
[Dev] item 짚신 world=(46.71244, 0.0, 55.8) screen=(728.5139, 357.681)
  · normal 켬: 봉우리 -1.00 dBFS · 들어온 +3.41 dBFS → 넘침 2 ppm (한계 80 ppm) · 1.0 넘는 표본 0 · 몸통 400 ms -13.0 dBFS · 울린 겹 6 · 동시에 울던 SFX 플레이어 5/64
[Kill] +6 xp (lv 1, -99994/20)
  · crit 끔: 봉우리 +8.35 dBFS · 1.0 넘는 표본 1317 · 몸통 400 ms -7.4 dBFS · 울린 겹 8 · 동시에 울던 SFX 플레이어 7/64
[Kill] +6 xp (lv 1, -99994/20)
[Dev] item 엽전 world=(46.71244, 0.0, 55.8) screen=(728.5139, 357.681)
[Dev] item 영약 — 생맥산 world=(46.71244, 0.0, 55.8) screen=(728.5139, 357.681)
  · crit 켬: 봉우리 -1.00 dBFS · 들어온 +7.42 dBFS → 넘침 4 ppm (한계 196 ppm) · 1.0 넘는 표본 0 · 몸통 400 ms -13.5 dBFS · 울린 겹 8 · 동시에 울던 SFX 플레이어 7/64
  · 치명 막타 뒤 남는 줄어듦 -0.56 dB (기준음 -20.00 → -20.56 dBFS, 릴리스 0.20초)
[Kill] +6 xp (lv 1, -99994/20)
[Dev] item 엽전 world=(46.71244, 0.0, 55.8) screen=(728.5139, 357.681)
[Dev] item 청심환 world=(46.71244, 0.0, 55.8) screen=(728.5139, 357.681)
[Kill] +6 xp (lv 1, -99988/20)
[Dev] item 목검 world=(44.28756, 0.0, 55.8) screen=(616.2826, 292.8849)
[Dev] item 영약 — 생맥산 world=(44.28756, 0.0, 55.8) screen=(616.2826, 292.8849)
[Kill] +6 xp (lv 1, -99982/20)
  · triple 끔: 봉우리 +12.01 dBFS · 1.0 넘는 표본 2586 · 몸통 400 ms -6.1 dBFS · 울린 겹 19 · 동시에 울던 SFX 플레이어 16/64
[Kill] +6 xp (lv 1, -99994/20)
[Dev] item 무명 도포 world=(46.71244, 0.0, 55.8) screen=(728.5139, 357.681)
[Kill] +6 xp (lv 1, -99988/20)
[Dev] item 엽전 world=(44.28756, 0.0, 55.8) screen=(616.2826, 292.8849)
[Dev] item 무명띠 world=(44.28756, 0.0, 55.8) screen=(616.2826, 292.8849)
[Dev] item 괴황지 world=(44.28756, 0.0, 55.8) screen=(616.2826, 292.8849)
[Kill] +6 xp (lv 1, -99982/20)
[Dev] item 엽전 world=(45.5, 0.0, 57.9) screen=(575.2031, 381.3981)
[Dev] item 무명옷 world=(45.5, 0.0, 57.9) screen=(575.2031, 381.3981)
  · triple 켬: 봉우리 -1.00 dBFS · 들어온 +12.04 dBFS → 넘침 9 ppm (한계 416 ppm) · 1.0 넘는 표본 0 · 몸통 400 ms -13.8 dBFS · 울린 겹 19 · 동시에 울던 SFX 플레이어 16/64
  · 엔진 넘침 한계 — 봉우리에서 시작하는 165 Hz +10.5 dB: 들어온 +10.50 dBFS → 넘침 275 ppm (+0.0024 dB, 한계 329 ppm · 옛 판정 200 ppm이면 FAIL)
E2E sfx_limiter PASS (검사 11)
[Audio] BGM town → town.ogg
[Save] level 못골 마을 → user://save_e2e.json (C:/Users/FORYOUCOM/AppData/Roaming/Godot/app_userdata/Joseon Hunters/wt/codex-96-boss-opening-cutin/save_e2e.json)
[Dev] stairs DungeonEntrance dir=1 world=(0.0, 0.0, -31.0) screen=(2121.067, -492.4143)
[Dev] interact Merchant world=(5.4, 0.0, -2.4) screen=(1047.293, 368.0158)
[Dev] interact Shaman world=(-5.6, 0.0, 0.4) screen=(408.5833, 148.8999)
[Dev] interact Elder world=(2.0, 0.0, -5.6) screen=(1038.037, 191.6542)
[Dev] interact Waypoint world=(-4.2, 0.0, 2.2) screen=(390.0698, 234.4085)
E2E ▶ ui_windows
[Dev] item 환도 world=(1.3, 0.0, 2.3) screen=(640.0, 413.4636)
[Click] world=(5.4, 0.0, -2.4) cell=(5, -3)
[Click] world=(-5.6, 0.0, 0.4) cell=(-6, 0)
[Save] quest_log_dialogue → user://save_e2e.json (C:/Users/FORYOUCOM/AppData/Roaming/Godot/app_userdata/Joseon Hunters/wt/codex-96-boss-opening-cutin/save_e2e.json)
[Click] world=(2.0, 0.0, -5.6) cell=(2, -6)
[Click] world=(-4.2, 0.0, 2.2) cell=(-5, 2)
[Save] level 못골 마을 → user://save_e2e.json (C:/Users/FORYOUCOM/AppData/Roaming/Godot/app_userdata/Joseon Hunters/wt/codex-96-boss-opening-cutin/save_e2e.json)
[Dev] stairs DungeonEntrance dir=1 world=(0.0, 0.0, -31.0) screen=(2121.067, -492.4143)
[Dev] interact Merchant world=(5.4, 0.0, -2.4) screen=(1047.293, 368.0158)
[Dev] interact Shaman world=(-5.6, 0.0, 0.4) screen=(408.5833, 148.8999)
[Dev] interact Elder world=(2.0, 0.0, -5.6) screen=(1038.037, 191.6542)
[Dev] interact Waypoint world=(-4.2, 0.0, 2.2) screen=(390.0698, 234.4085)
E2E ui_windows PASS (검사 65)
[Save] level 못골 마을 → user://save_e2e.json (C:/Users/FORYOUCOM/AppData/Roaming/Godot/app_userdata/Joseon Hunters/wt/codex-96-boss-opening-cutin/save_e2e.json)
[Dev] stairs DungeonEntrance dir=1 world=(0.0, 0.0, -31.0) screen=(2121.067, -492.4143)
[Dev] interact Merchant world=(5.4, 0.0, -2.4) screen=(1047.293, 368.0158)
[Dev] interact Shaman world=(-5.6, 0.0, 0.4) screen=(408.5833, 148.8999)
[Dev] interact Elder world=(2.0, 0.0, -5.6) screen=(1038.037, 191.6542)
[Dev] interact Waypoint world=(-4.2, 0.0, 2.2) screen=(390.0698, 234.4085)
E2E ▶ story_cutin
[Save] level 못골 마을 → user://save_e2e.json (C:/Users/FORYOUCOM/AppData/Roaming/Godot/app_userdata/Joseon Hunters/wt/codex-96-boss-opening-cutin/save_e2e.json)
[Dev] stairs DungeonEntrance dir=1 world=(0.0, 0.0, -31.0) screen=(2121.067, -492.4143)
[Dev] interact Merchant world=(5.4, 0.0, -2.4) screen=(1047.293, 368.0158)
[Dev] interact Shaman world=(-5.6, 0.0, 0.4) screen=(408.5833, 148.8999)
[Dev] interact Elder world=(2.0, 0.0, -5.6) screen=(1038.037, 191.6542)
[Dev] interact Waypoint world=(-4.2, 0.0, 2.2) screen=(390.0698, 234.4085)
[Load] lv=1 gold=0 flags={ "opening_pending": true } portal=<null> wps=[]
[Save] level 못골 마을 → user://save_e2e.json (C:/Users/FORYOUCOM/AppData/Roaming/Godot/app_userdata/Joseon Hunters/wt/codex-96-boss-opening-cutin/save_e2e.json)
[Dev] stairs DungeonEntrance dir=1 world=(0.0, 0.0, -31.0) screen=(2121.067, -492.4143)
[Dev] interact Merchant world=(5.4, 0.0, -2.4) screen=(1047.293, 368.0158)
[Dev] interact Shaman world=(-5.6, 0.0, 0.4) screen=(408.5833, 148.8999)
[Dev] interact Elder world=(2.0, 0.0, -5.6) screen=(1038.037, 191.6542)
[Dev] interact Waypoint world=(-4.2, 0.0, 2.2) screen=(390.0698, 234.4085)
[Save] opening → user://save_e2e.json (C:/Users/FORYOUCOM/AppData/Roaming/Godot/app_userdata/Joseon Hunters/wt/codex-96-boss-opening-cutin/save_e2e.json)
[Dungeon] heukrang_gul 2층 lv=3 seed=3189434797 preset 28x28 rooms=2 up=(22, 23) down=(-1, -1) enemies=2 roster=bat elites=[] named=-
[Audio] BGM boss → boss.ogg
[Save] level 흑랑 굴 2층 → user://save_e2e.json (C:/Users/FORYOUCOM/AppData/Roaming/Godot/app_userdata/Joseon Hunters/wt/codex-96-boss-opening-cutin/save_e2e.json)
[Dev] stairs StairsUp dir=-1 world=(22.5, 0.0, 23.5) screen=(593.7167, 335.9507)
[Dungeon] beomgul 3층 lv=6 seed=3376041942 preset 32x30 rooms=2 up=(26, 24) down=(-1, -1) enemies=0 roster= elites=[] named=-
[Save] level 범굴 3층 → user://save_e2e.json (C:/Users/FORYOUCOM/AppData/Roaming/Godot/app_userdata/Joseon Hunters/wt/codex-96-boss-opening-cutin/save_e2e.json)
[Dev] stairs StairsUp dir=-1 world=(26.5, 0.0, 24.5) screen=(593.7167, 335.9507)
E2E story_cutin PASS (검사 26)
[Audio] BGM town → town.ogg
[Save] level 못골 마을 → user://save_e2e.json (C:/Users/FORYOUCOM/AppData/Roaming/Godot/app_userdata/Joseon Hunters/wt/codex-96-boss-opening-cutin/save_e2e.json)
[Dev] stairs DungeonEntrance dir=1 world=(0.0, 0.0, -31.0) screen=(2121.067, -492.4143)
[Dev] interact Merchant world=(5.4, 0.0, -2.4) screen=(1047.293, 368.0158)
[Dev] interact Shaman world=(-5.6, 0.0, 0.4) screen=(408.5833, 148.8999)
[Dev] interact Elder world=(2.0, 0.0, -5.6) screen=(1038.037, 191.6542)
[Dev] interact Waypoint world=(-4.2, 0.0, 2.2) screen=(390.0698, 234.4085)
E2E ▶ dialogue_band
[Click] world=(5.4, 0.0, -2.4) cell=(5, -3)
[Dev] 한기 3초 → 산적
[Dev] 빙결 → 산적 (얼음)
[Dev] 화상 3/초 × 2초 → 산적
  · 이름표 글꼴 = 궁서
E2E dialogue_band PASS (검사 71)
[Save] level 못골 마을 → user://save_e2e.json (C:/Users/FORYOUCOM/AppData/Roaming/Godot/app_userdata/Joseon Hunters/wt/codex-96-boss-opening-cutin/save_e2e.json)
[Dev] stairs DungeonEntrance dir=1 world=(0.0, 0.0, -31.0) screen=(2121.067, -492.4143)
[Dev] interact Merchant world=(5.4, 0.0, -2.4) screen=(1047.293, 368.0158)
[Dev] interact Shaman world=(-5.6, 0.0, 0.4) screen=(408.5833, 148.8999)
[Dev] interact Elder world=(2.0, 0.0, -5.6) screen=(1038.037, 191.6542)
[Dev] interact Waypoint world=(-4.2, 0.0, 2.2) screen=(390.0698, 234.4085)
E2E ▶ dialogue_event
[Click] world=(-5.6, 0.0, 0.4) cell=(-6, 0)
[Click] world=(-3.9, 0.0, 0.6) cell=(-4, 0)
[Save] quest → user://save_e2e.json (C:/Users/FORYOUCOM/AppData/Roaming/Godot/app_userdata/Joseon Hunters/wt/codex-96-boss-opening-cutin/save_e2e.json)
[Save] quest_log_dialogue → user://save_e2e.json (C:/Users/FORYOUCOM/AppData/Roaming/Godot/app_userdata/Joseon Hunters/wt/codex-96-boss-opening-cutin/save_e2e.json)
[Click] world=(-1.767355, 0.0, 2.585504) cell=(-2, 2)
[Click] world=(-5.6, 0.0, 0.4) cell=(-6, 0)
[Save] quest_log_dialogue → user://save_e2e.json (C:/Users/FORYOUCOM/AppData/Roaming/Godot/app_userdata/Joseon Hunters/wt/codex-96-boss-opening-cutin/save_e2e.json)
[Click] world=(-3.9, 0.0, 0.6) cell=(-4, 0)
E2E dialogue_event PASS (검사 49)
[Save] level 못골 마을 → user://save_e2e.json (C:/Users/FORYOUCOM/AppData/Roaming/Godot/app_userdata/Joseon Hunters/wt/codex-96-boss-opening-cutin/save_e2e.json)
[Dev] stairs DungeonEntrance dir=1 world=(0.0, 0.0, -31.0) screen=(2121.067, -492.4143)
[Dev] interact Merchant world=(5.4, 0.0, -2.4) screen=(1047.293, 368.0158)
[Dev] interact Shaman world=(-5.6, 0.0, 0.4) screen=(408.5833, 148.8999)
[Dev] interact Elder world=(2.0, 0.0, -5.6) screen=(1038.037, 191.6542)
[Dev] interact Waypoint world=(-4.2, 0.0, 2.2) screen=(390.0698, 234.4085)
E2E ▶ ui_docks
  · none camera settled, player x=640.00
  · right camera settled, player x=424.00
[Click] world=(-0.896354, 0.644188, 0.919067) cell=(-1, 0)
  · right after pickup camera settled, player x=424.00
  · left camera settled, player x=856.00
[Click] world=(0.989948, 0.0, 0.01005) cell=(0, 0)
  · left after movement camera settled, player x=857.49
  · both camera settled, player x=640.27
  · skills and bag camera settled, player x=640.15
  · Esc restores center camera settled, player x=640.09
[Click] world=(5.4, 0.0, -2.4) cell=(5, -3)
  · dialog alone camera settled, player x=641.45
  · vendor and bag camera settled, player x=640.00
  · after vendor close camera settled, player x=640.00
[Click] world=(-4.2, 0.0, 2.2) cell=(-5, 2)
  · waypoint alone camera settled, player x=854.52
  · waypoint and bag camera settled, player x=639.73
  · final center camera settled, player x=639.84
E2E ui_docks PASS (검사 61)
[Save] level 못골 마을 → user://save_e2e.json (C:/Users/FORYOUCOM/AppData/Roaming/Godot/app_userdata/Joseon Hunters/wt/codex-96-boss-opening-cutin/save_e2e.json)
[Dev] stairs DungeonEntrance dir=1 world=(0.0, 0.0, -31.0) screen=(2121.067, -492.4143)
[Dev] interact Merchant world=(5.4, 0.0, -2.4) screen=(1047.293, 368.0158)
[Dev] interact Shaman world=(-5.6, 0.0, 0.4) screen=(408.5833, 148.8999)
[Dev] interact Elder world=(2.0, 0.0, -5.6) screen=(1038.037, 191.6542)
[Dev] interact Waypoint world=(-4.2, 0.0, 2.2) screen=(390.0698, 234.4085)
E2E ▶ ui_tooltips
E2E ui_tooltips PASS (검사 97)
[Save] level 못골 마을 → user://save_e2e.json (C:/Users/FORYOUCOM/AppData/Roaming/Godot/app_userdata/Joseon Hunters/wt/codex-96-boss-opening-cutin/save_e2e.json)
[Dev] stairs DungeonEntrance dir=1 world=(0.0, 0.0, -31.0) screen=(2121.067, -492.4143)
[Dev] interact Merchant world=(5.4, 0.0, -2.4) screen=(1047.293, 368.0158)
[Dev] interact Shaman world=(-5.6, 0.0, 0.4) screen=(408.5833, 148.8999)
[Dev] interact Elder world=(2.0, 0.0, -5.6) screen=(1038.037, 191.6542)
[Dev] interact Waypoint world=(-4.2, 0.0, 2.2) screen=(390.0698, 234.4085)
E2E ▶ belt_unify
E2E belt_unify PASS (검사 15)
[Save] level 못골 마을 → user://save_e2e.json (C:/Users/FORYOUCOM/AppData/Roaming/Godot/app_userdata/Joseon Hunters/wt/codex-96-boss-opening-cutin/save_e2e.json)
[Dev] stairs DungeonEntrance dir=1 world=(0.0, 0.0, -31.0) screen=(2121.067, -492.4143)
[Dev] interact Merchant world=(5.4, 0.0, -2.4) screen=(1047.293, 368.0158)
[Dev] interact Shaman world=(-5.6, 0.0, 0.4) screen=(408.5833, 148.8999)
[Dev] interact Elder world=(2.0, 0.0, -5.6) screen=(1038.037, 191.6542)
[Dev] interact Waypoint world=(-4.2, 0.0, 2.2) screen=(390.0698, 234.4085)
E2E ▶ item_ui
E2E item_ui PASS (검사 42)
[Save] level 못골 마을 → user://save_e2e.json (C:/Users/FORYOUCOM/AppData/Roaming/Godot/app_userdata/Joseon Hunters/wt/codex-96-boss-opening-cutin/save_e2e.json)
[Dev] stairs DungeonEntrance dir=1 world=(0.0, 0.0, -31.0) screen=(2121.067, -492.4143)
[Dev] interact Merchant world=(5.4, 0.0, -2.4) screen=(1047.293, 368.0158)
[Dev] interact Shaman world=(-5.6, 0.0, 0.4) screen=(408.5833, 148.8999)
[Dev] interact Elder world=(2.0, 0.0, -5.6) screen=(1038.037, 191.6542)
[Dev] interact Waypoint world=(-4.2, 0.0, 2.2) screen=(390.0698, 234.4085)
E2E ▶ skill_picker
[Save] skill_picker_e2e → user://save_e2e.json (C:/Users/FORYOUCOM/AppData/Roaming/Godot/app_userdata/Joseon Hunters/wt/codex-96-boss-opening-cutin/save_e2e.json)
[Load] lv=6 gold=0 flags={ "opening_pending": false } portal=<null> wps=[]
[Save] level 못골 마을 → user://save_e2e.json (C:/Users/FORYOUCOM/AppData/Roaming/Godot/app_userdata/Joseon Hunters/wt/codex-96-boss-opening-cutin/save_e2e.json)
[Dev] stairs DungeonEntrance dir=1 world=(0.0, 0.0, -31.0) screen=(2121.067, -492.4143)
[Dev] interact Merchant world=(5.4, 0.0, -2.4) screen=(1047.293, 368.0158)
[Dev] interact Shaman world=(-5.6, 0.0, 0.4) screen=(408.5833, 148.8999)
[Dev] interact Elder world=(2.0, 0.0, -5.6) screen=(1038.037, 191.6542)
[Dev] interact Waypoint world=(-4.2, 0.0, 2.2) screen=(390.0698, 234.4085)
[Skill] 참격 → mp 46/50
[Skill] 참격 → mp 46/50
[Skill] 회오리베기 → mp 38/50
[Dev] item 탕약 — 쌍화탕 world=(-0.187192, 0.0, 1.880318) screen=(374.5922, 362.5098)
[Save] level 못골 마을 → user://save_e2e.json (C:/Users/FORYOUCOM/AppData/Roaming/Godot/app_userdata/Joseon Hunters/wt/codex-96-boss-opening-cutin/save_e2e.json)
[Dev] stairs DungeonEntrance dir=1 world=(0.0, 0.0, -31.0) screen=(2121.067, -492.4143)
[Dev] interact Merchant world=(5.4, 0.0, -2.4) screen=(1047.293, 368.0158)
[Dev] interact Shaman world=(-5.6, 0.0, 0.4) screen=(408.5833, 148.8999)
[Dev] interact Elder world=(2.0, 0.0, -5.6) screen=(1038.037, 191.6542)
[Dev] interact Waypoint world=(-4.2, 0.0, 2.2) screen=(390.0698, 234.4085)
[Death] 도호 사망 → 1.2s 뒤 마을 복귀, 엽전 -0
[Save] level 못골 마을 → user://save_e2e.json (C:/Users/FORYOUCOM/AppData/Roaming/Godot/app_userdata/Joseon Hunters/wt/codex-96-boss-opening-cutin/save_e2e.json)
[Dev] stairs DungeonEntrance dir=1 world=(0.0, 0.0, -31.0) screen=(2121.067, -492.4143)
[Dev] interact Merchant world=(5.4, 0.0, -2.4) screen=(1047.293, 368.0158)
[Dev] interact Shaman world=(-5.6, 0.0, 0.4) screen=(408.5833, 148.8999)
[Dev] interact Elder world=(2.0, 0.0, -5.6) screen=(1038.037, 191.6542)
[Dev] interact Waypoint world=(-4.2, 0.0, 2.2) screen=(390.0698, 234.4085)
E2E skill_picker PASS (검사 191)
[Save] level 못골 마을 → user://save_e2e.json (C:/Users/FORYOUCOM/AppData/Roaming/Godot/app_userdata/Joseon Hunters/wt/codex-96-boss-opening-cutin/save_e2e.json)
[Dev] stairs DungeonEntrance dir=1 world=(0.0, 0.0, -31.0) screen=(2121.067, -492.4143)
[Dev] interact Merchant world=(5.4, 0.0, -2.4) screen=(1047.293, 368.0158)
[Dev] interact Shaman world=(-5.6, 0.0, 0.4) screen=(408.5833, 148.8999)
[Dev] interact Elder world=(2.0, 0.0, -5.6) screen=(1038.037, 191.6542)
[Dev] interact Waypoint world=(-4.2, 0.0, 2.2) screen=(390.0698, 234.4085)
E2E ▶ skill_icons
  · 찌르기 원화 대기 — 이름 첫 글자로 대신 (#477·#478 새 칸)
  · 도약 베기 원화 대기 — 이름 첫 글자로 대신 (#477·#478 새 칸)
  · 칼바람 원화 대기 — 이름 첫 글자로 대신 (#477·#478 새 칸)
  · 부적 진 원화 대기 — 이름 첫 글자로 대신 (#477·#478 새 칸)
  · 부적 비 원화 대기 — 이름 첫 글자로 대신 (#477·#478 새 칸)
[Skill] 회오리베기 → mp 42/50
E2E skill_icons PASS (검사 48)
[Save] level 못골 마을 → user://save_e2e.json (C:/Users/FORYOUCOM/AppData/Roaming/Godot/app_userdata/Joseon Hunters/wt/codex-96-boss-opening-cutin/save_e2e.json)
[Dev] stairs DungeonEntrance dir=1 world=(0.0, 0.0, -31.0) screen=(2121.067, -492.4143)
[Dev] interact Merchant world=(5.4, 0.0, -2.4) screen=(1047.293, 368.0158)
[Dev] interact Shaman world=(-5.6, 0.0, 0.4) screen=(408.5833, 148.8999)
[Dev] interact Elder world=(2.0, 0.0, -5.6) screen=(1038.037, 191.6542)
[Dev] interact Waypoint world=(-4.2, 0.0, 2.2) screen=(390.0698, 234.4085)
E2E ▶ vfx_cues
[Dungeon] heukrang_gul 1층 lv=2 seed=403727558 gen 64x64 rooms=6 up=(44, 56) down=(7, 23) enemies=20 roster=bandit,bat,talisman_master elites=["방2:금색×3(깊이 0.50)"] named=-
[Quest] heukrang_gul 1층 — 싹쓸이 셈 시작 20 (heukrang_clear:none)
[Audio] BGM dungeon → dungeon_1.ogg
[Save] level 흑랑 굴 1층 → user://save_e2e.json (C:/Users/FORYOUCOM/AppData/Roaming/Godot/app_userdata/Joseon Hunters/wt/codex-96-boss-opening-cutin/save_e2e.json)
[Dev] stairs StairsUp dir=-1 world=(44.5, 0.0, 56.5) screen=(593.7165, 335.9509)
[Dev] stairs StairsDown dir=1 world=(7.5, 0.0, 23.5) screen=(408.583, -1534.551)
[Dev] interact PusJar world=(29.5, 0.0, 42.5) screen=(547.433, -487.0705)
[Dev] interact @Area3D@49571 world=(14.5, 0.0, 24.5) screen=(686.2831, -1368.878)
[Dev] interact @Area3D@49572 world=(23.5, 0.0, 18.5) screen=(1380.534, -1288.714)
[Dev] interact LootChest world=(29.5, 0.0, 39.5) screen=(686.2831, -567.2349)
[Dev] interact @Area3D@49573 world=(40.5, 0.0, 38.5) screen=(1241.683, -300.0204)
[Dev] interact LootPot world=(21.5, 0.0, 43.5) screen=(130.8828, -674.1207)
[Dev] interact @Area3D@49574 world=(22.5, 0.0, 44.5) screen=(130.8829, -620.6779)
[Dev] interact @Area3D@49575 world=(19.5, 0.0, 9.5) screen=(1611.95, -1636.093)
[Dev] interact @Area3D@49576 world=(20.5, 0.0, 9.5) screen=(1658.234, -1609.372)
[Dev] interact @Area3D@49577 world=(44.5, 0.0, 51.5) screen=(825.1333, 154.2443)
[Dev] interact @Area3D@49578 world=(44.5, 0.0, 52.5) screen=(778.8499, 180.9657)
[Dev] interact @Area3D@49579 world=(21.5, 0.0, 39.5) screen=(316.0163, -781.0065)
[Dev] removed 20 enemies
[Dev] item 철검 world=(45.5, 0.0, 58.0) screen=(570.5748, 384.0701)
[Dev] item 목검 world=(47.0, 0.0, 56.5) screen=(709.4249, 384.0702)
  · 선딜 시트 pos=(44.5, 0.030391, 56.5) 적=(44.5, 0.000391, 56.5) 화면=(593.7165, 331.6754) visible=true frame=7/23
[Kill] +6 xp (lv 1, 6/20)
[Save] quest → user://save_e2e.json (C:/Users/FORYOUCOM/AppData/Roaming/Godot/app_userdata/Joseon Hunters/wt/codex-96-boss-opening-cutin/save_e2e.json)
[Quest] heukrang_clear 싹쓸이 완료 (none → killed)
[Skill] 참격 → mp 46/50
[Skill] 참격 → mp 46/50
[Skill] 돌진베기 → mp 44/50
[Skill] 회오리베기 → mp 42/50
[Kill] +100 xp (lv 4, 50/160)
[LevelUp] lv=4 stat_pts=5 skill_pts=1
  · 레벨업 道: 발 위 4.30 · 칸 15장 · 흩어짐 0.34(1.55초) · 사라짐 2.03초
[Dev] interact Portal world=(48.5, 0.0, 56.5) screen=(640.0018, 311.9229)
[Portal] opened heukrang_gul 1층 pos=(48.5, 0.0, 56.5)
[Vfx] missing cue: no_such_cue_zzz (큐 표 design/vfx.md §2)
  · 루프 103 · 단발 2
E2E vfx_cues PASS (검사 74)
[Audio] BGM town → town.ogg
[Save] level 못골 마을 → user://save_e2e.json (C:/Users/FORYOUCOM/AppData/Roaming/Godot/app_userdata/Joseon Hunters/wt/codex-96-boss-opening-cutin/save_e2e.json)
[Dev] stairs DungeonEntrance dir=1 world=(0.0, 0.0, -31.0) screen=(2121.067, -492.4143)
[Dev] interact Merchant world=(5.4, 0.0, -2.4) screen=(1047.293, 368.0158)
[Dev] interact Shaman world=(-5.6, 0.0, 0.4) screen=(408.5833, 148.8999)
[Dev] interact Elder world=(2.0, 0.0, -5.6) screen=(1038.037, 191.6542)
[Dev] interact Waypoint world=(-4.2, 0.0, 2.2) screen=(390.0698, 234.4085)
E2E ▶ vfx_cap_blood
[Kill] +120 xp (lv 3, 43/104)
[LevelUp] lv=3 stat_pts=10 skill_pts=2
[Dev] item 영약 — 생맥산 world=(4.0, 0.0, 1.0) screen=(825.1334, 450.8736)
[Dev] item 탕약 — 쌍화탕 world=(4.0, 0.0, 1.0) screen=(825.1334, 450.8736)
[Dev] item 탕약 — 쌍화탕 world=(4.0, 0.0, 1.0) screen=(825.1334, 450.8736)
[Dev] item 식별부첩 world=(4.0, 0.0, 1.0) screen=(825.1334, 450.8736)
[Dev] item 흑랑 이빨 world=(4.0, 0.0, 1.0) screen=(825.1334, 450.8736)
[Dev] item 흑랑 이빨 world=(4.0, 0.0, 1.0) screen=(825.1334, 450.8736)
[Dev] item 미식별 은가락지 world=(4.0, 0.0, 1.0) screen=(825.1334, 450.8736)
[Dev] item 미식별 은가락지 world=(4.0, 0.0, 1.0) screen=(825.1334, 450.8736)
[Dev] item 미식별 옥패 world=(4.0, 0.0, 1.0) screen=(825.1334, 450.8736)
[Loot] 보스 전용 유니크 — boss_heukrang 첫 처치 → u_heukrang_fang (회차 1)
[Dev] item 흑랑의 봉인패 world=(4.0, 0.0, 1.0) screen=(825.1334, 450.8736)
[Dev] item 엽전 world=(4.0, 0.0, 1.0) screen=(825.1334, 450.8736)
[Save] boss → user://save_e2e.json (C:/Users/FORYOUCOM/AppData/Roaming/Godot/app_userdata/Joseon Hunters/wt/codex-96-boss-opening-cutin/save_e2e.json)
[Boss] killed area= level=1 flags={ "opening_pending": false, "seal:boss_heukrang": 1, "quest": { "heukrang_seal": { "state": "killed" }, "heukrang_thanks": { "state": "killed" } }, "boss_killed_": true }
[Kill] +6 xp (lv 3, 49/104)
[Dev] item 엽전 world=(5.2, 0.0, 1.0) screen=(880.6734, 482.9394)
  · #395 (고친 뒤) — 둘째 킬 직전 살아 있는 단발 21/24(장식성 패딩 15개) · 새로 생겼나=true · 킬 뒤 살아있는 단발 24 · 피 전용 4/24
E2E vfx_cap_blood PASS (검사 3)
[Save] level 못골 마을 → user://save_e2e.json (C:/Users/FORYOUCOM/AppData/Roaming/Godot/app_userdata/Joseon Hunters/wt/codex-96-boss-opening-cutin/save_e2e.json)
[Dev] stairs DungeonEntrance dir=1 world=(0.0, 0.0, -31.0) screen=(2121.067, -492.4143)
[Dev] interact Merchant world=(5.4, 0.0, -2.4) screen=(1047.293, 368.0158)
[Dev] interact Shaman world=(-5.6, 0.0, 0.4) screen=(408.5833, 148.8999)
[Dev] interact Elder world=(2.0, 0.0, -5.6) screen=(1038.037, 191.6542)
[Dev] interact Waypoint world=(-4.2, 0.0, 2.2) screen=(390.0698, 234.4085)
E2E ▶ skill_area
[Dungeon] heukrang_gul 1층 lv=2 seed=403727558 gen 64x64 rooms=6 up=(44, 56) down=(7, 23) enemies=20 roster=bandit,bat,talisman_master elites=["방2:금색×3(깊이 0.50)"] named=-
[Quest] heukrang_gul 1층 — 싹쓸이 셈 시작 20 (heukrang_clear:none)
[Audio] BGM dungeon → dungeon_2.ogg
[Save] level 흑랑 굴 1층 → user://save_e2e.json (C:/Users/FORYOUCOM/AppData/Roaming/Godot/app_userdata/Joseon Hunters/wt/codex-96-boss-opening-cutin/save_e2e.json)
[Dev] stairs StairsUp dir=-1 world=(44.5, 0.0, 56.5) screen=(593.7165, 335.9509)
[Dev] stairs StairsDown dir=1 world=(7.5, 0.0, 23.5) screen=(408.583, -1534.551)
[Dev] interact PusJar world=(29.5, 0.0, 42.5) screen=(547.433, -487.0705)
[Dev] interact @Area3D@50123 world=(14.5, 0.0, 24.5) screen=(686.2831, -1368.878)
[Dev] interact @Area3D@50124 world=(23.5, 0.0, 18.5) screen=(1380.534, -1288.714)
[Dev] interact LootChest world=(29.5, 0.0, 39.5) screen=(686.2831, -567.2349)
[Dev] interact @Area3D@50125 world=(40.5, 0.0, 38.5) screen=(1241.683, -300.0204)
[Dev] interact LootPot world=(21.5, 0.0, 43.5) screen=(130.8828, -674.1207)
[Dev] interact @Area3D@50126 world=(22.5, 0.0, 44.5) screen=(130.8829, -620.6779)
[Dev] interact @Area3D@50127 world=(19.5, 0.0, 9.5) screen=(1611.95, -1636.093)
[Dev] interact @Area3D@50128 world=(20.5, 0.0, 9.5) screen=(1658.234, -1609.372)
[Dev] interact @Area3D@50129 world=(44.5, 0.0, 51.5) screen=(825.1333, 154.2443)
[Dev] interact @Area3D@50130 world=(44.5, 0.0, 52.5) screen=(778.8499, 180.9657)
[Dev] interact @Area3D@50131 world=(21.5, 0.0, 39.5) screen=(316.0163, -781.0065)
[Dev] removed 20 enemies
[Skill] 참격 → mp 46/50
  · 참격: 반지름 2.20 · 각 120° · 칼이 닿는 시각 0.60초
[Audio] 같은 순간 같은 큐 상한(3) 넘침 — hit ×1 · enemy_hurt ×1 (버림 누계 472)
[Skill] 회오리베기 → mp 42/50
  · 회오리베기: 반지름 2.50 · 칼이 닿는 시각 0.45초
[Skill] 돌진베기 → mp 44/50
  · 돌진베기: 길이 5.00 (벽에서 끊김 반영) · 반폭 1.10 · 칼이 닿는 시각 0.55초
E2E skill_area PASS (검사 93)
[Audio] BGM town → town.ogg
[Save] level 못골 마을 → user://save_e2e.json (C:/Users/FORYOUCOM/AppData/Roaming/Godot/app_userdata/Joseon Hunters/wt/codex-96-boss-opening-cutin/save_e2e.json)
[Dev] stairs DungeonEntrance dir=1 world=(0.0, 0.0, -31.0) screen=(2121.067, -492.4143)
[Dev] interact Merchant world=(5.4, 0.0, -2.4) screen=(1047.293, 368.0158)
[Dev] interact Shaman world=(-5.6, 0.0, 0.4) screen=(408.5833, 148.8999)
[Dev] interact Elder world=(2.0, 0.0, -5.6) screen=(1038.037, 191.6542)
[Dev] interact Waypoint world=(-4.2, 0.0, 2.2) screen=(390.0698, 234.4085)
E2E ▶ skill_tiers
[Dungeon] heukrang_gul 1층 lv=2 seed=403727558 gen 64x64 rooms=6 up=(44, 56) down=(7, 23) enemies=20 roster=bandit,bat,talisman_master elites=["방2:금색×3(깊이 0.50)"] named=-
[Quest] heukrang_gul 1층 — 싹쓸이 셈 시작 20 (heukrang_clear:none)
[Audio] BGM dungeon → dungeon_3.ogg
[Save] level 흑랑 굴 1층 → user://save_e2e.json (C:/Users/FORYOUCOM/AppData/Roaming/Godot/app_userdata/Joseon Hunters/wt/codex-96-boss-opening-cutin/save_e2e.json)
[Dev] stairs StairsUp dir=-1 world=(44.5, 0.0, 56.5) screen=(593.7165, 335.9509)
[Dev] stairs StairsDown dir=1 world=(7.5, 0.0, 23.5) screen=(408.583, -1534.551)
[Dev] interact PusJar world=(29.5, 0.0, 42.5) screen=(547.433, -487.0705)
[Dev] interact @Area3D@50504 world=(14.5, 0.0, 24.5) screen=(686.2831, -1368.878)
[Dev] interact @Area3D@50505 world=(23.5, 0.0, 18.5) screen=(1380.534, -1288.714)
[Dev] interact LootChest world=(29.5, 0.0, 39.5) screen=(686.2831, -567.2349)
[Dev] interact @Area3D@50506 world=(40.5, 0.0, 38.5) screen=(1241.683, -300.0204)
[Dev] interact LootPot world=(21.5, 0.0, 43.5) screen=(130.8828, -674.1207)
[Dev] interact @Area3D@50507 world=(22.5, 0.0, 44.5) screen=(130.8829, -620.6779)
[Dev] interact @Area3D@50508 world=(19.5, 0.0, 9.5) screen=(1611.95, -1636.093)
[Dev] interact @Area3D@50509 world=(20.5, 0.0, 9.5) screen=(1658.234, -1609.372)
[Dev] interact @Area3D@50510 world=(44.5, 0.0, 51.5) screen=(825.1333, 154.2443)
[Dev] interact @Area3D@50511 world=(44.5, 0.0, 52.5) screen=(778.8499, 180.9657)
[Dev] interact @Area3D@50512 world=(21.5, 0.0, 39.5) screen=(316.0163, -781.0065)
[Dev] removed 20 enemies
[Skill] 회오리베기 → mp 42/50
[Audio] 같은 순간 같은 큐 상한(3) 넘침 — hit ×5 · enemy_hurt ×5 (버림 누계 482)
  · Lv1: 반경 2.50 → 2.50(배수 1.00) · 타수 1 · 이펙트 등급 0(화면 판단)
[Skill] 회오리베기 → mp 41/50
[Audio] 같은 순간 같은 큐 상한(3) 넘침 — hit ×13 · enemy_hurt ×13 (버림 누계 508)
  · Lv5: 반경 2.50 → 3.50(배수 1.40) · 타수 1 · 이펙트 등급 1(화면 판단)
[Skill] 회오리베기 → mp 40/50
[Audio] 같은 순간 같은 큐 상한(3) 넘침 — enemy_hurt ×13 · hit ×11 (버림 누계 532)
[Audio] 같은 순간 같은 큐 상한(3) 넘침 — hit ×13 · enemy_hurt ×13 (버림 누계 558)
  · Lv10: 반경 2.50 → 3.50(배수 1.40) · 타수 2 · 이펙트 등급 2(화면 판단)
E2E skill_tiers PASS (검사 72)
[Audio] BGM town → town.ogg
[Save] level 못골 마을 → user://save_e2e.json (C:/Users/FORYOUCOM/AppData/Roaming/Godot/app_userdata/Joseon Hunters/wt/codex-96-boss-opening-cutin/save_e2e.json)
[Dev] stairs DungeonEntrance dir=1 world=(0.0, 0.0, -31.0) screen=(2121.067, -492.4143)
[Dev] interact Merchant world=(5.4, 0.0, -2.4) screen=(1047.293, 368.0158)
[Dev] interact Shaman world=(-5.6, 0.0, 0.4) screen=(408.5833, 148.8999)
[Dev] interact Elder world=(2.0, 0.0, -5.6) screen=(1038.037, 191.6542)
[Dev] interact Waypoint world=(-4.2, 0.0, 2.2) screen=(390.0698, 234.4085)
E2E ▶ aoe_skills
[Dungeon] heukrang_gul 1층 lv=2 seed=403727558 gen 64x64 rooms=6 up=(44, 56) down=(7, 23) enemies=20 roster=bandit,bat,talisman_master elites=["방2:금색×3(깊이 0.50)"] named=-
[Quest] heukrang_gul 1층 — 싹쓸이 셈 시작 20 (heukrang_clear:none)
[Audio] BGM dungeon → dungeon_4.ogg
[Save] level 흑랑 굴 1층 → user://save_e2e.json (C:/Users/FORYOUCOM/AppData/Roaming/Godot/app_userdata/Joseon Hunters/wt/codex-96-boss-opening-cutin/save_e2e.json)
[Dev] stairs StairsUp dir=-1 world=(44.5, 0.0, 56.5) screen=(593.7165, 335.9509)
[Dev] stairs StairsDown dir=1 world=(7.5, 0.0, 23.5) screen=(408.583, -1534.551)
[Dev] interact PusJar world=(29.5, 0.0, 42.5) screen=(547.433, -487.0705)
[Dev] interact @Area3D@50980 world=(14.5, 0.0, 24.5) screen=(686.2831, -1368.878)
[Dev] interact @Area3D@50981 world=(23.5, 0.0, 18.5) screen=(1380.534, -1288.714)
[Dev] interact LootChest world=(29.5, 0.0, 39.5) screen=(686.2831, -567.2349)
[Dev] interact @Area3D@50982 world=(40.5, 0.0, 38.5) screen=(1241.683, -300.0204)
[Dev] interact LootPot world=(21.5, 0.0, 43.5) screen=(130.8828, -674.1207)
[Dev] interact @Area3D@50983 world=(22.5, 0.0, 44.5) screen=(130.8829, -620.6779)
[Dev] interact @Area3D@50984 world=(19.5, 0.0, 9.5) screen=(1611.95, -1636.093)
[Dev] interact @Area3D@50985 world=(20.5, 0.0, 9.5) screen=(1658.234, -1609.372)
[Dev] interact @Area3D@50986 world=(44.5, 0.0, 51.5) screen=(825.1333, 154.2443)
[Dev] interact @Area3D@50987 world=(44.5, 0.0, 52.5) screen=(778.8499, 180.9657)
[Dev] interact @Area3D@50988 world=(21.5, 0.0, 39.5) screen=(316.0163, -781.0065)
[Dev] removed 20 enemies
  · 무대 = 무리 한가운데 (44.5, 0.0, 56.5) · 도호 (47.32843, 0.0, 59.32843) (화면 아래 4.0u) · 트임 4.0
[Skill] 도약 베기 → mp 41/50
[Kill] +4 xp (lv 9, 4/540)
[Dev] item 엽전 world=(45.71965, 0.0, 56.74399) screen=(685.157, 322.6137)
[Dev] item 무명옷 world=(45.71965, 0.0, 56.74399) screen=(685.157, 322.6137)
[Kill] +4 xp (lv 9, 8/540)
[Dev] item 무명 도포 world=(43.61969, 0.0, 57.3155) screen=(561.5121, 281.7713)
[Kill] +4 xp (lv 9, 12/540)
[Dev] item 엽전 world=(44.23391, 0.0, 55.32987) screen=(681.8422, 245.1255)
[Audio] 같은 순간 같은 큐 상한(3) 넘침 — hit ×2 · enemy_hurt ×2 (버림 누계 562)
[Audio] 같은 순간 같은 큐 상한(3) 넘침 — drop ×1 (버림 누계 563)
  · 도약 베기 요약 — 맞음 6/6 · 죽음 3 · 막타 속성 [&""] · 죽음 [&"cleave", &"slide", &"gibs"] · 경직 [0.60000000000002, 0.60000000000002, 0.60000000000002]
[Seal] 부적 진 화염부 → (44.5, 0.0, 56.5) 반경 2.00 · 6.0초 · 굴림 2.8~4.2 (아낌 false)
[Skill] 부적 진 → mp 44/50
[Kill] +4 xp (lv 9, 16/540)
[Dev] item 엽전 world=(45.65327, 0.0, 56.85675) screen=(676.8656, 323.853)
[Dev] item 식별부 world=(45.65327, 0.0, 56.85675) screen=(676.8656, 323.853)
[Kill] +4 xp (lv 9, 20/540)
[Kill] +4 xp (lv 9, 24/540)
[Dev] item 상품 무명 도포 world=(44.22705, 0.0, 55.32775) screen=(681.6229, 244.8853)
  · fire 진 요약 — 맞음 6/6 · 죽음 3 · 막타 속성 [&"fire"] · 죽음 [&"ash"] · 틱 5
[Seal] 부적 진 빙결부 → (44.5, 0.0, 56.5) 반경 2.00 · 6.0초 · 굴림 1.4~2.1 (아낌 false)
[Skill] 부적 진 → mp 44/50
[Kill] +4 xp (lv 9, 28/540)
[Dev] item 엽전 world=(43.61969, 0.0, 57.3155) screen=(561.5121, 281.7713)
[Kill] +4 xp (lv 9, 32/540)
[Dev] item 엽전 world=(44.23391, 0.0, 55.32987) screen=(681.8422, 245.1255)
[Dev] item 미식별 목검 world=(44.23391, 0.0, 55.32987) screen=(681.8422, 245.1255)
[Dev] item 경면주사 world=(44.23391, 0.0, 55.32987) screen=(681.8422, 245.1255)
[Kill] +4 xp (lv 9, 36/540)
[Dev] item 미식별 무명옷 world=(45.65327, 0.0, 56.85675) screen=(676.8656, 323.853)
  · cold 진 요약 — 맞음 6/6 · 죽음 3 · 막타 속성 [&"cold"] · 죽음 [&"shatter"] · 틱 10
E2E aoe_skills PASS (검사 66)
[Audio] BGM town → town.ogg
[Save] level 못골 마을 → user://save_e2e.json (C:/Users/FORYOUCOM/AppData/Roaming/Godot/app_userdata/Joseon Hunters/wt/codex-96-boss-opening-cutin/save_e2e.json)
[Dev] stairs DungeonEntrance dir=1 world=(0.0, 0.0, -31.0) screen=(2121.067, -492.4143)
[Dev] interact Merchant world=(5.4, 0.0, -2.4) screen=(1047.293, 368.0158)
[Dev] interact Shaman world=(-5.6, 0.0, 0.4) screen=(408.5833, 148.8999)
[Dev] interact Elder world=(2.0, 0.0, -5.6) screen=(1038.037, 191.6542)
[Dev] interact Waypoint world=(-4.2, 0.0, 2.2) screen=(390.0698, 234.4085)
E2E ▶ aoe_skills_2
[Dungeon] heukrang_gul 1층 lv=2 seed=403727558 gen 64x64 rooms=6 up=(44, 56) down=(7, 23) enemies=20 roster=bandit,bat,talisman_master elites=["방2:금색×3(깊이 0.50)"] named=-
[Quest] heukrang_gul 1층 — 싹쓸이 셈 시작 20 (heukrang_clear:none)
[Audio] BGM dungeon → dungeon_2.ogg
[Save] level 흑랑 굴 1층 → user://save_e2e.json (C:/Users/FORYOUCOM/AppData/Roaming/Godot/app_userdata/Joseon Hunters/wt/codex-96-boss-opening-cutin/save_e2e.json)
[Dev] stairs StairsUp dir=-1 world=(44.5, 0.0, 56.5) screen=(593.7165, 335.9509)
[Dev] stairs StairsDown dir=1 world=(7.5, 0.0, 23.5) screen=(408.583, -1534.551)
[Dev] interact PusJar world=(29.5, 0.0, 42.5) screen=(547.433, -487.0705)
[Dev] interact @Area3D@51407 world=(14.5, 0.0, 24.5) screen=(686.2831, -1368.878)
[Dev] interact @Area3D@51408 world=(23.5, 0.0, 18.5) screen=(1380.534, -1288.714)
[Dev] interact LootChest world=(29.5, 0.0, 39.5) screen=(686.2831, -567.2349)
[Dev] interact @Area3D@51409 world=(40.5, 0.0, 38.5) screen=(1241.683, -300.0204)
[Dev] interact LootPot world=(21.5, 0.0, 43.5) screen=(130.8828, -674.1207)
[Dev] interact @Area3D@51410 world=(22.5, 0.0, 44.5) screen=(130.8829, -620.6779)
[Dev] interact @Area3D@51411 world=(19.5, 0.0, 9.5) screen=(1611.95, -1636.093)
[Dev] interact @Area3D@51412 world=(20.5, 0.0, 9.5) screen=(1658.234, -1609.372)
[Dev] interact @Area3D@51413 world=(44.5, 0.0, 51.5) screen=(825.1333, 154.2443)
[Dev] interact @Area3D@51414 world=(44.5, 0.0, 52.5) screen=(778.8499, 180.9657)
[Dev] interact @Area3D@51415 world=(21.5, 0.0, 39.5) screen=(316.0163, -781.0065)
[Dev] removed 20 enemies
  · 무대 = 무리 한가운데 (44.5, 0.0, 56.5) · 트임 3.6 · 화면 위쪽 (-0.707107, 0.0, -0.707107)
[Skill] 찌르기 → mp 45/50
[Kill] +1 xp (lv 15, 1/1162)
[Dev] item 엽전 world=(44.5, 0.0, 56.5) screen=(640.0, 298.6191)
[Dev] item 영약 — 생맥산 world=(44.5, 0.0, 56.5) screen=(640.0, 298.6191)
[Kill] +1 xp (lv 15, 2/1162)
[Dev] item 엽전 world=(43.58076, 0.0, 55.58076) screen=(640.0, 249.4923)
[Dev] item 철검 world=(43.58076, 0.0, 55.58076) screen=(640.0, 249.4923)
[Dev] item 탕약 — 쌍화탕 world=(43.58076, 0.0, 55.58076) screen=(640.0, 249.4923)
[Kill] +1 xp (lv 15, 3/1162)
[Audio] 같은 순간 같은 큐 상한(3) 넘침 — drop ×2 (버림 누계 565)
  · 찌르기 요약 — 맞음 3/7 [0, 1, 4] · 죽음 3 · 막타 [&"slashed"] · 칼이 닿기까지 0.32초 · 동작 0.63초
[Audio] 같은 순간 같은 큐 상한(3) 넘침 — hit ×1 · enemy_hurt ×1 (버림 누계 567)
[Kill] +1 xp (lv 15, 4/1162)
[Dev] item 괴황지 world=(44.34444, 0.0, 56.34444) screen=(640.0, 290.3054)
[Audio] 같은 순간 같은 큐 상한(3) 넘침 — hit ×4 · enemy_hurt ×4 (버림 누계 575)
[Kill] +1 xp (lv 15, 5/1162)
[Dev] item 엽전 world=(43.73314, 0.0, 57.77948) screen=(545.2883, 312.3171)
[Dev] item 무명띠 world=(43.73314, 0.0, 57.77948) screen=(545.2883, 312.3171)
[Kill] +1 xp (lv 15, 6/1162)
[Dev] item 괴황지 world=(45.77948, 0.0, 55.73314) screen=(734.7117, 312.3171)
[Audio] 같은 순간 같은 큐 상한(3) 넘침 — hit ×2 · enemy_hurt ×2 (버림 누계 579)
[Kill] +1 xp (lv 15, 7/1162)
[Dev] item 엽전 world=(43.16508, 0.0, 55.16162) screen=(640.1603, 227.1848)
[Audio] 같은 순간 같은 큐 상한(3) 넘침 — hit ×1 · enemy_hurt ×1 (버림 누계 581)
  · 칼바람 요약 — 바퀴 9(누른 동안 9) · 박자 0.300초 · 도력 18.0 · 맞힌 합 30 · 맞음 7/7 · 죽음 4 [&"slide", &"cleave"] · 앞으로 6.4u · 뗀 뒤 0.25초에 섬
[Talisman] 화염부 → 적 (45.41924, 0.0, 57.41924) (배율 1.28 · 아낌 false · 흩뿌리기 { "n": 3, "ratio": 0.4, "arc": 50.0, "radius_mult": 1.0, "grade": 0 })
[Kill] +1 xp (lv 15, 8/1162)
[Dev] item 엽전 world=(44.16354, 0.0, 57.7557) screen=(566.3091, 323.1825)
[Dev] item 철검 world=(44.16354, 0.0, 57.7557) screen=(566.3091, 323.1825)
[Kill] +1 xp (lv 15, 9/1162)
  · 흩뿌리기 요약 — 장당 맞힌 수 [3, 1, 1] · 맞음 3/7 · 죽음 2 [&"ash"]
[Rain] 부적 비 화염부 × 6 → (44.5, 0.0, 56.5) 반경 4.00 · 한 장 배율 0.81 (아낌 0)
[Skill] 부적 비 → mp 38/50
[Kill] +1 xp (lv 15, 10/1162)
[Kill] +1 xp (lv 15, 11/1162)
[Dev] item 엽전 world=(43.58076, 0.0, 55.58076) screen=(640.0, 249.4923)
[Kill] +1 xp (lv 15, 12/1162)
[Dev] item 엽전 world=(45.7557, 0.0, 56.16354) screen=(713.6909, 323.1825)
[Audio] 같은 순간 같은 큐 상한(3) 넘침 — enemy_hurt ×4 (버림 누계 585)
[Kill] +1 xp (lv 15, 13/1162)
[Dev] item 엽전 world=(44.15937, 0.0, 57.75682) screen=(566.065, 323.101)
[Dev] item 미식별 옥패 world=(44.15937, 0.0, 57.75682) screen=(566.065, 323.101)
  · 부적 비 요약 — 6장 · 맞음 7/7 · 죽음 4 [&"ash"] · 버티는 몸 타는 중 3
E2E aoe_skills_2 PASS (검사 68)
[Audio] BGM town → town.ogg
[Save] level 못골 마을 → user://save_e2e.json (C:/Users/FORYOUCOM/AppData/Roaming/Godot/app_userdata/Joseon Hunters/wt/codex-96-boss-opening-cutin/save_e2e.json)
[Dev] stairs DungeonEntrance dir=1 world=(0.0, 0.0, -31.0) screen=(2121.067, -492.4143)
[Dev] interact Merchant world=(5.4, 0.0, -2.4) screen=(1047.293, 368.0158)
[Dev] interact Shaman world=(-5.6, 0.0, 0.4) screen=(408.5833, 148.8999)
[Dev] interact Elder world=(2.0, 0.0, -5.6) screen=(1038.037, 191.6542)
[Dev] interact Waypoint world=(-4.2, 0.0, 2.2) screen=(390.0698, 234.4085)
E2E ▶ build_changers
[Dungeon] heukrang_gul 1층 lv=2 seed=403727558 gen 64x64 rooms=6 up=(44, 56) down=(7, 23) enemies=20 roster=bandit,bat,talisman_master elites=["방2:금색×3(깊이 0.50)"] named=-
[Quest] heukrang_gul 1층 — 싹쓸이 셈 시작 20 (heukrang_clear:none)
[Audio] BGM dungeon → dungeon_1.ogg
[Save] level 흑랑 굴 1층 → user://save_e2e.json (C:/Users/FORYOUCOM/AppData/Roaming/Godot/app_userdata/Joseon Hunters/wt/codex-96-boss-opening-cutin/save_e2e.json)
[Dev] stairs StairsUp dir=-1 world=(44.5, 0.0, 56.5) screen=(593.7165, 335.9509)
[Dev] stairs StairsDown dir=1 world=(7.5, 0.0, 23.5) screen=(408.583, -1534.551)
[Dev] interact PusJar world=(29.5, 0.0, 42.5) screen=(547.433, -487.0705)
[Dev] interact @Area3D@51908 world=(14.5, 0.0, 24.5) screen=(686.2831, -1368.878)
[Dev] interact @Area3D@51909 world=(23.5, 0.0, 18.5) screen=(1380.534, -1288.714)
[Dev] interact LootChest world=(29.5, 0.0, 39.5) screen=(686.2831, -567.2349)
[Dev] interact @Area3D@51910 world=(40.5, 0.0, 38.5) screen=(1241.683, -300.0204)
[Dev] interact LootPot world=(21.5, 0.0, 43.5) screen=(130.8828, -674.1207)
[Dev] interact @Area3D@51911 world=(22.5, 0.0, 44.5) screen=(130.8829, -620.6779)
[Dev] interact @Area3D@51912 world=(19.5, 0.0, 9.5) screen=(1611.95, -1636.093)
[Dev] interact @Area3D@51913 world=(20.5, 0.0, 9.5) screen=(1658.234, -1609.372)
[Dev] interact @Area3D@51914 world=(44.5, 0.0, 51.5) screen=(825.1333, 154.2443)
[Dev] interact @Area3D@51915 world=(44.5, 0.0, 52.5) screen=(778.8499, 180.9657)
[Dev] interact @Area3D@51916 world=(21.5, 0.0, 39.5) screen=(316.0163, -781.0065)
[Dev] removed 20 enemies
  · 무대 = 한가운데 (44.5, 0.0, 56.5) · 도호 (47.32843, 0.0, 59.32843) (화면 아래 4.0u) · 트임 4.0
[Kill] +2 xp (lv 12, 2/831)
[Save] quest → user://save_e2e.json (C:/Users/FORYOUCOM/AppData/Roaming/Godot/app_userdata/Joseon Hunters/wt/codex-96-boss-opening-cutin/save_e2e.json)
[Quest] heukrang_clear 싹쓸이 완료 (none → killed)
  · 처형 — 죽음 cleave/cleave · 면 d
[Kill] +2 xp (lv 12, 4/831)
[Dev] item 엽전 world=(46.55061, 0.0, 58.55061) screen=(640.0002, 393.0937)
[Kill] +2 xp (lv 12, 6/831)
[Dev] item 엽전 world=(46.55061, 0.0, 58.55061) screen=(640.0002, 393.0937)
[Kill] +2 xp (lv 12, 8/831)
[Dev] item 엽전 world=(46.55061, 0.0, 58.55061) screen=(640.0002, 393.0937)
[Dev] item 철검 world=(46.55061, 0.0, 58.55061) screen=(640.0002, 393.0937)
[Dev] item 영약 — 생맥산 world=(46.55061, 0.0, 58.55061) screen=(640.0002, 393.0937)
[Kill] +2 xp (lv 12, 10/831)
[Dev] item 엽전 world=(46.55061, 0.0, 58.55061) screen=(640.0002, 393.0937)
[Dev] item 미식별 목검 world=(46.55061, 0.0, 58.55061) screen=(640.0002, 393.0937)
[Kill] +2 xp (lv 12, 12/831)
[Dev] item 엽전 world=(46.55061, 0.0, 58.55061) screen=(640.0002, 393.0937)
[Kill] +2 xp (lv 12, 14/831)
[Dev] item 엽전 world=(46.55061, 0.0, 58.55061) screen=(640.0002, 393.0937)
[Dev] item 무명 도포 world=(46.55061, 0.0, 58.55061) screen=(640.0002, 393.0937)
[Dev] item 탕약 — 쌍화탕 world=(46.55061, 0.0, 58.55061) screen=(640.0002, 393.0937)
[Kill] +2 xp (lv 12, 16/831)
[Dev] item 엽전 world=(46.55061, 0.0, 58.55061) screen=(640.0002, 393.0937)
[Dev] item 탕약 — 쌍화탕 world=(46.55061, 0.0, 58.55061) screen=(640.0002, 393.0937)
[Kill] +2 xp (lv 12, 18/831)
[Dev] item 무명 도포 world=(46.55061, 0.0, 58.55061) screen=(640.0002, 393.0937)
  · 망나니 칼 요약 — 대조 환도 남은 생명 131 · 처형 한 대 · 두 동강 4/8
[Kill] +2 xp (lv 12, 20/831)
[Dev] item 철검 world=(46.57777, 0.0, 58.5523) screen=(641.1794, 393.8646)
[Dev] item 화염부 world=(46.57777, 0.0, 58.5523) screen=(641.1794, 393.8646)
[Kill] +2 xp (lv 12, 22/831)
[Dev] item 철검 world=(46.57777, 0.0, 58.5523) screen=(641.1794, 393.8646)
[Dev] item 화염부 world=(46.57777, 0.0, 58.5523) screen=(641.1794, 393.8646)
[Kill] +2 xp (lv 12, 24/831)
[Dev] item 엽전 world=(46.54073, 0.0, 57.75933) screen=(676.166, 371.6855)
[Dev] item 미식별 짚신 world=(46.54073, 0.0, 57.75933) screen=(676.166, 371.6855)
[Kill] +2 xp (lv 12, 26/831)
[Dev] item 미식별 옥패 world=(45.87553, 0.0, 58.50857) screen=(610.701, 373.9312)
[Dev] item 탕약 — 쌍화탕 world=(45.87553, 0.0, 58.50857) screen=(610.701, 373.9312)
[Kill] +2 xp (lv 12, 28/831)
[Dev] item 엽전 world=(44.89857, 0.0, 58.31009) screen=(574.6705, 342.5219)
[Dev] item 은가락지 world=(44.89857, 0.0, 58.31009) screen=(574.6705, 342.5219)
[Audio] 같은 순간 같은 큐 상한(3) 넘침 — drop ×1 (버림 누계 586)
[Kill] +2 xp (lv 12, 30/831)
[Dev] item 엽전 world=(44.58059, 0.0, 57.36199) screen=(603.8344, 308.6904)
[Dev] item 무명띠 world=(44.58059, 0.0, 57.36199) screen=(603.8344, 308.6904)
[Kill] +2 xp (lv 12, 32/831)
[Dev] item 탕약 — 쌍화탕 world=(45.24268, 0.0, 56.61256) screen=(669.164, 306.3565)
[Kill] +2 xp (lv 12, 34/831)
  · 도깨비불 요약 — 첫 불씨 3 · 무리 재 6/6
[Skill] 회오리베기 → mp 122/130
[Audio] 같은 순간 같은 큐 상한(3) 넘침 — enemy_hurt ×3 · hit ×2 (버림 누계 591)
[Skill] 회오리베기 → mp 122/130
[Audio] 같은 순간 같은 큐 상한(3) 넘침 — enemy_hurt ×3 · hit ×2 (버림 누계 596)
[Skill] 회오리베기 → mp 121/130
[Audio] 같은 순간 같은 큐 상한(3) 넘침 — hit ×3 · enemy_hurt ×3 (버림 누계 602)
[Skill] 회오리베기 → mp 121/130
[Audio] 같은 순간 같은 큐 상한(3) 넘침 — hit ×3 · enemy_hurt ×3 (버림 누계 608)
[Audio] 같은 순간 같은 큐 상한(3) 넘침 — enemy_hurt ×3 · hit ×2 (버림 누계 613)
  · 이무기 비늘 요약 — 3점 반경 2.50 → 3.50 · 5점 바퀴 1 → 2
[Skill] 도약 베기 → mp 121/130
[Audio] 같은 순간 같은 큐 상한(3) 넘침 — hit ×3 · enemy_hurt ×3 (버림 누계 619)
[Skill] 도약 베기 → mp 121/130
[Audio] 같은 순간 같은 큐 상한(3) 넘침 — enemy_hurt ×3 · hit ×2 (버림 누계 624)
[Seal] 부적 진 화염부 → (42.9, 0.0, 56.5) 반경 2.00 · 6.0초 · 굴림 3.7~5.6 (아낌 false)
[Skill] 부적 진 → mp 124/130
[Seal] 부적 진 화염부 → (44.5, 0.0, 56.5) 반경 2.00 · 6.0초 · 굴림 3.7~5.6 (아낌 false)
[Skill] 부적 진 → mp 124/130
[Seal] 부적 진 화염부 → (46.1, 0.0, 56.5) 반경 2.00 · 6.0초 · 굴림 3.7~5.6 (아낌 false)
[Skill] 부적 진 → mp 124/130
[Seal] 부적 진 화염부 → (42.9, 0.0, 56.5) 반경 2.00 · 6.0초 · 굴림 4.4~6.6 (아낌 false)
[Skill] 부적 진 → mp 144/150
[Seal] 부적 진 화염부 → (44.5, 0.0, 56.5) 반경 2.00 · 6.0초 · 굴림 4.4~6.6 (아낌 false)
[Skill] 부적 진 → mp 144/150
[Seal] 부적 진 화염부 → (46.1, 0.0, 56.5) 반경 2.00 · 6.0초 · 굴림 4.4~6.6 (아낌 false)
[Skill] 부적 진 → mp 144/150
  · 사인참사검 요약 — 진 셋 쳐서 선 수: 사인검 2 → 사인참사검 3
[Skill] 참격 → mp 126/130
[Skill] 참격 → mp 126/130
  · 본국검 요약 — 맞은 수 보통 [1, 0, 0, 0] → 검기 [1, 1, 1, 1] · 검기 길이 6.8
E2E build_changers PASS (검사 88)
[Audio] BGM town → town.ogg
[Save] level 못골 마을 → user://save_e2e.json (C:/Users/FORYOUCOM/AppData/Roaming/Godot/app_userdata/Joseon Hunters/wt/codex-96-boss-opening-cutin/save_e2e.json)
[Dev] stairs DungeonEntrance dir=1 world=(0.0, 0.0, -31.0) screen=(2121.067, -492.4143)
[Dev] interact Merchant world=(5.4, 0.0, -2.4) screen=(1047.293, 368.0158)
[Dev] interact Shaman world=(-5.6, 0.0, 0.4) screen=(408.5833, 148.8999)
[Dev] interact Elder world=(2.0, 0.0, -5.6) screen=(1038.037, 191.6542)
[Dev] interact Waypoint world=(-4.2, 0.0, 2.2) screen=(390.0698, 234.4085)
E2E ▶ footsteps
[Click] world=(10.5, 0.0, 11.5) cell=(10, 11)
  · step_dirt 15번 (14.8칸 달림), 그때 클립 ["run", "run", "run", "run", "run", "run", "run", "run", "run", "run", "run", "run", "run", "run", "run"]
  · 마을(흙) 발소리 간격 0.264, 0.251, 0.270, 0.257, 0.270, 0.264, 0.262, 0.271, 0.273, 0.263, 0.264, 0.262, 0.265, 0.260 (기대 0.265초)
[Dungeon] heukrang_gul 1층 lv=2 seed=403727558 gen 64x64 rooms=6 up=(44, 56) down=(7, 23) enemies=20 roster=bandit,bat,talisman_master elites=["방2:금색×3(깊이 0.50)"] named=-
[Quest] heukrang_gul 1층 — 싹쓸이 셈 시작 20 (heukrang_clear:none)
[Audio] BGM dungeon → dungeon_3.ogg
[Save] level 흑랑 굴 1층 → user://save_e2e.json (C:/Users/FORYOUCOM/AppData/Roaming/Godot/app_userdata/Joseon Hunters/wt/codex-96-boss-opening-cutin/save_e2e.json)
[Dev] stairs StairsUp dir=-1 world=(44.5, 0.0, 56.5) screen=(593.7165, 335.9509)
[Dev] stairs StairsDown dir=1 world=(7.5, 0.0, 23.5) screen=(408.583, -1534.551)
[Dev] interact PusJar world=(29.5, 0.0, 42.5) screen=(547.433, -487.0705)
[Dev] interact @Area3D@52468 world=(14.5, 0.0, 24.5) screen=(686.2831, -1368.878)
[Dev] interact @Area3D@52469 world=(23.5, 0.0, 18.5) screen=(1380.534, -1288.714)
[Dev] interact LootChest world=(29.5, 0.0, 39.5) screen=(686.2831, -567.2349)
[Dev] interact @Area3D@52470 world=(40.5, 0.0, 38.5) screen=(1241.683, -300.0204)
[Dev] interact LootPot world=(21.5, 0.0, 43.5) screen=(130.8828, -674.1207)
[Dev] interact @Area3D@52471 world=(22.5, 0.0, 44.5) screen=(130.8829, -620.6779)
[Dev] interact @Area3D@52472 world=(19.5, 0.0, 9.5) screen=(1611.95, -1636.093)
[Dev] interact @Area3D@52473 world=(20.5, 0.0, 9.5) screen=(1658.234, -1609.372)
[Dev] interact @Area3D@52474 world=(44.5, 0.0, 51.5) screen=(825.1333, 154.2443)
[Dev] interact @Area3D@52475 world=(44.5, 0.0, 52.5) screen=(778.8499, 180.9657)
[Dev] interact @Area3D@52476 world=(21.5, 0.0, 39.5) screen=(316.0163, -781.0065)
[Dev] removed 20 enemies
[Click] world=(35.5, 0.0, 56.5) cell=(35, 56)
  · step_stone 9번 (9.9칸 달림), 그때 클립 ["run", "run", "run", "run", "run", "run", "run", "run", "run"]
  · 던전(돌) 발소리 간격 0.260, 0.264, 0.257, 0.266, 0.270, 0.265, 0.262, 0.261 (기대 0.265초)
E2E footsteps PASS (검사 13)
[Audio] BGM town → town.ogg
[Save] level 못골 마을 → user://save_e2e.json (C:/Users/FORYOUCOM/AppData/Roaming/Godot/app_userdata/Joseon Hunters/wt/codex-96-boss-opening-cutin/save_e2e.json)
[Dev] stairs DungeonEntrance dir=1 world=(0.0, 0.0, -31.0) screen=(2121.067, -492.4143)
[Dev] interact Merchant world=(5.4, 0.0, -2.4) screen=(1047.293, 368.0158)
[Dev] interact Shaman world=(-5.6, 0.0, 0.4) screen=(408.5833, 148.8999)
[Dev] interact Elder world=(2.0, 0.0, -5.6) screen=(1038.037, 191.6542)
[Dev] interact Waypoint world=(-4.2, 0.0, 2.2) screen=(390.0698, 234.4085)
E2E ▶ dungeon_layout
[Dungeon] heukrang_gul 1층 lv=2 seed=403727558 gen 64x64 rooms=6 up=(44, 56) down=(7, 23) enemies=20 roster=bandit,bat,talisman_master elites=["방2:금색×3(깊이 0.50)"] named=-
[Quest] heukrang_gul 1층 — 싹쓸이 셈 시작 20 (heukrang_clear:none)
[Audio] BGM dungeon → dungeon_4.ogg
[Save] level 흑랑 굴 1층 → user://save_e2e.json (C:/Users/FORYOUCOM/AppData/Roaming/Godot/app_userdata/Joseon Hunters/wt/codex-96-boss-opening-cutin/save_e2e.json)
[Dev] stairs StairsUp dir=-1 world=(44.5, 0.0, 56.5) screen=(593.7165, 335.9509)
[Dev] stairs StairsDown dir=1 world=(7.5, 0.0, 23.5) screen=(408.583, -1534.551)
[Dev] interact PusJar world=(29.5, 0.0, 42.5) screen=(547.433, -487.0705)
[Dev] interact @Area3D@52817 world=(14.5, 0.0, 24.5) screen=(686.2831, -1368.878)
[Dev] interact @Area3D@52818 world=(23.5, 0.0, 18.5) screen=(1380.534, -1288.714)
[Dev] interact LootChest world=(29.5, 0.0, 39.5) screen=(686.2831, -567.2349)
[Dev] interact @Area3D@52819 world=(40.5, 0.0, 38.5) screen=(1241.683, -300.0204)
[Dev] interact LootPot world=(21.5, 0.0, 43.5) screen=(130.8828, -674.1207)
[Dev] interact @Area3D@52820 world=(22.5, 0.0, 44.5) screen=(130.8829, -620.6779)
[Dev] interact @Area3D@52821 world=(19.5, 0.0, 9.5) screen=(1611.95, -1636.093)
[Dev] interact @Area3D@52822 world=(20.5, 0.0, 9.5) screen=(1658.234, -1609.372)
[Dev] interact @Area3D@52823 world=(44.5, 0.0, 51.5) screen=(825.1333, 154.2443)
[Dev] interact @Area3D@52824 world=(44.5, 0.0, 52.5) screen=(778.8499, 180.9657)
[Dev] interact @Area3D@52825 world=(21.5, 0.0, 39.5) screen=(316.0163, -781.0065)
  · 1층 격자 64x64 · 방 6 (한 변 8~14) · 걷는 칸 882(복도 126) · 적 20 { "bandit": 15, "bat": 5 } · 보스 0 · 횃불 48 · 소품 9
  · 1층 모양 갈래 { "bandit_v2": 7, "bandit_v2_dagger": 8 } · 두 갈래가 같이 있는 방 4곳 [1, 2, 4, 5]
[Dungeon] heukrang_gul 2층 lv=3 seed=3189434797 preset 28x28 rooms=2 up=(22, 23) down=(-1, -1) enemies=2 roster=bat elites=[] named=-
[Audio] BGM boss → boss.ogg
[Save] level 흑랑 굴 2층 → user://save_e2e.json (C:/Users/FORYOUCOM/AppData/Roaming/Godot/app_userdata/Joseon Hunters/wt/codex-96-boss-opening-cutin/save_e2e.json)
[Dev] stairs StairsUp dir=-1 world=(22.5, 0.0, 23.5) screen=(593.7167, 335.9507)
  · 2층 격자 28x28 · 방 2 (한 변 7~14) · 걷는 칸 274(복도 45) · 적 2 { "bat": 2 } · 보스 1 · 횃불 16 · 소품 2
  · 2층 모양 갈래 {  } · 두 갈래가 같이 있는 방 0곳 []
[Dungeon] heukrang_gul 1층 lv=2 seed=403727558 gen 64x64 rooms=6 up=(44, 56) down=(7, 23) enemies=20 roster=bandit,bat,talisman_master elites=["방2:금색×3(깊이 0.50)"] named=-
[Quest] heukrang_gul 1층 — 싹쓸이 셈 시작 23 (heukrang_clear:none)
[Audio] BGM dungeon → dungeon_2.ogg
[Save] level 흑랑 굴 1층 → user://save_e2e.json (C:/Users/FORYOUCOM/AppData/Roaming/Godot/app_userdata/Joseon Hunters/wt/codex-96-boss-opening-cutin/save_e2e.json)
[Dev] stairs StairsUp dir=-1 world=(44.5, 0.0, 56.5) screen=(778.8501, 2206.452)
[Dev] stairs StairsDown dir=1 world=(7.5, 0.0, 23.5) screen=(593.7167, 335.9507)
[Dev] interact PusJar world=(29.5, 0.0, 42.5) screen=(732.5667, 1383.431)
[Dev] interact @Area3D@53077 world=(14.5, 0.0, 24.5) screen=(871.4167, 501.623)
[Dev] interact @Area3D@53078 world=(23.5, 0.0, 18.5) screen=(1565.667, 581.7873)
[Dev] interact LootChest world=(29.5, 0.0, 39.5) screen=(871.4168, 1303.267)
[Dev] interact @Area3D@53079 world=(40.5, 0.0, 38.5) screen=(1426.817, 1570.481)
[Dev] interact LootPot world=(21.5, 0.0, 43.5) screen=(316.0165, 1196.381)
[Dev] interact @Area3D@53080 world=(22.5, 0.0, 44.5) screen=(316.0165, 1249.824)
[Dev] interact @Area3D@53081 world=(19.5, 0.0, 9.5) screen=(1797.084, 234.4085)
[Dev] interact @Area3D@53082 world=(20.5, 0.0, 9.5) screen=(1843.367, 261.13)
[Dev] interact @Area3D@53083 world=(44.5, 0.0, 51.5) screen=(1010.267, 2024.746)
[Dev] interact @Area3D@53084 world=(44.5, 0.0, 52.5) screen=(963.9835, 2051.467)
[Dev] interact @Area3D@53085 world=(21.5, 0.0, 39.5) screen=(501.15, 1089.495)
[Audio] 같은 순간 같은 큐 상한(3) 넘침 — bat_attack ×1 (버림 누계 625)
[Audio] 같은 순간 같은 큐 상한(3) 넘침 — bat_attack ×1 (버림 누계 626)
E2E dungeon_layout PASS (검사 34)
[Audio] BGM town → town.ogg
[Save] level 못골 마을 → user://save_e2e.json (C:/Users/FORYOUCOM/AppData/Roaming/Godot/app_userdata/Joseon Hunters/wt/codex-96-boss-opening-cutin/save_e2e.json)
[Dev] stairs DungeonEntrance dir=1 world=(0.0, 0.0, -31.0) screen=(2121.067, -492.4143)
[Dev] interact Merchant world=(5.4, 0.0, -2.4) screen=(1047.293, 368.0158)
[Dev] interact Shaman world=(-5.6, 0.0, 0.4) screen=(408.5833, 148.8999)
[Dev] interact Elder world=(2.0, 0.0, -5.6) screen=(1038.037, 191.6542)
[Dev] interact Waypoint world=(-4.2, 0.0, 2.2) screen=(390.0698, 234.4085)
E2E ▶ beomgul_walk
[Field] jeongnyeongjae seed=3599041059 128x176 props=2821 packs=13 enemies=72 waypoint=(61, 66) roster=hwajeok,vampire_bat,lightning_master | hwajeok,hollin_yeogung_bow,gaekgwi elites=["8:금색×3@구간2", "10:금색×3@구간3"]
[Audio] BGM dungeon → dungeon_3.ogg
[Save] level 정령재 → user://save_e2e.json (C:/Users/FORYOUCOM/AppData/Roaming/Godot/app_userdata/Joseon Hunters/wt/codex-96-boss-opening-cutin/save_e2e.json)
[Dev] stairs Down_cave dir=1 world=(60.5, 0.0, 3.5) screen=(825.1336, 255.7865)
[Dev] stairs Down_mine dir=1 world=(125.5, 0.0, 70.5) screen=(732.5671, 3783.018)
[Dev] interact Waypoint world=(61.5, 0.0, 66.5) screen=(-2044.434, 1917.86)
[Dev] interact LootChest world=(5.5, 0.0, 141.5) screen=(-8107.554, 2425.568)
[Dev] interact @Area3D@54617 world=(26.5, 0.0, 123.5) screen=(-6302.504, 2505.732)
[Dev] interact @Area3D@54618 world=(61.5, 0.0, 88.5) screen=(-3062.668, 2505.732)
[Dev] interact @Area3D@54619 world=(82.5, 0.0, 48.5) screen=(-239.3836, 1998.024)
[Dev] interact LootPot world=(70.5, 0.0, 9.5) screen=(1010.267, 635.2303)
[Dev] interact @Area3D@54620 world=(59.5, 0.0, 82.5) screen=(-2877.535, 2291.96)
[Dev] interact @Area3D@54621 world=(39.5, 0.0, 58.5) screen=(-2692.401, 1116.216)
[Dev] interact @Area3D@54622 world=(32.5, 0.0, 37.5) screen=(-2044.434, 368.0158)
[Dev] interact @Area3D@54623 world=(30.5, 0.0, 123.5) screen=(-6117.37, 2612.618)
[Dev] interact @Area3D@54624 world=(96.5, 0.0, 125.5) screen=(-3155.235, 4429.677)
[Dev] interact @Area3D@54625 world=(89.5, 0.0, 59.5) screen=(-424.517, 2479.01)
[Dev] interact @Area3D@54626 world=(22.5, 0.0, 41.5) screen=(-2692.401, 207.6872)
[Dev] interact @Area3D@54627 world=(56.5, 0.0, 51.5) screen=(-1581.601, 1383.431)
[Dev] interact @Area3D@54628 world=(7.5, 0.0, 142.5) screen=(-8061.271, 2505.732)
[Dev] interact @Area3D@54629 world=(101.5, 0.0, 72.5) screen=(-470.8004, 3147.047)
[Dev] interact @Area3D@54630 world=(77.5, 0.0, 34.5) screen=(177.1666, 1490.317)
[Dev] removed 72 enemies
[Click] world=(60.5, 0.0, 3.5) cell=(60, 3)
[Dungeon] beomgul 1층 lv=5 seed=3470036558 gen 64x64 rooms=10 up=(52, 51) down=(7, 7) enemies=41 roster=hwajeok,vampire_bat,spider elites=["방8:파란×3(깊이 0.63)"] named=-
[Save] level 범굴 1층 → user://save_e2e.json (C:/Users/FORYOUCOM/AppData/Roaming/Godot/app_userdata/Joseon Hunters/wt/codex-96-boss-opening-cutin/save_e2e.json)
[Dev] stairs StairsUp dir=-1 world=(52.5, 0.0, 51.5) screen=(593.7166, 335.951)
[Dev] stairs StairsDown dir=1 world=(7.5, 0.0, 7.5) screen=(547.4335, -2042.258)
[Dev] interact LootChest world=(56.5, 0.0, 56.5) screen=(547.4333, 528.3447)
[Dev] interact @Area3D@54877 world=(47.5, 0.0, 34.5) screen=(1149.117, -300.0203)
[Dev] interact LootPot world=(25.5, 0.0, 15.5) screen=(1010.267, -1395.6)
[Dev] interact @Area3D@54878 world=(24.5, 0.0, 16.5) screen=(917.7001, -1395.6)
[Dev] interact @Area3D@54879 world=(24.5, 0.0, 15.5) screen=(963.9833, -1422.321)
[Dev] interact @Area3D@54880 world=(32.5, 0.0, 60.5) screen=(-748.5005, -6.084366)
[Dev] interact @Area3D@54881 world=(7.5, 0.0, 60.5) screen=(-1905.584, -674.1207)
[Dev] interact @Area3D@54882 world=(8.5, 0.0, 61.5) screen=(-1905.585, -620.6777)
[Dev] interact @Area3D@54883 world=(20.5, 0.0, 43.5) screen=(-517.084, -781.0064)
[Dev] interact @Area3D@54884 world=(56.5, 0.0, 23.5) screen=(2074.784, -353.4632)
[Dev] interact @Area3D@54885 world=(48.5, 0.0, 48.5) screen=(547.4333, 100.8015)
[Dev] interact @Area3D@54886 world=(48.5, 0.0, 49.5) screen=(501.1499, 127.5229)
  · 1층 64x64 · 적 41 · 명단 ["hwajeok", "vampire_bat", "spider"] · 장식 ["Rock 55", "RuinStone 68", "Bones 20", "Fur 12"] · 정예 자리 1
[Dungeon] beomgul 2층 lv=6 seed=2703187923 gen 64x64 rooms=7 up=(13, 7) down=(17, 55) enemies=22 roster=hwajeok,vampire_bat,spider elites=["방3:파란×4(깊이 0.60)"] named=-
[Save] level 범굴 2층 → user://save_e2e.json (C:/Users/FORYOUCOM/AppData/Roaming/Godot/app_userdata/Joseon Hunters/wt/codex-96-boss-opening-cutin/save_e2e.json)
[Dev] stairs StairsUp dir=-1 world=(13.5, 0.0, 7.5) screen=(593.7167, 335.9507)
[Dev] stairs StairsDown dir=1 world=(17.5, 0.0, 55.5) screen=(-1442.751, 1725.466)
[Dev] interact LootChest world=(30.5, 0.0, 31.5) screen=(269.7332, 1383.431)
[Dev] interact @Area3D@55082 world=(50.5, 0.0, 50.5) screen=(316.0165, 2425.567)
[Dev] interact LootPot world=(11.5, 0.0, 52.5) screen=(-1581.601, 1436.874)
[Dev] interact @Area3D@55083 world=(29.5, 0.0, 40.5) screen=(-193.1004, 1597.202)
[Dev] interact @Area3D@55084 world=(29.5, 0.0, 39.5) screen=(-146.817, 1570.481)
[Dev] interact @Area3D@55085 world=(40.5, 0.0, 29.5) screen=(825.1334, 1597.203)
[Dev] interact @Area3D@55086 world=(41.5, 0.0, 29.5) screen=(871.4167, 1623.924)
[Dev] interact @Area3D@55087 world=(13.5, 0.0, 32.5) screen=(-563.3672, 955.8877)
[Dev] interact @Area3D@55088 world=(14.5, 0.0, 31.5) screen=(-470.8005, 955.8877)
  · 2층 64x64 · 적 22 · 명단 ["hwajeok", "vampire_bat", "spider"] · 장식 ["Rock 40", "RuinStone 54", "Bones 22", "Fur 16"] · 정예 자리 1
[Dungeon] beomgul 3층 lv=6 seed=3376041942 preset 32x30 rooms=2 up=(26, 24) down=(-1, -1) enemies=0 roster= elites=[] named=-
[Audio] BGM boss → boss.ogg
[Save] level 범굴 3층 → user://save_e2e.json (C:/Users/FORYOUCOM/AppData/Roaming/Godot/app_userdata/Joseon Hunters/wt/codex-96-boss-opening-cutin/save_e2e.json)
[Dev] stairs StairsUp dir=-1 world=(26.5, 0.0, 24.5) screen=(593.7167, 335.9507)
  · 3층 32x30 · 적 0 · 명단 [] · 장식 ["Rock 12", "RuinStone 16", "Bones 9", "Fur 3"] · 정예 자리 0
[Dungeon] beomgul 2층 lv=6 seed=2703187923 gen 64x64 rooms=7 up=(13, 7) down=(17, 55) enemies=22 roster=hwajeok,vampire_bat,spider elites=["방3:파란×4(깊이 0.60)"] named=-
[Audio] BGM dungeon → dungeon_1.ogg
[Save] level 범굴 2층 → user://save_e2e.json (C:/Users/FORYOUCOM/AppData/Roaming/Godot/app_userdata/Joseon Hunters/wt/codex-96-boss-opening-cutin/save_e2e.json)
[Dev] stairs StairsUp dir=-1 world=(13.5, 0.0, 7.5) screen=(2630.184, -1053.565)
[Dev] stairs StairsDown dir=1 world=(17.5, 0.0, 55.5) screen=(593.7165, 335.9509)
[Dev] interact LootChest world=(30.5, 0.0, 31.5) screen=(2306.201, -6.084366)
[Dev] interact @Area3D@55360 world=(50.5, 0.0, 50.5) screen=(2352.484, 1036.052)
[Dev] interact LootPot world=(11.5, 0.0, 52.5) screen=(454.8664, 47.3585)
[Dev] interact @Area3D@55361 world=(29.5, 0.0, 40.5) screen=(1843.367, 207.6872)
[Dev] interact @Area3D@55362 world=(29.5, 0.0, 39.5) screen=(1889.65, 180.9657)
[Dev] interact @Area3D@55363 world=(40.5, 0.0, 29.5) screen=(2861.601, 207.6871)
[Dev] interact @Area3D@55364 world=(41.5, 0.0, 29.5) screen=(2907.884, 234.4085)
[Dev] interact @Area3D@55365 world=(13.5, 0.0, 32.5) screen=(1473.1, -433.6277)
[Dev] interact @Area3D@55366 world=(14.5, 0.0, 31.5) screen=(1565.667, -433.6276)
[Dungeon] beomgul 1층 lv=5 seed=3470036558 gen 64x64 rooms=10 up=(52, 51) down=(7, 7) enemies=41 roster=hwajeok,vampire_bat,spider elites=["방8:파란×3(깊이 0.63)"] named=-
[Save] level 범굴 1층 → user://save_e2e.json (C:/Users/FORYOUCOM/AppData/Roaming/Godot/app_userdata/Joseon Hunters/wt/codex-96-boss-opening-cutin/save_e2e.json)
[Dev] stairs StairsUp dir=-1 world=(52.5, 0.0, 51.5) screen=(640.0, 2714.16)
[Dev] stairs StairsDown dir=1 world=(7.5, 0.0, 7.5) screen=(593.7167, 335.9507)
[Dev] interact LootChest world=(56.5, 0.0, 56.5) screen=(593.7166, 2906.554)
[Dev] interact @Area3D@55613 world=(47.5, 0.0, 34.5) screen=(1195.4, 2078.188)
[Dev] interact LootPot world=(25.5, 0.0, 15.5) screen=(1056.55, 982.6092)
[Dev] interact @Area3D@55614 world=(24.5, 0.0, 16.5) screen=(963.9835, 982.6092)
[Dev] interact @Area3D@55615 world=(24.5, 0.0, 15.5) screen=(1010.267, 955.8877)
[Dev] interact @Area3D@55616 world=(32.5, 0.0, 60.5) screen=(-702.2174, 2372.125)
[Dev] interact @Area3D@55617 world=(7.5, 0.0, 60.5) screen=(-1859.301, 1704.088)
[Dev] interact @Area3D@55618 world=(8.5, 0.0, 61.5) screen=(-1859.301, 1757.531)
[Dev] interact @Area3D@55619 world=(20.5, 0.0, 43.5) screen=(-470.8005, 1597.203)
[Dev] interact @Area3D@55620 world=(56.5, 0.0, 23.5) screen=(2121.067, 2024.746)
[Dev] interact @Area3D@55621 world=(48.5, 0.0, 48.5) screen=(593.7166, 2479.01)
[Dev] interact @Area3D@55622 world=(48.5, 0.0, 49.5) screen=(547.4332, 2505.732)
[Audio] 같은 순간 같은 큐 상한(3) 넘침 — bat_attack ×1 (버림 누계 627)
[Field] jeongnyeongjae seed=3599041059 128x176 props=2821 packs=13 enemies=72 waypoint=(61, 66) roster=hwajeok,vampire_bat,lightning_master | hwajeok,hollin_yeogung_bow,gaekgwi elites=["8:금색×3@구간2", "10:금색×3@구간3"]
[Save] level 정령재 → user://save_e2e.json (C:/Users/FORYOUCOM/AppData/Roaming/Godot/app_userdata/Joseon Hunters/wt/codex-96-boss-opening-cutin/save_e2e.json)
[Dev] stairs Down_cave dir=1 world=(60.5, 0.0, 3.5) screen=(825.1336, 255.7865)
[Dev] stairs Down_mine dir=1 world=(125.5, 0.0, 70.5) screen=(732.5671, 3783.018)
[Dev] interact Waypoint world=(61.5, 0.0, 66.5) screen=(-2044.434, 1917.86)
[Dev] interact LootChest world=(5.5, 0.0, 141.5) screen=(-8107.554, 2425.568)
[Dev] interact @Area3D@56995 world=(26.5, 0.0, 123.5) screen=(-6302.504, 2505.732)
[Dev] interact @Area3D@56996 world=(61.5, 0.0, 88.5) screen=(-3062.668, 2505.732)
[Dev] interact @Area3D@56997 world=(82.5, 0.0, 48.5) screen=(-239.3836, 1998.024)
[Dev] interact LootPot world=(70.5, 0.0, 9.5) screen=(1010.267, 635.2303)
[Dev] interact @Area3D@56998 world=(59.5, 0.0, 82.5) screen=(-2877.535, 2291.96)
[Dev] interact @Area3D@56999 world=(39.5, 0.0, 58.5) screen=(-2692.401, 1116.216)
[Dev] interact @Area3D@57000 world=(32.5, 0.0, 37.5) screen=(-2044.434, 368.0158)
[Dev] interact @Area3D@57001 world=(30.5, 0.0, 123.5) screen=(-6117.37, 2612.618)
[Dev] interact @Area3D@57002 world=(96.5, 0.0, 125.5) screen=(-3155.235, 4429.677)
[Dev] interact @Area3D@57003 world=(89.5, 0.0, 59.5) screen=(-424.517, 2479.01)
[Dev] interact @Area3D@57004 world=(22.5, 0.0, 41.5) screen=(-2692.401, 207.6872)
[Dev] interact @Area3D@57005 world=(56.5, 0.0, 51.5) screen=(-1581.601, 1383.431)
[Dev] interact @Area3D@57006 world=(7.5, 0.0, 142.5) screen=(-8061.271, 2505.732)
[Dev] interact @Area3D@57007 world=(101.5, 0.0, 72.5) screen=(-470.8004, 3147.047)
[Dev] interact @Area3D@57008 world=(77.5, 0.0, 34.5) screen=(177.1666, 1490.317)
E2E beomgul_walk PASS (검사 46)
[Audio] BGM town → town.ogg
[Save] level 못골 마을 → user://save_e2e.json (C:/Users/FORYOUCOM/AppData/Roaming/Godot/app_userdata/Joseon Hunters/wt/codex-96-boss-opening-cutin/save_e2e.json)
[Dev] stairs DungeonEntrance dir=1 world=(0.0, 0.0, -31.0) screen=(2121.067, -492.4143)
[Dev] interact Merchant world=(5.4, 0.0, -2.4) screen=(1047.293, 368.0158)
[Dev] interact Shaman world=(-5.6, 0.0, 0.4) screen=(408.5833, 148.8999)
[Dev] interact Elder world=(2.0, 0.0, -5.6) screen=(1038.037, 191.6542)
[Dev] interact Waypoint world=(-4.2, 0.0, 2.2) screen=(390.0698, 234.4085)
E2E ▶ mine_walk
[Field] jeongnyeongjae seed=3599041059 128x176 props=2821 packs=13 enemies=72 waypoint=(61, 66) roster=hwajeok,vampire_bat,lightning_master | hwajeok,hollin_yeogung_bow,gaekgwi elites=["8:금색×3@구간2", "10:금색×3@구간3"]
[Audio] BGM dungeon → dungeon_3.ogg
[Save] level 정령재 → user://save_e2e.json (C:/Users/FORYOUCOM/AppData/Roaming/Godot/app_userdata/Joseon Hunters/wt/codex-96-boss-opening-cutin/save_e2e.json)
[Dev] stairs Down_cave dir=1 world=(60.5, 0.0, 3.5) screen=(917.7001, -3057.673)
[Dev] stairs Down_mine dir=1 world=(125.5, 0.0, 70.5) screen=(825.1334, 469.5583)
[Dev] interact Waypoint world=(61.5, 0.0, 66.5) screen=(-1951.868, -1395.6)
[Dev] interact LootChest world=(5.5, 0.0, 141.5) screen=(-8014.987, -887.8924)
[Dev] interact @Area3D@58537 world=(26.5, 0.0, 123.5) screen=(-6209.937, -807.7277)
[Dev] interact @Area3D@58538 world=(61.5, 0.0, 88.5) screen=(-2970.102, -807.7279)
[Dev] interact @Area3D@58539 world=(82.5, 0.0, 48.5) screen=(-146.8171, -1315.435)
[Dev] interact LootPot world=(70.5, 0.0, 9.5) screen=(1102.833, -2678.229)
[Dev] interact @Area3D@58540 world=(59.5, 0.0, 82.5) screen=(-2784.968, -1021.499)
[Dev] interact @Area3D@58541 world=(39.5, 0.0, 58.5) screen=(-2599.834, -2197.243)
[Dev] interact @Area3D@58542 world=(32.5, 0.0, 37.5) screen=(-1951.868, -2945.444)
[Dev] interact @Area3D@58543 world=(30.5, 0.0, 123.5) screen=(-6024.804, -700.8422)
[Dev] interact @Area3D@58544 world=(96.5, 0.0, 125.5) screen=(-3062.668, 1116.217)
[Dev] interact @Area3D@58545 world=(89.5, 0.0, 59.5) screen=(-331.9504, -834.4492)
[Dev] interact @Area3D@58546 world=(22.5, 0.0, 41.5) screen=(-2599.835, -3105.772)
[Dev] interact @Area3D@58547 world=(56.5, 0.0, 51.5) screen=(-1489.035, -1930.029)
[Dev] interact @Area3D@58548 world=(7.5, 0.0, 142.5) screen=(-7968.704, -807.7279)
[Dev] interact @Area3D@58549 world=(101.5, 0.0, 72.5) screen=(-378.2339, -166.413)
[Dev] interact @Area3D@58550 world=(77.5, 0.0, 34.5) screen=(269.733, -1823.143)
[Dev] removed 72 enemies
[Click] world=(125.5, 0.0, 70.5) cell=(125, 70)
[Dungeon] soeburi 1층 lv=7 seed=2076465379 gen 64x64 rooms=6 up=(10, 55) down=(55, 10) enemies=20 roster=plague_miner,cave_bat,soemeogi elites=["방4:금색×3(깊이 0.50)"] named=-
[Save] level 쇠부리 폐광 1층 → user://save_e2e.json (C:/Users/FORYOUCOM/AppData/Roaming/Godot/app_userdata/Joseon Hunters/wt/codex-96-boss-opening-cutin/save_e2e.json)
[Dev] stairs StairsUp dir=-1 world=(10.5, 0.0, 55.5) screen=(593.7165, 335.9509)
[Dev] stairs StairsDown dir=1 world=(55.5, 0.0, 10.5) screen=(4759.218, 335.9509)
[Dev] interact LootChest world=(42.5, 0.0, 31.5) screen=(3185.584, 501.6231)
[Dev] interact @Area3D@58722 world=(59.5, 0.0, 15.5) screen=(4712.935, 528.3446)
[Dev] interact @Area3D@58723 world=(49.5, 0.0, 19.5) screen=(4064.968, 368.0158)
[Dev] interact LootPot world=(22.5, 0.0, 36.5) screen=(2028.5, 100.8014)
[Dev] interact @Area3D@58724 world=(22.5, 0.0, 37.5) screen=(1982.217, 127.5229)
[Dev] interact @Area3D@58725 world=(60.5, 0.0, 7.5) screen=(5129.485, 341.2944)
[Dev] interact @Area3D@58726 world=(59.5, 0.0, 6.5) screen=(5129.485, 287.8515)
[Dev] interact @Area3D@58727 world=(38.5, 0.0, 23.5) screen=(3370.718, 180.9658)
[Dev] interact @Area3D@58728 world=(39.5, 0.0, 23.5) screen=(3417.001, 207.6872)
[Dev] interact @Area3D@58729 world=(37.5, 0.0, 23.5) screen=(3324.434, 154.2443)
  · 1층 64x64 · 적 20 · 명단 ["plague_miner", "cave_bat", "soemeogi"] · 장식 { "Crate": 2, "Woodpile": 2, "SlagHeap": 1, "Slag": 34, "RuinStone": 17, "Bones": 9, "Timber": 20, "Chain": 3, "ChainFloor": 3, "Rail": 27, "OreCart": 1 } · 정예 자리 1 · 네임드 (-1, -1)
[Dungeon] soeburi 2층 lv=8 seed=212727641 gen 64x64 rooms=8 up=(15, 24) down=(52, 52) enemies=27 roster=plague_miner,soemeogi,yacha,nachalnyeo elites=["방2:파란×3(깊이 0.50)", "방3:금색×3(깊이 0.33)"] named=방4 (50, 21)
[Save] level 쇠부리 폐광 2층 → user://save_e2e.json (C:/Users/FORYOUCOM/AppData/Roaming/Godot/app_userdata/Joseon Hunters/wt/codex-96-boss-opening-cutin/save_e2e.json)
[Dev] stairs StairsUp dir=-1 world=(15.5, 0.0, 24.5) screen=(593.7167, 335.9507)
[Dev] stairs StairsDown dir=1 world=(52.5, 0.0, 52.5) screen=(1010.267, 2072.845)
[Dev] interact LootChest world=(2.5, 0.0, 46.5) screen=(-1026.201, 528.3445)
[Dev] interact @Area3D@58947 world=(55.5, 0.0, 47.5) screen=(1380.534, 1971.303)
[Dev] interact @Area3D@58948 world=(36.5, 0.0, 23.5) screen=(1611.95, 822.2805)
[Dev] interact LootPot world=(54.5, 0.0, 17.5) screen=(2722.751, 1142.938)
[Dev] interact @Area3D@58949 world=(55.5, 0.0, 18.5) screen=(2722.751, 1196.381)
[Dev] interact @Area3D@58950 world=(54.5, 0.0, 18.5) screen=(2676.468, 1169.659)
[Dev] interact @Area3D@58951 world=(17.5, 0.0, 48.5) screen=(-424.5173, 982.6092)
[Dev] interact @Area3D@58952 world=(18.5, 0.0, 48.5) screen=(-378.2339, 1009.331)
[Dev] interact @Area3D@58953 world=(12.5, 0.0, 19.5) screen=(686.2833, 74.0798)
  · 2층 64x64 · 적 26 · 명단 ["plague_miner", "soemeogi", "yacha", "nachalnyeo"] · 장식 { "Woodpile": 1, "Crate": 2, "SlagHeap": 1, "Slag": 38, "RuinStone": 18, "Bones": 8, "Timber": 27, "Chain": 2, "ChainFloor": 2, "Rail": 47, "OreCart": 1 } · 정예 자리 2 · 네임드 (50, 21)
[Dungeon] soeburi 3층 lv=9 seed=100493242 preset 32x30 rooms=2 up=(26, 24) down=(-1, -1) enemies=2 roster=soemeogi elites=[] named=-
[Audio] BGM boss → boss.ogg
[Save] level 쇠부리 폐광 3층 → user://save_e2e.json (C:/Users/FORYOUCOM/AppData/Roaming/Godot/app_userdata/Joseon Hunters/wt/codex-96-boss-opening-cutin/save_e2e.json)
[Dev] stairs StairsUp dir=-1 world=(26.5, 0.0, 24.5) screen=(593.7167, 335.9507)
  · 3층 32x30 · 적 2 · 명단 ["soemeogi"] · 장식 { "Slag": 27, "RuinStone": 6, "Bones": 2, "Timber": 7, "Chain": 7, "ChainFloor": 10, "Rail": 13, "OreCart": 1 } · 정예 자리 0 · 네임드 (-1, -1)
[Kill] +2912 xp (lv 11, 58/730)
[LevelUp] lv=11 stat_pts=50 skill_pts=10
[Dev] item 미식별 경번갑 world=(9.5, 0.0, 5.424046) screen=(720.5711, -664.5174)
[Dev] item 영약 — 총명탕 world=(9.5, 0.0, 5.424046) screen=(720.5711, -664.5174)
[Dev] item 탕약 — 십전대보탕 world=(9.5, 0.0, 5.424046) screen=(720.5711, -664.5174)
[Dev] item 탕약 — 십전대보탕 world=(9.5, 0.0, 5.424046) screen=(720.5711, -664.5174)
[Dev] item 식별부첩 world=(9.5, 0.0, 5.424046) screen=(720.5711, -664.5174)
[Dev] item 불가살이의 쇠비늘 world=(9.5, 0.0, 5.424046) screen=(720.5711, -664.5174)
[Dev] item 미식별 목화 world=(9.5, 0.0, 5.424046) screen=(720.5711, -664.5174)
[Dev] item 미식별 미투리 world=(9.5, 0.0, 5.424046) screen=(720.5711, -664.5174)
[Dev] item 미식별 장검 world=(9.5, 0.0, 5.424046) screen=(720.5711, -664.5174)
[Loot] 보스 전용 유니크 — boss_bulgasari 첫 처치 → u_soe_eater (회차 1)
[Dev] item 불가살이의 사슬 조각 world=(9.5, 0.0, 5.424046) screen=(720.5711, -664.5174)
[Dev] item 엽전 world=(9.5, 0.0, 5.424046) screen=(720.5711, -664.5174)
[Save] boss → user://save_e2e.json (C:/Users/FORYOUCOM/AppData/Roaming/Godot/app_userdata/Joseon Hunters/wt/codex-96-boss-opening-cutin/save_e2e.json)
[Boss] killed area=soeburi level=9 flags={ "opening_pending": false, "seal:boss_bulgasari": 1, "boss_killed_soeburi": true }
[Dungeon] soeburi 2층 lv=8 seed=212727641 gen 64x64 rooms=8 up=(15, 24) down=(52, 52) enemies=27 roster=plague_miner,soemeogi,yacha,nachalnyeo elites=["방2:파란×3(깊이 0.50)", "방3:금색×3(깊이 0.33)"] named=방4 (50, 21)
[Audio] BGM dungeon → dungeon_4.ogg
[Save] level 쇠부리 폐광 2층 → user://save_e2e.json (C:/Users/FORYOUCOM/AppData/Roaming/Godot/app_userdata/Joseon Hunters/wt/codex-96-boss-opening-cutin/save_e2e.json)
[Dev] stairs StairsUp dir=-1 world=(15.5, 0.0, 24.5) screen=(177.1665, -1400.943)
[Dev] stairs StairsDown dir=1 world=(52.5, 0.0, 52.5) screen=(593.7166, 335.951)
[Dev] interact LootChest world=(2.5, 0.0, 46.5) screen=(-1442.751, -1208.55)
[Dev] interact @Area3D@59254 world=(55.5, 0.0, 47.5) screen=(963.9835, 234.4087)
[Dev] interact @Area3D@59255 world=(36.5, 0.0, 23.5) screen=(1195.4, -914.6136)
[Dev] interact LootPot world=(54.5, 0.0, 17.5) screen=(2306.201, -593.9562)
[Dev] interact @Area3D@59256 world=(55.5, 0.0, 18.5) screen=(2306.201, -540.5134)
[Dev] interact @Area3D@59257 world=(54.5, 0.0, 18.5) screen=(2259.917, -567.2349)
[Dev] interact @Area3D@59258 world=(17.5, 0.0, 48.5) screen=(-841.0674, -754.285)
[Dev] interact @Area3D@59259 world=(18.5, 0.0, 48.5) screen=(-794.7842, -727.5635)
[Dev] interact @Area3D@59260 world=(12.5, 0.0, 19.5) screen=(269.7333, -1662.814)
[Dungeon] soeburi 1층 lv=7 seed=2076465379 gen 64x64 rooms=6 up=(10, 55) down=(55, 10) enemies=20 roster=plague_miner,cave_bat,soemeogi elites=["방4:금색×3(깊이 0.50)"] named=-
[Save] level 쇠부리 폐광 1층 → user://save_e2e.json (C:/Users/FORYOUCOM/AppData/Roaming/Godot/app_userdata/Joseon Hunters/wt/codex-96-boss-opening-cutin/save_e2e.json)
[Dev] stairs StairsUp dir=-1 world=(10.5, 0.0, 55.5) screen=(-3571.785, 335.9509)
[Dev] stairs StairsDown dir=1 world=(55.5, 0.0, 10.5) screen=(593.7168, 335.9508)
[Dev] interact LootChest world=(42.5, 0.0, 31.5) screen=(-979.9173, 501.6231)
[Dev] interact @Area3D@59433 world=(59.5, 0.0, 15.5) screen=(547.4335, 528.3445)
[Dev] interact @Area3D@59434 world=(49.5, 0.0, 19.5) screen=(-100.5336, 368.0159)
[Dev] interact LootPot world=(22.5, 0.0, 36.5) screen=(-2137.001, 100.8013)
[Dev] interact @Area3D@59435 world=(22.5, 0.0, 37.5) screen=(-2183.285, 127.5228)
[Dev] interact @Area3D@59436 world=(60.5, 0.0, 7.5) screen=(963.9837, 341.2944)
[Dev] interact @Area3D@59437 world=(59.5, 0.0, 6.5) screen=(963.9836, 287.8515)
[Dev] interact @Area3D@59438 world=(38.5, 0.0, 23.5) screen=(-794.7838, 180.9657)
[Dev] interact @Area3D@59439 world=(39.5, 0.0, 23.5) screen=(-748.5005, 207.6872)
[Dev] interact @Area3D@59440 world=(37.5, 0.0, 23.5) screen=(-841.0672, 154.2443)
[Audio] 같은 순간 같은 큐 상한(3) 넘침 — bat_attack ×2 (버림 누계 629)
[Audio] 같은 순간 같은 큐 상한(3) 넘침 — bat_attack ×1 (버림 누계 630)
[Field] jeongnyeongjae seed=3599041059 128x176 props=2821 packs=13 enemies=72 waypoint=(61, 66) roster=hwajeok,vampire_bat,lightning_master | hwajeok,hollin_yeogung_bow,gaekgwi elites=["8:금색×3@구간2", "10:금색×3@구간3"]
[Save] level 정령재 → user://save_e2e.json (C:/Users/FORYOUCOM/AppData/Roaming/Godot/app_userdata/Joseon Hunters/wt/codex-96-boss-opening-cutin/save_e2e.json)
[Dev] stairs Down_cave dir=1 world=(60.5, 0.0, 3.5) screen=(917.7001, -3057.673)
[Dev] stairs Down_mine dir=1 world=(125.5, 0.0, 70.5) screen=(825.1334, 469.5583)
[Dev] interact Waypoint world=(61.5, 0.0, 66.5) screen=(-1951.868, -1395.6)
[Dev] interact LootChest world=(5.5, 0.0, 141.5) screen=(-8014.987, -887.8924)
[Dev] interact @Area3D@60815 world=(26.5, 0.0, 123.5) screen=(-6209.937, -807.7277)
[Dev] interact @Area3D@60816 world=(61.5, 0.0, 88.5) screen=(-2970.102, -807.7279)
[Dev] interact @Area3D@60817 world=(82.5, 0.0, 48.5) screen=(-146.8171, -1315.435)
[Dev] interact LootPot world=(70.5, 0.0, 9.5) screen=(1102.833, -2678.229)
[Dev] interact @Area3D@60818 world=(59.5, 0.0, 82.5) screen=(-2784.968, -1021.499)
[Dev] interact @Area3D@60819 world=(39.5, 0.0, 58.5) screen=(-2599.834, -2197.243)
[Dev] interact @Area3D@60820 world=(32.5, 0.0, 37.5) screen=(-1951.868, -2945.444)
[Dev] interact @Area3D@60821 world=(30.5, 0.0, 123.5) screen=(-6024.804, -700.8422)
[Dev] interact @Area3D@60822 world=(96.5, 0.0, 125.5) screen=(-3062.668, 1116.217)
[Dev] interact @Area3D@60823 world=(89.5, 0.0, 59.5) screen=(-331.9504, -834.4492)
[Dev] interact @Area3D@60824 world=(22.5, 0.0, 41.5) screen=(-2599.835, -3105.772)
[Dev] interact @Area3D@60825 world=(56.5, 0.0, 51.5) screen=(-1489.035, -1930.029)
[Dev] interact @Area3D@60826 world=(7.5, 0.0, 142.5) screen=(-7968.704, -807.7279)
[Dev] interact @Area3D@60827 world=(101.5, 0.0, 72.5) screen=(-378.2339, -166.413)
[Dev] interact @Area3D@60828 world=(77.5, 0.0, 34.5) screen=(269.733, -1823.143)
E2E mine_walk PASS (검사 66)
[Audio] BGM town → town.ogg
[Save] level 못골 마을 → user://save_e2e.json (C:/Users/FORYOUCOM/AppData/Roaming/Godot/app_userdata/Joseon Hunters/wt/codex-96-boss-opening-cutin/save_e2e.json)
[Dev] stairs DungeonEntrance dir=1 world=(0.0, 0.0, -31.0) screen=(2121.067, -492.4143)
[Dev] interact Merchant world=(5.4, 0.0, -2.4) screen=(1047.293, 368.0158)
[Dev] interact Shaman world=(-5.6, 0.0, 0.4) screen=(408.5833, 148.8999)
[Dev] interact Elder world=(2.0, 0.0, -5.6) screen=(1038.037, 191.6542)
[Dev] interact Waypoint world=(-4.2, 0.0, 2.2) screen=(390.0698, 234.4085)
E2E ▶ bongmil_walk
[Save] level 못골 마을 → user://save_e2e.json (C:/Users/FORYOUCOM/AppData/Roaming/Godot/app_userdata/Joseon Hunters/wt/codex-96-boss-opening-cutin/save_e2e.json)
[Dev] stairs DungeonEntrance dir=1 world=(0.0, 0.0, -31.0) screen=(751.08, 298.5407)
[Dev] interact Merchant world=(5.4, 0.0, -2.4) screen=(-322.6938, 1158.971)
[Dev] interact Shaman world=(-5.6, 0.0, 0.4) screen=(-961.4041, 939.8548)
[Dev] interact Elder world=(2.0, 0.0, -5.6) screen=(-331.9505, 982.6092)
[Dev] interact Waypoint world=(-4.2, 0.0, 2.2) screen=(-979.9176, 1025.363)
[Click] world=(-0.000002, 0.0, -31.0) cell=(-1, -31)
[Click] world=(0.0, 0.000002, -31.0) cell=(0, -31)
[Click] world=(0.0, 0.000002, -31.0) cell=(0, -31)
[SealGate] bongmil_gul 열림 — 회차 1 · 댄 조각 ["seal_heukrang", "seal_jangsanbeom", "seal_bulgasari"]
[Click] world=(0.0, 0.000002, -31.0) cell=(0, -31)
[Seal] bongmil_gul 1층 봉인석 3/3 남음 [(26, 29), (33, 39), (30, 55)]
[Dungeon] bongmil_gul 1층 lv=10 seed=696739425 gen 72x72 rooms=11 up=(36, 11) down=(48, 59) enemies=46 roster=honbureum_sulsa,hollin_yeogung_bow2,hollin_yeogung_spear,yeou elites=["방7:금색×5(깊이 0.89)", "방4:파란×4(깊이 0.33)"] named=-
[Audio] BGM dungeon → dungeon_2.ogg
[Save] level 봉밀굴 초굴 → user://save_e2e.json (C:/Users/FORYOUCOM/AppData/Roaming/Godot/app_userdata/Joseon Hunters/wt/codex-96-boss-opening-cutin/save_e2e.json)
[Dev] stairs StairsUp dir=-1 world=(36.5, 0.0, 11.5) screen=(593.7167, 335.9507)
[Dev] stairs StairsDown dir=1 world=(48.5, 0.0, 59.5) screen=(-1072.484, 1939.238)
[Dev] interact SealStone_0 world=(26.5, 0.0, 29.5) screen=(-702.2173, 501.623)
[Dev] interact SealStone_1 world=(33.5, 0.0, 39.5) screen=(-841.0674, 955.8877)
[Dev] interact SealStone_2 world=(30.5, 0.0, 55.5) screen=(-1720.451, 1303.267)
[Dev] interact LootChest world=(29.5, 0.0, 23.5) screen=(-285.6672, 421.4587)
[Dev] interact @Area3D@61474 world=(34.5, 0.0, 35.5) screen=(-609.6506, 875.7233)
[Dev] interact @Area3D@61475 world=(6.5, 0.0, 51.5) screen=(-2646.118, 555.0659)
[Dev] interact LootPot world=(5.5, 0.0, 49.5) screen=(-2599.835, 474.9016)
[Dev] interact @Area3D@61476 world=(6.5, 0.0, 50.5) screen=(-2599.835, 528.3444)
[Dev] interact @Area3D@61477 world=(56.5, 0.0, 9.5) screen=(1611.951, 768.8375)
[Dev] interact @Area3D@61478 world=(21.5, 0.0, 34.5) screen=(-1165.051, 501.623)
[Dev] interact @Area3D@61479 world=(3.5, 0.0, 21.5) screen=(-1396.468, -326.7419)
[Dev] interact @Area3D@61480 world=(4.5, 0.0, 20.5) screen=(-1303.901, -326.742)
[Dev] interact @Area3D@61481 world=(5.5, 0.0, 20.5) screen=(-1257.618, -300.0205)
[Dev] interact @Area3D@61482 world=(42.5, 0.0, 54.5) screen=(-1118.768, 1597.202)
[Dev] interact @Area3D@61483 world=(51.5, 0.0, 51.5) screen=(-563.3672, 1757.531)
  · 1층 72x72 · 적 46 · 명단 ["honbureum_sulsa", "hollin_yeogung_bow2", "hollin_yeogung_spear", "yeou"] · 장식 { "Stele": 9, "SteleFallen": 8, "PaperBits": 47, "Bones": 15, "RuinStone": 54, "RopeIntact": 19 } · 정예 자리 2 · 네임드 (-1, -1) · 봉인석 [(26, 29), (33, 39), (30, 55)] · 고리 [(0, 2), (2, 5), (1, 9)]
[Dev] removed 46 enemies
[Click] world=(48.5, 0.0, 59.5) cell=(48, 59)
[Click] world=(26.5, 0.0, 29.5) cell=(26, 29)
[Seal] bongmil_gul 1층 봉인석 2/3 남음 [(26, 29), (33, 39), (30, 55)]
[Seal] bongmil_gul 1층 봉인석 1/3 남음 [(26, 29), (33, 39), (30, 55)]
[Seal] bongmil_gul 1층 봉인석 0/3 남음 [(26, 29), (33, 39), (30, 55)]
[Seal] bongmil_gul 1층 봉인석 0/3 남음 [(26, 29), (33, 39), (30, 55)]
[Dungeon] bongmil_gul 1층 lv=10 seed=696739425 gen 72x72 rooms=11 up=(36, 11) down=(48, 59) enemies=46 roster=honbureum_sulsa,hollin_yeogung_bow2,hollin_yeogung_spear,yeou elites=["방7:금색×5(깊이 0.89)", "방4:파란×4(깊이 0.33)"] named=-
[Save] level 봉밀굴 초굴 → user://save_e2e.json (C:/Users/FORYOUCOM/AppData/Roaming/Godot/app_userdata/Joseon Hunters/wt/codex-96-boss-opening-cutin/save_e2e.json)
[Dev] stairs StairsUp dir=-1 world=(36.5, 0.0, 11.5) screen=(593.7167, 335.9507)
[Dev] stairs StairsDown dir=1 world=(48.5, 0.0, 59.5) screen=(-1072.484, 1939.238)
[Dev] interact SealStone_0 world=(26.5, 0.0, 29.5) screen=(-702.2173, 501.623)
[Dev] interact SealStone_1 world=(33.5, 0.0, 39.5) screen=(-841.0674, 955.8877)
[Dev] interact SealStone_2 world=(30.5, 0.0, 55.5) screen=(-1720.451, 1303.267)
[Dev] interact LootChest world=(29.5, 0.0, 23.5) screen=(-285.6672, 421.4587)
[Dev] interact @Area3D@61816 world=(34.5, 0.0, 35.5) screen=(-609.6506, 875.7233)
[Dev] interact @Area3D@61817 world=(6.5, 0.0, 51.5) screen=(-2646.118, 555.0659)
[Dev] interact LootPot world=(5.5, 0.0, 49.5) screen=(-2599.835, 474.9016)
[Dev] interact @Area3D@61818 world=(6.5, 0.0, 50.5) screen=(-2599.835, 528.3444)
[Dev] interact @Area3D@61819 world=(56.5, 0.0, 9.5) screen=(1611.951, 768.8375)
[Dev] interact @Area3D@61820 world=(21.5, 0.0, 34.5) screen=(-1165.051, 501.623)
[Dev] interact @Area3D@61821 world=(3.5, 0.0, 21.5) screen=(-1396.468, -326.7419)
[Dev] interact @Area3D@61822 world=(4.5, 0.0, 20.5) screen=(-1303.901, -326.742)
[Dev] interact @Area3D@61823 world=(5.5, 0.0, 20.5) screen=(-1257.618, -300.0205)
[Dev] interact @Area3D@61824 world=(42.5, 0.0, 54.5) screen=(-1118.768, 1597.202)
[Dev] interact @Area3D@61825 world=(51.5, 0.0, 51.5) screen=(-563.3672, 1757.531)
[Dev] removed 46 enemies
[Click] world=(48.5, 0.0, 59.5) cell=(48, 59)
[Seal] bongmil_gul 2층 봉인석 3/3 남음 [(23, 20), (31, 12), (45, 7)]
[Dungeon] bongmil_gul 2층 lv=11 seed=2770941237 gen 72x72 rooms=9 up=(18, 45) down=(57, 46) enemies=35 roster=honbureum_sulsa,hollin_yeogung_bow2,hollin_yeogung_spear,yeou elites=["방2:파란×3(깊이 0.29)", "방6:금색×5(깊이 0.43)"] named=-
[Save] level 봉밀굴 중굴 → user://save_e2e.json (C:/Users/FORYOUCOM/AppData/Roaming/Godot/app_userdata/Joseon Hunters/wt/codex-96-boss-opening-cutin/save_e2e.json)
[Dev] stairs StairsUp dir=-1 world=(18.5, 0.0, 45.5) screen=(593.7167, 335.9507)
[Dev] stairs StairsDown dir=1 world=(57.5, 0.0, 46.5) screen=(2352.484, 1404.809)
[Dev] interact Waypoint world=(33.5, 0.0, 36.5) screen=(1704.517, 448.1801)
[Dev] interact SealStone_0 world=(23.5, 0.0, 20.5) screen=(1982.217, -246.5777)
[Dev] interact SealStone_1 world=(31.5, 0.0, 12.5) screen=(2722.751, -246.5776)
[Dev] interact SealStone_2 world=(45.5, 0.0, 7.5) screen=(3602.135, -6.08458)
[Dev] interact LootChest world=(18.5, 0.0, 19.5) screen=(1797.084, -406.9063)
[Dev] interact @Area3D@62099 world=(11.5, 0.0, 32.5) screen=(871.4167, -246.5776)
[Dev] interact @Area3D@62100 world=(54.5, 0.0, 40.5) screen=(2491.334, 1116.216)
[Dev] interact LootPot world=(58.5, 0.0, 52.5) screen=(2121.067, 1543.76)
[Dev] interact @Area3D@62101 world=(59.5, 0.0, 27.5) screen=(3324.435, 902.4448)
[Dev] interact @Area3D@62102 world=(58.5, 0.0, 27.5) screen=(3278.152, 875.7233)
[Dev] interact @Area3D@62103 world=(10.5, 0.0, 32.5) screen=(825.1335, -273.2991)
[Dev] interact @Area3D@62104 world=(9.5, 0.0, 31.5) screen=(825.1334, -326.742)
[Dev] interact @Area3D@62105 world=(10.5, 0.0, 31.5) screen=(871.4167, -300.0205)
[Dev] interact @Area3D@62106 world=(32.5, 0.0, 39.5) screen=(1519.384, 501.623)
[Dev] interact @Area3D@62107 world=(20.5, 0.0, 65.5) screen=(-239.3838, 875.7233)
[Dev] interact @Area3D@62108 world=(19.5, 0.0, 64.5) screen=(-239.3838, 822.2805)
[Dev] interact @Area3D@62109 world=(19.5, 0.0, 63.5) screen=(-193.1004, 795.559)
  · 2층 72x72 · 적 35 · 명단 ["honbureum_sulsa", "hollin_yeogung_bow2", "hollin_yeogung_spear", "yeou"] · 장식 { "Stele": 3, "SteleFallen": 4, "PaperBits": 42, "Bones": 16, "RuinStone": 29, "RopeIntact": 11 } · 정예 자리 2 · 네임드 (-1, -1) · 봉인석 [(23, 20), (31, 12), (45, 7)] · 고리 [(4, 6), (3, 4), (0, 2), (4, 8)]
[Dev] removed 35 enemies
[Seal] bongmil_gul 3층 봉인석 3/3 남음 [(22, 44), (59, 11), (63, 39)]
[Dungeon] bongmil_gul 3층 lv=12 seed=2306257040 gen 72x72 rooms=9 up=(21, 18) down=(57, 55) enemies=34 roster=hollin_yeogung_bow2,hollin_yeogung_spear,yeou,wang_geomi elites=["방6:파란×4(깊이 0.86)", "방5:파란×4(깊이 0.29)"] named=방1 (6, 61)
[Save] level 봉밀굴 심굴 → user://save_e2e.json (C:/Users/FORYOUCOM/AppData/Roaming/Godot/app_userdata/Joseon Hunters/wt/codex-96-boss-opening-cutin/save_e2e.json)
[Dev] stairs StairsUp dir=-1 world=(21.5, 0.0, 18.5) screen=(593.7167, 335.9507)
[Dev] stairs StairsDown dir=1 world=(57.5, 0.0, 55.5) screen=(547.4333, 2286.616)
[Dev] interact SealStone_0 world=(22.5, 0.0, 44.5) screen=(-563.3672, 1009.331)
[Dev] interact SealStone_1 world=(59.5, 0.0, 11.5) screen=(2676.468, 1116.216)
[Dev] interact SealStone_2 world=(63.5, 0.0, 39.5) screen=(1565.667, 1971.303)
[Dev] interact LootChest world=(25.5, 0.0, 39.5) screen=(-193.1004, 955.8877)
[Dev] interact @Area3D@62388 world=(26.5, 0.0, 11.5) screen=(1149.117, 234.4085)
[Dev] interact @Area3D@62389 world=(9.5, 0.0, 67.5) screen=(-2229.568, 1276.545)
[Dev] interact LootPot world=(13.5, 0.0, 31.5) screen=(-378.2338, 421.4586)
[Dev] interact @Area3D@62390 world=(13.5, 0.0, 32.5) screen=(-424.5172, 448.1801)
[Dev] interact @Area3D@62391 world=(14.5, 0.0, 30.5) screen=(-285.6672, 421.4587)
[Dev] interact @Area3D@62392 world=(58.5, 0.0, 38.5) screen=(1380.534, 1810.974)
[Dev] interact @Area3D@62393 world=(59.5, 0.0, 39.5) screen=(1380.534, 1864.417)
[Dev] interact @Area3D@62394 world=(58.5, 0.0, 39.5) screen=(1334.25, 1837.695)
  · 3층 72x72 · 적 33 · 명단 ["hollin_yeogung_bow2", "hollin_yeogung_spear", "yeou", "wang_geomi"] · 장식 { "Stele": 6, "SteleFallen": 2, "PaperBits": 38, "Bones": 16, "RuinStone": 40, "RopeIntact": 11 } · 정예 자리 2 · 네임드 (6, 61) · 봉인석 [(22, 44), (59, 11), (63, 39)] · 고리 [(7, 8), (3, 8), (2, 6)]
[Dev] removed 34 enemies
[Dungeon] bongmil_gul 4층 lv=12 seed=3811254728 preset 32x30 rooms=2 up=(26, 23) down=(-1, -1) enemies=3 roster=yeou,yeoubul elites=[] named=-
[Audio] BGM boss → boss.ogg
[Save] level 봉밀굴 구미원 → user://save_e2e.json (C:/Users/FORYOUCOM/AppData/Roaming/Godot/app_userdata/Joseon Hunters/wt/codex-96-boss-opening-cutin/save_e2e.json)
[Dev] stairs StairsUp dir=-1 world=(26.5, 0.0, 23.5) screen=(593.7167, 335.9507)
  · 4층 32x30 · 적 3 · 명단 ["yeou", "yeoubul"] · 장식 { "PaperBits": 8, "Bones": 6, "RuinStone": 11, "RopeIntact": 2 } · 정예 자리 0 · 네임드 (-1, -1) · 봉인석 [] · 고리 []
[Kill] +3840 xp (lv 12, 256/831)
[LevelUp] lv=12 stat_pts=55 skill_pts=11
[Dev] item 미식별 금가락지 world=(11.5, 0.0, 7.604293) screen=(635.1729, -519.6903)
[Dev] item 영약 — 총명탕 world=(11.5, 0.0, 7.604293) screen=(635.1729, -519.6903)
[Dev] item 영약 — 총명탕 world=(11.5, 0.0, 7.604293) screen=(635.1729, -519.6903)
[Dev] item 탕약 — 십전대보탕 world=(11.5, 0.0, 7.604293) screen=(635.1729, -519.6903)
[Dev] item 식별부첩 world=(11.5, 0.0, 7.604293) screen=(635.1729, -519.6903)
[Dev] item 구미호 꼬리털 world=(11.5, 0.0, 7.604293) screen=(635.1729, -519.6903)
[Dev] item 미식별 환도 world=(11.5, 0.0, 7.604293) screen=(635.1729, -519.6903)
[Dev] item 미식별 제독검 world=(11.5, 0.0, 7.604293) screen=(635.1729, -519.6903)
[Dev] item 미식별 야광주 world=(11.5, 0.0, 7.604293) screen=(635.1729, -519.6903)
[Loot] 보스 전용 유니크 — boss_gumiho 첫 처치 → u_fox_bead (회차 1)
[Dev] item 엽전 world=(11.5, 0.0, 7.604293) screen=(635.1729, -519.6903)
[Save] boss → user://save_e2e.json (C:/Users/FORYOUCOM/AppData/Roaming/Godot/app_userdata/Joseon Hunters/wt/codex-96-boss-opening-cutin/save_e2e.json)
[Boss] killed area=bongmil_gul level=12 flags={ "opening_pending": false, "boss_killed_heukrang_gul": true, "boss_killed_beomgul": true, "boss_killed_soeburi": true, "seal_gate": 1, "sealstone:bongmil_gul:1:0": 1, "sealstone:bongmil_gul:1:1": 1, "sealstone:bongmil_gul:1:2": 1, "boss_killed_bongmil_gul": true }
[Seal] bongmil_gul 3층 봉인석 3/3 남음 [(22, 44), (59, 11), (63, 39)]
[Dungeon] bongmil_gul 3층 lv=12 seed=2306257040 gen 72x72 rooms=9 up=(21, 18) down=(57, 55) enemies=34 roster=hollin_yeogung_bow2,hollin_yeogung_spear,yeou,wang_geomi elites=["방6:파란×4(깊이 0.86)", "방5:파란×4(깊이 0.29)"] named=방1 (6, 61)
[Audio] BGM dungeon → dungeon_1.ogg
[Save] level 봉밀굴 심굴 → user://save_e2e.json (C:/Users/FORYOUCOM/AppData/Roaming/Godot/app_userdata/Joseon Hunters/wt/codex-96-boss-opening-cutin/save_e2e.json)
[Dev] stairs StairsUp dir=-1 world=(21.5, 0.0, 18.5) screen=(640.0, -1614.715)
[Dev] stairs StairsDown dir=1 world=(57.5, 0.0, 55.5) screen=(593.7166, 335.951)
[Dev] interact SealStone_0 world=(22.5, 0.0, 44.5) screen=(-517.0838, -941.3351)
[Dev] interact SealStone_1 world=(59.5, 0.0, 11.5) screen=(2722.751, -834.4494)
[Dev] interact SealStone_2 world=(63.5, 0.0, 39.5) screen=(1611.95, 20.63713)
[Dev] interact LootChest world=(25.5, 0.0, 39.5) screen=(-146.8171, -994.7781)
[Dev] interact @Area3D@62763 world=(26.5, 0.0, 11.5) screen=(1195.4, -1716.257)
[Dev] interact @Area3D@62764 world=(9.5, 0.0, 67.5) screen=(-2183.285, -674.1207)
[Dev] interact LootPot world=(13.5, 0.0, 31.5) screen=(-331.9506, -1529.207)
[Dev] interact @Area3D@62765 world=(13.5, 0.0, 32.5) screen=(-378.2339, -1502.486)
[Dev] interact @Area3D@62766 world=(14.5, 0.0, 30.5) screen=(-239.3838, -1529.207)
[Dev] interact @Area3D@62767 world=(58.5, 0.0, 38.5) screen=(1426.817, -139.6916)
[Dev] interact @Area3D@62768 world=(59.5, 0.0, 39.5) screen=(1426.817, -86.24873)
[Dev] interact @Area3D@62769 world=(58.5, 0.0, 39.5) screen=(1380.534, -112.9701)
[Seal] bongmil_gul 2층 봉인석 3/3 남음 [(23, 20), (31, 12), (45, 7)]
[Dungeon] bongmil_gul 2층 lv=11 seed=2770941237 gen 72x72 rooms=9 up=(18, 45) down=(57, 46) enemies=35 roster=honbureum_sulsa,hollin_yeogung_bow2,hollin_yeogung_spear,yeou elites=["방2:파란×3(깊이 0.29)", "방6:금색×5(깊이 0.43)"] named=-
[Save] level 봉밀굴 중굴 → user://save_e2e.json (C:/Users/FORYOUCOM/AppData/Roaming/Godot/app_userdata/Joseon Hunters/wt/codex-96-boss-opening-cutin/save_e2e.json)
[Dev] stairs StairsUp dir=-1 world=(18.5, 0.0, 45.5) screen=(-1165.051, -732.9071)
[Dev] stairs StairsDown dir=1 world=(57.5, 0.0, 46.5) screen=(593.7168, 335.9508)
[Dev] interact Waypoint world=(33.5, 0.0, 36.5) screen=(-54.25018, -620.6779)
[Dev] interact SealStone_0 world=(23.5, 0.0, 20.5) screen=(223.4499, -1315.435)
[Dev] interact SealStone_1 world=(31.5, 0.0, 12.5) screen=(963.9836, -1315.435)
[Dev] interact SealStone_2 world=(45.5, 0.0, 7.5) screen=(1843.367, -1074.943)
[Dev] interact LootChest world=(18.5, 0.0, 19.5) screen=(38.31638, -1475.764)
[Dev] interact @Area3D@63044 world=(11.5, 0.0, 32.5) screen=(-887.3505, -1315.436)
[Dev] interact @Area3D@63045 world=(54.5, 0.0, 40.5) screen=(732.5669, 47.35843)
[Dev] interact LootPot world=(58.5, 0.0, 52.5) screen=(362.3001, 474.9017)
[Dev] interact @Area3D@63046 world=(59.5, 0.0, 27.5) screen=(1565.667, -166.4132)
[Dev] interact @Area3D@63047 world=(58.5, 0.0, 27.5) screen=(1519.384, -193.1345)
[Dev] interact @Area3D@63048 world=(10.5, 0.0, 32.5) screen=(-933.6339, -1342.157)
[Dev] interact @Area3D@63049 world=(9.5, 0.0, 31.5) screen=(-933.6339, -1395.6)
[Dev] interact @Area3D@63050 world=(10.5, 0.0, 31.5) screen=(-887.3505, -1368.878)
[Dev] interact @Area3D@63051 world=(32.5, 0.0, 39.5) screen=(-239.3835, -567.2349)
[Dev] interact @Area3D@63052 world=(20.5, 0.0, 65.5) screen=(-1998.151, -193.1346)
[Dev] interact @Area3D@63053 world=(19.5, 0.0, 64.5) screen=(-1998.151, -246.5775)
[Dev] interact @Area3D@63054 world=(19.5, 0.0, 63.5) screen=(-1951.868, -273.299)
[Seal] bongmil_gul 1층 봉인석 0/3 남음 [(26, 29), (33, 39), (30, 55)]
[Dungeon] bongmil_gul 1층 lv=10 seed=696739425 gen 72x72 rooms=11 up=(36, 11) down=(48, 59) enemies=46 roster=honbureum_sulsa,hollin_yeogung_bow2,hollin_yeogung_spear,yeou elites=["방7:금색×5(깊이 0.89)", "방4:파란×4(깊이 0.33)"] named=-
[Save] level 봉밀굴 초굴 → user://save_e2e.json (C:/Users/FORYOUCOM/AppData/Roaming/Godot/app_userdata/Joseon Hunters/wt/codex-96-boss-opening-cutin/save_e2e.json)
[Dev] stairs StairsUp dir=-1 world=(36.5, 0.0, 11.5) screen=(2259.917, -1267.336)
[Dev] stairs StairsDown dir=1 world=(48.5, 0.0, 59.5) screen=(593.7166, 335.951)
[Dev] interact SealStone_0 world=(26.5, 0.0, 29.5) screen=(963.9833, -1101.664)
[Dev] interact SealStone_1 world=(33.5, 0.0, 39.5) screen=(825.1335, -647.3992)
[Dev] interact SealStone_2 world=(30.5, 0.0, 55.5) screen=(-54.25034, -300.0203)
[Dev] interact LootChest world=(29.5, 0.0, 23.5) screen=(1380.534, -1181.828)
[Dev] interact @Area3D@63385 world=(34.5, 0.0, 35.5) screen=(1056.55, -727.5634)
[Dev] interact @Area3D@63386 world=(6.5, 0.0, 51.5) screen=(-979.9175, -1048.221)
[Dev] interact LootPot world=(5.5, 0.0, 49.5) screen=(-933.6342, -1128.385)
[Dev] interact @Area3D@63387 world=(6.5, 0.0, 50.5) screen=(-933.634, -1074.942)
[Dev] interact @Area3D@63388 world=(56.5, 0.0, 9.5) screen=(3278.152, -834.4494)
[Dev] interact @Area3D@63389 world=(21.5, 0.0, 34.5) screen=(501.1499, -1101.664)
[Dev] interact @Area3D@63390 world=(3.5, 0.0, 21.5) screen=(269.7333, -1930.029)
[Dev] interact @Area3D@63391 world=(4.5, 0.0, 20.5) screen=(362.2998, -1930.029)
[Dev] interact @Area3D@63392 world=(5.5, 0.0, 20.5) screen=(408.5833, -1903.307)
[Dev] interact @Area3D@63393 world=(42.5, 0.0, 54.5) screen=(547.4333, -6.084323)
[Dev] interact @Area3D@63394 world=(51.5, 0.0, 51.5) screen=(1102.833, 154.2444)
[Audio] BGM town → town.ogg
[Save] level 못골 마을 → user://save_e2e.json (C:/Users/FORYOUCOM/AppData/Roaming/Godot/app_userdata/Joseon Hunters/wt/codex-96-boss-opening-cutin/save_e2e.json)
[Dev] stairs DungeonEntrance dir=1 world=(0.0, 0.0, -31.0) screen=(751.08, 298.5407)
[Dev] interact Merchant world=(5.4, 0.0, -2.4) screen=(-322.6938, 1158.971)
[Dev] interact Shaman world=(-5.6, 0.0, 0.4) screen=(-961.4041, 939.8548)
[Dev] interact Elder world=(2.0, 0.0, -5.6) screen=(-331.9505, 982.6092)
[Dev] interact Waypoint world=(-4.2, 0.0, 2.2) screen=(-979.9176, 1025.363)
E2E bongmil_walk PASS (검사 100)
[Save] level 못골 마을 → user://save_e2e.json (C:/Users/FORYOUCOM/AppData/Roaming/Godot/app_userdata/Joseon Hunters/wt/codex-96-boss-opening-cutin/save_e2e.json)
[Dev] stairs DungeonEntrance dir=1 world=(0.0, 0.0, -31.0) screen=(2121.067, -492.4143)
[Dev] interact Merchant world=(5.4, 0.0, -2.4) screen=(1047.293, 368.0158)
[Dev] interact Shaman world=(-5.6, 0.0, 0.4) screen=(408.5833, 148.8999)
[Dev] interact Elder world=(2.0, 0.0, -5.6) screen=(1038.037, 191.6542)
[Dev] interact Waypoint world=(-4.2, 0.0, 2.2) screen=(390.0698, 234.4085)
E2E ▶ town_exits
[Dungeon] heukrang_gul 1층 lv=2 seed=403727558 gen 64x64 rooms=6 up=(44, 56) down=(7, 23) enemies=20 roster=bandit,bat,talisman_master elites=["방2:금색×3(깊이 0.50)"] named=-
[Quest] heukrang_gul 1층 — 싹쓸이 셈 시작 20 (heukrang_clear:none)
[Audio] BGM dungeon → dungeon_2.ogg
[Save] level 흑랑 굴 1층 → user://save_e2e.json (C:/Users/FORYOUCOM/AppData/Roaming/Godot/app_userdata/Joseon Hunters/wt/codex-96-boss-opening-cutin/save_e2e.json)
[Dev] stairs StairsUp dir=-1 world=(44.5, 0.0, 56.5) screen=(593.7165, 335.9509)
[Dev] stairs StairsDown dir=1 world=(7.5, 0.0, 23.5) screen=(408.583, -1534.551)
[Dev] interact PusJar world=(29.5, 0.0, 42.5) screen=(547.433, -487.0705)
[Dev] interact @Area3D@63894 world=(14.5, 0.0, 24.5) screen=(686.2831, -1368.878)
[Dev] interact @Area3D@63895 world=(23.5, 0.0, 18.5) screen=(1380.534, -1288.714)
[Dev] interact LootChest world=(29.5, 0.0, 39.5) screen=(686.2831, -567.2349)
[Dev] interact @Area3D@63896 world=(40.5, 0.0, 38.5) screen=(1241.683, -300.0204)
[Dev] interact LootPot world=(21.5, 0.0, 43.5) screen=(130.8828, -674.1207)
[Dev] interact @Area3D@63897 world=(22.5, 0.0, 44.5) screen=(130.8829, -620.6779)
[Dev] interact @Area3D@63898 world=(19.5, 0.0, 9.5) screen=(1611.95, -1636.093)
[Dev] interact @Area3D@63899 world=(20.5, 0.0, 9.5) screen=(1658.234, -1609.372)
[Dev] interact @Area3D@63900 world=(44.5, 0.0, 51.5) screen=(825.1333, 154.2443)
[Dev] interact @Area3D@63901 world=(44.5, 0.0, 52.5) screen=(778.8499, 180.9657)
[Dev] interact @Area3D@63902 world=(21.5, 0.0, 39.5) screen=(316.0163, -781.0065)
E2E town_exits PASS (검사 8)
[Audio] BGM town → town.ogg
[Save] level 못골 마을 → user://save_e2e.json (C:/Users/FORYOUCOM/AppData/Roaming/Godot/app_userdata/Joseon Hunters/wt/codex-96-boss-opening-cutin/save_e2e.json)
[Dev] stairs DungeonEntrance dir=1 world=(0.0, 0.0, -31.0) screen=(2121.067, -492.4143)
[Dev] interact Merchant world=(5.4, 0.0, -2.4) screen=(1047.293, 368.0158)
[Dev] interact Shaman world=(-5.6, 0.0, 0.4) screen=(408.5833, 148.8999)
[Dev] interact Elder world=(2.0, 0.0, -5.6) screen=(1038.037, 191.6542)
[Dev] interact Waypoint world=(-4.2, 0.0, 2.2) screen=(390.0698, 234.4085)
E2E ▶ field_layout
[Dev] item 화염부 world=(32.5, 0.0, 70.5) screen=(-1072.484, 3072.227)
[Dev] item 빙결부 world=(33.5, 0.0, 69.5) screen=(-979.9173, 3072.227)
[Field] deulnyeok seed=355022911 128x128 props=2252 packs=18 enemies=74 waypoint=(62, 65) roster=bandit,bat,talisman_master elites=["13:파란×4@구간3"]
[Audio] BGM dungeon → dungeon_4.ogg
[Save] level 못골 들녘 → user://save_e2e.json (C:/Users/FORYOUCOM/AppData/Roaming/Godot/app_userdata/Joseon Hunters/wt/codex-96-boss-opening-cutin/save_e2e.json)
[Dev] stairs Down_cave dir=1 world=(88.5, 0.0, 3.5) screen=(7212.236, 897.1014)
[Dev] interact Waypoint world=(62.5, 0.0, 65.5) screen=(3139.301, 1810.974)
[Dev] interact FloorItem world=(32.5, 0.0, 70.5) screen=(1519.384, 1142.938)
[Dev] interact @Area3D@64562 world=(33.5, 0.0, 69.5) screen=(1611.95, 1142.938)
[Dev] interact PusJar world=(95.5, 0.0, 103.5) screen=(2907.884, 3708.197)
[Dev] interact @Area3D@64709 world=(101.5, 0.0, 105.5) screen=(3093.018, 3921.969)
[Dev] interact @Area3D@64710 world=(98.5, 0.0, 107.5) screen=(2861.601, 3895.247)
[Dev] interact LootChest world=(27.5, 0.0, 70.5) screen=(1287.967, 1009.331)
[Dev] interact @Area3D@64711 world=(94.5, 0.0, 100.5) screen=(3000.451, 3601.312)
[Dev] interact @Area3D@64712 world=(55.5, 0.0, 52.5) screen=(3417.001, 1276.545)
[Dev] interact LootPot world=(46.5, 0.0, 68.5) screen=(2259.917, 1463.595)
[Dev] interact @Area3D@64713 world=(73.5, 0.0, 47.5) screen=(4481.519, 1623.924)
[Dev] interact @Area3D@64714 world=(90.5, 0.0, 47.5) screen=(5268.335, 2078.189)
[Dev] interact @Area3D@64715 world=(111.5, 0.0, 49.5) screen=(6147.719, 2692.782)
[Dev] interact @Area3D@64716 world=(101.5, 0.0, 101.5) screen=(3278.151, 3815.083)
[Dev] interact @Area3D@64717 world=(86.5, 0.0, 76.5) screen=(3740.984, 2746.225)
[Dev] interact @Area3D@64718 world=(53.5, 0.0, 52.5) screen=(3324.434, 1223.102)
[Dev] interact @Area3D@64719 world=(87.5, 0.0, 95.5) screen=(2907.884, 3280.654)
[Dev] interact @Area3D@64720 world=(26.5, 0.0, 66.5) screen=(1426.817, 875.7234)
[Dev] interact @Area3D@64721 world=(17.5, 0.0, 60.5) screen=(1287.967, 474.9016)
[Dev] interact @Area3D@64722 world=(86.5, 0.0, 22.5) screen=(6240.286, 1303.266)
[Dev] interact @Area3D@64723 world=(59.5, 0.0, 65.5) screen=(3000.451, 1730.81)
[Dev] interact @Area3D@64724 world=(18.5, 0.0, 74.5) screen=(686.2832, 875.7234)
[Dev] interact @Area3D@64725 world=(44.5, 0.0, 69.5) screen=(2121.067, 1436.874)
[Dev] interact @Area3D@64726 world=(73.5, 0.0, 49.5) screen=(4388.952, 1677.367)
[Dev] interact @Area3D@64727 world=(88.5, 0.0, 52.5) screen=(4944.352, 2158.353)
  · 자리 10곳 · 모닥불 3 · 자리 둘레 소품 77
  · 들녘 모양 갈래 { "bandit_v2_dagger": 38, "bandit_v2": 33 } · 산적 있는 무리 18 중 두 갈래가 섞인 무리 17
  · 들녘 적 74 { 1: 22, 2: 27, 3: 25 } · 장식 2252 · 무리 18 · 서낭단 (62, 65)
  · 거대 건축물 자리 { "fort_lintel": (119.5388, 38.16928), "stone_pagoda": (89.5, 45.5), "flag_pillar": (86.95444, 48.04556) } · 폐사지 닻 칸 (88.5, 0.0, 44.5)
E2E field_layout PASS (검사 32)
[Audio] BGM town → town.ogg
[Save] level 못골 마을 → user://save_e2e.json (C:/Users/FORYOUCOM/AppData/Roaming/Godot/app_userdata/Joseon Hunters/wt/codex-96-boss-opening-cutin/save_e2e.json)
[Dev] stairs DungeonEntrance dir=1 world=(0.0, 0.0, -31.0) screen=(2121.067, -492.4143)
[Dev] interact Merchant world=(5.4, 0.0, -2.4) screen=(1047.293, 368.0158)
[Dev] interact Shaman world=(-5.6, 0.0, 0.4) screen=(408.5833, 148.8999)
[Dev] interact Elder world=(2.0, 0.0, -5.6) screen=(1038.037, 191.6542)
[Dev] interact Waypoint world=(-4.2, 0.0, 2.2) screen=(390.0698, 234.4085)
E2E ▶ field2_layout
[Dev] item 화염부 world=(32.5, 0.0, 70.5) screen=(-1072.484, 3072.227)
[Dev] item 빙결부 world=(33.5, 0.0, 69.5) screen=(-979.9173, 3072.227)
[Field] deulnyeok seed=355022911 128x128 props=2252 packs=18 enemies=74 waypoint=(62, 65) roster=bandit,bat,talisman_master elites=["13:파란×4@구간3"]
[Audio] BGM dungeon → dungeon_1.ogg
[Save] level 못골 들녘 → user://save_e2e.json (C:/Users/FORYOUCOM/AppData/Roaming/Godot/app_userdata/Joseon Hunters/wt/codex-96-boss-opening-cutin/save_e2e.json)
[Dev] stairs Down_cave dir=1 world=(88.5, 0.0, 3.5) screen=(7212.236, 897.1014)
[Dev] interact Waypoint world=(62.5, 0.0, 65.5) screen=(3139.301, 1810.974)
[Dev] interact FloorItem world=(32.5, 0.0, 70.5) screen=(1519.384, 1142.938)
[Dev] interact @Area3D@65387 world=(33.5, 0.0, 69.5) screen=(1611.95, 1142.938)
[Dev] interact PusJar world=(95.5, 0.0, 103.5) screen=(2907.884, 3708.197)
[Dev] interact @Area3D@65534 world=(101.5, 0.0, 105.5) screen=(3093.018, 3921.969)
[Dev] interact @Area3D@65535 world=(98.5, 0.0, 107.5) screen=(2861.601, 3895.247)
[Dev] interact LootChest world=(27.5, 0.0, 70.5) screen=(1287.967, 1009.331)
[Dev] interact @Area3D@65536 world=(94.5, 0.0, 100.5) screen=(3000.451, 3601.312)
[Dev] interact @Area3D@65537 world=(55.5, 0.0, 52.5) screen=(3417.001, 1276.545)
[Dev] interact LootPot world=(46.5, 0.0, 68.5) screen=(2259.917, 1463.595)
[Dev] interact @Area3D@65538 world=(73.5, 0.0, 47.5) screen=(4481.519, 1623.924)
[Dev] interact @Area3D@65539 world=(90.5, 0.0, 47.5) screen=(5268.335, 2078.189)
[Dev] interact @Area3D@65540 world=(111.5, 0.0, 49.5) screen=(6147.719, 2692.782)
[Dev] interact @Area3D@65541 world=(101.5, 0.0, 101.5) screen=(3278.151, 3815.083)
[Dev] interact @Area3D@65542 world=(86.5, 0.0, 76.5) screen=(3740.984, 2746.225)
[Dev] interact @Area3D@65543 world=(53.5, 0.0, 52.5) screen=(3324.434, 1223.102)
[Dev] interact @Area3D@65544 world=(87.5, 0.0, 95.5) screen=(2907.884, 3280.654)
[Dev] interact @Area3D@65545 world=(26.5, 0.0, 66.5) screen=(1426.817, 875.7234)
[Dev] interact @Area3D@65546 world=(17.5, 0.0, 60.5) screen=(1287.967, 474.9016)
[Dev] interact @Area3D@65547 world=(86.5, 0.0, 22.5) screen=(6240.286, 1303.266)
[Dev] interact @Area3D@65548 world=(59.5, 0.0, 65.5) screen=(3000.451, 1730.81)
[Dev] interact @Area3D@65549 world=(18.5, 0.0, 74.5) screen=(686.2832, 875.7234)
[Dev] interact @Area3D@65550 world=(44.5, 0.0, 69.5) screen=(2121.067, 1436.874)
[Dev] interact @Area3D@65551 world=(73.5, 0.0, 49.5) screen=(4388.952, 1677.367)
[Dev] interact @Area3D@65552 world=(88.5, 0.0, 52.5) screen=(4944.352, 2158.353)
[Dev] removed 74 enemies
[Click] world=(125.5, 0.0, 34.5) cell=(125, 34)
[Field] jeongnyeongjae seed=3599041059 128x176 props=2821 packs=13 enemies=72 waypoint=(61, 66) roster=hwajeok,vampire_bat,lightning_master | hwajeok,hollin_yeogung_bow,gaekgwi elites=["8:금색×3@구간2", "10:금색×3@구간3"]
[Save] level 정령재 → user://save_e2e.json (C:/Users/FORYOUCOM/AppData/Roaming/Godot/app_userdata/Joseon Hunters/wt/codex-96-boss-opening-cutin/save_e2e.json)
[Dev] stairs Down_cave dir=1 world=(60.5, 0.0, 3.5) screen=(9896.671, -2149.144)
[Dev] stairs Down_mine dir=1 world=(125.5, 0.0, 70.5) screen=(9804.104, 1378.087)
[Dev] interact Waypoint world=(61.5, 0.0, 66.5) screen=(7027.103, -487.0706)
[Dev] interact LootChest world=(5.5, 0.0, 141.5) screen=(963.9833, 20.637)
[Dev] interact @Area3D@66924 world=(26.5, 0.0, 123.5) screen=(2769.034, 100.8014)
[Dev] interact @Area3D@66925 world=(61.5, 0.0, 88.5) screen=(6008.868, 100.8013)
[Dev] interact @Area3D@66926 world=(82.5, 0.0, 48.5) screen=(8832.153, -406.9061)
[Dev] interact LootPot world=(70.5, 0.0, 9.5) screen=(10081.8, -1769.7)
[Dev] interact @Area3D@66927 world=(59.5, 0.0, 82.5) screen=(6194.002, -112.9702)
[Dev] interact @Area3D@66928 world=(39.5, 0.0, 58.5) screen=(6379.136, -1288.714)
[Dev] interact @Area3D@66929 world=(32.5, 0.0, 37.5) screen=(7027.103, -2036.915)
[Dev] interact @Area3D@66930 world=(30.5, 0.0, 123.5) screen=(2954.168, 207.6872)
[Dev] interact @Area3D@66931 world=(96.5, 0.0, 125.5) screen=(5916.303, 2024.746)
[Dev] interact @Area3D@66932 world=(89.5, 0.0, 59.5) screen=(8647.021, 74.08006)
[Dev] interact @Area3D@66933 world=(22.5, 0.0, 41.5) screen=(6379.136, -2197.243)
[Dev] interact @Area3D@66934 world=(56.5, 0.0, 51.5) screen=(7489.937, -1021.5)
[Dev] interact @Area3D@66935 world=(7.5, 0.0, 142.5) screen=(1010.267, 100.8013)
[Dev] interact @Area3D@66936 world=(101.5, 0.0, 72.5) screen=(8600.737, 742.1163)
[Dev] interact @Area3D@66937 world=(77.5, 0.0, 34.5) screen=(9248.703, -914.6136)
  · 정령재 적 72 { 4: 21, 5: 23, 6: 14, 7: 14 } · 장식 2821 · 소나무 1028 · 무리 13 · 서낭단 (61, 66)
[Dev] removed 72 enemies
[Click] world=(60.5, 0.0, 3.5) cell=(60, 3)
[Dungeon] beomgul 1층 lv=5 seed=3470036558 gen 64x64 rooms=10 up=(52, 51) down=(7, 7) enemies=41 roster=hwajeok,vampire_bat,spider elites=["방8:파란×3(깊이 0.63)"] named=-
[Save] level 범굴 1층 → user://save_e2e.json (C:/Users/FORYOUCOM/AppData/Roaming/Godot/app_userdata/Joseon Hunters/wt/codex-96-boss-opening-cutin/save_e2e.json)
[Dev] stairs StairsUp dir=-1 world=(52.5, 0.0, 51.5) screen=(593.7166, 335.951)
[Dev] stairs StairsDown dir=1 world=(7.5, 0.0, 7.5) screen=(547.4335, -2042.258)
[Dev] interact LootChest world=(56.5, 0.0, 56.5) screen=(547.4333, 528.3447)
[Dev] interact @Area3D@67184 world=(47.5, 0.0, 34.5) screen=(1149.117, -300.0203)
[Dev] interact LootPot world=(25.5, 0.0, 15.5) screen=(1010.267, -1395.6)
[Dev] interact @Area3D@67185 world=(24.5, 0.0, 16.5) screen=(917.7001, -1395.6)
[Dev] interact @Area3D@67186 world=(24.5, 0.0, 15.5) screen=(963.9833, -1422.321)
[Dev] interact @Area3D@67187 world=(32.5, 0.0, 60.5) screen=(-748.5005, -6.084366)
[Dev] interact @Area3D@67188 world=(7.5, 0.0, 60.5) screen=(-1905.584, -674.1207)
[Dev] interact @Area3D@67189 world=(8.5, 0.0, 61.5) screen=(-1905.585, -620.6777)
[Dev] interact @Area3D@67190 world=(20.5, 0.0, 43.5) screen=(-517.084, -781.0064)
[Dev] interact @Area3D@67191 world=(56.5, 0.0, 23.5) screen=(2074.784, -353.4632)
[Dev] interact @Area3D@67192 world=(48.5, 0.0, 48.5) screen=(547.4333, 100.8015)
[Dev] interact @Area3D@67193 world=(48.5, 0.0, 49.5) screen=(501.1499, 127.5229)
[Field] jeongnyeongjae seed=3599041059 128x176 props=2821 packs=13 enemies=72 waypoint=(61, 66) roster=hwajeok,vampire_bat,lightning_master | hwajeok,hollin_yeogung_bow,gaekgwi elites=["8:금색×3@구간2", "10:금색×3@구간3"]
[Save] level 정령재 → user://save_e2e.json (C:/Users/FORYOUCOM/AppData/Roaming/Godot/app_userdata/Joseon Hunters/wt/codex-96-boss-opening-cutin/save_e2e.json)
[Dev] stairs Down_cave dir=1 world=(60.5, 0.0, 3.5) screen=(825.1336, 255.7865)
[Dev] stairs Down_mine dir=1 world=(125.5, 0.0, 70.5) screen=(732.5671, 3783.018)
[Dev] interact Waypoint world=(61.5, 0.0, 66.5) screen=(-2044.434, 1917.86)
[Dev] interact LootChest world=(5.5, 0.0, 141.5) screen=(-8107.554, 2425.568)
[Dev] interact @Area3D@68564 world=(26.5, 0.0, 123.5) screen=(-6302.504, 2505.732)
[Dev] interact @Area3D@68565 world=(61.5, 0.0, 88.5) screen=(-3062.668, 2505.732)
[Dev] interact @Area3D@68566 world=(82.5, 0.0, 48.5) screen=(-239.3836, 1998.024)
[Dev] interact LootPot world=(70.5, 0.0, 9.5) screen=(1010.267, 635.2303)
[Dev] interact @Area3D@68567 world=(59.5, 0.0, 82.5) screen=(-2877.535, 2291.96)
[Dev] interact @Area3D@68568 world=(39.5, 0.0, 58.5) screen=(-2692.401, 1116.216)
[Dev] interact @Area3D@68569 world=(32.5, 0.0, 37.5) screen=(-2044.434, 368.0158)
[Dev] interact @Area3D@68570 world=(30.5, 0.0, 123.5) screen=(-6117.37, 2612.618)
[Dev] interact @Area3D@68571 world=(96.5, 0.0, 125.5) screen=(-3155.235, 4429.677)
[Dev] interact @Area3D@68572 world=(89.5, 0.0, 59.5) screen=(-424.517, 2479.01)
[Dev] interact @Area3D@68573 world=(22.5, 0.0, 41.5) screen=(-2692.401, 207.6872)
[Dev] interact @Area3D@68574 world=(56.5, 0.0, 51.5) screen=(-1581.601, 1383.431)
[Dev] interact @Area3D@68575 world=(7.5, 0.0, 142.5) screen=(-8061.271, 2505.732)
[Dev] interact @Area3D@68576 world=(101.5, 0.0, 72.5) screen=(-470.8004, 3147.047)
[Dev] interact @Area3D@68577 world=(77.5, 0.0, 34.5) screen=(177.1666, 1490.317)
[Click] world=(2.5, 0.0, 150.5) cell=(2, 150)
[Dev] item 화염부 world=(32.5, 0.0, 70.5) screen=(5591.813, -1072.542)
[Dev] item 빙결부 world=(33.5, 0.0, 69.5) screen=(5684.379, -1072.541)
[Field] deulnyeok seed=355022911 128x128 props=2252 packs=18 enemies=74 waypoint=(62, 65) roster=bandit,bat,talisman_master elites=["13:파란×4@구간3"]
[Save] level 못골 들녘 → user://save_e2e.json (C:/Users/FORYOUCOM/AppData/Roaming/Godot/app_userdata/Joseon Hunters/wt/codex-96-boss-opening-cutin/save_e2e.json)
[Dev] stairs Down_cave dir=1 world=(88.5, 0.0, 3.5) screen=(593.7169, -1320.779)
[Dev] interact Waypoint world=(62.5, 0.0, 65.5) screen=(-3479.219, -406.9063)
[Dev] interact FloorItem world=(32.5, 0.0, 70.5) screen=(-5099.136, -1074.942)
[Dev] interact @Area3D@69080 world=(33.5, 0.0, 69.5) screen=(-5006.569, -1074.942)
[Dev] interact PusJar world=(95.5, 0.0, 103.5) screen=(-3710.635, 1490.317)
[Dev] interact @Area3D@69227 world=(101.5, 0.0, 105.5) screen=(-3525.502, 1704.088)
[Dev] interact @Area3D@69228 world=(98.5, 0.0, 107.5) screen=(-3756.919, 1677.367)
[Dev] interact LootChest world=(27.5, 0.0, 70.5) screen=(-5330.552, -1208.55)
[Dev] interact @Area3D@69229 world=(94.5, 0.0, 100.5) screen=(-3618.069, 1383.431)
[Dev] interact @Area3D@69230 world=(55.5, 0.0, 52.5) screen=(-3201.519, -941.3351)
[Dev] interact LootPot world=(46.5, 0.0, 68.5) screen=(-4358.602, -754.2852)
[Dev] interact @Area3D@69231 world=(73.5, 0.0, 47.5) screen=(-2137.001, -593.9564)
[Dev] interact @Area3D@69232 world=(90.5, 0.0, 47.5) screen=(-1350.184, -139.6917)
[Dev] interact @Area3D@69233 world=(111.5, 0.0, 49.5) screen=(-470.8004, 474.9017)
[Dev] interact @Area3D@69234 world=(101.5, 0.0, 101.5) screen=(-3340.369, 1597.203)
[Dev] interact @Area3D@69235 world=(86.5, 0.0, 76.5) screen=(-2877.535, 528.3445)
[Dev] interact @Area3D@69236 world=(53.5, 0.0, 52.5) screen=(-3294.085, -994.7781)
[Dev] interact @Area3D@69237 world=(87.5, 0.0, 95.5) screen=(-3710.635, 1062.774)
[Dev] interact @Area3D@69238 world=(26.5, 0.0, 66.5) screen=(-5191.703, -1342.157)
[Dev] interact @Area3D@69239 world=(17.5, 0.0, 60.5) screen=(-5330.552, -1742.979)
[Dev] interact @Area3D@69240 world=(86.5, 0.0, 22.5) screen=(-378.2337, -914.6139)
[Dev] interact @Area3D@69241 world=(59.5, 0.0, 65.5) screen=(-3618.069, -487.0705)
[Dev] interact @Area3D@69242 world=(18.5, 0.0, 74.5) screen=(-5932.236, -1342.157)
[Dev] interact @Area3D@69243 world=(44.5, 0.0, 69.5) screen=(-4497.452, -781.0064)
[Dev] interact @Area3D@69244 world=(73.5, 0.0, 49.5) screen=(-2229.568, -540.5135)
[Dev] interact @Area3D@69245 world=(88.5, 0.0, 52.5) screen=(-1674.168, -59.52732)
E2E field2_layout PASS (검사 20)
[Audio] BGM town → town.ogg
[Save] level 못골 마을 → user://save_e2e.json (C:/Users/FORYOUCOM/AppData/Roaming/Godot/app_userdata/Joseon Hunters/wt/codex-96-boss-opening-cutin/save_e2e.json)
[Dev] stairs DungeonEntrance dir=1 world=(0.0, 0.0, -31.0) screen=(2121.067, -492.4143)
[Dev] interact Merchant world=(5.4, 0.0, -2.4) screen=(1047.293, 368.0158)
[Dev] interact Shaman world=(-5.6, 0.0, 0.4) screen=(408.5833, 148.8999)
[Dev] interact Elder world=(2.0, 0.0, -5.6) screen=(1038.037, 191.6542)
[Dev] interact Waypoint world=(-4.2, 0.0, 2.2) screen=(390.0698, 234.4085)
E2E ▶ gate_hover
[Field] jeongnyeongjae seed=3599041059 128x176 props=2821 packs=13 enemies=72 waypoint=(61, 66) roster=hwajeok,vampire_bat,lightning_master | hwajeok,hollin_yeogung_bow,gaekgwi elites=["8:금색×3@구간2", "10:금색×3@구간3"]
[Audio] BGM dungeon → dungeon_3.ogg
[Save] level 정령재 → user://save_e2e.json (C:/Users/FORYOUCOM/AppData/Roaming/Godot/app_userdata/Joseon Hunters/wt/codex-96-boss-opening-cutin/save_e2e.json)
[Dev] stairs Down_cave dir=1 world=(60.5, 0.0, 3.5) screen=(825.1336, 255.7865)
[Dev] stairs Down_mine dir=1 world=(125.5, 0.0, 70.5) screen=(732.5671, 3783.018)
[Dev] interact Waypoint world=(61.5, 0.0, 66.5) screen=(-2044.434, 1917.86)
[Dev] interact LootChest world=(5.5, 0.0, 141.5) screen=(-8107.554, 2425.568)
[Dev] interact @Area3D@70774 world=(26.5, 0.0, 123.5) screen=(-6302.504, 2505.732)
[Dev] interact @Area3D@70775 world=(61.5, 0.0, 88.5) screen=(-3062.668, 2505.732)
[Dev] interact @Area3D@70776 world=(82.5, 0.0, 48.5) screen=(-239.3836, 1998.024)
[Dev] interact LootPot world=(70.5, 0.0, 9.5) screen=(1010.267, 635.2303)
[Dev] interact @Area3D@70777 world=(59.5, 0.0, 82.5) screen=(-2877.535, 2291.96)
[Dev] interact @Area3D@70778 world=(39.5, 0.0, 58.5) screen=(-2692.401, 1116.216)
[Dev] interact @Area3D@70779 world=(32.5, 0.0, 37.5) screen=(-2044.434, 368.0158)
[Dev] interact @Area3D@70780 world=(30.5, 0.0, 123.5) screen=(-6117.37, 2612.618)
[Dev] interact @Area3D@70781 world=(96.5, 0.0, 125.5) screen=(-3155.235, 4429.677)
[Dev] interact @Area3D@70782 world=(89.5, 0.0, 59.5) screen=(-424.517, 2479.01)
[Dev] interact @Area3D@70783 world=(22.5, 0.0, 41.5) screen=(-2692.401, 207.6872)
[Dev] interact @Area3D@70784 world=(56.5, 0.0, 51.5) screen=(-1581.601, 1383.431)
[Dev] interact @Area3D@70785 world=(7.5, 0.0, 142.5) screen=(-8061.271, 2505.732)
[Dev] interact @Area3D@70786 world=(101.5, 0.0, 72.5) screen=(-470.8004, 3147.047)
[Dev] interact @Area3D@70787 world=(77.5, 0.0, 34.5) screen=(177.1666, 1490.317)
[Dev] removed 72 enemies
E2E gate_hover PASS (검사 6)
[Audio] BGM town → town.ogg
[Save] level 못골 마을 → user://save_e2e.json (C:/Users/FORYOUCOM/AppData/Roaming/Godot/app_userdata/Joseon Hunters/wt/codex-96-boss-opening-cutin/save_e2e.json)
[Dev] stairs DungeonEntrance dir=1 world=(0.0, 0.0, -31.0) screen=(2121.067, -492.4143)
[Dev] interact Merchant world=(5.4, 0.0, -2.4) screen=(1047.293, 368.0158)
[Dev] interact Shaman world=(-5.6, 0.0, 0.4) screen=(408.5833, 148.8999)
[Dev] interact Elder world=(2.0, 0.0, -5.6) screen=(1038.037, 191.6542)
[Dev] interact Waypoint world=(-4.2, 0.0, 2.2) screen=(390.0698, 234.4085)
E2E ▶ pack_density
[Field] jeongnyeongjae seed=3599041059 128x176 props=2821 packs=13 enemies=72 waypoint=(61, 66) roster=hwajeok,vampire_bat,lightning_master | hwajeok,hollin_yeogung_bow,gaekgwi elites=["8:금색×3@구간2", "10:금색×3@구간3"]
[Audio] BGM dungeon → dungeon_4.ogg
[Save] level 정령재 → user://save_e2e.json (C:/Users/FORYOUCOM/AppData/Roaming/Godot/app_userdata/Joseon Hunters/wt/codex-96-boss-opening-cutin/save_e2e.json)
[Dev] stairs Down_cave dir=1 world=(60.5, 0.0, 3.5) screen=(9896.671, -2149.144)
[Dev] stairs Down_mine dir=1 world=(125.5, 0.0, 70.5) screen=(9804.104, 1378.087)
[Dev] interact Waypoint world=(61.5, 0.0, 66.5) screen=(7027.103, -487.0706)
[Dev] interact LootChest world=(5.5, 0.0, 141.5) screen=(963.9833, 20.637)
[Dev] interact @Area3D@72316 world=(26.5, 0.0, 123.5) screen=(2769.034, 100.8014)
[Dev] interact @Area3D@72317 world=(61.5, 0.0, 88.5) screen=(6008.868, 100.8013)
[Dev] interact @Area3D@72318 world=(82.5, 0.0, 48.5) screen=(8832.153, -406.9061)
[Dev] interact LootPot world=(70.5, 0.0, 9.5) screen=(10081.8, -1769.7)
[Dev] interact @Area3D@72319 world=(59.5, 0.0, 82.5) screen=(6194.002, -112.9702)
[Dev] interact @Area3D@72320 world=(39.5, 0.0, 58.5) screen=(6379.136, -1288.714)
[Dev] interact @Area3D@72321 world=(32.5, 0.0, 37.5) screen=(7027.103, -2036.915)
[Dev] interact @Area3D@72322 world=(30.5, 0.0, 123.5) screen=(2954.168, 207.6872)
[Dev] interact @Area3D@72323 world=(96.5, 0.0, 125.5) screen=(5916.303, 2024.746)
[Dev] interact @Area3D@72324 world=(89.5, 0.0, 59.5) screen=(8647.021, 74.08006)
[Dev] interact @Area3D@72325 world=(22.5, 0.0, 41.5) screen=(6379.136, -2197.243)
[Dev] interact @Area3D@72326 world=(56.5, 0.0, 51.5) screen=(7489.937, -1021.5)
[Dev] interact @Area3D@72327 world=(7.5, 0.0, 142.5) screen=(1010.267, 100.8013)
[Dev] interact @Area3D@72328 world=(101.5, 0.0, 72.5) screen=(8600.737, 742.1163)
[Dev] interact @Area3D@72329 world=(77.5, 0.0, 34.5) screen=(9248.703, -914.6136)
  · 정령재 첫 무리(레벨 4 · 구간 1) 자리 둘레 4칸 적 3(무리 배정 3몸) · 층 총 적 72 · 무리 수 13
[Dungeon] beomgul 1층 lv=5 seed=3470036558 gen 64x64 rooms=10 up=(52, 51) down=(7, 7) enemies=41 roster=hwajeok,vampire_bat,spider elites=["방8:파란×3(깊이 0.63)"] named=-
[Save] level 범굴 1층 → user://save_e2e.json (C:/Users/FORYOUCOM/AppData/Roaming/Godot/app_userdata/Joseon Hunters/wt/codex-96-boss-opening-cutin/save_e2e.json)
[Dev] stairs StairsUp dir=-1 world=(52.5, 0.0, 51.5) screen=(593.7166, 335.951)
[Dev] stairs StairsDown dir=1 world=(7.5, 0.0, 7.5) screen=(547.4335, -2042.258)
[Dev] interact LootChest world=(56.5, 0.0, 56.5) screen=(547.4333, 528.3447)
[Dev] interact @Area3D@72576 world=(47.5, 0.0, 34.5) screen=(1149.117, -300.0203)
[Dev] interact LootPot world=(25.5, 0.0, 15.5) screen=(1010.267, -1395.6)
[Dev] interact @Area3D@72577 world=(24.5, 0.0, 16.5) screen=(917.7001, -1395.6)
[Dev] interact @Area3D@72578 world=(24.5, 0.0, 15.5) screen=(963.9833, -1422.321)
[Dev] interact @Area3D@72579 world=(32.5, 0.0, 60.5) screen=(-748.5005, -6.084366)
[Dev] interact @Area3D@72580 world=(7.5, 0.0, 60.5) screen=(-1905.584, -674.1207)
[Dev] interact @Area3D@72581 world=(8.5, 0.0, 61.5) screen=(-1905.585, -620.6777)
[Dev] interact @Area3D@72582 world=(20.5, 0.0, 43.5) screen=(-517.084, -781.0064)
[Dev] interact @Area3D@72583 world=(56.5, 0.0, 23.5) screen=(2074.784, -353.4632)
[Dev] interact @Area3D@72584 world=(48.5, 0.0, 48.5) screen=(547.4333, 100.8015)
[Dev] interact @Area3D@72585 world=(48.5, 0.0, 49.5) screen=(501.1499, 127.5229)
  · 범굴 1층 첫 방((12, 14)) 적 3 · 층 총 적 41
E2E pack_density PASS (검사 2)
[Audio] BGM town → town.ogg
[Save] level 못골 마을 → user://save_e2e.json (C:/Users/FORYOUCOM/AppData/Roaming/Godot/app_userdata/Joseon Hunters/wt/codex-96-boss-opening-cutin/save_e2e.json)
[Dev] stairs DungeonEntrance dir=1 world=(0.0, 0.0, -31.0) screen=(2121.067, -492.4143)
[Dev] interact Merchant world=(5.4, 0.0, -2.4) screen=(1047.293, 368.0158)
[Dev] interact Shaman world=(-5.6, 0.0, 0.4) screen=(408.5833, 148.8999)
[Dev] interact Elder world=(2.0, 0.0, -5.6) screen=(1038.037, 191.6542)
[Dev] interact Waypoint world=(-4.2, 0.0, 2.2) screen=(390.0698, 234.4085)
E2E ▶ pack_perf
[Dev] item 화염부 world=(32.5, 0.0, 70.5) screen=(-1072.484, 3072.227)
[Dev] item 빙결부 world=(33.5, 0.0, 69.5) screen=(-979.9173, 3072.227)
[Field] deulnyeok seed=355022911 128x128 props=2252 packs=18 enemies=74 waypoint=(62, 65) roster=bandit,bat,talisman_master elites=["13:파란×4@구간3"]
[Audio] BGM dungeon → dungeon_2.ogg
[Save] level 못골 들녘 → user://save_e2e.json (C:/Users/FORYOUCOM/AppData/Roaming/Godot/app_userdata/Joseon Hunters/wt/codex-96-boss-opening-cutin/save_e2e.json)
[Dev] stairs Down_cave dir=1 world=(88.5, 0.0, 3.5) screen=(7212.236, 897.1014)
[Dev] interact Waypoint world=(62.5, 0.0, 65.5) screen=(3139.301, 1810.974)
[Dev] interact FloorItem world=(32.5, 0.0, 70.5) screen=(1519.384, 1142.938)
[Dev] interact @Area3D@73245 world=(33.5, 0.0, 69.5) screen=(1611.95, 1142.938)
[Dev] interact PusJar world=(95.5, 0.0, 103.5) screen=(2907.884, 3708.197)
[Dev] interact @Area3D@73392 world=(101.5, 0.0, 105.5) screen=(3093.018, 3921.969)
[Dev] interact @Area3D@73393 world=(98.5, 0.0, 107.5) screen=(2861.601, 3895.247)
[Dev] interact LootChest world=(27.5, 0.0, 70.5) screen=(1287.967, 1009.331)
[Dev] interact @Area3D@73394 world=(94.5, 0.0, 100.5) screen=(3000.451, 3601.312)
[Dev] interact @Area3D@73395 world=(55.5, 0.0, 52.5) screen=(3417.001, 1276.545)
[Dev] interact LootPot world=(46.5, 0.0, 68.5) screen=(2259.917, 1463.595)
[Dev] interact @Area3D@73396 world=(73.5, 0.0, 47.5) screen=(4481.519, 1623.924)
[Dev] interact @Area3D@73397 world=(90.5, 0.0, 47.5) screen=(5268.335, 2078.189)
[Dev] interact @Area3D@73398 world=(111.5, 0.0, 49.5) screen=(6147.719, 2692.782)
[Dev] interact @Area3D@73399 world=(101.5, 0.0, 101.5) screen=(3278.151, 3815.083)
[Dev] interact @Area3D@73400 world=(86.5, 0.0, 76.5) screen=(3740.984, 2746.225)
[Dev] interact @Area3D@73401 world=(53.5, 0.0, 52.5) screen=(3324.434, 1223.102)
[Dev] interact @Area3D@73402 world=(87.5, 0.0, 95.5) screen=(2907.884, 3280.654)
[Dev] interact @Area3D@73403 world=(26.5, 0.0, 66.5) screen=(1426.817, 875.7234)
[Dev] interact @Area3D@73404 world=(17.5, 0.0, 60.5) screen=(1287.967, 474.9016)
[Dev] interact @Area3D@73405 world=(86.5, 0.0, 22.5) screen=(6240.286, 1303.266)
[Dev] interact @Area3D@73406 world=(59.5, 0.0, 65.5) screen=(3000.451, 1730.81)
[Dev] interact @Area3D@73407 world=(18.5, 0.0, 74.5) screen=(686.2832, 875.7234)
[Dev] interact @Area3D@73408 world=(44.5, 0.0, 69.5) screen=(2121.067, 1436.874)
[Dev] interact @Area3D@73409 world=(73.5, 0.0, 49.5) screen=(4388.952, 1677.367)
[Dev] interact @Area3D@73410 world=(88.5, 0.0, 52.5) screen=(4944.352, 2158.353)
[Dev] removed 74 enemies
[Dev] removed 0 enemies
  · 성능 | N=10(산 10) process 6.90ms + physics 2.01ms = 8.91ms/프레임
[Dev] removed 10 enemies
  · 성능 | N=20(산 20) process 7.46ms + physics 3.88ms = 11.34ms/프레임
[Dev] removed 20 enemies
  · 성능 | N=30(산 30) process 11.08ms + physics 9.00ms = 20.08ms/프레임
[Dev] removed 30 enemies
  · 성능 | N=40(산 40) process 12.84ms + physics 17.54ms = 30.38ms/프레임
[Dev] removed 40 enemies
  · 성능 | N=60(산 60) process 16.68ms + physics 22.69ms = 39.37ms/프레임
  · ── 표 (§8 잴 것 「밀도: 동시 적 수 ↔ 프레임」)
  · 표 | N=10(산 10) process 6.90ms + physics 2.01ms = 8.91ms/프레임
  · 표 | N=20(산 20) process 7.46ms + physics 3.88ms = 11.34ms/프레임
  · 표 | N=30(산 30) process 11.08ms + physics 9.00ms = 20.08ms/프레임
  · 표 | N=40(산 40) process 12.84ms + physics 17.54ms = 30.38ms/프레임
  · 표 | N=60(산 60) process 16.68ms + physics 22.69ms = 39.37ms/프레임
  · 표 | 예산 8.0ms 안에 드는 가장 큰 N = 0 (동시 추적 적 상한 후보 — 판정 필요)
[Dev] removed 60 enemies
  · 12몸 무리 — 시작 평균 거리 3.24u → 5초 뒤 1.93u · 제자리 0/12
[Dev] removed 12 enemies
E2E pack_perf PASS (검사 8)
[Audio] BGM town → town.ogg
[Save] level 못골 마을 → user://save_e2e.json (C:/Users/FORYOUCOM/AppData/Roaming/Godot/app_userdata/Joseon Hunters/wt/codex-96-boss-opening-cutin/save_e2e.json)
[Dev] stairs DungeonEntrance dir=1 world=(0.0, 0.0, -31.0) screen=(2121.067, -492.4143)
[Dev] interact Merchant world=(5.4, 0.0, -2.4) screen=(1047.293, 368.0158)
[Dev] interact Shaman world=(-5.6, 0.0, 0.4) screen=(408.5833, 148.8999)
[Dev] interact Elder world=(2.0, 0.0, -5.6) screen=(1038.037, 191.6542)
[Dev] interact Waypoint world=(-4.2, 0.0, 2.2) screen=(390.0698, 234.4085)
E2E ▶ slice_loop
[Click] world=(16.4, 0.0, 11.4) cell=(16, 11)
[Dev] item 화염부 world=(32.5, 0.0, 70.5) screen=(-1257.618, 2448.45)
[Dev] item 빙결부 world=(33.5, 0.0, 69.5) screen=(-1165.051, 2448.45)
[Field] deulnyeok seed=355022911 128x128 props=2252 packs=18 enemies=74 waypoint=(62, 65) roster=bandit,bat,talisman_master elites=["13:파란×4@구간3"]
[Audio] BGM dungeon → dungeon_3.ogg
[Save] level 못골 들녘 → user://save_e2e.json (C:/Users/FORYOUCOM/AppData/Roaming/Godot/app_userdata/Joseon Hunters/wt/codex-96-boss-opening-cutin/save_e2e.json)
[Dev] stairs Down_cave dir=1 world=(88.5, 0.0, 3.5) screen=(7212.236, 897.1014)
[Dev] interact Waypoint world=(62.5, 0.0, 65.5) screen=(3139.301, 1810.974)
[Dev] interact FloorItem world=(32.5, 0.0, 70.5) screen=(1519.384, 1142.938)
[Dev] interact @Area3D@74451 world=(33.5, 0.0, 69.5) screen=(1611.95, 1142.938)
[Dev] interact PusJar world=(95.5, 0.0, 103.5) screen=(2907.884, 3708.197)
[Dev] interact @Area3D@74598 world=(101.5, 0.0, 105.5) screen=(3093.018, 3921.969)
[Dev] interact @Area3D@74599 world=(98.5, 0.0, 107.5) screen=(2861.601, 3895.247)
[Dev] interact LootChest world=(27.5, 0.0, 70.5) screen=(1287.967, 1009.331)
[Dev] interact @Area3D@74600 world=(94.5, 0.0, 100.5) screen=(3000.451, 3601.312)
[Dev] interact @Area3D@74601 world=(55.5, 0.0, 52.5) screen=(3417.001, 1276.545)
[Dev] interact LootPot world=(46.5, 0.0, 68.5) screen=(2259.917, 1463.595)
[Dev] interact @Area3D@74602 world=(73.5, 0.0, 47.5) screen=(4481.519, 1623.924)
[Dev] interact @Area3D@74603 world=(90.5, 0.0, 47.5) screen=(5268.335, 2078.189)
[Dev] interact @Area3D@74604 world=(111.5, 0.0, 49.5) screen=(6147.719, 2692.782)
[Dev] interact @Area3D@74605 world=(101.5, 0.0, 101.5) screen=(3278.151, 3815.083)
[Dev] interact @Area3D@74606 world=(86.5, 0.0, 76.5) screen=(3740.984, 2746.225)
[Dev] interact @Area3D@74607 world=(53.5, 0.0, 52.5) screen=(3324.434, 1223.102)
[Dev] interact @Area3D@74608 world=(87.5, 0.0, 95.5) screen=(2907.884, 3280.654)
[Dev] interact @Area3D@74609 world=(26.5, 0.0, 66.5) screen=(1426.817, 875.7234)
[Dev] interact @Area3D@74610 world=(17.5, 0.0, 60.5) screen=(1287.967, 474.9016)
[Dev] interact @Area3D@74611 world=(86.5, 0.0, 22.5) screen=(6240.286, 1303.266)
[Dev] interact @Area3D@74612 world=(59.5, 0.0, 65.5) screen=(3000.451, 1730.81)
[Dev] interact @Area3D@74613 world=(18.5, 0.0, 74.5) screen=(686.2832, 875.7234)
[Dev] interact @Area3D@74614 world=(44.5, 0.0, 69.5) screen=(2121.067, 1436.874)
[Dev] interact @Area3D@74615 world=(73.5, 0.0, 49.5) screen=(4388.952, 1677.367)
[Dev] interact @Area3D@74616 world=(88.5, 0.0, 52.5) screen=(4944.352, 2158.353)
[Dev] removed 74 enemies
[Dev] stairs Down_cave dir=1 world=(88.5, 0.0, 3.5) screen=(4620.368, -652.7427)
[Dev] interact Waypoint world=(62.5, 0.0, 65.5) screen=(547.4333, 261.1302)
[Dev] interact FloorItem world=(32.5, 0.0, 70.5) screen=(-1072.484, -406.906)
[Dev] interact @Area3D@74451 world=(33.5, 0.0, 69.5) screen=(-979.9173, -406.9061)
[Dev] interact PusJar world=(95.5, 0.0, 103.5) screen=(316.0165, 2158.353)
[Dev] interact @Area3D@74598 world=(101.5, 0.0, 105.5) screen=(501.1499, 2372.125)
[Dev] interact @Area3D@74599 world=(98.5, 0.0, 107.5) screen=(269.7332, 2345.403)
[Dev] interact LootChest world=(27.5, 0.0, 70.5) screen=(-1303.901, -540.5132)
[Dev] interact @Area3D@74600 world=(94.5, 0.0, 100.5) screen=(408.5833, 2051.468)
[Dev] interact @Area3D@74601 world=(55.5, 0.0, 52.5) screen=(825.1334, -273.2989)
[Dev] interact LootPot world=(46.5, 0.0, 68.5) screen=(-331.9504, -86.24869)
[Dev] interact @Area3D@74602 world=(73.5, 0.0, 47.5) screen=(1889.651, 74.07999)
[Dev] interact @Area3D@74603 world=(90.5, 0.0, 47.5) screen=(2676.468, 528.3447)
[Dev] interact @Area3D@74604 world=(111.5, 0.0, 49.5) screen=(3555.852, 1142.938)
[Dev] interact @Area3D@74605 world=(101.5, 0.0, 101.5) screen=(686.2833, 2265.239)
[Dev] interact @Area3D@74606 world=(86.5, 0.0, 76.5) screen=(1149.117, 1196.381)
[Dev] interact @Area3D@74607 world=(53.5, 0.0, 52.5) screen=(732.5667, -326.7417)
[Dev] interact @Area3D@74608 world=(87.5, 0.0, 95.5) screen=(316.0165, 1730.81)
[Dev] interact @Area3D@74609 world=(26.5, 0.0, 66.5) screen=(-1165.051, -674.1207)
[Dev] interact @Area3D@74610 world=(17.5, 0.0, 60.5) screen=(-1303.901, -1074.942)
[Dev] interact @Area3D@74611 world=(86.5, 0.0, 22.5) screen=(3648.418, -246.5774)
[Dev] interact @Area3D@74612 world=(59.5, 0.0, 65.5) screen=(408.5832, 180.9658)
[Dev] interact @Area3D@74613 world=(18.5, 0.0, 74.5) screen=(-1905.584, -674.1207)
[Dev] interact @Area3D@74614 world=(44.5, 0.0, 69.5) screen=(-470.8006, -112.9701)
[Dev] interact @Area3D@74615 world=(73.5, 0.0, 49.5) screen=(1797.084, 127.5229)
[Dev] interact @Area3D@74616 world=(88.5, 0.0, 52.5) screen=(2352.484, 608.5091)
[Click] world=(62.5, 0.0, 65.5) cell=(62, 65)
[Waypoint] activated deulnyeok:0
[Click] world=(88.5, 0.0, 3.5) cell=(88, 3)
[Dungeon] heukrang_gul 1층 lv=2 seed=403727558 gen 64x64 rooms=6 up=(44, 56) down=(7, 23) enemies=20 roster=bandit,bat,talisman_master elites=["방2:금색×3(깊이 0.50)"] named=-
[Quest] heukrang_gul 1층 — 싹쓸이 셈 시작 20 (heukrang_clear:none)
[Save] level 흑랑 굴 1층 → user://save_e2e.json (C:/Users/FORYOUCOM/AppData/Roaming/Godot/app_userdata/Joseon Hunters/wt/codex-96-boss-opening-cutin/save_e2e.json)
[Dev] stairs StairsUp dir=-1 world=(44.5, 0.0, 56.5) screen=(593.7165, 335.9509)
[Dev] stairs StairsDown dir=1 world=(7.5, 0.0, 23.5) screen=(408.583, -1534.551)
[Dev] interact PusJar world=(29.5, 0.0, 42.5) screen=(547.433, -487.0705)
[Dev] interact @Area3D@74799 world=(14.5, 0.0, 24.5) screen=(686.2831, -1368.878)
[Dev] interact @Area3D@74800 world=(23.5, 0.0, 18.5) screen=(1380.534, -1288.714)
[Dev] interact LootChest world=(29.5, 0.0, 39.5) screen=(686.2831, -567.2349)
[Dev] interact @Area3D@74801 world=(40.5, 0.0, 38.5) screen=(1241.683, -300.0204)
[Dev] interact LootPot world=(21.5, 0.0, 43.5) screen=(130.8828, -674.1207)
[Dev] interact @Area3D@74802 world=(22.5, 0.0, 44.5) screen=(130.8829, -620.6779)
[Dev] interact @Area3D@74803 world=(19.5, 0.0, 9.5) screen=(1611.95, -1636.093)
[Dev] interact @Area3D@74804 world=(20.5, 0.0, 9.5) screen=(1658.234, -1609.372)
[Dev] interact @Area3D@74805 world=(44.5, 0.0, 51.5) screen=(825.1333, 154.2443)
[Dev] interact @Area3D@74806 world=(44.5, 0.0, 52.5) screen=(778.8499, 180.9657)
[Dev] interact @Area3D@74807 world=(21.5, 0.0, 39.5) screen=(316.0163, -781.0065)
[Dev] removed 20 enemies
[Click] world=(7.500002, 0.0, 23.5) cell=(7, 23)
[Dungeon] heukrang_gul 2층 lv=3 seed=3189434797 preset 28x28 rooms=2 up=(22, 23) down=(-1, -1) enemies=2 roster=bat elites=[] named=-
[Audio] BGM boss → boss.ogg
[Save] level 흑랑 굴 2층 → user://save_e2e.json (C:/Users/FORYOUCOM/AppData/Roaming/Godot/app_userdata/Joseon Hunters/wt/codex-96-boss-opening-cutin/save_e2e.json)
[Dev] stairs StairsUp dir=-1 world=(22.5, 0.0, 23.5) screen=(593.7167, 335.9507)
[Dev] near boss hp=195/195
[Kill] +185 xp (lv 4, 4/160)
[LevelUp] lv=4 stat_pts=15 skill_pts=3
[Dev] item 영약 — 생맥산 world=(7.7, 0.0, 8.5) screen=(510.4066, 270.5972)
[Dev] item 탕약 — 쌍화탕 world=(7.7, 0.0, 8.5) screen=(510.4066, 270.5972)
[Dev] item 탕약 — 쌍화탕 world=(7.7, 0.0, 8.5) screen=(510.4066, 270.5972)
[Dev] item 식별부첩 world=(7.7, 0.0, 8.5) screen=(510.4066, 270.5972)
[Dev] item 흑랑 이빨 world=(7.7, 0.0, 8.5) screen=(510.4066, 270.5972)
[Dev] item 미식별 은가락지 world=(7.7, 0.0, 8.5) screen=(510.4066, 270.5972)
[Dev] item 미식별 사인검 world=(7.7, 0.0, 8.5) screen=(510.4066, 270.5972)
[Dev] item 미식별 옥패 world=(7.7, 0.0, 8.5) screen=(510.4066, 270.5972)
[Loot] 보스 전용 유니크 — boss_heukrang 첫 처치 → u_heukrang_fang (회차 1)
[Dev] item 흑랑의 봉인패 world=(7.7, 0.0, 8.5) screen=(510.4066, 270.5972)
[Dev] item 엽전 world=(7.7, 0.0, 8.5) screen=(510.4066, 270.5972)
[Save] boss → user://save_e2e.json (C:/Users/FORYOUCOM/AppData/Roaming/Godot/app_userdata/Joseon Hunters/wt/codex-96-boss-opening-cutin/save_e2e.json)
[Boss] killed area=heukrang_gul level=3 flags={ "opening_pending": false, "quest": { "heukrang_seal": { "state": "killed" }, "heukrang_clear": { "state": "none", "left": 20, "barked": false }, "heukrang_thanks": { "state": "killed" } }, "seal:boss_heukrang": 1, "boss_killed_heukrang_gul": true }
[Audio] 같은 순간 같은 큐 상한(3) 넘침 — drop ×4 (버림 누계 634)
[Dev] removed 3 enemies
[Dev] interact Portal world=(9.5, 0.0, 8.5) screen=(593.7167, 285.2007)
[Portal] opened heukrang_gul 2층 pos=(9.5, 0.0, 8.5)
[Click] world=(9.5, 0.0, 8.5) cell=(9, 8)
[Dev] interact Portal world=(-1.2, 0.0, 2.4) screen=(579.8315, 279.835)
[Audio] BGM town → town.ogg
[Save] level 못골 마을 → user://save_e2e.json (C:/Users/FORYOUCOM/AppData/Roaming/Godot/app_userdata/Joseon Hunters/wt/codex-96-boss-opening-cutin/save_e2e.json)
[Portal] travel → motgol 0층 portal={ "area": &"heukrang_gul", "floor": 2, "pos": (9.5, 0.0, 8.5), "returned": false }
[Dev] stairs DungeonEntrance dir=1 world=(0.0, 0.0, -31.0) screen=(2181.236, -532.4963)
[Dev] interact Merchant world=(5.4, 0.0, -2.4) screen=(1107.462, 327.9336)
[Dev] interact Shaman world=(-5.6, 0.0, 0.4) screen=(468.7516, 108.8176)
[Dev] interact Elder world=(2.0, 0.0, -5.6) screen=(1098.205, 151.572)
[Dev] interact Waypoint world=(-4.2, 0.0, 2.2) screen=(450.2382, 194.3264)
[Dev] interact Portal world=(-1.2, 0.0, 2.4) screen=(579.8315, 279.835)
[Load] lv=4 gold=0 flags={ "boss_killed_heukrang_gul": true, "opening_pending": false, "quest": { "heukrang_clear": { "state": "none", "left": 20, "barked": false }, "heukrang_seal": { "state": "killed" }, "heukrang_thanks": { "state": "killed" } }, "seal:boss_heukrang": 1.0 } portal={ "area": &"heukrang_gul", "floor": 2, "pos": (9.5, 0.0, 8.5), "returned": false } wps=["deulnyeok:0"]
[Dev] interact Portal world=(-1.2, 0.0, 2.4) screen=(519.6633, 319.9171)
[Save] level 못골 마을 → user://save_e2e.json (C:/Users/FORYOUCOM/AppData/Roaming/Godot/app_userdata/Joseon Hunters/wt/codex-96-boss-opening-cutin/save_e2e.json)
[Dev] stairs DungeonEntrance dir=1 world=(0.0, 0.0, -31.0) screen=(2121.067, -492.4143)
[Dev] interact Merchant world=(5.4, 0.0, -2.4) screen=(1047.293, 368.0158)
[Dev] interact Shaman world=(-5.6, 0.0, 0.4) screen=(408.5833, 148.8999)
[Dev] interact Elder world=(2.0, 0.0, -5.6) screen=(1038.037, 191.6542)
[Dev] interact Waypoint world=(-4.2, 0.0, 2.2) screen=(390.0698, 234.4085)
[Dev] interact Portal world=(-1.2, 0.0, 2.4) screen=(519.6633, 319.9171)
E2E slice_loop PASS (검사 29)
[Save] level 못골 마을 → user://save_e2e.json (C:/Users/FORYOUCOM/AppData/Roaming/Godot/app_userdata/Joseon Hunters/wt/codex-96-boss-opening-cutin/save_e2e.json)
[Dev] stairs DungeonEntrance dir=1 world=(0.0, 0.0, -31.0) screen=(2121.067, -492.4143)
[Dev] interact Merchant world=(5.4, 0.0, -2.4) screen=(1047.293, 368.0158)
[Dev] interact Shaman world=(-5.6, 0.0, 0.4) screen=(408.5833, 148.8999)
[Dev] interact Elder world=(2.0, 0.0, -5.6) screen=(1038.037, 191.6542)
[Dev] interact Waypoint world=(-4.2, 0.0, 2.2) screen=(390.0698, 234.4085)
E2E ▶ plaza_light
  · 환경광 0.18 · 해 0.33 · 등롱 2.20/4.6 · 플레이어 빛 1.40/4.5 · 캐릭터 빛 0.45
E2E plaza_light PASS (검사 8)
[Save] level 못골 마을 → user://save_e2e.json (C:/Users/FORYOUCOM/AppData/Roaming/Godot/app_userdata/Joseon Hunters/wt/codex-96-boss-opening-cutin/save_e2e.json)
[Dev] stairs DungeonEntrance dir=1 world=(0.0, 0.0, -31.0) screen=(2121.067, -492.4143)
[Dev] interact Merchant world=(5.4, 0.0, -2.4) screen=(1047.293, 368.0158)
[Dev] interact Shaman world=(-5.6, 0.0, 0.4) screen=(408.5833, 148.8999)
[Dev] interact Elder world=(2.0, 0.0, -5.6) screen=(1038.037, 191.6542)
[Dev] interact Waypoint world=(-4.2, 0.0, 2.2) screen=(390.0698, 234.4085)
E2E ▶ town_tour
E2E town_tour PASS (검사 2)
[Save] level 못골 마을 → user://save_e2e.json (C:/Users/FORYOUCOM/AppData/Roaming/Godot/app_userdata/Joseon Hunters/wt/codex-96-boss-opening-cutin/save_e2e.json)
[Dev] stairs DungeonEntrance dir=1 world=(0.0, 0.0, -31.0) screen=(2121.067, -492.4143)
[Dev] interact Merchant world=(5.4, 0.0, -2.4) screen=(1047.293, 368.0158)
[Dev] interact Shaman world=(-5.6, 0.0, 0.4) screen=(408.5833, 148.8999)
[Dev] interact Elder world=(2.0, 0.0, -5.6) screen=(1038.037, 191.6542)
[Dev] interact Waypoint world=(-4.2, 0.0, 2.2) screen=(390.0698, 234.4085)
E2E ▶ aoe_field
[Dungeon] heukrang_gul 1층 lv=2 seed=403727558 gen 64x64 rooms=6 up=(44, 56) down=(7, 23) enemies=20 roster=bandit,bat,talisman_master elites=["방2:금색×3(깊이 0.50)"] named=-
[Quest] heukrang_gul 1층 — 싹쓸이 셈 시작 20 (heukrang_clear:none)
[Audio] BGM dungeon → dungeon_1.ogg
[Save] level 흑랑 굴 1층 → user://save_e2e.json (C:/Users/FORYOUCOM/AppData/Roaming/Godot/app_userdata/Joseon Hunters/wt/codex-96-boss-opening-cutin/save_e2e.json)
[Dev] stairs StairsUp dir=-1 world=(44.5, 0.0, 56.5) screen=(593.7165, 335.9509)
[Dev] stairs StairsDown dir=1 world=(7.5, 0.0, 23.5) screen=(408.583, -1534.551)
[Dev] interact PusJar world=(29.5, 0.0, 42.5) screen=(547.433, -487.0705)
[Dev] interact @Area3D@75870 world=(14.5, 0.0, 24.5) screen=(686.2831, -1368.878)
[Dev] interact @Area3D@75871 world=(23.5, 0.0, 18.5) screen=(1380.534, -1288.714)
[Dev] interact LootChest world=(29.5, 0.0, 39.5) screen=(686.2831, -567.2349)
[Dev] interact @Area3D@75872 world=(40.5, 0.0, 38.5) screen=(1241.683, -300.0204)
[Dev] interact LootPot world=(21.5, 0.0, 43.5) screen=(130.8828, -674.1207)
[Dev] interact @Area3D@75873 world=(22.5, 0.0, 44.5) screen=(130.8829, -620.6779)
[Dev] interact @Area3D@75874 world=(19.5, 0.0, 9.5) screen=(1611.95, -1636.093)
[Dev] interact @Area3D@75875 world=(20.5, 0.0, 9.5) screen=(1658.234, -1609.372)
[Dev] interact @Area3D@75876 world=(44.5, 0.0, 51.5) screen=(825.1333, 154.2443)
[Dev] interact @Area3D@75877 world=(44.5, 0.0, 52.5) screen=(778.8499, 180.9657)
[Dev] interact @Area3D@75878 world=(21.5, 0.0, 39.5) screen=(316.0163, -781.0065)
[Dev] removed 20 enemies
[Dev] 장판 dev_test 반경 2.2 · 8.0초 · 틱 0.5초 · 예고 0.0초 (살아 있는 판 1)
[Dev] 장판 틱 dev_test #1 → Player
[Dev] 장판 틱 dev_test #2 → Player
[Dev] 장판 틱 dev_test #3 → Player
[Dev] 장판 dev_test 반경 2.2 · 8.0초 · 틱 0.5초 · 예고 0.0초 (살아 있는 판 2)
[Dev] 장판 dev_test 반경 2.2 · 8.0초 · 틱 0.5초 · 예고 0.0초 (살아 있는 판 2)
[Dev] 장판 틱 dev_test #1 → Player
[Dev] 장판 틱 dev_test #2 → Player
[Dev] 장판 틱 dev_test #3 → Player
[Dev] 장판 틱 dev_test #4 → Player
[Dev] 장판 틱 dev_test #5 → Player
[Dev] 장판 틱 dev_test #6 → Player
[Dev] 장판 틱 dev_test #7 → Player
[Dev] 장판 틱 dev_test #8 → Player
[Dev] 장판 틱 dev_test #9 → Player
[Dev] 장판 틱 dev_test #10 → Player
[Dev] 장판 지움 1
[Dev] 장판 dev_burst 반경 3.0 · 0.5초 · 틱 0.0초 · 예고 0.6초 (살아 있는 판 1)
[Dev] 장판 틱 dev_burst #1 → Player
[Dev] 장판 dev_test 반경 2.2 · 8.0초 · 틱 0.5초 · 예고 0.0초 (살아 있는 판 1)
[Dungeon] heukrang_gul 2층 lv=3 seed=3189434797 preset 28x28 rooms=2 up=(22, 23) down=(-1, -1) enemies=2 roster=bat elites=[] named=-
[Audio] BGM boss → boss.ogg
[Save] level 흑랑 굴 2층 → user://save_e2e.json (C:/Users/FORYOUCOM/AppData/Roaming/Godot/app_userdata/Joseon Hunters/wt/codex-96-boss-opening-cutin/save_e2e.json)
[Dev] stairs StairsUp dir=-1 world=(22.5, 0.0, 23.5) screen=(593.7167, 335.9507)
E2E aoe_field PASS (검사 20)
[Audio] BGM town → town.ogg
[Save] level 못골 마을 → user://save_e2e.json (C:/Users/FORYOUCOM/AppData/Roaming/Godot/app_userdata/Joseon Hunters/wt/codex-96-boss-opening-cutin/save_e2e.json)
[Dev] stairs DungeonEntrance dir=1 world=(0.0, 0.0, -31.0) screen=(2121.067, -492.4143)
[Dev] interact Merchant world=(5.4, 0.0, -2.4) screen=(1047.293, 368.0158)
[Dev] interact Shaman world=(-5.6, 0.0, 0.4) screen=(408.5833, 148.8999)
[Dev] interact Elder world=(2.0, 0.0, -5.6) screen=(1038.037, 191.6542)
[Dev] interact Waypoint world=(-4.2, 0.0, 2.2) screen=(390.0698, 234.4085)
E2E ▶ long_body
[Dungeon] heukrang_gul 1층 lv=2 seed=403727558 gen 64x64 rooms=6 up=(44, 56) down=(7, 23) enemies=20 roster=bandit,bat,talisman_master elites=["방2:금색×3(깊이 0.50)"] named=-
[Quest] heukrang_gul 1층 — 싹쓸이 셈 시작 20 (heukrang_clear:none)
[Audio] BGM dungeon → dungeon_2.ogg
[Save] level 흑랑 굴 1층 → user://save_e2e.json (C:/Users/FORYOUCOM/AppData/Roaming/Godot/app_userdata/Joseon Hunters/wt/codex-96-boss-opening-cutin/save_e2e.json)
[Dev] stairs StairsUp dir=-1 world=(44.5, 0.0, 56.5) screen=(593.7165, 335.9509)
[Dev] stairs StairsDown dir=1 world=(7.5, 0.0, 23.5) screen=(408.583, -1534.551)
[Dev] interact PusJar world=(29.5, 0.0, 42.5) screen=(547.433, -487.0705)
[Dev] interact @Area3D@76289 world=(14.5, 0.0, 24.5) screen=(686.2831, -1368.878)
[Dev] interact @Area3D@76290 world=(23.5, 0.0, 18.5) screen=(1380.534, -1288.714)
[Dev] interact LootChest world=(29.5, 0.0, 39.5) screen=(686.2831, -567.2349)
[Dev] interact @Area3D@76291 world=(40.5, 0.0, 38.5) screen=(1241.683, -300.0204)
[Dev] interact LootPot world=(21.5, 0.0, 43.5) screen=(130.8828, -674.1207)
[Dev] interact @Area3D@76292 world=(22.5, 0.0, 44.5) screen=(130.8829, -620.6779)
[Dev] interact @Area3D@76293 world=(19.5, 0.0, 9.5) screen=(1611.95, -1636.093)
[Dev] interact @Area3D@76294 world=(20.5, 0.0, 9.5) screen=(1658.234, -1609.372)
[Dev] interact @Area3D@76295 world=(44.5, 0.0, 51.5) screen=(825.1333, 154.2443)
[Dev] interact @Area3D@76296 world=(44.5, 0.0, 52.5) screen=(778.8499, 180.9657)
[Dev] interact @Area3D@76297 world=(21.5, 0.0, 39.5) screen=(316.0163, -781.0065)
[Dev] removed 20 enemies
[Click] world=(27.5, 0.000391, 49.5) cell=(27, 49)
[Click] world=(27.5, 0.000391, 49.5) cell=(27, 49)
[Click] world=(27.5, 0.000391, 49.5) cell=(27, 49)
[Click] world=(27.5, 0.000391, 49.5) cell=(27, 49)
[Kill] +8 xp (lv 1, 8/20)
[Dev] item 탕약 — 쌍화탕 world=(22.52841, 0.0, 49.5) screen=(872.7308, 478.3546)
[Save] quest → user://save_e2e.json (C:/Users/FORYOUCOM/AppData/Roaming/Godot/app_userdata/Joseon Hunters/wt/codex-96-boss-opening-cutin/save_e2e.json)
[Quest] heukrang_clear 싹쓸이 완료 (none → killed)
[Dev] removed 1 enemies
[Kill] +8 xp (lv 1, 16/20)
[Dev] removed 1 enemies
E2E long_body PASS (검사 13)
[Audio] BGM town → town.ogg
[Save] level 못골 마을 → user://save_e2e.json (C:/Users/FORYOUCOM/AppData/Roaming/Godot/app_userdata/Joseon Hunters/wt/codex-96-boss-opening-cutin/save_e2e.json)
[Dev] stairs DungeonEntrance dir=1 world=(0.0, 0.0, -31.0) screen=(2121.067, -492.4143)
[Dev] interact Merchant world=(5.4, 0.0, -2.4) screen=(1047.293, 368.0158)
[Dev] interact Shaman world=(-5.6, 0.0, 0.4) screen=(408.5833, 148.8999)
[Dev] interact Elder world=(2.0, 0.0, -5.6) screen=(1038.037, 191.6542)
[Dev] interact Waypoint world=(-4.2, 0.0, 2.2) screen=(390.0698, 234.4085)
E2E ▶ named_imugi
[Field] jeongnyeongjae seed=3599041059 128x176 props=2821 packs=13 enemies=72 waypoint=(61, 66) roster=hwajeok,vampire_bat,lightning_master | hwajeok,hollin_yeogung_bow,gaekgwi elites=["8:금색×3@구간2", "10:금색×3@구간3"]
[Audio] BGM dungeon → dungeon_3.ogg
[Save] level 정령재 → user://save_e2e.json (C:/Users/FORYOUCOM/AppData/Roaming/Godot/app_userdata/Joseon Hunters/wt/codex-96-boss-opening-cutin/save_e2e.json)
[Dev] stairs Down_cave dir=1 world=(60.5, 0.0, 3.5) screen=(9896.671, -2149.144)
[Dev] stairs Down_mine dir=1 world=(125.5, 0.0, 70.5) screen=(9804.104, 1378.087)
[Dev] interact Waypoint world=(61.5, 0.0, 66.5) screen=(7027.103, -487.0706)
[Dev] interact LootChest world=(5.5, 0.0, 141.5) screen=(963.9833, 20.637)
[Dev] interact @Area3D@77828 world=(26.5, 0.0, 123.5) screen=(2769.034, 100.8014)
[Dev] interact @Area3D@77829 world=(61.5, 0.0, 88.5) screen=(6008.868, 100.8013)
[Dev] interact @Area3D@77830 world=(82.5, 0.0, 48.5) screen=(8832.153, -406.9061)
[Dev] interact LootPot world=(70.5, 0.0, 9.5) screen=(10081.8, -1769.7)
[Dev] interact @Area3D@77831 world=(59.5, 0.0, 82.5) screen=(6194.002, -112.9702)
[Dev] interact @Area3D@77832 world=(39.5, 0.0, 58.5) screen=(6379.136, -1288.714)
[Dev] interact @Area3D@77833 world=(32.5, 0.0, 37.5) screen=(7027.103, -2036.915)
[Dev] interact @Area3D@77834 world=(30.5, 0.0, 123.5) screen=(2954.168, 207.6872)
[Dev] interact @Area3D@77835 world=(96.5, 0.0, 125.5) screen=(5916.303, 2024.746)
[Dev] interact @Area3D@77836 world=(89.5, 0.0, 59.5) screen=(8647.021, 74.08006)
[Dev] interact @Area3D@77837 world=(22.5, 0.0, 41.5) screen=(6379.136, -2197.243)
[Dev] interact @Area3D@77838 world=(56.5, 0.0, 51.5) screen=(7489.937, -1021.5)
[Dev] interact @Area3D@77839 world=(7.5, 0.0, 142.5) screen=(1010.267, 100.8013)
[Dev] interact @Area3D@77840 world=(101.5, 0.0, 72.5) screen=(8600.737, 742.1163)
[Dev] interact @Area3D@77841 world=(77.5, 0.0, 34.5) screen=(9248.703, -914.6136)
[Kill] +218 xp (lv 4, 37/160)
[LevelUp] lv=4 stat_pts=15 skill_pts=3
[Dev] item 엽전 world=(21.5, 0.0, 43.5) screen=(454.8666, 293.1962)
[Dev] item 영약 — 총명탕 world=(21.5, 0.0, 43.5) screen=(454.8666, 293.1962)
[Dev] item 탕약 — 십전대보탕 world=(21.5, 0.0, 43.5) screen=(454.8666, 293.1962)
[Dev] item 미식별 환도 world=(21.5, 0.0, 43.5) screen=(454.8666, 293.1962)
[Dev] item 미식별 예도 world=(21.5, 0.0, 43.5) screen=(454.8666, 293.1962)
[Dev] item 무명옷 world=(21.5, 0.0, 43.5) screen=(454.8666, 293.1962)
[Loot] 네임드 — imugi 첫 처치 → u_imugi_scale · 장비 2 (회차 1)
[Audio] 같은 순간 같은 큐 상한(3) 넘침 — drop ×1 (버림 누계 635)
[Kill] +195 xp (lv 5, 72/224)
[LevelUp] lv=5 stat_pts=20 skill_pts=4
[Dev] item 엽전 world=(27.45, 0.0, 42.5) screen=(776.5359, 422.8265)
[Dev] item 영약 — 총명탕 world=(27.45, 0.0, 42.5) screen=(776.5359, 422.8265)
[Dev] item 영약 — 총명탕 world=(27.45, 0.0, 42.5) screen=(776.5359, 422.8265)
[Dev] item 미식별 옥가락지 world=(27.45, 0.0, 42.5) screen=(776.5359, 422.8265)
[Dev] item 무명띠 world=(27.45, 0.0, 42.5) screen=(776.5359, 422.8265)
[Loot] 네임드 — imugi 재처치 → 없음 · 장비 2 (회차 1)
[Dev] removed 2 enemies
E2E named_imugi PASS (검사 13)
[Audio] BGM town → town.ogg
[Save] level 못골 마을 → user://save_e2e.json (C:/Users/FORYOUCOM/AppData/Roaming/Godot/app_userdata/Joseon Hunters/wt/codex-96-boss-opening-cutin/save_e2e.json)
[Dev] stairs DungeonEntrance dir=1 world=(0.0, 0.0, -31.0) screen=(2121.067, -492.4143)
[Dev] interact Merchant world=(5.4, 0.0, -2.4) screen=(1047.293, 368.0158)
[Dev] interact Shaman world=(-5.6, 0.0, 0.4) screen=(408.5833, 148.8999)
[Dev] interact Elder world=(2.0, 0.0, -5.6) screen=(1038.037, 191.6542)
[Dev] interact Waypoint world=(-4.2, 0.0, 2.2) screen=(390.0698, 234.4085)
E2E ▶ serpent_models
[Dungeon] heukrang_gul 1층 lv=2 seed=403727558 gen 64x64 rooms=6 up=(44, 56) down=(7, 23) enemies=20 roster=bandit,bat,talisman_master elites=["방2:금색×3(깊이 0.50)"] named=-
[Quest] heukrang_gul 1층 — 싹쓸이 셈 시작 20 (heukrang_clear:none)
[Audio] BGM dungeon → dungeon_1.ogg
[Save] level 흑랑 굴 1층 → user://save_e2e.json (C:/Users/FORYOUCOM/AppData/Roaming/Godot/app_userdata/Joseon Hunters/wt/codex-96-boss-opening-cutin/save_e2e.json)
[Dev] stairs StairsUp dir=-1 world=(44.5, 0.0, 56.5) screen=(593.7165, 335.9509)
[Dev] stairs StairsDown dir=1 world=(7.5, 0.0, 23.5) screen=(408.583, -1534.551)
[Dev] interact PusJar world=(29.5, 0.0, 42.5) screen=(547.433, -487.0705)
[Dev] interact @Area3D@78194 world=(14.5, 0.0, 24.5) screen=(686.2831, -1368.878)
[Dev] interact @Area3D@78195 world=(23.5, 0.0, 18.5) screen=(1380.534, -1288.714)
[Dev] interact LootChest world=(29.5, 0.0, 39.5) screen=(686.2831, -567.2349)
[Dev] interact @Area3D@78196 world=(40.5, 0.0, 38.5) screen=(1241.683, -300.0204)
[Dev] interact LootPot world=(21.5, 0.0, 43.5) screen=(130.8828, -674.1207)
[Dev] interact @Area3D@78197 world=(22.5, 0.0, 44.5) screen=(130.8829, -620.6779)
[Dev] interact @Area3D@78198 world=(19.5, 0.0, 9.5) screen=(1611.95, -1636.093)
[Dev] interact @Area3D@78199 world=(20.5, 0.0, 9.5) screen=(1658.234, -1609.372)
[Dev] interact @Area3D@78200 world=(44.5, 0.0, 51.5) screen=(825.1333, 154.2443)
[Dev] interact @Area3D@78201 world=(44.5, 0.0, 52.5) screen=(778.8499, 180.9657)
[Dev] interact @Area3D@78202 world=(21.5, 0.0, 39.5) screen=(316.0163, -781.0065)
[Dev] removed 20 enemies
[Dev] removed 1 enemies
[Dev] removed 1 enemies
E2E serpent_models PASS (검사 18)
[Audio] BGM town → town.ogg
[Save] level 못골 마을 → user://save_e2e.json (C:/Users/FORYOUCOM/AppData/Roaming/Godot/app_userdata/Joseon Hunters/wt/codex-96-boss-opening-cutin/save_e2e.json)
[Dev] stairs DungeonEntrance dir=1 world=(0.0, 0.0, -31.0) screen=(2121.067, -492.4143)
[Dev] interact Merchant world=(5.4, 0.0, -2.4) screen=(1047.293, 368.0158)
[Dev] interact Shaman world=(-5.6, 0.0, 0.4) screen=(408.5833, 148.8999)
[Dev] interact Elder world=(2.0, 0.0, -5.6) screen=(1038.037, 191.6542)
[Dev] interact Waypoint world=(-4.2, 0.0, 2.2) screen=(390.0698, 234.4085)
E2E ▶ gimmicks
[Dungeon] heukrang_gul 1층 lv=2 seed=403727558 gen 64x64 rooms=6 up=(44, 56) down=(7, 23) enemies=20 roster=bandit,bat,talisman_master elites=["방2:금색×3(깊이 0.50)"] named=-
[Quest] heukrang_gul 1층 — 싹쓸이 셈 시작 20 (heukrang_clear:none)
[Audio] BGM dungeon → dungeon_4.ogg
[Save] level 흑랑 굴 1층 → user://save_e2e.json (C:/Users/FORYOUCOM/AppData/Roaming/Godot/app_userdata/Joseon Hunters/wt/codex-96-boss-opening-cutin/save_e2e.json)
[Dev] stairs StairsUp dir=-1 world=(44.5, 0.0, 56.5) screen=(593.7165, 335.9509)
[Dev] stairs StairsDown dir=1 world=(7.5, 0.0, 23.5) screen=(408.583, -1534.551)
[Dev] interact PusJar world=(29.5, 0.0, 42.5) screen=(547.433, -487.0705)
[Dev] interact @Area3D@78543 world=(14.5, 0.0, 24.5) screen=(686.2831, -1368.878)
[Dev] interact @Area3D@78544 world=(23.5, 0.0, 18.5) screen=(1380.534, -1288.714)
[Dev] interact LootChest world=(29.5, 0.0, 39.5) screen=(686.2831, -567.2349)
[Dev] interact @Area3D@78545 world=(40.5, 0.0, 38.5) screen=(1241.683, -300.0204)
[Dev] interact LootPot world=(21.5, 0.0, 43.5) screen=(130.8828, -674.1207)
[Dev] interact @Area3D@78546 world=(22.5, 0.0, 44.5) screen=(130.8829, -620.6779)
[Dev] interact @Area3D@78547 world=(19.5, 0.0, 9.5) screen=(1611.95, -1636.093)
[Dev] interact @Area3D@78548 world=(20.5, 0.0, 9.5) screen=(1658.234, -1609.372)
[Dev] interact @Area3D@78549 world=(44.5, 0.0, 51.5) screen=(825.1333, 154.2443)
[Dev] interact @Area3D@78550 world=(44.5, 0.0, 52.5) screen=(778.8499, 180.9657)
[Dev] interact @Area3D@78551 world=(21.5, 0.0, 39.5) screen=(316.0163, -781.0065)
[Dev] removed 20 enemies
  · 밀치기 실측 0.800u (정격 0.8)
[Click] world=(22.5, 0.0, 52.5) cell=(22, 52)
[Dev] removed 1 enemies
[Dev] removed 1 enemies
[Kill] +8 xp (lv 1, 8/20)
[Dev] item 엽전 world=(24.47501, 0.0, 49.5) screen=(731.4098, 396.7473)
[Dev] item 귀환부 world=(24.47501, 0.0, 49.5) screen=(731.4098, 396.7473)
[Kill] +0 xp (lv 1, 8/20)
[Dev] removed 3 enemies
[Kill] +8 xp (lv 1, 16/20)
[Dev] item 엽전 world=(24.76522, 0.0, 49.96957) screen=(723.1086, 417.0496)
[Dev] item 은가락지 world=(24.76522, 0.0, 49.96957) screen=(723.1086, 417.0496)
[Save] quest → user://save_e2e.json (C:/Users/FORYOUCOM/AppData/Roaming/Godot/app_userdata/Joseon Hunters/wt/codex-96-boss-opening-cutin/save_e2e.json)
[Quest] heukrang_clear 싹쓸이 완료 (none → killed)
[Dev] removed 1 enemies
[Dev] removed 1 enemies
[Kill] +0 xp (lv 1, 16/20)
[Kill] +14 xp (lv 2, 10/57)
[LevelUp] lv=2 stat_pts=5 skill_pts=1
[Dev] item 엽전 world=(23.75002, 0.0, 49.5) screen=(697.8551, 377.3748)
[Dev] removed 5 enemies
[Click] world=(22.5, 0.0, 54.5) cell=(22, 54)
[Dev] removed 1 enemies
  · 몸 36 동시 — 0.5초에 70프레임 (평균 7.1ms)
[Kill] +7 xp (lv 2, 17/57)
[Dev] item 엽전 world=(22.50376, 0.0, 50.88449) screen=(576.0948, 381.0682)
[Kill] +7 xp (lv 2, 24/57)
[Dev] item 엽전 world=(22.5, 0.0, 48.10543) screen=(704.545, 306.7074)
[Dev] item 귀환부 world=(22.5, 0.0, 48.10543) screen=(704.545, 306.7074)
[Dev] removed 38 enemies
E2E gimmicks PASS (검사 33)
[Audio] BGM town → town.ogg
[Save] level 못골 마을 → user://save_e2e.json (C:/Users/FORYOUCOM/AppData/Roaming/Godot/app_userdata/Joseon Hunters/wt/codex-96-boss-opening-cutin/save_e2e.json)
[Dev] stairs DungeonEntrance dir=1 world=(0.0, 0.0, -31.0) screen=(2121.067, -492.4143)
[Dev] interact Merchant world=(5.4, 0.0, -2.4) screen=(1047.293, 368.0158)
[Dev] interact Shaman world=(-5.6, 0.0, 0.4) screen=(408.5833, 148.8999)
[Dev] interact Elder world=(2.0, 0.0, -5.6) screen=(1038.037, 191.6542)
[Dev] interact Waypoint world=(-4.2, 0.0, 2.2) screen=(390.0698, 234.4085)
E2E ▶ pus_jar
[Dev] item 화염부 world=(32.5, 0.0, 70.5) screen=(-1072.484, 3072.227)
[Dev] item 빙결부 world=(33.5, 0.0, 69.5) screen=(-979.9173, 3072.227)
[Field] deulnyeok seed=355022911 128x128 props=2252 packs=18 enemies=74 waypoint=(62, 65) roster=bandit,bat,talisman_master elites=["13:파란×4@구간3"]
[Audio] BGM dungeon → dungeon_2.ogg
[Save] level 못골 들녘 → user://save_e2e.json (C:/Users/FORYOUCOM/AppData/Roaming/Godot/app_userdata/Joseon Hunters/wt/codex-96-boss-opening-cutin/save_e2e.json)
[Dev] stairs Down_cave dir=1 world=(88.5, 0.0, 3.5) screen=(7212.236, 897.1014)
[Dev] interact Waypoint world=(62.5, 0.0, 65.5) screen=(3139.301, 1810.974)
[Dev] interact FloorItem world=(32.5, 0.0, 70.5) screen=(1519.384, 1142.938)
[Dev] interact @Area3D@79340 world=(33.5, 0.0, 69.5) screen=(1611.95, 1142.938)
[Dev] interact PusJar world=(95.5, 0.0, 103.5) screen=(2907.884, 3708.197)
[Dev] interact @Area3D@79487 world=(101.5, 0.0, 105.5) screen=(3093.018, 3921.969)
[Dev] interact @Area3D@79488 world=(98.5, 0.0, 107.5) screen=(2861.601, 3895.247)
[Dev] interact LootChest world=(27.5, 0.0, 70.5) screen=(1287.967, 1009.331)
[Dev] interact @Area3D@79489 world=(94.5, 0.0, 100.5) screen=(3000.451, 3601.312)
[Dev] interact @Area3D@79490 world=(55.5, 0.0, 52.5) screen=(3417.001, 1276.545)
[Dev] interact LootPot world=(46.5, 0.0, 68.5) screen=(2259.917, 1463.595)
[Dev] interact @Area3D@79491 world=(73.5, 0.0, 47.5) screen=(4481.519, 1623.924)
[Dev] interact @Area3D@79492 world=(90.5, 0.0, 47.5) screen=(5268.335, 2078.189)
[Dev] interact @Area3D@79493 world=(111.5, 0.0, 49.5) screen=(6147.719, 2692.782)
[Dev] interact @Area3D@79494 world=(101.5, 0.0, 101.5) screen=(3278.151, 3815.083)
[Dev] interact @Area3D@79495 world=(86.5, 0.0, 76.5) screen=(3740.984, 2746.225)
[Dev] interact @Area3D@79496 world=(53.5, 0.0, 52.5) screen=(3324.434, 1223.102)
[Dev] interact @Area3D@79497 world=(87.5, 0.0, 95.5) screen=(2907.884, 3280.654)
[Dev] interact @Area3D@79498 world=(26.5, 0.0, 66.5) screen=(1426.817, 875.7234)
[Dev] interact @Area3D@79499 world=(17.5, 0.0, 60.5) screen=(1287.967, 474.9016)
[Dev] interact @Area3D@79500 world=(86.5, 0.0, 22.5) screen=(6240.286, 1303.266)
[Dev] interact @Area3D@79501 world=(59.5, 0.0, 65.5) screen=(3000.451, 1730.81)
[Dev] interact @Area3D@79502 world=(18.5, 0.0, 74.5) screen=(686.2832, 875.7234)
[Dev] interact @Area3D@79503 world=(44.5, 0.0, 69.5) screen=(2121.067, 1436.874)
[Dev] interact @Area3D@79504 world=(73.5, 0.0, 49.5) screen=(4388.952, 1677.367)
[Dev] interact @Area3D@79505 world=(88.5, 0.0, 52.5) screen=(4944.352, 2158.353)
[Dev] removed 74 enemies
[Click] world=(95.5, 0.0, 103.5) cell=(95, 103)
[Click] world=(102.5, 0.0, 105.5) cell=(102, 105)
[Click] world=(102.5, 0.0, 105.5) cell=(102, 105)
[Click] world=(102.5, 0.0, 105.5) cell=(102, 105)
[Dev] removed 1 enemies
[Dungeon] heukrang_gul 1층 lv=2 seed=403727558 gen 64x64 rooms=6 up=(44, 56) down=(7, 23) enemies=20 roster=bandit,bat,talisman_master elites=["방2:금색×3(깊이 0.50)"] named=-
[Quest] heukrang_gul 1층 — 싹쓸이 셈 시작 20 (heukrang_clear:none)
[Save] level 흑랑 굴 1층 → user://save_e2e.json (C:/Users/FORYOUCOM/AppData/Roaming/Godot/app_userdata/Joseon Hunters/wt/codex-96-boss-opening-cutin/save_e2e.json)
[Dev] stairs StairsUp dir=-1 world=(44.5, 0.0, 56.5) screen=(593.7165, 335.9509)
[Dev] stairs StairsDown dir=1 world=(7.5, 0.0, 23.5) screen=(408.583, -1534.551)
[Dev] interact PusJar world=(29.5, 0.0, 42.5) screen=(547.433, -487.0705)
[Dev] interact @Area3D@79690 world=(14.5, 0.0, 24.5) screen=(686.2831, -1368.878)
[Dev] interact @Area3D@79691 world=(23.5, 0.0, 18.5) screen=(1380.534, -1288.714)
[Dev] interact LootChest world=(29.5, 0.0, 39.5) screen=(686.2831, -567.2349)
[Dev] interact @Area3D@79692 world=(40.5, 0.0, 38.5) screen=(1241.683, -300.0204)
[Dev] interact LootPot world=(21.5, 0.0, 43.5) screen=(130.8828, -674.1207)
[Dev] interact @Area3D@79693 world=(22.5, 0.0, 44.5) screen=(130.8829, -620.6779)
[Dev] interact @Area3D@79694 world=(19.5, 0.0, 9.5) screen=(1611.95, -1636.093)
[Dev] interact @Area3D@79695 world=(20.5, 0.0, 9.5) screen=(1658.234, -1609.372)
[Dev] interact @Area3D@79696 world=(44.5, 0.0, 51.5) screen=(825.1333, 154.2443)
[Dev] interact @Area3D@79697 world=(44.5, 0.0, 52.5) screen=(778.8499, 180.9657)
[Dev] interact @Area3D@79698 world=(21.5, 0.0, 39.5) screen=(316.0163, -781.0065)
[Dev] removed 20 enemies
E2E pus_jar PASS (검사 15)
[Audio] BGM town → town.ogg
[Save] level 못골 마을 → user://save_e2e.json (C:/Users/FORYOUCOM/AppData/Roaming/Godot/app_userdata/Joseon Hunters/wt/codex-96-boss-opening-cutin/save_e2e.json)
[Dev] stairs DungeonEntrance dir=1 world=(0.0, 0.0, -31.0) screen=(2121.067, -492.4143)
[Dev] interact Merchant world=(5.4, 0.0, -2.4) screen=(1047.293, 368.0158)
[Dev] interact Shaman world=(-5.6, 0.0, 0.4) screen=(408.5833, 148.8999)
[Dev] interact Elder world=(2.0, 0.0, -5.6) screen=(1038.037, 191.6542)
[Dev] interact Waypoint world=(-4.2, 0.0, 2.2) screen=(390.0698, 234.4085)
E2E ▶ roles
[Dungeon] heukrang_gul 1층 lv=2 seed=403727558 gen 64x64 rooms=6 up=(44, 56) down=(7, 23) enemies=20 roster=bandit,bat,talisman_master elites=["방2:금색×3(깊이 0.50)"] named=-
[Quest] heukrang_gul 1층 — 싹쓸이 셈 시작 20 (heukrang_clear:none)
[Audio] BGM dungeon → dungeon_3.ogg
[Save] level 흑랑 굴 1층 → user://save_e2e.json (C:/Users/FORYOUCOM/AppData/Roaming/Godot/app_userdata/Joseon Hunters/wt/codex-96-boss-opening-cutin/save_e2e.json)
[Dev] stairs StairsUp dir=-1 world=(44.5, 0.0, 56.5) screen=(593.7165, 335.9509)
[Dev] stairs StairsDown dir=1 world=(7.5, 0.0, 23.5) screen=(408.583, -1534.551)
[Dev] interact PusJar world=(29.5, 0.0, 42.5) screen=(547.433, -487.0705)
[Dev] interact @Area3D@80039 world=(14.5, 0.0, 24.5) screen=(686.2831, -1368.878)
[Dev] interact @Area3D@80040 world=(23.5, 0.0, 18.5) screen=(1380.534, -1288.714)
[Dev] interact LootChest world=(29.5, 0.0, 39.5) screen=(686.2831, -567.2349)
[Dev] interact @Area3D@80041 world=(40.5, 0.0, 38.5) screen=(1241.683, -300.0204)
[Dev] interact LootPot world=(21.5, 0.0, 43.5) screen=(130.8828, -674.1207)
[Dev] interact @Area3D@80042 world=(22.5, 0.0, 44.5) screen=(130.8829, -620.6779)
[Dev] interact @Area3D@80043 world=(19.5, 0.0, 9.5) screen=(1611.95, -1636.093)
[Dev] interact @Area3D@80044 world=(20.5, 0.0, 9.5) screen=(1658.234, -1609.372)
[Dev] interact @Area3D@80045 world=(44.5, 0.0, 51.5) screen=(825.1333, 154.2443)
[Dev] interact @Area3D@80046 world=(44.5, 0.0, 52.5) screen=(778.8499, 180.9657)
[Dev] interact @Area3D@80047 world=(21.5, 0.0, 39.5) screen=(316.0163, -781.0065)
[Dev] removed 20 enemies
[Kill] +8 xp (lv 1, 8/20)
[Dev] item 엽전 world=(23.75002, 0.0, 49.5) screen=(882.9898, 484.2594)
[Dev] removed 3 enemies
[Kill] +8 xp (lv 1, 16/20)
[Dev] item 엽전 world=(23.75002, 0.0, 49.5) screen=(697.8551, 377.3748)
[Dev] item 옥패 world=(23.75002, 0.0, 49.5) screen=(697.8551, 377.3748)
[Dev] item 괴황지 world=(23.75002, 0.0, 49.5) screen=(697.8551, 377.3748)
[Dev] removed 2 enemies
[Dev] removed 4 enemies
[Dev] removed 1 enemies
[Kill] +8 xp (lv 2, 4/57)
[LevelUp] lv=2 stat_pts=5 skill_pts=1
[Dev] item 무명띠 world=(25.4175, 0.0, 51.4175) screen=(686.2831, 473.1706)
[Kill] +7 xp (lv 2, 11/57)
[Dev] item 엽전 world=(25.45875, 0.0, 47.54125) screen=(867.5984, 370.6937)
[Kill] +7 xp (lv 2, 18/57)
[Dev] item 엽전 world=(25.44782, 0.0, 52.02609) screen=(659.5192, 490.2431)
[Dev] item 탕약 — 쌍화탕 world=(25.44782, 0.0, 52.02609) screen=(659.5192, 490.2431)
[Dev] removed 4 enemies
[Dev] removed 3 enemies
E2E roles PASS (검사 24)
[Audio] BGM town → town.ogg
[Save] level 못골 마을 → user://save_e2e.json (C:/Users/FORYOUCOM/AppData/Roaming/Godot/app_userdata/Joseon Hunters/wt/codex-96-boss-opening-cutin/save_e2e.json)
[Dev] stairs DungeonEntrance dir=1 world=(0.0, 0.0, -31.0) screen=(2121.067, -492.4143)
[Dev] interact Merchant world=(5.4, 0.0, -2.4) screen=(1047.293, 368.0158)
[Dev] interact Shaman world=(-5.6, 0.0, 0.4) screen=(408.5833, 148.8999)
[Dev] interact Elder world=(2.0, 0.0, -5.6) screen=(1038.037, 191.6542)
[Dev] interact Waypoint world=(-4.2, 0.0, 2.2) screen=(390.0698, 234.4085)
E2E ▶ roster_swap
[Field] jeongnyeongjae seed=4209161164 128x176 props=2920 packs=14 enemies=72 waypoint=(63, 70) roster=hwajeok,vampire_bat,locust | hwajeok,hollin_yeogung_bow,gaekgwi elites=["9:파란×3@구간2", "13:금색×5@구간3"]
[Audio] BGM dungeon → dungeon_1.ogg
[Save] level 정령재 → user://save_e2e.json (C:/Users/FORYOUCOM/AppData/Roaming/Godot/app_userdata/Joseon Hunters/wt/codex-96-boss-opening-cutin/save_e2e.json)
[Dev] stairs Down_cave dir=1 world=(60.5, 0.0, 3.5) screen=(9896.671, -2149.144)
[Dev] stairs Down_mine dir=1 world=(125.5, 0.0, 70.5) screen=(9804.104, 1378.087)
[Dev] interact Waypoint world=(63.5, 0.0, 70.5) screen=(6934.536, -326.7419)
[Dev] interact LootChest world=(81.5, 0.0, 33.5) screen=(9480.121, -834.4496)
[Dev] interact @Area3D@81628 world=(83.5, 0.0, 69.5) screen=(7906.486, 180.9658)
[Dev] interact @Area3D@81629 world=(33.5, 0.0, 104.5) screen=(3972.401, -219.856)
[Dev] interact LootPot world=(70.5, 0.0, 57.5) screen=(7860.203, -487.0704)
[Dev] interact @Area3D@81630 world=(28.5, 0.0, 135.5) screen=(2306.201, 474.9017)
[Dev] interact @Area3D@81631 world=(20.5, 0.0, 44.5) screen=(6147.719, -2170.522)
[Dev] interact @Area3D@81632 world=(80.5, 0.0, 35.5) screen=(9341.271, -807.7279)
[Dev] interact @Area3D@81633 world=(48.5, 0.0, 73.5) screen=(6101.436, -647.3992)
[Dev] interact @Area3D@81634 world=(10.5, 0.0, 129.5) screen=(1750.8, -166.4132)
[Dev] interact @Area3D@81635 world=(32.5, 0.0, 59.5) screen=(6008.869, -1449.043)
[Dev] interact @Area3D@81636 world=(30.5, 0.0, 109.5) screen=(3602.134, -166.4132)
[Dev] interact @Area3D@81637 world=(72.5, 0.0, 89.5) screen=(6471.703, 421.4588)
[Dev] interact @Area3D@81638 world=(105.5, 0.0, 24.5) screen=(11007.47, -433.6276)
[Dev] interact @Area3D@81639 world=(87.5, 0.0, 97.5) screen=(6795.686, 1036.052)
[Dev] interact @Area3D@81640 world=(85.5, 0.0, 71.5) screen=(7906.487, 287.8515)
[Dev] interact @Area3D@81641 world=(99.5, 0.0, 124.5) screen=(6101.436, 2078.189)
[Dev] interact @Area3D@81642 world=(68.5, 0.0, 19.5) screen=(9526.404, -1555.929)
[Dev] interact @Area3D@81643 world=(31.5, 0.0, 103.5) screen=(3926.118, -300.0204)
[Dev] interact @Area3D@81644 world=(38.5, 0.0, 122.5) screen=(3370.718, 394.7373)
[Dev] removed 72 enemies
[Dev] removed 1 enemies
[Dev] removed 1 enemies
[Dev] removed 2 enemies
[Kill] +15 xp (lv 1, 15/20)
[Dev] item 영약 — 생맥산 world=(31.93001, 0.0, 51.5) screen=(752.4688, 435.6428)
[Dev] removed 3 enemies
[Dev] removed 1 enemies
[Dev] 역할 달구지꾼 (cart_puller) · 흘리는 자 · 무리 1193 · Lv4 · 생명 41
[Dev] 역할 봉화지기 (beacon_keeper) · 부르는 자 · 무리 1193 · Lv4 · 생명 36
[Dev] 역할 지킴 술사 (guard_master) · 지키는 자 · 무리 1193 · Lv4 · 생명 45
[Dev] removed 3 enemies
E2E roster_swap PASS (검사 19)
[Audio] BGM town → town.ogg
[Save] level 못골 마을 → user://save_e2e.json (C:/Users/FORYOUCOM/AppData/Roaming/Godot/app_userdata/Joseon Hunters/wt/codex-96-boss-opening-cutin/save_e2e.json)
[Dev] stairs DungeonEntrance dir=1 world=(0.0, 0.0, -31.0) screen=(2121.067, -492.4143)
[Dev] interact Merchant world=(5.4, 0.0, -2.4) screen=(1047.293, 368.0158)
[Dev] interact Shaman world=(-5.6, 0.0, 0.4) screen=(408.5833, 148.8999)
[Dev] interact Elder world=(2.0, 0.0, -5.6) screen=(1038.037, 191.6542)
[Dev] interact Waypoint world=(-4.2, 0.0, 2.2) screen=(390.0698, 234.4085)
E2E ▶ gimmicks_m10
[Dungeon] heukrang_gul 1층 lv=2 seed=403727558 gen 64x64 rooms=6 up=(44, 56) down=(7, 23) enemies=20 roster=bandit,bat,talisman_master elites=["방2:금색×3(깊이 0.50)"] named=-
[Quest] heukrang_gul 1층 — 싹쓸이 셈 시작 20 (heukrang_clear:none)
[Audio] BGM dungeon → dungeon_4.ogg
[Save] level 흑랑 굴 1층 → user://save_e2e.json (C:/Users/FORYOUCOM/AppData/Roaming/Godot/app_userdata/Joseon Hunters/wt/codex-96-boss-opening-cutin/save_e2e.json)
[Dev] stairs StairsUp dir=-1 world=(44.5, 0.0, 56.5) screen=(593.7165, 335.9509)
[Dev] stairs StairsDown dir=1 world=(7.5, 0.0, 23.5) screen=(408.583, -1534.551)
[Dev] interact PusJar world=(29.5, 0.0, 42.5) screen=(547.433, -487.0705)
[Dev] interact @Area3D@81997 world=(14.5, 0.0, 24.5) screen=(686.2831, -1368.878)
[Dev] interact @Area3D@81998 world=(23.5, 0.0, 18.5) screen=(1380.534, -1288.714)
[Dev] interact LootChest world=(29.5, 0.0, 39.5) screen=(686.2831, -567.2349)
[Dev] interact @Area3D@81999 world=(40.5, 0.0, 38.5) screen=(1241.683, -300.0204)
[Dev] interact LootPot world=(21.5, 0.0, 43.5) screen=(130.8828, -674.1207)
[Dev] interact @Area3D@82000 world=(22.5, 0.0, 44.5) screen=(130.8829, -620.6779)
[Dev] interact @Area3D@82001 world=(19.5, 0.0, 9.5) screen=(1611.95, -1636.093)
[Dev] interact @Area3D@82002 world=(20.5, 0.0, 9.5) screen=(1658.234, -1609.372)
[Dev] interact @Area3D@82003 world=(44.5, 0.0, 51.5) screen=(825.1333, 154.2443)
[Dev] interact @Area3D@82004 world=(44.5, 0.0, 52.5) screen=(778.8499, 180.9657)
[Dev] interact @Area3D@82005 world=(21.5, 0.0, 39.5) screen=(316.0163, -781.0065)
[Dev] removed 20 enemies
[Dev] removed 1 enemies
[Kill] +8 xp (lv 1, 8/20)
[Dev] item 엽전 world=(24.97501, 0.0, 49.5) screen=(754.5514, 410.108)
[Save] quest → user://save_e2e.json (C:/Users/FORYOUCOM/AppData/Roaming/Godot/app_userdata/Joseon Hunters/wt/codex-96-boss-opening-cutin/save_e2e.json)
[Quest] heukrang_clear 싹쓸이 완료 (none → killed)
[Kill] +8 xp (lv 1, 16/20)
[Dev] item 엽전 world=(25.45992, 0.0, 51.4602) screen=(686.2701, 475.4448)
[Dev] removed 2 enemies
[Kill] +8 xp (lv 2, 4/57)
[LevelUp] lv=2 stat_pts=5 skill_pts=1
[Dev] removed 2 enemies
  · 끌림 실측 3.175u (정격 3.175 = 4.12 − 몸 0.35 − stop 0.6)
[Dev] removed 1 enemies
[Dev] removed 1 enemies
[Dev] removed 1 enemies
[Dev] removed 1 enemies
[Dev] removed 1 enemies
E2E gimmicks_m10 PASS (검사 23)
[Audio] BGM town → town.ogg
[Save] level 못골 마을 → user://save_e2e.json (C:/Users/FORYOUCOM/AppData/Roaming/Godot/app_userdata/Joseon Hunters/wt/codex-96-boss-opening-cutin/save_e2e.json)
[Dev] stairs DungeonEntrance dir=1 world=(0.0, 0.0, -31.0) screen=(2121.067, -492.4143)
[Dev] interact Merchant world=(5.4, 0.0, -2.4) screen=(1047.293, 368.0158)
[Dev] interact Shaman world=(-5.6, 0.0, 0.4) screen=(408.5833, 148.8999)
[Dev] interact Elder world=(2.0, 0.0, -5.6) screen=(1038.037, 191.6542)
[Dev] interact Waypoint world=(-4.2, 0.0, 2.2) screen=(390.0698, 234.4085)
E2E ▶ behaviors_m9
[Dungeon] heukrang_gul 1층 lv=2 seed=403727558 gen 64x64 rooms=6 up=(44, 56) down=(7, 23) enemies=20 roster=bandit,bat,talisman_master elites=["방2:금색×3(깊이 0.50)"] named=-
[Quest] heukrang_gul 1층 — 싹쓸이 셈 시작 20 (heukrang_clear:none)
[Audio] BGM dungeon → dungeon_2.ogg
[Save] level 흑랑 굴 1층 → user://save_e2e.json (C:/Users/FORYOUCOM/AppData/Roaming/Godot/app_userdata/Joseon Hunters/wt/codex-96-boss-opening-cutin/save_e2e.json)
[Dev] stairs StairsUp dir=-1 world=(44.5, 0.0, 56.5) screen=(593.7165, 335.9509)
[Dev] stairs StairsDown dir=1 world=(7.5, 0.0, 23.5) screen=(408.583, -1534.551)
[Dev] interact PusJar world=(29.5, 0.0, 42.5) screen=(547.433, -487.0705)
[Dev] interact @Area3D@82371 world=(14.5, 0.0, 24.5) screen=(686.2831, -1368.878)
[Dev] interact @Area3D@82372 world=(23.5, 0.0, 18.5) screen=(1380.534, -1288.714)
[Dev] interact LootChest world=(29.5, 0.0, 39.5) screen=(686.2831, -567.2349)
[Dev] interact @Area3D@82373 world=(40.5, 0.0, 38.5) screen=(1241.683, -300.0204)
[Dev] interact LootPot world=(21.5, 0.0, 43.5) screen=(130.8828, -674.1207)
[Dev] interact @Area3D@82374 world=(22.5, 0.0, 44.5) screen=(130.8829, -620.6779)
[Dev] interact @Area3D@82375 world=(19.5, 0.0, 9.5) screen=(1611.95, -1636.093)
[Dev] interact @Area3D@82376 world=(20.5, 0.0, 9.5) screen=(1658.234, -1609.372)
[Dev] interact @Area3D@82377 world=(44.5, 0.0, 51.5) screen=(825.1333, 154.2443)
[Dev] interact @Area3D@82378 world=(44.5, 0.0, 52.5) screen=(778.8499, 180.9657)
[Dev] interact @Area3D@82379 world=(21.5, 0.0, 39.5) screen=(316.0163, -781.0065)
[Dev] removed 20 enemies
  · ① 선 자리 거리 들개 6.0 · 넋 6.0 · 혼불 6.0
  · ① 도호 쪽 빠르기 들개 4.50 · 넋 2.34 · 혼불 4.62 · 넋 흔들림 최대 53°
[Dev] removed 3 enemies
[Dev] removed 1 enemies
[Kill] +6 xp (lv 1, 6/20)
[Dev] item 미식별 가죽신 world=(22.5, 0.0, 45.05164) screen=(845.8849, 225.1061)
[Save] quest → user://save_e2e.json (C:/Users/FORYOUCOM/AppData/Roaming/Godot/app_userdata/Joseon Hunters/wt/codex-96-boss-opening-cutin/save_e2e.json)
[Quest] heukrang_clear 싹쓸이 완료 (none → killed)
[Dev] removed 1 enemies
E2E behaviors_m9 PASS (검사 13)
[Audio] BGM town → town.ogg
[Save] level 못골 마을 → user://save_e2e.json (C:/Users/FORYOUCOM/AppData/Roaming/Godot/app_userdata/Joseon Hunters/wt/codex-96-boss-opening-cutin/save_e2e.json)
[Dev] stairs DungeonEntrance dir=1 world=(0.0, 0.0, -31.0) screen=(2121.067, -492.4143)
[Dev] interact Merchant world=(5.4, 0.0, -2.4) screen=(1047.293, 368.0158)
[Dev] interact Shaman world=(-5.6, 0.0, 0.4) screen=(408.5833, 148.8999)
[Dev] interact Elder world=(2.0, 0.0, -5.6) screen=(1038.037, 191.6542)
[Dev] interact Waypoint world=(-4.2, 0.0, 2.2) screen=(390.0698, 234.4085)
E2E ▶ female_f1
[Field] jeongnyeongjae seed=3599041059 128x176 props=2821 packs=13 enemies=72 waypoint=(61, 66) roster=hwajeok,vampire_bat,lightning_master | hwajeok,hollin_yeogung_bow,gaekgwi elites=["8:금색×3@구간2", "10:금색×3@구간3"]
[Audio] BGM dungeon → dungeon_4.ogg
[Save] level 정령재 → user://save_e2e.json (C:/Users/FORYOUCOM/AppData/Roaming/Godot/app_userdata/Joseon Hunters/wt/codex-96-boss-opening-cutin/save_e2e.json)
[Dev] stairs Down_cave dir=1 world=(60.5, 0.0, 3.5) screen=(9896.671, -2149.144)
[Dev] stairs Down_mine dir=1 world=(125.5, 0.0, 70.5) screen=(9804.104, 1378.087)
[Dev] interact Waypoint world=(61.5, 0.0, 66.5) screen=(7027.103, -487.0706)
[Dev] interact LootChest world=(5.5, 0.0, 141.5) screen=(963.9833, 20.637)
[Dev] interact @Area3D@83919 world=(26.5, 0.0, 123.5) screen=(2769.034, 100.8014)
[Dev] interact @Area3D@83920 world=(61.5, 0.0, 88.5) screen=(6008.868, 100.8013)
[Dev] interact @Area3D@83921 world=(82.5, 0.0, 48.5) screen=(8832.153, -406.9061)
[Dev] interact LootPot world=(70.5, 0.0, 9.5) screen=(10081.8, -1769.7)
[Dev] interact @Area3D@83922 world=(59.5, 0.0, 82.5) screen=(6194.002, -112.9702)
[Dev] interact @Area3D@83923 world=(39.5, 0.0, 58.5) screen=(6379.136, -1288.714)
[Dev] interact @Area3D@83924 world=(32.5, 0.0, 37.5) screen=(7027.103, -2036.915)
[Dev] interact @Area3D@83925 world=(30.5, 0.0, 123.5) screen=(2954.168, 207.6872)
[Dev] interact @Area3D@83926 world=(96.5, 0.0, 125.5) screen=(5916.303, 2024.746)
[Dev] interact @Area3D@83927 world=(89.5, 0.0, 59.5) screen=(8647.021, 74.08006)
[Dev] interact @Area3D@83928 world=(22.5, 0.0, 41.5) screen=(6379.136, -2197.243)
[Dev] interact @Area3D@83929 world=(56.5, 0.0, 51.5) screen=(7489.937, -1021.5)
[Dev] interact @Area3D@83930 world=(7.5, 0.0, 142.5) screen=(1010.267, 100.8013)
[Dev] interact @Area3D@83931 world=(101.5, 0.0, 72.5) screen=(8600.737, 742.1163)
[Dev] interact @Area3D@83932 world=(77.5, 0.0, 34.5) screen=(9248.703, -914.6136)
[Dev] removed 73 enemies
E2E female_f1 PASS (검사 7)
[Audio] BGM town → town.ogg
[Save] level 못골 마을 → user://save_e2e.json (C:/Users/FORYOUCOM/AppData/Roaming/Godot/app_userdata/Joseon Hunters/wt/codex-96-boss-opening-cutin/save_e2e.json)
[Dev] stairs DungeonEntrance dir=1 world=(0.0, 0.0, -31.0) screen=(2121.067, -492.4143)
[Dev] interact Merchant world=(5.4, 0.0, -2.4) screen=(1047.293, 368.0158)
[Dev] interact Shaman world=(-5.6, 0.0, 0.4) screen=(408.5833, 148.8999)
[Dev] interact Elder world=(2.0, 0.0, -5.6) screen=(1038.037, 191.6542)
[Dev] interact Waypoint world=(-4.2, 0.0, 2.2) screen=(390.0698, 234.4085)
E2E ▶ female_float
[Field] jeongnyeongjae seed=3599041059 128x176 props=2821 packs=13 enemies=72 waypoint=(61, 66) roster=hwajeok,vampire_bat,lightning_master | hwajeok,hollin_yeogung_bow,gaekgwi elites=["8:금색×3@구간2", "10:금색×3@구간3"]
[Audio] BGM dungeon → dungeon_1.ogg
[Save] level 정령재 → user://save_e2e.json (C:/Users/FORYOUCOM/AppData/Roaming/Godot/app_userdata/Joseon Hunters/wt/codex-96-boss-opening-cutin/save_e2e.json)
[Dev] stairs Down_cave dir=1 world=(60.5, 0.0, 3.5) screen=(9896.671, -2149.144)
[Dev] stairs Down_mine dir=1 world=(125.5, 0.0, 70.5) screen=(9804.104, 1378.087)
[Dev] interact Waypoint world=(61.5, 0.0, 66.5) screen=(7027.103, -487.0706)
[Dev] interact LootChest world=(5.5, 0.0, 141.5) screen=(963.9833, 20.637)
[Dev] interact @Area3D@85463 world=(26.5, 0.0, 123.5) screen=(2769.034, 100.8014)
[Dev] interact @Area3D@85464 world=(61.5, 0.0, 88.5) screen=(6008.868, 100.8013)
[Dev] interact @Area3D@85465 world=(82.5, 0.0, 48.5) screen=(8832.153, -406.9061)
[Dev] interact LootPot world=(70.5, 0.0, 9.5) screen=(10081.8, -1769.7)
[Dev] interact @Area3D@85466 world=(59.5, 0.0, 82.5) screen=(6194.002, -112.9702)
[Dev] interact @Area3D@85467 world=(39.5, 0.0, 58.5) screen=(6379.136, -1288.714)
[Dev] interact @Area3D@85468 world=(32.5, 0.0, 37.5) screen=(7027.103, -2036.915)
[Dev] interact @Area3D@85469 world=(30.5, 0.0, 123.5) screen=(2954.168, 207.6872)
[Dev] interact @Area3D@85470 world=(96.5, 0.0, 125.5) screen=(5916.303, 2024.746)
[Dev] interact @Area3D@85471 world=(89.5, 0.0, 59.5) screen=(8647.021, 74.08006)
[Dev] interact @Area3D@85472 world=(22.5, 0.0, 41.5) screen=(6379.136, -2197.243)
[Dev] interact @Area3D@85473 world=(56.5, 0.0, 51.5) screen=(7489.937, -1021.5)
[Dev] interact @Area3D@85474 world=(7.5, 0.0, 142.5) screen=(1010.267, 100.8013)
[Dev] interact @Area3D@85475 world=(101.5, 0.0, 72.5) screen=(8600.737, 742.1163)
[Dev] interact @Area3D@85476 world=(77.5, 0.0, 34.5) screen=(9248.703, -914.6136)
[Dev] removed 76 enemies
E2E female_float PASS (검사 5)
[Audio] BGM town → town.ogg
[Save] level 못골 마을 → user://save_e2e.json (C:/Users/FORYOUCOM/AppData/Roaming/Godot/app_userdata/Joseon Hunters/wt/codex-96-boss-opening-cutin/save_e2e.json)
[Dev] stairs DungeonEntrance dir=1 world=(0.0, 0.0, -31.0) screen=(2121.067, -492.4143)
[Dev] interact Merchant world=(5.4, 0.0, -2.4) screen=(1047.293, 368.0158)
[Dev] interact Shaman world=(-5.6, 0.0, 0.4) screen=(408.5833, 148.8999)
[Dev] interact Elder world=(2.0, 0.0, -5.6) screen=(1038.037, 191.6542)
[Dev] interact Waypoint world=(-4.2, 0.0, 2.2) screen=(390.0698, 234.4085)
E2E ▶ m14_models
[Field] jeongnyeongjae seed=3599041059 128x176 props=2821 packs=13 enemies=72 waypoint=(61, 66) roster=hwajeok,vampire_bat,lightning_master | hwajeok,hollin_yeogung_bow,gaekgwi elites=["8:금색×3@구간2", "10:금색×3@구간3"]
[Audio] BGM dungeon → dungeon_3.ogg
[Save] level 정령재 → user://save_e2e.json (C:/Users/FORYOUCOM/AppData/Roaming/Godot/app_userdata/Joseon Hunters/wt/codex-96-boss-opening-cutin/save_e2e.json)
[Dev] stairs Down_cave dir=1 world=(60.5, 0.0, 3.5) screen=(9896.671, -2149.144)
[Dev] stairs Down_mine dir=1 world=(125.5, 0.0, 70.5) screen=(9804.104, 1378.087)
[Dev] interact Waypoint world=(61.5, 0.0, 66.5) screen=(7027.103, -487.0706)
[Dev] interact LootChest world=(5.5, 0.0, 141.5) screen=(963.9833, 20.637)
[Dev] interact @Area3D@87009 world=(26.5, 0.0, 123.5) screen=(2769.034, 100.8014)
[Dev] interact @Area3D@87010 world=(61.5, 0.0, 88.5) screen=(6008.868, 100.8013)
[Dev] interact @Area3D@87011 world=(82.5, 0.0, 48.5) screen=(8832.153, -406.9061)
[Dev] interact LootPot world=(70.5, 0.0, 9.5) screen=(10081.8, -1769.7)
[Dev] interact @Area3D@87012 world=(59.5, 0.0, 82.5) screen=(6194.002, -112.9702)
[Dev] interact @Area3D@87013 world=(39.5, 0.0, 58.5) screen=(6379.136, -1288.714)
[Dev] interact @Area3D@87014 world=(32.5, 0.0, 37.5) screen=(7027.103, -2036.915)
[Dev] interact @Area3D@87015 world=(30.5, 0.0, 123.5) screen=(2954.168, 207.6872)
[Dev] interact @Area3D@87016 world=(96.5, 0.0, 125.5) screen=(5916.303, 2024.746)
[Dev] interact @Area3D@87017 world=(89.5, 0.0, 59.5) screen=(8647.021, 74.08006)
[Dev] interact @Area3D@87018 world=(22.5, 0.0, 41.5) screen=(6379.136, -2197.243)
[Dev] interact @Area3D@87019 world=(56.5, 0.0, 51.5) screen=(7489.937, -1021.5)
[Dev] interact @Area3D@87020 world=(7.5, 0.0, 142.5) screen=(1010.267, 100.8013)
[Dev] interact @Area3D@87021 world=(101.5, 0.0, 72.5) screen=(8600.737, 742.1163)
[Dev] interact @Area3D@87022 world=(77.5, 0.0, 34.5) screen=(9248.703, -914.6136)
[Dev] removed 72 enemies
  · 줄 가운데 = (76.5, 0.0, 74.5) (서낭단 닻 (64, 66))
  · 모양: hollin_yeogung_bow=hollin_yeogung, hollin_yeogung_spear=hollin_yeogung_spear, plague_dog=plague_dog, honbul=honbul, tteodoneun_neok=sobok_gwisin, gaekgwi=sobok_gwisin, mulgwishin=sobok_gwisin, nachalnyeo=nachalnyeo
[Dev] removed 8 enemies
E2E m14_models PASS (검사 13)
[Audio] BGM town → town.ogg
[Save] level 못골 마을 → user://save_e2e.json (C:/Users/FORYOUCOM/AppData/Roaming/Godot/app_userdata/Joseon Hunters/wt/codex-96-boss-opening-cutin/save_e2e.json)
[Dev] stairs DungeonEntrance dir=1 world=(0.0, 0.0, -31.0) screen=(2121.067, -492.4143)
[Dev] interact Merchant world=(5.4, 0.0, -2.4) screen=(1047.293, 368.0158)
[Dev] interact Shaman world=(-5.6, 0.0, 0.4) screen=(408.5833, 148.8999)
[Dev] interact Elder world=(2.0, 0.0, -5.6) screen=(1038.037, 191.6542)
[Dev] interact Waypoint world=(-4.2, 0.0, 2.2) screen=(390.0698, 234.4085)
E2E ▶ leader_options
[Dungeon] heukrang_gul 1층 lv=2 seed=403727558 gen 64x64 rooms=6 up=(44, 56) down=(7, 23) enemies=20 roster=bandit,bat,talisman_master elites=["방2:금색×3(깊이 0.50)"] named=-
[Quest] heukrang_gul 1층 — 싹쓸이 셈 시작 20 (heukrang_clear:none)
[Audio] BGM dungeon → dungeon_2.ogg
[Save] level 흑랑 굴 1층 → user://save_e2e.json (C:/Users/FORYOUCOM/AppData/Roaming/Godot/app_userdata/Joseon Hunters/wt/codex-96-boss-opening-cutin/save_e2e.json)
[Dev] stairs StairsUp dir=-1 world=(44.5, 0.0, 56.5) screen=(593.7165, 335.9509)
[Dev] stairs StairsDown dir=1 world=(7.5, 0.0, 23.5) screen=(408.583, -1534.551)
[Dev] interact PusJar world=(29.5, 0.0, 42.5) screen=(547.433, -487.0705)
[Dev] interact @Area3D@87373 world=(14.5, 0.0, 24.5) screen=(686.2831, -1368.878)
[Dev] interact @Area3D@87374 world=(23.5, 0.0, 18.5) screen=(1380.534, -1288.714)
[Dev] interact LootChest world=(29.5, 0.0, 39.5) screen=(686.2831, -567.2349)
[Dev] interact @Area3D@87375 world=(40.5, 0.0, 38.5) screen=(1241.683, -300.0204)
[Dev] interact LootPot world=(21.5, 0.0, 43.5) screen=(130.8828, -674.1207)
[Dev] interact @Area3D@87376 world=(22.5, 0.0, 44.5) screen=(130.8829, -620.6779)
[Dev] interact @Area3D@87377 world=(19.5, 0.0, 9.5) screen=(1611.95, -1636.093)
[Dev] interact @Area3D@87378 world=(20.5, 0.0, 9.5) screen=(1658.234, -1609.372)
[Dev] interact @Area3D@87379 world=(44.5, 0.0, 51.5) screen=(825.1333, 154.2443)
[Dev] interact @Area3D@87380 world=(44.5, 0.0, 52.5) screen=(778.8499, 180.9657)
[Dev] interact @Area3D@87381 world=(21.5, 0.0, 39.5) screen=(316.0163, -781.0065)
[Dev] removed 20 enemies
[Kill] +55 xp (lv 2, 35/57)
[LevelUp] lv=2 stat_pts=5 skill_pts=1
[Dev] item 엽전 world=(24.5, 0.0, 49.5) screen=(732.5665, 399.4938)
[Dev] item 괴황지 world=(24.5, 0.0, 49.5) screen=(732.5665, 399.4938)
[Dev] item 빙결부 world=(24.5, 0.0, 49.5) screen=(732.5665, 399.4938)
[Dev] item 엽전 world=(24.5, 0.0, 49.5) screen=(732.5665, 399.4938)
[Dev] item 은가락지 world=(24.5, 0.0, 49.5) screen=(732.5665, 399.4938)
[Dev] item 누비옷 world=(24.5, 0.0, 49.5) screen=(732.5665, 399.4938)
[Save] quest → user://save_e2e.json (C:/Users/FORYOUCOM/AppData/Roaming/Godot/app_userdata/Joseon Hunters/wt/codex-96-boss-opening-cutin/save_e2e.json)
[Quest] heukrang_clear 싹쓸이 완료 (none → killed)
[Audio] 같은 순간 같은 큐 상한(3) 넘침 — drop ×3 (버림 누계 638)
[Dev] removed 1 enemies
  · 축지 — 도호 곁 1.88칸 · 맞고 옆으로 4.47칸 (잣대 2.29~5.71)
[Dev] removed 1 enemies
[Dev] removed 1 enemies
[Dev] removed 1 enemies
[Dev] removed 1 enemies
[Kill] +53 xp (lv 3, 31/104)
[LevelUp] lv=3 stat_pts=10 skill_pts=2
[Dev] item 엽전 world=(24.13776, 0.0, 49.5388) screen=(714.0049, 388.7723)
[Dev] item 엽전 world=(24.13776, 0.0, 49.5388) screen=(714.0049, 388.7723)
[Dev] item 탕약 — 쌍화탕 world=(24.13776, 0.0, 49.5388) screen=(714.0049, 388.7723)
[Dev] item 괴황지 world=(24.13776, 0.0, 49.5388) screen=(714.0049, 388.7723)
[Dev] item 상품 무명띠 world=(24.13776, 0.0, 49.5388) screen=(714.0049, 388.7723)
[Dev] removed 3 enemies
E2E leader_options PASS (검사 20)
[Audio] BGM town → town.ogg
[Save] level 못골 마을 → user://save_e2e.json (C:/Users/FORYOUCOM/AppData/Roaming/Godot/app_userdata/Joseon Hunters/wt/codex-96-boss-opening-cutin/save_e2e.json)
[Dev] stairs DungeonEntrance dir=1 world=(0.0, 0.0, -31.0) screen=(2121.067, -492.4143)
[Dev] interact Merchant world=(5.4, 0.0, -2.4) screen=(1047.293, 368.0158)
[Dev] interact Shaman world=(-5.6, 0.0, 0.4) screen=(408.5833, 148.8999)
[Dev] interact Elder world=(2.0, 0.0, -5.6) screen=(1038.037, 191.6542)
[Dev] interact Waypoint world=(-4.2, 0.0, 2.2) screen=(390.0698, 234.4085)
E2E ▶ surround
[Dungeon] heukrang_gul 1층 lv=2 seed=403727558 gen 64x64 rooms=6 up=(44, 56) down=(7, 23) enemies=20 roster=bandit,bat,talisman_master elites=["방2:금색×3(깊이 0.50)"] named=-
[Quest] heukrang_gul 1층 — 싹쓸이 셈 시작 20 (heukrang_clear:none)
[Audio] BGM dungeon → dungeon_3.ogg
[Save] level 흑랑 굴 1층 → user://save_e2e.json (C:/Users/FORYOUCOM/AppData/Roaming/Godot/app_userdata/Joseon Hunters/wt/codex-96-boss-opening-cutin/save_e2e.json)
[Dev] stairs StairsUp dir=-1 world=(44.5, 0.0, 56.5) screen=(593.7165, 335.9509)
[Dev] stairs StairsDown dir=1 world=(7.5, 0.0, 23.5) screen=(408.583, -1534.551)
[Dev] interact PusJar world=(29.5, 0.0, 42.5) screen=(547.433, -487.0705)
[Dev] interact @Area3D@87754 world=(14.5, 0.0, 24.5) screen=(686.2831, -1368.878)
[Dev] interact @Area3D@87755 world=(23.5, 0.0, 18.5) screen=(1380.534, -1288.714)
[Dev] interact LootChest world=(29.5, 0.0, 39.5) screen=(686.2831, -567.2349)
[Dev] interact @Area3D@87756 world=(40.5, 0.0, 38.5) screen=(1241.683, -300.0204)
[Dev] interact LootPot world=(21.5, 0.0, 43.5) screen=(130.8828, -674.1207)
[Dev] interact @Area3D@87757 world=(22.5, 0.0, 44.5) screen=(130.8829, -620.6779)
[Dev] interact @Area3D@87758 world=(19.5, 0.0, 9.5) screen=(1611.95, -1636.093)
[Dev] interact @Area3D@87759 world=(20.5, 0.0, 9.5) screen=(1658.234, -1609.372)
[Dev] interact @Area3D@87760 world=(44.5, 0.0, 51.5) screen=(825.1333, 154.2443)
[Dev] interact @Area3D@87761 world=(44.5, 0.0, 52.5) screen=(778.8499, 180.9657)
[Dev] interact @Area3D@87762 world=(21.5, 0.0, 39.5) screen=(316.0163, -781.0065)
[Dev] removed 20 enemies
[Audio] 같은 순간 같은 큐 상한(3) 넘침 — bandit_attack ×2 (버림 누계 640)
  · 제 자리 0.5u 안 9 (무리가 8 넘은 아홉째는 더 걸어야 하는 바깥 자리 포함)
[Kill] +8 xp (lv 1, 8/20)
[Dev] item 엽전 world=(23.78178, 0.0, 49.5142) screen=(698.6679, 378.6185)
[Dev] removed 17 enemies
[Dev] removed 4 enemies
[Dev] removed 1 enemies
E2E surround PASS (검사 7)
[Audio] BGM town → town.ogg
[Save] level 못골 마을 → user://save_e2e.json (C:/Users/FORYOUCOM/AppData/Roaming/Godot/app_userdata/Joseon Hunters/wt/codex-96-boss-opening-cutin/save_e2e.json)
[Dev] stairs DungeonEntrance dir=1 world=(0.0, 0.0, -31.0) screen=(2121.067, -492.4143)
[Dev] interact Merchant world=(5.4, 0.0, -2.4) screen=(1047.293, 368.0158)
[Dev] interact Shaman world=(-5.6, 0.0, 0.4) screen=(408.5833, 148.8999)
[Dev] interact Elder world=(2.0, 0.0, -5.6) screen=(1038.037, 191.6542)
[Dev] interact Waypoint world=(-4.2, 0.0, 2.2) screen=(390.0698, 234.4085)
E2E ▶ item_showcase
  · 바닥 한 줄 6칸: (1.272792, 0.0, 3.687006) → (5.798276, 0.0, 0.858578) (화면 (574.5455, 465.8325) → (914.9091, 511.1803))
  · 더미(한 자리) (3.252691, 0.0, 1.141421) → 화면 (784.0001, 450.7165)
  · 더미 여섯 다시 쌓기 중앙값 0.11ms [0.16 0.11 0.12 0.11 0.11 0.11 0.11]
  · 무리(튀어나옴) (4.24264, 0.0, 1.0) → 화면 (836.3636, 473.3904)
[Click] world=(3.252691, 0.0, 1.141421) cell=(3, 1)
[Click] world=(3.252691, 0.0, 1.141421) cell=(3, 1)
[Click] world=(3.252691, 0.0, 1.141421) cell=(3, 1)
  · 150개 한 점: 다시 쌓기 중앙값 3.32ms [3.62 3.32 3.45 3.18 3.38 3.16 3.13] · 가만히 있는 프레임 중앙값 0.212ms [0.21 0.22 0.21 0.21 0.22]
E2E item_showcase PASS (검사 1704)
[Save] level 못골 마을 → user://save_e2e.json (C:/Users/FORYOUCOM/AppData/Roaming/Godot/app_userdata/Joseon Hunters/wt/codex-96-boss-opening-cutin/save_e2e.json)
[Dev] stairs DungeonEntrance dir=1 world=(0.0, 0.0, -31.0) screen=(2121.067, -492.4143)
[Dev] interact Merchant world=(5.4, 0.0, -2.4) screen=(1047.293, 368.0158)
[Dev] interact Shaman world=(-5.6, 0.0, 0.4) screen=(408.5833, 148.8999)
[Dev] interact Elder world=(2.0, 0.0, -5.6) screen=(1038.037, 191.6542)
[Dev] interact Waypoint world=(-4.2, 0.0, 2.2) screen=(390.0698, 234.4085)
E2E ▶ weapon_visibility
[Click] world=(-2.498087, 0.0, -4.498087) cell=(-3, -5)
E2E weapon_visibility PASS (검사 25)
[Save] level 못골 마을 → user://save_e2e.json (C:/Users/FORYOUCOM/AppData/Roaming/Godot/app_userdata/Joseon Hunters/wt/codex-96-boss-opening-cutin/save_e2e.json)
[Dev] stairs DungeonEntrance dir=1 world=(0.0, 0.0, -31.0) screen=(2121.067, -492.4143)
[Dev] interact Merchant world=(5.4, 0.0, -2.4) screen=(1047.293, 368.0158)
[Dev] interact Shaman world=(-5.6, 0.0, 0.4) screen=(408.5833, 148.8999)
[Dev] interact Elder world=(2.0, 0.0, -5.6) screen=(1038.037, 191.6542)
[Dev] interact Waypoint world=(-4.2, 0.0, 2.2) screen=(390.0698, 234.4085)
E2E ▶ first_magic
[Dev] item 화염부 world=(32.5, 0.0, 70.5) screen=(-1072.484, 3072.227)
[Dev] item 빙결부 world=(33.5, 0.0, 69.5) screen=(-979.9173, 3072.227)
[Field] deulnyeok seed=355022911 128x128 props=2252 packs=18 enemies=74 waypoint=(62, 65) roster=bandit,bat,talisman_master elites=["13:파란×4@구간3"]
[Audio] BGM dungeon → dungeon_1.ogg
[Save] level 못골 들녘 → user://save_e2e.json (C:/Users/FORYOUCOM/AppData/Roaming/Godot/app_userdata/Joseon Hunters/wt/codex-96-boss-opening-cutin/save_e2e.json)
[Dev] stairs Down_cave dir=1 world=(88.5, 0.0, 3.5) screen=(7212.236, 897.1014)
[Dev] interact Waypoint world=(62.5, 0.0, 65.5) screen=(3139.301, 1810.974)
[Dev] interact FloorItem world=(32.5, 0.0, 70.5) screen=(1519.384, 1142.938)
[Dev] interact @Area3D@89095 world=(33.5, 0.0, 69.5) screen=(1611.95, 1142.938)
[Dev] interact PusJar world=(95.5, 0.0, 103.5) screen=(2907.884, 3708.197)
[Dev] interact @Area3D@89242 world=(101.5, 0.0, 105.5) screen=(3093.018, 3921.969)
[Dev] interact @Area3D@89243 world=(98.5, 0.0, 107.5) screen=(2861.601, 3895.247)
[Dev] interact LootChest world=(27.5, 0.0, 70.5) screen=(1287.967, 1009.331)
[Dev] interact @Area3D@89244 world=(94.5, 0.0, 100.5) screen=(3000.451, 3601.312)
[Dev] interact @Area3D@89245 world=(55.5, 0.0, 52.5) screen=(3417.001, 1276.545)
[Dev] interact LootPot world=(46.5, 0.0, 68.5) screen=(2259.917, 1463.595)
[Dev] interact @Area3D@89246 world=(73.5, 0.0, 47.5) screen=(4481.519, 1623.924)
[Dev] interact @Area3D@89247 world=(90.5, 0.0, 47.5) screen=(5268.335, 2078.189)
[Dev] interact @Area3D@89248 world=(111.5, 0.0, 49.5) screen=(6147.719, 2692.782)
[Dev] interact @Area3D@89249 world=(101.5, 0.0, 101.5) screen=(3278.151, 3815.083)
[Dev] interact @Area3D@89250 world=(86.5, 0.0, 76.5) screen=(3740.984, 2746.225)
[Dev] interact @Area3D@89251 world=(53.5, 0.0, 52.5) screen=(3324.434, 1223.102)
[Dev] interact @Area3D@89252 world=(87.5, 0.0, 95.5) screen=(2907.884, 3280.654)
[Dev] interact @Area3D@89253 world=(26.5, 0.0, 66.5) screen=(1426.817, 875.7234)
[Dev] interact @Area3D@89254 world=(17.5, 0.0, 60.5) screen=(1287.967, 474.9016)
[Dev] interact @Area3D@89255 world=(86.5, 0.0, 22.5) screen=(6240.286, 1303.266)
[Dev] interact @Area3D@89256 world=(59.5, 0.0, 65.5) screen=(3000.451, 1730.81)
[Dev] interact @Area3D@89257 world=(18.5, 0.0, 74.5) screen=(686.2832, 875.7234)
[Dev] interact @Area3D@89258 world=(44.5, 0.0, 69.5) screen=(2121.067, 1436.874)
[Dev] interact @Area3D@89259 world=(73.5, 0.0, 49.5) screen=(4388.952, 1677.367)
[Dev] interact @Area3D@89260 world=(88.5, 0.0, 52.5) screen=(4944.352, 2158.353)
[Kill] +6 xp (lv 1, 6/20)
[Dev] item 엽전 world=(14.5, 0.0, 46.5) screen=(1797.084, 50.05202)
[Dev] item 미식별 목검 world=(14.5, 0.0, 46.5) screen=(1797.084, 50.05202)
[Loot] 첫 매직 보장 — bandit (wooden_sword ilvl 1) · 회차 1
[Kill] +6 xp (lv 1, 12/20)
[Dev] item 귀환부 world=(9.5, 0.0, 32.5) screen=(2209.313, -464.8575)
[Save] e2e first_magic → user://save_e2e.json (C:/Users/FORYOUCOM/AppData/Roaming/Godot/app_userdata/Joseon Hunters/wt/codex-96-boss-opening-cutin/save_e2e.json)
[Load] lv=1 gold=0 flags={ "opening_pending": false } portal=<null> wps=[]
[Dev] item 화염부 world=(32.5, 0.0, 70.5) screen=(1519.384, 1172.353)
[Dev] item 빙결부 world=(33.5, 0.0, 69.5) screen=(1611.95, 1172.353)
[Field] deulnyeok seed=355022911 128x128 props=2252 packs=18 enemies=74 waypoint=(62, 65) roster=bandit,bat,talisman_master elites=["12:파란×4@구간3", "7:파란×4@구간2"]
[Save] level 못골 들녘 → user://save_e2e.json (C:/Users/FORYOUCOM/AppData/Roaming/Godot/app_userdata/Joseon Hunters/wt/codex-96-boss-opening-cutin/save_e2e.json)
[Dev] stairs Down_cave dir=1 world=(88.5, 0.0, 3.5) screen=(7212.236, 897.1014)
[Dev] interact Waypoint world=(62.5, 0.0, 65.5) screen=(3139.301, 1810.974)
[Dev] interact FloorItem world=(32.5, 0.0, 70.5) screen=(1519.384, 1142.938)
[Dev] interact @Area3D@89775 world=(33.5, 0.0, 69.5) screen=(1611.95, 1142.938)
[Dev] interact PusJar world=(95.5, 0.0, 103.5) screen=(2907.884, 3708.197)
[Dev] interact @Area3D@89918 world=(101.5, 0.0, 105.5) screen=(3093.018, 3921.969)
[Dev] interact @Area3D@89919 world=(98.5, 0.0, 107.5) screen=(2861.601, 3895.247)
[Dev] interact LootChest world=(27.5, 0.0, 70.5) screen=(1287.967, 1009.331)
[Dev] interact @Area3D@89920 world=(94.5, 0.0, 100.5) screen=(3000.451, 3601.312)
[Dev] interact @Area3D@89921 world=(55.5, 0.0, 52.5) screen=(3417.001, 1276.545)
[Dev] interact LootPot world=(46.5, 0.0, 68.5) screen=(2259.917, 1463.595)
[Dev] interact @Area3D@89922 world=(73.5, 0.0, 47.5) screen=(4481.519, 1623.924)
[Dev] interact @Area3D@89923 world=(90.5, 0.0, 47.5) screen=(5268.335, 2078.189)
[Dev] interact @Area3D@89924 world=(111.5, 0.0, 49.5) screen=(6147.719, 2692.782)
[Dev] interact @Area3D@89925 world=(101.5, 0.0, 101.5) screen=(3278.151, 3815.083)
[Dev] interact @Area3D@89926 world=(86.5, 0.0, 76.5) screen=(3740.984, 2746.225)
[Dev] interact @Area3D@89927 world=(53.5, 0.0, 52.5) screen=(3324.434, 1223.102)
[Dev] interact @Area3D@89928 world=(87.5, 0.0, 95.5) screen=(2907.884, 3280.654)
[Dev] interact @Area3D@89929 world=(26.5, 0.0, 66.5) screen=(1426.817, 875.7234)
[Dev] interact @Area3D@89930 world=(17.5, 0.0, 60.5) screen=(1287.967, 474.9016)
[Dev] interact @Area3D@89931 world=(86.5, 0.0, 22.5) screen=(6240.286, 1303.266)
[Dev] interact @Area3D@89932 world=(59.5, 0.0, 65.5) screen=(3000.451, 1730.81)
[Dev] interact @Area3D@89933 world=(18.5, 0.0, 74.5) screen=(686.2832, 875.7234)
[Dev] interact @Area3D@89934 world=(44.5, 0.0, 69.5) screen=(2121.067, 1436.874)
[Dev] interact @Area3D@89935 world=(73.5, 0.0, 49.5) screen=(4388.952, 1677.367)
[Dev] interact @Area3D@89936 world=(88.5, 0.0, 52.5) screen=(4944.352, 2158.353)
[Kill] +6 xp (lv 1, 18/20)
[Dev] item 엽전 world=(14.5, 0.0, 46.5) screen=(1797.084, 50.05202)
[Dev] item 미식별 가죽신 world=(14.5, 0.0, 46.5) screen=(1797.084, 50.05202)
[Loot] 첫 매직 보장 — bandit (leather_shoes ilvl 13) · 회차 2
[Dungeon] heukrang_gul 1층 lv=2 seed=403727558 gen 64x64 rooms=6 up=(44, 56) down=(7, 23) enemies=20 roster=bandit,bat,talisman_master elites=["방2:금색×3(깊이 0.50)"] named=-
[Quest] heukrang_gul 1층 — 싹쓸이 셈 시작 93 (heukrang_clear:none)
[Save] level 흑랑 굴 1층 → user://save_e2e.json (C:/Users/FORYOUCOM/AppData/Roaming/Godot/app_userdata/Joseon Hunters/wt/codex-96-boss-opening-cutin/save_e2e.json)
[Dev] stairs StairsUp dir=-1 world=(44.5, 0.0, 56.5) screen=(593.7165, 335.9509)
[Dev] stairs StairsDown dir=1 world=(7.5, 0.0, 23.5) screen=(408.583, -1534.551)
[Dev] interact PusJar world=(29.5, 0.0, 42.5) screen=(547.433, -487.0705)
[Dev] interact @Area3D@90121 world=(14.5, 0.0, 24.5) screen=(686.2831, -1368.878)
[Dev] interact @Area3D@90122 world=(23.5, 0.0, 18.5) screen=(1380.534, -1288.714)
[Dev] interact LootChest world=(29.5, 0.0, 39.5) screen=(686.2831, -567.2349)
[Dev] interact @Area3D@90123 world=(40.5, 0.0, 38.5) screen=(1241.683, -300.0204)
[Dev] interact LootPot world=(21.5, 0.0, 43.5) screen=(130.8828, -674.1207)
[Dev] interact @Area3D@90124 world=(22.5, 0.0, 44.5) screen=(130.8829, -620.6779)
[Dev] interact @Area3D@90125 world=(19.5, 0.0, 9.5) screen=(1611.95, -1636.093)
[Dev] interact @Area3D@90126 world=(20.5, 0.0, 9.5) screen=(1658.234, -1609.372)
[Dev] interact @Area3D@90127 world=(44.5, 0.0, 51.5) screen=(825.1333, 154.2443)
[Dev] interact @Area3D@90128 world=(44.5, 0.0, 52.5) screen=(778.8499, 180.9657)
[Dev] interact @Area3D@90129 world=(21.5, 0.0, 39.5) screen=(316.0163, -781.0065)
E2E first_magic PASS (검사 18)
[Audio] BGM town → town.ogg
[Save] level 못골 마을 → user://save_e2e.json (C:/Users/FORYOUCOM/AppData/Roaming/Godot/app_userdata/Joseon Hunters/wt/codex-96-boss-opening-cutin/save_e2e.json)
[Dev] stairs DungeonEntrance dir=1 world=(0.0, 0.0, -31.0) screen=(2121.067, -492.4143)
[Dev] interact Merchant world=(5.4, 0.0, -2.4) screen=(1047.293, 368.0158)
[Dev] interact Shaman world=(-5.6, 0.0, 0.4) screen=(408.5833, 148.8999)
[Dev] interact Elder world=(2.0, 0.0, -5.6) screen=(1038.037, 191.6542)
[Dev] interact Waypoint world=(-4.2, 0.0, 2.2) screen=(390.0698, 234.4085)
E2E ▶ hover_target
[Dungeon] heukrang_gul 1층 lv=2 seed=403727558 gen 64x64 rooms=6 up=(44, 56) down=(7, 23) enemies=20 roster=bandit,bat,talisman_master elites=["방2:금색×3(깊이 0.50)"] named=-
[Quest] heukrang_gul 1층 — 싹쓸이 셈 시작 20 (heukrang_clear:none)
[Audio] BGM dungeon → dungeon_4.ogg
[Save] level 흑랑 굴 1층 → user://save_e2e.json (C:/Users/FORYOUCOM/AppData/Roaming/Godot/app_userdata/Joseon Hunters/wt/codex-96-boss-opening-cutin/save_e2e.json)
[Dev] stairs StairsUp dir=-1 world=(44.5, 0.0, 56.5) screen=(593.7165, 335.9509)
[Dev] stairs StairsDown dir=1 world=(7.5, 0.0, 23.5) screen=(408.583, -1534.551)
[Dev] interact PusJar world=(29.5, 0.0, 42.5) screen=(547.433, -487.0705)
[Dev] interact @Area3D@90470 world=(14.5, 0.0, 24.5) screen=(686.2831, -1368.878)
[Dev] interact @Area3D@90471 world=(23.5, 0.0, 18.5) screen=(1380.534, -1288.714)
[Dev] interact LootChest world=(29.5, 0.0, 39.5) screen=(686.2831, -567.2349)
[Dev] interact @Area3D@90472 world=(40.5, 0.0, 38.5) screen=(1241.683, -300.0204)
[Dev] interact LootPot world=(21.5, 0.0, 43.5) screen=(130.8828, -674.1207)
[Dev] interact @Area3D@90473 world=(22.5, 0.0, 44.5) screen=(130.8829, -620.6779)
[Dev] interact @Area3D@90474 world=(19.5, 0.0, 9.5) screen=(1611.95, -1636.093)
[Dev] interact @Area3D@90475 world=(20.5, 0.0, 9.5) screen=(1658.234, -1609.372)
[Dev] interact @Area3D@90476 world=(44.5, 0.0, 51.5) screen=(825.1333, 154.2443)
[Dev] interact @Area3D@90477 world=(44.5, 0.0, 52.5) screen=(778.8499, 180.9657)
[Dev] interact @Area3D@90478 world=(21.5, 0.0, 39.5) screen=(316.0163, -781.0065)
[Dev] removed 20 enemies
[Kill] +6 xp (lv 1, 6/20)
[Click] world=(27.49961, 0.0, 49.49961) cell=(27, 49)
[Click] world=(28.36544, 0.0, 49.49961) cell=(28, 49)
[Click] world=(28.87445, 0.0, 49.49961) cell=(28, 49)
[Click] world=(29.42926, 0.0, 49.49961) cell=(29, 49)
[Click] world=(29.94822, 0.0, 49.49961) cell=(29, 49)
[Click] world=(20.3, 0.000391, 49.5) cell=(20, 49)
[Skill] 참격 → mp 46/50
[Skill] 참격 → mp 46/50
[Click] world=(25.0, 0.000391, 49.5) cell=(25, 49)
[Click] world=(25.0, 0.000391, 49.5) cell=(25, 49)
[Click] world=(24.9, 0.000391, 49.5) cell=(24, 49)
[Click] world=(25.43033, 0.000391, 48.96967) cell=(25, 48)
[Click] world=(26.3, 0.000391, 49.5) cell=(26, 49)
[Click] world=(26.3, 0.000391, 49.5) cell=(26, 49)
[Skill] 참격 → mp 46/50
[Skill] 참격 → mp 46/50
E2E hover_target PASS (검사 45)
[Audio] BGM town → town.ogg
[Save] level 못골 마을 → user://save_e2e.json (C:/Users/FORYOUCOM/AppData/Roaming/Godot/app_userdata/Joseon Hunters/wt/codex-96-boss-opening-cutin/save_e2e.json)
[Dev] stairs DungeonEntrance dir=1 world=(0.0, 0.0, -31.0) screen=(2121.067, -492.4143)
[Dev] interact Merchant world=(5.4, 0.0, -2.4) screen=(1047.293, 368.0158)
[Dev] interact Shaman world=(-5.6, 0.0, 0.4) screen=(408.5833, 148.8999)
[Dev] interact Elder world=(2.0, 0.0, -5.6) screen=(1038.037, 191.6542)
[Dev] interact Waypoint world=(-4.2, 0.0, 2.2) screen=(390.0698, 234.4085)
E2E ▶ system_menu
[Dungeon] heukrang_gul 1층 lv=2 seed=403727558 gen 64x64 rooms=6 up=(44, 56) down=(7, 23) enemies=20 roster=bandit,bat,talisman_master elites=["방2:금색×3(깊이 0.50)"] named=-
[Quest] heukrang_gul 1층 — 싹쓸이 셈 시작 20 (heukrang_clear:none)
[Audio] BGM dungeon → dungeon_2.ogg
[Save] level 흑랑 굴 1층 → user://save_e2e.json (C:/Users/FORYOUCOM/AppData/Roaming/Godot/app_userdata/Joseon Hunters/wt/codex-96-boss-opening-cutin/save_e2e.json)
[Dev] stairs StairsUp dir=-1 world=(44.5, 0.0, 56.5) screen=(593.7165, 335.9509)
[Dev] stairs StairsDown dir=1 world=(7.5, 0.0, 23.5) screen=(408.583, -1534.551)
[Dev] interact PusJar world=(29.5, 0.0, 42.5) screen=(547.433, -487.0705)
[Dev] interact @Area3D@90843 world=(14.5, 0.0, 24.5) screen=(686.2831, -1368.878)
[Dev] interact @Area3D@90844 world=(23.5, 0.0, 18.5) screen=(1380.534, -1288.714)
[Dev] interact LootChest world=(29.5, 0.0, 39.5) screen=(686.2831, -567.2349)
[Dev] interact @Area3D@90845 world=(40.5, 0.0, 38.5) screen=(1241.683, -300.0204)
[Dev] interact LootPot world=(21.5, 0.0, 43.5) screen=(130.8828, -674.1207)
[Dev] interact @Area3D@90846 world=(22.5, 0.0, 44.5) screen=(130.8829, -620.6779)
[Dev] interact @Area3D@90847 world=(19.5, 0.0, 9.5) screen=(1611.95, -1636.093)
[Dev] interact @Area3D@90848 world=(20.5, 0.0, 9.5) screen=(1658.234, -1609.372)
[Dev] interact @Area3D@90849 world=(44.5, 0.0, 51.5) screen=(825.1333, 154.2443)
[Dev] interact @Area3D@90850 world=(44.5, 0.0, 52.5) screen=(778.8499, 180.9657)
[Dev] interact @Area3D@90851 world=(21.5, 0.0, 39.5) screen=(316.0163, -781.0065)
[Dev] interact Portal world=(46.5, 0.0, 56.5) screen=(686.2831, 338.6432)
[Portal] opened heukrang_gul 1층 pos=(46.5, 0.0, 56.5)
[Save] system menu → user://save_e2e.json (C:/Users/FORYOUCOM/AppData/Roaming/Godot/app_userdata/Joseon Hunters/wt/codex-96-boss-opening-cutin/save_e2e.json)
[Load] lv=1 gold=0 flags={ "opening_pending": false, "quest": { "heukrang_clear": { "state": "none", "left": 20, "barked": false } } } portal={ "area": &"heukrang_gul", "floor": 1, "pos": (46.5, 0.0, 56.5), "returned": false } wps=[]
[Dungeon] heukrang_gul 1층 lv=2 seed=403727558 gen 64x64 rooms=6 up=(44, 56) down=(7, 23) enemies=20 roster=bandit,bat,talisman_master elites=["방2:금색×3(깊이 0.50)"] named=-
[Dev] interact Portal world=(46.5, 0.0, 56.5) screen=(686.2831, 341.2944)
[Quest] heukrang_gul 1층 — 싹쓸이 셈 시작 40 (heukrang_clear:none)
[Save] level 흑랑 굴 1층 → user://save_e2e.json (C:/Users/FORYOUCOM/AppData/Roaming/Godot/app_userdata/Joseon Hunters/wt/codex-96-boss-opening-cutin/save_e2e.json)
[Dev] stairs StairsUp dir=-1 world=(44.5, 0.0, 56.5) screen=(593.7165, 335.9509)
[Dev] stairs StairsDown dir=1 world=(7.5, 0.0, 23.5) screen=(408.583, -1534.551)
[Dev] interact Portal world=(46.5, 0.0, 56.5) screen=(686.2831, 341.2944)
[Dev] interact PusJar world=(29.5, 0.0, 42.5) screen=(547.433, -487.0705)
[Dev] interact @Area3D@91035 world=(14.5, 0.0, 24.5) screen=(686.2831, -1368.878)
[Dev] interact @Area3D@91036 world=(23.5, 0.0, 18.5) screen=(1380.534, -1288.714)
[Dev] interact LootChest world=(29.5, 0.0, 39.5) screen=(686.2831, -567.2349)
[Dev] interact @Area3D@91037 world=(40.5, 0.0, 38.5) screen=(1241.683, -300.0204)
[Dev] interact LootPot world=(21.5, 0.0, 43.5) screen=(130.8828, -674.1207)
[Dev] interact @Area3D@91038 world=(22.5, 0.0, 44.5) screen=(130.8829, -620.6779)
[Dev] interact @Area3D@91039 world=(19.5, 0.0, 9.5) screen=(1611.95, -1636.093)
[Dev] interact @Area3D@91040 world=(20.5, 0.0, 9.5) screen=(1658.234, -1609.372)
[Dev] interact @Area3D@91041 world=(44.5, 0.0, 51.5) screen=(825.1333, 154.2443)
[Dev] interact @Area3D@91042 world=(44.5, 0.0, 52.5) screen=(778.8499, 180.9657)
[Dev] interact @Area3D@91043 world=(21.5, 0.0, 39.5) screen=(316.0163, -781.0065)
[Dev] item 화염부 world=(32.5, 0.0, 70.5) screen=(-609.6509, 370.7094)
[Dev] item 빙결부 world=(33.5, 0.0, 69.5) screen=(-517.084, 370.7095)
[Field] deulnyeok seed=355022911 128x128 props=2252 packs=18 enemies=74 waypoint=(62, 65) roster=bandit,bat,talisman_master elites=["13:파란×4@구간3"]
[Save] level 못골 들녘 → user://save_e2e.json (C:/Users/FORYOUCOM/AppData/Roaming/Godot/app_userdata/Joseon Hunters/wt/codex-96-boss-opening-cutin/save_e2e.json)
[Dev] stairs Down_cave dir=1 world=(88.5, 0.0, 3.5) screen=(7212.236, 897.1014)
[Dev] interact Waypoint world=(62.5, 0.0, 65.5) screen=(3139.301, 1810.974)
[Dev] interact FloorItem world=(32.5, 0.0, 70.5) screen=(1519.384, 1142.938)
[Dev] interact @Area3D@91546 world=(33.5, 0.0, 69.5) screen=(1611.95, 1142.938)
[Dev] interact PusJar world=(95.5, 0.0, 103.5) screen=(2907.884, 3708.197)
[Dev] interact @Area3D@91693 world=(101.5, 0.0, 105.5) screen=(3093.018, 3921.969)
[Dev] interact @Area3D@91694 world=(98.5, 0.0, 107.5) screen=(2861.601, 3895.247)
[Dev] interact LootChest world=(27.5, 0.0, 70.5) screen=(1287.967, 1009.331)
[Dev] interact @Area3D@91695 world=(94.5, 0.0, 100.5) screen=(3000.451, 3601.312)
[Dev] interact @Area3D@91696 world=(55.5, 0.0, 52.5) screen=(3417.001, 1276.545)
[Dev] interact LootPot world=(46.5, 0.0, 68.5) screen=(2259.917, 1463.595)
[Dev] interact @Area3D@91697 world=(73.5, 0.0, 47.5) screen=(4481.519, 1623.924)
[Dev] interact @Area3D@91698 world=(90.5, 0.0, 47.5) screen=(5268.335, 2078.189)
[Dev] interact @Area3D@91699 world=(111.5, 0.0, 49.5) screen=(6147.719, 2692.782)
[Dev] interact @Area3D@91700 world=(101.5, 0.0, 101.5) screen=(3278.151, 3815.083)
[Dev] interact @Area3D@91701 world=(86.5, 0.0, 76.5) screen=(3740.984, 2746.225)
[Dev] interact @Area3D@91702 world=(53.5, 0.0, 52.5) screen=(3324.434, 1223.102)
[Dev] interact @Area3D@91703 world=(87.5, 0.0, 95.5) screen=(2907.884, 3280.654)
[Dev] interact @Area3D@91704 world=(26.5, 0.0, 66.5) screen=(1426.817, 875.7234)
[Dev] interact @Area3D@91705 world=(17.5, 0.0, 60.5) screen=(1287.967, 474.9016)
[Dev] interact @Area3D@91706 world=(86.5, 0.0, 22.5) screen=(6240.286, 1303.266)
[Dev] interact @Area3D@91707 world=(59.5, 0.0, 65.5) screen=(3000.451, 1730.81)
[Dev] interact @Area3D@91708 world=(18.5, 0.0, 74.5) screen=(686.2832, 875.7234)
[Dev] interact @Area3D@91709 world=(44.5, 0.0, 69.5) screen=(2121.067, 1436.874)
[Dev] interact @Area3D@91710 world=(73.5, 0.0, 49.5) screen=(4388.952, 1677.367)
[Dev] interact @Area3D@91711 world=(88.5, 0.0, 52.5) screen=(4944.352, 2158.353)
[Save] system menu → user://save_e2e.json (C:/Users/FORYOUCOM/AppData/Roaming/Godot/app_userdata/Joseon Hunters/wt/codex-96-boss-opening-cutin/save_e2e.json)
[Load] lv=1 gold=15600 flags={ "opening_pending": false, "quest": { "heukrang_clear": { "state": "none", "left": 40, "barked": false } } } portal={ "area": &"heukrang_gul", "floor": 1, "pos": (46.5, 0.0, 56.5), "returned": false } wps=[]
[Dev] item 화염부 world=(32.5, 0.0, 70.5) screen=(1519.384, 1172.353)
[Dev] item 빙결부 world=(33.5, 0.0, 69.5) screen=(1611.95, 1172.353)
[Field] deulnyeok seed=355022911 128x128 props=2252 packs=18 enemies=74 waypoint=(62, 65) roster=bandit,bat,talisman_master elites=["13:파란×4@구간3"]
[Save] level 못골 들녘 → user://save_e2e.json (C:/Users/FORYOUCOM/AppData/Roaming/Godot/app_userdata/Joseon Hunters/wt/codex-96-boss-opening-cutin/save_e2e.json)
[Dev] stairs Down_cave dir=1 world=(88.5, 0.0, 3.5) screen=(7212.236, 897.1014)
[Dev] interact Waypoint world=(62.5, 0.0, 65.5) screen=(3139.301, 1810.974)
[Dev] interact FloorItem world=(32.5, 0.0, 70.5) screen=(1519.384, 1142.938)
[Dev] interact @Area3D@92214 world=(33.5, 0.0, 69.5) screen=(1611.95, 1142.938)
[Dev] interact PusJar world=(95.5, 0.0, 103.5) screen=(2907.884, 3708.197)
[Dev] interact @Area3D@92361 world=(101.5, 0.0, 105.5) screen=(3093.018, 3921.969)
[Dev] interact @Area3D@92362 world=(98.5, 0.0, 107.5) screen=(2861.601, 3895.247)
[Dev] interact LootChest world=(27.5, 0.0, 70.5) screen=(1287.967, 1009.331)
[Dev] interact @Area3D@92363 world=(94.5, 0.0, 100.5) screen=(3000.451, 3601.312)
[Dev] interact @Area3D@92364 world=(55.5, 0.0, 52.5) screen=(3417.001, 1276.545)
[Dev] interact LootPot world=(46.5, 0.0, 68.5) screen=(2259.917, 1463.595)
[Dev] interact @Area3D@92365 world=(73.5, 0.0, 47.5) screen=(4481.519, 1623.924)
[Dev] interact @Area3D@92366 world=(90.5, 0.0, 47.5) screen=(5268.335, 2078.189)
[Dev] interact @Area3D@92367 world=(111.5, 0.0, 49.5) screen=(6147.719, 2692.782)
[Dev] interact @Area3D@92368 world=(101.5, 0.0, 101.5) screen=(3278.151, 3815.083)
[Dev] interact @Area3D@92369 world=(86.5, 0.0, 76.5) screen=(3740.984, 2746.225)
[Dev] interact @Area3D@92370 world=(53.5, 0.0, 52.5) screen=(3324.434, 1223.102)
[Dev] interact @Area3D@92371 world=(87.5, 0.0, 95.5) screen=(2907.884, 3280.654)
[Dev] interact @Area3D@92372 world=(26.5, 0.0, 66.5) screen=(1426.817, 875.7234)
[Dev] interact @Area3D@92373 world=(17.5, 0.0, 60.5) screen=(1287.967, 474.9016)
[Dev] interact @Area3D@92374 world=(86.5, 0.0, 22.5) screen=(6240.286, 1303.266)
[Dev] interact @Area3D@92375 world=(59.5, 0.0, 65.5) screen=(3000.451, 1730.81)
[Dev] interact @Area3D@92376 world=(18.5, 0.0, 74.5) screen=(686.2832, 875.7234)
[Dev] interact @Area3D@92377 world=(44.5, 0.0, 69.5) screen=(2121.067, 1436.874)
[Dev] interact @Area3D@92378 world=(73.5, 0.0, 49.5) screen=(4388.952, 1677.367)
[Dev] interact @Area3D@92379 world=(88.5, 0.0, 52.5) screen=(4944.352, 2158.353)
[Dungeon] heukrang_gul 2층 lv=3 seed=3189434797 preset 28x28 rooms=2 up=(22, 23) down=(-1, -1) enemies=2 roster=bat elites=[] named=-
[Audio] BGM boss → boss.ogg
[Save] level 흑랑 굴 2층 → user://save_e2e.json (C:/Users/FORYOUCOM/AppData/Roaming/Godot/app_userdata/Joseon Hunters/wt/codex-96-boss-opening-cutin/save_e2e.json)
[Dev] stairs StairsUp dir=-1 world=(22.5, 0.0, 23.5) screen=(593.7167, 335.9507)
[Save] system menu → user://save_e2e.json (C:/Users/FORYOUCOM/AppData/Roaming/Godot/app_userdata/Joseon Hunters/wt/codex-96-boss-opening-cutin/save_e2e.json)
[Load] lv=1 gold=15602 flags={ "opening_pending": false, "quest": { "heukrang_clear": { "state": "none", "left": 40, "barked": false } } } portal={ "area": &"heukrang_gul", "floor": 1, "pos": (46.5, 0.0, 56.5), "returned": false } wps=[]
[Dungeon] heukrang_gul 2층 lv=3 seed=3189434797 preset 28x28 rooms=2 up=(22, 23) down=(-1, -1) enemies=2 roster=bat elites=[] named=-
[Save] level 흑랑 굴 2층 → user://save_e2e.json (C:/Users/FORYOUCOM/AppData/Roaming/Godot/app_userdata/Joseon Hunters/wt/codex-96-boss-opening-cutin/save_e2e.json)
[Dev] stairs StairsUp dir=-1 world=(22.5, 0.0, 23.5) screen=(593.7167, 335.9507)
WARNING: SaveSystem: 저장하지 못했습니다 (오류 7)
   at: push_warning (core/variant/variant_utility.cpp:1033)
   GDScript backtrace (most recent call first):
       [0] _failed (res://core/save_system.gd:108)
       [1] save_now (res://core/save_system.gd:32)
       [2] _on_click (res://ui/system_menu.gd:156)
       [3] _input (res://ui/system_menu.gd:110)
[Save] system menu → user://save_e2e.json (C:/Users/FORYOUCOM/AppData/Roaming/Godot/app_userdata/Joseon Hunters/wt/codex-96-boss-opening-cutin/save_e2e.json)
WARNING: SaveSystem: 저장 파일이 손상되었습니다
   at: push_warning (core/variant/variant_utility.cpp:1033)
   GDScript backtrace (most recent call first):
       [0] _failed (res://core/save_system.gd:108)
       [1] read_checked (res://core/save_system.gd:62)
       [2] start_game (res://world/main.gd:101)
       [3] _on_click (res://ui/title_ui.gd:37)
       [4] _input (res://ui/panel_ui.gd:128)
[Load] lv=1 gold=15602 flags={ "opening_pending": false, "quest": { "heukrang_clear": { "state": "none", "left": 40, "barked": false } } } portal={ "area": &"heukrang_gul", "floor": 1, "pos": (46.5, 0.0, 56.5), "returned": false } wps=[]
[Dungeon] heukrang_gul 2층 lv=3 seed=3189434797 preset 28x28 rooms=2 up=(22, 23) down=(-1, -1) enemies=2 roster=bat elites=[] named=-
[Save] level 흑랑 굴 2층 → user://save_e2e.json (C:/Users/FORYOUCOM/AppData/Roaming/Godot/app_userdata/Joseon Hunters/wt/codex-96-boss-opening-cutin/save_e2e.json)
[Dev] stairs StairsUp dir=-1 world=(22.5, 0.0, 23.5) screen=(593.7167, 335.9507)
E2E system_menu PASS (검사 43)
E2E SUMMARY: 114/114 PASS
  E2E quest_journal PASS (검사 48)
  E2E hud_orb_fx PASS (검사 30)
  E2E npc_hover_view PASS (검사 42)
  E2E elite_ui_view PASS (검사 6)
  E2E hud_hierarchy_view PASS (검사 4)
  E2E pickup_feedback_view PASS (검사 3)
  E2E icon_intake PASS (검사 315)
  E2E automap PASS (검사 50)
  E2E pickup_equip PASS (검사 37)
  E2E equipment_ui PASS (검사 33)
  E2E inactive_gear PASS (검사 50)
  E2E portal_roundtrip PASS (검사 18)
  E2E waypoint PASS (검사 12)
  E2E vendor_quest PASS (검사 42)
  E2E vendor_prices PASS (검사 12)
  E2E chief_quest PASS (검사 57)
  E2E shaman_heal PASS (검사 23)
  E2E save_continue PASS (검사 12)
  E2E bodies_cap PASS (검사 13)
  E2E boss_floor PASS (검사 44)
  E2E boss_bulgasari PASS (검사 47)
  E2E boss_jangsanbeom PASS (검사 42)
  E2E heukrang_look PASS (검사 4)
  E2E heukrang_pounce PASS (검사 11)
  E2E visual_swap PASS (검사 63)
  E2E run_upright PASS (검사 16)
  E2E teleport_settle PASS (검사 10)
  E2E hit_stagger PASS (검사 20)
  E2E hit_feel PASS (검사 27)
  E2E element_affix PASS (검사 7)
  E2E affix_combat PASS (검사 40)
  E2E attack_chain PASS (검사 21)
  E2E aspd_steps PASS (검사 27)
  E2E skill_then_attack PASS (검사 64)
  E2E anim_commit PASS (검사 65)
  E2E invisible_sword PASS (검사 68)
  E2E heavy_react PASS (검사 97)
  E2E pack_ai PASS (검사 46)
  E2E kill_slump PASS (검사 51)
  E2E kill_bisect PASS (검사 68)
  E2E slice_deaths PASS (검사 111)
  E2E monster_motion_gallery PASS (검사 70)
  E2E element_status PASS (검사 78)
  E2E element_ui PASS (검사 4)
  E2E talisman_throw PASS (검사 56)
  E2E talisman_aoe PASS (검사 16)
  E2E loot_drop PASS (검사 24)
  E2E potion_tiers PASS (검사 10)
  E2E loot_props PASS (검사 19)
  E2E elite_pack PASS (검사 52)
  E2E elite_slots PASS (검사 31)
  E2E flee_chase PASS (검사 35)
  E2E verify_flows PASS (검사 16)
  E2E balance_room PASS (검사 8)
  E2E balance_boss PASS (검사 20)
  E2E player_death PASS (검사 27)
  E2E wall_cutaway PASS (검사 17)
  E2E floor_seams PASS (검사 3)
  E2E char_light PASS (검사 100)
  E2E town_layout PASS (검사 60)
  E2E town_approach PASS (검사 133)
  E2E audio_cues PASS (검사 110)
  E2E sfx_limiter PASS (검사 11)
  E2E ui_windows PASS (검사 65)
  E2E story_cutin PASS (검사 26)
  E2E dialogue_band PASS (검사 71)
  E2E dialogue_event PASS (검사 49)
  E2E ui_docks PASS (검사 61)
  E2E ui_tooltips PASS (검사 97)
  E2E belt_unify PASS (검사 15)
  E2E item_ui PASS (검사 42)
  E2E skill_picker PASS (검사 191)
  E2E skill_icons PASS (검사 48)
  E2E vfx_cues PASS (검사 74)
  E2E vfx_cap_blood PASS (검사 3)
  E2E skill_area PASS (검사 93)
  E2E skill_tiers PASS (검사 72)
  E2E aoe_skills PASS (검사 66)
  E2E aoe_skills_2 PASS (검사 68)
  E2E build_changers PASS (검사 88)
  E2E footsteps PASS (검사 13)
  E2E dungeon_layout PASS (검사 34)
  E2E beomgul_walk PASS (검사 46)
  E2E mine_walk PASS (검사 66)
  E2E bongmil_walk PASS (검사 100)
  E2E town_exits PASS (검사 8)
  E2E field_layout PASS (검사 32)
  E2E field2_layout PASS (검사 20)
  E2E gate_hover PASS (검사 6)
  E2E pack_density PASS (검사 2)
  E2E pack_perf PASS (검사 8)
  E2E slice_loop PASS (검사 29)
  E2E plaza_light PASS (검사 8)
  E2E town_tour PASS (검사 2)
  E2E aoe_field PASS (검사 20)
  E2E long_body PASS (검사 13)
  E2E named_imugi PASS (검사 13)
  E2E serpent_models PASS (검사 18)
  E2E gimmicks PASS (검사 33)
  E2E pus_jar PASS (검사 15)
  E2E roles PASS (검사 24)
  E2E roster_swap PASS (검사 19)
  E2E gimmicks_m10 PASS (검사 23)
  E2E behaviors_m9 PASS (검사 13)
  E2E female_f1 PASS (검사 7)
  E2E female_float PASS (검사 5)
  E2E m14_models PASS (검사 13)
  E2E leader_options PASS (검사 20)
  E2E surround PASS (검사 7)
  E2E item_showcase PASS (검사 1704)
  E2E weapon_visibility PASS (검사 25)
  E2E first_magic PASS (검사 18)
  E2E hover_target PASS (검사 45)
  E2E system_menu PASS (검사 43)
