== 단위 테스트 ==
  PASS  test_affixes.gd  AFFIXES_TEST checks=666 fails=0 PASS (25.9초)  (28.2초)
  PASS  test_affix_combat.gd  AFFIX_COMBAT_TEST checks=46 fails=0 PASS  (2.7초)
  PASS  test_animation_sample.gd  ANIMATION_SAMPLE_TEST checks=28 fails=0 PASS  (1.3초)
  PASS  test_aoe_field.gd  AOE_FIELD_TEST fails=0 PASS  (1.6초)
  PASS  test_aoe_skills.gd  AOE_SKILLS_TEST checks=63 fails=0 PASS  (1.4초)
  PASS  test_aoe_skills_2.gd  AOE_SKILLS_2_TEST checks=69 fails=0 PASS  (1.4초)
  PASS  test_aspd_steps.gd  ASPD_STEPS_TEST checks=56 fails=0 PASS  (1.4초)
  PASS  test_attack_chain.gd  ATTACK_CHAIN_TEST checks=50 fails=0 PASS  (1.7초)
  PASS  test_attack_seam.gd  ATTACK_SEAM_TEST checks=46 fails=0 PASS  (1.5초)
  PASS  test_audio.gd  AUDIO_TEST fails=0 PASS  (2.0초)
  PASS  test_automap_data.gd  AUTOMAP_DATA_TEST checks=48 fails=0 PASS  (2.0초)
  PASS  test_balance.gd  BALANCE_TEST fails=0 PASS  (173.7초)
  PASS  test_balance_rng.gd  BALANCE_RNG_TEST checks=45 fails=0 PASS  (7.1초) · 허용 목록 오류 줄 1 거름
  PASS  test_beomgul.gd  BEOMGUL_TEST checks=39 fails=0 PASS  (2.9초)
  PASS  test_body_navigation.gd  BODY_NAVIGATION_TEST checks=31 fails=0 PASS  (1.4초)
  PASS  test_bongmil.gd  BONGMIL_TEST checks=173 fails=0 PASS  (19.3초) · 허용 목록 오류 줄 1 거름
  PASS  test_build_changers.gd  BUILD_CHANGERS_TEST checks=103 fails=0 PASS  (1.4초)
  PASS  test_build_info.gd  BUILD_INFO_TEST checks=19 fails=0 PASS  (1.4초)
  PASS  test_bulgasari.gd  BULGASARI_TEST checks=87 fails=0 PASS  (5.2초) · 허용 목록 오류 줄 1 거름
  PASS  test_character_profiles.gd  CHARACTER_PROFILES_TEST checks=36 fails=0 PASS  (1.7초)
  PASS  test_char_light.gd  CHAR_LIGHT_TEST checks=71 fails=0 PASS  (1.9초)
  PASS  test_cursor_pick.gd  CURSOR_PICK_TEST fails=0 PASS  (1.4초)
  PASS  test_damage_calc.gd  DAMAGE_CALC_TEST element_checks=461 fails=0 PASS  (1.5초)
  PASS  test_damage_popup.gd  DAMAGE_POPUP_TEST fails=0 PASS  (1.4초)
  PASS  test_data_index.gd  DATA_INDEX_TEST checks=174 fails=0 PASS  (1.4초)
  PASS  test_death_pick.gd  DEATH_PICK_TEST fails=0 PASS  (1.4초)
  PASS  test_dialogue.gd  DIALOGUE_TEST fails=0 PASS  (1.8초)
  PASS  test_dialogue_band.gd  DIALOGUE_BAND_TEST fails=0 PASS  (4.8초)
  PASS  test_doho_moves.gd  DOHO_MOVES_TEST checks=64 fails=0 PASS  (1.4초)
  PASS  test_dungeon_gen.gd  DUNGEON_GEN_TEST seeds=20 fails=0 PASS  (2.0초) · 허용 목록 오류 줄 5 거름
  PASS  test_element_affixes.gd  ELEMENT_AFFIXES_TEST fails=0 PASS  (3.5초)
  PASS  test_elites.gd  ELITES_TEST checks=522 fails=0 PASS  (44.1초)
  PASS  test_enemy_ai.gd  ENEMY_AI_TEST checks=743 fails=0 PASS  (7.5초)
  PASS  test_enemy_cadence.gd  ENEMY_CADENCE_TEST checks=41 fails=0 PASS  (2.9초)
  PASS  test_enemy_moves.gd  ENEMY_MOVES_TEST checks=45 fails=0 PASS  (2.7초)
  PASS  test_export_safety.gd  EXPORT_SAFETY_TEST checks=26 fails=0 PASS  (1.6초)
  PASS  test_field_gen.gd  FIELD_GEN_TEST seeds=20 한 번 들녘 212ms · 정령재 433ms fails=0 PASS  (30.9초)
  PASS  test_float_motion.gd  FLOAT_MOTION_TEST checks=66 fails=0 PASS  (1.5초)
  PASS  test_floor_label_stack.gd  FLOOR_LABEL_STACK_TEST fails=0 PASS  (1.4초)
  PASS  test_footsteps.gd  FOOTSTEPS_TEST checks=39 fails=0 PASS  (1.5초)
  PASS  test_game_clock.gd  GAME_CLOCK_TEST checks=22 fails=0 PASS  (5.7초)
  PASS  test_hit_area.gd  HIT_AREA_TEST fails=0 PASS  (1.7초)
  PASS  test_ink_dissolve.gd  INK_DISSOLVE_TEST fails=0 PASS  (1.4초)
  PASS  test_items.gd  ITEMS_TEST fails=0 PASS  (46.0초)
  PASS  test_item_ui.gd  ITEM_UI_TEST checks=37 fails=0 PASS  (1.4초)
  PASS  test_jangsanbeom.gd  JANGSANBEOM_TEST checks=77 fails=0 PASS  (8.4초)
  PASS  test_kill_fx.gd  KILL_FX_TEST fails=0 PASS  (2.2초)
  PASS  test_knock_distance.gd  KNOCK_DISTANCE_TEST checks=64 fails=0 PASS  (3.2초)
  PASS  test_loot.gd  LOOT_TEST checks=54 fails=0 PASS · 8.4초  (10.1초)
  PASS  test_loot_sim.gd  LOOT_SIM_TEST runs=60×2 checks=40 fails=0 PASS · 목표 안 6/9 (밖: 흑랑 전 유니크 43% · 레벨 봉밀굴 앞 다 잡음 +1.6 · 가방 정령재 서낭단부터 48칸) · 9.4초  (10.9초)
  PASS  test_mine.gd  MINE_TEST checks=135 fails=0 PASS  (6.7초)
  PASS  test_models.gd  MODELS_TEST fails=0 PASS  (5.2초)
  PASS  test_monster_data.gd  MONSTER_DATA_TEST checks=612 fails=0 PASS  (1.5초)
  PASS  test_named.gd  NAMED_TEST checks=23 fails=0 PASS  (3.7초)
  PASS  test_pack_density.gd  PACK_DENSITY_TEST 들녘(Lv1~3): 무리 크기 2~5(평균 3.8, 323개 실측) · 무리 수 14~18 · 크기 데이터 3~5(easy 2~3)  (8.8초)
  PASS  test_profiles_restart.gd  PROFILES_RESTART_TEST checks=2 fails=0 PASS  (10.4초)
  PASS  test_progression.gd  PROGRESSION_TEST fails=0 PASS  (1.4초)
  PASS  test_pus_jar.gd  PUS_JAR_TEST checks=34 fails=0 PASS  (3.1초)
  PASS  test_quad_family.gd  QUAD_FAMILY_TEST checks=71 fails=0 PASS  (1.9초) · 허용 목록 오류 줄 1 거름
  PASS  test_quests.gd  QUEST_TEST fails=0 PASS  (1.9초)
  PASS  test_quest_journal.gd  QUEST_JOURNAL_TEST fails=0 PASS  (1.9초)
  PASS  test_role_stats.gd  ROLE_STATS_TEST checks=22 fails=0 PASS  (1.5초)
  PASS  test_roster.gd  ROSTER_TEST checks=177 fails=0 PASS  (36.4초)
  PASS  test_save.gd  SAVE_TEST fails=0 PASS  (2.1초)
  PASS  test_sets.gd  SETS_TEST checks=215 fails=0 PASS  (21.3초)
  PASS  test_status.gd  STATUS_TEST checks=80 fails=0 PASS  (1.4초)
  PASS  test_stat_caps.gd  STAT_CAPS_TEST checks=62 fails=0 PASS  (1.4초)
  PASS  test_surround.gd  SURROUND_TEST checks=37 fails=0 PASS  (1.4초)
  PASS  test_talismans.gd  TALISMANS_TEST checks=88 fails=0 PASS  (5.5초) · 허용 목록 오류 줄 1 거름
  PASS  test_title_first_launch.gd  TITLE_FIRST_LAUNCH_TEST fails=0 PASS  (3.7초)
  PASS  test_town.gd  TOWN_TEST fails=0 PASS  (2.5초)
  PASS  test_vfx.gd  VFX_TEST fails=0 PASS  (1.6초)
  PASS  settings restart write  SETTINGS_RESTART_TEST mode=write fails=0 PASS  (1.4초)
  PASS  settings restart read  SETTINGS_RESTART_TEST mode=read fails=0 PASS  (1.4초)
  PASS  motion_audit.gd --selftest  MOTION_AUDIT_TEST checks=66 fails=0 PASS  (1.4초)
  PASS  look_audit.gd --selftest  LOOK_AUDIT_TEST checks=36 fails=0 PASS  (1.4초)
  PASS  robe_probe.gd --selftest  ROBE_PROBE_TEST checks=13 fails=0 PASS  (1.4초)
  PASS  dungeon_stats.gd --selftest  DUNGEON_STATS_TEST checks=28 fails=0 PASS  (1.7초)
  PASS  vfx_sheet.py --selftest  VFX_SHEET_TEST fails=0 PASS  (0.4초)
  PASS  audio_intake.py --selftest  AUDIO_INTAKE_TEST fails=0 PASS  (1.4초)
  PASS  board.py --selftest  BOARD_TEST fails=0 PASS  (0.1초)
  PASS  sfx_gen.py --selftest  SFX_GEN_TEST fails=0 PASS  (1.3초)
  PASS  wt.py --selftest  WT_TEST checks=117 fails=0 PASS (69.3s)  (69.4초)
  PASS  doc_budget.py --selftest  DOC_BUDGET_TEST checks=7 fails=0 PASS  (0.2초)
  PASS  albedo_ops.py --selftest  ALBEDO_OPS_TEST checks=50 fails=0 PASS  (1.9초)
  PASS  comfy_char.py --selftest  COMFY_CHAR_TEST checks=59 fails=0 PASS  (0.3초)
  PASS  anim_retime.py --selftest  ANIM_RETIME_TEST checks=98 fails=0 PASS  (0.1초)
  PASS  glb_pose.py --selftest  GLB_POSE_TEST checks=32 fails=0 PASS  (0.3초)
  PASS  quad_gait.py --selftest  QUAD_GAIT_TEST checks=27 fails=0 PASS  (8.9초)
  PASS  export_check.py --selftest  EXPORT_CHECK_TEST checks=19 fails=0 PASS  (0.1초)
  PASS  build.py --selftest  BUILD_TEST checks=18 fails=0 PASS  (0.7초)
== 외형 표 (look_audit — 출력만, 실패로 세지 않음) ==
    가족         삼각형  텍스처     밝기   채도   대비   텍셀/유닛  판정
    PC 도호      11999   1024       0.241  0.288  0.155  602        OK
    적 산적      8112    2048       0.345  0.237  0.146  1205       X 밀도
    적 부적술사  8096    2048       0.380  0.160  0.151  1205       X 밀도
    보스 흑랑    10000   1024       0.220  0.184  0.085  589        OK
    NPC 김 영감  8243    1024       0.357  0.211  0.149  683        OK
    NPC 무당     8094    1024       0.362  0.380  0.150  683        X 채도
    NPC 촌장     7742    1024       0.253  0.183  0.151  640        OK
    배경 좌판    452     1254       0.357  0.222  0.206  468        X 채도
    배경 항아리  288     단색       0.098  0.633  0.000  -          X 밝기,채도
    배경 등롱    96      1254+단색  0.406  0.398  0.213  1990       X 채도,밀도
    배경 바닥    12      1024       0.320  0.190  0.090  1024       X 밀도
    배경 벽      20      1024       0.320  0.192  0.090  512        OK
    드랍 병      1200    512        0.231  0.375  0.068  1280       X 채도,밀도
    드랍 검      250     512+단색   0.377  0.250  0.245  1024       X 밀도
    LOOK_AUDIT 밴드 밖 9 / 14 — 적 산적(밀도), 적 부적술사(밀도), NPC 무당(채도), 배경 좌판(채도), 배경 항아리(밝기,채도), 배경 등롱(채도,밀도), 배경 바닥(밀도), 드랍 병(채도,밀도), 드랍 검(밀도)  (출력만)  (2.0초)
  · 자리 간 e2e 칸 3개 (#553 — -Slots · JOSEON_E2E_SLOTS) · 판 공유(all − 단독 묶음 10) → 단독(balance_room,balance_boss,hit_stagger,pack_perf,bodies_cap,gimmicks,item_showcase,footsteps,audio_cues,sfx_limiter)
== e2e 러너 자기검사 ==
  PASS  E2E_SELFTEST PASS (판정 일치 5/5)  (4.7초)
== e2e (all − 단독 묶음 10 · 공유 칸 ②/3) ==
E2E start: character_profiles, quest_journal, hud_orb_fx, npc_hover_view, elite_ui_view, hud_hierarchy_view, pickup_feedback_view, icon_intake, automap, pickup_equip, equipment_ui, inactive_gear, portal_roundtrip, waypoint, vendor_quest, vendor_prices, chief_quest, shaman_heal, save_continue, boss_floor, boss_bulgasari, bulgasari_path, boss_jangsanbeom, heukrang_look, heukrang_pounce, visual_swap, run_upright, teleport_settle, hit_feel, element_affix, affix_combat, attack_chain, aspd_steps, skill_then_attack, anim_commit, invisible_sword, heavy_react, pack_ai, kill_slump, kill_bisect, slice_deaths, monster_motion_gallery, element_status, element_ui, talisman_targeting, talisman_throw, talisman_aoe, loot_drop, potion_icons, potion_tiers, loot_props, elite_pack, elite_slots, flee_chase, verify_flows, player_death, wall_cutaway, floor_seams, char_light, town_layout, town_approach, ui_windows, story_cutin, dialogue_band, dialogue_event, ui_docks, ui_tooltips, belt_unify, item_ui, skill_picker, skill_icons, vfx_cues, vfx_cap_blood, skill_area, skill_tiers, aoe_skills, aoe_skills_2, build_changers, dungeon_layout, beomgul_walk, mine_walk, bongmil_walk, town_exits, field_layout, field2_layout, gate_hover, pack_density, slice_loop, plaza_light, town_tour, aoe_field, long_body, named_imugi, serpent_models, pus_jar, roles, roster_swap, gimmicks_m10, behaviors_m9, female_f1, female_float, m14_models, leader_options, surround, weapon_visibility, first_magic, hover_target, system_menu
E2E skip: balance_room, balance_boss, hit_stagger, pack_perf, bodies_cap, gimmicks, item_showcase, footsteps, audio_cues, sfx_limiter (단독 묶음 — 다른 실행이 따로 돈다, #553)
E2E ▶ character_profiles
E2E character_profiles PASS (검사 38)
E2E ▶ quest_journal
  · revision 타입: 저장 전 2 · JSON 복원 3
E2E quest_journal PASS (검사 48)
E2E ▶ hud_orb_fx
E2E hud_orb_fx PASS (검사 30)
E2E ▶ npc_hover_view
E2E npc_hover_view PASS (검사 76)
E2E ▶ elite_ui_view
E2E elite_ui_view PASS (검사 6)
E2E ▶ hud_hierarchy_view
E2E hud_hierarchy_view PASS (검사 4)
E2E ▶ pickup_feedback_view
E2E pickup_feedback_view PASS (검사 3)
E2E ▶ icon_intake
E2E icon_intake PASS (검사 315)
E2E ▶ automap
E2E automap PASS (검사 50)
E2E ▶ pickup_equip
E2E pickup_equip PASS (검사 37)
E2E ▶ equipment_ui
E2E equipment_ui PASS (검사 33)
E2E ▶ inactive_gear
  · 툴팁 줄 [name] 장검
  · 툴팁 줄 [base] 피해 8~14
  · 툴팁 줄 [base] 공격 속도 느림
  · 툴팁 줄 [req] 요구 레벨 5
  · 툴팁 줄 [req] 요구 힘 30
  · 툴팁 줄 [inactive] 요구치 부족 — 꺼짐
  · 툴팁 줄 [hint] 좌클릭: 벗어서 들기
  · 툴팁 줄 [hint] 우클릭 / Shift+클릭: 가방으로 벗기
  · 좌판 ilvl — 못골 들녘 1회차: 무리 레벨 1~3 · max_area_level 3 · 좌판 장비 ilvl [3, 3, 3, 3] · dev G ilvl 들머리 1 / 끝 무리 3
  · 좌판 ilvl — 정령재 1회차: 무리 레벨 4~7 · max_area_level 7 · 좌판 장비 ilvl [7, 7, 7, 7] · dev G ilvl 들머리 4 / 끝 무리 7
  · 좌판 ilvl — 정령재 2회차: 무리 레벨 4~7 · max_area_level 7 · 좌판 장비 ilvl [19, 19, 19, 19] · dev G ilvl 들머리 16 / 끝 무리 19
E2E inactive_gear PASS (검사 50)
E2E ▶ portal_roundtrip
E2E portal_roundtrip PASS (검사 18)
E2E ▶ waypoint
E2E waypoint PASS (검사 12)
E2E ▶ vendor_quest
E2E vendor_quest PASS (검사 42)
E2E ▶ vendor_prices
E2E vendor_prices PASS (검사 12)
E2E ▶ chief_quest
E2E chief_quest PASS (검사 57)
E2E ▶ shaman_heal
E2E shaman_heal PASS (검사 23)
E2E ▶ save_continue
E2E save_continue PASS (검사 12)
E2E ▶ boss_floor
  · 겹침: 송곳니 금 광선 = 封 가운데에서 1.13유닛(封 반폭 1.8 · 반깊이 1.62) · 조각 자리에서 0.95유닛(파문 반지름 1.1)
  · 흑랑 처치 封: 먹 폭 3.6 → 0.36 · 사라짐 4.57초
E2E boss_floor PASS (검사 44)
E2E ▶ boss_bulgasari
  · 화로 Brazier_4_14 · 불가살이 (5.76278, 0.0, 12.45786) · 도호 (2.5, 0.000391, 15.5) · 달아오름 6.00초 · 출처 brazier
  · 달아오름 알림 = 달아오르고 0.38초 뒤 · 그때 도호 바크 없음 · 달아오름 5.6초 남음
  · 엽전 뜯기 물기 — 0.5초 · 선딜 1(코 0) · 닿은 한 대 1 · 맞음 1 · 달아오름 0 · 물러남 0 · 거리 1.72~1.72
  · 바닥 칼 없음 · 불가살이 (5.72888, 0.0, 10.56341) · 붙듦  · 간 1 · 먹은 1
  · 삼키기 사진 틀 (화면 (1280.0, 720.0)) — 보스 머리 (608.545, 195.8089) · 발 (608.545, 396.2036) · 「무적」 (609.0386, 187.2674) · 도호 머리 (698.4165, 354.6067) · 몸집 × 1.22 · 겉칠 (0.74, 0.78, 0.86, 0.32)
  · 포효 밀린 칸 3.000 (정격 3.0 · 경직 true · 도호 (9.5, 0.000391, 10.5) → (12.49965, 0.000391, 10.45428) · 불가살이 (8.526008, 0.0, 10.50217))
  · 코 밀린 칸 2.000 (정격 2.0 · 맞음 true · 도호 (10.5, 0.000391, 10.5) → (12.5, 0.000391, 10.49794) · 불가살이 (9.306005, 0.0, 10.50088))
  · 처치 뒤 줄 — 처치 1.80초 · 스킬 포인트 3.50초 (드랍 다 앉음 ≤ 0.90초)
E2E boss_bulgasari PASS (검사 47)
E2E ▶ bulgasari_path
  · 화로 경로 0.00초 몸 (3.99967, 13.09992) · 칼 거리 3.116 · 붙듦 eat_item · 먹은 0
  · 화로 경로 0.50초 몸 (4.317585, 12.02966) · 칼 거리 2.521 · 붙듦 eat_item · 먹은 0
  · 먹기 끝 0.967초 · 몸 (5.551165, 0.000827, 11.55086) · 칼 없음 · 거리 1.298 · 시도 1 · 먹은 1 · HP 1496.0 → 1589.5
E2E bulgasari_path PASS (검사 15)
E2E ▶ boss_jangsanbeom
  · 앞선 덮치기 1번 · 미끼 「달빛 눈」 · 선딜까지 기다림 끝
  · 덮치기: 선딜 자리 (12.21983, 0.0, 5.500493) · 도호 (15.5, 0.000391, 13.5) · 끝 (15.2515, 0.000934, 12.37677) · 끝난 까닭 hit · 도호 지금 (15.5, 0.000391, 13.5)
  · 덮치기·빛 안 물기 뒤 도호 생명 110 → 110 (명중 굴림)
  · 털 낚아채기 끌린 칸 2.871 (기대 2.871 = 거리 4.271 − 몸 앞 1.400 · 경직 true · 도호 (19.5, 0.000391, 12.5) → (16.63267, 0.000391, 12.36467))
E2E boss_jangsanbeom PASS (검사 42)
E2E ▶ heukrang_look
E2E heukrang_look PASS (검사 4)
E2E ▶ heukrang_pounce
  · 흑랑 클립 = attack, die, hit, idle, pounce, pounce_air, pounce_land, run, walk · 덮치기 클립 있음(#506 반입 뒤 — 클립 차례를 검사한다)
  · 돌격 1 — 선딜 0.50초 pounce · 돌진 0.65초 pounce →  → pounce_air · 착지 뒤 0.9초 pounce_land → idle · 뜬 몸 엉덩이 +23cm (선딜 전 높이 기준)
  ·   pounce 재생 배율 × 1.00
  ·   pounce_air 재생 배율 × 1.00
  ·   pounce_land 재생 배율 × 1.00
E2E heukrang_pounce PASS (검사 11)
E2E ▶ visual_swap
E2E visual_swap PASS (검사 65)
E2E ▶ run_upright
  · 달린 시간 1.50초 · 5.7칸 · 갱신 195(달리기 클립 195) · 머리−골반 최저 +0.442 (0.2 미만 0번) · 몸 뼈 최대 어긋남 0.0cm ()
  · 옷 뼈 최대 흔들림(애니와 벌어진 각): Hem_L 25.5°, Hem_R 27.3°, Sleeve_L 81.6°, Sleeve_R 29.2°, SashTail 45.9°
  · 순간이동 5.7칸 → 8번 잼 · 옷 뼈 최대 1.2° (Sleeve_L) · 몸 뼈 최대 0.0cm
E2E run_upright PASS (검사 16)
E2E ▶ teleport_settle
  · 자리 (22.5, 0.000391, 49.5) → 목적지 (27.5, 0.0, 49.5) (5.0칸)
  · 01_before (초기화 끔): 첫 프레임 옷 뼈 69.3° · 끝 19.3cm (Sleeve_L) · 8프레임 최대 113.6° · 끝 30.1cm (Sleeve_R) · 몸 뼈 0.0mm · 프레임별 [69°, 112°, 114°, 111°, 107°, 101°, 95°, 88°]
  · 02_after (초기화 켬): 첫 프레임 옷 뼈 0.1° · 끝 0.0cm (Sleeve_R) · 8프레임 최대 2.3° · 끝 0.7cm (Sleeve_L) · 몸 뼈 0.0mm · 프레임별 [0°, 0°, 1°, 1°, 2°, 2°, 2°, 2°]
E2E teleport_settle PASS (검사 10)
E2E ▶ hit_feel
E2E hit_feel PASS (검사 27)
E2E ▶ element_affix
E2E element_affix PASS (검사 7)
E2E ▶ affix_combat
  · 산적 경직 구간 0.350~0.350 → 회초리 0.450~0.450 · 밀림 0.220 → 0.330
  · 받는 경직 구간 0.300~0.300 → −25% 0.225~0.225 → 상한 0.120~0.120
E2E affix_combat PASS (검사 40)
E2E ▶ attack_chain
  · ① 칸 [0, 1, 2, 0, 1] · 클립 ["attack", "attack2", "attack3", "attack", "attack2"] · 섞기 ["0.12", "0.10", "0.10", "0.10", "0.10"]
E2E attack_chain PASS (검사 21)
E2E ▶ aspd_steps
  · 0단계: 공속 1.100 · 간격 0.9091초 · 실제 휘두름 사이 0.917초
  · 10단계(예도 합 15): 공속 1.210 · 간격 0.8264초 · 실제 휘두름 사이 0.833초
  · 툴팁(예도) ["공격 속도", "장비 없이 1.10", "현재 1.21", "공속 +15% → 단계 +10% · 다음 단계까지 +5%"]
  · 20단계(예도 + 빠른 5, 합 20): 공속 1.320 · 간격 0.7576초 · 실제 휘두름 사이 0.767초
  · 툴팁(예도 + 빠른 5) ["공격 속도", "장비 없이 1.10", "현재 1.32", "공속 +20% → 단계 +20% · 다음 단계까지 +10%"]
E2E aspd_steps PASS (검사 27)
E2E ▶ skill_then_attack
  · ① 참격: 시전 → 다음 평타 1.33초 (동작 1.33초) · 그 사이 클립 ["skill_strike"] · 평타가 시작될 때 skill_strike 95% 돎 · 다음 평타 attack2
  · ② 회오리: 시전 → 다음 평타 1.17초 (동작 1.15초) · 그 사이 클립 ["skill_whirl"] · 평타가 시작될 때 skill_whirl 95% 돎 · 다음 평타 attack2
  · ③ 돌진베기: 시전 → 다음 평타 1.73초 (동작 1.74초) · 그 사이 클립 ["skill_leap"] · 평타가 시작될 때 skill_leap 96% 돎 · 다음 평타 attack
  · ④ 부적: 시전 → 다음 평타 0.80초 (동작 0.80초) · 그 사이 클립 ["cast"] · 평타가 시작될 때 cast 99% 돎 · 다음 평타 attack2
E2E skill_then_attack PASS (검사 64)
E2E ▶ anim_commit
  · 무대 = 방 가운데 (22.5, 0.0, 49.5) · 적 쪽 (1.0, 0.0, 0.0)(트임 6.0) · 땅 클릭 (19.5, 0.0, 49.5) · 먼 적 (22.5, 0.0, 53.5)
  · 땅 클릭 (휘두름 시작 + 0.062초 · 칼이 닿기 0.208초 전 · 누를 때 클립 attack): 0.15초 뒤 0.00유닛 움직임 · 클립 attack · 그 칼 맞음 (피해 틱 0.272초) · 동작 끝(시작 + 0.600초)까지 0.00유닛 · 끝나고 0.1초 뒤 클립 run · 첫 걸음 = 클릭 뒤 +0.547초(동작 끝 = 클릭 뒤 0.547초) · 끝나고 1.5초 뒤 클릭 자리까지 0.13유닛
  · 먼 적 클릭(4.0유닛 옆) (휘두름 시작 + 0.045초 · 칼이 닿기 0.225초 전 · 누를 때 클립 attack): 0.15초 뒤 0.00유닛 움직임 · 클립 attack · 그 칼 맞음 (피해 틱 0.277초) · 동작 끝(시작 + 0.600초)까지 0.00유닛 · 끝나고 0.1초 뒤 클립 run · 첫 걸음 = 클릭 뒤 +0.579초(동작 끝 = 클릭 뒤 0.556초) · 끝나고 1.5초 뒤 먼 적까지 1.53유닛 · 먼 적 피해 2번 · 타깃 = 먼 적
  · 평타 중 참격 (평타 attack 시작 + 0.035초 = 칼 닿기 0.235초 전 우클릭): 평타 클립이 돈 창 0.598초(동작 0.60) · skill_strike 시작 = 우클릭 +0.563초 · 이 사이 피해(맞을 때 클립 · 우클릭 기준) ["attack 45% @ 우클릭 +0.237초", "skill_strike 46% @ 우클릭 +1.170초"] · 평타: attack attack: 동작 0.60초 · 예약 피해 0.270초 · 피해 틱 0.273초(클립 45.5%) · 칼끝 최고속 0.269초(클립 44.8%, 241.8 u/s) · 차이(피해 − 최고속) +0.004초 = +0.2틱 · 피해 틱 칼끝 100% · [평평2.5%] 90% 이상 프레임 [-1, 0] · 곡선 51 93 172 219 [242] 0 0 0 0 0 0 0 0 0 139 91 67 · 곁들이(피해 틱 기준 초) 타격 소리 +0.000 · 먹 튐 +0.000 · 도장 — · 반달·고리 — · 검광 끝 +0.150 · 참격 skill_strike: 동작 1.33초 · 예약 피해 0.600초 · 피해 틱 0.607초(클립 45.5%) · 칼끝 최고속 0.596초(클립 44.7%, 114.2 u/s) · 차이(피해 − 최고속) +0.011초 = +0.7틱 · 피해 틱 칼끝 54% · [뾰족1.1%] 90% 이상 프레임 [-2, -1] · 곡선 87 70 112 114 [62] 0 0 0 0 0 0 0 0 0 63 42 33 · 곁들이(피해 틱 기준 초) 타격 소리 +0.000 · 먹 튐 +0.000 · 도장 +0.000 · 반달·고리 -0.045 · 검광 끝 +0.144
  · 피격 중 평타: 맞음 1 · 맞은 뒤 클립 attack · 평타 attack: 동작 0.60초 · 예약 피해 0.270초 · 피해 틱 0.272초(클립 45.3%) · 칼끝 최고속 0.268초(클립 44.7%, 250.2 u/s) · 차이(피해 − 최고속) +0.004초 = +0.2틱 · 피해 틱 칼끝 100% · [뾰족1.1%] 90% 이상 프레임 [0] · 곡선 50 87 167 216 [250] 0 0 0 0 0 0 0 0 0 146 94 69 · 곁들이(피해 틱 기준 초) 타격 소리 +0.000 · 먹 튐 +0.000 · 도장 — · 반달·고리 — · 검광 끝 +0.152
  · 피격 중 참격: 맞음 1 · 맞은 뒤 클립 skill_strike · 참격 skill_strike: 동작 1.33초 · 예약 피해 0.600초 · 피해 틱 0.604초(클립 45.3%) · 칼끝 최고속 0.593초(클립 44.5%, 114.2 u/s) · 차이(피해 − 최고속) +0.011초 = +0.7틱 · 피해 틱 칼끝 70% · [뾰족1.1%] 90% 이상 프레임 [-2, -1] · 곡선 89 69 104 114 [80] 0 0 0 0 0 0 0 0 0 60 55 35 · 곁들이(피해 틱 기준 초) 타격 소리 +0.000 · 먹 튐 +0.000 · 도장 +0.000 · 반달·고리 -0.043 · 검광 끝 +0.160
  · 누른 채 땅 (휘두름 시작 + 0.061초 · 칼이 닿기 0.209초 전 · 누를 때 클립 attack): 0.15초 뒤 0.00유닛 움직임 · 클립 attack · 그 칼 맞음 (피해 틱 0.273초) · 동작 끝(시작 + 0.600초)까지 0.00유닛 · 끝나고 0.1초 뒤 클립 run · 첫 걸음 = 클릭 뒤 +0.543초(동작 끝 = 클릭 뒤 0.543초) · 끝나고 1.5초 뒤 누른 자리까지 3.87유닛
  · 표 — 행마다: 동작 길이 · 예약 피해(impact_frac × 동작) · 피해 틱(시작 뒤 초 · 클립 %) · 칼끝 최고속(시작 뒤 초 · 클립 % · Visual 공간 u/s) · 차이(피해 − 최고속, 초 · 60Hz 틱) · 피해 틱 칼끝 속도 ÷ 최고속 · 90% 이상 프레임(피해 프레임 기준) · 칼끝 곡선(u/s, [피해 프레임]) · 곁들이(피해 틱 기준 초)
  · 평타1 attack: 동작 0.60초 · 예약 피해 0.270초 · 피해 틱 0.279초(클립 46.4%) · 칼끝 최고속 0.264초(클립 43.9%, 245.1 u/s) · 차이(피해 − 최고속) +0.015초 = +0.9틱 · 피해 틱 칼끝 67% · [뾰족0.5%] 90% 이상 프레임 [-1] · 곡선 53 109 162 245 [165] 0 0 0 0 0 0 0 0 0 97 73 47 · 곁들이(피해 틱 기준 초) 타격 소리 +0.000 · 먹 튐 +0.000 · 도장 — · 반달·고리 — · 검광 끝 +0.146
  · 평타2 attack2: 동작 0.60초 · 예약 피해 0.276초 · 피해 틱 0.280초(클립 46.7%) · 칼끝 최고속 0.271초(클립 45.2%, 135.1 u/s) · 차이(피해 − 최고속) +0.009초 = +0.6틱 · 피해 틱 칼끝 85% · [뾰족0.7%] 90% 이상 프레임 [-1] · 곡선 47 69 109 135 [114] 0 0 0 0 0 0 0 0 0 100 68 47 · 곁들이(피해 틱 기준 초) 타격 소리 +0.000 · 먹 튐 +0.000 · 도장 — · 반달·고리 — · 검광 끝 +0.146
  · 평타3 attack3: 동작 0.60초 · 예약 피해 0.270초 · 피해 틱 0.277초(클립 46.2%) · 칼끝 최고속 0.266초(클립 44.4%, 171.1 u/s) · 차이(피해 − 최고속) +0.011초 = +0.7틱 · 피해 틱 칼끝 67% · [뾰족1.1%] 90% 이상 프레임 [-1] · 곡선 39 69 136 171 [114] 0 0 0 0 0 0 0 0 0 96 71 43 · 곁들이(피해 틱 기준 초) 타격 소리 +0.000 · 먹 튐 +0.000 · 도장 — · 반달·고리 — · 검광 끝 +0.150
  · 참격 skill_strike: 동작 1.33초 · 예약 피해 0.600초 · 피해 틱 0.601초(클립 45.1%) · 칼끝 최고속 0.590초(클립 44.3%, 113.0 u/s) · 차이(피해 − 최고속) +0.011초 = +0.7틱 · 피해 틱 칼끝 93% · [뾰족1.1%] 90% 이상 프레임 [-1, 0] · 곡선 76 79 81 113 [105] 0 0 0 0 0 0 0 0 0 59 64 39 · 곁들이(피해 틱 기준 초) 타격 소리 +0.000 · 먹 튐 +0.000 · 도장 +0.000 · 반달·고리 -0.037 · 검광 끝 +0.162
  · 회오리베기 skill_whirl: 동작 1.15초 · 예약 피해 0.450초 · 피해 틱 0.455초(클립 39.5%) · 칼끝 최고속 0.444초(클립 38.5%, 81.7 u/s) · 차이(피해 − 최고속) +0.011초 = +0.7틱 · 피해 틱 칼끝 95% · [뾰족2.0%] 90% 이상 프레임 [-2, -1, 0] · 곡선 47 65 75 82 [78] 0 0 0 0 0 0 0 0 0 70 69 67 · 곁들이(피해 틱 기준 초) 타격 소리 +0.000 · 먹 튐 +0.000 · 도장 +0.000 · 반달·고리 -0.038 · 검광 끝 +0.155
  · 돌진베기 skill_leap: 동작 1.74초 · 예약 피해 0.548초 · 피해 틱 0.548초(클립 31.5%) · 칼끝 최고속 0.544초(클립 31.3%, 108.2 u/s) · 차이(피해 − 최고속) +0.004초 = +0.2틱 · 피해 틱 칼끝 100% · [뾰족0.5%] 90% 이상 프레임 [0] · 곡선 14 22 41 72 [108] 0 0 0 0 0 0 0 69 65 45 · 곁들이(피해 틱 기준 초) 타격 소리 +0.000 · 먹 튐 +0.000 · 도장 +0.000 · 반달·고리 — · 검광 끝 +0.163 · 몸 5.0유닛 이동 — 이동 끝 0.548초 · 도착 0.548초 · 적 곁을 지난 때 0.416초(피해 틱은 그 +0.132초 뒤)
  · 찌르기 skill_thrust: 동작 0.63초 · 예약 피해 0.322초 · 피해 틱 0.325초(클립 51.5%) · 칼끝 최고속 0.234초(클립 37.1%, 71.0 u/s) · 차이(피해 − 최고속) +0.091초 = +5.5틱 · 피해 틱 칼끝 99% · [평평5.2%] 90% 이상 프레임 [-12, -11, -1, 0] · 곡선 50 47 48 66 [71] 0 0 0 0 0 0 0 0 0 44 29 28 · 곁들이(피해 틱 기준 초) 타격 소리 +0.000 · 먹 튐 +0.000 · 도장 +0.000 · 반달·고리 — · 검광 끝 +0.154
  · 도약 베기 skill_leap: 동작 1.74초 · 예약 피해 0.548초 · 피해 틱 0.549초(클립 31.5%) · 칼끝 최고속 0.545초(클립 31.3%, 108.1 u/s) · 차이(피해 − 최고속) +0.004초 = +0.2틱 · 피해 틱 칼끝 100% · [뾰족0.4%] 90% 이상 프레임 [0] · 곡선 14 25 42 78 [108] 0 0 0 0 0 0 0 0 0 69 65 48 · 곁들이(피해 틱 기준 초) 타격 소리 +0.000 · 먹 튐 +0.000 · 도장 +0.000 · 반달·고리 — · 검광 끝 +0.159
  · 평타 중 참격 skill_strike: 동작 1.33초 · 예약 피해 0.600초 · 피해 틱 0.607초(클립 45.5%) · 칼끝 최고속 0.596초(클립 44.7%, 114.2 u/s) · 차이(피해 − 최고속) +0.011초 = +0.7틱 · 피해 틱 칼끝 54% · [뾰족1.1%] 90% 이상 프레임 [-2, -1] · 곡선 87 70 112 114 [62] 0 0 0 0 0 0 0 0 0 63 42 33 · 곁들이(피해 틱 기준 초) 타격 소리 +0.000 · 먹 튐 +0.000 · 도장 +0.000 · 반달·고리 -0.045 · 검광 끝 +0.144
  · 그림 프레임 간격 가운데 0.0076초 · 가장 긴 0.1500초 (3926프레임)
E2E anim_commit PASS (검사 65)
E2E ▶ invisible_sword
  · ① 순서(시작 뒤 초) 평타 0.00 → 참격 0.60 → 평타 1.93 → 참격 2.53 → 평타 3.87 → 참격 4.47 → 평타 5.80 → 참격 6.40
  · ④ 옛 자리 ↔ 새 자리 24.0유닛 · 층 이동 뒤 피해 0 (옛 자리 허수아비 0) · 곁들이 []
  · ② 평타 — 시작 뒤 0.22초에 쓰러짐 · 그 전 피해 0 · 뒤 피해 0 · 뒤 곁들이 []
  · ② 참격 — 시작 뒤 0.32초에 쓰러짐 · 그 전 피해 0 · 뒤 피해 0 · 뒤 곁들이 []
  · ② 회오리 — 시작 뒤 0.17초에 쓰러짐 · 그 전 피해 0 · 뒤 피해 0 · 뒤 곁들이 []
  · ② 돌진 · 떠나기 전 — 시작 뒤 0.12초에 쓰러짐 · 그 전 피해 0 · 뒤 피해 0 · 뒤 곁들이 []
  · ② 돌진 · 도약 중 — 시작 뒤 0.47초에 쓰러짐 · 그 전 피해 0 · 뒤 피해 0 · 뒤 곁들이 []
  · ② 부적 시전 — 시작 뒤 0.27초에 쓰러짐 · 그 전 피해 0 · 뒤 피해 0 · 뒤 곁들이 []
E2E invisible_sword PASS (검사 68)
E2E ▶ heavy_react
  · ① 평타 1타: 뜬 높이 0.00 · 앞 0.22 · 옆 0.00 · 밀림 속도 3.67 · 반응 0.37초 · 클립 hit, run · 공격 0
  · ② 평타 3타: 뜬 높이 0.00 · 앞 0.33 · 옆 0.03 · 밀림 속도 5.50 · 반응 0.37초 · 클립 hit, run · 공격 0
  · ③ 강타(참격): 뜬 높이 0.52 · 앞 1.40 · 옆 0.00 · 밀림 속도 0.00 · 반응 1.45초 · 클립 hit, die, idle · 공격 0
  · ④ 회오리: 뜬 높이 0.47 · 앞 1.20 · 옆 0.00 · 밀림 속도 0.00 · 반응 1.40초 · 클립 hit, die, idle · 공격 0
  · ⑤ 돌진베기: 뜬 높이 0.00 · 앞 0.22 · 옆 0.00 · 밀림 속도 3.67 · 반응 0.37초 · 클립 hit, run · 공격 0
  · ⑥ 부적술사 강타: 뜬 높이 0.52 · 앞 1.40 · 옆 0.00 · 밀림 속도 0.00 · 반응 1.45초 · 클립 attack, die, idle · 공격 0
  · ⑦ 박쥐 강타: 뜬 높이 0.69 · 앞 1.96 · 옆 0.00 · 밀림 속도 0.00 · 반응 1.52초 · 클립  · 공격 0
  · ⑧ 흑랑 강타(제외): 뜬 높이 0.00 · 앞 0.08 · 옆 0.00 · 밀림 속도 1.33 · 반응 0.13초 · 클립 hit, idle · 공격 0
  · ⑨ 쿨다운 3.0초: 넘어져 있는 1.45초 + 쿨다운 = 한 판 4.45초 중 33%가 누움 (쿨다운 0이면 강타 쿨 1.5초에 걸려 97%)
  · ⑫ 돌진베기 넘어뜨리기 시험: 적 3.07u에서 맞아 4.37u에 누움 · 도호는 5.00u에 섬 → 사이 0.63u (겹침 문턱 0.80u) · 날아가는 내내 가장 가까웠던 거리 0.63u
  · ── 표 | 타격 · 적 | 뜬 높이 | 앞 거리 | 밀림 속도 | 반응 | 클립
  · 표 | ① 평타 1타 · 산적 | 0.00 | 0.22 | 3.67 | 0.37초 | hit, run
  · 표 | ② 평타 3타 · 산적 | 0.00 | 0.33 | 5.50 | 0.37초 | hit, run
  · 표 | ③ 강타(참격) · 산적 | 0.52 | 1.40 | 0.00 | 1.45초 | hit, die, idle
  · 표 | ④ 회오리 · 산적 | 0.47 | 1.20 | 0.00 | 1.40초 | hit, die, idle
  · 표 | ⑤ 돌진베기 · 산적 | 0.00 | 0.22 | 3.67 | 0.37초 | hit, run
  · 표 | ⑥ 강타 · 부적술사 | 0.52 | 1.40 | 0.00 | 1.45초 | attack, die, idle
  · 표 | ⑦ 강타 · 박쥐 | 0.69 | 1.96 | 0.00 | 1.52초 | (없음)
  · 표 | ⑧ 강타 · 흑랑(제외) | 0.00 | 0.08 | 1.33 | 0.13초 | hit, idle
  · §6.6 구현 있음(2단계 판정선) · 넘어짐 = 날아감 + 누움 0.5초 + 일어남 0.45초 · 쿨다운 3.0초
E2E heavy_react PASS (검사 97)
E2E ▶ pack_ai
  · 띠 첫 자리 (18.5, 0.0, 64.5)
  · §13.4.1 구현 있음 — 판정선을 본다
  · ── 표 (§13.4.1 전/후)
  · 표 | ① 무리 어그로: 한 대 뒤 깬 A 3/3 · B 0/3 · 신호 1+2 · 4.5초 뒤 A 곁 3/3 · B 깸 0
  · 표 | ② 놓침: 붙은 뒤 도호 24.9u 밖 → LOST 6.02초 · 도호 쪽 끝 x +5.75 (본 자리 +6.00) · 두리번 3.02초(517°) · 쉼 = 본 자리 0.25u · 처음 자리 8.75u · 숨음 → LOST 0.02초
  · 표 | ③ 흩어짐: 하수인 셋 — 멀어진 거리(가장 적은 몸) +5.71u · 흩어지는 2.5초 동안 공격 시작 0 · 돌아옴 [2.51666666666438, 2.51666666666438, 2.51666666666438] · 4.5초 뒤 다시 다가옴 3/3 · 곁(3칸) 3/3 · 박쥐 흩어짐 false
  · 표 | ④ 넘어뜨림: 산적 선딜 넘어짐 true · 한 대 0 | 우두머리 선딜 넘어짐 false · 선딜 그대로 true · 한 대 1 | 쫓던 우두머리 넘어짐 false · 경직 0.11초 · 넉백 속도 1.10 | 흑랑 넘어짐 false
E2E pack_ai PASS (검사 46)
E2E ▶ kill_slump
  · ① 평타 막타: 누움 0.78초 · 이동 0.00 · 누운 골반 0.12 · 비틀림 0
  · ② 비틀림 갈래 [-1, 0, 1, -1, 1, 0] · 누운 방향 [-25.9999986745346, -0.00000250447817, 26.0000004957675, -25.9999986745346, 26.0000004957675, -0.00000250447817]°
  · ⑥ 박쥐 평타: 이동 0.00 · 모델 높이 0.93 → 0.19
  · 시체 10 · 핏자국 14 (상한 32) · 피 튐 크기 1.00
E2E kill_slump PASS (검사 51)
E2E ▶ kill_bisect
  · ① 평타 치명 (게임 368.5초에 막타 · +0.22초 갈라짐): 윗몸 옆으로 0.44 · 아랫몸 75° · 뿜음 5
  · ③ 강타 치명 (게임 370.8초에 막타): cleave · 윗몸 0.41u (계획 0.41) · 최고 +0.00
  · ⑦ 평타 (게임 372.5초에 막타): 칼 방향 (0.936348, 0.303008, -0.177312) · 칼끝 속도 (15.91472, -4.111448, -12.91802) → 궤적 11.3° · 갈래 h · 단면 11.3° · slide · 윗몸 계획 0.44u
  · ⑦ 회오리베기 (게임 374.5초에 막타): 칼 방향 (-0.819182, 0.350464, -0.454) · 칼끝 속도 (-6.976913, -1.087134, -15.57399) → 궤적 3.6° · 갈래 h · 단면 3.6° · cleave · 윗몸 계획 0.45u
  · ⑦ 참격 (게임 376.5초에 막타): 칼 방향 (-0.197441, -0.391879, -0.898581) · 칼끝 속도 (1.26835, -14.02145, -10.15473) → 궤적 53.9° · 갈래 d · 단면 53.9° · slide · 윗몸 계획 0.34u
  · 무대 17곳 · 단면 기울기 평타 11.3° · 회오리 3.6° · 참격 53.9° · 시체 10 · 핏자국 17
E2E kill_bisect PASS (검사 68)
E2E ▶ slice_deaths
  · 무대 = (23.5, 0.0, 46.5) · 간격 ×1.00 · 도호 = 줄 앞 3.0u
  · ① 평타 막타 — 게임 380.62초에 막타 (여섯 몸 같은 프레임)
  ·   사람형: 이동 0.00 · 뜸 0.00 · 두 동강 false · 윗몸 0.00 · 단면 - · 누움 0.82초 · die 클립 true · 죽음 slump/slump
  ·   짐승: 이동 0.00 · 뜸 0.00 · 두 동강 false · 윗몸 0.00 · 단면 - · 누움 0.67초 · die 클립 true · 죽음 plague/slump
  ·   벌레: 이동 0.00 · 뜸 0.00 · 두 동강 false · 윗몸 0.00 · 단면 - · 누움 0.52초 · die 클립 false · 죽음 plague/drop
  ·   떠다님·피: 이동 0.00 · 뜸 0.00 · 두 동강 false · 윗몸 0.00 · 단면 - · 누움 0.52초 · die 클립 false · 죽음 drop/drop
  ·   떠다님·넋: 이동 0.00 · 뜸 0.00 · 두 동강 false · 윗몸 0.00 · 단면 - · 누움 0.52초 · die 클립 false · 죽음 scatter/scatter
  ·   큰 덩치: 이동 0.00 · 뜸 0.00 · 두 동강 false · 윗몸 0.00 · 단면 - · 누움 0.82초 · die 클립 true · 죽음 slump/slump
  · ② 평타 치명 막타 — 게임 382.88초에 막타 (여섯 몸 같은 프레임)
  ·   사람형: 이동 0.00 · 뜸 0.00 · 두 동강 true · 윗몸 0.44 · 단면 0° · 누움 0.82초 · die 클립 true · 죽음 cleave/cleave
  ·   짐승: 이동 0.00 · 뜸 0.00 · 두 동강 true · 윗몸 0.41 · 단면 90° · 누움 0.82초 · die 클립 true · 죽음 plague/cleave
  ·   벌레: 이동 0.00 · 뜸 0.00 · 두 동강 false · 윗몸 0.00 · 단면 - · 누움 0.52초 · die 클립 false · 죽음 plague/slashed
  ·   떠다님·피: 이동 0.00 · 뜸 0.00 · 두 동강 false · 윗몸 0.00 · 단면 - · 누움 0.52초 · die 클립 false · 죽음 slashed/slashed
  ·   떠다님·넋: 이동 0.00 · 뜸 0.00 · 두 동강 false · 윗몸 0.00 · 단면 - · 누움 0.52초 · die 클립 false · 죽음 scatter/scatter
  ·   큰 덩치: 이동 0.00 · 뜸 0.00 · 두 동강 true · 윗몸 0.44 · 단면 0° · 누움 1.13초 · die 클립 true · 죽음 slide/slide
  · ③ 참격 막타 — 사선 칼 — 게임 385.15초에 막타 (여섯 몸 같은 프레임)
  ·   사람형: 이동 0.00 · 뜸 0.00 · 두 동강 true · 윗몸 0.33 · 단면 45° · 누움 0.82초 · die 클립 true · 죽음 cleave/cleave
  ·   짐승: 이동 0.00 · 뜸 0.00 · 두 동강 true · 윗몸 0.41 · 단면 90° · 누움 0.82초 · die 클립 true · 죽음 plague/cleave
  ·   벌레: 이동 0.00 · 뜸 0.00 · 두 동강 false · 윗몸 0.00 · 단면 - · 누움 0.52초 · die 클립 false · 죽음 plague/slashed
  ·   떠다님·피: 이동 0.00 · 뜸 0.00 · 두 동강 false · 윗몸 0.00 · 단면 - · 누움 0.52초 · die 클립 false · 죽음 slashed/slashed
  ·   떠다님·넋: 이동 0.00 · 뜸 0.00 · 두 동강 false · 윗몸 0.00 · 단면 - · 누움 0.52초 · die 클립 false · 죽음 scatter/scatter
  ·   큰 덩치: 이동 0.00 · 뜸 0.00 · 두 동강 true · 윗몸 0.37 · 단면 45° · 누움 1.13초 · die 클립 true · 죽음 slide/slide
  · ④ 회오리 막타 — 가로 칼 — 게임 387.42초에 막타 (여섯 몸 같은 프레임)
  ·   사람형: 이동 0.00 · 뜸 0.00 · 두 동강 true · 윗몸 0.33 · 단면 0° · 누움 0.82초 · die 클립 true · 죽음 cleave/cleave
  ·   짐승: 이동 0.00 · 뜸 0.00 · 두 동강 true · 윗몸 0.41 · 단면 90° · 누움 0.82초 · die 클립 true · 죽음 plague/cleave
  ·   벌레: 이동 0.00 · 뜸 0.00 · 두 동강 false · 윗몸 0.00 · 단면 - · 누움 0.53초 · die 클립 false · 죽음 plague/slashed
  ·   떠다님·피: 이동 0.00 · 뜸 0.00 · 두 동강 false · 윗몸 0.00 · 단면 - · 누움 0.53초 · die 클립 false · 죽음 slashed/slashed
  ·   떠다님·넋: 이동 0.00 · 뜸 0.00 · 두 동강 false · 윗몸 0.00 · 단면 - · 누움 0.53초 · die 클립 false · 죽음 scatter/scatter
  ·   큰 덩치: 이동 0.00 · 뜸 0.00 · 두 동강 true · 윗몸 0.44 · 단면 0° · 누움 1.12초 · die 클립 true · 죽음 slide/slide
  · ⑤ 도약 베기 막타 — 세로 칼 — 게임 389.68초에 막타 (여섯 몸 같은 프레임)
  ·   사람형: 이동 0.00 · 뜸 0.00 · 두 동강 true · 윗몸 0.99 · 단면 90° · 누움 0.68초 · die 클립 true · 죽음 cleave/cleave
  ·   짐승: 이동 0.00 · 뜸 0.00 · 두 동강 true · 윗몸 0.41 · 단면 90° · 누움 0.82초 · die 클립 true · 죽음 plague/cleave
  ·   벌레: 이동 0.00 · 뜸 0.00 · 두 동강 false · 윗몸 0.00 · 단면 - · 누움 0.52초 · die 클립 false · 죽음 plague/slashed
  ·   떠다님·피: 이동 0.00 · 뜸 0.00 · 두 동강 false · 윗몸 0.00 · 단면 - · 누움 0.52초 · die 클립 false · 죽음 slashed/slashed
  ·   떠다님·넋: 이동 0.00 · 뜸 0.00 · 두 동강 false · 윗몸 0.00 · 단면 - · 누움 0.52초 · die 클립 false · 죽음 scatter/scatter
  ·   큰 덩치: 이동 0.00 · 뜸 0.00 · 두 동강 true · 윗몸 1.77 · 단면 90° · 누움 0.82초 · die 클립 true · 죽음 cleave/cleave
  · ⑥ 참격 치명 + 넘친 피해 — 게임 391.97초에 막타 (여섯 몸 같은 프레임)
  ·   사람형: 이동 0.00 · 뜸 0.00 · 두 동강 true · 윗몸 0.45 · 단면 45° · 누움 0.80초 · die 클립 true · 죽음 gibs/cleave
  ·   짐승: 이동 0.00 · 뜸 0.00 · 두 동강 true · 윗몸 0.41 · 단면 90° · 누움 0.80초 · die 클립 true · 죽음 plague/cleave
  ·   벌레: 이동 0.00 · 뜸 0.00 · 두 동강 false · 윗몸 0.00 · 단면 - · 누움 0.52초 · die 클립 false · 죽음 plague/slashed
  ·   떠다님·피: 이동 0.00 · 뜸 0.00 · 두 동강 false · 윗몸 0.00 · 단면 - · 누움 0.52초 · die 클립 false · 죽음 slashed/slashed
  ·   떠다님·넋: 이동 0.00 · 뜸 0.00 · 두 동강 false · 윗몸 0.00 · 단면 - · 누움 0.52초 · die 클립 false · 죽음 scatter/scatter
  ·   큰 덩치: 이동 0.00 · 뜸 0.00 · 두 동강 true · 윗몸 0.37 · 단면 45° · 누움 1.10초 · die 클립 true · 죽음 gibs/slide
  · ⑦ 화염 막타 (부적, dev 강제) — 게임 394.25초에 막타 (여섯 몸 같은 프레임)
  ·   사람형: 이동 0.00 · 뜸 0.00 · 두 동강 false · 윗몸 0.00 · 단면 - · 누움 0.52초 · die 클립 true · 죽음 ash/ash
  ·   짐승: 이동 0.00 · 뜸 0.00 · 두 동강 false · 윗몸 0.00 · 단면 - · 누움 0.52초 · die 클립 true · 죽음 ash/ash
  ·   벌레: 이동 0.00 · 뜸 0.00 · 두 동강 false · 윗몸 0.00 · 단면 - · 누움 0.52초 · die 클립 false · 죽음 ash/ash
  ·   떠다님·피: 이동 0.00 · 뜸 0.00 · 두 동강 false · 윗몸 0.00 · 단면 - · 누움 0.52초 · die 클립 false · 죽음 ash/ash
  ·   떠다님·넋: 이동 0.00 · 뜸 0.00 · 두 동강 false · 윗몸 0.00 · 단면 - · 누움 0.52초 · die 클립 false · 죽음 ash/ash
  ·   큰 덩치: 이동 0.00 · 뜸 0.00 · 두 동강 false · 윗몸 0.00 · 단면 - · 누움 0.52초 · die 클립 true · 죽음 ash/ash
  · ⑧ 냉기 막타 (빙결 뒤 참격, dev 강제) — 게임 396.52초에 막타 (여섯 몸 같은 프레임)
  ·   사람형: 이동 0.00 · 뜸 0.00 · 두 동강 false · 윗몸 0.00 · 단면 - · 누움 0.52초 · die 클립 true · 죽음 shatter/shatter
  ·   짐승: 이동 0.00 · 뜸 0.00 · 두 동강 false · 윗몸 0.00 · 단면 - · 누움 0.52초 · die 클립 true · 죽음 shatter/shatter
  ·   벌레: 이동 0.00 · 뜸 0.00 · 두 동강 false · 윗몸 0.00 · 단면 - · 누움 0.52초 · die 클립 false · 죽음 shatter/shatter
  ·   떠다님·피: 이동 0.00 · 뜸 0.00 · 두 동강 false · 윗몸 0.00 · 단면 - · 누움 0.52초 · die 클립 false · 죽음 shatter/shatter
  ·   떠다님·넋: 이동 0.00 · 뜸 0.00 · 두 동강 false · 윗몸 0.00 · 단면 - · 누움 0.52초 · die 클립 false · 죽음 shatter/shatter
  ·   큰 덩치: 이동 0.00 · 뜸 0.00 · 두 동강 false · 윗몸 0.00 · 단면 - · 누움 0.52초 · die 클립 true · 죽음 shatter/shatter
  · ⑨ 피 끄기 + 참격 막타 — 게임 398.77초에 막타 (여섯 몸 같은 프레임)
  ·   사람형: 이동 0.00 · 뜸 0.00 · 두 동강 true · 윗몸 0.33 · 단면 45° · 누움 0.82초 · die 클립 true · 죽음 cleave/cleave
  ·   짐승: 이동 0.00 · 뜸 0.00 · 두 동강 true · 윗몸 0.41 · 단면 90° · 누움 0.82초 · die 클립 true · 죽음 plague/cleave
  ·   벌레: 이동 0.00 · 뜸 0.00 · 두 동강 false · 윗몸 0.00 · 단면 - · 누움 0.52초 · die 클립 false · 죽음 plague/slashed
  ·   떠다님·피: 이동 0.00 · 뜸 0.00 · 두 동강 false · 윗몸 0.00 · 단면 - · 누움 0.52초 · die 클립 false · 죽음 slashed/slashed
  ·   떠다님·넋: 이동 0.00 · 뜸 0.00 · 두 동강 false · 윗몸 0.00 · 단면 - · 누움 0.52초 · die 클립 false · 죽음 scatter/scatter
  ·   큰 덩치: 이동 0.00 · 뜸 0.00 · 두 동강 true · 윗몸 0.37 · 단면 45° · 누움 1.12초 · die 클립 true · 죽음 slide/slide
  · ⑩ 산적1 — 게임 401.03초에 막타
  · ⑩ 산적2 — 게임 401.85초에 막타
  · ⑩ 산적3 — 게임 402.67초에 막타
  · ⑩ 산적4 — 게임 403.48초에 막타
  · ⑩ 산적5 — 게임 404.30초에 막타
  · ⑩ 반복 — 같은 참격(사선 칼) 다섯 번:
  ·   산적1: 이동 0.00 · 뜸 0.00 · 두 동강 true · 윗몸 0.33 · 단면 45° · 누움 0.82초 · die 클립 true · 죽음 cleave/cleave
  ·   산적2: 이동 0.00 · 뜸 0.00 · 두 동강 true · 윗몸 0.37 · 단면 45° · 누움 1.12초 · die 클립 true · 죽음 slide/slide
  ·   산적3: 이동 0.00 · 뜸 0.00 · 두 동강 true · 윗몸 0.33 · 단면 45° · 누움 0.83초 · die 클립 true · 죽음 cleave/cleave
  ·   산적4: 이동 0.00 · 뜸 0.00 · 두 동강 true · 윗몸 0.37 · 단면 45° · 누움 1.12초 · die 클립 true · 죽음 slide/slide
  ·   산적5: 이동 0.00 · 뜸 0.00 · 두 동강 true · 윗몸 0.33 · 단면 45° · 누움 0.83초 · die 클립 true · 죽음 cleave/cleave
E2E slice_deaths PASS (검사 111)
E2E ▶ monster_motion_gallery
  · 봉우리 셈 자기검사 — 표본 위상 20가지 × 봉우리 셋: 꼭짓점 폭 0.0025초 (표본 그대로면 0.0158초) · 대칭 봉우리 오차 0.0002초
  · 무대 = (34.5, 0.0, 14.5) · 숨긴 풀·꽃 0 · 도호 = 오른쪽 8.4u
  · 사진 = 구간마다 틀(쉼 (-8.4, 5.4) · 걷기 (-8.4, 5.8) · 달리기 (-8.4, 7.9), 여백 5%) · 무대 조명 = 가운데 위 6.0u · 세기 3.5 · 반경 18 · 감쇠 0.5 (대본 끝에 치움)
  · 떠다님·넋 (떠도는 넋) = tteodoneun_neok (크기 ×1.00) · 뼈 없음(정지 메시) · 클립 없음
  · 떠다님·몸 (나찰녀) = nachalnyeo (크기 ×1.00) · 뼈 없음(정지 메시) · 클립 없음
  · 네발·짐승 (역병 든 들개) = plague_dog (크기 ×0.91) · 뼈 19 · 발 4 · 골반 Hips · 머리 Head · 손 0 · attack 0.50 · die 1.25 · hit 0.30 · idle 2.20 · pounce 0.60 · pounce_air 0.40 · pounce_land 0.25 · run 0.55 · walk 0.85
  · 네발·족속 (흑랑 새끼 대역) = heukrang_kin (크기 ×0.55) · 뼈 19 · 발 4 · 골반 Hips · 머리 Head · 손 0 · attack 0.67 · die 1.25 · hit 0.30 · idle 2.20 · pounce 0.65 · pounce_air 0.40 · pounce_land 0.25 · run 0.77 · walk 1.02
  · 두 발·Tripo (산적) = bandit (크기 ×1.00) · 뼈 65 · 발 2 · 골반 mixamorig_Hips · 머리 mixamorig_Head · 손 2 · attack 0.55 · attack2 0.55 · die 3.00 · hit 0.30 · idle 7.67 · run 0.58 · walk 1.12
  · 두 발·Meshy (홀린 여창) = hollin_yeogung_spear (크기 ×1.00) · 뼈 24 · 발 2 · 골반 Hips · 머리 Head · 손 2 · attack_bow 5.03 · attack_spear 3.03 · die 3.00 · hit 0.30 · idle 1.30 · run 0.63 · walk 1.03
  · 떠다님 2몸 = 그림 틱을 물리 틱에 묶어 잰다 (_tick_float)
  · ① 대기 3.0초 — 뼈 있는 몸 = 머리 봉우리-봉우리(목표 2~15cm) · 떠다님 = 둥실 반폭(3~8cm)·주기(1.8~3.2초):
  ·   떠다님·넋 (떠도는 넋): 둥실 5.0cm ○ · 주기 2.23초 ○ · 옆 흔들림 4.5° · 뼈 없음
  ·   떠다님·몸 (나찰녀): 둥실 6.0cm ○ · 주기 2.00초 ○ · 옆 흔들림 4.5° · 뼈 없음
  ·   네발·짐승 (역병 든 들개): 들썩임 4.6cm ○ · 클립 idle
  ·   네발·족속 (흑랑 새끼 대역): 들썩임 3.3cm ○ · 클립 idle
  ·   두 발·Tripo (산적): 들썩임 9.5cm ○ · 클립 idle
  ·   두 발·Meshy (홀린 여창): 들썩임 6.4cm ○ · 클립 idle
  · ② 걷기 1.2u/s — 1.5초 · 화면 오른쪽으로 곧게 (발 미끄러짐 목표 ≤ 5cm/s · 떠다님 앞 기울기 목표 3~8°):
  ·   떠다님·넋 (떠도는 넋): 빠르기 1.20u/s · 뼈 없음 · 앞 기울기 5.4° ○ · 옆 흔들림 7.0° · 둥실 2.4cm · 옷자락 끌림 4.2cm (물결 메시 2)
  ·   떠다님·몸 (나찰녀): 빠르기 1.20u/s · 뼈 없음 · 앞 기울기 5.4° ○ · 옆 흔들림 7.0° · 둥실 4.4cm · 옷자락 끌림 3.6cm (물결 메시 2)
  ·   네발·짐승 (역병 든 들개): 빠르기 1.20u/s · 클립 walk × 1.55 · 발 미끄러짐 0cm/s (몸의 0%) ○ · 걸음마다 0.1cm · 디딤 몫 0.57 · 걸음 4.3/초
  ·   네발·족속 (흑랑 새끼 대역): 빠르기 1.20u/s · 클립 walk × 1.72 · 발 미끄러짐 1cm/s (몸의 0%) ○ · 걸음마다 0.1cm · 디딤 몫 0.57 · 걸음 3.9/초
  ·   두 발·Tripo (산적): 빠르기 1.20u/s · 클립 walk × 1.40 · 발 미끄러짐 1cm/s (몸의 1%) ○ · 걸음마다 0.2cm · 디딤 몫 0.49 · 걸음 3.2/초
  ·   두 발·Meshy (홀린 여창): 빠르기 1.20u/s · 클립 walk × 0.97 · 발 미끄러짐 2cm/s (몸의 2%) ○ · 걸음마다 0.3cm · 디딤 몫 0.28 · 걸음 2.4/초
  · ③ 달리기(쫓는 빠르기 = move_speed) — 1.0초 · 화면 오른쪽으로 곧게 (발 미끄러짐 목표 ≤ 10cm/s · 떠다님 앞 기울기 목표 9~16°):
  ·   떠다님·넋 (떠도는 넋): 빠르기 2.80u/s · 뼈 없음 · 앞 기울기 12.5° ○ · 옆 흔들림 13.3° · 둥실 2.1cm · 옷자락 끌림 9.8cm (물결 메시 2)
  ·   떠다님·몸 (나찰녀): 빠르기 3.60u/s · 뼈 없음 · 앞 기울기 15.9° ○ · 옆 흔들림 16.6° · 둥실 4.4cm · 옷자락 끌림 10.8cm (물결 메시 2)
  ·   네발·짐승 (역병 든 들개): 빠르기 4.50u/s · 클립 run × 1.29 · 발 미끄러짐 2cm/s (몸의 0%) ○ · 걸음마다 0.1cm · 디딤 몫 0.24 · 걸음 4.6/초
  ·   네발·족속 (흑랑 새끼 대역): 빠르기 4.50u/s · 클립 run × 1.66 · 발 미끄러짐 1cm/s (몸의 0%) ○ · 걸음마다 0.1cm · 디딤 몫 0.24 · 걸음 4.6/초
  ·   두 발·Tripo (산적): 빠르기 3.50u/s · 클립 run × 1.20 · 발 미끄러짐 1cm/s (몸의 0%) ○ · 걸음마다 0.1cm · 디딤 몫 0.26 · 걸음 5.2/초
  ·   두 발·Meshy (홀린 여창): 빠르기 3.80u/s · 클립 run × 0.87 · 발 미끄러짐 26cm/s (몸의 7%) ✗ · 걸음마다 1.7cm · 디딤 몫 0.23 · 걸음 3.9/초
  · ④ 공격 — 같은 틱에 선딜(피해 = 선딜 끝 · 타격 몫 목표 0.50~0.70 · 치는 곳 가장 빠른 때 = 선딜 끝 ± 0.08초, 2u/s 이상):
  ·   떠다님·넋 (떠도는 넋): 선딜 0.30초 · 잠금 0.55초 · 공격 클립 없음 · 가장 빠른 때 0.270초(타격 -0.030) ○ · 12.4u/s · 당김 10cm (0.23초) · 쏘기 40cm (0.30초) · 머리 쏘기 40cm
  ·   떠다님·몸 (나찰녀): 선딜 0.50초 · 잠금 0.75초 · 공격 클립 없음 · 가장 빠른 때 0.460초(타격 -0.040) ○ · 4.7u/s · 당김 8cm (0.42초) · 쏘기 15cm (0.50초) · 머리 쏘기 15cm
  ·   네발·짐승 (역병 든 들개): 선딜 0.30초 · 잠금 0.50초 · 클립 attack 0.50초 × 1.00배 · 타격 몫 0.60 ○ · 가장 빠른 때 0.280초(타격 -0.020) ○ · 6.6u/s · 당김 5cm (0.23초) · 쏘기 15cm (0.30초) · 머리 쏘기 17cm
  ·   네발·족속 (흑랑 새끼 대역): 선딜 0.40초 · 잠금 0.67초 · 클립 attack 0.67초 × 1.00배 · 타격 몫 0.60 ○ · 가장 빠른 때 0.352초(타격 -0.048) ○ · 5.0u/s · 당김 5cm (0.30초) · 쏘기 16cm (0.40초) · 머리 쏘기 22cm
  ·   두 발·Tripo (산적): 선딜 0.30초 · 잠금 0.55초 · 클립 attack 0.55초 × 1.00배 · 타격 몫 0.55 ○ · 가장 빠른 때 0.272초(타격 -0.028) ○ · 5.5u/s · 당김 0cm (0.00초) · 쏘기 0cm (0.00초) · 머리 쏘기 14cm
  ·   두 발·Meshy (홀린 여창): 선딜 0.40초 · 잠금 3.03초 · 클립 attack_spear 3.03초 × 1.00배 · 타격 몫 0.13 ✗ · 가장 빠른 때 0.750초(타격 +0.350) ✗ · 8.9u/s · 당김 0cm (0.00초) · 쏘기 110cm (1.02초) · 머리 쏘기 110cm
  · ⑤ 맞기 — 한 대(오른쪽에서 · 반응 ≥ 6cm 또는 젖힘 ≥ 8° · 피격 동작 0.20~0.40초):
  ·   떠다님·넋 (떠도는 넋): 경직 0.35초 · 피격 동작 없음 · 반응 15cm · 젖힘 12° ○ · 몸 밀림 22cm
  ·   떠다님·몸 (나찰녀): 경직 0.35초 · 피격 동작 없음 · 반응 10cm · 젖힘 8° ○ · 몸 밀림 22cm
  ·   네발·짐승 (역병 든 들개): 경직 0.35초 · 클립 hit 0.30초 × 1.0배 = 0.30초 ○ · 반응 8cm · 젖힘 6° ○ · 몸 밀림 22cm
  ·   네발·족속 (흑랑 새끼 대역): 경직 0.35초 · 클립 hit 0.30초 × 1.0배 = 0.30초 ○ · 반응 8cm · 젖힘 2° ○ · 몸 밀림 22cm
  ·   두 발·Tripo (산적): 경직 0.35초 · 클립 hit 0.30초 × 1.0배 = 0.30초 ○ · 반응 0cm · 젖힘 26° ○ · 몸 밀림 22cm
  ·   두 발·Meshy (홀린 여창): 경직 0.35초 · 클립 hit 0.30초 × 1.0배 = 0.30초 ○ · 반응 8cm · 젖힘 6° ○ · 몸 밀림 22cm
  · 요약 (○ = 목표 안 · 사양 monster_motion_v2 §2):
  ·   떠다님·넋 (떠도는 넋): 둥실 5.0cm○·2.2초○ · 기울기 걷기 5.4°○·쫓기 12.5°○ · 빠른 때○ · 당김 10○·쏘기 40○ · 맞기 15cm·12°○
  ·   떠다님·몸 (나찰녀): 둥실 6.0cm○·2.0초○ · 기울기 걷기 5.4°○·쫓기 15.9°○ · 빠른 때○ · 당김 8○·쏘기 15○ · 맞기 10cm·8°○
  ·   네발·짐승 (역병 든 들개): 대기 4.6cm○ · 미끄러짐 걷기 0○·달리기 2○ · 타격 몫 0.60○ · 빠른 때○ · 머리 쏘기 17○ · 맞기 8cm·6°○·동작 0.30초○
  ·   네발·족속 (흑랑 새끼 대역): 대기 3.3cm○ · 미끄러짐 걷기 1○·달리기 1○ · 타격 몫 0.60○ · 빠른 때○ · 머리 쏘기 22○ · 맞기 8cm·2°○·동작 0.30초○
  ·   두 발·Tripo (산적): 대기 9.5cm○ · 미끄러짐 걷기 1○·달리기 1○ · 타격 몫 0.55○ · 빠른 때○ · 맞기 0cm·26°○·동작 0.30초○
  ·   두 발·Meshy (홀린 여창): 대기 6.4cm○ · 미끄러짐 걷기 2○·달리기 26✗ · 타격 몫 0.13✗ · 빠른 때✗ · 맞기 8cm·6°○·동작 0.30초○
E2E monster_motion_gallery PASS (검사 70)
E2E ▶ element_status
  · 무대 = 방 [P: (15, 43), S: (14, 13)], 가로 11.0u
  · 한기 이동 실측 2.27 / 3.50 = ×0.65 (사양 ×0.65)
E2E element_status PASS (검사 78)
E2E ▶ element_ui
E2E element_ui PASS (검사 4)
E2E ▶ talisman_targeting
E2E talisman_targeting PASS (검사 75)
E2E ▶ talisman_throw
  · 무대 = 방 [P: (15, 43), S: (14, 13)]
E2E talisman_throw PASS (검사 56)
E2E ▶ talisman_aoe
  · fire: 겨눈 자리 (20.0, 0.0, 49.5) · 끝 = burst (radius=1.50)
  ·   [터지는 순간] #0 hp0=3 죽음 — 막타 속성=fire · kind=ash play=ash
  ·   [터지는 순간] #1 hp0=3 그대로(반경 밖)
  ·   [터지는 순간] #2 hp0=3 죽음 — 막타 속성=fire · kind=ash play=ash
  ·   [터지는 순간] #3 hp0=3 그대로(반경 밖)
  ·   [터지는 순간] #4 hp0=15 hp=2.0 화상=true 빙결=false 한기=false
  ·   [터지는 순간] #5 hp0=15 그대로(반경 밖)
  ·   [0.5초] #0 hp0=3 죽음 — 막타 속성=fire · kind=ash play=ash
  ·   [0.5초] #1 hp0=3 그대로(반경 밖)
  ·   [0.5초] #2 hp0=3 죽음 — 막타 속성=fire · kind=ash play=ash
  ·   [0.5초] #3 hp0=3 그대로(반경 밖)
  ·   [0.5초] #4 hp0=15 hp=1.0 화상=true 빙결=false 한기=false
  ·   [0.5초] #5 hp0=15 그대로(반경 밖)
  ·   [1.5초] #0 hp0=3 죽음 — 막타 속성=fire · kind=ash play=ash
  ·   [1.5초] #1 hp0=3 그대로(반경 밖)
  ·   [1.5초] #2 hp0=3 죽음 — 막타 속성=fire · kind=ash play=ash
  ·   [1.5초] #3 hp0=3 그대로(반경 밖)
  ·   [1.5초] #4 hp0=15 죽음 — 막타 속성=fire · kind=ash play=ash
  ·   [1.5초] #5 hp0=15 그대로(반경 밖)
  · fire: 요약 — 맞은 마릿수 3/6 · 죽음 3/6 · 막타 속성 [&"fire"] · 죽음 종류 [&"ash"]
  · cold: 겨눈 자리 (20.0, 0.0, 49.5) · 끝 = burst (radius=1.50)
  ·   [터지는 순간] #0 hp0=3 죽음 — 막타 속성=cold · kind=shatter play=shatter
  ·   [터지는 순간] #1 hp0=3 그대로(반경 밖)
  ·   [터지는 순간] #2 hp0=3 죽음 — 막타 속성=cold · kind=shatter play=shatter
  ·   [터지는 순간] #3 hp0=3 그대로(반경 밖)
  ·   [터지는 순간] #4 hp0=15 hp=9.0 화상=false 빙결=true 한기=true
  ·   [터지는 순간] #5 hp0=15 그대로(반경 밖)
  ·   [0.5초] #0 hp0=3 죽음 — 막타 속성=cold · kind=shatter play=shatter
  ·   [0.5초] #1 hp0=3 그대로(반경 밖)
  ·   [0.5초] #2 hp0=3 죽음 — 막타 속성=cold · kind=shatter play=shatter
  ·   [0.5초] #3 hp0=3 그대로(반경 밖)
  ·   [0.5초] #4 hp0=15 hp=9.0 화상=false 빙결=true 한기=true
  ·   [0.5초] #5 hp0=15 그대로(반경 밖)
  ·   [1.5초] #0 hp0=3 죽음 — 막타 속성=cold · kind=shatter play=shatter
  ·   [1.5초] #1 hp0=3 그대로(반경 밖)
  ·   [1.5초] #2 hp0=3 죽음 — 막타 속성=cold · kind=shatter play=shatter
  ·   [1.5초] #3 hp0=3 그대로(반경 밖)
  ·   [1.5초] #4 hp0=15 hp=9.0 화상=false 빙결=false 한기=true
  ·   [1.5초] #5 hp0=15 그대로(반경 밖)
  · cold: 요약 — 맞은 마릿수 3/6 · 죽음 2/6 · 막타 속성 [&"cold"] · 죽음 종류 [&"shatter"]
E2E talisman_aoe PASS (검사 16)
E2E ▶ loot_drop
E2E loot_drop PASS (검사 24)
E2E ▶ potion_icons
E2E potion_icons PASS (검사 40)
E2E ▶ potion_tiers
E2E potion_tiers PASS (검사 10)
E2E ▶ loot_props
E2E loot_props PASS (검사 19)
E2E ▶ elite_pack
  · 층 지역 레벨 2
E2E elite_pack PASS (검사 52)
E2E ▶ elite_slots
  · 시드 3340239649 · 무리 11/18 · 구간 2 · 레벨 2 · 산적 ×4 · 강화 fierce
  · 시드 160326318 · 방 3 (깊이 0.71) · 산적 · 대머리 판돌이 + 하수인 4 · 옵션 cold_enchanted
E2E elite_slots PASS (검사 31)
E2E ▶ flee_chase
  · 띠 첫 자리 (18.5, 0.0, 64.5) (들머리에서 11.0u)
  · 표 — 판 · 붙잡음(첫 칼) · 닿음 · 휘두름 · 도망친 거리 · 물러나는 빠르기(가운데/최대) | 맞은 뒤 4초: 멀어지며 걸은 시간·거리 · 공격 시작 · 첫 공격 · 닿은 공격 · 적 칼 맞음/휘두름 · 적이 움직인 거리
  · 부적술사      걷기 3.00 | 붙잡음 2.77초 · 닿음 2.35초 · 휘두름 1 · 도망친 거리 4.30u (2.05초) · 물러나는 빠르기 2.10/2.10 | 맞은 뒤: 멀어지며 0.00초 0.00u · 공격 시작 1 · 첫 공격 1.68초 · 닿은 공격 1 · 적 칼 맞음 4/4 · 움직인 거리 0.72u
  · 박쥐        걷기 4.50 | 붙잡음 0.95초 · 닿음 0.55초 · 휘두름 1 · 도망친 거리 1.73u (0.55초) · 물러나는 빠르기 3.15/3.15 | 맞은 뒤: 멀어지며 0.00초 0.00u · 공격 시작 1 · 첫 공격 2.32초 · 닿은 공격 2 · 적 칼 맞음 4/4 · 움직인 거리 0.60u
  · 날랜 박쥐     걷기 6.08 | 붙잡음 1.00초 · 닿음 0.58초 · 휘두름 1 · 도망친 거리 1.87u (0.58초) · 물러나는 빠르기 3.20/3.20 | 맞은 뒤: 멀어지며 0.00초 0.00u · 공격 시작 2 · 첫 공격 1.42초 · 닿은 공격 3 · 적 칼 맞음 4/4 · 움직인 거리 0.04u
E2E flee_chase PASS (검사 35)
E2E ▶ verify_flows
E2E verify_flows PASS (검사 16)
E2E ▶ player_death
E2E player_death PASS (검사 27)
E2E ▶ wall_cutaway
  · stand=(48, 51) wall=(49, 52) player=(48.5, 0.000391, 51.5) 후보 116칸
E2E wall_cutaway PASS (검사 17)
E2E ▶ floor_seams
  · 헤드리스 — 밝기 실측 생략
E2E floor_seams PASS (검사 3)
E2E ▶ char_light
  · 마을: 키 0.450 오는 쪽 (0.067, 0.643, 0.763) · 보조 0.060 오는 쪽 (-0.079, 0.423, -0.903) (카메라 자리 (0.577, 0.577, 0.577))
  · 헤드리스 — town 스윕 [0.45, 0.15, 0.8] 픽셀 실측 생략 (배우 5명 · glTF 기본값 금속 재질 0)
  · 던전 1층: 키 0.350 오는 쪽 (0.067, 0.643, 0.763) · 보조 0.047 오는 쪽 (-0.079, 0.423, -0.903) (카메라 자리 (0.577, 0.577, 0.577))
  · 헤드리스 — dungeon 스윕 [0.35, 0.8, 1.5] 픽셀 실측 생략 (배우 5명 · glTF 기본값 금속 재질 0)
  · 보스 층: 키 0.350 오는 쪽 (0.067, 0.643, 0.763) · 보조 0.047 오는 쪽 (-0.079, 0.423, -0.903) (카메라 자리 (0.577, 0.577, 0.577))
E2E char_light PASS (검사 102)
E2E ▶ town_layout
  · 광장→입구 내비 경로 41.7u
  · 갈대 154포기
  · 돌담 마디 64 · 바위 89 · 울타리 마디 1
E2E town_layout PASS (검사 60)
E2E ▶ town_approach
  · 문턱까지 클릭 주행 11.64s (캡처·입력 대기 포함)
E2E town_approach PASS (검사 133)
E2E ▶ ui_windows
E2E ui_windows PASS (검사 65)
E2E ▶ story_cutin
  · 사설 가장 긴 줄 869 / 글 폭 1101 px (화면 (1280.0, 720.0)) 「그날 이후 괴질이 돌았으니라! 옛 도사들이 걸어 둔 봉인이 새어 병이 번져 방방곡곡 휘몰아쳐—」
  · 컷인 조우 before tick=36158 intro=false signals=0 visible=false kind= paused=true menu=false distance=4.000
  · 컷인 조우 after tick=36159 delta=1 opened=true intro=true signals=1 visible=true kind=boss paused=true menu=false
  · 컷인 Esc tick=36161 intro=true signals=1 visible=false paused=false menu=false
E2E story_cutin PASS (검사 28)
E2E ▶ dialogue_band
  · 이름표 글꼴 = 궁서
E2E dialogue_band PASS (검사 71)
E2E ▶ dialogue_event
E2E dialogue_event PASS (검사 49)
E2E ▶ ui_docks
  · none camera settled, player x=640.00
  · right camera settled, player x=424.00
  · right after pickup camera settled, player x=424.00
  · left camera settled, player x=856.00
  · left after movement camera settled, player x=857.44
  · both camera settled, player x=640.26
  · skills and bag camera settled, player x=640.15
  · Esc restores center camera settled, player x=640.09
  · dialog alone camera settled, player x=641.48
  · vendor and bag camera settled, player x=640.00
  · after vendor close camera settled, player x=640.00
  · waypoint alone camera settled, player x=854.57
  · waypoint and bag camera settled, player x=639.73
  · final center camera settled, player x=639.85
E2E ui_docks PASS (검사 61)
E2E ▶ ui_tooltips
E2E ui_tooltips PASS (검사 97)
E2E ▶ belt_unify
E2E belt_unify PASS (검사 15)
E2E ▶ item_ui
E2E item_ui PASS (검사 42)
E2E ▶ skill_picker
E2E skill_picker PASS (검사 191)
E2E ▶ skill_icons
  · 찌르기 원화 대기 — 이름 첫 글자로 대신 (#477·#478 새 칸)
  · 도약 베기 원화 대기 — 이름 첫 글자로 대신 (#477·#478 새 칸)
  · 칼바람 원화 대기 — 이름 첫 글자로 대신 (#477·#478 새 칸)
  · 부적 진 원화 대기 — 이름 첫 글자로 대신 (#477·#478 새 칸)
  · 부적 비 원화 대기 — 이름 첫 글자로 대신 (#477·#478 새 칸)
E2E skill_icons PASS (검사 48)
E2E ▶ vfx_cues
  · 선딜 시트 pos=(44.5, 0.030391, 56.5) 적=(44.5, 0.000391, 56.5) 화면=(593.7165, 331.6754) visible=true frame=9/23
  · 레벨업 道: 발 위 4.30 · 칸 15장 · 흩어짐 0.32(1.55초) · 사라짐 2.03초
  · 루프 103 · 단발 2
E2E vfx_cues PASS (검사 74)
E2E ▶ vfx_cap_blood
  · #395 (고친 뒤) — 둘째 킬 직전 살아 있는 단발 21/24(장식성 패딩 15개) · 새로 생겼나=true · 킬 뒤 살아있는 단발 24 · 피 전용 4/24
E2E vfx_cap_blood PASS (검사 3)
E2E ▶ skill_area
  · 참격: 반지름 2.20 · 각 120° · 칼이 닿는 시각 0.60초
  · 회오리베기: 반지름 2.50 · 칼이 닿는 시각 0.45초
  · 돌진베기: 길이 5.00 (벽에서 끊김 반영) · 반폭 1.10 · 칼이 닿는 시각 0.55초
E2E skill_area PASS (검사 93)
E2E ▶ skill_tiers
  · Lv1: 반경 2.50 → 2.50(배수 1.00) · 타수 1 · 이펙트 등급 0(화면 판단)
  · Lv5: 반경 2.50 → 3.50(배수 1.40) · 타수 1 · 이펙트 등급 1(화면 판단)
  · Lv10: 반경 2.50 → 3.50(배수 1.40) · 타수 2 · 이펙트 등급 2(화면 판단)
E2E skill_tiers PASS (검사 72)
E2E ▶ aoe_skills
  · 무대 = 무리 한가운데 (44.5, 0.0, 56.5) · 도호 (47.32843, 0.0, 59.32843) (화면 아래 4.0u) · 트임 4.0
  · 도약 베기 요약 — 맞음 6/6 · 죽음 3 · 막타 속성 [&""] · 죽음 [&"gibs", &"slide", &"cleave"] · 경직 [0.60000000000002, 0.60000000000002, 0.60000000000002]
  · fire 진 요약 — 맞음 6/6 · 죽음 3 · 막타 속성 [&"fire"] · 죽음 [&"ash"] · 틱 5
  · cold 진 요약 — 맞음 6/6 · 죽음 3 · 막타 속성 [&"cold"] · 죽음 [&"shatter"] · 틱 10
E2E aoe_skills PASS (검사 66)
E2E ▶ aoe_skills_2
  · 무대 = 무리 한가운데 (44.5, 0.0, 56.5) · 트임 3.6 · 화면 위쪽 (-0.707107, 0.0, -0.707107)
  · 찌르기 요약 — 맞음 3/7 [0, 1, 4] · 죽음 3 · 막타 [&"slashed"] · 칼이 닿기까지 0.33초 · 동작 0.63초
  · 칼바람 요약 — 바퀴 9(누른 동안 9) · 박자 0.302초 · 도력 18.0 · 맞힌 합 29 · 맞음 7/7 · 죽음 4 [&"cleave", &"slide"] · 앞으로 6.4u · 뗀 뒤 0.27초에 섬
  · 흩뿌리기 요약 — 장당 맞힌 수 [3, 1, 1] · 맞음 3/7 · 죽음 2 [&"ash"]
  · 부적 비 요약 — 6장 · 맞음 7/7 · 죽음 4 [&"ash"] · 버티는 몸 타는 중 3
E2E aoe_skills_2 PASS (검사 68)
E2E ▶ build_changers
  · 무대 = 한가운데 (44.5, 0.0, 56.5) · 도호 (47.32843, 0.0, 59.32843) (화면 아래 4.0u) · 트임 4.0
  · 처형 — 죽음 cleave/cleave · 면 h
  · 망나니 칼 요약 — 대조 환도 남은 생명 116 · 처형 한 대 · 두 동강 5/8
  · 도깨비불 요약 — 첫 불씨 3 · 무리 재 6/6
  · 이무기 비늘 요약 — 3점 반경 2.50 → 3.50 · 5점 바퀴 1 → 2
  · 사인참사검 요약 — 진 셋 쳐서 선 수: 사인검 2 → 사인참사검 3
  · 본국검 요약 — 맞은 수 보통 [1, 0, 0, 0] → 검기 [1, 1, 1, 1] · 검기 길이 6.8
E2E build_changers PASS (검사 87)
E2E ▶ dungeon_layout
  · 1층 격자 64x64 · 방 6 (한 변 8~14) · 걷는 칸 882(복도 126) · 적 20 { "bandit": 15, "bat": 5 } · 보스 0 · 횃불 48 · 소품 9
  · 1층 모양 갈래 { "bandit_v2": 7, "bandit_v2_dagger": 8 } · 두 갈래가 같이 있는 방 4곳 [1, 2, 4, 5]
  · 2층 격자 28x28 · 방 2 (한 변 7~14) · 걷는 칸 274(복도 45) · 적 2 { "bat": 2 } · 보스 1 · 횃불 16 · 소품 2
  · 2층 모양 갈래 {  } · 두 갈래가 같이 있는 방 0곳 []
E2E dungeon_layout PASS (검사 34)
E2E ▶ beomgul_walk
  · 1층 64x64 · 적 41 · 명단 ["hwajeok", "vampire_bat", "spider"] · 장식 ["Rock 55", "RuinStone 68", "Bones 20", "Fur 12"] · 정예 자리 1
  · 2층 64x64 · 적 22 · 명단 ["hwajeok", "vampire_bat", "spider"] · 장식 ["Rock 40", "RuinStone 54", "Bones 22", "Fur 16"] · 정예 자리 1
  · 3층 32x30 · 적 0 · 명단 [] · 장식 ["Rock 12", "RuinStone 16", "Bones 9", "Fur 3"] · 정예 자리 0
E2E beomgul_walk PASS (검사 46)
E2E ▶ mine_walk
  · 1층 64x64 · 적 20 · 명단 ["plague_miner", "cave_bat", "soemeogi"] · 장식 { "Crate": 2, "Woodpile": 2, "SlagHeap": 1, "Slag": 34, "RuinStone": 17, "Bones": 9, "Timber": 20, "Chain": 3, "ChainFloor": 3, "Rail": 27, "OreCart": 1 } · 정예 자리 1 · 네임드 (-1, -1)
  · 2층 64x64 · 적 26 · 명단 ["plague_miner", "soemeogi", "yacha", "nachalnyeo"] · 장식 { "Woodpile": 1, "Crate": 2, "SlagHeap": 1, "Slag": 38, "RuinStone": 18, "Bones": 8, "Timber": 27, "Chain": 2, "ChainFloor": 2, "Rail": 47, "OreCart": 1 } · 정예 자리 2 · 네임드 (50, 21)
  · 3층 32x30 · 적 2 · 명단 ["soemeogi"] · 장식 { "Slag": 27, "RuinStone": 6, "Bones": 2, "Timber": 7, "Chain": 7, "ChainFloor": 10, "Rail": 13, "OreCart": 1 } · 정예 자리 0 · 네임드 (-1, -1)
E2E mine_walk PASS (검사 66)
E2E ▶ bongmil_walk
  · 첫 접근 혼잣말 — 닿음까지 0.52초 (줄 2.6초 · 미룸 2.70초)
  · 1층 72x72 · 적 46 · 명단 ["honbureum_sulsa", "hollin_yeogung_bow2", "hollin_yeogung_spear", "yeou"] · 장식 { "Stele": 9, "SteleFallen": 8, "PaperBits": 47, "Bones": 15, "RuinStone": 54, "RopeIntact": 19 } · 정예 자리 2 · 네임드 (-1, -1) · 봉인석 [(26, 29), (33, 39), (30, 55)] · 고리 [(0, 2), (2, 5), (1, 9)]
  · 2층 72x72 · 적 35 · 명단 ["honbureum_sulsa", "hollin_yeogung_bow2", "hollin_yeogung_spear", "yeou"] · 장식 { "Stele": 3, "SteleFallen": 4, "PaperBits": 42, "Bones": 16, "RuinStone": 29, "RopeIntact": 11 } · 정예 자리 2 · 네임드 (-1, -1) · 봉인석 [(23, 20), (31, 12), (45, 7)] · 고리 [(4, 6), (3, 4), (0, 2), (4, 8)]
  · 3층 72x72 · 적 33 · 명단 ["hollin_yeogung_bow2", "hollin_yeogung_spear", "yeou", "wang_geomi"] · 장식 { "Stele": 6, "SteleFallen": 2, "PaperBits": 38, "Bones": 16, "RuinStone": 40, "RopeIntact": 11 } · 정예 자리 2 · 네임드 (6, 61) · 봉인석 [(22, 44), (59, 11), (63, 39)] · 고리 [(7, 8), (3, 8), (2, 6)]
  · 4층 32x30 · 적 3 · 명단 ["yeou", "yeoubul"] · 장식 { "PaperBits": 8, "Bones": 6, "RuinStone": 11, "RopeIntact": 2 } · 정예 자리 0 · 네임드 (-1, -1) · 봉인석 [] · 고리 []
E2E bongmil_walk PASS (검사 104)
E2E ▶ town_exits
E2E town_exits PASS (검사 8)
E2E ▶ field_layout
  · 자리 10곳 · 모닥불 3 · 자리 둘레 소품 77
  · 들녘 모양 갈래 { "bandit_v2_dagger": 38, "bandit_v2": 33 } · 산적 있는 무리 18 중 두 갈래가 섞인 무리 17
  · 들녘 적 74 { 1: 22, 2: 27, 3: 25 } · 장식 2252 · 무리 18 · 서낭단 (62, 65)
  · 거대 건축물 자리 { "fort_lintel": (119.5388, 38.16928), "stone_pagoda": (89.5, 45.5), "flag_pillar": (86.95444, 48.04556) } · 폐사지 닻 칸 (88.5, 0.0, 44.5)
E2E field_layout PASS (검사 32)
E2E ▶ field2_layout
  · 정령재 적 72 { 4: 21, 5: 23, 6: 14, 7: 14 } · 장식 2821 · 소나무 1028 · 무리 13 · 서낭단 (61, 66)
E2E field2_layout PASS (검사 20)
E2E ▶ gate_hover
E2E gate_hover PASS (검사 6)
E2E ▶ pack_density
  · 정령재 첫 무리(레벨 4 · 구간 1) 자리 둘레 4칸 적 3(무리 배정 3몸) · 층 총 적 72 · 무리 수 13
  · 범굴 1층 첫 방((12, 14)) 적 3 · 층 총 적 41
E2E pack_density PASS (검사 2)
E2E ▶ slice_loop
E2E slice_loop PASS (검사 29)
E2E ▶ plaza_light
  · 환경광 0.18 · 해 0.33 · 등롱 2.20/4.6 · 플레이어 빛 1.40/4.5 · 캐릭터 빛 0.45
E2E plaza_light PASS (검사 8)
E2E ▶ town_tour
E2E town_tour PASS (검사 2)
E2E ▶ aoe_field
E2E aoe_field PASS (검사 20)
E2E ▶ long_body
E2E long_body PASS (검사 13)
E2E ▶ named_imugi
E2E named_imugi PASS (검사 13)
E2E ▶ serpent_models
E2E serpent_models PASS (검사 18)
E2E ▶ pus_jar
E2E pus_jar PASS (검사 15)
E2E ▶ roles
E2E roles PASS (검사 24)
E2E ▶ roster_swap
E2E roster_swap PASS (검사 19)
E2E ▶ gimmicks_m10
  · 끌림 실측 3.233u (정격 3.233 = 4.18 − 몸 0.35 − stop 0.6)
E2E gimmicks_m10 PASS (검사 23)
E2E ▶ behaviors_m9
  · ① 선 자리 거리 들개 6.0 · 넋 6.0 · 혼불 6.0
  · ① 도호 쪽 빠르기 들개 4.50 · 넋 2.34 · 혼불 4.62 · 넋 흔들림 최대 53°
E2E behaviors_m9 PASS (검사 13)
E2E ▶ female_f1
E2E female_f1 PASS (검사 7)
E2E ▶ female_float
E2E female_float PASS (검사 5)
E2E ▶ m14_models
  · 줄 가운데 = (76.5, 0.0, 74.5) (서낭단 닻 (64, 66))
  · 모양: hollin_yeogung_bow=hollin_yeogung, hollin_yeogung_spear=hollin_yeogung_spear, plague_dog=plague_dog, honbul=honbul, tteodoneun_neok=sobok_gwisin, gaekgwi=sobok_gwisin, mulgwishin=sobok_gwisin, nachalnyeo=nachalnyeo
E2E m14_models PASS (검사 13)
E2E ▶ leader_options
  · 축지 — 도호 곁 1.83칸 · 맞고 옆으로 4.47칸 (잣대 2.29~5.71)
E2E leader_options PASS (검사 20)
E2E ▶ surround
  · 제 자리 0.5u 안 9 (무리가 8 넘은 아홉째는 더 걸어야 하는 바깥 자리 포함)
E2E surround PASS (검사 7)
E2E ▶ weapon_visibility
E2E weapon_visibility PASS (검사 25)
E2E ▶ first_magic
E2E first_magic PASS (검사 18)
E2E ▶ hover_target
E2E hover_target PASS (검사 45)
E2E ▶ system_menu
E2E system_menu PASS (검사 56)
E2E SUMMARY: 108/108 PASS
  e2e  (1069.7초) — 제한 3600초
== e2e (balance_room,balance_boss,hit_stagger,pack_perf,bodies_cap,gimmicks,item_showcase,footsteps,audio_cues,sfx_limiter · 단독(시간 민감 묶음) — 다른 자리 e2e 없이) ==
E2E start: balance_room, balance_boss, hit_stagger, pack_perf, bodies_cap, gimmicks, item_showcase, footsteps, audio_cues, sfx_limiter
E2E ▶ balance_room
  · 명중 확정 끔 — 이 대본은 명중 굴림을 실전 그대로 쓴다 (#342)
  · 걸어감 2.3초 · 처치 3 · 16.2초 · 생명 110→78 (최저 78) · 적 공격 17 (명중 11) · Lv1
E2E balance_room PASS (검사 8)
E2E ▶ balance_boss
  · 명중 확정 끔 — 이 대본은 명중 굴림을 실전 그대로 쓴다 (#342)
  · 흑랑 RNG Lv3 판1 doho0 seed=23271941 initial=3718673984595126131
  · 흑랑 준비 key=93 physics=6 expected=6
  · 흑랑 RNG Lv3 판1 guard_bat1 seed=23275069 initial=6699926644757452107
  · 흑랑 RNG Lv3 판1 guard_bat2 seed=23275170 initial=3841642673449239052
  · 흑랑 RNG Lv3 판1 heukrang0 seed=23272950 initial=5665186195085305808
  · 흑랑 파수2 Lv3 판1 entered tick=1154 game=19.2167 state=0 XZ=(20.5000,15.5000) pack=24 target=none path=0/0 level_current=false rng=3841642673449239052
  · 흑랑 파수2 Lv3 판1 sample tick=1155 game=19.2500 state=1 XZ=(20.5000,15.5750) pack=24 target=(23.5000,23.5000) path=0/8 level_current=true rng=3841642673449239052
  · 흑랑 준비 key=93 physics=6 expected=6
  · 흑랑 파수2 Lv3 판1 before_V tick=1160 game=19.3167 state=1 XZ=(20.5000,15.8750) pack=24 target=(23.5000,23.5000) path=0/8 level_current=true rng=3841642673449239052
  · 흑랑 준비 key=86 physics=5 expected=5
  · 흑랑 파수2 Lv3 판1 after_V tick=1166 game=19.4167 state=1 XZ=(20.5000,16.3250) pack=24 target=(10.5000,8.5000) path=1/8 level_current=true rng=3841642673449239052
  · 흑랑 파수2 Lv3 판1 sample tick=1186 game=19.7667 state=1 XZ=(19.9399,16.1269) pack=24 target=(10.5000,8.5000) path=0/16 level_current=true rng=3841642673449239052
  · 흑랑 파수2 Lv3 판1 sample tick=1217 game=20.2833 state=1 XZ=(19.5102,13.8946) pack=24 target=(10.5000,8.5000) path=0/14 level_current=true rng=3841642673449239052
  · 흑랑 파수2 Lv3 판1 sample tick=1248 game=20.8000 state=1 XZ=(19.5003,11.5697) pack=24 target=(10.3667,8.5000) path=1/12 level_current=true rng=3841642673449239052
  · 흑랑 파수2 Lv3 판1 sample tick=1279 game=21.3167 state=1 XZ=(19.1752,9.3572) pack=24 target=(10.3667,8.5000) path=1/10 level_current=true rng=3841642673449239052
  · 흑랑 파수2 Lv3 판1 sample tick=1310 game=21.8333 state=3 XZ=(17.3488,8.5444) pack=24 target=(10.3667,8.5000) path=0/7 level_current=true rng=3841642673449239052
  · 흑랑 파수2 Lv3 판1 sample tick=1341 game=22.3500 state=5 XZ=(16.5488,8.5393) pack=24 target=(10.3667,8.5000) path=0/7 level_current=true rng=3841642673449239052
  · 흑랑 파수2 Lv3 판1 sample tick=1372 game=22.8667 state=5 XZ=(11.6177,8.5080) pack=24 target=(10.3667,8.5000) path=0/7 level_current=true rng=3841642673449239052
  · 흑랑 파수2 Lv3 판1 sample tick=1403 game=23.3833 state=1 XZ=(11.7395,8.5082) pack=24 target=(10.3667,8.5000) path=0/7 level_current=true rng=3841642673449239052
  · 흑랑 파수2 Lv3 판1 sample tick=1434 game=23.9000 state=1 XZ=(11.9442,8.5009) pack=24 target=(10.3667,8.5000) path=1/3 level_current=true rng=3841642673449239052
  · 흑랑 파수2 Lv3 판1 sample tick=1465 game=24.4167 state=1 XZ=(11.6192,8.5000) pack=24 target=(10.3000,8.5000) path=0/1 level_current=true rng=3841642673449239052
  · 흑랑 파수2 Lv3 판1 sample tick=1496 game=24.9333 state=1 XZ=(11.5660,8.5000) pack=24 target=(10.3000,8.5000) path=0/1 level_current=true rng=3841642673449239052
  · 흑랑 파수2 Lv3 판1 sample tick=1527 game=25.4500 state=5 XZ=(11.5660,8.5000) pack=24 target=(10.3000,8.5000) path=0/1 level_current=true rng=3841642673449239052
  · 흑랑 파수2 Lv3 판1 sample tick=1558 game=25.9667 state=4 XZ=(11.5660,8.5000) pack=24 target=(10.3000,8.5000) path=0/1 level_current=true rng=3841642673449239052
  · 흑랑 파수2 Lv3 판1 sample tick=1589 game=26.4833 state=1 XZ=(11.5507,8.4998) pack=24 target=(10.3000,8.5000) path=0/1 level_current=true rng=3841642673449239052
  · 흑랑 파수2 Lv3 판1 sample tick=1620 game=27.0000 state=1 XZ=(11.5507,8.4998) pack=24 target=(10.3000,8.5000) path=0/1 level_current=true rng=3841642673449239052
  · 흑랑 파수2 Lv3 판1 sample tick=1651 game=27.5167 state=1 XZ=(11.5507,8.4998) pack=24 target=(10.3000,8.5000) path=0/1 level_current=true rng=3841642673449239052
  · 흑랑 파수2 Lv3 판1 sample tick=1682 game=28.0333 state=3 XZ=(11.5507,8.4998) pack=24 target=(10.1667,8.5000) path=0/1 level_current=true rng=3841642673449239052
  · 흑랑 파수2 Lv3 판1 sample tick=1713 game=28.5500 state=4 XZ=(11.4288,8.4998) pack=24 target=(10.1667,8.5000) path=0/1 level_current=true rng=3841642673449239052
  · 흑랑 파수2 Lv3 판1 sample tick=1744 game=29.0667 state=1 XZ=(11.4287,8.4997) pack=24 target=(10.1667,8.5000) path=0/1 level_current=true rng=3841642673449239052
  · 흑랑 파수2 Lv3 판1 sample tick=1775 game=29.5833 state=1 XZ=(11.4287,8.4997) pack=24 target=(10.1667,8.5000) path=0/1 level_current=true rng=3841642673449239052
  · 흑랑 파수2 Lv3 판1 sample tick=1806 game=30.1000 state=1 XZ=(11.4287,8.4997) pack=24 target=(10.1667,8.5000) path=0/1 level_current=true rng=3841642673449239052
  · 흑랑 RNG Lv3 판1 summon_bat1 seed=23274060 initial=4753414434267272430
  · 흑랑 RNG Lv3 판1 summon_bat2 seed=23274161 initial=1895130462959059375
  · 흑랑 파수2 Lv3 판1 sample tick=1837 game=30.6167 state=3 XZ=(11.5928,8.5161) pack=24 target=(10.1667,8.5000) path=0/1 level_current=true rng=3841642673449239052
  · 흑랑 파수2 Lv3 판1 sample tick=1868 game=31.1333 state=4 XZ=(10.8331,8.5060) pack=24 target=(10.1667,8.5000) path=0/1 level_current=true rng=2984990500747020242
  · 흑랑 파수2 Lv3 판1 sample tick=1899 game=31.6500 state=1 XZ=(10.7574,8.4691) pack=24 target=(10.1000,8.5000) path=0/1 level_current=true rng=2984990500747020242
  · 흑랑 파수2 Lv3 판1 sample tick=1930 game=32.1667 state=1 XZ=(10.7574,8.4691) pack=24 target=(10.1000,8.5000) path=0/1 level_current=true rng=2984990500747020242
  · 흑랑 파수2 Lv3 판1 sample tick=1961 game=32.6833 state=1 XZ=(10.7574,8.4691) pack=24 target=(10.1000,8.5000) path=0/1 level_current=true rng=2984990500747020242
  · 흑랑 파수2 Lv3 판1 sample tick=1992 game=33.2000 state=3 XZ=(10.7574,8.4691) pack=24 target=(10.1000,8.5000) path=0/1 level_current=true rng=2984990500747020242
  · 흑랑 파수2 Lv3 판1 sample tick=2023 game=33.7167 state=4 XZ=(10.7574,8.4691) pack=24 target=(10.1000,8.5000) path=0/1 level_current=true rng=-1267280395400995224
  · 흑랑 파수2 Lv3 판1 sample tick=2054 game=34.2333 state=1 XZ=(10.7493,8.4679) pack=24 target=(10.1000,8.5000) path=0/1 level_current=true rng=-1267280395400995224
  · 흑랑 파수2 Lv3 판1 sample tick=2085 game=34.7500 state=1 XZ=(10.7493,8.4679) pack=24 target=(10.1000,8.5000) path=0/1 level_current=true rng=-1267280395400995224
  · 흑랑 파수2 Lv3 판1 sample tick=2116 game=35.2667 state=1 XZ=(10.7493,8.4679) pack=24 target=(10.1000,8.5000) path=0/1 level_current=true rng=-1267280395400995224
  · 흑랑 파수2 Lv3 판1 sample tick=2147 game=35.7833 state=3 XZ=(10.7493,8.4679) pack=24 target=(10.1000,8.5000) path=0/1 level_current=true rng=-1267280395400995224
  · 흑랑 파수2 Lv3 판1 sample tick=2178 game=36.3000 state=4 XZ=(10.7493,8.4679) pack=24 target=(10.1000,8.5000) path=0/1 level_current=true rng=7952870694343690062
  · 흑랑 파수2 Lv3 판1 sample tick=2209 game=36.8167 state=1 XZ=(10.7492,8.4667) pack=24 target=(10.1000,8.5000) path=0/1 level_current=true rng=7952870694343690062
  · 흑랑 파수2 Lv3 판1 sample tick=2240 game=37.3333 state=1 XZ=(10.7492,8.4667) pack=24 target=(10.1000,8.5000) path=0/1 level_current=true rng=7952870694343690062
  · 흑랑 파수2 Lv3 판1 sample tick=2271 game=37.8500 state=1 XZ=(10.7492,8.4667) pack=24 target=(10.1000,8.5000) path=0/1 level_current=true rng=7952870694343690062
  · 흑랑 파수2 Lv3 판1 sample tick=2302 game=38.3667 state=3 XZ=(10.7492,8.4667) pack=24 target=(10.1000,8.5000) path=0/1 level_current=true rng=7952870694343690062
  · 흑랑 파수2 Lv3 판1 sample tick=2333 game=38.8833 state=5 XZ=(10.7492,8.4667) pack=24 target=(10.1000,8.5000) path=0/1 level_current=true rng=-5111047397832607740
  · 흑랑 파수2 Lv3 판1 sample tick=2364 game=39.4000 state=1 XZ=(10.7492,8.4657) pack=24 target=(10.1000,8.5000) path=0/1 level_current=true rng=-5111047397832607740
  · 흑랑 파수2 Lv3 판1 sample tick=2395 game=39.9167 state=1 XZ=(10.7492,8.4657) pack=24 target=(10.1000,8.5000) path=0/1 level_current=true rng=-5111047397832607740
  · 흑랑 파수2 Lv3 판1 sample tick=2426 game=40.4333 state=1 XZ=(10.7492,8.4657) pack=24 target=(10.1000,8.5000) path=0/1 level_current=true rng=-5111047397832607740
  · 흑랑 파수2 Lv3 판1 sample tick=2457 game=40.9500 state=3 XZ=(10.7492,8.4657) pack=24 target=(10.1000,8.5000) path=0/1 level_current=true rng=-5111047397832607740
  · 흑랑 파수2 Lv3 판1 sample tick=2488 game=41.4667 state=5 XZ=(10.7492,8.4657) pack=24 target=(10.1000,8.5000) path=0/1 level_current=true rng=-5424752888238917110
  · 흑랑 파수2 Lv3 판1 sample tick=2519 game=41.9833 state=1 XZ=(10.7492,8.4650) pack=24 target=(10.1000,8.5000) path=0/1 level_current=true rng=-5424752888238917110
  · 흑랑 파수2 Lv3 판1 sample tick=2550 game=42.5000 state=1 XZ=(10.7492,8.4650) pack=24 target=(10.1000,8.5000) path=0/1 level_current=true rng=-5424752888238917110
  · 흑랑 파수2 Lv3 판1 sample tick=2581 game=43.0167 state=1 XZ=(10.7492,8.4650) pack=24 target=(10.1000,8.5000) path=0/1 level_current=true rng=-5424752888238917110
  · 흑랑 파수2 Lv3 판1 sample tick=2612 game=43.5333 state=1 XZ=(10.7492,8.4650) pack=24 target=(10.1000,8.5000) path=0/1 level_current=true rng=-5424752888238917110
  · 흑랑 파수2 Lv3 판1 sample tick=2643 game=44.0500 state=5 XZ=(10.7492,8.4650) pack=24 target=(10.1000,8.5000) path=0/1 level_current=true rng=602141716667985580
  · 흑랑 파수2 Lv3 판1 sample tick=2674 game=44.5667 state=4 XZ=(10.7492,8.4650) pack=24 target=(10.1000,8.5000) path=0/1 level_current=true rng=602141716667985580
  · 흑랑 파수2 Lv3 판1 sample tick=2705 game=45.0833 state=1 XZ=(10.7493,8.4640) pack=24 target=(10.1000,8.5000) path=0/1 level_current=true rng=602141716667985580
  · 흑랑 파수2 Lv3 판1 sample tick=2736 game=45.6000 state=1 XZ=(10.7493,8.4640) pack=24 target=(10.1000,8.5000) path=0/1 level_current=true rng=602141716667985580
  · 흑랑 파수2 Lv3 판1 sample tick=2767 game=46.1167 state=1 XZ=(10.7493,8.4640) pack=24 target=(10.1000,8.5000) path=0/1 level_current=true rng=602141716667985580
  · 흑랑 파수2 Lv3 판1 sample tick=2798 game=46.6333 state=3 XZ=(10.7493,8.4640) pack=24 target=(10.1000,8.5000) path=0/1 level_current=true rng=602141716667985580
  · 흑랑 입력 Lv3 판1 polls=277 physics_interval=6 valid=true
  · 흑랑 Lv3 처치 · 27.7초 · 2페이즈 11.1초 · 생명 130→34 (최저 32 = 25%) · 탕약 3/3 · 적 공격 41 (명중 25)
  · 흑랑 파수2 Lv3 판1 finish tick=2828 game=47.1167 state=4 XZ=(10.7493,8.4640) pack=24 target=(10.1000,8.5000) path=0/1 level_current=true rng=1286086405583097886
  · 흑랑 RNG Lv3 판1 doho0 seed=23271941 initial=3718673984595126131 final=210160255614176275
  · 흑랑 RNG Lv3 판1 guard_bat1 seed=23275069 initial=6699926644757452107 final=9053088838582101655
  · 흑랑 RNG Lv3 판1 guard_bat2 seed=23275170 initial=3841642673449239052 final=1286086405583097886
  · 흑랑 RNG Lv3 판1 heukrang0 seed=23272950 initial=5665186195085305808 final=-4334644856633984577
  · 흑랑 RNG Lv3 판1 summon_bat1 seed=23274060 initial=4753414434267272430 final=-7559868052669486168
  · 흑랑 RNG Lv3 판1 summon_bat2 seed=23274161 initial=1895130462959059375 final=481403823597241650
  · 흑랑 재생 Lv3 판1 win=true attacks=41 hits=25 guards=2 summoned=2
  · 흑랑 RNG Lv5 판1 doho0 seed=25271947 initial=5600093101942189313
  · 흑랑 준비 key=93 physics=6 expected=6
  · 흑랑 RNG Lv5 판1 guard_bat1 seed=25275075 initial=8581345762104515289
  · 흑랑 RNG Lv5 판1 guard_bat2 seed=25275176 initial=5723061790796302234
  · 흑랑 RNG Lv5 판1 heukrang0 seed=25272956 initial=7546605312432368990
  · 흑랑 파수2 Lv5 판1 entered tick=2837 game=47.2667 state=0 XZ=(20.5000,15.5000) pack=30 target=none path=0/0 level_current=false rng=5723061790796302234
  · 흑랑 파수2 Lv5 판1 sample tick=2837 game=47.2833 state=1 XZ=(20.5000,15.5000) pack=30 target=(23.5000,23.5000) path=0/0 level_current=false rng=5723061790796302234
  · 흑랑 준비 key=93 physics=6 expected=6
  · 흑랑 파수2 Lv5 판1 before_V tick=2843 game=47.3667 state=1 XZ=(20.5000,15.8750) pack=30 target=(23.5000,23.5000) path=0/8 level_current=true rng=5723061790796302234
  · 흑랑 준비 key=86 physics=5 expected=5
  · 흑랑 파수2 Lv5 판1 after_V tick=2849 game=47.4667 state=1 XZ=(20.5000,16.3250) pack=30 target=(10.5000,9.5000) path=1/8 level_current=true rng=5723061790796302234
  · 흑랑 파수2 Lv5 판1 sample tick=2868 game=47.8000 state=1 XZ=(19.9830,16.1883) pack=30 target=(10.5000,9.5000) path=0/16 level_current=true rng=5723061790796302234
  · 흑랑 파수2 Lv5 판1 sample tick=2899 game=48.3167 state=1 XZ=(19.5122,13.9696) pack=30 target=(10.5000,9.5000) path=0/14 level_current=true rng=5723061790796302234
  · 흑랑 파수2 Lv5 판1 sample tick=2930 game=48.8333 state=1 XZ=(19.5003,11.6447) pack=30 target=(10.3667,9.5000) path=1/12 level_current=true rng=5723061790796302234
  · 흑랑 파수2 Lv5 판1 sample tick=2961 game=49.3500 state=1 XZ=(19.0655,9.6525) pack=30 target=(10.3667,9.5000) path=1/10 level_current=true rng=5723061790796302234
  · 흑랑 파수2 Lv5 판1 sample tick=2992 game=49.8667 state=3 XZ=(17.3292,9.5063) pack=30 target=(10.3667,9.5000) path=1/8 level_current=true rng=5723061790796302234
  · 흑랑 파수2 Lv5 판1 sample tick=3023 game=50.3833 state=5 XZ=(15.5292,9.5046) pack=30 target=(10.3667,9.5000) path=1/8 level_current=true rng=5723061790796302234
  · 흑랑 파수2 Lv5 판1 sample tick=3054 game=50.9000 state=4 XZ=(11.6174,9.5011) pack=30 target=(10.3667,9.5000) path=1/8 level_current=true rng=5723061790796302234
  · 흑랑 파수2 Lv5 판1 sample tick=3085 game=51.4167 state=1 XZ=(11.8921,9.5009) pack=30 target=(10.3667,9.5000) path=0/2 level_current=true rng=5723061790796302234
  · 흑랑 파수2 Lv5 판1 sample tick=3116 game=51.9333 state=1 XZ=(11.6266,9.5005) pack=30 target=(10.3667,9.5000) path=0/1 level_current=true rng=5723061790796302234
  · 흑랑 파수2 Lv5 판1 sample tick=3147 game=52.4500 state=1 XZ=(11.6266,9.5005) pack=30 target=(10.3000,9.5000) path=0/1 level_current=true rng=5723061790796302234
  · 흑랑 파수2 Lv5 판1 sample tick=3178 game=52.9667 state=3 XZ=(11.5506,9.5004) pack=30 target=(10.3000,9.5000) path=0/1 level_current=true rng=5723061790796302234
  · 흑랑 파수2 Lv5 판1 sample tick=3209 game=53.4833 state=5 XZ=(11.5506,9.5004) pack=30 target=(10.3000,9.5000) path=0/1 level_current=true rng=5723061790796302234
  · 흑랑 파수2 Lv5 판1 sample tick=3240 game=54.0000 state=1 XZ=(11.5744,9.5004) pack=30 target=(10.3000,9.5000) path=0/1 level_current=true rng=5723061790796302234
  · 흑랑 파수2 Lv5 판1 sample tick=3271 game=54.5167 state=1 XZ=(11.5507,9.5004) pack=30 target=(10.3000,9.5000) path=0/1 level_current=true rng=5723061790796302234
  · 흑랑 파수2 Lv5 판1 sample tick=3302 game=55.0333 state=1 XZ=(11.5507,9.5004) pack=30 target=(10.3000,9.5000) path=0/1 level_current=true rng=5723061790796302234
  · 흑랑 파수2 Lv5 판1 sample tick=3333 game=55.5500 state=1 XZ=(11.5507,9.5004) pack=30 target=(10.3000,9.5000) path=0/1 level_current=true rng=5723061790796302234
  · 흑랑 파수2 Lv5 판1 sample tick=3364 game=56.0667 state=5 XZ=(11.5507,9.5004) pack=30 target=(10.1667,9.5000) path=0/1 level_current=true rng=5723061790796302234
  · 흑랑 파수2 Lv5 판1 sample tick=3395 game=56.5833 state=4 XZ=(11.4288,9.5004) pack=30 target=(10.1667,9.5000) path=0/1 level_current=true rng=5723061790796302234
  · 흑랑 파수2 Lv5 판1 sample tick=3426 game=57.1000 state=1 XZ=(11.4287,9.5004) pack=30 target=(10.1667,9.5000) path=0/1 level_current=true rng=5723061790796302234
  · 흑랑 파수2 Lv5 판1 sample tick=3457 game=57.6167 state=1 XZ=(11.4287,9.5004) pack=30 target=(10.1667,9.5000) path=0/1 level_current=true rng=5723061790796302234
  · 흑랑 파수2 Lv5 판1 sample tick=3488 game=58.1333 state=1 XZ=(11.4287,9.5004) pack=30 target=(10.1667,9.5000) path=0/1 level_current=true rng=5723061790796302234
  · 흑랑 파수2 Lv5 판1 sample tick=3519 game=58.6500 state=3 XZ=(11.4287,9.5004) pack=30 target=(10.1667,9.5000) path=0/1 level_current=true rng=5723061790796302234
  · 흑랑 파수2 Lv5 판1 sample tick=3550 game=59.1667 state=4 XZ=(11.4287,9.5004) pack=30 target=(10.1667,9.5000) path=0/1 level_current=true rng=5723061790796302234
  · 흑랑 파수2 Lv5 판1 sample tick=3581 game=59.6833 state=1 XZ=(11.4288,9.5004) pack=30 target=(10.1667,9.5000) path=0/1 level_current=true rng=5723061790796302234
  · 흑랑 파수2 Lv5 판1 sample tick=3612 game=60.2000 state=1 XZ=(11.4288,9.5004) pack=30 target=(10.1667,9.5000) path=0/1 level_current=true rng=5723061790796302234
  · 흑랑 파수2 Lv5 판1 sample tick=3643 game=60.7167 state=1 XZ=(11.4288,9.5004) pack=30 target=(10.1667,9.5000) path=0/1 level_current=true rng=5723061790796302234
  · 흑랑 파수2 Lv5 판1 sample tick=3674 game=61.2333 state=3 XZ=(11.4288,9.5004) pack=30 target=(10.1667,9.5000) path=0/1 level_current=true rng=5723061790796302234
  · 흑랑 파수2 Lv5 판1 sample tick=3705 game=61.7500 state=4 XZ=(11.3507,9.5004) pack=30 target=(10.1000,9.5000) path=0/1 level_current=true rng=5723061790796302234
  · 흑랑 RNG Lv5 판1 summon_bat1 seed=25274066 initial=6634833551614335612
  · 흑랑 RNG Lv5 판1 summon_bat2 seed=25274167 initial=3776549580306122557
  · 흑랑 파수2 Lv5 판1 sample tick=3736 game=62.2667 state=1 XZ=(10.7510,9.5176) pack=30 target=(10.1000,9.5000) path=0/1 level_current=true rng=5723061790796302234
  · 흑랑 파수2 Lv5 판1 sample tick=3767 game=62.7833 state=1 XZ=(10.7510,9.5176) pack=30 target=(10.1000,9.5000) path=0/1 level_current=true rng=5723061790796302234
  · 흑랑 파수2 Lv5 판1 sample tick=3798 game=63.3000 state=1 XZ=(10.7510,9.5176) pack=30 target=(10.1000,9.5000) path=0/1 level_current=true rng=5723061790796302234
  · 흑랑 파수2 Lv5 판1 sample tick=3829 game=63.8167 state=3 XZ=(10.7510,9.5176) pack=30 target=(10.1000,9.5000) path=0/1 level_current=true rng=5723061790796302234
  · 흑랑 파수2 Lv5 판1 sample tick=3860 game=64.3333 state=4 XZ=(10.7510,9.5176) pack=30 target=(10.1000,9.5000) path=0/1 level_current=true rng=-2294790372600408388
  · 흑랑 파수2 Lv5 판1 sample tick=3891 game=64.8500 state=1 XZ=(10.7498,9.5208) pack=30 target=(10.1000,9.5000) path=0/1 level_current=true rng=-2294790372600408388
  · 흑랑 파수2 Lv5 판1 sample tick=3922 game=65.3667 state=1 XZ=(10.7498,9.5208) pack=30 target=(10.1000,9.5000) path=0/1 level_current=true rng=-2294790372600408388
  · 흑랑 파수2 Lv5 판1 sample tick=3953 game=65.8833 state=1 XZ=(10.7498,9.5208) pack=30 target=(10.1000,9.5000) path=0/1 level_current=true rng=-2294790372600408388
  · 흑랑 파수2 Lv5 판1 sample tick=3984 game=66.4000 state=3 XZ=(10.7498,9.5208) pack=30 target=(10.1000,9.5000) path=0/1 level_current=true rng=-2294790372600408388
  · 흑랑 파수2 Lv5 판1 sample tick=4015 game=66.9167 state=4 XZ=(10.7498,9.5208) pack=30 target=(10.1000,9.5000) path=0/1 level_current=true rng=-5545868306340860158
  · 흑랑 파수2 Lv5 판1 sample tick=4046 game=67.4333 state=1 XZ=(10.7498,9.5234) pack=30 target=(10.1000,9.5000) path=0/1 level_current=true rng=-5545868306340860158
  · 흑랑 파수2 Lv5 판1 sample tick=4077 game=67.9500 state=1 XZ=(10.7498,9.5234) pack=30 target=(10.1000,9.5000) path=0/1 level_current=true rng=-5545868306340860158
  · 흑랑 파수2 Lv5 판1 sample tick=4108 game=68.4667 state=1 XZ=(10.7498,9.5234) pack=30 target=(10.1000,9.5000) path=0/1 level_current=true rng=-5545868306340860158
  · 흑랑 파수2 Lv5 판1 sample tick=4139 game=68.9833 state=3 XZ=(10.7498,9.5234) pack=30 target=(10.1000,9.5000) path=0/1 level_current=true rng=-5545868306340860158
  · 흑랑 파수2 Lv5 판1 sample tick=4170 game=69.5000 state=5 XZ=(10.7498,9.5234) pack=30 target=(10.1000,9.5000) path=0/1 level_current=true rng=6331231839291702372
  · 흑랑 파수2 Lv5 판1 sample tick=4201 game=70.0167 state=1 XZ=(10.7496,9.5258) pack=30 target=(10.1000,9.5000) path=0/1 level_current=true rng=6331231839291702372
  · 흑랑 파수2 Lv5 판1 sample tick=4232 game=70.5333 state=1 XZ=(10.7496,9.5258) pack=30 target=(10.1000,9.5000) path=0/1 level_current=true rng=6331231839291702372
  · 흑랑 파수2 Lv5 판1 sample tick=4263 game=71.0500 state=1 XZ=(10.7496,9.5258) pack=30 target=(10.1000,9.5000) path=0/1 level_current=true rng=6331231839291702372
  · 흑랑 파수2 Lv5 판1 sample tick=4294 game=71.5667 state=3 XZ=(10.7496,9.5258) pack=30 target=(10.1000,9.5000) path=0/1 level_current=true rng=6331231839291702372
  · 흑랑 파수2 Lv5 판1 sample tick=4325 game=72.0833 state=5 XZ=(10.7496,9.5258) pack=30 target=(10.1000,9.5000) path=0/1 level_current=true rng=-6522577865471702166
  · 흑랑 파수2 Lv5 판1 sample tick=4356 game=72.6000 state=1 XZ=(10.7495,9.5277) pack=30 target=(10.1000,9.5000) path=0/1 level_current=true rng=-6522577865471702166
  · 흑랑 파수2 Lv5 판1 sample tick=4387 game=73.1167 state=1 XZ=(10.7495,9.5277) pack=30 target=(10.1000,9.5000) path=0/1 level_current=true rng=-6522577865471702166
  · 흑랑 입력 Lv5 판1 polls=260 physics_interval=6 valid=true
  · 흑랑 Lv5 처치 · 26.0초 · 2페이즈 14.4초 · 생명 150→61 (최저 47 = 31%) · 탕약 3/3 · 적 공격 34 (명중 22)
  · 흑랑 파수2 Lv5 판1 finish tick=4409 game=73.4667 state=1 XZ=(10.7495,9.5277) pack=30 target=(10.1000,9.5000) path=0/1 level_current=true rng=-6522577865471702166
  · 흑랑 RNG Lv5 판1 doho0 seed=25271947 initial=5600093101942189313 final=-1456016979007014311
  · 흑랑 RNG Lv5 판1 guard_bat1 seed=25275075 initial=8581345762104515289 final=6682229980841271739
  · 흑랑 RNG Lv5 판1 guard_bat2 seed=25275176 initial=5723061790796302234 final=-6522577865471702166
  · 흑랑 RNG Lv5 판1 heukrang0 seed=25272956 initial=7546605312432368990 final=5809462751283931051
  · 흑랑 RNG Lv5 판1 summon_bat1 seed=25274066 initial=6634833551614335612 final=8077224405062169234
  · 흑랑 RNG Lv5 판1 summon_bat2 seed=25274167 initial=3776549580306122557 final=1002189368153405969
  · 흑랑 재생 Lv5 판1 win=true attacks=34 hits=22 guards=2 summoned=2
  · Lv5 목표 대조(이 판 — 판정은 25판 표 §9.7): 26.0초 (15~30) · 탕약 3 (1 안팎) · 최저 생명 31% (35~60)
E2E balance_boss PASS (검사 30)
E2E ▶ hit_stagger
  · 넉백 실측 0.22유닛 (bandit def.knockback 0.35)
  · 보스 넉백 실측 0.08유닛 (def.knockback 0.10)
E2E hit_stagger PASS (검사 20)
E2E ▶ pack_perf
  · 성능 | N=10(산 10) process 8.25ms + physics 2.62ms = 10.86ms/프레임
  · 성능 | N=20(산 20) process 8.75ms + physics 5.39ms = 14.14ms/프레임
  · 성능 | N=30(산 30) process 11.89ms + physics 9.63ms = 21.52ms/프레임
  · 성능 | N=40(산 40) process 11.68ms + physics 14.88ms = 26.56ms/프레임
  · 성능 | N=60(산 60) process 14.94ms + physics 18.19ms = 33.13ms/프레임
  · ── 표 (§8 잴 것 「밀도: 동시 적 수 ↔ 프레임」)
  · 표 | N=10(산 10) process 8.25ms + physics 2.62ms = 10.86ms/프레임
  · 표 | N=20(산 20) process 8.75ms + physics 5.39ms = 14.14ms/프레임
  · 표 | N=30(산 30) process 11.89ms + physics 9.63ms = 21.52ms/프레임
  · 표 | N=40(산 40) process 11.68ms + physics 14.88ms = 26.56ms/프레임
  · 표 | N=60(산 60) process 14.94ms + physics 18.19ms = 33.13ms/프레임
  · 표 | 예산 8.0ms 안에 드는 가장 큰 N = 0 (동시 추적 적 상한 후보 — 판정 필요)
  · 12몸 무리 — 시작 평균 거리 3.24u → 5초 뒤 2.35u · 제자리 3/12
E2E pack_perf PASS (검사 8)
E2E ▶ bodies_cap
  · 몸 36(먹지네 마디 16 · 황충 4 · 어미 · 일으키는 자) — 0.5초에 72프레임 (평균 6.9ms)
  · 동시 몸 최고 36 / 상한 36
E2E bodies_cap PASS (검사 13)
E2E ▶ gimmicks
  · 밀치기 실측 0.800u (정격 0.8)
  · 몸 36 동시 — 0.5초에 69프레임 (평균 7.2ms)
E2E gimmicks PASS (검사 33)
E2E ▶ item_showcase
  · 바닥 한 줄 6칸: (1.272792, 0.0, 3.687006) → (5.798276, 0.0, 0.858578) (화면 (574.5455, 465.8325) → (914.9091, 511.1803))
  · 더미(한 자리) (3.252691, 0.0, 1.141421) → 화면 (784.0001, 450.7165)
  · 더미 여섯 다시 쌓기 중앙값 0.16ms [0.32 0.17 0.17 0.16 0.16 0.16 0.16]
  · 무리(튀어나옴) (4.24264, 0.0, 1.0) → 화면 (836.3636, 473.3904)
  · 150개 한 점: 다시 쌓기 중앙값 6.66ms [6.66 6.85 6.31 6.98 6.23 6.92 6.38] · 가만히 있는 프레임 중앙값 0.497ms [0.48 0.50 0.48 0.64 0.56]
E2E item_showcase PASS (검사 1704)
E2E ▶ footsteps
  · step_dirt 15번 (14.8칸 달림), 그때 클립 ["run", "run", "run", "run", "run", "run", "run", "run", "run", "run", "run", "run", "run", "run", "run"]
  · 마을(흙) 발소리 간격 0.266, 0.268, 0.259, 0.266, 0.272, 0.265, 0.265, 0.252, 0.279, 0.264, 0.265, 0.254, 0.286, 0.238 (기대 0.265초)
  · step_stone 9번 (9.9칸 달림), 그때 클립 ["run", "run", "run", "run", "run", "run", "run", "run", "run"]
  · 던전(돌) 발소리 간격 0.275, 0.263, 0.255, 0.273, 0.264, 0.263, 0.264, 0.279 (기대 0.265초)
E2E footsteps PASS (검사 13)
E2E ▶ audio_cues
  · Music 플레이어 재생 중 3 (헤드리스 드라이버에 따라 0일 수 있음)
  · 곡 순환 9곡: dungeon_2 → dungeon_4 → dungeon_3 → dungeon_4 → dungeon_1 → dungeon_2 → dungeon_3 → dungeon_2 → dungeon_3
  · 보통 타격 8번 피치×귀 피로: 1.029×1.0, 0.977×1.0, 1.045×1.0, 0.972×1.0, 0.995×1.0, 1.011×0.8, 0.976×0.8, 1.000×0.8
  · 치명 8번 피치×귀 피로: 1.000×1.0, 1.000×1.0, 1.000×1.0, 1.000×1.0, 1.000×1.0, 1.000×1.0, 1.000×1.0, 1.000×1.0
  · 참격: 시전 → 타격 겹 0.60초 (칼이 닿는 시각 0.60초)
  · 참격: 시전 → 타격 겹 0.60초 (칼이 닿는 시각 0.60초)
  · 돌진베기: 시전 → 타격 겹 0.55초 (칼이 닿는 시각 0.55초)
  · 회오리베기: 시전 → 타격 겹 0.45초 (칼이 닿는 시각 0.45초)
  · 앞 절 소리가 끝남 true (재생 중 0)
  · 동시 처치 5: 빼앗김 0 · 같은 큐 상한에 버림 3 · 동시 재생 최고 42/64 · 울림/호출 kill_extra 5/5 · blood_splat 5/5 · body_fall 5/5 · 막타 5번 실시간 폭 76 ms
  · 레벨업 추임새 doho_levelup = 레벨업 604 ms 뒤
E2E audio_cues PASS (검사 110)
E2E ▶ sfx_limiter
  · stop_music 뒤에도 돌던 음악 플레이어: town.ogg -36.1 dB
  · 소리 하나(enemy_die_1.wav): 끔 -1.500 · 켬 -1.500 dBFS
  · normal 끔: 봉우리 +3.54 dBFS · 1.0 넘는 표본 267 · 몸통 400 ms -9.5 dBFS · 울린 겹 6 · 동시에 울던 SFX 플레이어 5/64
  · normal 켬: 봉우리 -1.00 dBFS · 들어온 +3.41 dBFS → 넘침 2 ppm (한계 80 ppm) · 1.0 넘는 표본 0 · 몸통 400 ms -13.0 dBFS · 울린 겹 6 · 동시에 울던 SFX 플레이어 5/64
  · crit 끔: 봉우리 +8.35 dBFS · 1.0 넘는 표본 1317 · 몸통 400 ms -7.4 dBFS · 울린 겹 8 · 동시에 울던 SFX 플레이어 7/64
  · crit 켬: 봉우리 -1.00 dBFS · 들어온 +7.42 dBFS → 넘침 4 ppm (한계 196 ppm) · 1.0 넘는 표본 0 · 몸통 400 ms -13.5 dBFS · 울린 겹 8 · 동시에 울던 SFX 플레이어 7/64
  · 치명 막타 뒤 남는 줄어듦 -0.56 dB (기준음 -20.00 → -20.56 dBFS, 릴리스 0.20초)
  · triple 끔: 봉우리 +12.01 dBFS · 1.0 넘는 표본 2586 · 몸통 400 ms -6.1 dBFS · 울린 겹 19 · 동시에 울던 SFX 플레이어 16/64
  · triple 켬: 봉우리 -1.00 dBFS · 들어온 +12.04 dBFS → 넘침 9 ppm (한계 416 ppm) · 1.0 넘는 표본 0 · 몸통 400 ms -13.8 dBFS · 울린 겹 19 · 동시에 울던 SFX 플레이어 16/64
  · 엔진 넘침 한계 — 봉우리에서 시작하는 165 Hz +10.5 dB: 들어온 +10.50 dBFS → 넘침 275 ppm (+0.0024 dB, 한계 329 ppm · 옛 판정 200 ppm이면 FAIL)
E2E sfx_limiter PASS (검사 11)
E2E SUMMARY: 10/10 PASS
  e2e  (194.5초) — 제한 3600초
  e2e 합 118/118 PASS — 공유 108/108 (1070초) · 단독 10/10 (195초)
전부 PASS
== 단위 테스트 ==
  PASS  test_affixes.gd  AFFIXES_TEST checks=666 fails=0 PASS (26.0초)  (28.4초)
  PASS  test_affix_combat.gd  AFFIX_COMBAT_TEST checks=46 fails=0 PASS  (2.7초)
  PASS  test_animation_sample.gd  ANIMATION_SAMPLE_TEST checks=28 fails=0 PASS  (1.5초)
  PASS  test_aoe_field.gd  AOE_FIELD_TEST fails=0 PASS  (1.6초)
  PASS  test_aoe_skills.gd  AOE_SKILLS_TEST checks=63 fails=0 PASS  (1.4초)
  PASS  test_aoe_skills_2.gd  AOE_SKILLS_2_TEST checks=69 fails=0 PASS  (1.4초)
  PASS  test_aspd_steps.gd  ASPD_STEPS_TEST checks=56 fails=0 PASS  (1.4초)
  PASS  test_attack_chain.gd  ATTACK_CHAIN_TEST checks=50 fails=0 PASS  (1.7초)
  PASS  test_attack_seam.gd  ATTACK_SEAM_TEST checks=46 fails=0 PASS  (1.5초)
  PASS  test_audio.gd  AUDIO_TEST fails=0 PASS  (1.8초)
  PASS  test_automap_data.gd  AUTOMAP_DATA_TEST checks=48 fails=0 PASS  (2.1초)
  PASS  test_balance.gd  BALANCE_TEST fails=0 PASS  (177.6초)
  PASS  test_balance_rng.gd  BALANCE_RNG_TEST checks=45 fails=0 PASS  (7.3초) · 허용 목록 오류 줄 1 거름
  PASS  test_beomgul.gd  BEOMGUL_TEST checks=39 fails=0 PASS  (3.1초)
  PASS  test_body_navigation.gd  BODY_NAVIGATION_TEST checks=31 fails=0 PASS  (1.5초)
  PASS  test_bongmil.gd  BONGMIL_TEST checks=173 fails=0 PASS  (19.9초) · 허용 목록 오류 줄 1 거름
  PASS  test_build_changers.gd  BUILD_CHANGERS_TEST checks=103 fails=0 PASS  (1.4초)
  PASS  test_build_info.gd  BUILD_INFO_TEST checks=19 fails=0 PASS  (1.4초)
  PASS  test_bulgasari.gd  BULGASARI_TEST checks=87 fails=0 PASS  (5.3초) · 허용 목록 오류 줄 1 거름
  PASS  test_character_profiles.gd  CHARACTER_PROFILES_TEST checks=36 fails=0 PASS  (1.8초)
  PASS  test_char_light.gd  CHAR_LIGHT_TEST checks=71 fails=0 PASS  (2.0초)
  PASS  test_cursor_pick.gd  CURSOR_PICK_TEST fails=0 PASS  (1.5초)
  PASS  test_damage_calc.gd  DAMAGE_CALC_TEST element_checks=461 fails=0 PASS  (1.5초)
  PASS  test_damage_popup.gd  DAMAGE_POPUP_TEST fails=0 PASS  (1.4초)
  PASS  test_data_index.gd  DATA_INDEX_TEST checks=174 fails=0 PASS  (1.6초)
  PASS  test_death_pick.gd  DEATH_PICK_TEST fails=0 PASS  (1.4초)
  PASS  test_dialogue.gd  DIALOGUE_TEST fails=0 PASS  (1.9초)
  PASS  test_dialogue_band.gd  DIALOGUE_BAND_TEST fails=0 PASS  (4.8초)
  PASS  test_doho_moves.gd  DOHO_MOVES_TEST checks=64 fails=0 PASS  (1.5초)
  PASS  test_dungeon_gen.gd  DUNGEON_GEN_TEST seeds=20 fails=0 PASS  (2.1초) · 허용 목록 오류 줄 5 거름
  PASS  test_element_affixes.gd  ELEMENT_AFFIXES_TEST fails=0 PASS  (3.8초)
  PASS  test_elites.gd  ELITES_TEST checks=522 fails=0 PASS  (31.6초)
  PASS  test_enemy_ai.gd  ENEMY_AI_TEST checks=743 fails=0 PASS  (6.8초)
  PASS  test_enemy_cadence.gd  ENEMY_CADENCE_TEST checks=41 fails=0 PASS  (2.9초)
  PASS  test_enemy_moves.gd  ENEMY_MOVES_TEST checks=45 fails=0 PASS  (2.7초)
  PASS  test_export_safety.gd  EXPORT_SAFETY_TEST checks=26 fails=0 PASS  (1.8초)
  PASS  test_field_gen.gd  FIELD_GEN_TEST seeds=20 한 번 들녘 215ms · 정령재 433ms fails=0 PASS  (31.4초)
  PASS  test_float_motion.gd  FLOAT_MOTION_TEST checks=66 fails=0 PASS  (1.5초)
  PASS  test_floor_label_stack.gd  FLOOR_LABEL_STACK_TEST fails=0 PASS  (1.4초)
  PASS  test_footsteps.gd  FOOTSTEPS_TEST checks=39 fails=0 PASS  (1.6초)
  PASS  test_game_clock.gd  GAME_CLOCK_TEST checks=22 fails=0 PASS  (5.7초)
  PASS  test_hit_area.gd  HIT_AREA_TEST fails=0 PASS  (1.7초)
  PASS  test_ink_dissolve.gd  INK_DISSOLVE_TEST fails=0 PASS  (1.4초)
  PASS  test_items.gd  ITEMS_TEST fails=0 PASS  (41.9초)
  PASS  test_item_ui.gd  ITEM_UI_TEST checks=37 fails=0 PASS  (1.4초)
  PASS  test_jangsanbeom.gd  JANGSANBEOM_TEST checks=77 fails=0 PASS  (8.2초)
  PASS  test_kill_fx.gd  KILL_FX_TEST fails=0 PASS  (2.2초)
  PASS  test_knock_distance.gd  KNOCK_DISTANCE_TEST checks=64 fails=0 PASS  (3.1초)
  PASS  test_loot.gd  LOOT_TEST checks=54 fails=0 PASS · 13.4초  (14.9초) · 허용 목록 오류 줄 1 거름
  PASS  test_loot_sim.gd  LOOT_SIM_TEST runs=60×2 checks=40 fails=0 PASS · 목표 안 6/9 (밖: 흑랑 전 유니크 48% · 레벨 봉밀굴 앞 다 잡음 +1.6 · 가방 정령재 서낭단부터 48칸) · 16.7초  (19.0초)
  PASS  test_mine.gd  MINE_TEST checks=135 fails=0 PASS  (10.3초)
  PASS  test_models.gd  MODELS_TEST fails=0 PASS  (5.9초)
  PASS  test_monster_data.gd  MONSTER_DATA_TEST checks=612 fails=0 PASS  (1.5초)
  PASS  test_named.gd  NAMED_TEST checks=23 fails=0 PASS  (3.7초)
  PASS  test_pack_density.gd  PACK_DENSITY_TEST 들녘(Lv1~3): 무리 크기 2~5(평균 3.8, 323개 실측) · 무리 수 14~18 · 크기 데이터 3~5(easy 2~3)  (14.5초)
  PASS  test_profiles_restart.gd  PROFILES_RESTART_TEST checks=2 fails=0 PASS  (12.0초)
  PASS  test_progression.gd  PROGRESSION_TEST fails=0 PASS  (1.4초)
  PASS  test_pus_jar.gd  PUS_JAR_TEST checks=34 fails=0 PASS  (3.1초)
  PASS  test_quad_family.gd  QUAD_FAMILY_TEST checks=71 fails=0 PASS  (1.9초) · 허용 목록 오류 줄 1 거름
  PASS  test_quests.gd  QUEST_TEST fails=0 PASS  (1.9초)
  PASS  test_quest_journal.gd  QUEST_JOURNAL_TEST fails=0 PASS  (1.8초)
  PASS  test_role_stats.gd  ROLE_STATS_TEST checks=22 fails=0 PASS  (1.4초)
  PASS  test_roster.gd  ROSTER_TEST checks=177 fails=0 PASS  (36.9초)
  PASS  test_save.gd  SAVE_TEST fails=0 PASS  (2.0초)
  PASS  test_sets.gd  SETS_TEST checks=215 fails=0 PASS  (20.9초)
  PASS  test_status.gd  STATUS_TEST checks=80 fails=0 PASS  (1.4초)
  PASS  test_stat_caps.gd  STAT_CAPS_TEST checks=62 fails=0 PASS  (1.4초)
  PASS  test_surround.gd  SURROUND_TEST checks=37 fails=0 PASS  (1.4초)
  PASS  test_talismans.gd  TALISMANS_TEST checks=88 fails=0 PASS  (5.5초) · 허용 목록 오류 줄 1 거름
  PASS  test_title_first_launch.gd  TITLE_FIRST_LAUNCH_TEST fails=0 PASS  (3.8초) · 허용 목록 오류 줄 1 거름
  PASS  test_town.gd  TOWN_TEST fails=0 PASS  (2.5초)
  PASS  test_vfx.gd  VFX_TEST fails=0 PASS  (1.5초)
  PASS  settings restart write  SETTINGS_RESTART_TEST mode=write fails=0 PASS  (1.4초)
  PASS  settings restart read  SETTINGS_RESTART_TEST mode=read fails=0 PASS  (1.3초)
  PASS  motion_audit.gd --selftest  MOTION_AUDIT_TEST checks=66 fails=0 PASS  (1.5초)
  PASS  look_audit.gd --selftest  LOOK_AUDIT_TEST checks=36 fails=0 PASS  (1.4초)
  PASS  robe_probe.gd --selftest  ROBE_PROBE_TEST checks=13 fails=0 PASS  (1.4초)
  PASS  dungeon_stats.gd --selftest  DUNGEON_STATS_TEST checks=28 fails=0 PASS  (1.7초)
  PASS  vfx_sheet.py --selftest  VFX_SHEET_TEST fails=0 PASS  (0.5초)
  PASS  audio_intake.py --selftest  AUDIO_INTAKE_TEST fails=0 PASS  (2.0초)
  PASS  board.py --selftest  BOARD_TEST fails=0 PASS  (0.1초)
  PASS  sfx_gen.py --selftest  SFX_GEN_TEST fails=0 PASS  (1.2초)
  PASS  wt.py --selftest  WT_TEST checks=117 fails=0 PASS (66.6s)  (66.7초)
  PASS  doc_budget.py --selftest  DOC_BUDGET_TEST checks=7 fails=0 PASS  (0.1초)
  PASS  albedo_ops.py --selftest  ALBEDO_OPS_TEST checks=50 fails=0 PASS  (1.9초)
  PASS  comfy_char.py --selftest  COMFY_CHAR_TEST checks=59 fails=0 PASS  (0.2초)
  PASS  anim_retime.py --selftest  ANIM_RETIME_TEST checks=98 fails=0 PASS  (0.1초)
  PASS  glb_pose.py --selftest  GLB_POSE_TEST checks=32 fails=0 PASS  (0.3초)
  PASS  quad_gait.py --selftest  QUAD_GAIT_TEST checks=27 fails=0 PASS  (8.3초)
  PASS  export_check.py --selftest  EXPORT_CHECK_TEST checks=19 fails=0 PASS  (0.1초)
  PASS  build.py --selftest  BUILD_TEST checks=18 fails=0 PASS  (0.5초)
== 외형 표 (look_audit — 출력만, 실패로 세지 않음) ==
    가족         삼각형  텍스처     밝기   채도   대비   텍셀/유닛  판정
    PC 도호      11999   1024       0.241  0.288  0.155  602        OK
    적 산적      8112    2048       0.345  0.237  0.146  1205       X 밀도
    적 부적술사  8096    2048       0.380  0.160  0.151  1205       X 밀도
    보스 흑랑    10000   1024       0.220  0.184  0.085  589        OK
    NPC 김 영감  8243    1024       0.357  0.211  0.149  683        OK
    NPC 무당     8094    1024       0.362  0.380  0.150  683        X 채도
    NPC 촌장     7742    1024       0.253  0.183  0.151  640        OK
    배경 좌판    452     1254       0.357  0.222  0.206  468        X 채도
    배경 항아리  288     단색       0.098  0.633  0.000  -          X 밝기,채도
    배경 등롱    96      1254+단색  0.406  0.398  0.213  1990       X 채도,밀도
    배경 바닥    12      1024       0.320  0.190  0.090  1024       X 밀도
    배경 벽      20      1024       0.320  0.192  0.090  512        OK
    드랍 병      1200    512        0.231  0.375  0.068  1280       X 채도,밀도
    드랍 검      250     512+단색   0.377  0.250  0.245  1024       X 밀도
    LOOK_AUDIT 밴드 밖 9 / 14 — 적 산적(밀도), 적 부적술사(밀도), NPC 무당(채도), 배경 좌판(채도), 배경 항아리(밝기,채도), 배경 등롱(채도,밀도), 배경 바닥(밀도), 드랍 병(채도,밀도), 드랍 검(밀도)  (출력만)  (2.0초)
  · 자리 간 e2e 칸 3개 (#553 — -Slots · JOSEON_E2E_SLOTS) · 판 단독(balance_room,balance_boss,hit_stagger,pack_perf,bodies_cap,gimmicks,item_showcase,footsteps,audio_cues,sfx_limiter) → 공유(all − 단독 묶음 10)
== e2e 러너 자기검사 ==
  PASS  E2E_SELFTEST PASS (판정 일치 5/5)  (4.8초)
== e2e (balance_room,balance_boss,hit_stagger,pack_perf,bodies_cap,gimmicks,item_showcase,footsteps,audio_cues,sfx_limiter · 단독(시간 민감 묶음) — 다른 자리 e2e 없이) ==
E2E start: balance_room, balance_boss, hit_stagger, pack_perf, bodies_cap, gimmicks, item_showcase, footsteps, audio_cues, sfx_limiter
E2E ▶ balance_room
  · 명중 확정 끔 — 이 대본은 명중 굴림을 실전 그대로 쓴다 (#342)
  · 걸어감 2.3초 · 처치 3 · 14.4초 · 생명 110→89 (최저 89) · 적 공격 13 (명중 7) · Lv1
E2E balance_room PASS (검사 8)
E2E ▶ balance_boss
  · 명중 확정 끔 — 이 대본은 명중 굴림을 실전 그대로 쓴다 (#342)
  · 흑랑 RNG Lv3 판1 doho0 seed=23271941 initial=3718673984595126131
  · 흑랑 준비 key=93 physics=6 expected=6
  · 흑랑 RNG Lv3 판1 guard_bat1 seed=23275069 initial=6699926644757452107
  · 흑랑 RNG Lv3 판1 guard_bat2 seed=23275170 initial=3841642673449239052
  · 흑랑 RNG Lv3 판1 heukrang0 seed=23272950 initial=5665186195085305808
  · 흑랑 파수2 Lv3 판1 entered tick=1044 game=17.3833 state=0 XZ=(20.5000,15.5000) pack=24 target=none path=0/0 level_current=false rng=3841642673449239052
  · 흑랑 파수2 Lv3 판1 sample tick=1045 game=17.4167 state=1 XZ=(20.5000,15.5750) pack=24 target=(23.5000,23.5000) path=0/8 level_current=true rng=3841642673449239052
  · 흑랑 준비 key=93 physics=6 expected=6
  · 흑랑 파수2 Lv3 판1 before_V tick=1050 game=17.4833 state=1 XZ=(20.5000,15.8750) pack=24 target=(23.5000,23.5000) path=0/8 level_current=true rng=3841642673449239052
  · 흑랑 준비 key=86 physics=5 expected=5
  · 흑랑 파수2 Lv3 판1 after_V tick=1056 game=17.5833 state=1 XZ=(20.5000,16.3250) pack=24 target=(10.5000,9.5000) path=1/8 level_current=true rng=3841642673449239052
  · 흑랑 파수2 Lv3 판1 sample tick=1076 game=17.9333 state=1 XZ=(19.9399,16.1269) pack=24 target=(10.5000,9.5000) path=0/16 level_current=true rng=3841642673449239052
  · 흑랑 파수2 Lv3 판1 sample tick=1107 game=18.4500 state=1 XZ=(19.5102,13.8946) pack=24 target=(10.5000,9.5000) path=0/14 level_current=true rng=3841642673449239052
  · 흑랑 파수2 Lv3 판1 sample tick=1138 game=18.9667 state=1 XZ=(19.5003,11.5697) pack=24 target=(10.3667,9.5000) path=1/12 level_current=true rng=3841642673449239052
  · 흑랑 파수2 Lv3 판1 sample tick=1169 game=19.4833 state=1 XZ=(18.9931,9.6330) pack=24 target=(10.3667,9.5000) path=1/10 level_current=true rng=3841642673449239052
  · 흑랑 파수2 Lv3 판1 sample tick=1200 game=20.0000 state=3 XZ=(17.3292,9.5063) pack=24 target=(10.3667,9.5000) path=1/8 level_current=true rng=3841642673449239052
  · 흑랑 파수2 Lv3 판1 sample tick=1231 game=20.5167 state=5 XZ=(15.3292,9.5045) pack=24 target=(10.3667,9.5000) path=1/8 level_current=true rng=3841642673449239052
  · 흑랑 파수2 Lv3 판1 sample tick=1268 game=21.1333 state=4 XZ=(11.6174,9.5011) pack=24 target=(10.3000,9.5000) path=1/8 level_current=true rng=3841642673449239052
  · 흑랑 파수2 Lv3 판1 sample tick=1299 game=21.6500 state=1 XZ=(11.5520,9.5004) pack=24 target=(10.3000,9.5000) path=1/2 level_current=true rng=3841642673449239052
  · 흑랑 파수2 Lv3 판1 sample tick=1330 game=22.1667 state=1 XZ=(11.5520,9.5004) pack=24 target=(10.3000,9.5000) path=0/1 level_current=true rng=3841642673449239052
  · 흑랑 파수2 Lv3 판1 sample tick=1361 game=22.6833 state=1 XZ=(11.5520,9.5004) pack=24 target=(10.3000,9.5000) path=0/1 level_current=true rng=3841642673449239052
  · 흑랑 파수2 Lv3 판1 sample tick=1392 game=23.2000 state=3 XZ=(11.5520,9.5004) pack=24 target=(10.3000,9.5000) path=0/1 level_current=true rng=3841642673449239052
  · 흑랑 파수2 Lv3 판1 sample tick=1423 game=23.7167 state=4 XZ=(11.5520,9.5004) pack=24 target=(10.3000,9.5000) path=0/1 level_current=true rng=3841642673449239052
  · 흑랑 파수2 Lv3 판1 sample tick=1454 game=24.2333 state=1 XZ=(11.5504,9.5004) pack=24 target=(10.3000,9.5000) path=0/1 level_current=true rng=3841642673449239052
  · 흑랑 파수2 Lv3 판1 sample tick=1485 game=24.7500 state=1 XZ=(11.4169,9.5004) pack=24 target=(10.1667,9.5000) path=0/1 level_current=true rng=3841642673449239052
  · 흑랑 파수2 Lv3 판1 sample tick=1516 game=25.2667 state=1 XZ=(11.4169,9.5004) pack=24 target=(10.1667,9.5000) path=0/1 level_current=true rng=3841642673449239052
  · 흑랑 파수2 Lv3 판1 sample tick=1547 game=25.7833 state=3 XZ=(11.4169,9.5004) pack=24 target=(10.1667,9.5000) path=0/1 level_current=true rng=3841642673449239052
  · 흑랑 파수2 Lv3 판1 sample tick=1578 game=26.3000 state=5 XZ=(11.4169,9.5004) pack=24 target=(10.1667,9.5000) path=0/1 level_current=true rng=3841642673449239052
  · 흑랑 파수2 Lv3 판1 sample tick=1609 game=26.8167 state=1 XZ=(11.4172,9.5004) pack=24 target=(10.1667,9.5000) path=0/1 level_current=true rng=3841642673449239052
  · 흑랑 파수2 Lv3 판1 sample tick=1640 game=27.3333 state=1 XZ=(11.4172,9.5004) pack=24 target=(10.1667,9.5000) path=0/1 level_current=true rng=3841642673449239052
  · 흑랑 파수2 Lv3 판1 sample tick=1671 game=27.8500 state=1 XZ=(11.4172,9.5004) pack=24 target=(10.1667,9.5000) path=0/1 level_current=true rng=3841642673449239052
  · 흑랑 파수2 Lv3 판1 sample tick=1702 game=28.3667 state=1 XZ=(11.4172,9.5004) pack=24 target=(10.1667,9.5000) path=0/1 level_current=true rng=3841642673449239052
  · 흑랑 파수2 Lv3 판1 sample tick=1733 game=28.8833 state=5 XZ=(11.4172,9.5004) pack=24 target=(10.1667,9.5000) path=0/1 level_current=true rng=3841642673449239052
  · 흑랑 RNG Lv3 판1 summon_bat1 seed=23274060 initial=4753414434267272430
  · 흑랑 RNG Lv3 판1 summon_bat2 seed=23274161 initial=1895130462959059375
  · 흑랑 파수2 Lv3 판1 sample tick=1764 game=29.4000 state=4 XZ=(11.4172,9.5004) pack=24 target=(10.1667,9.5000) path=0/1 level_current=true rng=3841642673449239052
  · 흑랑 파수2 Lv3 판1 sample tick=1795 game=29.9167 state=1 XZ=(10.8164,9.5222) pack=24 target=(10.1667,9.5000) path=0/1 level_current=true rng=3841642673449239052
  · 흑랑 파수2 Lv3 판1 sample tick=1826 game=30.4333 state=1 XZ=(10.8164,9.5222) pack=24 target=(10.1667,9.5000) path=0/1 level_current=true rng=3841642673449239052
  · 흑랑 파수2 Lv3 판1 sample tick=1857 game=30.9500 state=1 XZ=(10.8164,9.5222) pack=24 target=(10.1667,9.5000) path=0/1 level_current=true rng=3841642673449239052
  · 흑랑 파수2 Lv3 판1 sample tick=1888 game=31.4667 state=3 XZ=(10.8164,9.5222) pack=24 target=(10.1667,9.5000) path=0/1 level_current=true rng=3841642673449239052
  · 흑랑 파수2 Lv3 판1 sample tick=1919 game=31.9833 state=4 XZ=(10.8164,9.5222) pack=24 target=(10.1667,9.5000) path=0/1 level_current=true rng=2984990500747020242
  · 흑랑 파수2 Lv3 판1 sample tick=1950 game=32.5000 state=1 XZ=(10.8164,9.5248) pack=24 target=(10.1667,9.5000) path=0/1 level_current=true rng=2984990500747020242
  · 흑랑 파수2 Lv3 판1 sample tick=1981 game=33.0167 state=1 XZ=(10.8164,9.5248) pack=24 target=(10.1667,9.5000) path=0/1 level_current=true rng=2984990500747020242
  · 흑랑 파수2 Lv3 판1 sample tick=2012 game=33.5333 state=1 XZ=(10.8164,9.5248) pack=24 target=(10.1667,9.5000) path=0/1 level_current=true rng=2984990500747020242
  · 흑랑 파수2 Lv3 판1 sample tick=2043 game=34.0500 state=3 XZ=(10.8164,9.5248) pack=24 target=(10.1667,9.5000) path=0/1 level_current=true rng=2984990500747020242
  · 흑랑 파수2 Lv3 판1 sample tick=2074 game=34.5667 state=4 XZ=(10.8164,9.5248) pack=24 target=(10.1667,9.5000) path=0/1 level_current=true rng=-1267280395400995224
  · 흑랑 파수2 Lv3 판1 sample tick=2105 game=35.0833 state=1 XZ=(10.8164,9.5268) pack=24 target=(10.1667,9.5000) path=0/1 level_current=true rng=-1267280395400995224
  · 흑랑 파수2 Lv3 판1 sample tick=2136 game=35.6000 state=1 XZ=(10.8164,9.5268) pack=24 target=(10.1667,9.5000) path=0/1 level_current=true rng=-1267280395400995224
  · 흑랑 파수2 Lv3 판1 sample tick=2167 game=36.1167 state=1 XZ=(10.8164,9.5268) pack=24 target=(10.1667,9.5000) path=0/1 level_current=true rng=-1267280395400995224
  · 흑랑 파수2 Lv3 판1 sample tick=2198 game=36.6333 state=3 XZ=(10.8164,9.5268) pack=24 target=(10.1667,9.5000) path=0/1 level_current=true rng=-1267280395400995224
  · 흑랑 파수2 Lv3 판1 sample tick=2229 game=37.1500 state=4 XZ=(10.8164,9.5268) pack=24 target=(10.1667,9.5000) path=0/1 level_current=true rng=7952870694343690062
  · 흑랑 파수2 Lv3 판1 sample tick=2260 game=37.6667 state=1 XZ=(10.8163,9.5286) pack=24 target=(10.1667,9.5000) path=0/1 level_current=true rng=7952870694343690062
  · 흑랑 파수2 Lv3 판1 sample tick=2291 game=38.1833 state=1 XZ=(10.8163,9.5286) pack=24 target=(10.1667,9.5000) path=0/1 level_current=true rng=7952870694343690062
  · 흑랑 파수2 Lv3 판1 sample tick=2322 game=38.7000 state=1 XZ=(10.8163,9.5286) pack=24 target=(10.1667,9.5000) path=0/1 level_current=true rng=7952870694343690062
  · 흑랑 파수2 Lv3 판1 sample tick=2353 game=39.2167 state=3 XZ=(10.8163,9.5286) pack=24 target=(10.1667,9.5000) path=0/1 level_current=true rng=7952870694343690062
  · 흑랑 파수2 Lv3 판1 sample tick=2384 game=39.7333 state=4 XZ=(10.8163,9.5286) pack=24 target=(10.1667,9.5000) path=0/1 level_current=true rng=-5111047397832607740
  · 흑랑 파수2 Lv3 판1 sample tick=2415 game=40.2500 state=1 XZ=(10.8161,9.5300) pack=24 target=(10.1667,9.5000) path=0/1 level_current=true rng=-5111047397832607740
  · 흑랑 파수2 Lv3 판1 sample tick=2446 game=40.7667 state=1 XZ=(10.8161,9.5300) pack=24 target=(10.1667,9.5000) path=0/1 level_current=true rng=-5111047397832607740
  · 흑랑 파수2 Lv3 판1 sample tick=2477 game=41.2833 state=1 XZ=(10.8161,9.5300) pack=24 target=(10.1667,9.5000) path=0/1 level_current=true rng=-5111047397832607740
  · 흑랑 파수2 Lv3 판1 sample tick=2508 game=41.8000 state=3 XZ=(10.8161,9.5300) pack=24 target=(10.1667,9.5000) path=0/1 level_current=true rng=-5111047397832607740
  · 흑랑 파수2 Lv3 판1 sample tick=2539 game=42.3167 state=4 XZ=(10.8161,9.5300) pack=24 target=(10.1667,9.5000) path=0/1 level_current=true rng=-5424752888238917110
  · 흑랑 파수2 Lv3 판1 sample tick=2570 game=42.8333 state=1 XZ=(10.8161,9.5311) pack=24 target=(10.1667,9.5000) path=0/1 level_current=true rng=-5424752888238917110
  · 흑랑 파수2 Lv3 판1 sample tick=2601 game=43.3500 state=1 XZ=(10.8161,9.5311) pack=24 target=(10.1667,9.5000) path=0/1 level_current=true rng=-5424752888238917110
  · 흑랑 파수2 Lv3 판1 sample tick=2632 game=43.8667 state=1 XZ=(10.8161,9.5311) pack=24 target=(10.1667,9.5000) path=0/1 level_current=true rng=-5424752888238917110
  · 흑랑 파수2 Lv3 판1 sample tick=2663 game=44.3833 state=3 XZ=(10.8161,9.5311) pack=24 target=(10.1667,9.5000) path=0/1 level_current=true rng=-5424752888238917110
  · 흑랑 파수2 Lv3 판1 sample tick=2694 game=44.9000 state=4 XZ=(10.8161,9.5311) pack=24 target=(10.1667,9.5000) path=0/1 level_current=true rng=602141716667985580
  · 흑랑 파수2 Lv3 판1 sample tick=2725 game=45.4167 state=1 XZ=(10.8161,9.5321) pack=24 target=(10.1667,9.5000) path=0/1 level_current=true rng=602141716667985580
  · 흑랑 파수2 Lv3 판1 sample tick=2756 game=45.9333 state=1 XZ=(10.8161,9.5321) pack=24 target=(10.1667,9.5000) path=0/1 level_current=true rng=602141716667985580
  · 흑랑 입력 Lv3 판1 polls=284 physics_interval=6 valid=true
  · 흑랑 Lv3 도호 쓰러짐(흑랑 5) · 28.4초 · 2페이즈 11.5초 · 생명 130→0 (최저 0 = 0%) · 탕약 3/3 · 적 공격 46 (명중 30)
  · 흑랑 파수2 Lv3 판1 finish tick=2760 game=45.9833 state=0 XZ=(10.8161,9.5321) pack=24 target=none path=0/1 level_current=true rng=602141716667985580
  · 흑랑 RNG Lv3 판1 doho0 seed=23271941 initial=3718673984595126131 final=-5198710518648920043
  · 흑랑 RNG Lv3 판1 guard_bat1 seed=23275069 initial=6699926644757452107 final=-3325022726698461991
  · 흑랑 RNG Lv3 판1 guard_bat2 seed=23275170 initial=3841642673449239052 final=602141716667985580
  · 흑랑 RNG Lv3 판1 heukrang0 seed=23272950 initial=5665186195085305808 final=-5094737643218642476
  · 흑랑 RNG Lv3 판1 summon_bat1 seed=23274060 initial=4753414434267272430 final=-7559868052669486168
  · 흑랑 RNG Lv3 판1 summon_bat2 seed=23274161 initial=1895130462959059375 final=481403823597241650
  · 흑랑 재생 Lv3 판1 win=false attacks=46 hits=30 guards=2 summoned=2
  · 흑랑 RNG Lv3 판2 doho0 seed=23281948 initial=-6977420499629002882
  · 흑랑 준비 key=93 physics=6 expected=6
  · 흑랑 RNG Lv3 판2 guard_bat1 seed=23285076 initial=-3996167839466676906
  · 흑랑 RNG Lv3 판2 guard_bat2 seed=23285177 initial=-6854451810774889961
  · 흑랑 RNG Lv3 판2 heukrang0 seed=23282957 initial=-5030908289138823205
  · 흑랑 파수2 Lv3 판2 entered tick=2768 game=46.1167 state=0 XZ=(20.5000,15.5000) pack=30 target=none path=0/0 level_current=false rng=-6854451810774889961
  · 흑랑 파수2 Lv3 판2 sample tick=2768 game=46.1333 state=1 XZ=(20.5000,15.5000) pack=30 target=(23.5000,23.5000) path=0/0 level_current=false rng=-6854451810774889961
  · 흑랑 준비 key=93 physics=6 expected=6
  · 흑랑 파수2 Lv3 판2 before_V tick=2774 game=46.2167 state=1 XZ=(20.5000,15.8750) pack=30 target=(23.5000,23.5000) path=0/8 level_current=true rng=-6854451810774889961
  · 흑랑 준비 key=86 physics=5 expected=5
  · 흑랑 파수2 Lv3 판2 after_V tick=2780 game=46.3167 state=1 XZ=(20.5000,16.3250) pack=30 target=(10.5000,9.5000) path=1/8 level_current=true rng=-6854451810774889961
  · 흑랑 파수2 Lv3 판2 sample tick=2799 game=46.6500 state=1 XZ=(19.9830,16.1883) pack=30 target=(10.5000,9.5000) path=0/16 level_current=true rng=-6854451810774889961
  · 흑랑 파수2 Lv3 판2 sample tick=2830 game=47.1667 state=1 XZ=(19.5122,13.9696) pack=30 target=(10.5000,9.5000) path=0/14 level_current=true rng=-6854451810774889961
  · 흑랑 파수2 Lv3 판2 sample tick=2861 game=47.6833 state=1 XZ=(19.5003,11.6447) pack=30 target=(10.3667,9.5000) path=1/12 level_current=true rng=-6854451810774889961
  · 흑랑 파수2 Lv3 판2 sample tick=2892 game=48.2000 state=1 XZ=(19.0655,9.6525) pack=30 target=(10.3667,9.5000) path=1/10 level_current=true rng=-6854451810774889961
  · 흑랑 파수2 Lv3 판2 sample tick=2923 game=48.7167 state=3 XZ=(17.3292,9.5063) pack=30 target=(10.3667,9.5000) path=1/8 level_current=true rng=-6854451810774889961
  · 흑랑 파수2 Lv3 판2 sample tick=2954 game=49.2333 state=5 XZ=(15.5292,9.5046) pack=30 target=(10.3667,9.5000) path=1/8 level_current=true rng=-6854451810774889961
  · 흑랑 파수2 Lv3 판2 sample tick=2985 game=49.7500 state=4 XZ=(11.6174,9.5011) pack=30 target=(10.3667,9.5000) path=1/8 level_current=true rng=-6854451810774889961
  · 흑랑 파수2 Lv3 판2 sample tick=3016 game=50.2667 state=1 XZ=(11.8921,9.5009) pack=30 target=(10.3667,9.5000) path=0/2 level_current=true rng=-6854451810774889961
  · 흑랑 파수2 Lv3 판2 sample tick=3047 game=50.7833 state=1 XZ=(11.6266,9.5005) pack=30 target=(10.3667,9.5000) path=0/1 level_current=true rng=-6854451810774889961
  · 흑랑 파수2 Lv3 판2 sample tick=3078 game=51.3000 state=1 XZ=(11.6266,9.5005) pack=30 target=(10.2333,9.5000) path=0/1 level_current=true rng=-6854451810774889961
  · 흑랑 파수2 Lv3 판2 sample tick=3109 game=51.8167 state=3 XZ=(11.4841,9.5004) pack=30 target=(10.2333,9.5000) path=0/1 level_current=true rng=-6854451810774889961
  · 흑랑 파수2 Lv3 판2 sample tick=3140 game=52.3333 state=5 XZ=(11.4841,9.5004) pack=30 target=(10.2333,9.5000) path=0/1 level_current=true rng=-6854451810774889961
  · 흑랑 파수2 Lv3 판2 sample tick=3171 game=52.8500 state=1 XZ=(11.5079,9.5004) pack=30 target=(10.2333,9.5000) path=0/1 level_current=true rng=-6854451810774889961
  · 흑랑 파수2 Lv3 판2 sample tick=3202 game=53.3667 state=1 XZ=(11.4842,9.5004) pack=30 target=(10.2333,9.5000) path=0/1 level_current=true rng=-6854451810774889961
  · 흑랑 파수2 Lv3 판2 sample tick=3233 game=53.8833 state=1 XZ=(11.4842,9.5004) pack=30 target=(10.2333,9.5000) path=0/1 level_current=true rng=-6854451810774889961
  · 흑랑 파수2 Lv3 판2 sample tick=3264 game=54.4000 state=1 XZ=(11.4842,9.5004) pack=30 target=(10.2333,9.5000) path=0/1 level_current=true rng=-6854451810774889961
  · 흑랑 파수2 Lv3 판2 sample tick=3295 game=54.9167 state=5 XZ=(11.4842,9.5004) pack=30 target=(10.1667,9.5000) path=0/1 level_current=true rng=-6854451810774889961
  · 흑랑 파수2 Lv3 판2 sample tick=3326 game=55.4333 state=4 XZ=(11.4170,9.5004) pack=30 target=(10.1667,9.5000) path=0/1 level_current=true rng=-6854451810774889961
  · 흑랑 파수2 Lv3 판2 sample tick=3357 game=55.9500 state=1 XZ=(11.4169,9.5004) pack=30 target=(10.1667,9.5000) path=0/1 level_current=true rng=-6854451810774889961
  · 흑랑 파수2 Lv3 판2 sample tick=3388 game=56.4667 state=1 XZ=(11.4169,9.5004) pack=30 target=(10.1667,9.5000) path=0/1 level_current=true rng=-6854451810774889961
  · 흑랑 파수2 Lv3 판2 sample tick=3419 game=56.9833 state=1 XZ=(11.4169,9.5004) pack=30 target=(10.1667,9.5000) path=0/1 level_current=true rng=-6854451810774889961
  · 흑랑 파수2 Lv3 판2 sample tick=3450 game=57.5000 state=3 XZ=(11.4169,9.5004) pack=30 target=(10.1667,9.5000) path=0/1 level_current=true rng=-6854451810774889961
  · 흑랑 파수2 Lv3 판2 sample tick=3481 game=58.0167 state=4 XZ=(11.4169,9.5004) pack=30 target=(10.1667,9.5000) path=0/1 level_current=true rng=-6854451810774889961
  · 흑랑 파수2 Lv3 판2 sample tick=3512 game=58.5333 state=1 XZ=(11.4168,9.5004) pack=30 target=(10.1667,9.5000) path=0/1 level_current=true rng=-6854451810774889961
  · 흑랑 파수2 Lv3 판2 sample tick=3543 game=59.0500 state=1 XZ=(11.4168,9.5004) pack=30 target=(10.1667,9.5000) path=0/1 level_current=true rng=-6854451810774889961
  · 흑랑 RNG Lv3 판2 summon_bat1 seed=23284067 initial=-5942680049956856583
  · 흑랑 RNG Lv3 판2 summon_bat2 seed=23284168 initial=-8800964021265069638
  · 흑랑 파수2 Lv3 판2 sample tick=3574 game=59.5667 state=1 XZ=(11.1022,9.2781) pack=30 target=(10.1667,9.5000) path=0/1 level_current=true rng=-6854451810774889961
  · 흑랑 파수2 Lv3 판2 sample tick=3605 game=60.0833 state=3 XZ=(11.0610,9.2514) pack=30 target=(10.1667,9.5000) path=0/1 level_current=true rng=-6854451810774889961
  · 흑랑 파수2 Lv3 판2 sample tick=3636 game=60.6000 state=4 XZ=(10.7887,9.7083) pack=30 target=(10.1667,9.5000) path=0/1 level_current=true rng=-4875482958387260667
  · 흑랑 파수2 Lv3 판2 sample tick=3667 game=61.1167 state=1 XZ=(10.7843,9.7032) pack=30 target=(10.1667,9.5000) path=0/1 level_current=true rng=-4875482958387260667
  · 흑랑 파수2 Lv3 판2 sample tick=3698 game=61.6333 state=1 XZ=(10.7843,9.7032) pack=30 target=(10.1667,9.5000) path=0/1 level_current=true rng=-4875482958387260667
  · 흑랑 파수2 Lv3 판2 sample tick=3729 game=62.1500 state=1 XZ=(10.7843,9.7032) pack=30 target=(10.1667,9.5000) path=0/1 level_current=true rng=-4875482958387260667
  · 흑랑 파수2 Lv3 판2 sample tick=3760 game=62.6667 state=3 XZ=(10.7843,9.7032) pack=30 target=(10.1667,9.5000) path=0/1 level_current=true rng=-4875482958387260667
  · 흑랑 파수2 Lv3 판2 sample tick=3791 game=63.1833 state=4 XZ=(10.7843,9.7032) pack=30 target=(10.1667,9.5000) path=0/1 level_current=true rng=5031441016042703391
  · 흑랑 파수2 Lv3 판2 sample tick=3822 game=63.7000 state=1 XZ=(10.7854,9.6999) pack=30 target=(10.1667,9.5000) path=0/1 level_current=true rng=5031441016042703391
  · 흑랑 파수2 Lv3 판2 sample tick=3853 game=64.2167 state=1 XZ=(10.7854,9.6999) pack=30 target=(10.1667,9.5000) path=0/1 level_current=true rng=5031441016042703391
  · 흑랑 파수2 Lv3 판2 sample tick=3884 game=64.7333 state=1 XZ=(10.7854,9.6999) pack=30 target=(10.1667,9.5000) path=0/1 level_current=true rng=5031441016042703391
  · 흑랑 파수2 Lv3 판2 sample tick=3915 game=65.2500 state=3 XZ=(10.7854,9.6999) pack=30 target=(10.1667,9.5000) path=0/1 level_current=true rng=5031441016042703391
  · 흑랑 파수2 Lv3 판2 sample tick=3946 game=65.7667 state=4 XZ=(10.7854,9.6999) pack=30 target=(10.1667,9.5000) path=0/1 level_current=true rng=-1266072012901334327
  · 흑랑 파수2 Lv3 판2 sample tick=3977 game=66.2833 state=1 XZ=(10.7867,9.6954) pack=30 target=(10.1667,9.5000) path=0/1 level_current=true rng=-1266072012901334327
  · 흑랑 파수2 Lv3 판2 sample tick=4008 game=66.8000 state=1 XZ=(10.7867,9.6954) pack=30 target=(10.1667,9.5000) path=0/1 level_current=true rng=-1266072012901334327
  · 흑랑 파수2 Lv3 판2 sample tick=4039 game=67.3167 state=1 XZ=(10.7867,9.6954) pack=30 target=(10.1667,9.5000) path=0/1 level_current=true rng=-1266072012901334327
  · 흑랑 파수2 Lv3 판2 sample tick=4070 game=67.8333 state=3 XZ=(10.7867,9.6954) pack=30 target=(10.1667,9.5000) path=0/1 level_current=true rng=-1266072012901334327
  · 흑랑 파수2 Lv3 판2 sample tick=4101 game=68.3500 state=4 XZ=(10.7867,9.6954) pack=30 target=(10.1667,9.5000) path=0/1 level_current=true rng=-8925644921942330585
  · 흑랑 파수2 Lv3 판2 sample tick=4132 game=68.8667 state=1 XZ=(10.7879,9.6922) pack=30 target=(10.1667,9.5000) path=0/1 level_current=true rng=-8925644921942330585
  · 흑랑 파수2 Lv3 판2 sample tick=4163 game=69.3833 state=1 XZ=(10.7879,9.6922) pack=30 target=(10.1667,9.5000) path=0/1 level_current=true rng=-8925644921942330585
  · 흑랑 파수2 Lv3 판2 sample tick=4194 game=69.9000 state=1 XZ=(10.7879,9.6922) pack=30 target=(10.1667,9.5000) path=0/1 level_current=true rng=-8925644921942330585
  · 흑랑 파수2 Lv3 판2 sample tick=4225 game=70.4167 state=3 XZ=(10.7879,9.6922) pack=30 target=(10.1667,9.5000) path=0/1 level_current=true rng=-8925644921942330585
  · 흑랑 파수2 Lv3 판2 sample tick=4256 game=70.9333 state=5 XZ=(10.7879,9.6922) pack=30 target=(10.1667,9.5000) path=0/1 level_current=true rng=-6625500450724855023
  · 흑랑 파수2 Lv3 판2 sample tick=4287 game=71.4500 state=1 XZ=(10.7888,9.6889) pack=30 target=(10.1667,9.5000) path=0/1 level_current=true rng=-6625500450724855023
  · 흑랑 파수2 Lv3 판2 sample tick=4318 game=71.9667 state=1 XZ=(10.7888,9.6889) pack=30 target=(10.1667,9.5000) path=0/1 level_current=true rng=-6625500450724855023
  · 흑랑 파수2 Lv3 판2 sample tick=4349 game=72.4833 state=1 XZ=(10.7888,9.6889) pack=30 target=(10.1667,9.5000) path=0/1 level_current=true rng=-6625500450724855023
  · 흑랑 파수2 Lv3 판2 sample tick=4380 game=73.0000 state=3 XZ=(10.7888,9.6889) pack=30 target=(10.1667,9.5000) path=0/1 level_current=true rng=-6625500450724855023
  · 흑랑 파수2 Lv3 판2 sample tick=4411 game=73.5167 state=5 XZ=(10.7888,9.6889) pack=30 target=(10.1667,9.5000) path=0/1 level_current=true rng=-1972262911355690741
  · 흑랑 파수2 Lv3 판2 sample tick=4442 game=74.0333 state=1 XZ=(10.8101,9.6929) pack=30 target=(10.1667,9.5000) path=0/1 level_current=true rng=-1972262911355690741
  · 흑랑 파수2 Lv3 판2 sample tick=4473 game=74.5500 state=1 XZ=(10.7897,9.6859) pack=30 target=(10.1667,9.5000) path=0/1 level_current=true rng=-1972262911355690741
  · 흑랑 파수2 Lv3 판2 sample tick=4504 game=75.0667 state=1 XZ=(10.7897,9.6859) pack=30 target=(10.1667,9.5000) path=0/1 level_current=true rng=-1972262911355690741
  · 흑랑 파수2 Lv3 판2 sample tick=4535 game=75.5833 state=1 XZ=(10.7897,9.6859) pack=30 target=(10.1667,9.5000) path=0/1 level_current=true rng=-1972262911355690741
  · 흑랑 파수2 Lv3 판2 sample tick=4566 game=76.1000 state=5 XZ=(10.7897,9.6859) pack=30 target=(10.1667,9.5000) path=0/1 level_current=true rng=-1972262911355690741
  · 흑랑 입력 Lv3 판2 polls=301 physics_interval=6 valid=true
  · 흑랑 Lv3 처치 · 30.1초 · 2페이즈 13.1초 · 생명 130→48 (최저 40 = 31%) · 탕약 3/3 · 적 공격 43 (명중 25)
  · 흑랑 파수2 Lv3 판2 finish tick=4586 game=76.4167 state=4 XZ=(10.7897,9.6859) pack=30 target=(10.1667,9.5000) path=0/1 level_current=true rng=-3939560613487119271
  · 흑랑 RNG Lv3 판2 doho0 seed=23281948 initial=-6977420499629002882 final=-2428495939350222240
  · 흑랑 RNG Lv3 판2 guard_bat1 seed=23285076 initial=-3996167839466676906 final=-4107248304828888634
  · 흑랑 RNG Lv3 판2 guard_bat2 seed=23285177 initial=-6854451810774889961 final=-3939560613487119271
  · 흑랑 RNG Lv3 판2 heukrang0 seed=23282957 initial=-5030908289138823205 final=6420507458746324912
  · 흑랑 RNG Lv3 판2 summon_bat1 seed=23284067 initial=-5942680049956856583 final=-4101159738304491181
  · 흑랑 RNG Lv3 판2 summon_bat2 seed=23284168 initial=-8800964021265069638 final=-7181847807749160479
  · 흑랑 재생 Lv3 판2 win=true attacks=43 hits=25 guards=2 summoned=2
  · 흑랑 RNG Lv5 판1 doho0 seed=25271947 initial=5600093101942189313
  · 흑랑 준비 key=93 physics=6 expected=6
  · 흑랑 RNG Lv5 판1 guard_bat1 seed=25275075 initial=8581345762104515289
  · 흑랑 RNG Lv5 판1 guard_bat2 seed=25275176 initial=5723061790796302234
  · 흑랑 RNG Lv5 판1 heukrang0 seed=25272956 initial=7546605312432368990
  · 흑랑 파수2 Lv5 판1 entered tick=4596 game=76.5833 state=0 XZ=(20.5000,15.5000) pack=36 target=none path=0/0 level_current=false rng=5723061790796302234
  · 흑랑 파수2 Lv5 판1 sample tick=4596 game=76.6000 state=1 XZ=(20.5000,15.5000) pack=36 target=(23.5000,23.5000) path=0/0 level_current=false rng=5723061790796302234
  · 흑랑 준비 key=93 physics=6 expected=6
  · 흑랑 파수2 Lv5 판1 before_V tick=4602 game=76.6833 state=1 XZ=(20.5000,15.8750) pack=36 target=(23.5000,23.5000) path=0/8 level_current=true rng=5723061790796302234
  · 흑랑 준비 key=86 physics=5 expected=5
  · 흑랑 파수2 Lv5 판1 after_V tick=4608 game=76.7833 state=1 XZ=(20.5000,16.3250) pack=36 target=(10.5000,9.5000) path=1/8 level_current=true rng=5723061790796302234
  · 흑랑 파수2 Lv5 판1 sample tick=4627 game=77.1167 state=1 XZ=(19.9830,16.1883) pack=36 target=(10.5000,9.5000) path=0/16 level_current=true rng=5723061790796302234
  · 흑랑 파수2 Lv5 판1 sample tick=4658 game=77.6333 state=1 XZ=(19.5122,13.9696) pack=36 target=(10.5000,9.5000) path=0/14 level_current=true rng=5723061790796302234
  · 흑랑 파수2 Lv5 판1 sample tick=4689 game=78.1500 state=1 XZ=(19.5003,11.6447) pack=36 target=(10.3667,9.5000) path=1/12 level_current=true rng=5723061790796302234
  · 흑랑 파수2 Lv5 판1 sample tick=4720 game=78.6667 state=1 XZ=(19.0655,9.6525) pack=36 target=(10.3667,9.5000) path=1/10 level_current=true rng=5723061790796302234
  · 흑랑 파수2 Lv5 판1 sample tick=4751 game=79.1833 state=3 XZ=(17.3292,9.5063) pack=36 target=(10.3667,9.5000) path=1/8 level_current=true rng=5723061790796302234
  · 흑랑 파수2 Lv5 판1 sample tick=4782 game=79.7000 state=5 XZ=(15.5292,9.5046) pack=36 target=(10.3667,9.5000) path=1/8 level_current=true rng=5723061790796302234
  · 흑랑 파수2 Lv5 판1 sample tick=4813 game=80.2167 state=4 XZ=(11.6174,9.5011) pack=36 target=(10.3667,9.5000) path=1/8 level_current=true rng=5723061790796302234
  · 흑랑 파수2 Lv5 판1 sample tick=4844 game=80.7333 state=1 XZ=(11.8921,9.5009) pack=36 target=(10.3667,9.5000) path=0/2 level_current=true rng=5723061790796302234
  · 흑랑 파수2 Lv5 판1 sample tick=4875 game=81.2500 state=1 XZ=(11.6266,9.5005) pack=36 target=(10.3667,9.5000) path=0/1 level_current=true rng=5723061790796302234
  · 흑랑 파수2 Lv5 판1 sample tick=4906 game=81.7667 state=1 XZ=(11.6266,9.5005) pack=36 target=(10.3000,9.5000) path=0/1 level_current=true rng=5723061790796302234
  · 흑랑 파수2 Lv5 판1 sample tick=4937 game=82.2833 state=3 XZ=(11.5506,9.5004) pack=36 target=(10.3000,9.5000) path=0/1 level_current=true rng=5723061790796302234
  · 흑랑 파수2 Lv5 판1 sample tick=4968 game=82.8000 state=5 XZ=(11.5506,9.5004) pack=36 target=(10.3000,9.5000) path=0/1 level_current=true rng=5723061790796302234
  · 흑랑 파수2 Lv5 판1 sample tick=4999 game=83.3167 state=1 XZ=(11.5744,9.5004) pack=36 target=(10.3000,9.5000) path=0/1 level_current=true rng=5723061790796302234
  · 흑랑 파수2 Lv5 판1 sample tick=5030 game=83.8333 state=1 XZ=(11.5507,9.5004) pack=36 target=(10.3000,9.5000) path=0/1 level_current=true rng=5723061790796302234
  · 흑랑 파수2 Lv5 판1 sample tick=5061 game=84.3500 state=1 XZ=(11.5507,9.5004) pack=36 target=(10.3000,9.5000) path=0/1 level_current=true rng=5723061790796302234
  · 흑랑 파수2 Lv5 판1 sample tick=5092 game=84.8667 state=1 XZ=(11.5507,9.5004) pack=36 target=(10.3000,9.5000) path=0/1 level_current=true rng=5723061790796302234
  · 흑랑 파수2 Lv5 판1 sample tick=5123 game=85.3833 state=5 XZ=(11.5507,9.5004) pack=36 target=(10.1667,9.5000) path=0/1 level_current=true rng=5723061790796302234
  · 흑랑 파수2 Lv5 판1 sample tick=5154 game=85.9000 state=4 XZ=(11.4288,9.5004) pack=36 target=(10.1667,9.5000) path=0/1 level_current=true rng=5723061790796302234
  · 흑랑 파수2 Lv5 판1 sample tick=5185 game=86.4167 state=1 XZ=(11.4287,9.5004) pack=36 target=(10.1667,9.5000) path=0/1 level_current=true rng=5723061790796302234
  · 흑랑 파수2 Lv5 판1 sample tick=5216 game=86.9333 state=1 XZ=(11.4287,9.5004) pack=36 target=(10.1667,9.5000) path=0/1 level_current=true rng=5723061790796302234
  · 흑랑 파수2 Lv5 판1 sample tick=5247 game=87.4500 state=1 XZ=(11.4287,9.5004) pack=36 target=(10.1667,9.5000) path=0/1 level_current=true rng=5723061790796302234
  · 흑랑 파수2 Lv5 판1 sample tick=5278 game=87.9667 state=3 XZ=(11.4287,9.5004) pack=36 target=(10.1667,9.5000) path=0/1 level_current=true rng=5723061790796302234
  · 흑랑 파수2 Lv5 판1 sample tick=5309 game=88.4833 state=4 XZ=(11.4287,9.5004) pack=36 target=(10.1667,9.5000) path=0/1 level_current=true rng=5723061790796302234
  · 흑랑 파수2 Lv5 판1 sample tick=5340 game=89.0000 state=1 XZ=(11.4288,9.5004) pack=36 target=(10.1667,9.5000) path=0/1 level_current=true rng=5723061790796302234
  · 흑랑 파수2 Lv5 판1 sample tick=5371 game=89.5167 state=1 XZ=(11.4288,9.5004) pack=36 target=(10.1667,9.5000) path=0/1 level_current=true rng=5723061790796302234
  · 흑랑 파수2 Lv5 판1 sample tick=5402 game=90.0333 state=1 XZ=(11.4288,9.5004) pack=36 target=(10.1667,9.5000) path=0/1 level_current=true rng=5723061790796302234
  · 흑랑 파수2 Lv5 판1 sample tick=5433 game=90.5500 state=3 XZ=(11.4288,9.5004) pack=36 target=(10.1667,9.5000) path=0/1 level_current=true rng=5723061790796302234
  · 흑랑 파수2 Lv5 판1 sample tick=5464 game=91.0667 state=4 XZ=(11.4288,9.5004) pack=36 target=(10.1667,9.5000) path=0/1 level_current=true rng=5723061790796302234
  · 흑랑 RNG Lv5 판1 summon_bat1 seed=25274066 initial=6634833551614335612
  · 흑랑 RNG Lv5 판1 summon_bat2 seed=25274167 initial=3776549580306122557
  · 흑랑 파수2 Lv5 판1 sample tick=5495 game=91.5833 state=1 XZ=(11.0325,9.4560) pack=36 target=(10.1667,9.5000) path=0/1 level_current=true rng=5723061790796302234
  · 흑랑 파수2 Lv5 판1 sample tick=5526 game=92.1000 state=1 XZ=(10.8167,9.5105) pack=36 target=(10.1667,9.5000) path=0/1 level_current=true rng=5723061790796302234
  · 흑랑 파수2 Lv5 판1 sample tick=5557 game=92.6167 state=1 XZ=(10.8167,9.5105) pack=36 target=(10.1667,9.5000) path=0/1 level_current=true rng=5723061790796302234
  · 흑랑 파수2 Lv5 판1 sample tick=5588 game=93.1333 state=3 XZ=(10.8167,9.5105) pack=36 target=(10.1667,9.5000) path=0/1 level_current=true rng=5723061790796302234
  · 흑랑 파수2 Lv5 판1 sample tick=5619 game=93.6500 state=4 XZ=(10.8167,9.5105) pack=36 target=(10.1667,9.5000) path=0/1 level_current=true rng=-2294790372600408388
  · 흑랑 파수2 Lv5 판1 sample tick=5650 game=94.1667 state=1 XZ=(10.8167,9.5137) pack=36 target=(10.1667,9.5000) path=0/1 level_current=true rng=-2294790372600408388
  · 흑랑 파수2 Lv5 판1 sample tick=5681 game=94.6833 state=1 XZ=(10.8167,9.5137) pack=36 target=(10.1667,9.5000) path=0/1 level_current=true rng=-2294790372600408388
  · 흑랑 파수2 Lv5 판1 sample tick=5712 game=95.2000 state=1 XZ=(10.8167,9.5137) pack=36 target=(10.1667,9.5000) path=0/1 level_current=true rng=-2294790372600408388
  · 흑랑 파수2 Lv5 판1 sample tick=5743 game=95.7167 state=3 XZ=(10.8167,9.5137) pack=36 target=(10.1667,9.5000) path=0/1 level_current=true rng=-2294790372600408388
  · 흑랑 파수2 Lv5 판1 sample tick=5774 game=96.2333 state=4 XZ=(10.8167,9.5137) pack=36 target=(10.1667,9.5000) path=0/1 level_current=true rng=-5545868306340860158
  · 흑랑 파수2 Lv5 판1 sample tick=5805 game=96.7500 state=1 XZ=(10.8165,9.5167) pack=36 target=(10.1667,9.5000) path=0/1 level_current=true rng=-5545868306340860158
  · 흑랑 파수2 Lv5 판1 sample tick=5836 game=97.2667 state=1 XZ=(10.8165,9.5167) pack=36 target=(10.1667,9.5000) path=0/1 level_current=true rng=-5545868306340860158
  · 흑랑 파수2 Lv5 판1 sample tick=5867 game=97.7833 state=1 XZ=(10.8165,9.5167) pack=36 target=(10.1667,9.5000) path=0/1 level_current=true rng=-5545868306340860158
  · 흑랑 파수2 Lv5 판1 sample tick=5898 game=98.3000 state=3 XZ=(10.8165,9.5167) pack=36 target=(10.1667,9.5000) path=0/1 level_current=true rng=-5545868306340860158
  · 흑랑 파수2 Lv5 판1 sample tick=5929 game=98.8167 state=5 XZ=(10.8165,9.5167) pack=36 target=(10.1667,9.5000) path=0/1 level_current=true rng=6331231839291702372
  · 흑랑 파수2 Lv5 판1 sample tick=5960 game=99.3333 state=1 XZ=(10.8164,9.5189) pack=36 target=(10.1667,9.5000) path=0/1 level_current=true rng=6331231839291702372
  · 흑랑 파수2 Lv5 판1 sample tick=5991 game=99.8500 state=1 XZ=(10.8164,9.5189) pack=36 target=(10.1667,9.5000) path=0/1 level_current=true rng=6331231839291702372
  · 흑랑 파수2 Lv5 판1 sample tick=6022 game=100.3667 state=1 XZ=(10.8164,9.5189) pack=36 target=(10.1667,9.5000) path=0/1 level_current=true rng=6331231839291702372
  · 흑랑 파수2 Lv5 판1 sample tick=6053 game=100.8833 state=3 XZ=(10.8164,9.5189) pack=36 target=(10.1667,9.5000) path=0/1 level_current=true rng=6331231839291702372
  · 흑랑 파수2 Lv5 판1 sample tick=6084 game=101.4000 state=5 XZ=(10.8164,9.5189) pack=36 target=(10.1667,9.5000) path=0/1 level_current=true rng=-6522577865471702166
  · 흑랑 파수2 Lv5 판1 sample tick=6115 game=101.9167 state=1 XZ=(10.8165,9.5210) pack=36 target=(10.1667,9.5000) path=0/1 level_current=true rng=-6522577865471702166
  · 흑랑 파수2 Lv5 판1 sample tick=6146 game=102.4333 state=1 XZ=(10.8165,9.5210) pack=36 target=(10.1667,9.5000) path=0/1 level_current=true rng=-6522577865471702166
  · 흑랑 파수2 Lv5 판1 sample tick=6177 game=102.9500 state=1 XZ=(10.8165,9.5210) pack=36 target=(10.1667,9.5000) path=0/1 level_current=true rng=-6522577865471702166
  · 흑랑 파수2 Lv5 판1 sample tick=6208 game=103.4667 state=1 XZ=(10.8165,9.5210) pack=36 target=(10.1667,9.5000) path=0/1 level_current=true rng=-6522577865471702166
  · 흑랑 파수2 Lv5 판1 sample tick=6239 game=103.9833 state=5 XZ=(10.8165,9.5210) pack=36 target=(10.1667,9.5000) path=0/1 level_current=true rng=-4317364557962837696
  · 흑랑 파수2 Lv5 판1 sample tick=6270 game=104.5000 state=4 XZ=(10.8165,9.5210) pack=36 target=(10.1667,9.5000) path=0/1 level_current=true rng=-4317364557962837696
  · 흑랑 입력 Lv5 판1 polls=278 physics_interval=6 valid=true
  · 흑랑 Lv5 처치 · 27.8초 · 2페이즈 14.7초 · 생명 150→45 (최저 45 = 30%) · 탕약 3/3 · 적 공격 37 (명중 24)
  · 흑랑 파수2 Lv5 판1 finish tick=6276 game=104.5833 state=1 XZ=(10.8164,9.5227) pack=36 target=(10.1667,9.5000) path=0/1 level_current=true rng=-4317364557962837696
  · 흑랑 RNG Lv5 판1 doho0 seed=25271947 initial=5600093101942189313 final=-1456016979007014311
  · 흑랑 RNG Lv5 판1 guard_bat1 seed=25275075 initial=8581345762104515289 final=-4915985485660836923
  · 흑랑 RNG Lv5 판1 guard_bat2 seed=25275176 initial=5723061790796302234 final=-4317364557962837696
  · 흑랑 RNG Lv5 판1 heukrang0 seed=25272956 initial=7546605312432368990 final=2395616564710220186
  · 흑랑 RNG Lv5 판1 summon_bat1 seed=25274066 initial=6634833551614335612 final=8077224405062169234
  · 흑랑 RNG Lv5 판1 summon_bat2 seed=25274167 initial=3776549580306122557 final=1002189368153405969
  · 흑랑 재생 Lv5 판1 win=true attacks=37 hits=24 guards=2 summoned=2
  · Lv5 목표 대조(이 판 — 판정은 25판 표 §9.7): 27.8초 (15~30) · 탕약 3 (1 안팎) · 최저 생명 30% (35~60)
E2E balance_boss PASS (검사 35)
E2E ▶ hit_stagger
  · 넉백 실측 0.22유닛 (bandit def.knockback 0.35)
  · 보스 넉백 실측 0.08유닛 (def.knockback 0.10)
E2E hit_stagger PASS (검사 20)
E2E ▶ pack_perf
  · 성능 | N=10(산 10) process 7.38ms + physics 2.76ms = 10.14ms/프레임
  · 성능 | N=20(산 20) process 9.17ms + physics 6.78ms = 15.95ms/프레임
  · 성능 | N=30(산 30) process 5.28ms + physics 3.29ms = 8.57ms/프레임
  · 성능 | N=40(산 40) process 5.90ms + physics 4.75ms = 10.65ms/프레임
  · 성능 | N=60(산 60) process 7.38ms + physics 7.22ms = 14.61ms/프레임
  · ── 표 (§8 잴 것 「밀도: 동시 적 수 ↔ 프레임」)
  · 표 | N=10(산 10) process 7.38ms + physics 2.76ms = 10.14ms/프레임
  · 표 | N=20(산 20) process 9.17ms + physics 6.78ms = 15.95ms/프레임
  · 표 | N=30(산 30) process 5.28ms + physics 3.29ms = 8.57ms/프레임
  · 표 | N=40(산 40) process 5.90ms + physics 4.75ms = 10.65ms/프레임
  · 표 | N=60(산 60) process 7.38ms + physics 7.22ms = 14.61ms/프레임
  · 표 | 예산 8.0ms 안에 드는 가장 큰 N = 0 (동시 추적 적 상한 후보 — 판정 필요)
  · 12몸 무리 — 시작 평균 거리 3.24u → 5초 뒤 1.92u · 제자리 0/12
E2E pack_perf PASS (검사 8)
E2E ▶ bodies_cap
  · 몸 36(먹지네 마디 16 · 황충 4 · 어미 · 일으키는 자) — 0.5초에 74프레임 (평균 6.8ms)
  · 동시 몸 최고 36 / 상한 36
E2E bodies_cap PASS (검사 13)
E2E ▶ gimmicks
  · 밀치기 실측 0.800u (정격 0.8)
  · 몸 36 동시 — 0.5초에 74프레임 (평균 6.8ms)
E2E gimmicks PASS (검사 33)
E2E ▶ item_showcase
  · 바닥 한 줄 6칸: (1.272792, 0.0, 3.687006) → (5.798276, 0.0, 0.858578) (화면 (574.5455, 465.8325) → (914.9091, 511.1803))
  · 더미(한 자리) (3.252691, 0.0, 1.141421) → 화면 (784.0001, 450.7165)
  · 더미 여섯 다시 쌓기 중앙값 0.04ms [0.09 0.05 0.05 0.04 0.04 0.04 0.04]
  · 무리(튀어나옴) (4.24264, 0.0, 1.0) → 화면 (836.3636, 473.3904)
  · 150개 한 점: 다시 쌓기 중앙값 3.28ms [3.48 3.29 3.28 3.17 3.12 3.30 3.15] · 가만히 있는 프레임 중앙값 0.216ms [0.22 0.21 0.23 0.21 0.24]
E2E item_showcase PASS (검사 1704)
E2E ▶ footsteps
  · step_dirt 15번 (14.8칸 달림), 그때 클립 ["run", "run", "run", "run", "run", "run", "run", "run", "run", "run", "run", "run", "run", "run", "run"]
  · 마을(흙) 발소리 간격 0.276, 0.263, 0.269, 0.262, 0.262, 0.269, 0.262, 0.269, 0.262, 0.269, 0.262, 0.269, 0.262, 0.269 (기대 0.265초)
  · step_stone 9번 (9.9칸 달림), 그때 클립 ["run", "run", "run", "run", "run", "run", "run", "run", "run"]
  · 던전(돌) 발소리 간격 0.263, 0.262, 0.269, 0.262, 0.262, 0.269, 0.262, 0.269 (기대 0.265초)
E2E footsteps PASS (검사 13)
E2E ▶ audio_cues
  · Music 플레이어 재생 중 3 (헤드리스 드라이버에 따라 0일 수 있음)
  · 곡 순환 9곡: dungeon_1 → dungeon_3 → dungeon_2 → dungeon_1 → dungeon_4 → dungeon_3 → dungeon_4 → dungeon_1 → dungeon_3
  · 보통 타격 8번 피치×귀 피로: 1.006×1.0, 1.042×1.0, 0.959×1.0, 1.033×1.0, 1.003×1.0, 0.944×0.8, 1.032×0.8, 1.050×0.8
  · 치명 8번 피치×귀 피로: 1.000×1.0, 1.000×1.0, 1.000×1.0, 1.000×1.0, 1.000×1.0, 1.000×1.0, 1.000×1.0, 1.000×1.0
  · 참격: 시전 → 타격 겹 0.62초 (칼이 닿는 시각 0.60초)
  · 참격: 시전 → 타격 겹 0.60초 (칼이 닿는 시각 0.60초)
  · 돌진베기: 시전 → 타격 겹 0.55초 (칼이 닿는 시각 0.55초)
  · 회오리베기: 시전 → 타격 겹 0.45초 (칼이 닿는 시각 0.45초)
  · 앞 절 소리가 끝남 true (재생 중 0)
  · 동시 처치 5: 빼앗김 0 · 같은 큐 상한에 버림 7 · 동시 재생 최고 33/64 · 울림/호출 kill_extra 4/5 · blood_splat 4/5 · body_fall 5/5 · 막타 5번 실시간 폭 37 ms
  · 레벨업 추임새 doho_levelup = 레벨업 606 ms 뒤
E2E audio_cues PASS (검사 110)
E2E ▶ sfx_limiter
  · stop_music 뒤에도 돌던 음악 플레이어: town.ogg -36.0 dB
  · 소리 하나(enemy_die_1.wav): 끔 -1.500 · 켬 -1.500 dBFS
  · normal 끔: 봉우리 +3.54 dBFS · 1.0 넘는 표본 267 · 몸통 400 ms -9.5 dBFS · 울린 겹 6 · 동시에 울던 SFX 플레이어 5/64
  · normal 켬: 봉우리 -1.00 dBFS · 들어온 +3.41 dBFS → 넘침 2 ppm (한계 80 ppm) · 1.0 넘는 표본 0 · 몸통 400 ms -13.0 dBFS · 울린 겹 6 · 동시에 울던 SFX 플레이어 5/64
  · crit 끔: 봉우리 +8.35 dBFS · 1.0 넘는 표본 1317 · 몸통 400 ms -7.4 dBFS · 울린 겹 8 · 동시에 울던 SFX 플레이어 7/64
  · crit 켬: 봉우리 -1.00 dBFS · 들어온 +7.42 dBFS → 넘침 4 ppm (한계 196 ppm) · 1.0 넘는 표본 0 · 몸통 400 ms -13.5 dBFS · 울린 겹 8 · 동시에 울던 SFX 플레이어 7/64
  · 치명 막타 뒤 남는 줄어듦 -0.54 dB (기준음 -20.00 → -20.54 dBFS, 릴리스 0.20초)
  · triple 끔: 봉우리 +12.01 dBFS · 1.0 넘는 표본 2586 · 몸통 400 ms -6.1 dBFS · 울린 겹 19 · 동시에 울던 SFX 플레이어 16/64
  · triple 켬: 봉우리 -1.00 dBFS · 들어온 +12.04 dBFS → 넘침 9 ppm (한계 416 ppm) · 1.0 넘는 표본 0 · 몸통 400 ms -13.8 dBFS · 울린 겹 19 · 동시에 울던 SFX 플레이어 16/64
  · 엔진 넘침 한계 — 봉우리에서 시작하는 165 Hz +10.5 dB: 들어온 +10.50 dBFS → 넘침 275 ppm (+0.0024 dB, 한계 329 ppm · 옛 판정 200 ppm이면 FAIL)
E2E sfx_limiter PASS (검사 11)
E2E SUMMARY: 10/10 PASS
  e2e  (221.0초) — 제한 3600초
== e2e (all − 단독 묶음 10 · 공유 칸 ①/3) ==
E2E start: character_profiles, quest_journal, hud_orb_fx, npc_hover_view, elite_ui_view, hud_hierarchy_view, pickup_feedback_view, icon_intake, automap, pickup_equip, equipment_ui, inactive_gear, portal_roundtrip, waypoint, vendor_quest, vendor_prices, chief_quest, shaman_heal, save_continue, boss_floor, boss_bulgasari, bulgasari_path, boss_jangsanbeom, heukrang_look, heukrang_pounce, visual_swap, run_upright, teleport_settle, hit_feel, element_affix, affix_combat, attack_chain, aspd_steps, skill_then_attack, anim_commit, invisible_sword, heavy_react, pack_ai, kill_slump, kill_bisect, slice_deaths, monster_motion_gallery, element_status, element_ui, talisman_targeting, talisman_throw, talisman_aoe, loot_drop, potion_icons, potion_tiers, loot_props, elite_pack, elite_slots, flee_chase, verify_flows, player_death, wall_cutaway, floor_seams, char_light, town_layout, town_approach, ui_windows, story_cutin, dialogue_band, dialogue_event, ui_docks, ui_tooltips, belt_unify, item_ui, skill_picker, skill_icons, vfx_cues, vfx_cap_blood, skill_area, skill_tiers, aoe_skills, aoe_skills_2, build_changers, dungeon_layout, beomgul_walk, mine_walk, bongmil_walk, town_exits, field_layout, field2_layout, gate_hover, pack_density, slice_loop, plaza_light, town_tour, aoe_field, long_body, named_imugi, serpent_models, pus_jar, roles, roster_swap, gimmicks_m10, behaviors_m9, female_f1, female_float, m14_models, leader_options, surround, weapon_visibility, first_magic, hover_target, system_menu
E2E skip: balance_room, balance_boss, hit_stagger, pack_perf, bodies_cap, gimmicks, item_showcase, footsteps, audio_cues, sfx_limiter (단독 묶음 — 다른 실행이 따로 돈다, #553)
E2E ▶ character_profiles
E2E character_profiles PASS (검사 38)
E2E ▶ quest_journal
  · revision 타입: 저장 전 2 · JSON 복원 3
E2E quest_journal PASS (검사 48)
E2E ▶ hud_orb_fx
E2E hud_orb_fx PASS (검사 30)
E2E ▶ npc_hover_view
E2E npc_hover_view PASS (검사 76)
E2E ▶ elite_ui_view
E2E elite_ui_view PASS (검사 6)
E2E ▶ hud_hierarchy_view
E2E hud_hierarchy_view PASS (검사 4)
E2E ▶ pickup_feedback_view
E2E pickup_feedback_view PASS (검사 3)
E2E ▶ icon_intake
E2E icon_intake PASS (검사 315)
E2E ▶ automap
E2E automap PASS (검사 50)
E2E ▶ pickup_equip
E2E pickup_equip PASS (검사 37)
E2E ▶ equipment_ui
E2E equipment_ui PASS (검사 33)
E2E ▶ inactive_gear
  · 툴팁 줄 [name] 장검
  · 툴팁 줄 [base] 피해 8~14
  · 툴팁 줄 [base] 공격 속도 느림
  · 툴팁 줄 [req] 요구 레벨 5
  · 툴팁 줄 [req] 요구 힘 30
  · 툴팁 줄 [inactive] 요구치 부족 — 꺼짐
  · 툴팁 줄 [hint] 좌클릭: 벗어서 들기
  · 툴팁 줄 [hint] 우클릭 / Shift+클릭: 가방으로 벗기
  · 좌판 ilvl — 못골 들녘 1회차: 무리 레벨 1~3 · max_area_level 3 · 좌판 장비 ilvl [3, 3, 3, 3] · dev G ilvl 들머리 1 / 끝 무리 3
  · 좌판 ilvl — 정령재 1회차: 무리 레벨 4~7 · max_area_level 7 · 좌판 장비 ilvl [7, 7, 7, 7] · dev G ilvl 들머리 4 / 끝 무리 7
  · 좌판 ilvl — 정령재 2회차: 무리 레벨 4~7 · max_area_level 7 · 좌판 장비 ilvl [19, 19, 19, 19] · dev G ilvl 들머리 16 / 끝 무리 19
E2E inactive_gear PASS (검사 50)
E2E ▶ portal_roundtrip
E2E portal_roundtrip PASS (검사 18)
E2E ▶ waypoint
E2E waypoint PASS (검사 12)
E2E ▶ vendor_quest
E2E vendor_quest PASS (검사 42)
E2E ▶ vendor_prices
E2E vendor_prices PASS (검사 12)
E2E ▶ chief_quest
E2E chief_quest PASS (검사 57)
E2E ▶ shaman_heal
E2E shaman_heal PASS (검사 23)
E2E ▶ save_continue
E2E save_continue PASS (검사 12)
E2E ▶ boss_floor
  · 겹침: 송곳니 금 광선 = 封 가운데에서 0.98유닛(封 반폭 1.8 · 반깊이 1.62) · 조각 자리에서 1.08유닛(파문 반지름 1.1)
  · 흑랑 처치 封: 먹 폭 3.6 → 0.36 · 사라짐 4.55초
E2E boss_floor PASS (검사 44)
E2E ▶ boss_bulgasari
  · 화로 Brazier_4_14 · 불가살이 (5.76278, 0.0, 12.45786) · 도호 (2.5, 0.000391, 15.5) · 달아오름 6.00초 · 출처 brazier
  · 달아오름 알림 = 달아오르고 0.38초 뒤 · 그때 도호 바크 없음 · 달아오름 5.6초 남음
  · 엽전 뜯기 물기 — 0.5초 · 선딜 1(코 0) · 닿은 한 대 1 · 맞음 1 · 달아오름 0 · 물러남 0 · 거리 1.72~1.72
  · 바닥 칼 없음 · 불가살이 (5.835188, 0.0, 10.55467) · 붙듦  · 간 1 · 먹은 1
  · 삼키기 사진 틀 (화면 (1280.0, 720.0)) — 보스 머리 (609.5087, 195.7474) · 발 (609.5087, 396.1487) · 「무적」 (606.0571, 182.9219) · 도호 머리 (696.6266, 354.7086) · 몸집 × 1.22 · 겉칠 (0.74, 0.78, 0.86, 0.32)
  · 포효 밀린 칸 3.000 (정격 3.0 · 경직 true · 도호 (9.5, 0.000391, 10.5) → (12.49996, 0.000391, 10.48482) · 불가살이 (8.553748, 0.0, 10.50073))
  · 코 밀린 칸 2.000 (정격 2.0 · 맞음 true · 도호 (10.5, 0.000391, 10.5) → (12.5, 0.000391, 10.49928) · 불가살이 (9.273753, 0.0, 10.50021))
  · 처치 뒤 줄 — 처치 1.80초 · 스킬 포인트 3.50초 (드랍 다 앉음 ≤ 0.92초)
E2E boss_bulgasari PASS (검사 47)
E2E ▶ bulgasari_path
  · 화로 경로 0.00초 몸 (3.99967, 13.09992) · 칼 거리 3.116 · 붙듦 eat_item · 먹은 0
  · 화로 경로 0.50초 몸 (4.317585, 12.02966) · 칼 거리 2.521 · 붙듦 eat_item · 먹은 0
  · 먹기 끝 0.967초 · 몸 (5.551165, 0.000827, 11.55086) · 칼 없음 · 거리 1.298 · 시도 1 · 먹은 1 · HP 1496.0 → 1589.5
E2E bulgasari_path PASS (검사 15)
E2E ▶ boss_jangsanbeom
  · 앞선 덮치기 1번 · 미끼 「서리 이빨」 · 선딜까지 기다림 끝
  · 덮치기: 선딜 자리 (12.21983, 0.0, 5.500493) · 도호 (15.5, 0.000391, 13.5) · 끝 (15.2515, 0.000934, 12.37677) · 끝난 까닭 hit · 도호 지금 (15.5, 0.000391, 13.5)
  · 덮치기·빛 안 물기 뒤 도호 생명 110 → 110 (명중 굴림)
  · 털 낚아채기 끌린 칸 2.871 (기대 2.871 = 거리 4.271 − 몸 앞 1.400 · 경직 true · 도호 (19.5, 0.000391, 12.5) → (16.63266, 0.000391, 12.3647))
E2E boss_jangsanbeom PASS (검사 42)
E2E ▶ heukrang_look
E2E heukrang_look PASS (검사 4)
E2E ▶ heukrang_pounce
  · 흑랑 클립 = attack, die, hit, idle, pounce, pounce_air, pounce_land, run, walk · 덮치기 클립 있음(#506 반입 뒤 — 클립 차례를 검사한다)
  · 돌격 1 — 선딜 0.50초 pounce · 돌진 0.65초 pounce →  → pounce_air · 착지 뒤 0.9초 pounce_land → idle · 뜬 몸 엉덩이 +23cm (선딜 전 높이 기준)
  ·   pounce 재생 배율 × 1.00
  ·   pounce_air 재생 배율 × 1.00
  ·   pounce_land 재생 배율 × 1.00
E2E heukrang_pounce PASS (검사 11)
E2E ▶ visual_swap
E2E visual_swap PASS (검사 65)
E2E ▶ run_upright
  · 달린 시간 1.50초 · 5.7칸 · 갱신 194(달리기 클립 194) · 머리−골반 최저 +0.442 (0.2 미만 0번) · 몸 뼈 최대 어긋남 0.0cm ()
  · 옷 뼈 최대 흔들림(애니와 벌어진 각): Hem_L 25.4°, Hem_R 27.1°, Sleeve_L 73.8°, Sleeve_R 33.2°, SashTail 37.5°
  · 순간이동 5.7칸 → 8번 잼 · 옷 뼈 최대 1.3° (Sleeve_L) · 몸 뼈 최대 0.0cm
E2E run_upright PASS (검사 16)
E2E ▶ teleport_settle
  · 자리 (22.5, 0.000391, 49.5) → 목적지 (27.5, 0.0, 49.5) (5.0칸)
  · 01_before (초기화 끔): 첫 프레임 옷 뼈 69.3° · 끝 19.3cm (Sleeve_L) · 8프레임 최대 112.2° · 끝 29.9cm (Sleeve_R) · 몸 뼈 0.0mm · 프레임별 [69°, 111°, 112°, 110°, 105°, 100°, 93°, 87°]
  · 02_after (초기화 켬): 첫 프레임 옷 뼈 0.1° · 끝 0.0cm (Sleeve_R) · 8프레임 최대 2.3° · 끝 0.7cm (Sleeve_L) · 몸 뼈 0.0mm · 프레임별 [0°, 0°, 1°, 1°, 2°, 2°, 2°, 2°]
E2E teleport_settle PASS (검사 10)
E2E ▶ hit_feel
E2E hit_feel PASS (검사 27)
E2E ▶ element_affix
E2E element_affix PASS (검사 7)
E2E ▶ affix_combat
  · 산적 경직 구간 0.350~0.350 → 회초리 0.450~0.450 · 밀림 0.220 → 0.330
  · 받는 경직 구간 0.300~0.300 → −25% 0.225~0.225 → 상한 0.120~0.120
E2E affix_combat PASS (검사 40)
E2E ▶ attack_chain
  · ① 칸 [0, 1, 2, 0, 1] · 클립 ["attack", "attack2", "attack3", "attack", "attack2"] · 섞기 ["0.12", "0.10", "0.10", "0.10", "0.10"]
E2E attack_chain PASS (검사 21)
E2E ▶ aspd_steps
  · 0단계: 공속 1.100 · 간격 0.9091초 · 실제 휘두름 사이 0.917초
  · 10단계(예도 합 15): 공속 1.210 · 간격 0.8264초 · 실제 휘두름 사이 0.833초
  · 툴팁(예도) ["공격 속도", "장비 없이 1.10", "현재 1.21", "공속 +15% → 단계 +10% · 다음 단계까지 +5%"]
  · 20단계(예도 + 빠른 5, 합 20): 공속 1.320 · 간격 0.7576초 · 실제 휘두름 사이 0.767초
  · 툴팁(예도 + 빠른 5) ["공격 속도", "장비 없이 1.10", "현재 1.32", "공속 +20% → 단계 +20% · 다음 단계까지 +10%"]
E2E aspd_steps PASS (검사 27)
E2E ▶ skill_then_attack
  · ① 참격: 시전 → 다음 평타 1.33초 (동작 1.33초) · 그 사이 클립 ["skill_strike"] · 평타가 시작될 때 skill_strike 94% 돎 · 다음 평타 attack2
  · ② 회오리: 시전 → 다음 평타 1.17초 (동작 1.15초) · 그 사이 클립 ["skill_whirl"] · 평타가 시작될 때 skill_whirl 95% 돎 · 다음 평타 attack2
  · ③ 돌진베기: 시전 → 다음 평타 1.73초 (동작 1.74초) · 그 사이 클립 ["skill_leap"] · 평타가 시작될 때 skill_leap 96% 돎 · 다음 평타 attack
  · ④ 부적: 시전 → 다음 평타 0.80초 (동작 0.80초) · 그 사이 클립 ["cast"] · 평타가 시작될 때 cast 100% 돎 · 다음 평타 attack2
E2E skill_then_attack PASS (검사 64)
E2E ▶ anim_commit
  · 무대 = 방 가운데 (22.5, 0.0, 49.5) · 적 쪽 (1.0, 0.0, 0.0)(트임 6.0) · 땅 클릭 (19.5, 0.0, 49.5) · 먼 적 (22.5, 0.0, 53.5)
  · 땅 클릭 (휘두름 시작 + 0.063초 · 칼이 닿기 0.207초 전 · 누를 때 클립 attack): 0.15초 뒤 0.00유닛 움직임 · 클립 attack · 그 칼 맞음 (피해 틱 0.271초) · 동작 끝(시작 + 0.600초)까지 0.00유닛 · 끝나고 0.1초 뒤 클립 run · 첫 걸음 = 클릭 뒤 +0.548초(동작 끝 = 클릭 뒤 0.548초) · 끝나고 1.5초 뒤 클릭 자리까지 0.13유닛
  · 먼 적 클릭(4.0유닛 옆) (휘두름 시작 + 0.061초 · 칼이 닿기 0.209초 전 · 누를 때 클립 attack): 0.15초 뒤 0.00유닛 움직임 · 클립 attack · 그 칼 맞음 (피해 틱 0.272초) · 동작 끝(시작 + 0.600초)까지 0.00유닛 · 끝나고 0.1초 뒤 클립 run · 첫 걸음 = 클릭 뒤 +0.557초(동작 끝 = 클릭 뒤 0.542초) · 끝나고 1.5초 뒤 먼 적까지 1.53유닛 · 먼 적 피해 2번 · 타깃 = 먼 적
  · 평타 중 참격 (평타 attack 시작 + 0.037초 = 칼 닿기 0.233초 전 우클릭): 평타 클립이 돈 창 0.602초(동작 0.60) · skill_strike 시작 = 우클릭 +0.565초 · 이 사이 피해(맞을 때 클립 · 우클릭 기준) ["attack 45% @ 우클릭 +0.235초", "skill_strike 45% @ 우클릭 +1.166초"] · 평타: attack attack: 동작 0.60초 · 예약 피해 0.270초 · 피해 틱 0.272초(클립 45.4%) · 칼끝 최고속 0.268초(클립 44.7%, 245.9 u/s) · 차이(피해 − 최고속) +0.004초 = +0.2틱 · 피해 틱 칼끝 100% · [뾰족1.3%] 90% 이상 프레임 [0] · 곡선 50 84 165 215 [246] 0 0 0 0 0 0 0 0 143 90 66 · 곁들이(피해 틱 기준 초) 타격 소리 +0.000 · 먹 튐 +0.000 · 도장 — · 반달·고리 — · 검광 끝 +0.155 · 참격 skill_strike: 동작 1.33초 · 예약 피해 0.600초 · 피해 틱 0.602초(클립 45.1%) · 칼끝 최고속 0.590초(클립 44.3%, 112.9 u/s) · 차이(피해 − 최고속) +0.011초 = +0.7틱 · 피해 틱 칼끝 90% · [뾰족0.6%] 90% 이상 프레임 [-1] · 곡선 68 81 81 113 [102] 0 0 0 0 0 0 0 0 0 59 64 35 · 곁들이(피해 틱 기준 초) 타격 소리 +0.000 · 먹 튐 +0.000 · 도장 +0.000 · 반달·고리 -0.038 · 검광 끝 +0.152
  · 피격 중 평타: 맞음 1 · 맞은 뒤 클립 attack · 평타 attack: 동작 0.60초 · 예약 피해 0.270초 · 피해 틱 0.276초(클립 46.0%) · 칼끝 최고속 0.264초(클립 44.0%, 244.2 u/s) · 차이(피해 − 최고속) +0.012초 = +0.7틱 · 피해 틱 칼끝 77% · [뾰족1.1%] 90% 이상 프레임 [-1] · 곡선 56 120 192 244 [188] 0 0 0 0 0 0 0 0 115 82 54 · 곁들이(피해 틱 기준 초) 타격 소리 +0.000 · 먹 튐 +0.000 · 도장 — · 반달·고리 — · 검광 끝 +0.146
  · 피격 중 참격: 맞음 1 · 맞은 뒤 클립 skill_strike · 참격 skill_strike: 동작 1.33초 · 예약 피해 0.600초 · 피해 틱 0.604초(클립 45.3%) · 칼끝 최고속 0.596초(클립 44.7%, 114.2 u/s) · 차이(피해 − 최고속) +0.009초 = +0.5틱 · 피해 틱 칼끝 56% · [뾰족1.1%] 90% 이상 프레임 [-2, -1] · 곡선 88 70 111 114 [64] 0 0 0 0 0 0 0 0 0 61 67 36 · 곁들이(피해 틱 기준 초) 타격 소리 +0.000 · 먹 튐 +0.000 · 도장 +0.000 · 반달·고리 -0.043 · 검광 끝 +0.156
  · 누른 채 땅 (휘두름 시작 + 0.047초 · 칼이 닿기 0.223초 전 · 누를 때 클립 attack): 0.15초 뒤 0.00유닛 움직임 · 클립 attack · 그 칼 맞음 (피해 틱 0.275초) · 동작 끝(시작 + 0.600초)까지 0.00유닛 · 끝나고 0.1초 뒤 클립 run · 첫 걸음 = 클릭 뒤 +0.559초(동작 끝 = 클릭 뒤 0.559초) · 끝나고 1.5초 뒤 누른 자리까지 3.87유닛
  · 표 — 행마다: 동작 길이 · 예약 피해(impact_frac × 동작) · 피해 틱(시작 뒤 초 · 클립 %) · 칼끝 최고속(시작 뒤 초 · 클립 % · Visual 공간 u/s) · 차이(피해 − 최고속, 초 · 60Hz 틱) · 피해 틱 칼끝 속도 ÷ 최고속 · 90% 이상 프레임(피해 프레임 기준) · 칼끝 곡선(u/s, [피해 프레임]) · 곁들이(피해 틱 기준 초)
  · 평타1 attack: 동작 0.60초 · 예약 피해 0.270초 · 피해 틱 0.275초(클립 45.9%) · 칼끝 최고속 0.264초(클립 44.0%, 246.0 u/s) · 차이(피해 − 최고속) +0.011초 = +0.7틱 · 피해 틱 칼끝 80% · [뾰족1.1%] 90% 이상 프레임 [-1] · 곡선 57 127 196 246 [197] 0 0 0 0 0 0 0 0 0 122 86 61 · 곁들이(피해 틱 기준 초) 타격 소리 +0.000 · 먹 튐 +0.000 · 도장 — · 반달·고리 — · 검광 끝 +0.146
  · 평타2 attack2: 동작 0.60초 · 예약 피해 0.276초 · 피해 틱 0.279초(클립 46.5%) · 칼끝 최고속 0.275초(클립 45.9%, 120.4 u/s) · 차이(피해 − 최고속) +0.004초 = +0.2틱 · 피해 틱 칼끝 100% · [평평2.3%] 90% 이상 프레임 [-1, 0] · 곡선 21 53 87 118 [120] 0 0 0 0 0 0 0 0 0 100 70 46 · 곁들이(피해 틱 기준 초) 타격 소리 +0.000 · 먹 튐 +0.000 · 도장 — · 반달·고리 — · 검광 끝 +0.147
  · 평타3 attack3: 동작 0.60초 · 예약 피해 0.270초 · 피해 틱 0.271초(클립 45.2%) · 칼끝 최고속 0.267초(클립 44.6%, 163.4 u/s) · 차이(피해 − 최고속) +0.004초 = +0.2틱 · 피해 틱 칼끝 100% · [뾰족1.2%] 90% 이상 프레임 [0] · 곡선 22 40 72 142 [163] 0 0 0 0 0 0 0 0 0 112 94 64 · 곁들이(피해 틱 기준 초) 타격 소리 +0.000 · 먹 튐 +0.000 · 도장 — · 반달·고리 — · 검광 끝 +0.151
  · 참격 skill_strike: 동작 1.33초 · 예약 피해 0.600초 · 피해 틱 0.604초(클립 45.3%) · 칼끝 최고속 0.592초(클립 44.4%, 113.7 u/s) · 차이(피해 − 최고속) +0.011초 = +0.7틱 · 피해 틱 칼끝 76% · [뾰족0.6%] 90% 이상 프레임 [-1] · 곡선 74 77 90 114 [86] 0 0 0 0 0 0 0 0 0 60 55 34 · 곁들이(피해 틱 기준 초) 타격 소리 +0.000 · 먹 튐 +0.000 · 도장 +0.000 · 반달·고리 -0.040 · 검광 끝 +0.161
  · 회오리베기 skill_whirl: 동작 1.15초 · 예약 피해 0.450초 · 피해 틱 0.457초(클립 39.7%) · 칼끝 최고속 0.445초(클립 38.7%, 83.8 u/s) · 차이(피해 − 최고속) +0.012초 = +0.7틱 · 피해 틱 칼끝 87% · [뾰족1.4%] 90% 이상 프레임 [-2, -1] · 곡선 49 66 76 84 [73] 0 0 0 0 0 0 0 0 0 70 68 52 · 곁들이(피해 틱 기준 초) 타격 소리 +0.000 · 먹 튐 +0.000 · 도장 +0.000 · 반달·고리 -0.047 · 검광 끝 +0.156
  · 돌진베기 skill_leap: 동작 1.74초 · 예약 피해 0.548초 · 피해 틱 0.554초(클립 31.8%) · 칼끝 최고속 0.542초(클립 31.2%, 108.0 u/s) · 차이(피해 − 최고속) +0.012초 = +0.7틱 · 피해 틱 칼끝 77% · [뾰족0.4%] 90% 이상 프레임 [-1] · 곡선 17 39 57 108 [83] 0 0 0 0 0 0 0 0 0 65 55 44 · 곁들이(피해 틱 기준 초) 타격 소리 +0.000 · 먹 튐 +0.000 · 도장 +0.000 · 반달·고리 — · 검광 끝 +0.155 · 몸 5.0유닛 이동 — 이동 끝 0.554초 · 도착 0.554초 · 적 곁을 지난 때 0.422초(피해 틱은 그 +0.132초 뒤)
  · 찌르기 skill_thrust: 동작 0.63초 · 예약 피해 0.322초 · 피해 틱 0.323초(클립 51.1%) · 칼끝 최고속 0.319초(클립 50.5%, 81.4 u/s) · 차이(피해 − 최고속) +0.004초 = +0.2틱 · 피해 틱 칼끝 100% · [뾰족1.2%] 90% 이상 프레임 [0] · 곡선 51 46 48 58 [81] 0 0 0 0 0 0 0 0 0 45 32 28 · 곁들이(피해 틱 기준 초) 타격 소리 +0.000 · 먹 튐 +0.000 · 도장 +0.000 · 반달·고리 — · 검광 끝 +0.159
  · 도약 베기 skill_leap: 동작 1.74초 · 예약 피해 0.548초 · 피해 틱 0.550초(클립 31.6%) · 칼끝 최고속 0.546초(클립 31.4%, 104.1 u/s) · 차이(피해 − 최고속) +0.004초 = +0.2틱 · 피해 틱 칼끝 100% · [뾰족0.4%] 90% 이상 프레임 [0] · 곡선 15 31 43 88 [104] 0 0 0 0 0 0 0 0 0 67 65 45 · 곁들이(피해 틱 기준 초) 타격 소리 +0.000 · 먹 튐 +0.000 · 도장 +0.000 · 반달·고리 — · 검광 끝 +0.160
  · 평타 중 참격 skill_strike: 동작 1.33초 · 예약 피해 0.600초 · 피해 틱 0.602초(클립 45.1%) · 칼끝 최고속 0.590초(클립 44.3%, 112.9 u/s) · 차이(피해 − 최고속) +0.011초 = +0.7틱 · 피해 틱 칼끝 90% · [뾰족0.6%] 90% 이상 프레임 [-1] · 곡선 68 81 81 113 [102] 0 0 0 0 0 0 0 0 0 59 64 35 · 곁들이(피해 틱 기준 초) 타격 소리 +0.000 · 먹 튐 +0.000 · 도장 +0.000 · 반달·고리 -0.038 · 검광 끝 +0.152
  · 그림 프레임 간격 가운데 0.0078초 · 가장 긴 0.1484초 (3874프레임)
E2E anim_commit PASS (검사 65)
E2E ▶ invisible_sword
  · ① 순서(시작 뒤 초) 평타 0.00 → 참격 0.60 → 평타 1.93 → 참격 2.53 → 평타 3.87 → 참격 4.47 → 평타 5.80 → 참격 6.40
  · ④ 옛 자리 ↔ 새 자리 24.0유닛 · 층 이동 뒤 피해 0 (옛 자리 허수아비 0) · 곁들이 []
  · ② 평타 — 시작 뒤 0.22초에 쓰러짐 · 그 전 피해 0 · 뒤 피해 0 · 뒤 곁들이 []
  · ② 참격 — 시작 뒤 0.32초에 쓰러짐 · 그 전 피해 0 · 뒤 피해 0 · 뒤 곁들이 []
  · ② 회오리 — 시작 뒤 0.17초에 쓰러짐 · 그 전 피해 0 · 뒤 피해 0 · 뒤 곁들이 []
  · ② 돌진 · 떠나기 전 — 시작 뒤 0.12초에 쓰러짐 · 그 전 피해 0 · 뒤 피해 0 · 뒤 곁들이 []
  · ② 돌진 · 도약 중 — 시작 뒤 0.47초에 쓰러짐 · 그 전 피해 0 · 뒤 피해 0 · 뒤 곁들이 []
  · ② 부적 시전 — 시작 뒤 0.27초에 쓰러짐 · 그 전 피해 0 · 뒤 피해 0 · 뒤 곁들이 []
E2E invisible_sword PASS (검사 68)
E2E ▶ heavy_react
  · ① 평타 1타: 뜬 높이 0.00 · 앞 0.22 · 옆 0.00 · 밀림 속도 3.67 · 반응 0.37초 · 클립 hit, run · 공격 0
  · ② 평타 3타: 뜬 높이 0.00 · 앞 0.33 · 옆 0.03 · 밀림 속도 5.50 · 반응 0.37초 · 클립 hit, run · 공격 0
  · ③ 강타(참격): 뜬 높이 0.52 · 앞 1.40 · 옆 0.00 · 밀림 속도 0.00 · 반응 1.45초 · 클립 hit, die, idle · 공격 0
  · ④ 회오리: 뜬 높이 0.47 · 앞 1.20 · 옆 0.00 · 밀림 속도 0.00 · 반응 1.42초 · 클립 hit, die, idle · 공격 0
  · ⑤ 돌진베기: 뜬 높이 0.00 · 앞 0.22 · 옆 0.00 · 밀림 속도 3.67 · 반응 0.37초 · 클립 hit, run · 공격 0
  · ⑥ 부적술사 강타: 뜬 높이 0.52 · 앞 1.40 · 옆 0.00 · 밀림 속도 0.00 · 반응 1.45초 · 클립 attack, die, idle · 공격 0
  · ⑦ 박쥐 강타: 뜬 높이 0.69 · 앞 1.96 · 옆 0.00 · 밀림 속도 0.00 · 반응 1.53초 · 클립  · 공격 0
  · ⑧ 흑랑 강타(제외): 뜬 높이 0.00 · 앞 0.08 · 옆 0.00 · 밀림 속도 1.33 · 반응 0.13초 · 클립 hit, idle · 공격 0
  · ⑨ 쿨다운 3.0초: 넘어져 있는 1.45초 + 쿨다운 = 한 판 4.45초 중 33%가 누움 (쿨다운 0이면 강타 쿨 1.5초에 걸려 97%)
  · ⑫ 돌진베기 넘어뜨리기 시험: 적 3.07u에서 맞아 4.37u에 누움 · 도호는 5.00u에 섬 → 사이 0.63u (겹침 문턱 0.80u) · 날아가는 내내 가장 가까웠던 거리 0.63u
  · ── 표 | 타격 · 적 | 뜬 높이 | 앞 거리 | 밀림 속도 | 반응 | 클립
  · 표 | ① 평타 1타 · 산적 | 0.00 | 0.22 | 3.67 | 0.37초 | hit, run
  · 표 | ② 평타 3타 · 산적 | 0.00 | 0.33 | 5.50 | 0.37초 | hit, run
  · 표 | ③ 강타(참격) · 산적 | 0.52 | 1.40 | 0.00 | 1.45초 | hit, die, idle
  · 표 | ④ 회오리 · 산적 | 0.47 | 1.20 | 0.00 | 1.42초 | hit, die, idle
  · 표 | ⑤ 돌진베기 · 산적 | 0.00 | 0.22 | 3.67 | 0.37초 | hit, run
  · 표 | ⑥ 강타 · 부적술사 | 0.52 | 1.40 | 0.00 | 1.45초 | attack, die, idle
  · 표 | ⑦ 강타 · 박쥐 | 0.69 | 1.96 | 0.00 | 1.53초 | (없음)
  · 표 | ⑧ 강타 · 흑랑(제외) | 0.00 | 0.08 | 1.33 | 0.13초 | hit, idle
  · §6.6 구현 있음(2단계 판정선) · 넘어짐 = 날아감 + 누움 0.5초 + 일어남 0.45초 · 쿨다운 3.0초
E2E heavy_react PASS (검사 97)
E2E ▶ pack_ai
  · 띠 첫 자리 (18.5, 0.0, 64.5)
  · §13.4.1 구현 있음 — 판정선을 본다
  · ── 표 (§13.4.1 전/후)
  · 표 | ① 무리 어그로: 한 대 뒤 깬 A 3/3 · B 0/3 · 신호 1+2 · 4.5초 뒤 A 곁 3/3 · B 깸 0
  · 표 | ② 놓침: 붙은 뒤 도호 24.9u 밖 → LOST 6.02초 · 도호 쪽 끝 x +5.75 (본 자리 +6.00) · 두리번 3.02초(517°) · 쉼 = 본 자리 0.25u · 처음 자리 8.75u · 숨음 → LOST 0.02초
  · 표 | ③ 흩어짐: 하수인 셋 — 멀어진 거리(가장 적은 몸) +5.55u · 흩어지는 2.5초 동안 공격 시작 0 · 돌아옴 [2.51666666666438, 2.51666666666438, 2.51666666666438] · 4.5초 뒤 다시 다가옴 3/3 · 곁(3칸) 3/3 · 박쥐 흩어짐 false
  · 표 | ④ 넘어뜨림: 산적 선딜 넘어짐 true · 한 대 0 | 우두머리 선딜 넘어짐 false · 선딜 그대로 true · 한 대 1 | 쫓던 우두머리 넘어짐 false · 경직 0.11초 · 넉백 속도 1.10 | 흑랑 넘어짐 false
E2E pack_ai PASS (검사 46)
E2E ▶ kill_slump
  · ① 평타 막타: 누움 0.79초 · 이동 0.00 · 누운 골반 0.12 · 비틀림 0
  · ② 비틀림 갈래 [-1, 0, 1, 0, -1, 1] · 누운 방향 [-25.9999986745346, -0.00000250447817, 26.0000004957675, -0.00000250447817, -25.9999986745346, 26.0000004957675]°
  · ⑥ 박쥐 평타: 이동 0.00 · 모델 높이 0.93 → 0.19
  · 시체 10 · 핏자국 14 (상한 32) · 피 튐 크기 1.00
E2E kill_slump PASS (검사 51)
E2E ▶ kill_bisect
  · ① 평타 치명 (게임 369.9초에 막타 · +0.22초 갈라짐): 윗몸 옆으로 0.41 · 아랫몸 75° · 뿜음 4
  · ③ 강타 치명 (게임 371.8초에 막타): cleave · 윗몸 0.41u (계획 0.41) · 최고 +0.00
  · ⑦ 평타 (게임 373.6초에 막타): 칼 방향 (0.934999, 0.304707, -0.181467) · 칼끝 속도 (16.01812, -4.159856, -13.03031) → 궤적 11.4° · 갈래 h · 단면 11.4° · slide · 윗몸 계획 0.44u
  · ⑦ 회오리베기 (게임 375.5초에 막타): 칼 방향 (-0.899384, 0.370301, -0.232346) · 칼끝 속도 (-9.291158, -0.29202, -15.44667) → 궤적 0.9° · 갈래 h · 단면 0.9° · cleave · 윗몸 계획 0.45u
  · ⑦ 참격 (게임 377.6초에 막타): 칼 방향 (0.036027, -0.4832, -0.874768) · 칼끝 속도 (2.954147, -14.83363, -8.620407) → 궤적 58.4° · 갈래 d · 단면 55.0° · slide · 윗몸 계획 0.34u
  · 무대 17곳 · 단면 기울기 평타 11.4° · 회오리 0.9° · 참격 55.0° · 시체 10 · 핏자국 17
E2E kill_bisect PASS (검사 68)
E2E ▶ slice_deaths
  · 무대 = (23.5, 0.0, 46.5) · 간격 ×1.00 · 도호 = 줄 앞 3.0u
  · ① 평타 막타 — 게임 381.67초에 막타 (여섯 몸 같은 프레임)
  ·   사람형: 이동 0.00 · 뜸 0.00 · 두 동강 false · 윗몸 0.00 · 단면 - · 누움 0.82초 · die 클립 true · 죽음 slump/slump
  ·   짐승: 이동 0.00 · 뜸 0.00 · 두 동강 false · 윗몸 0.00 · 단면 - · 누움 0.67초 · die 클립 true · 죽음 plague/slump
  ·   벌레: 이동 0.00 · 뜸 0.00 · 두 동강 false · 윗몸 0.00 · 단면 - · 누움 0.53초 · die 클립 false · 죽음 plague/drop
  ·   떠다님·피: 이동 0.00 · 뜸 0.00 · 두 동강 false · 윗몸 0.00 · 단면 - · 누움 0.53초 · die 클립 false · 죽음 drop/drop
  ·   떠다님·넋: 이동 0.00 · 뜸 0.00 · 두 동강 false · 윗몸 0.00 · 단면 - · 누움 0.53초 · die 클립 false · 죽음 scatter/scatter
  ·   큰 덩치: 이동 0.00 · 뜸 0.00 · 두 동강 false · 윗몸 0.00 · 단면 - · 누움 0.82초 · die 클립 true · 죽음 slump/slump
  · ② 평타 치명 막타 — 게임 383.92초에 막타 (여섯 몸 같은 프레임)
  ·   사람형: 이동 0.00 · 뜸 0.00 · 두 동강 true · 윗몸 0.44 · 단면 0° · 누움 0.83초 · die 클립 true · 죽음 cleave/cleave
  ·   짐승: 이동 0.00 · 뜸 0.00 · 두 동강 true · 윗몸 0.41 · 단면 90° · 누움 0.83초 · die 클립 true · 죽음 plague/cleave
  ·   벌레: 이동 0.00 · 뜸 0.00 · 두 동강 false · 윗몸 0.00 · 단면 - · 누움 0.53초 · die 클립 false · 죽음 plague/slashed
  ·   떠다님·피: 이동 0.00 · 뜸 0.00 · 두 동강 false · 윗몸 0.00 · 단면 - · 누움 0.53초 · die 클립 false · 죽음 slashed/slashed
  ·   떠다님·넋: 이동 0.00 · 뜸 0.00 · 두 동강 false · 윗몸 0.00 · 단면 - · 누움 0.53초 · die 클립 false · 죽음 scatter/scatter
  ·   큰 덩치: 이동 0.00 · 뜸 0.00 · 두 동강 true · 윗몸 0.44 · 단면 0° · 누움 1.13초 · die 클립 true · 죽음 slide/slide
  · ③ 참격 막타 — 사선 칼 — 게임 386.18초에 막타 (여섯 몸 같은 프레임)
  ·   사람형: 이동 0.00 · 뜸 0.00 · 두 동강 true · 윗몸 0.33 · 단면 45° · 누움 0.82초 · die 클립 true · 죽음 cleave/cleave
  ·   짐승: 이동 0.00 · 뜸 0.00 · 두 동강 true · 윗몸 0.41 · 단면 90° · 누움 0.82초 · die 클립 true · 죽음 plague/cleave
  ·   벌레: 이동 0.00 · 뜸 0.00 · 두 동강 false · 윗몸 0.00 · 단면 - · 누움 0.53초 · die 클립 false · 죽음 plague/slashed
  ·   떠다님·피: 이동 0.00 · 뜸 0.00 · 두 동강 false · 윗몸 0.00 · 단면 - · 누움 0.53초 · die 클립 false · 죽음 slashed/slashed
  ·   떠다님·넋: 이동 0.00 · 뜸 0.00 · 두 동강 false · 윗몸 0.00 · 단면 - · 누움 0.53초 · die 클립 false · 죽음 scatter/scatter
  ·   큰 덩치: 이동 0.00 · 뜸 0.00 · 두 동강 true · 윗몸 0.37 · 단면 45° · 누움 1.13초 · die 클립 true · 죽음 slide/slide
  · ④ 회오리 막타 — 가로 칼 — 게임 388.47초에 막타 (여섯 몸 같은 프레임)
  ·   사람형: 이동 0.00 · 뜸 0.00 · 두 동강 true · 윗몸 0.33 · 단면 0° · 누움 0.82초 · die 클립 true · 죽음 cleave/cleave
  ·   짐승: 이동 0.00 · 뜸 0.00 · 두 동강 true · 윗몸 0.41 · 단면 90° · 누움 0.82초 · die 클립 true · 죽음 plague/cleave
  ·   벌레: 이동 0.00 · 뜸 0.00 · 두 동강 false · 윗몸 0.00 · 단면 - · 누움 0.52초 · die 클립 false · 죽음 plague/slashed
  ·   떠다님·피: 이동 0.00 · 뜸 0.00 · 두 동강 false · 윗몸 0.00 · 단면 - · 누움 0.52초 · die 클립 false · 죽음 slashed/slashed
  ·   떠다님·넋: 이동 0.00 · 뜸 0.00 · 두 동강 false · 윗몸 0.00 · 단면 - · 누움 0.52초 · die 클립 false · 죽음 scatter/scatter
  ·   큰 덩치: 이동 0.00 · 뜸 0.00 · 두 동강 true · 윗몸 0.44 · 단면 0° · 누움 1.12초 · die 클립 true · 죽음 slide/slide
  · ⑤ 도약 베기 막타 — 세로 칼 — 게임 390.73초에 막타 (여섯 몸 같은 프레임)
  ·   사람형: 이동 0.00 · 뜸 0.00 · 두 동강 true · 윗몸 0.99 · 단면 90° · 누움 0.68초 · die 클립 true · 죽음 cleave/cleave
  ·   짐승: 이동 0.00 · 뜸 0.00 · 두 동강 true · 윗몸 0.41 · 단면 90° · 누움 0.83초 · die 클립 true · 죽음 plague/cleave
  ·   벌레: 이동 0.00 · 뜸 0.00 · 두 동강 false · 윗몸 0.00 · 단면 - · 누움 0.52초 · die 클립 false · 죽음 plague/slashed
  ·   떠다님·피: 이동 0.00 · 뜸 0.00 · 두 동강 false · 윗몸 0.00 · 단면 - · 누움 0.52초 · die 클립 false · 죽음 slashed/slashed
  ·   떠다님·넋: 이동 0.00 · 뜸 0.00 · 두 동강 false · 윗몸 0.00 · 단면 - · 누움 0.52초 · die 클립 false · 죽음 scatter/scatter
  ·   큰 덩치: 이동 0.00 · 뜸 0.00 · 두 동강 true · 윗몸 1.77 · 단면 90° · 누움 0.83초 · die 클립 true · 죽음 cleave/cleave
  · ⑥ 참격 치명 + 넘친 피해 — 게임 393.00초에 막타 (여섯 몸 같은 프레임)
  ·   사람형: 이동 0.00 · 뜸 0.00 · 두 동강 true · 윗몸 0.45 · 단면 45° · 누움 0.83초 · die 클립 true · 죽음 gibs/cleave
  ·   짐승: 이동 0.00 · 뜸 0.00 · 두 동강 true · 윗몸 0.41 · 단면 90° · 누움 0.83초 · die 클립 true · 죽음 plague/cleave
  ·   벌레: 이동 0.00 · 뜸 0.00 · 두 동강 false · 윗몸 0.00 · 단면 - · 누움 0.53초 · die 클립 false · 죽음 plague/slashed
  ·   떠다님·피: 이동 0.00 · 뜸 0.00 · 두 동강 false · 윗몸 0.00 · 단면 - · 누움 0.53초 · die 클립 false · 죽음 slashed/slashed
  ·   떠다님·넋: 이동 0.00 · 뜸 0.00 · 두 동강 false · 윗몸 0.00 · 단면 - · 누움 0.53초 · die 클립 false · 죽음 scatter/scatter
  ·   큰 덩치: 이동 0.00 · 뜸 0.00 · 두 동강 true · 윗몸 0.37 · 단면 45° · 누움 1.13초 · die 클립 true · 죽음 gibs/slide
  · ⑦ 화염 막타 (부적, dev 강제) — 게임 395.27초에 막타 (여섯 몸 같은 프레임)
  ·   사람형: 이동 0.00 · 뜸 0.00 · 두 동강 false · 윗몸 0.00 · 단면 - · 누움 0.52초 · die 클립 true · 죽음 ash/ash
  ·   짐승: 이동 0.00 · 뜸 0.00 · 두 동강 false · 윗몸 0.00 · 단면 - · 누움 0.52초 · die 클립 true · 죽음 ash/ash
  ·   벌레: 이동 0.00 · 뜸 0.00 · 두 동강 false · 윗몸 0.00 · 단면 - · 누움 0.52초 · die 클립 false · 죽음 ash/ash
  ·   떠다님·피: 이동 0.00 · 뜸 0.00 · 두 동강 false · 윗몸 0.00 · 단면 - · 누움 0.52초 · die 클립 false · 죽음 ash/ash
  ·   떠다님·넋: 이동 0.00 · 뜸 0.00 · 두 동강 false · 윗몸 0.00 · 단면 - · 누움 0.52초 · die 클립 false · 죽음 ash/ash
  ·   큰 덩치: 이동 0.00 · 뜸 0.00 · 두 동강 false · 윗몸 0.00 · 단면 - · 누움 0.52초 · die 클립 true · 죽음 ash/ash
  · ⑧ 냉기 막타 (빙결 뒤 참격, dev 강제) — 게임 397.53초에 막타 (여섯 몸 같은 프레임)
  ·   사람형: 이동 0.00 · 뜸 0.00 · 두 동강 false · 윗몸 0.00 · 단면 - · 누움 0.52초 · die 클립 true · 죽음 shatter/shatter
  ·   짐승: 이동 0.00 · 뜸 0.00 · 두 동강 false · 윗몸 0.00 · 단면 - · 누움 0.52초 · die 클립 true · 죽음 shatter/shatter
  ·   벌레: 이동 0.00 · 뜸 0.00 · 두 동강 false · 윗몸 0.00 · 단면 - · 누움 0.52초 · die 클립 false · 죽음 shatter/shatter
  ·   떠다님·피: 이동 0.00 · 뜸 0.00 · 두 동강 false · 윗몸 0.00 · 단면 - · 누움 0.52초 · die 클립 false · 죽음 shatter/shatter
  ·   떠다님·넋: 이동 0.00 · 뜸 0.00 · 두 동강 false · 윗몸 0.00 · 단면 - · 누움 0.52초 · die 클립 false · 죽음 shatter/shatter
  ·   큰 덩치: 이동 0.00 · 뜸 0.00 · 두 동강 false · 윗몸 0.00 · 단면 - · 누움 0.52초 · die 클립 true · 죽음 shatter/shatter
  · ⑨ 피 끄기 + 참격 막타 — 게임 399.80초에 막타 (여섯 몸 같은 프레임)
  ·   사람형: 이동 0.00 · 뜸 0.00 · 두 동강 true · 윗몸 0.33 · 단면 45° · 누움 0.83초 · die 클립 true · 죽음 cleave/cleave
  ·   짐승: 이동 0.00 · 뜸 0.00 · 두 동강 true · 윗몸 0.41 · 단면 90° · 누움 0.83초 · die 클립 true · 죽음 plague/cleave
  ·   벌레: 이동 0.00 · 뜸 0.00 · 두 동강 false · 윗몸 0.00 · 단면 - · 누움 0.53초 · die 클립 false · 죽음 plague/slashed
  ·   떠다님·피: 이동 0.00 · 뜸 0.00 · 두 동강 false · 윗몸 0.00 · 단면 - · 누움 0.53초 · die 클립 false · 죽음 slashed/slashed
  ·   떠다님·넋: 이동 0.00 · 뜸 0.00 · 두 동강 false · 윗몸 0.00 · 단면 - · 누움 0.53초 · die 클립 false · 죽음 scatter/scatter
  ·   큰 덩치: 이동 0.00 · 뜸 0.00 · 두 동강 true · 윗몸 0.37 · 단면 45° · 누움 1.13초 · die 클립 true · 죽음 slide/slide
  · ⑩ 산적1 — 게임 402.07초에 막타
  · ⑩ 산적2 — 게임 402.88초에 막타
  · ⑩ 산적3 — 게임 403.70초에 막타
  · ⑩ 산적4 — 게임 404.52초에 막타
  · ⑩ 산적5 — 게임 405.33초에 막타
  · ⑩ 반복 — 같은 참격(사선 칼) 다섯 번:
  ·   산적1: 이동 0.00 · 뜸 0.00 · 두 동강 true · 윗몸 0.33 · 단면 45° · 누움 0.83초 · die 클립 true · 죽음 cleave/cleave
  ·   산적2: 이동 0.00 · 뜸 0.00 · 두 동강 true · 윗몸 0.37 · 단면 45° · 누움 1.12초 · die 클립 true · 죽음 slide/slide
  ·   산적3: 이동 0.00 · 뜸 0.00 · 두 동강 true · 윗몸 0.33 · 단면 45° · 누움 0.83초 · die 클립 true · 죽음 cleave/cleave
  ·   산적4: 이동 0.00 · 뜸 0.00 · 두 동강 true · 윗몸 0.37 · 단면 45° · 누움 1.12초 · die 클립 true · 죽음 slide/slide
  ·   산적5: 이동 0.00 · 뜸 0.00 · 두 동강 true · 윗몸 0.33 · 단면 45° · 누움 0.83초 · die 클립 true · 죽음 cleave/cleave
E2E slice_deaths PASS (검사 111)
E2E ▶ monster_motion_gallery
  · 봉우리 셈 자기검사 — 표본 위상 20가지 × 봉우리 셋: 꼭짓점 폭 0.0025초 (표본 그대로면 0.0158초) · 대칭 봉우리 오차 0.0002초
  · 무대 = (34.5, 0.0, 14.5) · 숨긴 풀·꽃 0 · 도호 = 오른쪽 8.4u
  · 사진 = 구간마다 틀(쉼 (-8.4, 5.4) · 걷기 (-8.4, 5.8) · 달리기 (-8.4, 7.9), 여백 5%) · 무대 조명 = 가운데 위 6.0u · 세기 3.5 · 반경 18 · 감쇠 0.5 (대본 끝에 치움)
  · 떠다님·넋 (떠도는 넋) = tteodoneun_neok (크기 ×1.00) · 뼈 없음(정지 메시) · 클립 없음
  · 떠다님·몸 (나찰녀) = nachalnyeo (크기 ×1.00) · 뼈 없음(정지 메시) · 클립 없음
  · 네발·짐승 (역병 든 들개) = plague_dog (크기 ×0.91) · 뼈 19 · 발 4 · 골반 Hips · 머리 Head · 손 0 · attack 0.50 · die 1.25 · hit 0.30 · idle 2.20 · pounce 0.60 · pounce_air 0.40 · pounce_land 0.25 · run 0.55 · walk 0.85
  · 네발·족속 (흑랑 새끼 대역) = heukrang_kin (크기 ×0.55) · 뼈 19 · 발 4 · 골반 Hips · 머리 Head · 손 0 · attack 0.67 · die 1.25 · hit 0.30 · idle 2.20 · pounce 0.65 · pounce_air 0.40 · pounce_land 0.25 · run 0.77 · walk 1.02
  · 두 발·Tripo (산적) = bandit (크기 ×1.00) · 뼈 65 · 발 2 · 골반 mixamorig_Hips · 머리 mixamorig_Head · 손 2 · attack 0.55 · attack2 0.55 · die 3.00 · hit 0.30 · idle 7.67 · run 0.58 · walk 1.12
  · 두 발·Meshy (홀린 여창) = hollin_yeogung_spear (크기 ×1.00) · 뼈 24 · 발 2 · 골반 Hips · 머리 Head · 손 2 · attack_bow 5.03 · attack_spear 3.03 · die 3.00 · hit 0.30 · idle 1.30 · run 0.63 · walk 1.03
  · 떠다님 2몸 = 그림 틱을 물리 틱에 묶어 잰다 (_tick_float)
  · ① 대기 3.0초 — 뼈 있는 몸 = 머리 봉우리-봉우리(목표 2~15cm) · 떠다님 = 둥실 반폭(3~8cm)·주기(1.8~3.2초):
  ·   떠다님·넋 (떠도는 넋): 둥실 5.0cm ○ · 주기 2.22초 ○ · 옆 흔들림 4.5° · 뼈 없음
  ·   떠다님·몸 (나찰녀): 둥실 6.0cm ○ · 주기 2.00초 ○ · 옆 흔들림 4.5° · 뼈 없음
  ·   네발·짐승 (역병 든 들개): 들썩임 4.6cm ○ · 클립 idle
  ·   네발·족속 (흑랑 새끼 대역): 들썩임 3.3cm ○ · 클립 idle
  ·   두 발·Tripo (산적): 들썩임 9.5cm ○ · 클립 idle
  ·   두 발·Meshy (홀린 여창): 들썩임 6.4cm ○ · 클립 idle
  · ② 걷기 1.2u/s — 1.5초 · 화면 오른쪽으로 곧게 (발 미끄러짐 목표 ≤ 5cm/s · 떠다님 앞 기울기 목표 3~8°):
  ·   떠다님·넋 (떠도는 넋): 빠르기 1.20u/s · 뼈 없음 · 앞 기울기 5.4° ○ · 옆 흔들림 7.0° · 둥실 2.4cm · 옷자락 끌림 4.2cm (물결 메시 2)
  ·   떠다님·몸 (나찰녀): 빠르기 1.20u/s · 뼈 없음 · 앞 기울기 5.4° ○ · 옆 흔들림 7.0° · 둥실 4.4cm · 옷자락 끌림 3.6cm (물결 메시 2)
  ·   네발·짐승 (역병 든 들개): 빠르기 1.20u/s · 클립 walk × 1.55 · 발 미끄러짐 0cm/s (몸의 0%) ○ · 걸음마다 0.1cm · 디딤 몫 0.57 · 걸음 4.3/초
  ·   네발·족속 (흑랑 새끼 대역): 빠르기 1.20u/s · 클립 walk × 1.72 · 발 미끄러짐 1cm/s (몸의 0%) ○ · 걸음마다 0.1cm · 디딤 몫 0.57 · 걸음 3.9/초
  ·   두 발·Tripo (산적): 빠르기 1.20u/s · 클립 walk × 1.40 · 발 미끄러짐 1cm/s (몸의 1%) ○ · 걸음마다 0.2cm · 디딤 몫 0.49 · 걸음 3.2/초
  ·   두 발·Meshy (홀린 여창): 빠르기 1.20u/s · 클립 walk × 0.97 · 발 미끄러짐 2cm/s (몸의 2%) ○ · 걸음마다 0.3cm · 디딤 몫 0.28 · 걸음 2.4/초
  · ③ 달리기(쫓는 빠르기 = move_speed) — 1.0초 · 화면 오른쪽으로 곧게 (발 미끄러짐 목표 ≤ 10cm/s · 떠다님 앞 기울기 목표 9~16°):
  ·   떠다님·넋 (떠도는 넋): 빠르기 2.80u/s · 뼈 없음 · 앞 기울기 12.5° ○ · 옆 흔들림 13.3° · 둥실 2.2cm · 옷자락 끌림 9.8cm (물결 메시 2)
  ·   떠다님·몸 (나찰녀): 빠르기 3.60u/s · 뼈 없음 · 앞 기울기 15.9° ○ · 옆 흔들림 16.6° · 둥실 4.4cm · 옷자락 끌림 10.8cm (물결 메시 2)
  ·   네발·짐승 (역병 든 들개): 빠르기 4.50u/s · 클립 run × 1.29 · 발 미끄러짐 2cm/s (몸의 0%) ○ · 걸음마다 0.1cm · 디딤 몫 0.24 · 걸음 4.6/초
  ·   네발·족속 (흑랑 새끼 대역): 빠르기 4.50u/s · 클립 run × 1.66 · 발 미끄러짐 1cm/s (몸의 0%) ○ · 걸음마다 0.1cm · 디딤 몫 0.24 · 걸음 4.6/초
  ·   두 발·Tripo (산적): 빠르기 3.50u/s · 클립 run × 1.20 · 발 미끄러짐 1cm/s (몸의 0%) ○ · 걸음마다 0.1cm · 디딤 몫 0.26 · 걸음 5.2/초
  ·   두 발·Meshy (홀린 여창): 빠르기 3.80u/s · 클립 run × 0.87 · 발 미끄러짐 26cm/s (몸의 7%) ✗ · 걸음마다 1.7cm · 디딤 몫 0.23 · 걸음 3.9/초
  · ④ 공격 — 같은 틱에 선딜(피해 = 선딜 끝 · 타격 몫 목표 0.50~0.70 · 치는 곳 가장 빠른 때 = 선딜 끝 ± 0.08초, 2u/s 이상):
  ·   떠다님·넋 (떠도는 넋): 선딜 0.30초 · 잠금 0.55초 · 공격 클립 없음 · 가장 빠른 때 0.270초(타격 -0.030) ○ · 12.4u/s · 당김 10cm (0.23초) · 쏘기 40cm (0.30초) · 머리 쏘기 40cm
  ·   떠다님·몸 (나찰녀): 선딜 0.50초 · 잠금 0.75초 · 공격 클립 없음 · 가장 빠른 때 0.460초(타격 -0.040) ○ · 4.7u/s · 당김 8cm (0.42초) · 쏘기 15cm (0.50초) · 머리 쏘기 15cm
  ·   네발·짐승 (역병 든 들개): 선딜 0.30초 · 잠금 0.50초 · 클립 attack 0.50초 × 1.00배 · 타격 몫 0.60 ○ · 가장 빠른 때 0.280초(타격 -0.020) ○ · 6.6u/s · 당김 5cm (0.23초) · 쏘기 15cm (0.30초) · 머리 쏘기 17cm
  ·   네발·족속 (흑랑 새끼 대역): 선딜 0.40초 · 잠금 0.67초 · 클립 attack 0.67초 × 1.00배 · 타격 몫 0.60 ○ · 가장 빠른 때 0.352초(타격 -0.048) ○ · 5.0u/s · 당김 5cm (0.30초) · 쏘기 16cm (0.40초) · 머리 쏘기 22cm
  ·   두 발·Tripo (산적): 선딜 0.30초 · 잠금 0.55초 · 클립 attack 0.55초 × 1.00배 · 타격 몫 0.55 ○ · 가장 빠른 때 0.272초(타격 -0.028) ○ · 5.5u/s · 당김 0cm (0.00초) · 쏘기 0cm (0.00초) · 머리 쏘기 14cm
  ·   두 발·Meshy (홀린 여창): 선딜 0.40초 · 잠금 3.03초 · 클립 attack_spear 3.03초 × 1.00배 · 타격 몫 0.13 ✗ · 가장 빠른 때 0.750초(타격 +0.350) ✗ · 8.9u/s · 당김 0cm (0.00초) · 쏘기 110cm (1.02초) · 머리 쏘기 110cm
  · ⑤ 맞기 — 한 대(오른쪽에서 · 반응 ≥ 6cm 또는 젖힘 ≥ 8° · 피격 동작 0.20~0.40초):
  ·   떠다님·넋 (떠도는 넋): 경직 0.35초 · 피격 동작 없음 · 반응 15cm · 젖힘 12° ○ · 몸 밀림 22cm
  ·   떠다님·몸 (나찰녀): 경직 0.35초 · 피격 동작 없음 · 반응 10cm · 젖힘 8° ○ · 몸 밀림 22cm
  ·   네발·짐승 (역병 든 들개): 경직 0.35초 · 클립 hit 0.30초 × 1.0배 = 0.30초 ○ · 반응 8cm · 젖힘 6° ○ · 몸 밀림 22cm
  ·   네발·족속 (흑랑 새끼 대역): 경직 0.35초 · 클립 hit 0.30초 × 1.0배 = 0.30초 ○ · 반응 8cm · 젖힘 2° ○ · 몸 밀림 22cm
  ·   두 발·Tripo (산적): 경직 0.35초 · 클립 hit 0.30초 × 1.0배 = 0.30초 ○ · 반응 0cm · 젖힘 26° ○ · 몸 밀림 22cm
  ·   두 발·Meshy (홀린 여창): 경직 0.35초 · 클립 hit 0.30초 × 1.0배 = 0.30초 ○ · 반응 8cm · 젖힘 6° ○ · 몸 밀림 22cm
  · 요약 (○ = 목표 안 · 사양 monster_motion_v2 §2):
  ·   떠다님·넋 (떠도는 넋): 둥실 5.0cm○·2.2초○ · 기울기 걷기 5.4°○·쫓기 12.5°○ · 빠른 때○ · 당김 10○·쏘기 40○ · 맞기 15cm·12°○
  ·   떠다님·몸 (나찰녀): 둥실 6.0cm○·2.0초○ · 기울기 걷기 5.4°○·쫓기 15.9°○ · 빠른 때○ · 당김 8○·쏘기 15○ · 맞기 10cm·8°○
  ·   네발·짐승 (역병 든 들개): 대기 4.6cm○ · 미끄러짐 걷기 0○·달리기 2○ · 타격 몫 0.60○ · 빠른 때○ · 머리 쏘기 17○ · 맞기 8cm·6°○·동작 0.30초○
  ·   네발·족속 (흑랑 새끼 대역): 대기 3.3cm○ · 미끄러짐 걷기 1○·달리기 1○ · 타격 몫 0.60○ · 빠른 때○ · 머리 쏘기 22○ · 맞기 8cm·2°○·동작 0.30초○
  ·   두 발·Tripo (산적): 대기 9.5cm○ · 미끄러짐 걷기 1○·달리기 1○ · 타격 몫 0.55○ · 빠른 때○ · 맞기 0cm·26°○·동작 0.30초○
  ·   두 발·Meshy (홀린 여창): 대기 6.4cm○ · 미끄러짐 걷기 2○·달리기 26✗ · 타격 몫 0.13✗ · 빠른 때✗ · 맞기 8cm·6°○·동작 0.30초○
E2E monster_motion_gallery PASS (검사 70)
E2E ▶ element_status
  · 무대 = 방 [P: (15, 43), S: (14, 13)], 가로 11.0u
  · 한기 이동 실측 2.27 / 3.50 = ×0.65 (사양 ×0.65)
E2E element_status PASS (검사 78)
E2E ▶ element_ui
E2E element_ui PASS (검사 4)
E2E ▶ talisman_targeting
E2E talisman_targeting PASS (검사 75)
E2E ▶ talisman_throw
  · 무대 = 방 [P: (15, 43), S: (14, 13)]
E2E talisman_throw PASS (검사 56)
E2E ▶ talisman_aoe
  · fire: 겨눈 자리 (20.0, 0.0, 49.5) · 끝 = burst (radius=1.50)
  ·   [터지는 순간] #0 hp0=3 죽음 — 막타 속성=fire · kind=ash play=ash
  ·   [터지는 순간] #1 hp0=3 그대로(반경 밖)
  ·   [터지는 순간] #2 hp0=3 죽음 — 막타 속성=fire · kind=ash play=ash
  ·   [터지는 순간] #3 hp0=3 그대로(반경 밖)
  ·   [터지는 순간] #4 hp0=15 hp=5.0 화상=true 빙결=false 한기=false
  ·   [터지는 순간] #5 hp0=15 그대로(반경 밖)
  ·   [0.5초] #0 hp0=3 죽음 — 막타 속성=fire · kind=ash play=ash
  ·   [0.5초] #1 hp0=3 그대로(반경 밖)
  ·   [0.5초] #2 hp0=3 죽음 — 막타 속성=fire · kind=ash play=ash
  ·   [0.5초] #3 hp0=3 그대로(반경 밖)
  ·   [0.5초] #4 hp0=15 hp=4.0 화상=true 빙결=false 한기=false
  ·   [0.5초] #5 hp0=15 그대로(반경 밖)
  ·   [1.5초] #0 hp0=3 죽음 — 막타 속성=fire · kind=ash play=ash
  ·   [1.5초] #1 hp0=3 그대로(반경 밖)
  ·   [1.5초] #2 hp0=3 죽음 — 막타 속성=fire · kind=ash play=ash
  ·   [1.5초] #3 hp0=3 그대로(반경 밖)
  ·   [1.5초] #4 hp0=15 죽음 — 막타 속성=fire · kind=ash play=ash
  ·   [1.5초] #5 hp0=15 그대로(반경 밖)
  · fire: 요약 — 맞은 마릿수 3/6 · 죽음 3/6 · 막타 속성 [&"fire"] · 죽음 종류 [&"ash"]
  · cold: 겨눈 자리 (20.0, 0.0, 49.5) · 끝 = burst (radius=1.50)
  ·   [터지는 순간] #0 hp0=3 죽음 — 막타 속성=cold · kind=shatter play=shatter
  ·   [터지는 순간] #1 hp0=3 그대로(반경 밖)
  ·   [터지는 순간] #2 hp0=3 죽음 — 막타 속성=cold · kind=shatter play=shatter
  ·   [터지는 순간] #3 hp0=3 그대로(반경 밖)
  ·   [터지는 순간] #4 hp0=15 hp=9.0 화상=false 빙결=true 한기=true
  ·   [터지는 순간] #5 hp0=15 그대로(반경 밖)
  ·   [0.5초] #0 hp0=3 죽음 — 막타 속성=cold · kind=shatter play=shatter
  ·   [0.5초] #1 hp0=3 그대로(반경 밖)
  ·   [0.5초] #2 hp0=3 죽음 — 막타 속성=cold · kind=shatter play=shatter
  ·   [0.5초] #3 hp0=3 그대로(반경 밖)
  ·   [0.5초] #4 hp0=15 hp=9.0 화상=false 빙결=true 한기=true
  ·   [0.5초] #5 hp0=15 그대로(반경 밖)
  ·   [1.5초] #0 hp0=3 죽음 — 막타 속성=cold · kind=shatter play=shatter
  ·   [1.5초] #1 hp0=3 그대로(반경 밖)
  ·   [1.5초] #2 hp0=3 죽음 — 막타 속성=cold · kind=shatter play=shatter
  ·   [1.5초] #3 hp0=3 그대로(반경 밖)
  ·   [1.5초] #4 hp0=15 hp=9.0 화상=false 빙결=false 한기=true
  ·   [1.5초] #5 hp0=15 그대로(반경 밖)
  · cold: 요약 — 맞은 마릿수 3/6 · 죽음 2/6 · 막타 속성 [&"cold"] · 죽음 종류 [&"shatter"]
E2E talisman_aoe PASS (검사 16)
E2E ▶ loot_drop
E2E loot_drop PASS (검사 24)
E2E ▶ potion_icons
E2E potion_icons PASS (검사 40)
E2E ▶ potion_tiers
E2E potion_tiers PASS (검사 10)
E2E ▶ loot_props
E2E loot_props PASS (검사 19)
E2E ▶ elite_pack
  · 층 지역 레벨 2
E2E elite_pack PASS (검사 52)
E2E ▶ elite_slots
  · 시드 3340239649 · 무리 11/18 · 구간 2 · 레벨 2 · 산적 ×4 · 강화 fierce
  · 시드 160326318 · 방 3 (깊이 0.71) · 산적 · 대머리 판돌이 + 하수인 4 · 옵션 cold_enchanted
E2E elite_slots PASS (검사 31)
E2E ▶ flee_chase
  · 띠 첫 자리 (18.5, 0.0, 64.5) (들머리에서 11.0u)
  · 표 — 판 · 붙잡음(첫 칼) · 닿음 · 휘두름 · 도망친 거리 · 물러나는 빠르기(가운데/최대) | 맞은 뒤 4초: 멀어지며 걸은 시간·거리 · 공격 시작 · 첫 공격 · 닿은 공격 · 적 칼 맞음/휘두름 · 적이 움직인 거리
  · 부적술사      걷기 3.00 | 붙잡음 2.13초 · 닿음 1.72초 · 휘두름 1 · 도망친 거리 2.97u (1.42초) · 물러나는 빠르기 2.10/2.10 | 맞은 뒤: 멀어지며 0.00초 0.00u · 공격 시작 1 · 첫 공격 2.20초 · 닿은 공격 2 · 적 칼 맞음 4/4 · 움직인 거리 0.81u
  · 박쥐        걷기 4.50 | 붙잡음 0.97초 · 닿음 0.55초 · 휘두름 1 · 도망친 거리 1.73u (0.55초) · 물러나는 빠르기 3.15/3.15 | 맞은 뒤: 멀어지며 0.00초 0.00u · 공격 시작 1 · 첫 공격 2.30초 · 닿은 공격 2 · 적 칼 맞음 4/4 · 움직인 거리 0.60u
  · 날랜 박쥐     걷기 6.08 | 붙잡음 1.00초 · 닿음 0.58초 · 휘두름 1 · 도망친 거리 1.87u (0.58초) · 물러나는 빠르기 3.20/3.20 | 맞은 뒤: 멀어지며 0.00초 0.00u · 공격 시작 2 · 첫 공격 1.42초 · 닿은 공격 3 · 적 칼 맞음 4/4 · 움직인 거리 0.04u
E2E flee_chase PASS (검사 35)
E2E ▶ verify_flows
E2E verify_flows PASS (검사 16)
E2E ▶ player_death
E2E player_death PASS (검사 27)
E2E ▶ wall_cutaway
  · stand=(48, 51) wall=(49, 52) player=(48.5, 0.000391, 51.5) 후보 116칸
E2E wall_cutaway PASS (검사 17)
E2E ▶ floor_seams
  · 헤드리스 — 밝기 실측 생략
E2E floor_seams PASS (검사 3)
E2E ▶ char_light
  · 마을: 키 0.450 오는 쪽 (0.067, 0.643, 0.763) · 보조 0.060 오는 쪽 (-0.079, 0.423, -0.903) (카메라 자리 (0.577, 0.577, 0.577))
  · 헤드리스 — town 스윕 [0.45, 0.15, 0.8] 픽셀 실측 생략 (배우 5명 · glTF 기본값 금속 재질 0)
  · 던전 1층: 키 0.350 오는 쪽 (0.067, 0.643, 0.763) · 보조 0.047 오는 쪽 (-0.079, 0.423, -0.903) (카메라 자리 (0.577, 0.577, 0.577))
  · 헤드리스 — dungeon 스윕 [0.35, 0.8, 1.5] 픽셀 실측 생략 (배우 5명 · glTF 기본값 금속 재질 0)
  · 보스 층: 키 0.350 오는 쪽 (0.067, 0.643, 0.763) · 보조 0.047 오는 쪽 (-0.079, 0.423, -0.903) (카메라 자리 (0.577, 0.577, 0.577))
E2E char_light PASS (검사 102)
E2E ▶ town_layout
  · 광장→입구 내비 경로 41.7u
  · 갈대 154포기
  · 돌담 마디 64 · 바위 89 · 울타리 마디 1
E2E town_layout PASS (검사 60)
E2E ▶ town_approach
  · 문턱까지 클릭 주행 11.60s (캡처·입력 대기 포함)
E2E town_approach PASS (검사 133)
E2E ▶ ui_windows
E2E ui_windows PASS (검사 65)
E2E ▶ story_cutin
  · 사설 가장 긴 줄 869 / 글 폭 1101 px (화면 (1280.0, 720.0)) 「그날 이후 괴질이 돌았으니라! 옛 도사들이 걸어 둔 봉인이 새어 병이 번져 방방곡곡 휘몰아쳐—」
  · 컷인 조우 before tick=36291 intro=false signals=0 visible=false kind= paused=true menu=false distance=4.000
  · 컷인 조우 after tick=36292 delta=1 opened=true intro=true signals=1 visible=true kind=boss paused=true menu=false
  · 컷인 Esc tick=36294 intro=true signals=1 visible=false paused=false menu=false
E2E story_cutin PASS (검사 28)
E2E ▶ dialogue_band
  · 이름표 글꼴 = 궁서
E2E dialogue_band PASS (검사 71)
E2E ▶ dialogue_event
E2E dialogue_event PASS (검사 49)
E2E ▶ ui_docks
  · none camera settled, player x=640.00
  · right camera settled, player x=424.00
  · right after pickup camera settled, player x=424.00
  · left camera settled, player x=856.00
  · left after movement camera settled, player x=857.46
  · both camera settled, player x=640.27
  · skills and bag camera settled, player x=640.15
  · Esc restores center camera settled, player x=640.09
  · dialog alone camera settled, player x=641.39
  · vendor and bag camera settled, player x=640.00
  · after vendor close camera settled, player x=640.00
  · waypoint alone camera settled, player x=854.50
  · waypoint and bag camera settled, player x=639.72
  · final center camera settled, player x=639.84
E2E ui_docks PASS (검사 61)
E2E ▶ ui_tooltips
E2E ui_tooltips PASS (검사 97)
E2E ▶ belt_unify
E2E belt_unify PASS (검사 15)
E2E ▶ item_ui
E2E item_ui PASS (검사 42)
E2E ▶ skill_picker
E2E skill_picker PASS (검사 191)
E2E ▶ skill_icons
  · 찌르기 원화 대기 — 이름 첫 글자로 대신 (#477·#478 새 칸)
  · 도약 베기 원화 대기 — 이름 첫 글자로 대신 (#477·#478 새 칸)
  · 칼바람 원화 대기 — 이름 첫 글자로 대신 (#477·#478 새 칸)
  · 부적 진 원화 대기 — 이름 첫 글자로 대신 (#477·#478 새 칸)
  · 부적 비 원화 대기 — 이름 첫 글자로 대신 (#477·#478 새 칸)
E2E skill_icons PASS (검사 48)
E2E ▶ vfx_cues
  · 선딜 시트 pos=(44.5, 0.030391, 56.5) 적=(44.5, 0.000391, 56.5) 화면=(593.7165, 331.6754) visible=true frame=8/23
  · 레벨업 道: 발 위 4.30 · 칸 15장 · 흩어짐 0.33(1.55초) · 사라짐 2.03초
  · 루프 104 · 단발 2
E2E vfx_cues PASS (검사 74)
E2E ▶ vfx_cap_blood
  · #395 (고친 뒤) — 둘째 킬 직전 살아 있는 단발 21/24(장식성 패딩 15개) · 새로 생겼나=true · 킬 뒤 살아있는 단발 24 · 피 전용 4/24
E2E vfx_cap_blood PASS (검사 3)
E2E ▶ skill_area
  · 참격: 반지름 2.20 · 각 120° · 칼이 닿는 시각 0.60초
  · 회오리베기: 반지름 2.50 · 칼이 닿는 시각 0.45초
  · 돌진베기: 길이 5.00 (벽에서 끊김 반영) · 반폭 1.10 · 칼이 닿는 시각 0.55초
E2E skill_area PASS (검사 93)
E2E ▶ skill_tiers
  · Lv1: 반경 2.50 → 2.50(배수 1.00) · 타수 1 · 이펙트 등급 0(화면 판단)
  · Lv5: 반경 2.50 → 3.50(배수 1.40) · 타수 1 · 이펙트 등급 1(화면 판단)
  · Lv10: 반경 2.50 → 3.50(배수 1.40) · 타수 2 · 이펙트 등급 2(화면 판단)
E2E skill_tiers PASS (검사 72)
E2E ▶ aoe_skills
  · 무대 = 무리 한가운데 (44.5, 0.0, 56.5) · 도호 (47.32843, 0.0, 59.32843) (화면 아래 4.0u) · 트임 4.0
  · 도약 베기 요약 — 맞음 6/6 · 죽음 3 · 막타 속성 [&""] · 죽음 [&"slide", &"gibs"] · 경직 [0.60000000000002, 0.60000000000002, 0.60000000000002]
  · fire 진 요약 — 맞음 6/6 · 죽음 3 · 막타 속성 [&"fire"] · 죽음 [&"ash"] · 틱 5
  · cold 진 요약 — 맞음 6/6 · 죽음 3 · 막타 속성 [&"cold"] · 죽음 [&"shatter"] · 틱 10
E2E aoe_skills PASS (검사 66)
E2E ▶ aoe_skills_2
  · 무대 = 무리 한가운데 (44.5, 0.0, 56.5) · 트임 3.6 · 화면 위쪽 (-0.707107, 0.0, -0.707107)
  · 찌르기 요약 — 맞음 3/7 [0, 1, 4] · 죽음 3 · 막타 [&"slashed"] · 칼이 닿기까지 0.30초 · 동작 0.63초
  · 칼바람 요약 — 바퀴 9(누른 동안 9) · 박자 0.300초 · 도력 18.0 · 맞힌 합 28 · 맞음 7/7 · 죽음 4 [&"slide", &"cleave"] · 앞으로 6.4u · 뗀 뒤 0.25초에 섬
  · 흩뿌리기 요약 — 장당 맞힌 수 [3, 1, 1] · 맞음 3/7 · 죽음 2 [&"ash"]
  · 부적 비 요약 — 6장 · 맞음 7/7 · 죽음 4 [&"ash"] · 버티는 몸 타는 중 3
E2E aoe_skills_2 PASS (검사 68)
E2E ▶ build_changers
  · 무대 = 한가운데 (44.5, 0.0, 56.5) · 도호 (47.32843, 0.0, 59.32843) (화면 아래 4.0u) · 트임 4.0
  · 처형 — 죽음 cleave/cleave · 면 h
  · 망나니 칼 요약 — 대조 환도 남은 생명 125 · 처형 한 대 · 두 동강 4/8
  · 도깨비불 요약 — 첫 불씨 3 · 무리 재 6/6
  · 이무기 비늘 요약 — 3점 반경 2.50 → 3.50 · 5점 바퀴 1 → 2
  · 사인참사검 요약 — 진 셋 쳐서 선 수: 사인검 2 → 사인참사검 3
  · 본국검 요약 — 맞은 수 보통 [1, 0, 0, 0] → 검기 [1, 1, 1, 1] · 검기 길이 6.8
E2E build_changers PASS (검사 88)
E2E ▶ dungeon_layout
  · 1층 격자 64x64 · 방 6 (한 변 8~14) · 걷는 칸 882(복도 126) · 적 20 { "bandit": 15, "bat": 5 } · 보스 0 · 횃불 48 · 소품 9
  · 1층 모양 갈래 { "bandit_v2": 7, "bandit_v2_dagger": 8 } · 두 갈래가 같이 있는 방 4곳 [1, 2, 4, 5]
  · 2층 격자 28x28 · 방 2 (한 변 7~14) · 걷는 칸 274(복도 45) · 적 2 { "bat": 2 } · 보스 1 · 횃불 16 · 소품 2
  · 2층 모양 갈래 {  } · 두 갈래가 같이 있는 방 0곳 []
E2E dungeon_layout PASS (검사 34)
E2E ▶ beomgul_walk
  · 1층 64x64 · 적 41 · 명단 ["hwajeok", "vampire_bat", "spider"] · 장식 ["Rock 55", "RuinStone 68", "Bones 20", "Fur 12"] · 정예 자리 1
  · 2층 64x64 · 적 22 · 명단 ["hwajeok", "vampire_bat", "spider"] · 장식 ["Rock 40", "RuinStone 54", "Bones 22", "Fur 16"] · 정예 자리 1
  · 3층 32x30 · 적 0 · 명단 [] · 장식 ["Rock 12", "RuinStone 16", "Bones 9", "Fur 3"] · 정예 자리 0
E2E beomgul_walk PASS (검사 46)
E2E ▶ mine_walk
  · 1층 64x64 · 적 20 · 명단 ["plague_miner", "cave_bat", "soemeogi"] · 장식 { "Crate": 2, "Woodpile": 2, "SlagHeap": 1, "Slag": 34, "RuinStone": 17, "Bones": 9, "Timber": 20, "Chain": 3, "ChainFloor": 3, "Rail": 27, "OreCart": 1 } · 정예 자리 1 · 네임드 (-1, -1)
  · 2층 64x64 · 적 26 · 명단 ["plague_miner", "soemeogi", "yacha", "nachalnyeo"] · 장식 { "Woodpile": 1, "Crate": 2, "SlagHeap": 1, "Slag": 38, "RuinStone": 18, "Bones": 8, "Timber": 27, "Chain": 2, "ChainFloor": 2, "Rail": 47, "OreCart": 1 } · 정예 자리 2 · 네임드 (50, 21)
  · 3층 32x30 · 적 2 · 명단 ["soemeogi"] · 장식 { "Slag": 27, "RuinStone": 6, "Bones": 2, "Timber": 7, "Chain": 7, "ChainFloor": 10, "Rail": 13, "OreCart": 1 } · 정예 자리 0 · 네임드 (-1, -1)
E2E mine_walk PASS (검사 66)
E2E ▶ bongmil_walk
  · 첫 접근 혼잣말 — 닿음까지 0.52초 (줄 2.6초 · 미룸 2.70초)
  · 1층 72x72 · 적 46 · 명단 ["honbureum_sulsa", "hollin_yeogung_bow2", "hollin_yeogung_spear", "yeou"] · 장식 { "Stele": 9, "SteleFallen": 8, "PaperBits": 47, "Bones": 15, "RuinStone": 54, "RopeIntact": 19 } · 정예 자리 2 · 네임드 (-1, -1) · 봉인석 [(26, 29), (33, 39), (30, 55)] · 고리 [(0, 2), (2, 5), (1, 9)]
  · 2층 72x72 · 적 35 · 명단 ["honbureum_sulsa", "hollin_yeogung_bow2", "hollin_yeogung_spear", "yeou"] · 장식 { "Stele": 3, "SteleFallen": 4, "PaperBits": 42, "Bones": 16, "RuinStone": 29, "RopeIntact": 11 } · 정예 자리 2 · 네임드 (-1, -1) · 봉인석 [(23, 20), (31, 12), (45, 7)] · 고리 [(4, 6), (3, 4), (0, 2), (4, 8)]
  · 3층 72x72 · 적 33 · 명단 ["hollin_yeogung_bow2", "hollin_yeogung_spear", "yeou", "wang_geomi"] · 장식 { "Stele": 6, "SteleFallen": 2, "PaperBits": 38, "Bones": 16, "RuinStone": 40, "RopeIntact": 11 } · 정예 자리 2 · 네임드 (6, 61) · 봉인석 [(22, 44), (59, 11), (63, 39)] · 고리 [(7, 8), (3, 8), (2, 6)]
  · 4층 32x30 · 적 3 · 명단 ["yeou", "yeoubul"] · 장식 { "PaperBits": 8, "Bones": 6, "RuinStone": 11, "RopeIntact": 2 } · 정예 자리 0 · 네임드 (-1, -1) · 봉인석 [] · 고리 []
E2E bongmil_walk PASS (검사 104)
E2E ▶ town_exits
E2E town_exits PASS (검사 8)
E2E ▶ field_layout
  · 자리 10곳 · 모닥불 3 · 자리 둘레 소품 77
  · 들녘 모양 갈래 { "bandit_v2_dagger": 38, "bandit_v2": 33 } · 산적 있는 무리 18 중 두 갈래가 섞인 무리 17
  · 들녘 적 74 { 1: 22, 2: 27, 3: 25 } · 장식 2252 · 무리 18 · 서낭단 (62, 65)
  · 거대 건축물 자리 { "fort_lintel": (119.5388, 38.16928), "stone_pagoda": (89.5, 45.5), "flag_pillar": (86.95444, 48.04556) } · 폐사지 닻 칸 (88.5, 0.0, 44.5)
E2E field_layout PASS (검사 32)
E2E ▶ field2_layout
  · 정령재 적 72 { 4: 21, 5: 23, 6: 14, 7: 14 } · 장식 2821 · 소나무 1028 · 무리 13 · 서낭단 (61, 66)
E2E field2_layout PASS (검사 20)
E2E ▶ gate_hover
E2E gate_hover PASS (검사 6)
E2E ▶ pack_density
  · 정령재 첫 무리(레벨 4 · 구간 1) 자리 둘레 4칸 적 3(무리 배정 3몸) · 층 총 적 72 · 무리 수 13
  · 범굴 1층 첫 방((12, 14)) 적 3 · 층 총 적 41
E2E pack_density PASS (검사 2)
E2E ▶ slice_loop
E2E slice_loop PASS (검사 29)
E2E ▶ plaza_light
  · 환경광 0.18 · 해 0.33 · 등롱 2.20/4.6 · 플레이어 빛 1.40/4.5 · 캐릭터 빛 0.45
E2E plaza_light PASS (검사 8)
E2E ▶ town_tour
E2E town_tour PASS (검사 2)
E2E ▶ aoe_field
E2E aoe_field PASS (검사 20)
E2E ▶ long_body
E2E long_body PASS (검사 13)
E2E ▶ named_imugi
E2E named_imugi PASS (검사 13)
E2E ▶ serpent_models
E2E serpent_models PASS (검사 18)
E2E ▶ pus_jar
E2E pus_jar PASS (검사 15)
E2E ▶ roles
E2E roles PASS (검사 24)
E2E ▶ roster_swap
E2E roster_swap PASS (검사 19)
E2E ▶ gimmicks_m10
  · 끌림 실측 3.175u (정격 3.175 = 4.12 − 몸 0.35 − stop 0.6)
E2E gimmicks_m10 PASS (검사 23)
E2E ▶ behaviors_m9
  · ① 선 자리 거리 들개 6.0 · 넋 6.0 · 혼불 6.0
  · ① 도호 쪽 빠르기 들개 4.50 · 넋 2.34 · 혼불 4.62 · 넋 흔들림 최대 53°
E2E behaviors_m9 PASS (검사 13)
E2E ▶ female_f1
E2E female_f1 PASS (검사 7)
E2E ▶ female_float
E2E female_float PASS (검사 5)
E2E ▶ m14_models
  · 줄 가운데 = (76.5, 0.0, 74.5) (서낭단 닻 (64, 66))
  · 모양: hollin_yeogung_bow=hollin_yeogung, hollin_yeogung_spear=hollin_yeogung_spear, plague_dog=plague_dog, honbul=honbul, tteodoneun_neok=sobok_gwisin, gaekgwi=sobok_gwisin, mulgwishin=sobok_gwisin, nachalnyeo=nachalnyeo
E2E m14_models PASS (검사 13)
E2E ▶ leader_options
  · 축지 — 도호 곁 1.83칸 · 맞고 옆으로 4.47칸 (잣대 2.29~5.71)
E2E leader_options PASS (검사 20)
E2E ▶ surround
  · 제 자리 0.5u 안 9 (무리가 8 넘은 아홉째는 더 걸어야 하는 바깥 자리 포함)
E2E surround PASS (검사 7)
E2E ▶ weapon_visibility
E2E weapon_visibility PASS (검사 25)
E2E ▶ first_magic
E2E first_magic PASS (검사 18)
E2E ▶ hover_target
E2E hover_target PASS (검사 45)
E2E ▶ system_menu
E2E system_menu PASS (검사 56)
E2E SUMMARY: 108/108 PASS
  e2e  (1076.8초) — 제한 3600초
  e2e 합 118/118 PASS — 단독 10/10 (221초) · 공유 108/108 (1077초)
전부 PASS
#545 → 완료 (닫힘)
  ⚡ 빠른 검사 7초 (#396) — ✓ 부팅 검사 SCRIPT ERROR 0 · 오토로드 10/10 · 주 장면 OK (3초) · ✓ 러너 자기검사 PASS 5/5 (4초) → 전체 시험
  🧪 main 위에서 시험 — tools/test.ps1 (코드가 바뀐 착륙은 늘 시험)
  ↻ 그사이 main 이 움직였다 (다른 자리 착륙) — 다시 rebase, 판단은 그 시점 기준으로
  ↻ main 에 새 커밋 3개 → git rebase main
  ⚡ 빠른 검사 7초 (#396) — ✓ 부팅 검사 SCRIPT ERROR 0 · 오토로드 10/10 · 주 장면 OK (3초) · ✓ 러너 자기검사 PASS 5/5 (5초) → 전체 시험
  🧪 main 위에서 시험 — tools/test.ps1 (코드가 바뀐 착륙은 늘 시험)
✅ 착륙 — main c63955e → c3e5be29
c3e5be29 feat(#545): adopt Motgol title and character menus
a02d90d6 feat(#545): integrate verified title art and actual profile menus
75301cd3 feat(#550): add safe character profiles and title menus
902b5cef feat(#545) prepare Cloud title art and localized environmental FX candidate
  📦 본진에 들인 변경: 스크립트 추가·삭제·이름 바뀜 7 (core/character_profiles.gd, core/credits.gd, tests/e2e/scenarios/character_profiles.gd …) · 에셋 3 (assets/sprites/ui/title_545/dungeon.png, assets/sprites/ui/title_545/logo.png, assets/sprites/ui/title_545/motgol.png) → 본진 임포트 (godot --headless --path <본진> --import)
  ✓ 본진 임포트 32초
  🧭 본진: 임포트 32초 · ✓ 부팅 검사 SCRIPT ERROR 0 · 오토로드 10/10 · 주 장면 OK (5초)
  다음 카드는 이 자리에서 새 브랜치: git switch -c claude/<M>-<slug> main  (또는 세션 끝 = ExitWorktree remove)
