Godot Engine v4.7.2.stable.steam.ed1daf0bf - https://godotengine.org

[DevMode] ON
[godot_ai game_helper] registered mcp capture (debugger active=false, logger=true)
Joseon Hunters dev
[Audio] BGM town → town.ogg
[Save] level 못골 마을 → user://save_e2e.json (C:/Users/FORYOUCOM/AppData/Roaming/Godot/app_userdata/Joseon Hunters/wt/codex-558-combat-clock-trace/save_e2e.json)
[Dev] stairs DungeonEntrance dir=1 world=(0.0, 0.0, -31.0) screen=(2121.067, -492.4143)
[Dev] interact Merchant world=(5.4, 0.0, -2.4) screen=(1047.293, 368.0158)
[Dev] interact Shaman world=(-5.6, 0.0, 0.4) screen=(408.5833, 148.8999)
[Dev] interact Elder world=(2.0, 0.0, -5.6) screen=(1038.037, 191.6542)
[Dev] interact Jumo world=(7.1, 0.0, -1.4) screen=(1079.692, 440.1637)
[Dev] interact Waypoint world=(-4.2, 0.0, 2.2) screen=(390.0698, 234.4085)
E2E start: character_profiles, quest_journal, hud_orb_fx, npc_hover_view, elite_ui_view, hud_hierarchy_view, pickup_feedback_view, icon_intake, automap, pickup_equip, equipment_ui, inactive_gear, portal_roundtrip, waypoint, vendor_quest, vendor_prices, chief_quest, shaman_heal, save_continue, boss_floor, boss_bulgasari, bulgasari_path, boss_jangsanbeom, heukrang_look, heukrang_pounce, visual_swap, run_upright, teleport_settle, hit_feel, element_affix, affix_combat, attack_chain, aspd_steps, skill_then_attack, anim_commit, invisible_sword, heavy_react, pack_ai, kill_slump, kill_bisect, slice_deaths, monster_motion_gallery, element_status, element_ui, talisman_targeting, talisman_throw, talisman_aoe, loot_drop, potion_icons, potion_tiers, loot_props, elite_pack, elite_slots, flee_chase, verify_flows, player_death, wall_cutaway, floor_seams, char_light, town_layout, town_approach, ui_windows, story_cutin, dialogue_band, dialogue_event, ui_docks, ui_tooltips, belt_unify, item_ui, skill_picker, skill_icons, vfx_cues, vfx_cap_blood, skill_area, skill_tiers, aoe_skills, aoe_skills_2, build_changers, dungeon_layout, beomgul_walk, mine_walk, bongmil_walk, town_exits, field_layout, field2_layout, gate_hover, pack_density, slice_loop, plaza_light, town_tour, aoe_field, long_body, named_imugi, serpent_models, pus_jar, roles, roster_swap, gimmicks_m10, behaviors_m9, female_f1, female_float, m14_models, leader_options, surround, weapon_visibility, first_magic, hover_target, system_menu
E2E skip: balance_room, balance_boss, hit_stagger, pack_perf, bodies_cap, gimmicks, item_showcase, footsteps, audio_cues, sfx_limiter (단독 묶음 — 다른 실행이 따로 돈다, #553)
[Save] level 못골 마을 → user://save_e2e.json (C:/Users/FORYOUCOM/AppData/Roaming/Godot/app_userdata/Joseon Hunters/wt/codex-558-combat-clock-trace/save_e2e.json)
[Dev] stairs DungeonEntrance dir=1 world=(0.0, 0.0, -31.0) screen=(2121.067, -492.4143)
[Dev] interact Merchant world=(5.4, 0.0, -2.4) screen=(1047.293, 368.0158)
[Dev] interact Shaman world=(-5.6, 0.0, 0.4) screen=(408.5833, 148.8999)
[Dev] interact Elder world=(2.0, 0.0, -5.6) screen=(1038.037, 191.6542)
[Dev] interact Jumo world=(7.1, 0.0, -1.4) screen=(1079.692, 440.1637)
[Dev] interact Waypoint world=(-4.2, 0.0, 2.2) screen=(390.0698, 234.4085)
E2E ▶ character_profiles
[Load] lv=1 gold=0 flags={ "opening_pending": false } portal=<null> wps=[]
[Save] level 못골 마을 → user://profiles_e2e_550_3302277.json.characters/doho_668524507678a4193c4d599d.json (C:/Users/FORYOUCOM/AppData/Roaming/Godot/app_userdata/Joseon Hunters/wt/codex-558-combat-clock-trace/profiles_e2e_550_3302277.json.characters/doho_668524507678a4193c4d599d.json)
[Dev] stairs DungeonEntrance dir=1 world=(0.0, 0.0, -31.0) screen=(2121.067, -492.4143)
[Dev] interact Merchant world=(5.4, 0.0, -2.4) screen=(1047.293, 368.0158)
[Dev] interact Shaman world=(-5.6, 0.0, 0.4) screen=(408.5833, 148.8999)
[Dev] interact Elder world=(2.0, 0.0, -5.6) screen=(1038.037, 191.6542)
[Dev] interact Jumo world=(7.1, 0.0, -1.4) screen=(1079.692, 440.1637)
[Dev] interact Waypoint world=(-4.2, 0.0, 2.2) screen=(390.0698, 234.4085)
[Dev] item 화염부 world=(32.5, 0.0, 70.5) screen=(-1072.484, 3070.188)
[Dev] item 빙결부 world=(33.5, 0.0, 69.5) screen=(-979.9173, 3070.188)
[Field] deulnyeok seed=1487725099 128x128 props=2444 packs=18 enemies=65 waypoint=(61, 65) roster=bandit,bat,talisman_master elites=["9:파란×4@구간2"]
[Audio] BGM dungeon → dungeon_4.ogg
[Save] level 못골 들녘 → user://profiles_e2e_550_3302277.json.characters/doho_668524507678a4193c4d599d.json (C:/Users/FORYOUCOM/AppData/Roaming/Godot/app_userdata/Joseon Hunters/wt/codex-558-combat-clock-trace/profiles_e2e_550_3302277.json.characters/doho_668524507678a4193c4d599d.json)
[Dev] stairs Down_cave dir=1 world=(88.5, 0.0, 3.5) screen=(7212.236, 897.1014)
[Dev] interact Waypoint world=(61.5, 0.0, 65.5) screen=(3093.018, 1784.253)
[Dev] interact FloorItem world=(32.5, 0.0, 70.5) screen=(1519.384, 1142.938)
[Dev] interact @Area3D@1012 world=(33.5, 0.0, 69.5) screen=(1611.95, 1142.938)
[Dev] interact PusJar world=(95.5, 0.0, 103.5) screen=(2907.884, 3708.197)
[Dev] interact @Area3D@1130 world=(101.5, 0.0, 105.5) screen=(3093.018, 3921.969)
[Dev] interact @Area3D@1131 world=(98.5, 0.0, 107.5) screen=(2861.601, 3895.247)
[Dev] interact LootChest world=(30.5, 0.0, 66.5) screen=(1611.95, 982.6092)
[Dev] interact @Area3D@1132 world=(95.5, 0.0, 101.5) screen=(3000.451, 3654.754)
[Dev] interact @Area3D@1133 world=(87.5, 0.0, 30.5) screen=(5916.303, 1543.76)
[Dev] interact LootPot world=(81.5, 0.0, 29.5) screen=(5684.886, 1356.709)
[Dev] interact @Area3D@1134 world=(35.5, 0.0, 59.5) screen=(2167.351, 929.1663)
[Dev] interact @Area3D@1135 world=(88.5, 0.0, 15.5) screen=(6656.836, 1169.659)
[Dev] interact @Area3D@1136 world=(50.5, 0.0, 70.5) screen=(2352.484, 1623.924)
[Dev] interact @Area3D@1137 world=(70.5, 0.0, 78.5) screen=(2907.884, 2372.125)
[Dev] interact @Area3D@1138 world=(28.5, 0.0, 66.5) screen=(1519.384, 929.1663)
[Dev] interact @Area3D@1139 world=(87.5, 0.0, 103.5) screen=(2537.617, 3494.426)
[Dev] interact @Area3D@1140 world=(80.5, 0.0, 48.5) screen=(4759.218, 1837.696)
[Dev] interact @Area3D@1141 world=(59.5, 0.0, 59.5) screen=(3278.151, 1570.481)
[Dev] interact @Area3D@1142 world=(99.5, 0.0, 57.5) screen=(5222.052, 2585.896)
[Dev] interact @Area3D@1143 world=(12.5, 0.0, 59.5) screen=(1102.833, 314.573)
[Dev] interact @Area3D@1144 world=(115.5, 0.0, 44.5) screen=(6564.27, 2666.061)
[Save] system menu → user://profiles_e2e_550_3302277.json.characters/doho_668524507678a4193c4d599d.json (C:/Users/FORYOUCOM/AppData/Roaming/Godot/app_userdata/Joseon Hunters/wt/codex-558-combat-clock-trace/profiles_e2e_550_3302277.json.characters/doho_668524507678a4193c4d599d.json)
WARNING: SaveSystem: 같은 이름의 캐릭터가 있습니다
   at: push_warning (core/variant/variant_utility.cpp:1033)
   GDScript backtrace (most recent call first):
       [0] _failed (res://core/save_system.gd:206)
       [1] create_profile (res://core/save_system.gd:59)
       [2] _on_character_created (res://world/main.gd:106)
       [3] _create (res://ui/title_ui.gd:210)
       [4] _on_click (res://ui/title_ui.gd:261)
       [5] _input (res://ui/panel_ui.gd:128)
       [6] _input (res://ui/title_ui.gd:237)
[Load] lv=1 gold=0 flags={ "opening_pending": false } portal=<null> wps=[]
[Audio] BGM town → town.ogg
[Save] level 못골 마을 → user://profiles_e2e_550_3302277.json.characters/doho_9c27b6e881d0bd673fc1643d.json (C:/Users/FORYOUCOM/AppData/Roaming/Godot/app_userdata/Joseon Hunters/wt/codex-558-combat-clock-trace/profiles_e2e_550_3302277.json.characters/doho_9c27b6e881d0bd673fc1643d.json)
[Dev] stairs DungeonEntrance dir=1 world=(0.0, 0.0, -31.0) screen=(2121.067, -492.4143)
[Dev] interact Merchant world=(5.4, 0.0, -2.4) screen=(1047.293, 368.0158)
[Dev] interact Shaman world=(-5.6, 0.0, 0.4) screen=(408.5833, 148.8999)
[Dev] interact Elder world=(2.0, 0.0, -5.6) screen=(1038.037, 191.6542)
[Dev] interact Jumo world=(7.1, 0.0, -1.4) screen=(1079.692, 440.1637)
[Dev] interact Waypoint world=(-4.2, 0.0, 2.2) screen=(390.0698, 234.4085)
[Save] system menu → user://profiles_e2e_550_3302277.json.characters/doho_9c27b6e881d0bd673fc1643d.json (C:/Users/FORYOUCOM/AppData/Roaming/Godot/app_userdata/Joseon Hunters/wt/codex-558-combat-clock-trace/profiles_e2e_550_3302277.json.characters/doho_9c27b6e881d0bd673fc1643d.json)
[Load] lv=4 gold=7777 flags={ "opening_pending": false, "profile550": "A" } portal=<null> wps=[]
[Dev] item 화염부 world=(32.5, 0.0, 70.5) screen=(-1067.574, 3085.22)
[Dev] item 빙결부 world=(33.5, 0.0, 69.5) screen=(-975.0079, 3085.22)
[Field] deulnyeok seed=1487725099 128x128 props=2444 packs=18 enemies=65 waypoint=(61, 65) roster=bandit,bat,talisman_master elites=["9:파란×4@구간2"]
[Audio] BGM dungeon → dungeon_3.ogg
[Save] level 못골 들녘 → user://profiles_e2e_550_3302277.json.characters/doho_668524507678a4193c4d599d.json (C:/Users/FORYOUCOM/AppData/Roaming/Godot/app_userdata/Joseon Hunters/wt/codex-558-combat-clock-trace/profiles_e2e_550_3302277.json.characters/doho_668524507678a4193c4d599d.json)
[Dev] stairs Down_cave dir=1 world=(88.5, 0.0, 3.5) screen=(7212.236, 897.1014)
[Dev] interact Waypoint world=(61.5, 0.0, 65.5) screen=(3093.018, 1784.253)
[Dev] interact FloorItem world=(32.5, 0.0, 70.5) screen=(1519.384, 1142.938)
[Dev] interact @Area3D@1827 world=(33.5, 0.0, 69.5) screen=(1611.95, 1142.938)
[Dev] interact PusJar world=(95.5, 0.0, 103.5) screen=(2907.884, 3708.197)
[Dev] interact @Area3D@1945 world=(101.5, 0.0, 105.5) screen=(3093.018, 3921.969)
[Dev] interact @Area3D@1946 world=(98.5, 0.0, 107.5) screen=(2861.601, 3895.247)
[Dev] interact LootChest world=(30.5, 0.0, 66.5) screen=(1611.95, 982.6092)
[Dev] interact @Area3D@1947 world=(95.5, 0.0, 101.5) screen=(3000.451, 3654.754)
[Dev] interact @Area3D@1948 world=(87.5, 0.0, 30.5) screen=(5916.303, 1543.76)
[Dev] interact LootPot world=(81.5, 0.0, 29.5) screen=(5684.886, 1356.709)
[Dev] interact @Area3D@1949 world=(35.5, 0.0, 59.5) screen=(2167.351, 929.1663)
[Dev] interact @Area3D@1950 world=(88.5, 0.0, 15.5) screen=(6656.836, 1169.659)
[Dev] interact @Area3D@1951 world=(50.5, 0.0, 70.5) screen=(2352.484, 1623.924)
[Dev] interact @Area3D@1952 world=(70.5, 0.0, 78.5) screen=(2907.884, 2372.125)
[Dev] interact @Area3D@1953 world=(28.5, 0.0, 66.5) screen=(1519.384, 929.1663)
[Dev] interact @Area3D@1954 world=(87.5, 0.0, 103.5) screen=(2537.617, 3494.426)
[Dev] interact @Area3D@1955 world=(80.5, 0.0, 48.5) screen=(4759.218, 1837.696)
[Dev] interact @Area3D@1956 world=(59.5, 0.0, 59.5) screen=(3278.151, 1570.481)
[Dev] interact @Area3D@1957 world=(99.5, 0.0, 57.5) screen=(5222.052, 2585.896)
[Dev] interact @Area3D@1958 world=(12.5, 0.0, 59.5) screen=(1102.833, 314.573)
[Dev] interact @Area3D@1959 world=(115.5, 0.0, 44.5) screen=(6564.27, 2666.061)
[Save] system menu → user://profiles_e2e_550_3302277.json.characters/doho_668524507678a4193c4d599d.json (C:/Users/FORYOUCOM/AppData/Roaming/Godot/app_userdata/Joseon Hunters/wt/codex-558-combat-clock-trace/profiles_e2e_550_3302277.json.characters/doho_668524507678a4193c4d599d.json)
[Load] lv=2 gold=2200 flags={ "opening_pending": false, "profile550": "B" } portal=<null> wps=[]
[Audio] BGM town → town.ogg
[Save] level 못골 마을 → user://profiles_e2e_550_3302277.json.characters/doho_9c27b6e881d0bd673fc1643d.json (C:/Users/FORYOUCOM/AppData/Roaming/Godot/app_userdata/Joseon Hunters/wt/codex-558-combat-clock-trace/profiles_e2e_550_3302277.json.characters/doho_9c27b6e881d0bd673fc1643d.json)
[Dev] stairs DungeonEntrance dir=1 world=(0.0, 0.0, -31.0) screen=(2121.067, -492.4143)
[Dev] interact Merchant world=(5.4, 0.0, -2.4) screen=(1047.293, 368.0158)
[Dev] interact Shaman world=(-5.6, 0.0, 0.4) screen=(408.5833, 148.8999)
[Dev] interact Elder world=(2.0, 0.0, -5.6) screen=(1038.037, 191.6542)
[Dev] interact Jumo world=(7.1, 0.0, -1.4) screen=(1079.692, 440.1637)
[Dev] interact Waypoint world=(-4.2, 0.0, 2.2) screen=(390.0698, 234.4085)
[Save] system menu → user://profiles_e2e_550_3302277.json.characters/doho_9c27b6e881d0bd673fc1643d.json (C:/Users/FORYOUCOM/AppData/Roaming/Godot/app_userdata/Joseon Hunters/wt/codex-558-combat-clock-trace/profiles_e2e_550_3302277.json.characters/doho_9c27b6e881d0bd673fc1643d.json)
[Load] lv=4 gold=7777 flags={ "opening_pending": false, "profile550": "A" } portal=<null> wps=[]
[Dev] item 화염부 world=(32.5, 0.0, 70.5) screen=(-1066.909, 3084.798)
[Dev] item 빙결부 world=(33.5, 0.0, 69.5) screen=(-974.3427, 3084.798)
[Field] deulnyeok seed=1487725099 128x128 props=2444 packs=18 enemies=65 waypoint=(61, 65) roster=bandit,bat,talisman_master elites=["9:파란×4@구간2"]
[Audio] BGM dungeon → dungeon_2.ogg
[Save] level 못골 들녘 → user://profiles_e2e_550_3302277.json.characters/doho_668524507678a4193c4d599d.json (C:/Users/FORYOUCOM/AppData/Roaming/Godot/app_userdata/Joseon Hunters/wt/codex-558-combat-clock-trace/profiles_e2e_550_3302277.json.characters/doho_668524507678a4193c4d599d.json)
[Dev] stairs Down_cave dir=1 world=(88.5, 0.0, 3.5) screen=(7212.236, 897.1014)
[Dev] interact Waypoint world=(61.5, 0.0, 65.5) screen=(3093.018, 1784.253)
[Dev] interact FloorItem world=(32.5, 0.0, 70.5) screen=(1519.384, 1142.938)
[Dev] interact @Area3D@2642 world=(33.5, 0.0, 69.5) screen=(1611.95, 1142.938)
[Dev] interact PusJar world=(95.5, 0.0, 103.5) screen=(2907.884, 3708.197)
[Dev] interact @Area3D@2760 world=(101.5, 0.0, 105.5) screen=(3093.018, 3921.969)
[Dev] interact @Area3D@2761 world=(98.5, 0.0, 107.5) screen=(2861.601, 3895.247)
[Dev] interact LootChest world=(30.5, 0.0, 66.5) screen=(1611.95, 982.6092)
[Dev] interact @Area3D@2762 world=(95.5, 0.0, 101.5) screen=(3000.451, 3654.754)
[Dev] interact @Area3D@2763 world=(87.5, 0.0, 30.5) screen=(5916.303, 1543.76)
[Dev] interact LootPot world=(81.5, 0.0, 29.5) screen=(5684.886, 1356.709)
[Dev] interact @Area3D@2764 world=(35.5, 0.0, 59.5) screen=(2167.351, 929.1663)
[Dev] interact @Area3D@2765 world=(88.5, 0.0, 15.5) screen=(6656.836, 1169.659)
[Dev] interact @Area3D@2766 world=(50.5, 0.0, 70.5) screen=(2352.484, 1623.924)
[Dev] interact @Area3D@2767 world=(70.5, 0.0, 78.5) screen=(2907.884, 2372.125)
[Dev] interact @Area3D@2768 world=(28.5, 0.0, 66.5) screen=(1519.384, 929.1663)
[Dev] interact @Area3D@2769 world=(87.5, 0.0, 103.5) screen=(2537.617, 3494.426)
[Dev] interact @Area3D@2770 world=(80.5, 0.0, 48.5) screen=(4759.218, 1837.696)
[Dev] interact @Area3D@2771 world=(59.5, 0.0, 59.5) screen=(3278.151, 1570.481)
[Dev] interact @Area3D@2772 world=(99.5, 0.0, 57.5) screen=(5222.052, 2585.896)
[Dev] interact @Area3D@2773 world=(12.5, 0.0, 59.5) screen=(1102.833, 314.573)
[Dev] interact @Area3D@2774 world=(115.5, 0.0, 44.5) screen=(6564.27, 2666.061)
[Save] system menu → user://profiles_e2e_550_3302277.json.characters/doho_668524507678a4193c4d599d.json (C:/Users/FORYOUCOM/AppData/Roaming/Godot/app_userdata/Joseon Hunters/wt/codex-558-combat-clock-trace/profiles_e2e_550_3302277.json.characters/doho_668524507678a4193c4d599d.json)
[Audio] BGM town → town.ogg
[Save] level 못골 마을 → user://save_e2e.json (C:/Users/FORYOUCOM/AppData/Roaming/Godot/app_userdata/Joseon Hunters/wt/codex-558-combat-clock-trace/save_e2e.json)
E2E character_profiles PASS (검사 38)
[Save] level 못골 마을 → user://save_e2e.json (C:/Users/FORYOUCOM/AppData/Roaming/Godot/app_userdata/Joseon Hunters/wt/codex-558-combat-clock-trace/save_e2e.json)
[Dev] stairs DungeonEntrance dir=1 world=(0.0, 0.0, -31.0) screen=(2121.067, -492.4143)
[Dev] interact Merchant world=(5.4, 0.0, -2.4) screen=(1047.293, 368.0158)
[Dev] interact Shaman world=(-5.6, 0.0, 0.4) screen=(408.5833, 148.8999)
[Dev] interact Elder world=(2.0, 0.0, -5.6) screen=(1038.037, 191.6542)
[Dev] interact Jumo world=(7.1, 0.0, -1.4) screen=(1079.692, 440.1637)
[Dev] interact Waypoint world=(-4.2, 0.0, 2.2) screen=(390.0698, 234.4085)
[Dev] stairs DungeonEntrance dir=1 world=(0.0, 0.0, -31.0) screen=(2121.067, -492.4143)
[Dev] interact Merchant world=(5.4, 0.0, -2.4) screen=(1047.293, 368.0158)
[Dev] interact Shaman world=(-5.6, 0.0, 0.4) screen=(408.5833, 148.8999)
[Dev] interact Elder world=(2.0, 0.0, -5.6) screen=(1038.037, 191.6542)
[Dev] interact Jumo world=(7.1, 0.0, -1.4) screen=(1079.692, 440.1637)
[Dev] interact Waypoint world=(-4.2, 0.0, 2.2) screen=(390.0698, 234.4085)
E2E ▶ quest_journal
[Click] world=(-5.6, 0.0, 0.4) cell=(-6, 0)
[Save] quest_log_dialogue → user://save_e2e.json (C:/Users/FORYOUCOM/AppData/Roaming/Godot/app_userdata/Joseon Hunters/wt/codex-558-combat-clock-trace/save_e2e.json)
[Save] talk shaman → user://save_e2e.json (C:/Users/FORYOUCOM/AppData/Roaming/Godot/app_userdata/Joseon Hunters/wt/codex-558-combat-clock-trace/save_e2e.json)
[Click] world=(7.1, 0.0, -1.4) cell=(7, -2)
[Save] quest → user://save_e2e.json (C:/Users/FORYOUCOM/AppData/Roaming/Godot/app_userdata/Joseon Hunters/wt/codex-558-combat-clock-trace/save_e2e.json)
[Save] quest_log_dialogue → user://save_e2e.json (C:/Users/FORYOUCOM/AppData/Roaming/Godot/app_userdata/Joseon Hunters/wt/codex-558-combat-clock-trace/save_e2e.json)
[Save] talk jumo → user://save_e2e.json (C:/Users/FORYOUCOM/AppData/Roaming/Godot/app_userdata/Joseon Hunters/wt/codex-558-combat-clock-trace/save_e2e.json)
[Save] quest_log_read → user://save_e2e.json (C:/Users/FORYOUCOM/AppData/Roaming/Godot/app_userdata/Joseon Hunters/wt/codex-558-combat-clock-trace/save_e2e.json)
[Save] boss → user://save_e2e.json (C:/Users/FORYOUCOM/AppData/Roaming/Godot/app_userdata/Joseon Hunters/wt/codex-558-combat-clock-trace/save_e2e.json)
[Save] quest_log_read → user://save_e2e.json (C:/Users/FORYOUCOM/AppData/Roaming/Godot/app_userdata/Joseon Hunters/wt/codex-558-combat-clock-trace/save_e2e.json)
[Click] world=(7.1, 0.0, -1.4) cell=(7, -2)
[Save] quest → user://save_e2e.json (C:/Users/FORYOUCOM/AppData/Roaming/Godot/app_userdata/Joseon Hunters/wt/codex-558-combat-clock-trace/save_e2e.json)
[Save] quest_log_dialogue → user://save_e2e.json (C:/Users/FORYOUCOM/AppData/Roaming/Godot/app_userdata/Joseon Hunters/wt/codex-558-combat-clock-trace/save_e2e.json)
[Save] talk jumo → user://save_e2e.json (C:/Users/FORYOUCOM/AppData/Roaming/Godot/app_userdata/Joseon Hunters/wt/codex-558-combat-clock-trace/save_e2e.json)
[Save] quest_log_read → user://save_e2e.json (C:/Users/FORYOUCOM/AppData/Roaming/Godot/app_userdata/Joseon Hunters/wt/codex-558-combat-clock-trace/save_e2e.json)
[Save] quest_log_read → user://save_e2e.json (C:/Users/FORYOUCOM/AppData/Roaming/Godot/app_userdata/Joseon Hunters/wt/codex-558-combat-clock-trace/save_e2e.json)
[Save] quest_log_read → user://save_e2e.json (C:/Users/FORYOUCOM/AppData/Roaming/Godot/app_userdata/Joseon Hunters/wt/codex-558-combat-clock-trace/save_e2e.json)
[Save] quest_log_read → user://save_e2e.json (C:/Users/FORYOUCOM/AppData/Roaming/Godot/app_userdata/Joseon Hunters/wt/codex-558-combat-clock-trace/save_e2e.json)
[Save] quest_log_test → user://save_e2e.json (C:/Users/FORYOUCOM/AppData/Roaming/Godot/app_userdata/Joseon Hunters/wt/codex-558-combat-clock-trace/save_e2e.json)
[Load] lv=1 gold=0 flags={ "boss_killed_heukrang_gul": true, "opening_pending": false, "quest": { "beomgul_seal": { "state": "accepted" }, "bongmil_gate": { "state": "accepted" }, "heukrang_seal": { "state": "done" }, "heukrang_thanks": { "state": "killed" }, "soeburi_seal": { "state": "accepted" } }, "quest_log": { "history": { "heukrang_seal": [{ "name": "무당 할매", "source": "npc/shaman", "speaker": "shaman", "static_id": "NPC_SHAMAN_OFFER_1", "text": "도사 양반, 늦었소. 못골이 석 달째 이 꼴이오.", "uid": "npc/shaman/NPC_SHAMAN_OFFER_1" }, { "name": "도호", "source": "npc/shaman", "speaker": "doho", "static_id": "NPC_SHAMAN_OFFER_2", "text": "할매, 술부터… 아, 분위기 아니구먼.", "uid": "npc/shaman/NPC_SHAMAN_OFFER_2" }, { "name": "무당 할매", "source": "npc/shaman", "speaker": "shaman", "static_id": "NPC_SHAMAN_OFFER_3", "text": "봉인이 흔들리오. 요사한 기운이 못골로 새고 있소.", "uid": "npc/shaman/NPC_SHAMAN_OFFER_3" }, { "name": "무당 할매", "source": "npc/shaman", "speaker": "shaman", "static_id": "NPC_SHAMAN_OFFER_3B", "text": "꼬리 아홉 달린 천 년 묵은 여우, 구미호가 깨어났소.", "uid": "npc/shaman/NPC_SHAMAN_OFFER_3B" }, { "name": "무당 할매", "source": "npc/shaman", "speaker": "shaman", "static_id": "NPC_SHAMAN_OFFER_3C", "text": "그 수하가 들녘 너머 흑랑 굴에 들어앉았소.", "uid": "npc/shaman/NPC_SHAMAN_OFFER_3C" }, { "name": "무당 할매", "source": "npc/shaman", "speaker": "shaman", "static_id": "NPC_SHAMAN_OFFER_4", "text": "마을 북쪽 산길 끝 봉밀굴 문 안엔 구미호가 갇혀 있소. …아직 열 때가 아니오.", "uid": "npc/shaman/NPC_SHAMAN_OFFER_4" }, { "name": "도호", "source": "npc/shaman", "speaker": "doho", "static_id": "NPC_SHAMAN_OFFER_5", "text": "…또 봉인이여.", "uid": "npc/shaman/NPC_SHAMAN_OFFER_5" }, { "name": "무당 할매", "source": "npc/shaman", "speaker": "shaman", "static_id": "NPC_SHAMAN_OFFER_6", "text": "도사 양반밖에 없소. 장터 어귀에 주모가 있소. 길은 그 사람이 아오.", "uid": "npc/shaman/NPC_SHAMAN_OFFER_6" }, { "name": "도호", "source": "npc/shaman", "speaker": "doho", "static_id": "NPC_SHAMAN_OFFER_7", "text": "술값은—", "uid": "npc/shaman/NPC_SHAMAN_OFFER_7" }, { "name": "무당 할매", "source": "npc/shaman", "speaker": "shaman", "static_id": "NPC_SHAMAN_OFFER_8", "text": "살아서 돌아오면 쳐 드리리다.", "uid": "npc/shaman/NPC_SHAMAN_OFFER_8" }, { "name": "도호", "source": "npc/shaman", "speaker": "doho", "static_id": "NPC_SHAMAN_OFFER_9", "text": "…허. 하는 김에.", "uid": "npc/shaman/NPC_SHAMAN_OFFER_9" }, { "name": "주모", "source": "npc/jumo", "speaker": "jumo", "static_id": "NPC_JUMO_MAIN_1", "text": "그나저나 도사 양반, 이 장터가 왜 닫혔는지는 아시우?", "uid": "npc/jumo/NPC_JUMO_MAIN_1" }, { "name": "도호", "source": "npc/jumo", "speaker": "doho", "static_id": "NPC_JUMO_MAIN_2", "text": "봉인이 무너져서 괴질이 돈다는 건 대충 들었지.", "uid": "npc/jumo/NPC_JUMO_MAIN_2" }, { "name": "주모", "source": "npc/jumo", "speaker": "jumo", "static_id": "NPC_JUMO_MAIN_3", "text": "마을 북쪽 산길 끝에 봉밀굴 문 있잖우. 돌문 말이우.", "uid": "npc/jumo/NPC_JUMO_MAIN_3" }, { "name": "주모", "source": "npc/jumo", "speaker": "jumo", "static_id": "NPC_JUMO_MAIN_3B", "text": "그 문 열쇠가 세 조각으로 쪼개져서, 굴마다 하나씩 박혀 있다우.", "uid": "npc/jumo/NPC_JUMO_MAIN_3B" }, { "name": "주모", "source": "npc/jumo", "speaker": "jumo", "static_id": "NPC_JUMO_MAIN_3C", "text": "개가 하나, 들녘 흑랑 굴이우. 범이 하나, 고개 너머 범굴이우.", "uid": "npc/jumo/NPC_JUMO_MAIN_3C" }, { "name": "도호", "source": "npc/jumo", "speaker": "doho", "static_id": "NPC_JUMO_MAIN_4", "text": "소문치곤 번지수까지 친절하구먼.", "uid": "npc/jumo/NPC_JUMO_MAIN_4" }, { "name": "주모", "source": "npc/jumo", "speaker": "jumo", "static_id": "NPC_JUMO_MAIN_4B", "text": "쇠 먹는 놈 뱃속에 하나는, 같은 고개 너머 쇠부리 폐광이우.", "uid": "npc/jumo/NPC_JUMO_MAIN_4B" }, { "name": "주모", "source": "npc/jumo", "speaker": "jumo", "static_id": "NPC_JUMO_MAIN_5", "text": "목로에 앉아 있으면 소문이 다 들어오우. 값은 국물에 쳐서 받지.", "uid": "npc/jumo/NPC_JUMO_MAIN_5" }, { "name": "주모", "source": "npc/jumo", "speaker": "jumo", "static_id": "NPC_JUMO_MAIN_6", "text": "열쇠를 모아 문을 열어야 이 병의 뿌리를 뽑을 수 있고, 뿌리를 뽑아야 닫힌 장터가 다시 열리지.", "uid": "npc/jumo/NPC_JUMO_MAIN_6" }, { "name": "도호", "source": "npc/jumo", "speaker": "doho", "static_id": "NPC_JUMO_MAIN_7", "text": "뿌리라… 구미호 말이지.", "uid": "npc/jumo/NPC_JUMO_MAIN_7" }, { "name": "주모", "source": "npc/jumo", "speaker": "jumo", "static_id": "NPC_JUMO_MAIN_8", "text": "…그 이름은 내 입에 올리기 싫수. 국물 식겠수.", "uid": "npc/jumo/NPC_JUMO_MAIN_8" }, { "name": "도호", "source": "npc/jumo", "speaker": "doho", "static_id": "NPC_JUMO_MAIN_9", "text": "국물값치곤 일이 크네. 외상으로 달아 두시오.", "uid": "npc/jumo/NPC_JUMO_MAIN_9" }, { "name": "주모", "source": "npc/jumo", "speaker": "jumo", "static_id": "NPC_JUMO_MAIN_10", "text": "가까운 데부터 가시구려. 동쪽 문 밖 들녘에 흑랑 굴이 있수. …국물은 식어도 외상은 안 식수.", "uid": "npc/jumo/NPC_JUMO_MAIN_10" }, { "name": "주모", "source": "npc/jumo", "speaker": "jumo", "static_id": "NPC_JUMO_NEWS1_1", "text": "벌써 하나 가져오셨수? 그게 열쇠우? 어디 좀…", "uid": "npc/jumo/NPC_JUMO_NEWS1_1" }, { "name": "", "source": "npc/jumo", "speaker": "", "static_id": "NPC_JUMO_NEWS1_2", "text": "조각으로 뻗던 주모의 손이 허공에서 멈춘다.", "uid": "npc/jumo/NPC_JUMO_NEWS1_2" }, { "name": "주모", "source": "npc/jumo", "speaker": "jumo", "static_id": "NPC_JUMO_NEWS1_3", "text": "에구, 나이 드니 손이 시려서. 도사 양반이 들고 계시우.", "uid": "npc/jumo/NPC_JUMO_NEWS1_3" }, { "name": "도호", "source": "npc/jumo", "speaker": "doho", "static_id": "NPC_JUMO_NEWS1_4", "text": "국물 한 그릇이면 들고 다니지.", "uid": "npc/jumo/NPC_JUMO_NEWS1_4" }, { "name": "주모", "source": "npc/jumo", "speaker": "jumo", "static_id": "NPC_JUMO_NEWS1_HEUK", "text": "그 개는… 편히 갔수? …아니우, 괜한 소릴.", "uid": "npc/jumo/NPC_JUMO_NEWS1_HEUK" }, { "name": "주모", "source": "npc/jumo", "speaker": "jumo", "static_id": "NPC_JUMO_NEWS1_LEFT_BEOM_SOE", "text": "남은 둘은 고개 너머 정령재에 있수. 범굴이랑 쇠부리 폐광이우. 어느 쪽이 먼저든 상관없지.", "uid": "npc/jumo/NPC_JUMO_NEWS1_LEFT_BEOM_SOE" }, { "name": "도호", "source": "npc/jumo", "speaker": "doho", "static_id": "NPC_JUMO_NEWS1_END", "text": "외상이 자꾸 느는구먼. 갚을 날이 오긴 하려나.", "uid": "npc/jumo/NPC_JUMO_NEWS1_END" }] }, "read": { "beomgul_seal": "accepted/0", "bongmil_gate": "accepted/0", "heukrang_seal": "done/31", "soeburi_seal": "accepted/0" }, "revisions": { "heukrang_seal": 31.0 } }, "seen": { "npc/jumo/start": 2.0, "npc/shaman/start": 1.0 }, "story": { "event/shaman_quest": true, "jumo_met": true, "jumo_seals": 1.0, "shaman_heal_intro": true, "shaman_offer": true } } portal=<null> wps=[]
[Save] level 못골 마을 → user://save_e2e.json (C:/Users/FORYOUCOM/AppData/Roaming/Godot/app_userdata/Joseon Hunters/wt/codex-558-combat-clock-trace/save_e2e.json)
[Dev] stairs DungeonEntrance dir=1 world=(0.0, 0.0, -31.0) screen=(2121.067, -492.4143)
[Dev] interact Merchant world=(5.4, 0.0, -2.4) screen=(1047.293, 368.0158)
[Dev] interact Shaman world=(-5.6, 0.0, 0.4) screen=(408.5833, 148.8999)
[Dev] interact Elder world=(2.0, 0.0, -5.6) screen=(1038.037, 191.6542)
[Dev] interact Jumo world=(7.1, 0.0, -1.4) screen=(1079.692, 440.1637)
[Dev] interact Waypoint world=(-4.2, 0.0, 2.2) screen=(390.0698, 234.4085)
  · revision 타입: 저장 전 2 · JSON 복원 3
[Save] level 못골 마을 → user://save_e2e.json (C:/Users/FORYOUCOM/AppData/Roaming/Godot/app_userdata/Joseon Hunters/wt/codex-558-combat-clock-trace/save_e2e.json)
[Dev] stairs DungeonEntrance dir=1 world=(0.0, 0.0, -31.0) screen=(2121.067, -492.4143)
[Dev] interact Merchant world=(5.4, 0.0, -2.4) screen=(1047.293, 368.0158)
[Dev] interact Shaman world=(-5.6, 0.0, 0.4) screen=(408.5833, 148.8999)
[Dev] interact Elder world=(2.0, 0.0, -5.6) screen=(1038.037, 191.6542)
[Dev] interact Jumo world=(7.1, 0.0, -1.4) screen=(1079.692, 440.1637)
[Dev] interact Waypoint world=(-4.2, 0.0, 2.2) screen=(390.0698, 234.4085)
[Dev] 역할 — 여기엔 적을 세울 자리가 없다
E2E quest_journal PASS (검사 56)
[Save] level 못골 마을 → user://save_e2e.json (C:/Users/FORYOUCOM/AppData/Roaming/Godot/app_userdata/Joseon Hunters/wt/codex-558-combat-clock-trace/save_e2e.json)
[Dev] stairs DungeonEntrance dir=1 world=(0.0, 0.0, -31.0) screen=(2121.067, -492.4143)
[Dev] interact Merchant world=(5.4, 0.0, -2.4) screen=(1047.293, 368.0158)
[Dev] interact Shaman world=(-5.6, 0.0, 0.4) screen=(408.5833, 148.8999)
[Dev] interact Elder world=(2.0, 0.0, -5.6) screen=(1038.037, 191.6542)
[Dev] interact Jumo world=(7.1, 0.0, -1.4) screen=(1079.692, 440.1637)
[Dev] interact Waypoint world=(-4.2, 0.0, 2.2) screen=(390.0698, 234.4085)
E2E ▶ hud_orb_fx
[Skill] 회오리베기 → mp 48/56
E2E hud_orb_fx PASS (검사 30)
[Save] level 못골 마을 → user://save_e2e.json (C:/Users/FORYOUCOM/AppData/Roaming/Godot/app_userdata/Joseon Hunters/wt/codex-558-combat-clock-trace/save_e2e.json)
[Dev] stairs DungeonEntrance dir=1 world=(0.0, 0.0, -31.0) screen=(2121.067, -492.4143)
[Dev] interact Merchant world=(5.4, 0.0, -2.4) screen=(1047.293, 368.0158)
[Dev] interact Shaman world=(-5.6, 0.0, 0.4) screen=(408.5833, 148.8999)
[Dev] interact Elder world=(2.0, 0.0, -5.6) screen=(1038.037, 191.6542)
[Dev] interact Jumo world=(7.1, 0.0, -1.4) screen=(1079.692, 440.1637)
[Dev] interact Waypoint world=(-4.2, 0.0, 2.2) screen=(390.0698, 234.4085)
E2E ▶ npc_hover_view
[Click] world=(5.4, 0.0, -2.4) cell=(5, -3)
[Save] talk merchant → user://save_e2e.json (C:/Users/FORYOUCOM/AppData/Roaming/Godot/app_userdata/Joseon Hunters/wt/codex-558-combat-clock-trace/save_e2e.json)
[Click] world=(-5.6, 0.0, 0.4) cell=(-6, 0)
[Save] quest_log_dialogue → user://save_e2e.json (C:/Users/FORYOUCOM/AppData/Roaming/Godot/app_userdata/Joseon Hunters/wt/codex-558-combat-clock-trace/save_e2e.json)
[Save] talk shaman → user://save_e2e.json (C:/Users/FORYOUCOM/AppData/Roaming/Godot/app_userdata/Joseon Hunters/wt/codex-558-combat-clock-trace/save_e2e.json)
[Click] world=(2.0, 0.0, -5.6) cell=(2, -6)
[Save] talk elder → user://save_e2e.json (C:/Users/FORYOUCOM/AppData/Roaming/Godot/app_userdata/Joseon Hunters/wt/codex-558-combat-clock-trace/save_e2e.json)
[Click] world=(7.1, 0.0, -1.4) cell=(7, -2)
[Save] talk jumo → user://save_e2e.json (C:/Users/FORYOUCOM/AppData/Roaming/Godot/app_userdata/Joseon Hunters/wt/codex-558-combat-clock-trace/save_e2e.json)
[Save] level 못골 마을 → user://save_e2e.json (C:/Users/FORYOUCOM/AppData/Roaming/Godot/app_userdata/Joseon Hunters/wt/codex-558-combat-clock-trace/save_e2e.json)
[Dev] stairs DungeonEntrance dir=1 world=(0.0, 0.0, -31.0) screen=(2121.067, -492.4143)
[Dev] interact Merchant world=(5.4, 0.0, -2.4) screen=(1047.293, 368.0158)
[Dev] interact Shaman world=(-5.6, 0.0, 0.4) screen=(408.5833, 148.8999)
[Dev] interact Elder world=(2.0, 0.0, -5.6) screen=(1038.037, 191.6542)
[Dev] interact Jumo world=(7.1, 0.0, -1.4) screen=(1079.692, 440.1637)
[Dev] interact Waypoint world=(-4.2, 0.0, 2.2) screen=(390.0698, 234.4085)
[Save] level 못골 마을 → user://save_e2e.json (C:/Users/FORYOUCOM/AppData/Roaming/Godot/app_userdata/Joseon Hunters/wt/codex-558-combat-clock-trace/save_e2e.json)
[Dev] stairs DungeonEntrance dir=1 world=(0.0, 0.0, -31.0) screen=(2121.067, -492.4143)
[Dev] interact Merchant world=(5.4, 0.0, -2.4) screen=(1047.293, 368.0158)
[Dev] interact Shaman world=(-5.6, 0.0, 0.4) screen=(408.5833, 148.8999)
[Dev] interact Elder world=(2.0, 0.0, -5.6) screen=(1038.037, 191.6542)
[Dev] interact Jumo world=(7.1, 0.0, -1.4) screen=(1079.692, 440.1637)
[Dev] interact Waypoint world=(-4.2, 0.0, 2.2) screen=(390.0698, 234.4085)
[Click] world=(7.1, 0.0, -1.4) cell=(7, -2)
[Save] talk jumo → user://save_e2e.json (C:/Users/FORYOUCOM/AppData/Roaming/Godot/app_userdata/Joseon Hunters/wt/codex-558-combat-clock-trace/save_e2e.json)
[Save] level 못골 마을 → user://save_e2e.json (C:/Users/FORYOUCOM/AppData/Roaming/Godot/app_userdata/Joseon Hunters/wt/codex-558-combat-clock-trace/save_e2e.json)
[Dev] stairs DungeonEntrance dir=1 world=(0.0, 0.0, -31.0) screen=(2121.067, -492.4143)
[Dev] interact Merchant world=(5.4, 0.0, -2.4) screen=(1047.293, 368.0158)
[Dev] interact Shaman world=(-5.6, 0.0, 0.4) screen=(408.5833, 148.8999)
[Dev] interact Elder world=(2.0, 0.0, -5.6) screen=(1038.037, 191.6542)
[Dev] interact Jumo world=(7.1, 0.0, -1.4) screen=(1079.692, 440.1637)
[Dev] interact Waypoint world=(-4.2, 0.0, 2.2) screen=(390.0698, 234.4085)
E2E npc_hover_view PASS (검사 77)
[Save] level 못골 마을 → user://save_e2e.json (C:/Users/FORYOUCOM/AppData/Roaming/Godot/app_userdata/Joseon Hunters/wt/codex-558-combat-clock-trace/save_e2e.json)
[Dev] stairs DungeonEntrance dir=1 world=(0.0, 0.0, -31.0) screen=(2121.067, -492.4143)
[Dev] interact Merchant world=(5.4, 0.0, -2.4) screen=(1047.293, 368.0158)
[Dev] interact Shaman world=(-5.6, 0.0, 0.4) screen=(408.5833, 148.8999)
[Dev] interact Elder world=(2.0, 0.0, -5.6) screen=(1038.037, 191.6542)
[Dev] interact Jumo world=(7.1, 0.0, -1.4) screen=(1079.692, 440.1637)
[Dev] interact Waypoint world=(-4.2, 0.0, 2.2) screen=(390.0698, 234.4085)
E2E ▶ elite_ui_view
[Dungeon] heukrang_gul 1층 lv=2 seed=403727558 gen 64x64 rooms=6 up=(44, 56) down=(7, 23) enemies=20 roster=bandit,bat,talisman_master elites=["방2:금색×3(깊이 0.50)"] named=-
[Quest] heukrang_gul 1층 — 싹쓸이 셈 시작 20 (heukrang_clear:none)
[Audio] BGM dungeon → dungeon_1.ogg
[Save] level 흑랑 굴 1층 → user://save_e2e.json (C:/Users/FORYOUCOM/AppData/Roaming/Godot/app_userdata/Joseon Hunters/wt/codex-558-combat-clock-trace/save_e2e.json)
[Dev] stairs StairsUp dir=-1 world=(44.5, 0.0, 56.5) screen=(593.7165, 335.9509)
[Dev] stairs StairsDown dir=1 world=(7.5, 0.0, 23.5) screen=(408.583, -1534.551)
[Dev] interact PusJar world=(29.5, 0.0, 42.5) screen=(547.433, -487.0705)
[Dev] interact @Area3D@4553 world=(14.5, 0.0, 24.5) screen=(686.2831, -1368.878)
[Dev] interact @Area3D@4554 world=(23.5, 0.0, 18.5) screen=(1380.534, -1288.714)
[Dev] interact LootChest world=(29.5, 0.0, 39.5) screen=(686.2831, -567.2349)
[Dev] interact @Area3D@4555 world=(40.5, 0.0, 38.5) screen=(1241.683, -300.0204)
[Dev] interact LootPot world=(21.5, 0.0, 43.5) screen=(130.8828, -674.1207)
[Dev] interact @Area3D@4556 world=(22.5, 0.0, 44.5) screen=(130.8829, -620.6779)
[Dev] interact @Area3D@4557 world=(19.5, 0.0, 9.5) screen=(1611.95, -1636.093)
[Dev] interact @Area3D@4558 world=(20.5, 0.0, 9.5) screen=(1658.234, -1609.372)
[Dev] interact @Area3D@4559 world=(44.5, 0.0, 51.5) screen=(825.1333, 154.2443)
[Dev] interact @Area3D@4560 world=(44.5, 0.0, 52.5) screen=(778.8499, 180.9657)
[Dev] interact @Area3D@4561 world=(21.5, 0.0, 39.5) screen=(316.0163, -781.0065)
[Dev] removed 20 enemies
[Dev] removed 3 enemies
[Dev] removed 5 enemies
[Dev] item 붉은 문턱 (환도) world=(24.5, 0.000391, 49.5) screen=(732.5665, 397.41)
E2E elite_ui_view PASS (검사 6)
[Audio] BGM town → town.ogg
[Save] level 못골 마을 → user://save_e2e.json (C:/Users/FORYOUCOM/AppData/Roaming/Godot/app_userdata/Joseon Hunters/wt/codex-558-combat-clock-trace/save_e2e.json)
[Dev] stairs DungeonEntrance dir=1 world=(0.0, 0.0, -31.0) screen=(2121.067, -492.4143)
[Dev] interact Merchant world=(5.4, 0.0, -2.4) screen=(1047.293, 368.0158)
[Dev] interact Shaman world=(-5.6, 0.0, 0.4) screen=(408.5833, 148.8999)
[Dev] interact Elder world=(2.0, 0.0, -5.6) screen=(1038.037, 191.6542)
[Dev] interact Jumo world=(7.1, 0.0, -1.4) screen=(1079.692, 440.1637)
[Dev] interact Waypoint world=(-4.2, 0.0, 2.2) screen=(390.0698, 234.4085)
E2E ▶ hud_hierarchy_view
[Dungeon] heukrang_gul 1층 lv=2 seed=403727558 gen 64x64 rooms=6 up=(44, 56) down=(7, 23) enemies=20 roster=bandit,bat,talisman_master elites=["방2:금색×3(깊이 0.50)"] named=-
[Quest] heukrang_gul 1층 — 싹쓸이 셈 시작 20 (heukrang_clear:none)
[Audio] BGM dungeon → dungeon_3.ogg
[Save] level 흑랑 굴 1층 → user://save_e2e.json (C:/Users/FORYOUCOM/AppData/Roaming/Godot/app_userdata/Joseon Hunters/wt/codex-558-combat-clock-trace/save_e2e.json)
[Dev] stairs StairsUp dir=-1 world=(44.5, 0.0, 56.5) screen=(593.7165, 335.9509)
[Dev] stairs StairsDown dir=1 world=(7.5, 0.0, 23.5) screen=(408.583, -1534.551)
[Dev] interact PusJar world=(29.5, 0.0, 42.5) screen=(547.433, -487.0705)
[Dev] interact @Area3D@4917 world=(14.5, 0.0, 24.5) screen=(686.2831, -1368.878)
[Dev] interact @Area3D@4918 world=(23.5, 0.0, 18.5) screen=(1380.534, -1288.714)
[Dev] interact LootChest world=(29.5, 0.0, 39.5) screen=(686.2831, -567.2349)
[Dev] interact @Area3D@4919 world=(40.5, 0.0, 38.5) screen=(1241.683, -300.0204)
[Dev] interact LootPot world=(21.5, 0.0, 43.5) screen=(130.8828, -674.1207)
[Dev] interact @Area3D@4920 world=(22.5, 0.0, 44.5) screen=(130.8829, -620.6779)
[Dev] interact @Area3D@4921 world=(19.5, 0.0, 9.5) screen=(1611.95, -1636.093)
[Dev] interact @Area3D@4922 world=(20.5, 0.0, 9.5) screen=(1658.234, -1609.372)
[Dev] interact @Area3D@4923 world=(44.5, 0.0, 51.5) screen=(825.1333, 154.2443)
[Dev] interact @Area3D@4924 world=(44.5, 0.0, 52.5) screen=(778.8499, 180.9657)
[Dev] interact @Area3D@4925 world=(21.5, 0.0, 39.5) screen=(316.0163, -781.0065)
[Dev] removed 20 enemies
E2E hud_hierarchy_view PASS (검사 4)
[Audio] BGM town → town.ogg
[Save] level 못골 마을 → user://save_e2e.json (C:/Users/FORYOUCOM/AppData/Roaming/Godot/app_userdata/Joseon Hunters/wt/codex-558-combat-clock-trace/save_e2e.json)
[Dev] stairs DungeonEntrance dir=1 world=(0.0, 0.0, -31.0) screen=(2121.067, -492.4143)
[Dev] interact Merchant world=(5.4, 0.0, -2.4) screen=(1047.293, 368.0158)
[Dev] interact Shaman world=(-5.6, 0.0, 0.4) screen=(408.5833, 148.8999)
[Dev] interact Elder world=(2.0, 0.0, -5.6) screen=(1038.037, 191.6542)
[Dev] interact Jumo world=(7.1, 0.0, -1.4) screen=(1079.692, 440.1637)
[Dev] interact Waypoint world=(-4.2, 0.0, 2.2) screen=(390.0698, 234.4085)
E2E ▶ pickup_feedback_view
E2E pickup_feedback_view PASS (검사 3)
[Save] level 못골 마을 → user://save_e2e.json (C:/Users/FORYOUCOM/AppData/Roaming/Godot/app_userdata/Joseon Hunters/wt/codex-558-combat-clock-trace/save_e2e.json)
[Dev] stairs DungeonEntrance dir=1 world=(0.0, 0.0, -31.0) screen=(2121.067, -492.4143)
[Dev] interact Merchant world=(5.4, 0.0, -2.4) screen=(1047.293, 368.0158)
[Dev] interact Shaman world=(-5.6, 0.0, 0.4) screen=(408.5833, 148.8999)
[Dev] interact Elder world=(2.0, 0.0, -5.6) screen=(1038.037, 191.6542)
[Dev] interact Jumo world=(7.1, 0.0, -1.4) screen=(1079.692, 440.1637)
[Dev] interact Waypoint world=(-4.2, 0.0, 2.2) screen=(390.0698, 234.4085)
E2E ▶ icon_intake
[Click] world=(5.4, 0.0, -2.4) cell=(5, -3)
[Click] world=(5.4, 0.0, -2.4) cell=(5, -3)
[Dungeon] heukrang_gul 1층 lv=2 seed=403727558 gen 64x64 rooms=6 up=(44, 56) down=(7, 23) enemies=20 roster=bandit,bat,talisman_master elites=["방2:금색×3(깊이 0.50)"] named=-
[Quest] heukrang_gul 1층 — 싹쓸이 셈 시작 20 (heukrang_clear:none)
[Audio] BGM dungeon → dungeon_2.ogg
[Save] level 흑랑 굴 1층 → user://save_e2e.json (C:/Users/FORYOUCOM/AppData/Roaming/Godot/app_userdata/Joseon Hunters/wt/codex-558-combat-clock-trace/save_e2e.json)
[Dev] stairs StairsUp dir=-1 world=(44.5, 0.0, 56.5) screen=(593.7165, 335.9509)
[Dev] stairs StairsDown dir=1 world=(7.5, 0.0, 23.5) screen=(408.583, -1534.551)
[Dev] interact PusJar world=(29.5, 0.0, 42.5) screen=(547.433, -487.0705)
[Dev] interact @Area3D@5432 world=(14.5, 0.0, 24.5) screen=(686.2831, -1368.878)
[Dev] interact @Area3D@5433 world=(23.5, 0.0, 18.5) screen=(1380.534, -1288.714)
[Dev] interact LootChest world=(29.5, 0.0, 39.5) screen=(686.2831, -567.2349)
[Dev] interact @Area3D@5434 world=(40.5, 0.0, 38.5) screen=(1241.683, -300.0204)
[Dev] interact LootPot world=(21.5, 0.0, 43.5) screen=(130.8828, -674.1207)
[Dev] interact @Area3D@5435 world=(22.5, 0.0, 44.5) screen=(130.8829, -620.6779)
[Dev] interact @Area3D@5436 world=(19.5, 0.0, 9.5) screen=(1611.95, -1636.093)
[Dev] interact @Area3D@5437 world=(20.5, 0.0, 9.5) screen=(1658.234, -1609.372)
[Dev] interact @Area3D@5438 world=(44.5, 0.0, 51.5) screen=(825.1333, 154.2443)
[Dev] interact @Area3D@5439 world=(44.5, 0.0, 52.5) screen=(778.8499, 180.9657)
[Dev] interact @Area3D@5440 world=(21.5, 0.0, 39.5) screen=(316.0163, -781.0065)
[Dev] removed 20 enemies
[Click] world=(-5.6, 0.0, 0.4) cell=(-6, 0)
[Click] world=(1.72969, 0.0, 2.026486) cell=(1, 2)
[Click] world=(5.4, 0.0, -2.4) cell=(5, -3)
[Click] world=(1.142134, 0.0, 2.577593) cell=(1, 2)
[Click] world=(2.054921, 0.0, 2.999449) cell=(2, 2)
[Click] world=(1.72969, 0.0, 2.026486) cell=(1, 2)
[Click] world=(1.933486, 0.0, 2.855147) cell=(1, 2)
[Click] world=(5.4, 0.0, -2.4) cell=(5, -3)
[Click] world=(1.142134, 0.0, 2.577593) cell=(1, 2)
[Click] world=(2.054921, 0.0, 2.999449) cell=(2, 2)
[Click] world=(1.72969, 0.0, 2.026486) cell=(1, 2)
[Click] world=(1.165086, 0.0, 2.971338) cell=(1, 2)
E2E icon_intake PASS (검사 315)
[Save] level 못골 마을 → user://save_e2e.json (C:/Users/FORYOUCOM/AppData/Roaming/Godot/app_userdata/Joseon Hunters/wt/codex-558-combat-clock-trace/save_e2e.json)
[Dev] stairs DungeonEntrance dir=1 world=(0.0, 0.0, -31.0) screen=(2121.067, -492.4143)
[Dev] interact Merchant world=(5.4, 0.0, -2.4) screen=(1047.293, 368.0158)
[Dev] interact Shaman world=(-5.6, 0.0, 0.4) screen=(408.5833, 148.8999)
[Dev] interact Elder world=(2.0, 0.0, -5.6) screen=(1038.037, 191.6542)
[Dev] interact Jumo world=(7.1, 0.0, -1.4) screen=(1079.692, 440.1637)
[Dev] interact Waypoint world=(-4.2, 0.0, 2.2) screen=(390.0698, 234.4085)
E2E ▶ automap
[Click] world=(-2.49981, 0.0, 2.500191) cell=(-3, 2)
[Skill] 참격 → mp 46/50
[Dev] item 화염부 world=(32.5, 0.0, 70.5) screen=(-922.3114, 3077.183)
[Dev] item 빙결부 world=(33.5, 0.0, 69.5) screen=(-829.7448, 3077.183)
[Field] deulnyeok seed=355022911 128x128 props=2252 packs=18 enemies=74 waypoint=(62, 65) roster=bandit,bat,talisman_master elites=["13:파란×4@구간3"]
[Audio] BGM dungeon → dungeon_4.ogg
[Save] level 못골 들녘 → user://save_e2e.json (C:/Users/FORYOUCOM/AppData/Roaming/Godot/app_userdata/Joseon Hunters/wt/codex-558-combat-clock-trace/save_e2e.json)
[Dev] stairs Down_cave dir=1 world=(88.5, 0.0, 3.5) screen=(7212.236, 897.1014)
[Dev] interact Waypoint world=(62.5, 0.0, 65.5) screen=(3139.301, 1810.974)
[Dev] interact FloorItem world=(32.5, 0.0, 70.5) screen=(1519.384, 1142.938)
[Dev] interact @Area3D@7081 world=(33.5, 0.0, 69.5) screen=(1611.95, 1142.938)
[Dev] interact PusJar world=(95.5, 0.0, 103.5) screen=(2907.884, 3708.197)
[Dev] interact @Area3D@7228 world=(101.5, 0.0, 105.5) screen=(3093.018, 3921.969)
[Dev] interact @Area3D@7229 world=(98.5, 0.0, 107.5) screen=(2861.601, 3895.247)
[Dev] interact LootChest world=(27.5, 0.0, 70.5) screen=(1287.967, 1009.331)
[Dev] interact @Area3D@7230 world=(94.5, 0.0, 100.5) screen=(3000.451, 3601.312)
[Dev] interact @Area3D@7231 world=(55.5, 0.0, 52.5) screen=(3417.001, 1276.545)
[Dev] interact LootPot world=(46.5, 0.0, 68.5) screen=(2259.917, 1463.595)
[Dev] interact @Area3D@7232 world=(73.5, 0.0, 47.5) screen=(4481.519, 1623.924)
[Dev] interact @Area3D@7233 world=(90.5, 0.0, 47.5) screen=(5268.335, 2078.189)
[Dev] interact @Area3D@7234 world=(111.5, 0.0, 49.5) screen=(6147.719, 2692.782)
[Dev] interact @Area3D@7235 world=(101.5, 0.0, 101.5) screen=(3278.151, 3815.083)
[Dev] interact @Area3D@7236 world=(86.5, 0.0, 76.5) screen=(3740.984, 2746.225)
[Dev] interact @Area3D@7237 world=(53.5, 0.0, 52.5) screen=(3324.434, 1223.102)
[Dev] interact @Area3D@7238 world=(87.5, 0.0, 95.5) screen=(2907.884, 3280.654)
[Dev] interact @Area3D@7239 world=(26.5, 0.0, 66.5) screen=(1426.817, 875.7234)
[Dev] interact @Area3D@7240 world=(17.5, 0.0, 60.5) screen=(1287.967, 474.9016)
[Dev] interact @Area3D@7241 world=(86.5, 0.0, 22.5) screen=(6240.286, 1303.266)
[Dev] interact @Area3D@7242 world=(59.5, 0.0, 65.5) screen=(3000.451, 1730.81)
[Dev] interact @Area3D@7243 world=(18.5, 0.0, 74.5) screen=(686.2832, 875.7234)
[Dev] interact @Area3D@7244 world=(44.5, 0.0, 69.5) screen=(2121.067, 1436.874)
[Dev] interact @Area3D@7245 world=(73.5, 0.0, 49.5) screen=(4388.952, 1677.367)
[Dev] interact @Area3D@7246 world=(88.5, 0.0, 52.5) screen=(4944.352, 2158.353)
[Dev] removed 74 enemies
[Click] world=(88.5, 0.0, 3.500002) cell=(88, 3)
[Dungeon] heukrang_gul 1층 lv=2 seed=403727558 gen 64x64 rooms=6 up=(44, 56) down=(7, 23) enemies=20 roster=bandit,bat,talisman_master elites=["방2:금색×3(깊이 0.50)"] named=-
[Quest] heukrang_gul 1층 — 싹쓸이 셈 시작 20 (heukrang_clear:none)
[Save] level 흑랑 굴 1층 → user://save_e2e.json (C:/Users/FORYOUCOM/AppData/Roaming/Godot/app_userdata/Joseon Hunters/wt/codex-558-combat-clock-trace/save_e2e.json)
[Dev] stairs StairsUp dir=-1 world=(44.5, 0.0, 56.5) screen=(593.7165, 335.9509)
[Dev] stairs StairsDown dir=1 world=(7.5, 0.0, 23.5) screen=(408.583, -1534.551)
[Dev] interact PusJar world=(29.5, 0.0, 42.5) screen=(547.433, -487.0705)
[Dev] interact @Area3D@7429 world=(14.5, 0.0, 24.5) screen=(686.2831, -1368.878)
[Dev] interact @Area3D@7430 world=(23.5, 0.0, 18.5) screen=(1380.534, -1288.714)
[Dev] interact LootChest world=(29.5, 0.0, 39.5) screen=(686.2831, -567.2349)
[Dev] interact @Area3D@7431 world=(40.5, 0.0, 38.5) screen=(1241.683, -300.0204)
[Dev] interact LootPot world=(21.5, 0.0, 43.5) screen=(130.8828, -674.1207)
[Dev] interact @Area3D@7432 world=(22.5, 0.0, 44.5) screen=(130.8829, -620.6779)
[Dev] interact @Area3D@7433 world=(19.5, 0.0, 9.5) screen=(1611.95, -1636.093)
[Dev] interact @Area3D@7434 world=(20.5, 0.0, 9.5) screen=(1658.234, -1609.372)
[Dev] interact @Area3D@7435 world=(44.5, 0.0, 51.5) screen=(825.1333, 154.2443)
[Dev] interact @Area3D@7436 world=(44.5, 0.0, 52.5) screen=(778.8499, 180.9657)
[Dev] interact @Area3D@7437 world=(21.5, 0.0, 39.5) screen=(316.0163, -781.0065)
[Dev] removed 20 enemies
[Click] world=(40.5, 0.0, 55.5) cell=(40, 55)
[Click] world=(36.38895, 0.0, 54.49975) cell=(36, 54)
[Click] world=(35.40979, 0.0, 50.43927) cell=(35, 50)
[Click] world=(35.4928, 0.0, 46.38934) cell=(35, 46)
[Click] world=(31.49956, 0.0, 43.38903) cell=(31, 43)
[Click] world=(27.39898, 0.0, 44.46061) cell=(27, 44)
[Click] world=(23.40848, 0.0, 48.55952) cell=(23, 48)
[Dungeon] heukrang_gul 2층 lv=3 seed=3189434797 preset 28x28 rooms=2 up=(22, 23) down=(-1, -1) enemies=2 roster=bat elites=[] named=-
[Audio] BGM boss → boss.ogg
[Save] level 흑랑 굴 2층 → user://save_e2e.json (C:/Users/FORYOUCOM/AppData/Roaming/Godot/app_userdata/Joseon Hunters/wt/codex-558-combat-clock-trace/save_e2e.json)
[Dev] stairs StairsUp dir=-1 world=(22.5, 0.0, 23.5) screen=(593.7167, 335.9507)
[Dev] near boss hp=195/195
[Dev] item 화염부 world=(32.5, 0.0, 70.5) screen=(-1211.334, 2590.084)
[Dev] item 빙결부 world=(33.5, 0.0, 69.5) screen=(-1118.768, 2590.083)
[Field] deulnyeok seed=355022911 128x128 props=2252 packs=18 enemies=74 waypoint=(62, 65) roster=bandit,bat,talisman_master elites=["13:파란×4@구간3"]
[Audio] BGM dungeon → dungeon_1.ogg
[Save] level 못골 들녘 → user://save_e2e.json (C:/Users/FORYOUCOM/AppData/Roaming/Godot/app_userdata/Joseon Hunters/wt/codex-558-combat-clock-trace/save_e2e.json)
[Dev] stairs Down_cave dir=1 world=(88.5, 0.0, 3.5) screen=(7212.236, 897.1014)
[Dev] interact Waypoint world=(62.5, 0.0, 65.5) screen=(3139.301, 1810.974)
[Dev] interact FloorItem world=(32.5, 0.0, 70.5) screen=(1519.384, 1142.938)
[Dev] interact @Area3D@8008 world=(33.5, 0.0, 69.5) screen=(1611.95, 1142.938)
[Dev] interact PusJar world=(95.5, 0.0, 103.5) screen=(2907.884, 3708.197)
[Dev] interact @Area3D@8155 world=(101.5, 0.0, 105.5) screen=(3093.018, 3921.969)
[Dev] interact @Area3D@8156 world=(98.5, 0.0, 107.5) screen=(2861.601, 3895.247)
[Dev] interact LootChest world=(27.5, 0.0, 70.5) screen=(1287.967, 1009.331)
[Dev] interact @Area3D@8157 world=(94.5, 0.0, 100.5) screen=(3000.451, 3601.312)
[Dev] interact @Area3D@8158 world=(55.5, 0.0, 52.5) screen=(3417.001, 1276.545)
[Dev] interact LootPot world=(46.5, 0.0, 68.5) screen=(2259.917, 1463.595)
[Dev] interact @Area3D@8159 world=(73.5, 0.0, 47.5) screen=(4481.519, 1623.924)
[Dev] interact @Area3D@8160 world=(90.5, 0.0, 47.5) screen=(5268.335, 2078.189)
[Dev] interact @Area3D@8161 world=(111.5, 0.0, 49.5) screen=(6147.719, 2692.782)
[Dev] interact @Area3D@8162 world=(101.5, 0.0, 101.5) screen=(3278.151, 3815.083)
[Dev] interact @Area3D@8163 world=(86.5, 0.0, 76.5) screen=(3740.984, 2746.225)
[Dev] interact @Area3D@8164 world=(53.5, 0.0, 52.5) screen=(3324.434, 1223.102)
[Dev] interact @Area3D@8165 world=(87.5, 0.0, 95.5) screen=(2907.884, 3280.654)
[Dev] interact @Area3D@8166 world=(26.5, 0.0, 66.5) screen=(1426.817, 875.7234)
[Dev] interact @Area3D@8167 world=(17.5, 0.0, 60.5) screen=(1287.967, 474.9016)
[Dev] interact @Area3D@8168 world=(86.5, 0.0, 22.5) screen=(6240.286, 1303.266)
[Dev] interact @Area3D@8169 world=(59.5, 0.0, 65.5) screen=(3000.451, 1730.81)
[Dev] interact @Area3D@8170 world=(18.5, 0.0, 74.5) screen=(686.2832, 875.7234)
[Dev] interact @Area3D@8171 world=(44.5, 0.0, 69.5) screen=(2121.067, 1436.874)
[Dev] interact @Area3D@8172 world=(73.5, 0.0, 49.5) screen=(4388.952, 1677.367)
[Dev] interact @Area3D@8173 world=(88.5, 0.0, 52.5) screen=(4944.352, 2158.353)
[Dev] item 화염부 world=(32.5, 0.0, 70.5) screen=(1519.384, 1172.353)
[Dev] item 빙결부 world=(33.5, 0.0, 69.5) screen=(1611.95, 1172.353)
[Field] deulnyeok seed=2003693712 128x128 props=2327 packs=16 enemies=58 waypoint=(60, 60) roster=bandit,bat,talisman_master elites=["15:금색×3@구간3"]
[Save] level 못골 들녘 → user://save_e2e.json (C:/Users/FORYOUCOM/AppData/Roaming/Godot/app_userdata/Joseon Hunters/wt/codex-558-combat-clock-trace/save_e2e.json)
[Dev] stairs Down_cave dir=1 world=(88.5, 0.0, 3.5) screen=(7212.236, 897.1014)
[Dev] interact Waypoint world=(60.5, 0.0, 60.5) screen=(3278.151, 1623.924)
[Dev] interact FloorItem world=(32.5, 0.0, 70.5) screen=(1519.384, 1142.938)
[Dev] interact @Area3D@8673 world=(33.5, 0.0, 69.5) screen=(1611.95, 1142.938)
[Dev] interact PusJar world=(95.5, 0.0, 103.5) screen=(2907.884, 3708.197)
[Dev] interact @Area3D@8786 world=(101.5, 0.0, 105.5) screen=(3093.018, 3921.969)
[Dev] interact @Area3D@8787 world=(98.5, 0.0, 107.5) screen=(2861.601, 3895.247)
[Dev] interact LootChest world=(30.5, 0.0, 71.5) screen=(1380.534, 1116.216)
[Dev] interact @Area3D@8788 world=(96.5, 0.0, 101.5) screen=(3046.734, 3681.476)
[Dev] interact @Area3D@8789 world=(63.5, 0.0, 73.5) screen=(2815.317, 2051.467)
[Dev] interact @Area3D@8790 world=(96.5, 0.0, 11.5) screen=(7212.236, 1276.545)
[Dev] interact LootPot world=(94.5, 0.0, 14.5) screen=(6980.82, 1303.267)
[Dev] interact @Area3D@8791 world=(13.5, 0.0, 64.5) screen=(917.6999, 474.9017)
[Dev] interact @Area3D@8792 world=(27.5, 0.0, 71.5) screen=(1241.683, 1036.052)
[Dev] interact @Area3D@8793 world=(78.5, 0.0, 21.5) screen=(5916.303, 1062.774)
[Dev] interact @Area3D@8794 world=(95.5, 0.0, 47.5) screen=(5499.752, 2211.796)
[Dev] interact @Area3D@8795 world=(24.5, 0.0, 59.5) screen=(1658.234, 635.2303)
[Dev] interact @Area3D@8796 world=(104.5, 0.0, 35.5) screen=(6471.703, 2131.632)
[Dev] interact @Area3D@8797 world=(62.5, 0.0, 67.5) screen=(3046.734, 1864.417)
[Dev] interact @Area3D@8798 world=(61.5, 0.0, 65.5) screen=(3093.018, 1784.253)
[Dev] interact @Area3D@8799 world=(62.5, 0.0, 37.5) screen=(4435.235, 1062.774)
[Dev] interact @Area3D@8800 world=(82.5, 0.0, 71.5) screen=(3787.268, 2505.732)
[Dev] interact @Area3D@8801 world=(81.5, 0.0, 47.5) screen=(4851.785, 1837.695)
[Dev] interact @Area3D@8802 world=(94.5, 0.0, 100.5) screen=(3000.451, 3601.312)
[Dev] interact @Area3D@8803 world=(96.5, 0.0, 13.5) screen=(7119.67, 1329.988)
[Audio] BGM town → town.ogg
[Save] level 못골 마을 → user://save_e2e.json (C:/Users/FORYOUCOM/AppData/Roaming/Godot/app_userdata/Joseon Hunters/wt/codex-558-combat-clock-trace/save_e2e.json)
[Dev] stairs DungeonEntrance dir=1 world=(0.0, 0.0, -31.0) screen=(2121.067, -492.4143)
[Dev] interact Merchant world=(5.4, 0.0, -2.4) screen=(1047.293, 368.0158)
[Dev] interact Shaman world=(-5.6, 0.0, 0.4) screen=(408.5833, 148.8999)
[Dev] interact Elder world=(2.0, 0.0, -5.6) screen=(1038.037, 191.6542)
[Dev] interact Jumo world=(7.1, 0.0, -1.4) screen=(1079.692, 440.1637)
[Dev] interact Waypoint world=(-4.2, 0.0, 2.2) screen=(390.0698, 234.4085)
E2E automap PASS (검사 50)
[Save] level 못골 마을 → user://save_e2e.json (C:/Users/FORYOUCOM/AppData/Roaming/Godot/app_userdata/Joseon Hunters/wt/codex-558-combat-clock-trace/save_e2e.json)
[Dev] stairs DungeonEntrance dir=1 world=(0.0, 0.0, -31.0) screen=(2121.067, -492.4143)
[Dev] interact Merchant world=(5.4, 0.0, -2.4) screen=(1047.293, 368.0158)
[Dev] interact Shaman world=(-5.6, 0.0, 0.4) screen=(408.5833, 148.8999)
[Dev] interact Elder world=(2.0, 0.0, -5.6) screen=(1038.037, 191.6542)
[Dev] interact Jumo world=(7.1, 0.0, -1.4) screen=(1079.692, 440.1637)
[Dev] interact Waypoint world=(-4.2, 0.0, 2.2) screen=(390.0698, 234.4085)
E2E ▶ pickup_equip
[Dev] item 장검 world=(1.9, 0.0, 1.0) screen=(727.9384, 397.4098)
[Dev] item 누비옷 world=(1.711841, 0.0, 1.824379) screen=(681.0747, 414.4106)
[Dev] item 짚신 world=(1.184631, 0.0, 2.48548) screen=(626.0757, 417.9883)
[Dev] item 은가락지 world=(0.42279, 0.0, 2.852363) screen=(573.8345, 407.4345)
[Dev] item 탕약 — 쌍화탕 world=(-0.42279, 0.0, 2.852363) screen=(534.6982, 384.8393)
[Dev] item 식별부 world=(-1.184631, 0.0, 2.48548) screen=(516.4183, 354.6782)
[Dev] item 무명띠 world=(-1.711841, 0.0, 1.824379) screen=(522.6152, 322.9248)
[Dev] item 엽전 world=(-1.9, 0.0, 1.0) screen=(552.0616, 295.8683)
[Dungeon] heukrang_gul 1층 lv=2 seed=403727558 gen 64x64 rooms=6 up=(44, 56) down=(7, 23) enemies=20 roster=bandit,bat,talisman_master elites=["방2:금색×3(깊이 0.50)"] named=-
[Quest] heukrang_gul 1층 — 싹쓸이 셈 시작 20 (heukrang_clear:none)
[Audio] BGM dungeon → dungeon_3.ogg
[Save] level 흑랑 굴 1층 → user://save_e2e.json (C:/Users/FORYOUCOM/AppData/Roaming/Godot/app_userdata/Joseon Hunters/wt/codex-558-combat-clock-trace/save_e2e.json)
[Dev] stairs StairsUp dir=-1 world=(44.5, 0.0, 56.5) screen=(593.7165, 335.9509)
[Dev] stairs StairsDown dir=1 world=(7.5, 0.0, 23.5) screen=(408.583, -1534.551)
[Dev] interact PusJar world=(29.5, 0.0, 42.5) screen=(547.433, -487.0705)
[Dev] interact @Area3D@9312 world=(14.5, 0.0, 24.5) screen=(686.2831, -1368.878)
[Dev] interact @Area3D@9313 world=(23.5, 0.0, 18.5) screen=(1380.534, -1288.714)
[Dev] interact LootChest world=(29.5, 0.0, 39.5) screen=(686.2831, -567.2349)
[Dev] interact @Area3D@9314 world=(40.5, 0.0, 38.5) screen=(1241.683, -300.0204)
[Dev] interact LootPot world=(21.5, 0.0, 43.5) screen=(130.8828, -674.1207)
[Dev] interact @Area3D@9315 world=(22.5, 0.0, 44.5) screen=(130.8829, -620.6779)
[Dev] interact @Area3D@9316 world=(19.5, 0.0, 9.5) screen=(1611.95, -1636.093)
[Dev] interact @Area3D@9317 world=(20.5, 0.0, 9.5) screen=(1658.234, -1609.372)
[Dev] interact @Area3D@9318 world=(44.5, 0.0, 51.5) screen=(825.1333, 154.2443)
[Dev] interact @Area3D@9319 world=(44.5, 0.0, 52.5) screen=(778.8499, 180.9657)
[Dev] interact @Area3D@9320 world=(21.5, 0.0, 39.5) screen=(316.0163, -781.0065)
[Dev] removed 20 enemies
[Dev] item 환도 world=(46.9, 0.0, 57.1) screen=(677.0266, 397.4309)
[Click] world=(46.9, 0.634921, 57.1) cell=(46, 57)
[Dev] item 은가락지 world=(47.12893, 0.000391, 57.18382) screen=(652.9434, 389.4268)
[Dev] item 탕약 — 쌍화탕 world=(47.12893, 0.000391, 57.18382) screen=(635.5269, 389.3957)
E2E pickup_equip PASS (검사 37)
[Audio] BGM town → town.ogg
[Save] level 못골 마을 → user://save_e2e.json (C:/Users/FORYOUCOM/AppData/Roaming/Godot/app_userdata/Joseon Hunters/wt/codex-558-combat-clock-trace/save_e2e.json)
[Dev] stairs DungeonEntrance dir=1 world=(0.0, 0.0, -31.0) screen=(2121.067, -492.4143)
[Dev] interact Merchant world=(5.4, 0.0, -2.4) screen=(1047.293, 368.0158)
[Dev] interact Shaman world=(-5.6, 0.0, 0.4) screen=(408.5833, 148.8999)
[Dev] interact Elder world=(2.0, 0.0, -5.6) screen=(1038.037, 191.6542)
[Dev] interact Jumo world=(7.1, 0.0, -1.4) screen=(1079.692, 440.1637)
[Dev] interact Waypoint world=(-4.2, 0.0, 2.2) screen=(390.0698, 234.4085)
E2E ▶ equipment_ui
E2E equipment_ui PASS (검사 33)
[Save] level 못골 마을 → user://save_e2e.json (C:/Users/FORYOUCOM/AppData/Roaming/Godot/app_userdata/Joseon Hunters/wt/codex-558-combat-clock-trace/save_e2e.json)
[Dev] stairs DungeonEntrance dir=1 world=(0.0, 0.0, -31.0) screen=(2121.067, -492.4143)
[Dev] interact Merchant world=(5.4, 0.0, -2.4) screen=(1047.293, 368.0158)
[Dev] interact Shaman world=(-5.6, 0.0, 0.4) screen=(408.5833, 148.8999)
[Dev] interact Elder world=(2.0, 0.0, -5.6) screen=(1038.037, 191.6542)
[Dev] interact Jumo world=(7.1, 0.0, -1.4) screen=(1079.692, 440.1637)
[Dev] interact Waypoint world=(-4.2, 0.0, 2.2) screen=(390.0698, 234.4085)
E2E ▶ inactive_gear
[Dungeon] heukrang_gul 1층 lv=2 seed=403727558 gen 64x64 rooms=6 up=(44, 56) down=(7, 23) enemies=20 roster=bandit,bat,talisman_master elites=["방2:금색×3(깊이 0.50)"] named=-
[Quest] heukrang_gul 1층 — 싹쓸이 셈 시작 20 (heukrang_clear:none)
[Audio] BGM dungeon → dungeon_4.ogg
[Save] level 흑랑 굴 1층 → user://save_e2e.json (C:/Users/FORYOUCOM/AppData/Roaming/Godot/app_userdata/Joseon Hunters/wt/codex-558-combat-clock-trace/save_e2e.json)
[Dev] stairs StairsUp dir=-1 world=(44.5, 0.0, 56.5) screen=(593.7165, 335.9509)
[Dev] stairs StairsDown dir=1 world=(7.5, 0.0, 23.5) screen=(408.583, -1534.551)
[Dev] interact PusJar world=(29.5, 0.0, 42.5) screen=(547.433, -487.0705)
[Dev] interact @Area3D@9824 world=(14.5, 0.0, 24.5) screen=(686.2831, -1368.878)
[Dev] interact @Area3D@9825 world=(23.5, 0.0, 18.5) screen=(1380.534, -1288.714)
[Dev] interact LootChest world=(29.5, 0.0, 39.5) screen=(686.2831, -567.2349)
[Dev] interact @Area3D@9826 world=(40.5, 0.0, 38.5) screen=(1241.683, -300.0204)
[Dev] interact LootPot world=(21.5, 0.0, 43.5) screen=(130.8828, -674.1207)
[Dev] interact @Area3D@9827 world=(22.5, 0.0, 44.5) screen=(130.8829, -620.6779)
[Dev] interact @Area3D@9828 world=(19.5, 0.0, 9.5) screen=(1611.95, -1636.093)
[Dev] interact @Area3D@9829 world=(20.5, 0.0, 9.5) screen=(1658.234, -1609.372)
[Dev] interact @Area3D@9830 world=(44.5, 0.0, 51.5) screen=(825.1333, 154.2443)
[Dev] interact @Area3D@9831 world=(44.5, 0.0, 52.5) screen=(778.8499, 180.9657)
[Dev] interact @Area3D@9832 world=(21.5, 0.0, 39.5) screen=(316.0163, -781.0065)
[Dev] removed 20 enemies
  · 툴팁 줄 [name] 장검
  · 툴팁 줄 [base] 피해 8~14
  · 툴팁 줄 [base] 공격 속도 느림
  · 툴팁 줄 [req] 요구 레벨 5
  · 툴팁 줄 [req] 요구 힘 30
  · 툴팁 줄 [inactive] 요구치 부족 — 꺼짐
  · 툴팁 줄 [hint] 좌클릭: 벗어서 들기
  · 툴팁 줄 [hint] 우클릭 / Shift+클릭: 가방으로 벗기
[Save] e2e #427 → user://save_e2e.json (C:/Users/FORYOUCOM/AppData/Roaming/Godot/app_userdata/Joseon Hunters/wt/codex-558-combat-clock-trace/save_e2e.json)
[Load] lv=5 gold=0 flags={ "opening_pending": false, "quest": { "heukrang_clear": { "state": "none", "left": 20, "barked": false } } } portal=<null> wps=[]
[Dungeon] heukrang_gul 1층 lv=2 seed=403727558 gen 64x64 rooms=6 up=(44, 56) down=(7, 23) enemies=20 roster=bandit,bat,talisman_master elites=["방2:금색×3(깊이 0.50)"] named=-
[Quest] heukrang_gul 1층 — 싹쓸이 셈 시작 20 (heukrang_clear:none)
[Save] level 흑랑 굴 1층 → user://save_e2e.json (C:/Users/FORYOUCOM/AppData/Roaming/Godot/app_userdata/Joseon Hunters/wt/codex-558-combat-clock-trace/save_e2e.json)
[Dev] stairs StairsUp dir=-1 world=(44.5, 0.0, 56.5) screen=(593.7165, 335.9509)
[Dev] stairs StairsDown dir=1 world=(7.5, 0.0, 23.5) screen=(408.583, -1534.551)
[Dev] interact PusJar world=(29.5, 0.0, 42.5) screen=(547.433, -487.0705)
[Dev] interact @Area3D@10017 world=(14.5, 0.0, 24.5) screen=(686.2831, -1368.878)
[Dev] interact @Area3D@10018 world=(23.5, 0.0, 18.5) screen=(1380.534, -1288.714)
[Dev] interact LootChest world=(29.5, 0.0, 39.5) screen=(686.2831, -567.2349)
[Dev] interact @Area3D@10019 world=(40.5, 0.0, 38.5) screen=(1241.683, -300.0204)
[Dev] interact LootPot world=(21.5, 0.0, 43.5) screen=(130.8828, -674.1207)
[Dev] interact @Area3D@10020 world=(22.5, 0.0, 44.5) screen=(130.8829, -620.6779)
[Dev] interact @Area3D@10021 world=(19.5, 0.0, 9.5) screen=(1611.95, -1636.093)
[Dev] interact @Area3D@10022 world=(20.5, 0.0, 9.5) screen=(1658.234, -1609.372)
[Dev] interact @Area3D@10023 world=(44.5, 0.0, 51.5) screen=(825.1333, 154.2443)
[Dev] interact @Area3D@10024 world=(44.5, 0.0, 52.5) screen=(778.8499, 180.9657)
[Dev] interact @Area3D@10025 world=(21.5, 0.0, 39.5) screen=(316.0163, -781.0065)
[Dev] item 화염부 world=(32.5, 0.0, 70.5) screen=(-609.6509, 370.7094)
[Dev] item 빙결부 world=(33.5, 0.0, 69.5) screen=(-517.084, 370.7095)
[Field] deulnyeok seed=355022911 128x128 props=2252 packs=18 enemies=74 waypoint=(62, 65) roster=bandit,bat,talisman_master elites=["13:파란×4@구간3"]
[Save] level 못골 들녘 → user://save_e2e.json (C:/Users/FORYOUCOM/AppData/Roaming/Godot/app_userdata/Joseon Hunters/wt/codex-558-combat-clock-trace/save_e2e.json)
[Dev] stairs Down_cave dir=1 world=(88.5, 0.0, 3.5) screen=(7212.236, 897.1014)
[Dev] interact Waypoint world=(62.5, 0.0, 65.5) screen=(3139.301, 1810.974)
[Dev] interact FloorItem world=(32.5, 0.0, 70.5) screen=(1519.384, 1142.938)
[Dev] interact @Area3D@10527 world=(33.5, 0.0, 69.5) screen=(1611.95, 1142.938)
[Dev] interact PusJar world=(95.5, 0.0, 103.5) screen=(2907.884, 3708.197)
[Dev] interact @Area3D@10674 world=(101.5, 0.0, 105.5) screen=(3093.018, 3921.969)
[Dev] interact @Area3D@10675 world=(98.5, 0.0, 107.5) screen=(2861.601, 3895.247)
[Dev] interact LootChest world=(27.5, 0.0, 70.5) screen=(1287.967, 1009.331)
[Dev] interact @Area3D@10676 world=(94.5, 0.0, 100.5) screen=(3000.451, 3601.312)
[Dev] interact @Area3D@10677 world=(55.5, 0.0, 52.5) screen=(3417.001, 1276.545)
[Dev] interact LootPot world=(46.5, 0.0, 68.5) screen=(2259.917, 1463.595)
[Dev] interact @Area3D@10678 world=(73.5, 0.0, 47.5) screen=(4481.519, 1623.924)
[Dev] interact @Area3D@10679 world=(90.5, 0.0, 47.5) screen=(5268.335, 2078.189)
[Dev] interact @Area3D@10680 world=(111.5, 0.0, 49.5) screen=(6147.719, 2692.782)
[Dev] interact @Area3D@10681 world=(101.5, 0.0, 101.5) screen=(3278.151, 3815.083)
[Dev] interact @Area3D@10682 world=(86.5, 0.0, 76.5) screen=(3740.984, 2746.225)
[Dev] interact @Area3D@10683 world=(53.5, 0.0, 52.5) screen=(3324.434, 1223.102)
[Dev] interact @Area3D@10684 world=(87.5, 0.0, 95.5) screen=(2907.884, 3280.654)
[Dev] interact @Area3D@10685 world=(26.5, 0.0, 66.5) screen=(1426.817, 875.7234)
[Dev] interact @Area3D@10686 world=(17.5, 0.0, 60.5) screen=(1287.967, 474.9016)
[Dev] interact @Area3D@10687 world=(86.5, 0.0, 22.5) screen=(6240.286, 1303.266)
[Dev] interact @Area3D@10688 world=(59.5, 0.0, 65.5) screen=(3000.451, 1730.81)
[Dev] interact @Area3D@10689 world=(18.5, 0.0, 74.5) screen=(686.2832, 875.7234)
[Dev] interact @Area3D@10690 world=(44.5, 0.0, 69.5) screen=(2121.067, 1436.874)
[Dev] interact @Area3D@10691 world=(73.5, 0.0, 49.5) screen=(4388.952, 1677.367)
[Dev] interact @Area3D@10692 world=(88.5, 0.0, 52.5) screen=(4944.352, 2158.353)
[Dev] removed 74 enemies
[Dev] item 패랭이 world=(8.3, 0.0, 65.3) screen=(639.9997, 386.7424)
[Dev] drop paeraengi rarity=0 superior=false ilvl=1 affixes=[]
[Dev] item 은가락지 world=(111.3, 0.0, 86.3) screen=(3790.36, 3137.319)
[Dev] drop silver_ring rarity=0 superior=false ilvl=3 affixes=[]
[Audio] BGM town → town.ogg
[Save] level 못골 마을 → user://save_e2e.json (C:/Users/FORYOUCOM/AppData/Roaming/Godot/app_userdata/Joseon Hunters/wt/codex-558-combat-clock-trace/save_e2e.json)
[Dev] stairs DungeonEntrance dir=1 world=(0.0, 0.0, -31.0) screen=(2121.067, -492.4143)
[Dev] interact Merchant world=(5.4, 0.0, -2.4) screen=(1047.293, 368.0158)
[Dev] interact Shaman world=(-5.6, 0.0, 0.4) screen=(408.5833, 148.8999)
[Dev] interact Elder world=(2.0, 0.0, -5.6) screen=(1038.037, 191.6542)
[Dev] interact Jumo world=(7.1, 0.0, -1.4) screen=(1079.692, 440.1637)
[Dev] interact Waypoint world=(-4.2, 0.0, 2.2) screen=(390.0698, 234.4085)
  · 좌판 ilvl — 못골 들녘 1회차: 무리 레벨 1~3 · max_area_level 3 · 좌판 장비 ilvl [3, 3, 3, 3] · dev G ilvl 들머리 1 / 끝 무리 3
[Field] jeongnyeongjae seed=3599041059 128x176 props=2821 packs=13 enemies=72 waypoint=(61, 66) roster=hwajeok,vampire_bat,lightning_master | hwajeok,hollin_yeogung_bow,gaekgwi elites=["8:금색×3@구간2", "10:금색×3@구간3"]
[Audio] BGM dungeon → dungeon_2.ogg
[Save] level 정령재 → user://save_e2e.json (C:/Users/FORYOUCOM/AppData/Roaming/Godot/app_userdata/Joseon Hunters/wt/codex-558-combat-clock-trace/save_e2e.json)
[Dev] stairs Down_cave dir=1 world=(60.5, 0.0, 3.5) screen=(9896.671, -2149.144)
[Dev] stairs Down_mine dir=1 world=(125.5, 0.0, 70.5) screen=(9804.104, 1378.087)
[Dev] interact Waypoint world=(61.5, 0.0, 66.5) screen=(7027.103, -487.0706)
[Dev] interact LootChest world=(5.5, 0.0, 141.5) screen=(963.9833, 20.637)
[Dev] interact @Area3D@12224 world=(26.5, 0.0, 123.5) screen=(2769.034, 100.8014)
[Dev] interact @Area3D@12225 world=(61.5, 0.0, 88.5) screen=(6008.868, 100.8013)
[Dev] interact @Area3D@12226 world=(82.5, 0.0, 48.5) screen=(8832.153, -406.9061)
[Dev] interact LootPot world=(70.5, 0.0, 9.5) screen=(10081.8, -1769.7)
[Dev] interact @Area3D@12227 world=(59.5, 0.0, 82.5) screen=(6194.002, -112.9702)
[Dev] interact @Area3D@12228 world=(39.5, 0.0, 58.5) screen=(6379.136, -1288.714)
[Dev] interact @Area3D@12229 world=(32.5, 0.0, 37.5) screen=(7027.103, -2036.915)
[Dev] interact @Area3D@12230 world=(30.5, 0.0, 123.5) screen=(2954.168, 207.6872)
[Dev] interact @Area3D@12231 world=(96.5, 0.0, 125.5) screen=(5916.303, 2024.746)
[Dev] interact @Area3D@12232 world=(89.5, 0.0, 59.5) screen=(8647.021, 74.08006)
[Dev] interact @Area3D@12233 world=(22.5, 0.0, 41.5) screen=(6379.136, -2197.243)
[Dev] interact @Area3D@12234 world=(56.5, 0.0, 51.5) screen=(7489.937, -1021.5)
[Dev] interact @Area3D@12235 world=(7.5, 0.0, 142.5) screen=(1010.267, 100.8013)
[Dev] interact @Area3D@12236 world=(101.5, 0.0, 72.5) screen=(8600.737, 742.1163)
[Dev] interact @Area3D@12237 world=(77.5, 0.0, 34.5) screen=(9248.703, -914.6136)
[Dev] removed 72 enemies
[Dev] item 무명띠 world=(8.3, 0.0, 151.3) screen=(639.9997, 386.7424)
[Dev] drop cotton_belt rarity=0 superior=false ilvl=4 affixes=[]
[Dev] item 미식별 무명 도포 world=(77.3, 0.0, 39.3) screen=(7573.784, -564.161)
[Dev] drop cotton_dopo rarity=1 superior=false ilvl=7 affixes=[{ "id": "blue", "v": 6.0 }]
[Audio] BGM town → town.ogg
[Save] level 못골 마을 → user://save_e2e.json (C:/Users/FORYOUCOM/AppData/Roaming/Godot/app_userdata/Joseon Hunters/wt/codex-558-combat-clock-trace/save_e2e.json)
[Dev] stairs DungeonEntrance dir=1 world=(0.0, 0.0, -31.0) screen=(2121.067, -492.4143)
[Dev] interact Merchant world=(5.4, 0.0, -2.4) screen=(1047.293, 368.0158)
[Dev] interact Shaman world=(-5.6, 0.0, 0.4) screen=(408.5833, 148.8999)
[Dev] interact Elder world=(2.0, 0.0, -5.6) screen=(1038.037, 191.6542)
[Dev] interact Jumo world=(7.1, 0.0, -1.4) screen=(1079.692, 440.1637)
[Dev] interact Waypoint world=(-4.2, 0.0, 2.2) screen=(390.0698, 234.4085)
  · 좌판 ilvl — 정령재 1회차: 무리 레벨 4~7 · max_area_level 7 · 좌판 장비 ilvl [7, 7, 7, 7] · dev G ilvl 들머리 4 / 끝 무리 7
[Field] jeongnyeongjae seed=3599041059 128x176 props=2821 packs=13 enemies=68 waypoint=(61, 66) roster=hwajeok,vampire_bat,locust | hwajeok,vampire_bat,hollin_yeogung_bow elites=["7:파란×3@구간2", "12:금색×4@구간3", "5:파란×4@구간2"]
[Audio] BGM dungeon → dungeon_1.ogg
[Save] level 정령재 → user://save_e2e.json (C:/Users/FORYOUCOM/AppData/Roaming/Godot/app_userdata/Joseon Hunters/wt/codex-558-combat-clock-trace/save_e2e.json)
[Dev] stairs Down_cave dir=1 world=(60.5, 0.0, 3.5) screen=(9896.671, -2149.144)
[Dev] stairs Down_mine dir=1 world=(125.5, 0.0, 70.5) screen=(9804.104, 1378.087)
[Dev] interact Waypoint world=(61.5, 0.0, 66.5) screen=(7027.103, -487.0706)
[Dev] interact LootChest world=(5.5, 0.0, 141.5) screen=(963.9833, 20.637)
[Dev] interact @Area3D@13739 world=(26.5, 0.0, 123.5) screen=(2769.034, 100.8014)
[Dev] interact @Area3D@13740 world=(61.5, 0.0, 88.5) screen=(6008.868, 100.8013)
[Dev] interact @Area3D@13741 world=(82.5, 0.0, 48.5) screen=(8832.153, -406.9061)
[Dev] interact LootPot world=(70.5, 0.0, 9.5) screen=(10081.8, -1769.7)
[Dev] interact @Area3D@13742 world=(59.5, 0.0, 82.5) screen=(6194.002, -112.9702)
[Dev] interact @Area3D@13743 world=(39.5, 0.0, 58.5) screen=(6379.136, -1288.714)
[Dev] interact @Area3D@13744 world=(32.5, 0.0, 37.5) screen=(7027.103, -2036.915)
[Dev] interact @Area3D@13745 world=(30.5, 0.0, 123.5) screen=(2954.168, 207.6872)
[Dev] interact @Area3D@13746 world=(96.5, 0.0, 125.5) screen=(5916.303, 2024.746)
[Dev] interact @Area3D@13747 world=(89.5, 0.0, 59.5) screen=(8647.021, 74.08006)
[Dev] interact @Area3D@13748 world=(22.5, 0.0, 41.5) screen=(6379.136, -2197.243)
[Dev] interact @Area3D@13749 world=(56.5, 0.0, 51.5) screen=(7489.937, -1021.5)
[Dev] interact @Area3D@13750 world=(7.5, 0.0, 142.5) screen=(1010.267, 100.8013)
[Dev] interact @Area3D@13751 world=(101.5, 0.0, 72.5) screen=(8600.737, 742.1163)
[Dev] interact @Area3D@13752 world=(77.5, 0.0, 34.5) screen=(9248.703, -914.6136)
[Dev] removed 68 enemies
[Dev] item 환도 world=(8.3, 0.0, 151.3) screen=(639.9997, 386.7424)
[Dev] drop hwando rarity=0 superior=false ilvl=16 affixes=[]
[Dev] item 미식별 지갑 world=(77.3, 0.0, 39.3) screen=(7400.018, -540.1279)
[Dev] drop jigap rarity=2 superior=false ilvl=19 affixes=[{ "id": "stout", "v": 4.0 }, { "id": "of_fireward", "v": 7.0 }, { "id": "def_pct_t3", "v": 38.0 }, { "id": "nimble", "v": 8.0 }]
[Audio] BGM town → town.ogg
[Save] level 못골 마을 → user://save_e2e.json (C:/Users/FORYOUCOM/AppData/Roaming/Godot/app_userdata/Joseon Hunters/wt/codex-558-combat-clock-trace/save_e2e.json)
[Dev] stairs DungeonEntrance dir=1 world=(0.0, 0.0, -31.0) screen=(2121.067, -492.4143)
[Dev] interact Merchant world=(5.4, 0.0, -2.4) screen=(1047.293, 368.0158)
[Dev] interact Shaman world=(-5.6, 0.0, 0.4) screen=(408.5833, 148.8999)
[Dev] interact Elder world=(2.0, 0.0, -5.6) screen=(1038.037, 191.6542)
[Dev] interact Jumo world=(7.1, 0.0, -1.4) screen=(1079.692, 440.1637)
[Dev] interact Waypoint world=(-4.2, 0.0, 2.2) screen=(390.0698, 234.4085)
  · 좌판 ilvl — 정령재 2회차: 무리 레벨 4~7 · max_area_level 7 · 좌판 장비 ilvl [19, 19, 19, 19] · dev G ilvl 들머리 16 / 끝 무리 19
E2E inactive_gear PASS (검사 50)
[Save] level 못골 마을 → user://save_e2e.json (C:/Users/FORYOUCOM/AppData/Roaming/Godot/app_userdata/Joseon Hunters/wt/codex-558-combat-clock-trace/save_e2e.json)
[Dev] stairs DungeonEntrance dir=1 world=(0.0, 0.0, -31.0) screen=(2121.067, -492.4143)
[Dev] interact Merchant world=(5.4, 0.0, -2.4) screen=(1047.293, 368.0158)
[Dev] interact Shaman world=(-5.6, 0.0, 0.4) screen=(408.5833, 148.8999)
[Dev] interact Elder world=(2.0, 0.0, -5.6) screen=(1038.037, 191.6542)
[Dev] interact Jumo world=(7.1, 0.0, -1.4) screen=(1079.692, 440.1637)
[Dev] interact Waypoint world=(-4.2, 0.0, 2.2) screen=(390.0698, 234.4085)
E2E ▶ portal_roundtrip
[Dungeon] heukrang_gul 1층 lv=2 seed=403727558 gen 64x64 rooms=6 up=(44, 56) down=(7, 23) enemies=20 roster=bandit,bat,talisman_master elites=["방2:금색×3(깊이 0.50)"] named=-
[Quest] heukrang_gul 1층 — 싹쓸이 셈 시작 20 (heukrang_clear:none)
[Audio] BGM dungeon → dungeon_4.ogg
[Save] level 흑랑 굴 1층 → user://save_e2e.json (C:/Users/FORYOUCOM/AppData/Roaming/Godot/app_userdata/Joseon Hunters/wt/codex-558-combat-clock-trace/save_e2e.json)
[Dev] stairs StairsUp dir=-1 world=(44.5, 0.0, 56.5) screen=(593.7165, 335.9509)
[Dev] stairs StairsDown dir=1 world=(7.5, 0.0, 23.5) screen=(408.583, -1534.551)
[Dev] interact PusJar world=(29.5, 0.0, 42.5) screen=(547.433, -487.0705)
[Dev] interact @Area3D@14255 world=(14.5, 0.0, 24.5) screen=(686.2831, -1368.878)
[Dev] interact @Area3D@14256 world=(23.5, 0.0, 18.5) screen=(1380.534, -1288.714)
[Dev] interact LootChest world=(29.5, 0.0, 39.5) screen=(686.2831, -567.2349)
[Dev] interact @Area3D@14257 world=(40.5, 0.0, 38.5) screen=(1241.683, -300.0204)
[Dev] interact LootPot world=(21.5, 0.0, 43.5) screen=(130.8828, -674.1207)
[Dev] interact @Area3D@14258 world=(22.5, 0.0, 44.5) screen=(130.8829, -620.6779)
[Dev] interact @Area3D@14259 world=(19.5, 0.0, 9.5) screen=(1611.95, -1636.093)
[Dev] interact @Area3D@14260 world=(20.5, 0.0, 9.5) screen=(1658.234, -1609.372)
[Dev] interact @Area3D@14261 world=(44.5, 0.0, 51.5) screen=(825.1333, 154.2443)
[Dev] interact @Area3D@14262 world=(44.5, 0.0, 52.5) screen=(778.8499, 180.9657)
[Dev] interact @Area3D@14263 world=(21.5, 0.0, 39.5) screen=(316.0163, -781.0065)
[Dev] removed 20 enemies
[Dev] interact Portal world=(46.5, 0.0, 57.5) screen=(639.9998, 365.3647)
[Portal] opened heukrang_gul 1층 pos=(46.5, 0.0, 57.5)
[Click] world=(48.7, 0.0, 59.7) cell=(48, 59)
[Click] world=(46.5, 0.0, 57.5) cell=(46, 57)
[Dev] interact Portal world=(-1.2, 0.0, 2.4) screen=(579.8315, 279.835)
[Audio] BGM town → town.ogg
[Save] level 못골 마을 → user://save_e2e.json (C:/Users/FORYOUCOM/AppData/Roaming/Godot/app_userdata/Joseon Hunters/wt/codex-558-combat-clock-trace/save_e2e.json)
[Portal] travel → motgol 0층 portal={ "area": &"heukrang_gul", "floor": 1, "pos": (46.5, 0.0, 57.5), "returned": false }
[Dev] stairs DungeonEntrance dir=1 world=(0.0, 0.0, -31.0) screen=(2181.236, -532.4963)
[Dev] interact Merchant world=(5.4, 0.0, -2.4) screen=(1107.462, 327.9336)
[Dev] interact Shaman world=(-5.6, 0.0, 0.4) screen=(468.7516, 108.8176)
[Dev] interact Elder world=(2.0, 0.0, -5.6) screen=(1098.205, 151.572)
[Dev] interact Jumo world=(7.1, 0.0, -1.4) screen=(1139.86, 400.0815)
[Dev] interact Waypoint world=(-4.2, 0.0, 2.2) screen=(450.2382, 194.3264)
[Dev] interact Portal world=(-1.2, 0.0, 2.4) screen=(579.8315, 279.835)
[Click] world=(1.199998, 0.0, 4.8) cell=(1, 4)
[Click] world=(-1.2, 0.0, 2.4) cell=(-2, 2)
[Dungeon] heukrang_gul 1층 lv=2 seed=403727558 gen 64x64 rooms=6 up=(44, 56) down=(7, 23) enemies=20 roster=bandit,bat,talisman_master elites=["방2:금색×3(깊이 0.50)"] named=-
[Dev] interact Portal world=(46.5, 0.0, 57.5) screen=(593.7166, 287.8516)
[Quest] heukrang_gul 1층 — 싹쓸이 셈 시작 20 (heukrang_clear:none)
[Audio] BGM dungeon → dungeon_3.ogg
[Save] level 흑랑 굴 1층 → user://save_e2e.json (C:/Users/FORYOUCOM/AppData/Roaming/Godot/app_userdata/Joseon Hunters/wt/codex-558-combat-clock-trace/save_e2e.json)
[Portal] travel → heukrang_gul 1층 portal={ "area": &"heukrang_gul", "floor": 1, "pos": (46.5, 0.0, 57.5), "returned": true }
[Dev] stairs StairsUp dir=-1 world=(44.5, 0.0, 56.5) screen=(547.4333, 255.7866)
[Dev] stairs StairsDown dir=1 world=(7.5, 0.0, 23.5) screen=(362.2998, -1614.715)
[Dev] interact Portal world=(46.5, 0.0, 57.5) screen=(593.7166, 287.8516)
[Dev] interact PusJar world=(29.5, 0.0, 42.5) screen=(501.1501, -567.2347)
[Dev] interact @Area3D@14605 world=(14.5, 0.0, 24.5) screen=(640.0, -1449.043)
[Dev] interact @Area3D@14606 world=(23.5, 0.0, 18.5) screen=(1334.25, -1368.878)
[Dev] interact LootChest world=(29.5, 0.0, 39.5) screen=(640.0, -647.3992)
[Dev] interact @Area3D@14607 world=(40.5, 0.0, 38.5) screen=(1195.4, -380.1846)
[Dev] interact LootPot world=(21.5, 0.0, 43.5) screen=(84.5998, -754.285)
[Dev] interact @Area3D@14608 world=(22.5, 0.0, 44.5) screen=(84.59969, -700.8422)
[Dev] interact @Area3D@14609 world=(19.5, 0.0, 9.5) screen=(1565.667, -1716.257)
[Dev] interact @Area3D@14610 world=(20.5, 0.0, 9.5) screen=(1611.95, -1689.536)
[Dev] interact @Area3D@14611 world=(44.5, 0.0, 51.5) screen=(778.8501, 74.08006)
[Dev] interact @Area3D@14612 world=(44.5, 0.0, 52.5) screen=(732.5667, 100.8015)
[Dev] interact @Area3D@14613 world=(21.5, 0.0, 39.5) screen=(269.7332, -861.1709)
[Click] world=(46.5, 0.0, 57.5) cell=(46, 57)
[Audio] BGM town → town.ogg
[Save] level 못골 마을 → user://save_e2e.json (C:/Users/FORYOUCOM/AppData/Roaming/Godot/app_userdata/Joseon Hunters/wt/codex-558-combat-clock-trace/save_e2e.json)
[Portal] travel → motgol 0층 portal=<null>
[Dev] stairs DungeonEntrance dir=1 world=(0.0, 0.0, -31.0) screen=(2181.236, -532.4963)
[Dev] interact Merchant world=(5.4, 0.0, -2.4) screen=(1107.462, 327.9336)
[Dev] interact Shaman world=(-5.6, 0.0, 0.4) screen=(468.7516, 108.8176)
[Dev] interact Elder world=(2.0, 0.0, -5.6) screen=(1098.205, 151.572)
[Dev] interact Jumo world=(7.1, 0.0, -1.4) screen=(1139.86, 400.0815)
[Dev] interact Waypoint world=(-4.2, 0.0, 2.2) screen=(450.2382, 194.3264)
E2E portal_roundtrip PASS (검사 18)
[Save] level 못골 마을 → user://save_e2e.json (C:/Users/FORYOUCOM/AppData/Roaming/Godot/app_userdata/Joseon Hunters/wt/codex-558-combat-clock-trace/save_e2e.json)
[Dev] stairs DungeonEntrance dir=1 world=(0.0, 0.0, -31.0) screen=(2121.067, -492.4143)
[Dev] interact Merchant world=(5.4, 0.0, -2.4) screen=(1047.293, 368.0158)
[Dev] interact Shaman world=(-5.6, 0.0, 0.4) screen=(408.5833, 148.8999)
[Dev] interact Elder world=(2.0, 0.0, -5.6) screen=(1038.037, 191.6542)
[Dev] interact Jumo world=(7.1, 0.0, -1.4) screen=(1079.692, 440.1637)
[Dev] interact Waypoint world=(-4.2, 0.0, 2.2) screen=(390.0698, 234.4085)
E2E ▶ waypoint
[Dev] item 화염부 world=(32.5, 0.0, 70.5) screen=(-1072.484, 3072.227)
[Dev] item 빙결부 world=(33.5, 0.0, 69.5) screen=(-979.9173, 3072.227)
[Field] deulnyeok seed=355022911 128x128 props=2252 packs=18 enemies=74 waypoint=(62, 65) roster=bandit,bat,talisman_master elites=["13:파란×4@구간3"]
[Audio] BGM dungeon → dungeon_2.ogg
[Save] level 못골 들녘 → user://save_e2e.json (C:/Users/FORYOUCOM/AppData/Roaming/Godot/app_userdata/Joseon Hunters/wt/codex-558-combat-clock-trace/save_e2e.json)
[Dev] stairs Down_cave dir=1 world=(88.5, 0.0, 3.5) screen=(7212.236, 897.1014)
[Dev] interact Waypoint world=(62.5, 0.0, 65.5) screen=(3139.301, 1810.974)
[Dev] interact FloorItem world=(32.5, 0.0, 70.5) screen=(1519.384, 1142.938)
[Dev] interact @Area3D@15434 world=(33.5, 0.0, 69.5) screen=(1611.95, 1142.938)
[Dev] interact PusJar world=(95.5, 0.0, 103.5) screen=(2907.884, 3708.197)
[Dev] interact @Area3D@15581 world=(101.5, 0.0, 105.5) screen=(3093.018, 3921.969)
[Dev] interact @Area3D@15582 world=(98.5, 0.0, 107.5) screen=(2861.601, 3895.247)
[Dev] interact LootChest world=(27.5, 0.0, 70.5) screen=(1287.967, 1009.331)
[Dev] interact @Area3D@15583 world=(94.5, 0.0, 100.5) screen=(3000.451, 3601.312)
[Dev] interact @Area3D@15584 world=(55.5, 0.0, 52.5) screen=(3417.001, 1276.545)
[Dev] interact LootPot world=(46.5, 0.0, 68.5) screen=(2259.917, 1463.595)
[Dev] interact @Area3D@15585 world=(73.5, 0.0, 47.5) screen=(4481.519, 1623.924)
[Dev] interact @Area3D@15586 world=(90.5, 0.0, 47.5) screen=(5268.335, 2078.189)
[Dev] interact @Area3D@15587 world=(111.5, 0.0, 49.5) screen=(6147.719, 2692.782)
[Dev] interact @Area3D@15588 world=(101.5, 0.0, 101.5) screen=(3278.151, 3815.083)
[Dev] interact @Area3D@15589 world=(86.5, 0.0, 76.5) screen=(3740.984, 2746.225)
[Dev] interact @Area3D@15590 world=(53.5, 0.0, 52.5) screen=(3324.434, 1223.102)
[Dev] interact @Area3D@15591 world=(87.5, 0.0, 95.5) screen=(2907.884, 3280.654)
[Dev] interact @Area3D@15592 world=(26.5, 0.0, 66.5) screen=(1426.817, 875.7234)
[Dev] interact @Area3D@15593 world=(17.5, 0.0, 60.5) screen=(1287.967, 474.9016)
[Dev] interact @Area3D@15594 world=(86.5, 0.0, 22.5) screen=(6240.286, 1303.266)
[Dev] interact @Area3D@15595 world=(59.5, 0.0, 65.5) screen=(3000.451, 1730.81)
[Dev] interact @Area3D@15596 world=(18.5, 0.0, 74.5) screen=(686.2832, 875.7234)
[Dev] interact @Area3D@15597 world=(44.5, 0.0, 69.5) screen=(2121.067, 1436.874)
[Dev] interact @Area3D@15598 world=(73.5, 0.0, 49.5) screen=(4388.952, 1677.367)
[Dev] interact @Area3D@15599 world=(88.5, 0.0, 52.5) screen=(4944.352, 2158.353)
[Dev] removed 74 enemies
[Dev] stairs Down_cave dir=1 world=(88.5, 0.0, 3.5) screen=(4620.368, -652.7427)
[Dev] interact Waypoint world=(62.5, 0.0, 65.5) screen=(547.4333, 261.1302)
[Dev] interact FloorItem world=(32.5, 0.0, 70.5) screen=(-1072.484, -406.906)
[Dev] interact @Area3D@15434 world=(33.5, 0.0, 69.5) screen=(-979.9173, -406.9061)
[Dev] interact PusJar world=(95.5, 0.0, 103.5) screen=(316.0165, 2158.353)
[Dev] interact @Area3D@15581 world=(101.5, 0.0, 105.5) screen=(501.1499, 2372.125)
[Dev] interact @Area3D@15582 world=(98.5, 0.0, 107.5) screen=(269.7332, 2345.403)
[Dev] interact LootChest world=(27.5, 0.0, 70.5) screen=(-1303.901, -540.5132)
[Dev] interact @Area3D@15583 world=(94.5, 0.0, 100.5) screen=(408.5833, 2051.468)
[Dev] interact @Area3D@15584 world=(55.5, 0.0, 52.5) screen=(825.1334, -273.2989)
[Dev] interact LootPot world=(46.5, 0.0, 68.5) screen=(-331.9504, -86.24869)
[Dev] interact @Area3D@15585 world=(73.5, 0.0, 47.5) screen=(1889.651, 74.07999)
[Dev] interact @Area3D@15586 world=(90.5, 0.0, 47.5) screen=(2676.468, 528.3447)
[Dev] interact @Area3D@15587 world=(111.5, 0.0, 49.5) screen=(3555.852, 1142.938)
[Dev] interact @Area3D@15588 world=(101.5, 0.0, 101.5) screen=(686.2833, 2265.239)
[Dev] interact @Area3D@15589 world=(86.5, 0.0, 76.5) screen=(1149.117, 1196.381)
[Dev] interact @Area3D@15590 world=(53.5, 0.0, 52.5) screen=(732.5667, -326.7417)
[Dev] interact @Area3D@15591 world=(87.5, 0.0, 95.5) screen=(316.0165, 1730.81)
[Dev] interact @Area3D@15592 world=(26.5, 0.0, 66.5) screen=(-1165.051, -674.1207)
[Dev] interact @Area3D@15593 world=(17.5, 0.0, 60.5) screen=(-1303.901, -1074.942)
[Dev] interact @Area3D@15594 world=(86.5, 0.0, 22.5) screen=(3648.418, -246.5774)
[Dev] interact @Area3D@15595 world=(59.5, 0.0, 65.5) screen=(408.5832, 180.9658)
[Dev] interact @Area3D@15596 world=(18.5, 0.0, 74.5) screen=(-1905.584, -674.1207)
[Dev] interact @Area3D@15597 world=(44.5, 0.0, 69.5) screen=(-470.8006, -112.9701)
[Dev] interact @Area3D@15598 world=(73.5, 0.0, 49.5) screen=(1797.084, 127.5229)
[Dev] interact @Area3D@15599 world=(88.5, 0.0, 52.5) screen=(2352.484, 608.5091)
[Click] world=(62.5, 0.0, 65.5) cell=(62, 65)
[Waypoint] activated deulnyeok:0
[Audio] BGM town → town.ogg
[Save] level 못골 마을 → user://save_e2e.json (C:/Users/FORYOUCOM/AppData/Roaming/Godot/app_userdata/Joseon Hunters/wt/codex-558-combat-clock-trace/save_e2e.json)
[Waypoint] travel → motgol:0
[Dev] stairs DungeonEntrance dir=1 world=(0.0, 0.0, -31.0) screen=(2324.714, -471.0371)
[Dev] interact Merchant world=(5.4, 0.0, -2.4) screen=(1250.94, 389.393)
[Dev] interact Shaman world=(-5.6, 0.0, 0.4) screen=(612.2299, 170.277)
[Dev] interact Elder world=(2.0, 0.0, -5.6) screen=(1241.684, 213.0314)
[Dev] interact Jumo world=(7.1, 0.0, -1.4) screen=(1283.339, 461.5409)
[Dev] interact Waypoint world=(-4.2, 0.0, 2.2) screen=(593.7167, 255.7858)
[Click] world=(-4.2, 0.0, 2.2) cell=(-5, 2)
[Dev] item 화염부 world=(32.5, 0.0, 70.5) screen=(-816.0355, 3090.953)
[Dev] item 빙결부 world=(33.5, 0.0, 69.5) screen=(-723.4686, 3090.953)
[Field] deulnyeok seed=355022911 128x128 props=2252 packs=18 enemies=74 waypoint=(62, 65) roster=bandit,bat,talisman_master elites=["13:파란×4@구간3"]
[Audio] BGM dungeon → dungeon_1.ogg
[Save] level 못골 들녘 → user://save_e2e.json (C:/Users/FORYOUCOM/AppData/Roaming/Godot/app_userdata/Joseon Hunters/wt/codex-558-combat-clock-trace/save_e2e.json)
[Waypoint] travel → deulnyeok:0
[Dev] stairs Down_cave dir=1 world=(88.5, 0.0, 3.5) screen=(4620.368, -652.7427)
[Dev] interact Waypoint world=(62.5, 0.0, 65.5) screen=(547.4333, 261.1302)
[Dev] interact FloorItem world=(32.5, 0.0, 70.5) screen=(-1072.484, -406.906)
[Dev] interact @Area3D@16260 world=(33.5, 0.0, 69.5) screen=(-979.9173, -406.9061)
[Dev] interact PusJar world=(95.5, 0.0, 103.5) screen=(316.0165, 2158.353)
[Dev] interact @Area3D@16407 world=(101.5, 0.0, 105.5) screen=(501.1499, 2372.125)
[Dev] interact @Area3D@16408 world=(98.5, 0.0, 107.5) screen=(269.7332, 2345.403)
[Dev] interact LootChest world=(27.5, 0.0, 70.5) screen=(-1303.901, -540.5132)
[Dev] interact @Area3D@16409 world=(94.5, 0.0, 100.5) screen=(408.5833, 2051.468)
[Dev] interact @Area3D@16410 world=(55.5, 0.0, 52.5) screen=(825.1334, -273.2989)
[Dev] interact LootPot world=(46.5, 0.0, 68.5) screen=(-331.9504, -86.24869)
[Dev] interact @Area3D@16411 world=(73.5, 0.0, 47.5) screen=(1889.651, 74.07999)
[Dev] interact @Area3D@16412 world=(90.5, 0.0, 47.5) screen=(2676.468, 528.3447)
[Dev] interact @Area3D@16413 world=(111.5, 0.0, 49.5) screen=(3555.852, 1142.938)
[Dev] interact @Area3D@16414 world=(101.5, 0.0, 101.5) screen=(686.2833, 2265.239)
[Dev] interact @Area3D@16415 world=(86.5, 0.0, 76.5) screen=(1149.117, 1196.381)
[Dev] interact @Area3D@16416 world=(53.5, 0.0, 52.5) screen=(732.5667, -326.7417)
[Dev] interact @Area3D@16417 world=(87.5, 0.0, 95.5) screen=(316.0165, 1730.81)
[Dev] interact @Area3D@16418 world=(26.5, 0.0, 66.5) screen=(-1165.051, -674.1207)
[Dev] interact @Area3D@16419 world=(17.5, 0.0, 60.5) screen=(-1303.901, -1074.942)
[Dev] interact @Area3D@16420 world=(86.5, 0.0, 22.5) screen=(3648.418, -246.5774)
[Dev] interact @Area3D@16421 world=(59.5, 0.0, 65.5) screen=(408.5832, 180.9658)
[Dev] interact @Area3D@16422 world=(18.5, 0.0, 74.5) screen=(-1905.584, -674.1207)
[Dev] interact @Area3D@16423 world=(44.5, 0.0, 69.5) screen=(-470.8006, -112.9701)
[Dev] interact @Area3D@16424 world=(73.5, 0.0, 49.5) screen=(1797.084, 127.5229)
[Dev] interact @Area3D@16425 world=(88.5, 0.0, 52.5) screen=(2352.484, 608.5091)
E2E waypoint PASS (검사 12)
[Audio] BGM town → town.ogg
[Save] level 못골 마을 → user://save_e2e.json (C:/Users/FORYOUCOM/AppData/Roaming/Godot/app_userdata/Joseon Hunters/wt/codex-558-combat-clock-trace/save_e2e.json)
[Dev] stairs DungeonEntrance dir=1 world=(0.0, 0.0, -31.0) screen=(2121.067, -492.4143)
[Dev] interact Merchant world=(5.4, 0.0, -2.4) screen=(1047.293, 368.0158)
[Dev] interact Shaman world=(-5.6, 0.0, 0.4) screen=(408.5833, 148.8999)
[Dev] interact Elder world=(2.0, 0.0, -5.6) screen=(1038.037, 191.6542)
[Dev] interact Jumo world=(7.1, 0.0, -1.4) screen=(1079.692, 440.1637)
[Dev] interact Waypoint world=(-4.2, 0.0, 2.2) screen=(390.0698, 234.4085)
E2E ▶ vendor_quest
[Click] world=(5.4, 0.0, -2.4) cell=(5, -3)
[Save] talk merchant → user://save_e2e.json (C:/Users/FORYOUCOM/AppData/Roaming/Godot/app_userdata/Joseon Hunters/wt/codex-558-combat-clock-trace/save_e2e.json)
[Vendor] buy 탕약 — 쌍화탕 price=15 gold=85
[Vendor] sell 귀환부 +10 gold=95
[Click] world=(-5.6, 0.0, 0.4) cell=(-6, 0)
[Save] quest_log_dialogue → user://save_e2e.json (C:/Users/FORYOUCOM/AppData/Roaming/Godot/app_userdata/Joseon Hunters/wt/codex-558-combat-clock-trace/save_e2e.json)
[Save] talk shaman → user://save_e2e.json (C:/Users/FORYOUCOM/AppData/Roaming/Godot/app_userdata/Joseon Hunters/wt/codex-558-combat-clock-trace/save_e2e.json)
[Click] world=(7.1, 0.0, -1.4) cell=(7, -2)
[Save] talk jumo → user://save_e2e.json (C:/Users/FORYOUCOM/AppData/Roaming/Godot/app_userdata/Joseon Hunters/wt/codex-558-combat-clock-trace/save_e2e.json)
[Click] world=(7.1, 0.0, -1.4) cell=(7, -2)
[Save] quest → user://save_e2e.json (C:/Users/FORYOUCOM/AppData/Roaming/Godot/app_userdata/Joseon Hunters/wt/codex-558-combat-clock-trace/save_e2e.json)
[Save] quest_log_dialogue → user://save_e2e.json (C:/Users/FORYOUCOM/AppData/Roaming/Godot/app_userdata/Joseon Hunters/wt/codex-558-combat-clock-trace/save_e2e.json)
[Save] talk jumo → user://save_e2e.json (C:/Users/FORYOUCOM/AppData/Roaming/Godot/app_userdata/Joseon Hunters/wt/codex-558-combat-clock-trace/save_e2e.json)
[Dev] flags={ "opening_pending": false, "seen": { "npc/merchant/start": 1, "npc/shaman/start": 1, "npc/jumo/start": 2 }, "story": { "merchant_met": true, "shaman_offer": true, "event/shaman_quest": true, "shaman_heal_intro": true, "jumo_met": true }, "quest_log": { "read": {  }, "history": { "heukrang_seal": [{ "uid": "npc/shaman/NPC_SHAMAN_OFFER_1", "source": "npc/shaman", "static_id": "NPC_SHAMAN_OFFER_1", "speaker": "shaman", "name": "무당 할매", "text": "도사 양반, 늦었소. 못골이 석 달째 이 꼴이오." }, { "uid": "npc/shaman/NPC_SHAMAN_OFFER_2", "source": "npc/shaman", "static_id": "NPC_SHAMAN_OFFER_2", "speaker": "doho", "name": "도호", "text": "할매, 술부터… 아, 분위기 아니구먼." }, { "uid": "npc/shaman/NPC_SHAMAN_OFFER_3", "source": "npc/shaman", "static_id": "NPC_SHAMAN_OFFER_3", "speaker": "shaman", "name": "무당 할매", "text": "봉인이 흔들리오. 요사한 기운이 못골로 새고 있소." }, { "uid": "npc/shaman/NPC_SHAMAN_OFFER_3B", "source": "npc/shaman", "static_id": "NPC_SHAMAN_OFFER_3B", "speaker": "shaman", "name": "무당 할매", "text": "꼬리 아홉 달린 천 년 묵은 여우, 구미호가 깨어났소." }, { "uid": "npc/shaman/NPC_SHAMAN_OFFER_3C", "source": "npc/shaman", "static_id": "NPC_SHAMAN_OFFER_3C", "speaker": "shaman", "name": "무당 할매", "text": "그 수하가 들녘 너머 흑랑 굴에 들어앉았소." }, { "uid": "npc/shaman/NPC_SHAMAN_OFFER_4", "source": "npc/shaman", "static_id": "NPC_SHAMAN_OFFER_4", "speaker": "shaman", "name": "무당 할매", "text": "마을 북쪽 산길 끝 봉밀굴 문 안엔 구미호가 갇혀 있소. …아직 열 때가 아니오." }, { "uid": "npc/shaman/NPC_SHAMAN_OFFER_5", "source": "npc/shaman", "static_id": "NPC_SHAMAN_OFFER_5", "speaker": "doho", "name": "도호", "text": "…또 봉인이여." }, { "uid": "npc/shaman/NPC_SHAMAN_OFFER_6", "source": "npc/shaman", "static_id": "NPC_SHAMAN_OFFER_6", "speaker": "shaman", "name": "무당 할매", "text": "도사 양반밖에 없소. 장터 어귀에 주모가 있소. 길은 그 사람이 아오." }, { "uid": "npc/shaman/NPC_SHAMAN_OFFER_7", "source": "npc/shaman", "static_id": "NPC_SHAMAN_OFFER_7", "speaker": "doho", "name": "도호", "text": "술값은—" }, { "uid": "npc/shaman/NPC_SHAMAN_OFFER_8", "source": "npc/shaman", "static_id": "NPC_SHAMAN_OFFER_8", "speaker": "shaman", "name": "무당 할매", "text": "살아서 돌아오면 쳐 드리리다." }, { "uid": "npc/shaman/NPC_SHAMAN_OFFER_9", "source": "npc/shaman", "static_id": "NPC_SHAMAN_OFFER_9", "speaker": "doho", "name": "도호", "text": "…허. 하는 김에." }, { "uid": "npc/jumo/NPC_JUMO_MAIN_1", "source": "npc/jumo", "static_id": "NPC_JUMO_MAIN_1", "speaker": "jumo", "name": "주모", "text": "그나저나 도사 양반, 이 장터가 왜 닫혔는지는 아시우?" }, { "uid": "npc/jumo/NPC_JUMO_MAIN_2", "source": "npc/jumo", "static_id": "NPC_JUMO_MAIN_2", "speaker": "doho", "name": "도호", "text": "봉인이 무너져서 괴질이 돈다는 건 대충 들었지." }, { "uid": "npc/jumo/NPC_JUMO_MAIN_3", "source": "npc/jumo", "static_id": "NPC_JUMO_MAIN_3", "speaker": "jumo", "name": "주모", "text": "마을 북쪽 산길 끝에 봉밀굴 문 있잖우. 돌문 말이우." }, { "uid": "npc/jumo/NPC_JUMO_MAIN_3B", "source": "npc/jumo", "static_id": "NPC_JUMO_MAIN_3B", "speaker": "jumo", "name": "주모", "text": "그 문 열쇠가 세 조각으로 쪼개져서, 굴마다 하나씩 박혀 있다우." }, { "uid": "npc/jumo/NPC_JUMO_MAIN_3C", "source": "npc/jumo", "static_id": "NPC_JUMO_MAIN_3C", "speaker": "jumo", "name": "주모", "text": "개가 하나, 들녘 흑랑 굴이우. 범이 하나, 고개 너머 범굴이우." }, { "uid": "npc/jumo/NPC_JUMO_MAIN_4", "source": "npc/jumo", "static_id": "NPC_JUMO_MAIN_4", "speaker": "doho", "name": "도호", "text": "소문치곤 번지수까지 친절하구먼." }, { "uid": "npc/jumo/NPC_JUMO_MAIN_4B", "source": "npc/jumo", "static_id": "NPC_JUMO_MAIN_4B", "speaker": "jumo", "name": "주모", "text": "쇠 먹는 놈 뱃속에 하나는, 같은 고개 너머 쇠부리 폐광이우." }, { "uid": "npc/jumo/NPC_JUMO_MAIN_5", "source": "npc/jumo", "static_id": "NPC_JUMO_MAIN_5", "speaker": "jumo", "name": "주모", "text": "목로에 앉아 있으면 소문이 다 들어오우. 값은 국물에 쳐서 받지." }, { "uid": "npc/jumo/NPC_JUMO_MAIN_6", "source": "npc/jumo", "static_id": "NPC_JUMO_MAIN_6", "speaker": "jumo", "name": "주모", "text": "열쇠를 모아 문을 열어야 이 병의 뿌리를 뽑을 수 있고, 뿌리를 뽑아야 닫힌 장터가 다시 열리지." }, { "uid": "npc/jumo/NPC_JUMO_MAIN_7", "source": "npc/jumo", "static_id": "NPC_JUMO_MAIN_7", "speaker": "doho", "name": "도호", "text": "뿌리라… 구미호 말이지." }, { "uid": "npc/jumo/NPC_JUMO_MAIN_8", "source": "npc/jumo", "static_id": "NPC_JUMO_MAIN_8", "speaker": "jumo", "name": "주모", "text": "…그 이름은 내 입에 올리기 싫수. 국물 식겠수." }, { "uid": "npc/jumo/NPC_JUMO_MAIN_9", "source": "npc/jumo", "static_id": "NPC_JUMO_MAIN_9", "speaker": "doho", "name": "도호", "text": "국물값치곤 일이 크네. 외상으로 달아 두시오." }, { "uid": "npc/jumo/NPC_JUMO_MAIN_10", "source": "npc/jumo", "static_id": "NPC_JUMO_MAIN_10", "speaker": "jumo", "name": "주모", "text": "가까운 데부터 가시구려. 동쪽 문 밖 들녘에 흑랑 굴이 있수. …국물은 식어도 외상은 안 식수." }] }, "revisions": { "heukrang_seal": 24 } }, "quest": { "heukrang_seal": { "state": "killed" }, "beomgul_seal": { "state": "accepted" }, "soeburi_seal": { "state": "accepted" }, "bongmil_gate": { "state": "accepted" }, "heukrang_thanks": { "state": "killed" } }, "boss_killed_heukrang_gul": true }
[Click] world=(7.1, 0.0, -1.4) cell=(7, -2)
[Save] quest → user://save_e2e.json (C:/Users/FORYOUCOM/AppData/Roaming/Godot/app_userdata/Joseon Hunters/wt/codex-558-combat-clock-trace/save_e2e.json)
[Save] quest_log_dialogue → user://save_e2e.json (C:/Users/FORYOUCOM/AppData/Roaming/Godot/app_userdata/Joseon Hunters/wt/codex-558-combat-clock-trace/save_e2e.json)
[Save] talk jumo → user://save_e2e.json (C:/Users/FORYOUCOM/AppData/Roaming/Godot/app_userdata/Joseon Hunters/wt/codex-558-combat-clock-trace/save_e2e.json)
[Load] lv=1 gold=95 flags={ "boss_killed_heukrang_gul": true, "opening_pending": false, "quest": { "beomgul_seal": { "state": "accepted" }, "bongmil_gate": { "state": "accepted" }, "heukrang_seal": { "state": "done" }, "heukrang_thanks": { "state": "killed" }, "soeburi_seal": { "state": "accepted" } }, "quest_log": { "history": { "heukrang_seal": [{ "name": "무당 할매", "source": "npc/shaman", "speaker": "shaman", "static_id": "NPC_SHAMAN_OFFER_1", "text": "도사 양반, 늦었소. 못골이 석 달째 이 꼴이오.", "uid": "npc/shaman/NPC_SHAMAN_OFFER_1" }, { "name": "도호", "source": "npc/shaman", "speaker": "doho", "static_id": "NPC_SHAMAN_OFFER_2", "text": "할매, 술부터… 아, 분위기 아니구먼.", "uid": "npc/shaman/NPC_SHAMAN_OFFER_2" }, { "name": "무당 할매", "source": "npc/shaman", "speaker": "shaman", "static_id": "NPC_SHAMAN_OFFER_3", "text": "봉인이 흔들리오. 요사한 기운이 못골로 새고 있소.", "uid": "npc/shaman/NPC_SHAMAN_OFFER_3" }, { "name": "무당 할매", "source": "npc/shaman", "speaker": "shaman", "static_id": "NPC_SHAMAN_OFFER_3B", "text": "꼬리 아홉 달린 천 년 묵은 여우, 구미호가 깨어났소.", "uid": "npc/shaman/NPC_SHAMAN_OFFER_3B" }, { "name": "무당 할매", "source": "npc/shaman", "speaker": "shaman", "static_id": "NPC_SHAMAN_OFFER_3C", "text": "그 수하가 들녘 너머 흑랑 굴에 들어앉았소.", "uid": "npc/shaman/NPC_SHAMAN_OFFER_3C" }, { "name": "무당 할매", "source": "npc/shaman", "speaker": "shaman", "static_id": "NPC_SHAMAN_OFFER_4", "text": "마을 북쪽 산길 끝 봉밀굴 문 안엔 구미호가 갇혀 있소. …아직 열 때가 아니오.", "uid": "npc/shaman/NPC_SHAMAN_OFFER_4" }, { "name": "도호", "source": "npc/shaman", "speaker": "doho", "static_id": "NPC_SHAMAN_OFFER_5", "text": "…또 봉인이여.", "uid": "npc/shaman/NPC_SHAMAN_OFFER_5" }, { "name": "무당 할매", "source": "npc/shaman", "speaker": "shaman", "static_id": "NPC_SHAMAN_OFFER_6", "text": "도사 양반밖에 없소. 장터 어귀에 주모가 있소. 길은 그 사람이 아오.", "uid": "npc/shaman/NPC_SHAMAN_OFFER_6" }, { "name": "도호", "source": "npc/shaman", "speaker": "doho", "static_id": "NPC_SHAMAN_OFFER_7", "text": "술값은—", "uid": "npc/shaman/NPC_SHAMAN_OFFER_7" }, { "name": "무당 할매", "source": "npc/shaman", "speaker": "shaman", "static_id": "NPC_SHAMAN_OFFER_8", "text": "살아서 돌아오면 쳐 드리리다.", "uid": "npc/shaman/NPC_SHAMAN_OFFER_8" }, { "name": "도호", "source": "npc/shaman", "speaker": "doho", "static_id": "NPC_SHAMAN_OFFER_9", "text": "…허. 하는 김에.", "uid": "npc/shaman/NPC_SHAMAN_OFFER_9" }, { "name": "주모", "source": "npc/jumo", "speaker": "jumo", "static_id": "NPC_JUMO_MAIN_1", "text": "그나저나 도사 양반, 이 장터가 왜 닫혔는지는 아시우?", "uid": "npc/jumo/NPC_JUMO_MAIN_1" }, { "name": "도호", "source": "npc/jumo", "speaker": "doho", "static_id": "NPC_JUMO_MAIN_2", "text": "봉인이 무너져서 괴질이 돈다는 건 대충 들었지.", "uid": "npc/jumo/NPC_JUMO_MAIN_2" }, { "name": "주모", "source": "npc/jumo", "speaker": "jumo", "static_id": "NPC_JUMO_MAIN_3", "text": "마을 북쪽 산길 끝에 봉밀굴 문 있잖우. 돌문 말이우.", "uid": "npc/jumo/NPC_JUMO_MAIN_3" }, { "name": "주모", "source": "npc/jumo", "speaker": "jumo", "static_id": "NPC_JUMO_MAIN_3B", "text": "그 문 열쇠가 세 조각으로 쪼개져서, 굴마다 하나씩 박혀 있다우.", "uid": "npc/jumo/NPC_JUMO_MAIN_3B" }, { "name": "주모", "source": "npc/jumo", "speaker": "jumo", "static_id": "NPC_JUMO_MAIN_3C", "text": "개가 하나, 들녘 흑랑 굴이우. 범이 하나, 고개 너머 범굴이우.", "uid": "npc/jumo/NPC_JUMO_MAIN_3C" }, { "name": "도호", "source": "npc/jumo", "speaker": "doho", "static_id": "NPC_JUMO_MAIN_4", "text": "소문치곤 번지수까지 친절하구먼.", "uid": "npc/jumo/NPC_JUMO_MAIN_4" }, { "name": "주모", "source": "npc/jumo", "speaker": "jumo", "static_id": "NPC_JUMO_MAIN_4B", "text": "쇠 먹는 놈 뱃속에 하나는, 같은 고개 너머 쇠부리 폐광이우.", "uid": "npc/jumo/NPC_JUMO_MAIN_4B" }, { "name": "주모", "source": "npc/jumo", "speaker": "jumo", "static_id": "NPC_JUMO_MAIN_5", "text": "목로에 앉아 있으면 소문이 다 들어오우. 값은 국물에 쳐서 받지.", "uid": "npc/jumo/NPC_JUMO_MAIN_5" }, { "name": "주모", "source": "npc/jumo", "speaker": "jumo", "static_id": "NPC_JUMO_MAIN_6", "text": "열쇠를 모아 문을 열어야 이 병의 뿌리를 뽑을 수 있고, 뿌리를 뽑아야 닫힌 장터가 다시 열리지.", "uid": "npc/jumo/NPC_JUMO_MAIN_6" }, { "name": "도호", "source": "npc/jumo", "speaker": "doho", "static_id": "NPC_JUMO_MAIN_7", "text": "뿌리라… 구미호 말이지.", "uid": "npc/jumo/NPC_JUMO_MAIN_7" }, { "name": "주모", "source": "npc/jumo", "speaker": "jumo", "static_id": "NPC_JUMO_MAIN_8", "text": "…그 이름은 내 입에 올리기 싫수. 국물 식겠수.", "uid": "npc/jumo/NPC_JUMO_MAIN_8" }, { "name": "도호", "source": "npc/jumo", "speaker": "doho", "static_id": "NPC_JUMO_MAIN_9", "text": "국물값치곤 일이 크네. 외상으로 달아 두시오.", "uid": "npc/jumo/NPC_JUMO_MAIN_9" }, { "name": "주모", "source": "npc/jumo", "speaker": "jumo", "static_id": "NPC_JUMO_MAIN_10", "text": "가까운 데부터 가시구려. 동쪽 문 밖 들녘에 흑랑 굴이 있수. …국물은 식어도 외상은 안 식수.", "uid": "npc/jumo/NPC_JUMO_MAIN_10" }, { "name": "주모", "source": "npc/jumo", "speaker": "jumo", "static_id": "NPC_JUMO_NEWS1_1", "text": "벌써 하나 가져오셨수? 그게 열쇠우? 어디 좀…", "uid": "npc/jumo/NPC_JUMO_NEWS1_1" }, { "name": "", "source": "npc/jumo", "speaker": "", "static_id": "NPC_JUMO_NEWS1_2", "text": "조각으로 뻗던 주모의 손이 허공에서 멈춘다.", "uid": "npc/jumo/NPC_JUMO_NEWS1_2" }, { "name": "주모", "source": "npc/jumo", "speaker": "jumo", "static_id": "NPC_JUMO_NEWS1_3", "text": "에구, 나이 드니 손이 시려서. 도사 양반이 들고 계시우.", "uid": "npc/jumo/NPC_JUMO_NEWS1_3" }, { "name": "도호", "source": "npc/jumo", "speaker": "doho", "static_id": "NPC_JUMO_NEWS1_4", "text": "국물 한 그릇이면 들고 다니지.", "uid": "npc/jumo/NPC_JUMO_NEWS1_4" }, { "name": "주모", "source": "npc/jumo", "speaker": "jumo", "static_id": "NPC_JUMO_NEWS1_HEUK", "text": "그 개는… 편히 갔수? …아니우, 괜한 소릴.", "uid": "npc/jumo/NPC_JUMO_NEWS1_HEUK" }, { "name": "주모", "source": "npc/jumo", "speaker": "jumo", "static_id": "NPC_JUMO_NEWS1_LEFT_BEOM_SOE", "text": "남은 둘은 고개 너머 정령재에 있수. 범굴이랑 쇠부리 폐광이우. 어느 쪽이 먼저든 상관없지.", "uid": "npc/jumo/NPC_JUMO_NEWS1_LEFT_BEOM_SOE" }, { "name": "도호", "source": "npc/jumo", "speaker": "doho", "static_id": "NPC_JUMO_NEWS1_END", "text": "외상이 자꾸 느는구먼. 갚을 날이 오긴 하려나.", "uid": "npc/jumo/NPC_JUMO_NEWS1_END" }] }, "read": {  }, "revisions": { "heukrang_seal": 31.0 } }, "seen": { "npc/jumo/start": 3.0, "npc/merchant/start": 1.0, "npc/shaman/start": 1.0 }, "story": { "event/shaman_quest": true, "jumo_met": true, "jumo_seals": 1.0, "merchant_met": true, "shaman_heal_intro": true, "shaman_offer": true } } portal=<null> wps=[]
[Save] level 못골 마을 → user://save_e2e.json (C:/Users/FORYOUCOM/AppData/Roaming/Godot/app_userdata/Joseon Hunters/wt/codex-558-combat-clock-trace/save_e2e.json)
[Dev] stairs DungeonEntrance dir=1 world=(0.0, 0.0, -31.0) screen=(2121.067, -492.4143)
[Dev] interact Merchant world=(5.4, 0.0, -2.4) screen=(1047.293, 368.0158)
[Dev] interact Shaman world=(-5.6, 0.0, 0.4) screen=(408.5833, 148.8999)
[Dev] interact Elder world=(2.0, 0.0, -5.6) screen=(1038.037, 191.6542)
[Dev] interact Jumo world=(7.1, 0.0, -1.4) screen=(1079.692, 440.1637)
[Dev] interact Waypoint world=(-4.2, 0.0, 2.2) screen=(390.0698, 234.4085)
[Click] world=(7.1, 0.0, -1.4) cell=(7, -2)
[Save] talk jumo → user://save_e2e.json (C:/Users/FORYOUCOM/AppData/Roaming/Godot/app_userdata/Joseon Hunters/wt/codex-558-combat-clock-trace/save_e2e.json)
[Click] world=(-5.6, 0.0, 0.4) cell=(-6, 0)
[Save] quest_log_dialogue → user://save_e2e.json (C:/Users/FORYOUCOM/AppData/Roaming/Godot/app_userdata/Joseon Hunters/wt/codex-558-combat-clock-trace/save_e2e.json)
[Save] talk shaman → user://save_e2e.json (C:/Users/FORYOUCOM/AppData/Roaming/Godot/app_userdata/Joseon Hunters/wt/codex-558-combat-clock-trace/save_e2e.json)
E2E vendor_quest PASS (검사 54)
[Save] level 못골 마을 → user://save_e2e.json (C:/Users/FORYOUCOM/AppData/Roaming/Godot/app_userdata/Joseon Hunters/wt/codex-558-combat-clock-trace/save_e2e.json)
[Dev] stairs DungeonEntrance dir=1 world=(0.0, 0.0, -31.0) screen=(2121.067, -492.4143)
[Dev] interact Merchant world=(5.4, 0.0, -2.4) screen=(1047.293, 368.0158)
[Dev] interact Shaman world=(-5.6, 0.0, 0.4) screen=(408.5833, 148.8999)
[Dev] interact Elder world=(2.0, 0.0, -5.6) screen=(1038.037, 191.6542)
[Dev] interact Jumo world=(7.1, 0.0, -1.4) screen=(1079.692, 440.1637)
[Dev] interact Waypoint world=(-4.2, 0.0, 2.2) screen=(390.0698, 234.4085)
E2E ▶ vendor_prices
[Save] level 못골 마을 → user://save_e2e.json (C:/Users/FORYOUCOM/AppData/Roaming/Godot/app_userdata/Joseon Hunters/wt/codex-558-combat-clock-trace/save_e2e.json)
[Dev] stairs DungeonEntrance dir=1 world=(0.0, 0.0, -31.0) screen=(2121.067, -492.4143)
[Dev] interact Merchant world=(5.4, 0.0, -2.4) screen=(1047.293, 368.0158)
[Dev] interact Shaman world=(-5.6, 0.0, 0.4) screen=(408.5833, 148.8999)
[Dev] interact Elder world=(2.0, 0.0, -5.6) screen=(1038.037, 191.6542)
[Dev] interact Jumo world=(7.1, 0.0, -1.4) screen=(1079.692, 440.1637)
[Dev] interact Waypoint world=(-4.2, 0.0, 2.2) screen=(390.0698, 234.4085)
[Click] world=(5.4, 0.0, -2.4) cell=(5, -3)
[Save] talk merchant → user://save_e2e.json (C:/Users/FORYOUCOM/AppData/Roaming/Godot/app_userdata/Joseon Hunters/wt/codex-558-combat-clock-trace/save_e2e.json)
E2E vendor_prices PASS (검사 12)
[Save] level 못골 마을 → user://save_e2e.json (C:/Users/FORYOUCOM/AppData/Roaming/Godot/app_userdata/Joseon Hunters/wt/codex-558-combat-clock-trace/save_e2e.json)
[Dev] stairs DungeonEntrance dir=1 world=(0.0, 0.0, -31.0) screen=(2121.067, -492.4143)
[Dev] interact Merchant world=(5.4, 0.0, -2.4) screen=(1047.293, 368.0158)
[Dev] interact Shaman world=(-5.6, 0.0, 0.4) screen=(408.5833, 148.8999)
[Dev] interact Elder world=(2.0, 0.0, -5.6) screen=(1038.037, 191.6542)
[Dev] interact Jumo world=(7.1, 0.0, -1.4) screen=(1079.692, 440.1637)
[Dev] interact Waypoint world=(-4.2, 0.0, 2.2) screen=(390.0698, 234.4085)
E2E ▶ chief_quest
[Click] world=(2.0, 0.0, -5.6) cell=(2, -6)
[Save] quest → user://save_e2e.json (C:/Users/FORYOUCOM/AppData/Roaming/Godot/app_userdata/Joseon Hunters/wt/codex-558-combat-clock-trace/save_e2e.json)
[Save] quest_log_dialogue → user://save_e2e.json (C:/Users/FORYOUCOM/AppData/Roaming/Godot/app_userdata/Joseon Hunters/wt/codex-558-combat-clock-trace/save_e2e.json)
[Save] talk elder → user://save_e2e.json (C:/Users/FORYOUCOM/AppData/Roaming/Godot/app_userdata/Joseon Hunters/wt/codex-558-combat-clock-trace/save_e2e.json)
[Dungeon] heukrang_gul 1층 lv=2 seed=403727558 gen 64x64 rooms=6 up=(44, 56) down=(7, 23) enemies=20 roster=bandit,bat,talisman_master elites=["방2:금색×3(깊이 0.50)"] named=-
[Quest] heukrang_gul 1층 — 싹쓸이 셈 시작 20 (heukrang_clear:accepted)
[Audio] BGM dungeon → dungeon_2.ogg
[Save] level 흑랑 굴 1층 → user://save_e2e.json (C:/Users/FORYOUCOM/AppData/Roaming/Godot/app_userdata/Joseon Hunters/wt/codex-558-combat-clock-trace/save_e2e.json)
[Dev] stairs StairsUp dir=-1 world=(44.5, 0.0, 56.5) screen=(593.7165, 335.9509)
[Dev] stairs StairsDown dir=1 world=(7.5, 0.0, 23.5) screen=(408.583, -1534.551)
[Dev] interact PusJar world=(29.5, 0.0, 42.5) screen=(547.433, -487.0705)
[Dev] interact @Area3D@17407 world=(14.5, 0.0, 24.5) screen=(686.2831, -1368.878)
[Dev] interact @Area3D@17408 world=(23.5, 0.0, 18.5) screen=(1380.534, -1288.714)
[Dev] interact LootChest world=(29.5, 0.0, 39.5) screen=(686.2831, -567.2349)
[Dev] interact @Area3D@17409 world=(40.5, 0.0, 38.5) screen=(1241.683, -300.0204)
[Dev] interact LootPot world=(21.5, 0.0, 43.5) screen=(130.8828, -674.1207)
[Dev] interact @Area3D@17410 world=(22.5, 0.0, 44.5) screen=(130.8829, -620.6779)
[Dev] interact @Area3D@17411 world=(19.5, 0.0, 9.5) screen=(1611.95, -1636.093)
[Dev] interact @Area3D@17412 world=(20.5, 0.0, 9.5) screen=(1658.234, -1609.372)
[Dev] interact @Area3D@17413 world=(44.5, 0.0, 51.5) screen=(825.1333, 154.2443)
[Dev] interact @Area3D@17414 world=(44.5, 0.0, 52.5) screen=(778.8499, 180.9657)
[Dev] interact @Area3D@17415 world=(21.5, 0.0, 39.5) screen=(316.0163, -781.0065)
[Kill] +6 xp (lv 1, 6/20)
[Dev] item 엽전 world=(2.5, 0.0, 21.5) screen=(269.733, -1740.285)
[Dev] item 귀환부 world=(2.5, 0.0, 21.5) screen=(269.733, -1740.285)
[Kill] +6 xp (lv 1, 12/20)
[Dev] item 엽전 world=(6.606066, 0.0, 17.60607) screen=(644.0874, -1741.43)
[Kill] +8 xp (lv 2, 0/57)
[LevelUp] lv=2 stat_pts=5 skill_pts=1
[Dev] item 엽전 world=(18.5, 0.0, 9.5) screen=(1569.933, -1640.509)
[Kill] +7 xp (lv 2, 7/57)
[Dev] item 엽전 world=(9.706242, 0.0, 16.70624) screen=(821.0956, -1682.549)
[Kill] +7 xp (lv 2, 14/57)
[Dev] item 미식별 패랭이 world=(21.5, 0.0, 9.733334) screen=(1689.486, -1554.053)
[Kill] +6 xp (lv 2, 20/57)
[Dev] item 엽전 world=(4.1, 0.0, 28.5) screen=(15.55832, -1517.555)
[Kill] +6 xp (lv 2, 26/57)
[Kill] +7 xp (lv 2, 33/57)
[Dev] item 엽전 world=(24.82999, 0.0, 12.82999) screen=(1708.925, -1382.617)
[Dev] item 가죽신 world=(24.82999, 0.0, 12.82999) screen=(1708.925, -1382.617)
[Dev] item 영약 — 생맥산 world=(24.82999, 0.0, 12.82999) screen=(1708.925, -1382.617)
[Dev] item 식별부 world=(24.82999, 0.0, 12.82999) screen=(1708.925, -1382.617)
[Kill] +6 xp (lv 2, 39/57)
[Kill] +7 xp (lv 2, 46/57)
[Kill] +7 xp (lv 2, 53/57)
[Dev] item 엽전 world=(25.5, 0.0, 17.19999) screen=(1528.81, -1248.027)
[Dev] item 괴황지 world=(25.5, 0.0, 17.19999) screen=(1528.81, -1248.027)
[Kill] +53 xp (lv 3, 49/104)
[LevelUp] lv=3 stat_pts=10 skill_pts=2
[Dev] item 엽전 world=(25.5, 0.0, 33.5) screen=(774.3907, -812.4666)
[Dev] item 엽전 world=(25.5, 0.0, 33.5) screen=(774.3907, -812.4666)
[Dev] item 미투리 world=(25.5, 0.0, 33.5) screen=(774.3907, -812.4666)
[Dev] item 탕약 — 쌍화탕 world=(25.5, 0.0, 33.5) screen=(774.3907, -812.4666)
[Dev] item 탕약 — 쌍화탕 world=(25.5, 0.0, 33.5) screen=(774.3907, -812.4666)
[Dev] item 미식별 은가락지 world=(25.5, 0.0, 33.5) screen=(774.3907, -812.4666)
[Kill] +13 xp (lv 3, 62/104)
[Dev] item 엽전 world=(24.4502, 0.0, 34.48091) screen=(680.4028, -814.3076)
[Kill] +13 xp (lv 3, 75/104)
[Dev] item 엽전 world=(26.41512, 0.0, 34.43541) screen=(773.4514, -763.0179)
[Dev] item 옥패 world=(26.41512, 0.0, 34.43541) screen=(773.4514, -763.0179)
[Dev] item 탕약 — 쌍화탕 world=(26.41512, 0.0, 34.43541) screen=(773.4514, -763.0179)
[Kill] +7 xp (lv 3, 82/104)
[Kill] +7 xp (lv 3, 89/104)
[Kill] +7 xp (lv 3, 96/104)
[Loot] 채널 jade — 물건 정의가 아직 없다(옥 정의 item_type gem — I9 #265): 굴림만 돌고 물건은 없다 · Loot.MISSING_CHANNELS
[Dev] item 탕약 — 쌍화탕 world=(27.66499, 0.0, 53.33501) screen=(10.59856, 180.4809)
[Quest] heukrang_clear 남은 3 — 바크
[Kill] +7 xp (lv 3, 103/104)
[Dev] item 엽전 world=(37.25212, 0.0, 44.33275) screen=(867.6848, 199.3675)
[Dev] item 탕약 — 쌍화탕 world=(37.25212, 0.0, 44.33275) screen=(867.6848, 199.3675)
[Kill] +7 xp (lv 4, 6/160)
[LevelUp] lv=4 stat_pts=15 skill_pts=3
[Dev] item 패랭이 world=(34.78336, 0.0, 46.5) screen=(648.3461, 183.3524)
[Kill] +7 xp (lv 4, 13/160)
[Dev] item 엽전 world=(36.35579, 0.0, 47.50564) screen=(674.8887, 252.7452)
[Dev] item 탕약 — 쌍화탕 world=(36.35579, 0.0, 47.50564) screen=(674.8887, 252.7452)
[Save] quest → user://save_e2e.json (C:/Users/FORYOUCOM/AppData/Roaming/Godot/app_userdata/Joseon Hunters/wt/codex-558-combat-clock-trace/save_e2e.json)
[Quest] heukrang_clear 싹쓸이 완료 (accepted → killed)
[Audio] BGM town → town.ogg
[Save] level 못골 마을 → user://save_e2e.json (C:/Users/FORYOUCOM/AppData/Roaming/Godot/app_userdata/Joseon Hunters/wt/codex-558-combat-clock-trace/save_e2e.json)
[Dev] stairs DungeonEntrance dir=1 world=(0.0, 0.0, -31.0) screen=(2121.067, -492.4143)
[Dev] interact Merchant world=(5.4, 0.0, -2.4) screen=(1047.293, 368.0158)
[Dev] interact Shaman world=(-5.6, 0.0, 0.4) screen=(408.5833, 148.8999)
[Dev] interact Elder world=(2.0, 0.0, -5.6) screen=(1038.037, 191.6542)
[Dev] interact Jumo world=(7.1, 0.0, -1.4) screen=(1079.692, 440.1637)
[Dev] interact Waypoint world=(-4.2, 0.0, 2.2) screen=(390.0698, 234.4085)
[Click] world=(2.0, 0.0, -5.6) cell=(2, -6)
[Save] quest → user://save_e2e.json (C:/Users/FORYOUCOM/AppData/Roaming/Godot/app_userdata/Joseon Hunters/wt/codex-558-combat-clock-trace/save_e2e.json)
[Save] quest_log_dialogue → user://save_e2e.json (C:/Users/FORYOUCOM/AppData/Roaming/Godot/app_userdata/Joseon Hunters/wt/codex-558-combat-clock-trace/save_e2e.json)
[Save] talk elder → user://save_e2e.json (C:/Users/FORYOUCOM/AppData/Roaming/Godot/app_userdata/Joseon Hunters/wt/codex-558-combat-clock-trace/save_e2e.json)
[Dev] flags={ "opening_pending": false, "seen": { "npc/elder/start": 2 }, "story": { "elder_met": true }, "quest_log": { "read": {  }, "history": { "heukrang_clear": [{ "uid": "npc/elder/NPC_ELDER_OFFER_1", "source": "npc/elder", "static_id": "NPC_ELDER_OFFER_1", "speaker": "elder", "name": "촌장", "text": "부탁이 하나 있소. 흑랑 굴 말이오." }, { "uid": "npc/elder/NPC_ELDER_OFFER_2", "source": "npc/elder", "static_id": "NPC_ELDER_OFFER_2", "speaker": "elder", "name": "촌장", "text": "밤마다 어귀에서 것들이 기어 나와 밭을 헤집고 외양간을 비우오." }, { "uid": "npc/elder/NPC_ELDER_OFFER_3", "source": "npc/elder", "static_id": "NPC_ELDER_OFFER_3", "speaker": "elder", "name": "촌장", "text": "끝까지는 바라지도 않소. 첫 층만… 비워 주시오." }, { "uid": "npc/elder/NPC_ELDER_OFFER_4", "source": "npc/elder", "static_id": "NPC_ELDER_OFFER_4", "speaker": "doho", "name": "도호", "text": "첫 층만? 그럼 산책이구먼." }, { "uid": "npc/elder/NPC_ELDER_ACCEPT_1", "source": "npc/elder", "static_id": "NPC_ELDER_ACCEPT_1", "speaker": "elder", "name": "촌장", "text": "그 산책, 부디 무사히 끝내시오." }, { "uid": "npc/elder/NPC_ELDER_CLEAR_DONE_1", "source": "npc/elder", "static_id": "NPC_ELDER_CLEAR_DONE_1", "speaker": "elder", "name": "촌장", "text": "간밤엔 굴 쪽이 조용했소. …도사 양반 솜씨요?" }, { "uid": "npc/elder/NPC_ELDER_CLEAR_DONE_2", "source": "npc/elder", "static_id": "NPC_ELDER_CLEAR_DONE_2", "speaker": "doho", "name": "도호", "text": "산책 좀 했지." }, { "uid": "npc/elder/NPC_ELDER_REPORT_1", "source": "npc/elder", "static_id": "NPC_ELDER_REPORT_1", "speaker": "elder", "name": "촌장", "text": "몇 해 전 묵어 간 도사가 두고 간 책이 한 권 있소. 우리 집안은 까막눈이라…" }] }, "revisions": { "heukrang_clear": 8 } }, "quest": { "heukrang_clear": { "state": "done", "left": 0, "barked": true }, "heukrang_seal": { "state": "killed" }, "heukrang_thanks": { "state": "killed" } }, "boss_killed_heukrang_gul": true }
[Click] world=(2.0, 0.0, -5.6) cell=(2, -6)
[Quest] heukrang_thanks 보상 — 아이템 DB에 없어 건너뜀 ["horibyeong"]
[Save] quest → user://save_e2e.json (C:/Users/FORYOUCOM/AppData/Roaming/Godot/app_userdata/Joseon Hunters/wt/codex-558-combat-clock-trace/save_e2e.json)
[Save] talk elder → user://save_e2e.json (C:/Users/FORYOUCOM/AppData/Roaming/Godot/app_userdata/Joseon Hunters/wt/codex-558-combat-clock-trace/save_e2e.json)
[Click] world=(7.1, 0.0, -1.4) cell=(7, -2)
[Save] quest → user://save_e2e.json (C:/Users/FORYOUCOM/AppData/Roaming/Godot/app_userdata/Joseon Hunters/wt/codex-558-combat-clock-trace/save_e2e.json)
[Save] quest → user://save_e2e.json (C:/Users/FORYOUCOM/AppData/Roaming/Godot/app_userdata/Joseon Hunters/wt/codex-558-combat-clock-trace/save_e2e.json)
[Save] quest_log_dialogue → user://save_e2e.json (C:/Users/FORYOUCOM/AppData/Roaming/Godot/app_userdata/Joseon Hunters/wt/codex-558-combat-clock-trace/save_e2e.json)
[Save] talk jumo → user://save_e2e.json (C:/Users/FORYOUCOM/AppData/Roaming/Godot/app_userdata/Joseon Hunters/wt/codex-558-combat-clock-trace/save_e2e.json)
[Click] world=(2.0, 0.0, -5.6) cell=(2, -6)
[Save] talk elder → user://save_e2e.json (C:/Users/FORYOUCOM/AppData/Roaming/Godot/app_userdata/Joseon Hunters/wt/codex-558-combat-clock-trace/save_e2e.json)
[Click] world=(2.0, 0.0, -5.6) cell=(2, -6)
[Save] talk elder → user://save_e2e.json (C:/Users/FORYOUCOM/AppData/Roaming/Godot/app_userdata/Joseon Hunters/wt/codex-558-combat-clock-trace/save_e2e.json)
[Load] lv=4 gold=300 flags={ "boss_killed_heukrang_gul": true, "opening_pending": false, "quest": { "beomgul_seal": { "state": "accepted" }, "bongmil_gate": { "state": "accepted" }, "heukrang_clear": { "state": "done", "left": 0, "barked": true }, "heukrang_seal": { "state": "done" }, "heukrang_thanks": { "state": "done" }, "soeburi_seal": { "state": "accepted" } }, "quest_log": { "history": { "heukrang_clear": [{ "name": "촌장", "source": "npc/elder", "speaker": "elder", "static_id": "NPC_ELDER_OFFER_1", "text": "부탁이 하나 있소. 흑랑 굴 말이오.", "uid": "npc/elder/NPC_ELDER_OFFER_1" }, { "name": "촌장", "source": "npc/elder", "speaker": "elder", "static_id": "NPC_ELDER_OFFER_2", "text": "밤마다 어귀에서 것들이 기어 나와 밭을 헤집고 외양간을 비우오.", "uid": "npc/elder/NPC_ELDER_OFFER_2" }, { "name": "촌장", "source": "npc/elder", "speaker": "elder", "static_id": "NPC_ELDER_OFFER_3", "text": "끝까지는 바라지도 않소. 첫 층만… 비워 주시오.", "uid": "npc/elder/NPC_ELDER_OFFER_3" }, { "name": "도호", "source": "npc/elder", "speaker": "doho", "static_id": "NPC_ELDER_OFFER_4", "text": "첫 층만? 그럼 산책이구먼.", "uid": "npc/elder/NPC_ELDER_OFFER_4" }, { "name": "촌장", "source": "npc/elder", "speaker": "elder", "static_id": "NPC_ELDER_ACCEPT_1", "text": "그 산책, 부디 무사히 끝내시오.", "uid": "npc/elder/NPC_ELDER_ACCEPT_1" }, { "name": "촌장", "source": "npc/elder", "speaker": "elder", "static_id": "NPC_ELDER_CLEAR_DONE_1", "text": "간밤엔 굴 쪽이 조용했소. …도사 양반 솜씨요?", "uid": "npc/elder/NPC_ELDER_CLEAR_DONE_1" }, { "name": "도호", "source": "npc/elder", "speaker": "doho", "static_id": "NPC_ELDER_CLEAR_DONE_2", "text": "산책 좀 했지.", "uid": "npc/elder/NPC_ELDER_CLEAR_DONE_2" }, { "name": "촌장", "source": "npc/elder", "speaker": "elder", "static_id": "NPC_ELDER_REPORT_1", "text": "몇 해 전 묵어 간 도사가 두고 간 책이 한 권 있소. 우리 집안은 까막눈이라…", "uid": "npc/elder/NPC_ELDER_REPORT_1" }], "heukrang_seal": [{ "name": "주모", "source": "npc/jumo", "speaker": "jumo", "static_id": "NPC_JUMO_MAIN_1", "text": "그나저나 도사 양반, 이 장터가 왜 닫혔는지는 아시우?", "uid": "npc/jumo/NPC_JUMO_MAIN_1" }, { "name": "도호", "source": "npc/jumo", "speaker": "doho", "static_id": "NPC_JUMO_MAIN_2", "text": "봉인이 무너져서 괴질이 돈다는 건 대충 들었지.", "uid": "npc/jumo/NPC_JUMO_MAIN_2" }, { "name": "주모", "source": "npc/jumo", "speaker": "jumo", "static_id": "NPC_JUMO_MAIN_3", "text": "마을 북쪽 산길 끝에 봉밀굴 문 있잖우. 돌문 말이우.", "uid": "npc/jumo/NPC_JUMO_MAIN_3" }, { "name": "주모", "source": "npc/jumo", "speaker": "jumo", "static_id": "NPC_JUMO_MAIN_3B", "text": "그 문 열쇠가 세 조각으로 쪼개져서, 굴마다 하나씩 박혀 있다우.", "uid": "npc/jumo/NPC_JUMO_MAIN_3B" }, { "name": "주모", "source": "npc/jumo", "speaker": "jumo", "static_id": "NPC_JUMO_MAIN_3C", "text": "개가 하나, 들녘 흑랑 굴이우. 범이 하나, 고개 너머 범굴이우.", "uid": "npc/jumo/NPC_JUMO_MAIN_3C" }, { "name": "도호", "source": "npc/jumo", "speaker": "doho", "static_id": "NPC_JUMO_MAIN_4", "text": "소문치곤 번지수까지 친절하구먼.", "uid": "npc/jumo/NPC_JUMO_MAIN_4" }, { "name": "주모", "source": "npc/jumo", "speaker": "jumo", "static_id": "NPC_JUMO_MAIN_4B", "text": "쇠 먹는 놈 뱃속에 하나는, 같은 고개 너머 쇠부리 폐광이우.", "uid": "npc/jumo/NPC_JUMO_MAIN_4B" }, { "name": "주모", "source": "npc/jumo", "speaker": "jumo", "static_id": "NPC_JUMO_MAIN_5", "text": "목로에 앉아 있으면 소문이 다 들어오우. 값은 국물에 쳐서 받지.", "uid": "npc/jumo/NPC_JUMO_MAIN_5" }, { "name": "주모", "source": "npc/jumo", "speaker": "jumo", "static_id": "NPC_JUMO_MAIN_6", "text": "열쇠를 모아 문을 열어야 이 병의 뿌리를 뽑을 수 있고, 뿌리를 뽑아야 닫힌 장터가 다시 열리지.", "uid": "npc/jumo/NPC_JUMO_MAIN_6" }, { "name": "도호", "source": "npc/jumo", "speaker": "doho", "static_id": "NPC_JUMO_MAIN_7", "text": "뿌리라… 구미호 말이지.", "uid": "npc/jumo/NPC_JUMO_MAIN_7" }, { "name": "주모", "source": "npc/jumo", "speaker": "jumo", "static_id": "NPC_JUMO_MAIN_8", "text": "…그 이름은 내 입에 올리기 싫수. 국물 식겠수.", "uid": "npc/jumo/NPC_JUMO_MAIN_8" }, { "name": "도호", "source": "npc/jumo", "speaker": "doho", "static_id": "NPC_JUMO_MAIN_9", "text": "국물값치곤 일이 크네. 외상으로 달아 두시오.", "uid": "npc/jumo/NPC_JUMO_MAIN_9" }, { "name": "주모", "source": "npc/jumo", "speaker": "jumo", "static_id": "NPC_JUMO_NEWS1_1", "text": "벌써 하나 가져오셨수? 그게 열쇠우? 어디 좀…", "uid": "npc/jumo/NPC_JUMO_NEWS1_1" }, { "name": "", "source": "npc/jumo", "speaker": "", "static_id": "NPC_JUMO_NEWS1_2", "text": "조각으로 뻗던 주모의 손이 허공에서 멈춘다.", "uid": "npc/jumo/NPC_JUMO_NEWS1_2" }, { "name": "주모", "source": "npc/jumo", "speaker": "jumo", "static_id": "NPC_JUMO_NEWS1_3", "text": "에구, 나이 드니 손이 시려서. 도사 양반이 들고 계시우.", "uid": "npc/jumo/NPC_JUMO_NEWS1_3" }, { "name": "도호", "source": "npc/jumo", "speaker": "doho", "static_id": "NPC_JUMO_NEWS1_4", "text": "국물 한 그릇이면 들고 다니지.", "uid": "npc/jumo/NPC_JUMO_NEWS1_4" }, { "name": "주모", "source": "npc/jumo", "speaker": "jumo", "static_id": "NPC_JUMO_NEWS1_HEUK", "text": "그 개는… 편히 갔수? …아니우, 괜한 소릴.", "uid": "npc/jumo/NPC_JUMO_NEWS1_HEUK" }, { "name": "주모", "source": "npc/jumo", "speaker": "jumo", "static_id": "NPC_JUMO_NEWS1_LEFT_BEOM_SOE", "text": "남은 둘은 고개 너머 정령재에 있수. 범굴이랑 쇠부리 폐광이우. 어느 쪽이 먼저든 상관없지.", "uid": "npc/jumo/NPC_JUMO_NEWS1_LEFT_BEOM_SOE" }, { "name": "도호", "source": "npc/jumo", "speaker": "doho", "static_id": "NPC_JUMO_NEWS1_END", "text": "외상이 자꾸 느는구먼. 갚을 날이 오긴 하려나.", "uid": "npc/jumo/NPC_JUMO_NEWS1_END" }] }, "read": {  }, "revisions": { "heukrang_clear": 8.0, "heukrang_seal": 19.0 } }, "seen": { "npc/elder/start": 5.0, "npc/jumo/start": 1.0 }, "story": { "elder_after_heukrang": true, "elder_met": true, "elder_vouch_jumo": true, "jumo_met": true, "jumo_seals": 1.0, "roll/elder_greet": 2.0 } } portal=<null> wps=[]
[Save] level 못골 마을 → user://save_e2e.json (C:/Users/FORYOUCOM/AppData/Roaming/Godot/app_userdata/Joseon Hunters/wt/codex-558-combat-clock-trace/save_e2e.json)
[Dev] stairs DungeonEntrance dir=1 world=(0.0, 0.0, -31.0) screen=(2121.067, -492.4143)
[Dev] interact Merchant world=(5.4, 0.0, -2.4) screen=(1047.293, 368.0158)
[Dev] interact Shaman world=(-5.6, 0.0, 0.4) screen=(408.5833, 148.8999)
[Dev] interact Elder world=(2.0, 0.0, -5.6) screen=(1038.037, 191.6542)
[Dev] interact Jumo world=(7.1, 0.0, -1.4) screen=(1079.692, 440.1637)
[Dev] interact Waypoint world=(-4.2, 0.0, 2.2) screen=(390.0698, 234.4085)
[Save] level 못골 마을 → user://save_e2e.json (C:/Users/FORYOUCOM/AppData/Roaming/Godot/app_userdata/Joseon Hunters/wt/codex-558-combat-clock-trace/save_e2e.json)
[Dev] stairs DungeonEntrance dir=1 world=(0.0, 0.0, -31.0) screen=(2121.067, -492.4143)
[Dev] interact Merchant world=(5.4, 0.0, -2.4) screen=(1047.293, 368.0158)
[Dev] interact Shaman world=(-5.6, 0.0, 0.4) screen=(408.5833, 148.8999)
[Dev] interact Elder world=(2.0, 0.0, -5.6) screen=(1038.037, 191.6542)
[Dev] interact Jumo world=(7.1, 0.0, -1.4) screen=(1079.692, 440.1637)
[Dev] interact Waypoint world=(-4.2, 0.0, 2.2) screen=(390.0698, 234.4085)
E2E chief_quest PASS (검사 62)
[Save] level 못골 마을 → user://save_e2e.json (C:/Users/FORYOUCOM/AppData/Roaming/Godot/app_userdata/Joseon Hunters/wt/codex-558-combat-clock-trace/save_e2e.json)
[Dev] stairs DungeonEntrance dir=1 world=(0.0, 0.0, -31.0) screen=(2121.067, -492.4143)
[Dev] interact Merchant world=(5.4, 0.0, -2.4) screen=(1047.293, 368.0158)
[Dev] interact Shaman world=(-5.6, 0.0, 0.4) screen=(408.5833, 148.8999)
[Dev] interact Elder world=(2.0, 0.0, -5.6) screen=(1038.037, 191.6542)
[Dev] interact Jumo world=(7.1, 0.0, -1.4) screen=(1079.692, 440.1637)
[Dev] interact Waypoint world=(-4.2, 0.0, 2.2) screen=(390.0698, 234.4085)
E2E ▶ shaman_heal
[Click] world=(-5.6, 0.0, 0.4) cell=(-6, 0)
[Save] quest_log_dialogue → user://save_e2e.json (C:/Users/FORYOUCOM/AppData/Roaming/Godot/app_userdata/Joseon Hunters/wt/codex-558-combat-clock-trace/save_e2e.json)
[Save] talk shaman → user://save_e2e.json (C:/Users/FORYOUCOM/AppData/Roaming/Godot/app_userdata/Joseon Hunters/wt/codex-558-combat-clock-trace/save_e2e.json)
[Click] world=(-5.6, 0.0, 0.4) cell=(-6, 0)
[Save] talk shaman → user://save_e2e.json (C:/Users/FORYOUCOM/AppData/Roaming/Godot/app_userdata/Joseon Hunters/wt/codex-558-combat-clock-trace/save_e2e.json)
[Click] world=(-5.6, 0.0, 0.4) cell=(-6, 0)
[Save] talk shaman → user://save_e2e.json (C:/Users/FORYOUCOM/AppData/Roaming/Godot/app_userdata/Joseon Hunters/wt/codex-558-combat-clock-trace/save_e2e.json)
[Click] world=(-5.6, 0.0, 0.4) cell=(-6, 0)
[Save] talk shaman → user://save_e2e.json (C:/Users/FORYOUCOM/AppData/Roaming/Godot/app_userdata/Joseon Hunters/wt/codex-558-combat-clock-trace/save_e2e.json)
[Click] world=(-5.6, 0.0, 0.4) cell=(-6, 0)
[Save] quest_log_dialogue → user://save_e2e.json (C:/Users/FORYOUCOM/AppData/Roaming/Godot/app_userdata/Joseon Hunters/wt/codex-558-combat-clock-trace/save_e2e.json)
[Save] talk shaman → user://save_e2e.json (C:/Users/FORYOUCOM/AppData/Roaming/Godot/app_userdata/Joseon Hunters/wt/codex-558-combat-clock-trace/save_e2e.json)
E2E shaman_heal PASS (검사 23)
[Save] level 못골 마을 → user://save_e2e.json (C:/Users/FORYOUCOM/AppData/Roaming/Godot/app_userdata/Joseon Hunters/wt/codex-558-combat-clock-trace/save_e2e.json)
[Dev] stairs DungeonEntrance dir=1 world=(0.0, 0.0, -31.0) screen=(2121.067, -492.4143)
[Dev] interact Merchant world=(5.4, 0.0, -2.4) screen=(1047.293, 368.0158)
[Dev] interact Shaman world=(-5.6, 0.0, 0.4) screen=(408.5833, 148.8999)
[Dev] interact Elder world=(2.0, 0.0, -5.6) screen=(1038.037, 191.6542)
[Dev] interact Jumo world=(7.1, 0.0, -1.4) screen=(1079.692, 440.1637)
[Dev] interact Waypoint world=(-4.2, 0.0, 2.2) screen=(390.0698, 234.4085)
E2E ▶ save_continue
[Kill] +100 xp (lv 3, 23/104)
[LevelUp] lv=3 stat_pts=10 skill_pts=2
[Dev] gold=500
[Dungeon] heukrang_gul 1층 lv=2 seed=403727558 gen 64x64 rooms=6 up=(44, 56) down=(7, 23) enemies=20 roster=bandit,bat,talisman_master elites=["방2:금색×3(깊이 0.50)"] named=-
[Quest] heukrang_gul 1층 — 싹쓸이 셈 시작 20 (heukrang_clear:none)
[Audio] BGM dungeon → dungeon_4.ogg
[Save] level 흑랑 굴 1층 → user://save_e2e.json (C:/Users/FORYOUCOM/AppData/Roaming/Godot/app_userdata/Joseon Hunters/wt/codex-558-combat-clock-trace/save_e2e.json)
[Dev] stairs StairsUp dir=-1 world=(44.5, 0.0, 56.5) screen=(593.7165, 335.9509)
[Dev] stairs StairsDown dir=1 world=(7.5, 0.0, 23.5) screen=(408.583, -1534.551)
[Dev] interact PusJar world=(29.5, 0.0, 42.5) screen=(547.433, -487.0705)
[Dev] interact @Area3D@18515 world=(14.5, 0.0, 24.5) screen=(686.2831, -1368.878)
[Dev] interact @Area3D@18516 world=(23.5, 0.0, 18.5) screen=(1380.534, -1288.714)
[Dev] interact LootChest world=(29.5, 0.0, 39.5) screen=(686.2831, -567.2349)
[Dev] interact @Area3D@18517 world=(40.5, 0.0, 38.5) screen=(1241.683, -300.0204)
[Dev] interact LootPot world=(21.5, 0.0, 43.5) screen=(130.8828, -674.1207)
[Dev] interact @Area3D@18518 world=(22.5, 0.0, 44.5) screen=(130.8829, -620.6779)
[Dev] interact @Area3D@18519 world=(19.5, 0.0, 9.5) screen=(1611.95, -1636.093)
[Dev] interact @Area3D@18520 world=(20.5, 0.0, 9.5) screen=(1658.234, -1609.372)
[Dev] interact @Area3D@18521 world=(44.5, 0.0, 51.5) screen=(825.1333, 154.2443)
[Dev] interact @Area3D@18522 world=(44.5, 0.0, 52.5) screen=(778.8499, 180.9657)
[Dev] interact @Area3D@18523 world=(21.5, 0.0, 39.5) screen=(316.0163, -781.0065)
[Load] lv=3 gold=500 flags={ "opening_pending": false, "quest": { "heukrang_clear": { "state": "none", "left": 20, "barked": false }, "heukrang_seal": { "state": "accepted" } } } portal=<null> wps=[]
E2E save_continue PASS (검사 12)
[Audio] BGM town → town.ogg
[Save] level 못골 마을 → user://save_e2e.json (C:/Users/FORYOUCOM/AppData/Roaming/Godot/app_userdata/Joseon Hunters/wt/codex-558-combat-clock-trace/save_e2e.json)
[Dev] stairs DungeonEntrance dir=1 world=(0.0, 0.0, -31.0) screen=(2121.067, -492.4143)
[Dev] interact Merchant world=(5.4, 0.0, -2.4) screen=(1047.293, 368.0158)
[Dev] interact Shaman world=(-5.6, 0.0, 0.4) screen=(408.5833, 148.8999)
[Dev] interact Elder world=(2.0, 0.0, -5.6) screen=(1038.037, 191.6542)
[Dev] interact Jumo world=(7.1, 0.0, -1.4) screen=(1079.692, 440.1637)
[Dev] interact Waypoint world=(-4.2, 0.0, 2.2) screen=(390.0698, 234.4085)
E2E ▶ boss_floor
[Dungeon] heukrang_gul 1층 lv=2 seed=403727558 gen 64x64 rooms=6 up=(44, 56) down=(7, 23) enemies=20 roster=bandit,bat,talisman_master elites=["방2:금색×3(깊이 0.50)"] named=-
[Quest] heukrang_gul 1층 — 싹쓸이 셈 시작 20 (heukrang_clear:none)
[Audio] BGM dungeon → dungeon_3.ogg
[Save] level 흑랑 굴 1층 → user://save_e2e.json (C:/Users/FORYOUCOM/AppData/Roaming/Godot/app_userdata/Joseon Hunters/wt/codex-558-combat-clock-trace/save_e2e.json)
[Dev] stairs StairsUp dir=-1 world=(44.5, 0.0, 56.5) screen=(593.7165, 335.9509)
[Dev] stairs StairsDown dir=1 world=(7.5, 0.0, 23.5) screen=(408.583, -1534.551)
[Dev] interact PusJar world=(29.5, 0.0, 42.5) screen=(547.433, -487.0705)
[Dev] interact @Area3D@18865 world=(14.5, 0.0, 24.5) screen=(686.2831, -1368.878)
[Dev] interact @Area3D@18866 world=(23.5, 0.0, 18.5) screen=(1380.534, -1288.714)
[Dev] interact LootChest world=(29.5, 0.0, 39.5) screen=(686.2831, -567.2349)
[Dev] interact @Area3D@18867 world=(40.5, 0.0, 38.5) screen=(1241.683, -300.0204)
[Dev] interact LootPot world=(21.5, 0.0, 43.5) screen=(130.8828, -674.1207)
[Dev] interact @Area3D@18868 world=(22.5, 0.0, 44.5) screen=(130.8829, -620.6779)
[Dev] interact @Area3D@18869 world=(19.5, 0.0, 9.5) screen=(1611.95, -1636.093)
[Dev] interact @Area3D@18870 world=(20.5, 0.0, 9.5) screen=(1658.234, -1609.372)
[Dev] interact @Area3D@18871 world=(44.5, 0.0, 51.5) screen=(825.1333, 154.2443)
[Dev] interact @Area3D@18872 world=(44.5, 0.0, 52.5) screen=(778.8499, 180.9657)
[Dev] interact @Area3D@18873 world=(21.5, 0.0, 39.5) screen=(316.0163, -781.0065)
[Dungeon] heukrang_gul 2층 lv=3 seed=3189434797 preset 28x28 rooms=2 up=(22, 23) down=(-1, -1) enemies=2 roster=bat elites=[] named=-
[Audio] BGM boss → boss.ogg
[Save] level 흑랑 굴 2층 → user://save_e2e.json (C:/Users/FORYOUCOM/AppData/Roaming/Godot/app_userdata/Joseon Hunters/wt/codex-558-combat-clock-trace/save_e2e.json)
[Dev] stairs StairsUp dir=-1 world=(22.5, 0.0, 23.5) screen=(593.7167, 335.9507)
[Dev] near boss hp=195/195
[Kill] +168 xp (lv 5, 168/224)
[Dev] item 탕약 — 쌍화탕 world=(7.696455, 0.0, 9.346664) screen=(517.3395, 266.5834)
[Dev] item 탕약 — 쌍화탕 world=(7.696455, 0.0, 9.346664) screen=(517.3395, 266.5834)
[Dev] item 영약 — 생맥산 world=(7.696455, 0.0, 9.346664) screen=(517.3395, 266.5834)
[Dev] item 식별부첩 world=(7.696455, 0.0, 9.346664) screen=(517.3395, 266.5834)
[Dev] item 흑랑 이빨 world=(7.696455, 0.0, 9.346664) screen=(517.3395, 266.5834)
[Dev] item 미식별 은가락지 world=(7.696455, 0.0, 9.346664) screen=(517.3395, 266.5834)
[Dev] item 미식별 지갑 world=(7.696455, 0.0, 9.346664) screen=(517.3395, 266.5834)
[Dev] item 미식별 옥패 world=(7.696455, 0.0, 9.346664) screen=(517.3395, 266.5834)
[Loot] 보스 전용 유니크 — boss_heukrang 첫 처치 → u_heukrang_fang (회차 1)
[Dev] item 흑랑의 봉인패 world=(7.696455, 0.0, 9.346664) screen=(517.3395, 266.5834)
[Dev] item 엽전 world=(7.696455, 0.0, 9.346664) screen=(517.3395, 266.5834)
[Save] boss → user://save_e2e.json (C:/Users/FORYOUCOM/AppData/Roaming/Godot/app_userdata/Joseon Hunters/wt/codex-558-combat-clock-trace/save_e2e.json)
[Boss] killed area=heukrang_gul level=3 flags={ "opening_pending": false, "quest": { "heukrang_clear": { "state": "none", "left": 20, "barked": false }, "heukrang_seal": { "state": "killed" }, "heukrang_thanks": { "state": "killed" } }, "seal:boss_heukrang": 1, "boss_killed_heukrang_gul": true }
[Audio] 같은 순간 같은 큐 상한(3) 넘침 — drop ×5 (버림 누계 9)
[Audio] missing cue: drop_magic (파일 규약 design/audio.md §3)
[Audio] missing cue: drop_unique (파일 규약 design/audio.md §3)
  · 겹침: 송곳니 금 광선 = 封 가운데에서 0.98유닛(封 반폭 1.8 · 반깊이 1.62) · 조각 자리에서 1.08유닛(파문 반지름 1.1)
  · 흑랑 처치 封: 먹 폭 3.6 → 0.36 · 사라짐 4.55초
E2E boss_floor PASS (검사 44)
[Audio] BGM town → town.ogg
[Save] level 못골 마을 → user://save_e2e.json (C:/Users/FORYOUCOM/AppData/Roaming/Godot/app_userdata/Joseon Hunters/wt/codex-558-combat-clock-trace/save_e2e.json)
[Dev] stairs DungeonEntrance dir=1 world=(0.0, 0.0, -31.0) screen=(2121.067, -492.4143)
[Dev] interact Merchant world=(5.4, 0.0, -2.4) screen=(1047.293, 368.0158)
[Dev] interact Shaman world=(-5.6, 0.0, 0.4) screen=(408.5833, 148.8999)
[Dev] interact Elder world=(2.0, 0.0, -5.6) screen=(1038.037, 191.6542)
[Dev] interact Jumo world=(7.1, 0.0, -1.4) screen=(1079.692, 440.1637)
[Dev] interact Waypoint world=(-4.2, 0.0, 2.2) screen=(390.0698, 234.4085)
E2E ▶ boss_bulgasari
[Dungeon] soeburi 3층 lv=9 seed=100493242 preset 32x30 rooms=2 up=(26, 24) down=(-1, -1) enemies=2 roster=soemeogi elites=[] named=-
[Audio] BGM boss → boss.ogg
[Save] level 쇠부리 폐광 3층 → user://save_e2e.json (C:/Users/FORYOUCOM/AppData/Roaming/Godot/app_userdata/Joseon Hunters/wt/codex-558-combat-clock-trace/save_e2e.json)
[Dev] stairs StairsUp dir=-1 world=(26.5, 0.0, 24.5) screen=(593.7167, 335.9507)
  · 화로 Brazier_4_14 · 불가살이 (5.76278, 0.0, 12.45786) · 도호 (2.5, 0.000391, 15.5) · 달아오름 6.00초 · 출처 brazier
  · 달아오름 알림 = 달아오르고 0.37초 뒤 · 그때 도호 바크 없음 · 달아오름 5.6초 남음
  · 엽전 뜯기 물기 — 0.5초 · 선딜 1(코 0) · 닿은 한 대 1 · 맞음 1 · 달아오름 0 · 물러남 0 · 거리 1.72~1.72
[Dev] item 장검 world=(7.5, 0.0, 10.5) screen=(1056.55, 373.0075)
  · 바닥 칼 없음 · 불가살이 (5.835176, 0.0, 10.55467) · 붙듦  · 간 1 · 먹은 1
  · 삼키기 사진 틀 (화면 (1280.0, 720.0)) — 보스 머리 (608.5137, 195.8849) · 발 (608.5137, 396.2616) · 「무적」 (604.8562, 183.857) · 도호 머리 (698.4744, 354.4991) · 몸집 × 1.22 · 겉칠 (0.74, 0.78, 0.86, 0.32)
  · 포효 밀린 칸 3.000 (정격 3.0 · 경직 true · 도호 (9.5, 0.000391, 10.5) → (12.49954, 0.000391, 10.44774) · 불가살이 (8.467958, 0.0, 10.50247))
  · 코 밀린 칸 2.000 (정격 2.0 · 맞음 true · 도호 (9.5, 0.000391, 10.5) → (11.5, 0.000391, 10.49521) · 불가살이 (8.909525, 0.00094, 10.50141))
[Kill] +2912 xp (lv 11, 58/730)
[LevelUp] lv=11 stat_pts=50 skill_pts=10
[Dev] item 미식별 삿갓 world=(13.22952, 0.0, 10.50026) screen=(581.1857, 310.0465)
[Dev] item 탕약 — 쌍화탕 world=(13.22952, 0.0, 10.50026) screen=(581.1857, 310.0465)
[Dev] item 탕약 — 십전대보탕 world=(13.22952, 0.0, 10.50026) screen=(581.1857, 310.0465)
[Dev] item 영약 — 총명탕 world=(13.22952, 0.0, 10.50026) screen=(581.1857, 310.0465)
[Dev] item 식별부첩 world=(13.22952, 0.0, 10.50026) screen=(581.1857, 310.0465)
[Dev] item 불가살이의 쇠비늘 world=(13.22952, 0.0, 10.50026) screen=(581.1857, 310.0465)
[Dev] item 미식별 비단 도포 world=(13.22952, 0.0, 10.50026) screen=(581.1857, 310.0465)
[Dev] item 미식별 명두 world=(13.22952, 0.0, 10.50026) screen=(581.1857, 310.0465)
[Dev] item 미식별 장검 world=(13.22952, 0.0, 10.50026) screen=(581.1857, 310.0465)
[Loot] 보스 전용 유니크 — boss_bulgasari 첫 처치 → u_soe_eater (회차 1)
[Dev] item 불가살이의 사슬 조각 world=(13.22952, 0.0, 10.50026) screen=(581.1857, 310.0465)
[Dev] item 엽전 world=(13.22952, 0.0, 10.50026) screen=(581.1857, 310.0465)
[Dev] item 엽전 world=(13.22952, 0.0, 10.50026) screen=(581.1857, 310.0465)
[Save] boss → user://save_e2e.json (C:/Users/FORYOUCOM/AppData/Roaming/Godot/app_userdata/Joseon Hunters/wt/codex-558-combat-clock-trace/save_e2e.json)
[Boss] killed area=soeburi level=9 flags={ "opening_pending": false, "seal:boss_bulgasari": 1, "quest": { "soeburi_seal": { "state": "killed" } }, "boss_killed_soeburi": true }
[Audio] 같은 순간 같은 큐 상한(3) 넘침 — drop ×5 (버림 누계 14)
  · 처치 뒤 줄 — 처치 1.80초 · 스킬 포인트 3.50초 (드랍 다 앉음 ≤ 0.90초)
E2E boss_bulgasari PASS (검사 47)
[Audio] BGM town → town.ogg
[Save] level 못골 마을 → user://save_e2e.json (C:/Users/FORYOUCOM/AppData/Roaming/Godot/app_userdata/Joseon Hunters/wt/codex-558-combat-clock-trace/save_e2e.json)
[Dev] stairs DungeonEntrance dir=1 world=(0.0, 0.0, -31.0) screen=(2121.067, -492.4143)
[Dev] interact Merchant world=(5.4, 0.0, -2.4) screen=(1047.293, 368.0158)
[Dev] interact Shaman world=(-5.6, 0.0, 0.4) screen=(408.5833, 148.8999)
[Dev] interact Elder world=(2.0, 0.0, -5.6) screen=(1038.037, 191.6542)
[Dev] interact Jumo world=(7.1, 0.0, -1.4) screen=(1079.692, 440.1637)
[Dev] interact Waypoint world=(-4.2, 0.0, 2.2) screen=(390.0698, 234.4085)
E2E ▶ bulgasari_path
[Dungeon] soeburi 3층 lv=9 seed=100493242 preset 32x30 rooms=2 up=(26, 24) down=(-1, -1) enemies=2 roster=soemeogi elites=[] named=-
[Audio] BGM boss → boss.ogg
[Save] level 쇠부리 폐광 3층 → user://save_e2e.json (C:/Users/FORYOUCOM/AppData/Roaming/Godot/app_userdata/Joseon Hunters/wt/codex-558-combat-clock-trace/save_e2e.json)
[Dev] stairs StairsUp dir=-1 world=(26.5, 0.0, 24.5) screen=(593.7167, 335.9507)
[Dev] item 장검 world=(6.826933, 0.0, 11.78921) screen=(271.479, -547.3347)
  · 화로 경로 0.00초 몸 (3.99967, 13.09992) · 칼 거리 3.116 · 붙듦 eat_item · 먹은 0
  · 화로 경로 0.50초 몸 (4.317585, 12.02966) · 칼 거리 2.521 · 붙듦 eat_item · 먹은 0
  · 먹기 끝 0.967초 · 몸 (5.551165, 0.000827, 11.55086) · 칼 없음 · 거리 1.298 · 시도 1 · 먹은 1 · HP 1496.0 → 1589.5
E2E bulgasari_path PASS (검사 15)
[Audio] BGM town → town.ogg
[Save] level 못골 마을 → user://save_e2e.json (C:/Users/FORYOUCOM/AppData/Roaming/Godot/app_userdata/Joseon Hunters/wt/codex-558-combat-clock-trace/save_e2e.json)
[Dev] stairs DungeonEntrance dir=1 world=(0.0, 0.0, -31.0) screen=(2121.067, -492.4143)
[Dev] interact Merchant world=(5.4, 0.0, -2.4) screen=(1047.293, 368.0158)
[Dev] interact Shaman world=(-5.6, 0.0, 0.4) screen=(408.5833, 148.8999)
[Dev] interact Elder world=(2.0, 0.0, -5.6) screen=(1038.037, 191.6542)
[Dev] interact Jumo world=(7.1, 0.0, -1.4) screen=(1079.692, 440.1637)
[Dev] interact Waypoint world=(-4.2, 0.0, 2.2) screen=(390.0698, 234.4085)
E2E ▶ boss_jangsanbeom
[Dungeon] beomgul 3층 lv=6 seed=3376041942 preset 32x30 rooms=2 up=(26, 24) down=(-1, -1) enemies=0 roster= elites=[] named=-
[Audio] BGM boss → boss.ogg
[Save] level 범굴 3층 → user://save_e2e.json (C:/Users/FORYOUCOM/AppData/Roaming/Godot/app_userdata/Joseon Hunters/wt/codex-558-combat-clock-trace/save_e2e.json)
[Dev] stairs StairsUp dir=-1 world=(26.5, 0.0, 24.5) screen=(593.7167, 335.9507)
  · 앞선 덮치기 1번 · 미끼 「달빛 눈」 · 선딜까지 기다림 끝
  · 덮치기: 선딜 자리 (12.21983, 0.0, 5.500493) · 도호 (15.5, 0.000391, 13.5) · 끝 (15.2515, 0.000934, 12.37677) · 끝난 까닭 hit · 도호 지금 (15.5, 0.000391, 13.5)
  · 덮치기·빛 안 물기 뒤 도호 생명 110 → 90 (명중 굴림)
[Kill] +0 xp (lv 1, 0/20)
[Kill] +0 xp (lv 1, 0/20)
  · 털 낚아채기 끌린 칸 2.871 (기대 2.871 = 거리 4.271 − 몸 앞 1.400 · 경직 true · 도호 (19.5, 0.000391, 12.5) → (16.63267, 0.000391, 12.36467))
[Kill] +1000 xp (lv 7, 141/370)
[LevelUp] lv=7 stat_pts=30 skill_pts=6
[Dev] item 미식별 인장 world=(15.48255, 0.0, 12.39272) screen=(582.4474, 312.0876)
[Dev] item 탕약 — 십전대보탕 world=(15.48255, 0.0, 12.39272) screen=(582.4474, 312.0876)
[Dev] item 탕약 — 십전대보탕 world=(15.48255, 0.0, 12.39272) screen=(582.4474, 312.0876)
[Dev] item 영약 — 총명탕 world=(15.48255, 0.0, 12.39272) screen=(582.4474, 312.0876)
[Dev] item 식별부첩 world=(15.48255, 0.0, 12.39272) screen=(582.4474, 312.0876)
[Dev] item 장산범의 흰 털 world=(15.48255, 0.0, 12.39272) screen=(582.4474, 312.0876)
[Dev] item 미식별 미투리 world=(15.48255, 0.0, 12.39272) screen=(582.4474, 312.0876)
[Dev] item 미식별 경번갑 world=(15.48255, 0.0, 12.39272) screen=(582.4474, 312.0876)
[Dev] item 미식별 명두 world=(15.48255, 0.0, 12.39272) screen=(582.4474, 312.0876)
[Loot] 보스 전용 유니크 — boss_jangsanbeom 첫 처치 → u_jangsanbeom_eye (회차 1)
[Dev] item 장산범의 봉인고리 world=(15.48255, 0.0, 12.39272) screen=(582.4474, 312.0876)
[Dev] item 엽전 world=(15.48255, 0.0, 12.39272) screen=(582.4474, 312.0876)
[Save] boss → user://save_e2e.json (C:/Users/FORYOUCOM/AppData/Roaming/Godot/app_userdata/Joseon Hunters/wt/codex-558-combat-clock-trace/save_e2e.json)
[Boss] killed area=beomgul level=6 flags={ "opening_pending": false, "seal:boss_jangsanbeom": 1, "quest": { "beomgul_seal": { "state": "killed" } }, "boss_killed_beomgul": true }
[Audio] 같은 순간 같은 큐 상한(3) 넘침 — drop ×4 (버림 누계 18)
E2E boss_jangsanbeom PASS (검사 42)
[Audio] BGM town → town.ogg
[Save] level 못골 마을 → user://save_e2e.json (C:/Users/FORYOUCOM/AppData/Roaming/Godot/app_userdata/Joseon Hunters/wt/codex-558-combat-clock-trace/save_e2e.json)
[Dev] stairs DungeonEntrance dir=1 world=(0.0, 0.0, -31.0) screen=(2121.067, -492.4143)
[Dev] interact Merchant world=(5.4, 0.0, -2.4) screen=(1047.293, 368.0158)
[Dev] interact Shaman world=(-5.6, 0.0, 0.4) screen=(408.5833, 148.8999)
[Dev] interact Elder world=(2.0, 0.0, -5.6) screen=(1038.037, 191.6542)
[Dev] interact Jumo world=(7.1, 0.0, -1.4) screen=(1079.692, 440.1637)
[Dev] interact Waypoint world=(-4.2, 0.0, 2.2) screen=(390.0698, 234.4085)
E2E ▶ heukrang_look
[Dungeon] heukrang_gul 1층 lv=2 seed=403727558 gen 64x64 rooms=6 up=(44, 56) down=(7, 23) enemies=20 roster=bandit,bat,talisman_master elites=["방2:금색×3(깊이 0.50)"] named=-
[Quest] heukrang_gul 1층 — 싹쓸이 셈 시작 20 (heukrang_clear:none)
[Audio] BGM dungeon → dungeon_1.ogg
[Save] level 흑랑 굴 1층 → user://save_e2e.json (C:/Users/FORYOUCOM/AppData/Roaming/Godot/app_userdata/Joseon Hunters/wt/codex-558-combat-clock-trace/save_e2e.json)
[Dev] stairs StairsUp dir=-1 world=(44.5, 0.0, 56.5) screen=(593.7165, 335.9509)
[Dev] stairs StairsDown dir=1 world=(7.5, 0.0, 23.5) screen=(408.583, -1534.551)
[Dev] interact PusJar world=(29.5, 0.0, 42.5) screen=(547.433, -487.0705)
[Dev] interact @Area3D@20067 world=(14.5, 0.0, 24.5) screen=(686.2831, -1368.878)
[Dev] interact @Area3D@20068 world=(23.5, 0.0, 18.5) screen=(1380.534, -1288.714)
[Dev] interact LootChest world=(29.5, 0.0, 39.5) screen=(686.2831, -567.2349)
[Dev] interact @Area3D@20069 world=(40.5, 0.0, 38.5) screen=(1241.683, -300.0204)
[Dev] interact LootPot world=(21.5, 0.0, 43.5) screen=(130.8828, -674.1207)
[Dev] interact @Area3D@20070 world=(22.5, 0.0, 44.5) screen=(130.8829, -620.6779)
[Dev] interact @Area3D@20071 world=(19.5, 0.0, 9.5) screen=(1611.95, -1636.093)
[Dev] interact @Area3D@20072 world=(20.5, 0.0, 9.5) screen=(1658.234, -1609.372)
[Dev] interact @Area3D@20073 world=(44.5, 0.0, 51.5) screen=(825.1333, 154.2443)
[Dev] interact @Area3D@20074 world=(44.5, 0.0, 52.5) screen=(778.8499, 180.9657)
[Dev] interact @Area3D@20075 world=(21.5, 0.0, 39.5) screen=(316.0163, -781.0065)
[Dungeon] heukrang_gul 2층 lv=3 seed=3189434797 preset 28x28 rooms=2 up=(22, 23) down=(-1, -1) enemies=2 roster=bat elites=[] named=-
[Audio] BGM boss → boss.ogg
[Save] level 흑랑 굴 2층 → user://save_e2e.json (C:/Users/FORYOUCOM/AppData/Roaming/Godot/app_userdata/Joseon Hunters/wt/codex-558-combat-clock-trace/save_e2e.json)
[Dev] stairs StairsUp dir=-1 world=(22.5, 0.0, 23.5) screen=(593.7167, 335.9507)
E2E heukrang_look PASS (검사 4)
[Audio] BGM town → town.ogg
[Save] level 못골 마을 → user://save_e2e.json (C:/Users/FORYOUCOM/AppData/Roaming/Godot/app_userdata/Joseon Hunters/wt/codex-558-combat-clock-trace/save_e2e.json)
[Dev] stairs DungeonEntrance dir=1 world=(0.0, 0.0, -31.0) screen=(2121.067, -492.4143)
[Dev] interact Merchant world=(5.4, 0.0, -2.4) screen=(1047.293, 368.0158)
[Dev] interact Shaman world=(-5.6, 0.0, 0.4) screen=(408.5833, 148.8999)
[Dev] interact Elder world=(2.0, 0.0, -5.6) screen=(1038.037, 191.6542)
[Dev] interact Jumo world=(7.1, 0.0, -1.4) screen=(1079.692, 440.1637)
[Dev] interact Waypoint world=(-4.2, 0.0, 2.2) screen=(390.0698, 234.4085)
E2E ▶ heukrang_pounce
[Dungeon] heukrang_gul 1층 lv=2 seed=403727558 gen 64x64 rooms=6 up=(44, 56) down=(7, 23) enemies=20 roster=bandit,bat,talisman_master elites=["방2:금색×3(깊이 0.50)"] named=-
[Quest] heukrang_gul 1층 — 싹쓸이 셈 시작 20 (heukrang_clear:none)
[Audio] BGM dungeon → dungeon_2.ogg
[Save] level 흑랑 굴 1층 → user://save_e2e.json (C:/Users/FORYOUCOM/AppData/Roaming/Godot/app_userdata/Joseon Hunters/wt/codex-558-combat-clock-trace/save_e2e.json)
[Dev] stairs StairsUp dir=-1 world=(44.5, 0.0, 56.5) screen=(593.7165, 335.9509)
[Dev] stairs StairsDown dir=1 world=(7.5, 0.0, 23.5) screen=(408.583, -1534.551)
[Dev] interact PusJar world=(29.5, 0.0, 42.5) screen=(547.433, -487.0705)
[Dev] interact @Area3D@20486 world=(14.5, 0.0, 24.5) screen=(686.2831, -1368.878)
[Dev] interact @Area3D@20487 world=(23.5, 0.0, 18.5) screen=(1380.534, -1288.714)
[Dev] interact LootChest world=(29.5, 0.0, 39.5) screen=(686.2831, -567.2349)
[Dev] interact @Area3D@20488 world=(40.5, 0.0, 38.5) screen=(1241.683, -300.0204)
[Dev] interact LootPot world=(21.5, 0.0, 43.5) screen=(130.8828, -674.1207)
[Dev] interact @Area3D@20489 world=(22.5, 0.0, 44.5) screen=(130.8829, -620.6779)
[Dev] interact @Area3D@20490 world=(19.5, 0.0, 9.5) screen=(1611.95, -1636.093)
[Dev] interact @Area3D@20491 world=(20.5, 0.0, 9.5) screen=(1658.234, -1609.372)
[Dev] interact @Area3D@20492 world=(44.5, 0.0, 51.5) screen=(825.1333, 154.2443)
[Dev] interact @Area3D@20493 world=(44.5, 0.0, 52.5) screen=(778.8499, 180.9657)
[Dev] interact @Area3D@20494 world=(21.5, 0.0, 39.5) screen=(316.0163, -781.0065)
[Dungeon] heukrang_gul 2층 lv=3 seed=3189434797 preset 28x28 rooms=2 up=(22, 23) down=(-1, -1) enemies=2 roster=bat elites=[] named=-
[Audio] BGM boss → boss.ogg
[Save] level 흑랑 굴 2층 → user://save_e2e.json (C:/Users/FORYOUCOM/AppData/Roaming/Godot/app_userdata/Joseon Hunters/wt/codex-558-combat-clock-trace/save_e2e.json)
[Dev] stairs StairsUp dir=-1 world=(22.5, 0.0, 23.5) screen=(593.7167, 335.9507)
  · 흑랑 클립 = attack, die, hit, idle, pounce, pounce_air, pounce_land, run, walk · 덮치기 클립 있음(#506 반입 뒤 — 클립 차례를 검사한다)
  · 돌격 1 — 선딜 0.50초 pounce · 돌진 0.65초 pounce →  → pounce_air · 착지 뒤 0.9초 pounce_land → idle · 뜬 몸 엉덩이 +23cm (선딜 전 높이 기준)
  ·   pounce 재생 배율 × 1.00
  ·   pounce_air 재생 배율 × 1.00
  ·   pounce_land 재생 배율 × 1.00
E2E heukrang_pounce PASS (검사 11)
[Audio] BGM town → town.ogg
[Save] level 못골 마을 → user://save_e2e.json (C:/Users/FORYOUCOM/AppData/Roaming/Godot/app_userdata/Joseon Hunters/wt/codex-558-combat-clock-trace/save_e2e.json)
[Dev] stairs DungeonEntrance dir=1 world=(0.0, 0.0, -31.0) screen=(2121.067, -492.4143)
[Dev] interact Merchant world=(5.4, 0.0, -2.4) screen=(1047.293, 368.0158)
[Dev] interact Shaman world=(-5.6, 0.0, 0.4) screen=(408.5833, 148.8999)
[Dev] interact Elder world=(2.0, 0.0, -5.6) screen=(1038.037, 191.6542)
[Dev] interact Jumo world=(7.1, 0.0, -1.4) screen=(1079.692, 440.1637)
[Dev] interact Waypoint world=(-4.2, 0.0, 2.2) screen=(390.0698, 234.4085)
E2E ▶ visual_swap
[Click] world=(4.049217, 0.0, 1.049217) cell=(4, 1)
[Dungeon] heukrang_gul 1층 lv=2 seed=403727558 gen 64x64 rooms=6 up=(44, 56) down=(7, 23) enemies=20 roster=bandit,bat,talisman_master elites=["방2:금색×3(깊이 0.50)"] named=-
[Quest] heukrang_gul 1층 — 싹쓸이 셈 시작 20 (heukrang_clear:none)
[Audio] BGM dungeon → dungeon_3.ogg
[Save] level 흑랑 굴 1층 → user://save_e2e.json (C:/Users/FORYOUCOM/AppData/Roaming/Godot/app_userdata/Joseon Hunters/wt/codex-558-combat-clock-trace/save_e2e.json)
[Dev] stairs StairsUp dir=-1 world=(44.5, 0.0, 56.5) screen=(593.7165, 335.9509)
[Dev] stairs StairsDown dir=1 world=(7.5, 0.0, 23.5) screen=(408.583, -1534.551)
[Dev] interact PusJar world=(29.5, 0.0, 42.5) screen=(547.433, -487.0705)
[Dev] interact @Area3D@20907 world=(14.5, 0.0, 24.5) screen=(686.2831, -1368.878)
[Dev] interact @Area3D@20908 world=(23.5, 0.0, 18.5) screen=(1380.534, -1288.714)
[Dev] interact LootChest world=(29.5, 0.0, 39.5) screen=(686.2831, -567.2349)
[Dev] interact @Area3D@20909 world=(40.5, 0.0, 38.5) screen=(1241.683, -300.0204)
[Dev] interact LootPot world=(21.5, 0.0, 43.5) screen=(130.8828, -674.1207)
[Dev] interact @Area3D@20910 world=(22.5, 0.0, 44.5) screen=(130.8829, -620.6779)
[Dev] interact @Area3D@20911 world=(19.5, 0.0, 9.5) screen=(1611.95, -1636.093)
[Dev] interact @Area3D@20912 world=(20.5, 0.0, 9.5) screen=(1658.234, -1609.372)
[Dev] interact @Area3D@20913 world=(44.5, 0.0, 51.5) screen=(825.1333, 154.2443)
[Dev] interact @Area3D@20914 world=(44.5, 0.0, 52.5) screen=(778.8499, 180.9657)
[Dev] interact @Area3D@20915 world=(21.5, 0.0, 39.5) screen=(316.0163, -781.0065)
E2E visual_swap PASS (검사 65)
[Audio] BGM town → town.ogg
[Save] level 못골 마을 → user://save_e2e.json (C:/Users/FORYOUCOM/AppData/Roaming/Godot/app_userdata/Joseon Hunters/wt/codex-558-combat-clock-trace/save_e2e.json)
[Dev] stairs DungeonEntrance dir=1 world=(0.0, 0.0, -31.0) screen=(2121.067, -492.4143)
[Dev] interact Merchant world=(5.4, 0.0, -2.4) screen=(1047.293, 368.0158)
[Dev] interact Shaman world=(-5.6, 0.0, 0.4) screen=(408.5833, 148.8999)
[Dev] interact Elder world=(2.0, 0.0, -5.6) screen=(1038.037, 191.6542)
[Dev] interact Jumo world=(7.1, 0.0, -1.4) screen=(1079.692, 440.1637)
[Dev] interact Waypoint world=(-4.2, 0.0, 2.2) screen=(390.0698, 234.4085)
E2E ▶ run_upright
[Click] world=(10.5, 0.0, 11.5) cell=(10, 11)
  · 달린 시간 1.50초 · 5.7칸 · 갱신 217(달리기 클립 217) · 머리−골반 최저 +0.442 (0.2 미만 0번) · 몸 뼈 최대 어긋남 0.0cm ()
  · 옷 뼈 최대 흔들림(애니와 벌어진 각): Hem_L 24.8°, Hem_R 26.5°, Sleeve_L 80.7°, Sleeve_R 28.8°, SashTail 46.2°
  · 순간이동 5.7칸 → 8번 잼 · 옷 뼈 최대 1.2° (Sleeve_L) · 몸 뼈 최대 0.0cm
E2E run_upright PASS (검사 16)
[Save] level 못골 마을 → user://save_e2e.json (C:/Users/FORYOUCOM/AppData/Roaming/Godot/app_userdata/Joseon Hunters/wt/codex-558-combat-clock-trace/save_e2e.json)
[Dev] stairs DungeonEntrance dir=1 world=(0.0, 0.0, -31.0) screen=(2121.067, -492.4143)
[Dev] interact Merchant world=(5.4, 0.0, -2.4) screen=(1047.293, 368.0158)
[Dev] interact Shaman world=(-5.6, 0.0, 0.4) screen=(408.5833, 148.8999)
[Dev] interact Elder world=(2.0, 0.0, -5.6) screen=(1038.037, 191.6542)
[Dev] interact Jumo world=(7.1, 0.0, -1.4) screen=(1079.692, 440.1637)
[Dev] interact Waypoint world=(-4.2, 0.0, 2.2) screen=(390.0698, 234.4085)
E2E ▶ teleport_settle
[Dungeon] heukrang_gul 1층 lv=2 seed=403727558 gen 64x64 rooms=6 up=(44, 56) down=(7, 23) enemies=20 roster=bandit,bat,talisman_master elites=["방2:금색×3(깊이 0.50)"] named=-
[Quest] heukrang_gul 1층 — 싹쓸이 셈 시작 20 (heukrang_clear:none)
[Audio] BGM dungeon → dungeon_4.ogg
[Save] level 흑랑 굴 1층 → user://save_e2e.json (C:/Users/FORYOUCOM/AppData/Roaming/Godot/app_userdata/Joseon Hunters/wt/codex-558-combat-clock-trace/save_e2e.json)
[Dev] stairs StairsUp dir=-1 world=(44.5, 0.0, 56.5) screen=(593.7165, 335.9509)
[Dev] stairs StairsDown dir=1 world=(7.5, 0.0, 23.5) screen=(408.583, -1534.551)
[Dev] interact PusJar world=(29.5, 0.0, 42.5) screen=(547.433, -487.0705)
[Dev] interact @Area3D@21417 world=(14.5, 0.0, 24.5) screen=(686.2831, -1368.878)
[Dev] interact @Area3D@21418 world=(23.5, 0.0, 18.5) screen=(1380.534, -1288.714)
[Dev] interact LootChest world=(29.5, 0.0, 39.5) screen=(686.2831, -567.2349)
[Dev] interact @Area3D@21419 world=(40.5, 0.0, 38.5) screen=(1241.683, -300.0204)
[Dev] interact LootPot world=(21.5, 0.0, 43.5) screen=(130.8828, -674.1207)
[Dev] interact @Area3D@21420 world=(22.5, 0.0, 44.5) screen=(130.8829, -620.6779)
[Dev] interact @Area3D@21421 world=(19.5, 0.0, 9.5) screen=(1611.95, -1636.093)
[Dev] interact @Area3D@21422 world=(20.5, 0.0, 9.5) screen=(1658.234, -1609.372)
[Dev] interact @Area3D@21423 world=(44.5, 0.0, 51.5) screen=(825.1333, 154.2443)
[Dev] interact @Area3D@21424 world=(44.5, 0.0, 52.5) screen=(778.8499, 180.9657)
[Dev] interact @Area3D@21425 world=(21.5, 0.0, 39.5) screen=(316.0163, -781.0065)
[Dev] removed 20 enemies
  · 자리 (22.5, 0.000391, 49.5) → 목적지 (27.5, 0.0, 49.5) (5.0칸)
  · 01_before (초기화 끔): 첫 프레임 옷 뼈 70.1° · 끝 19.5cm (Sleeve_L) · 8프레임 최대 113.0° · 끝 30.0cm (Sleeve_R) · 몸 뼈 0.0mm · 프레임별 [70°, 111°, 113°, 111°, 107°, 102°, 97°, 91°]
  · 02_after (초기화 켬): 첫 프레임 옷 뼈 0.1° · 끝 0.0cm (Sleeve_L) · 8프레임 최대 2.7° · 끝 0.8cm (Sleeve_L) · 몸 뼈 0.0mm · 프레임별 [0°, 1°, 1°, 2°, 2°, 2°, 3°, 3°]
E2E teleport_settle PASS (검사 10)
[Audio] BGM town → town.ogg
[Save] level 못골 마을 → user://save_e2e.json (C:/Users/FORYOUCOM/AppData/Roaming/Godot/app_userdata/Joseon Hunters/wt/codex-558-combat-clock-trace/save_e2e.json)
[Dev] stairs DungeonEntrance dir=1 world=(0.0, 0.0, -31.0) screen=(2121.067, -492.4143)
[Dev] interact Merchant world=(5.4, 0.0, -2.4) screen=(1047.293, 368.0158)
[Dev] interact Shaman world=(-5.6, 0.0, 0.4) screen=(408.5833, 148.8999)
[Dev] interact Elder world=(2.0, 0.0, -5.6) screen=(1038.037, 191.6542)
[Dev] interact Jumo world=(7.1, 0.0, -1.4) screen=(1079.692, 440.1637)
[Dev] interact Waypoint world=(-4.2, 0.0, 2.2) screen=(390.0698, 234.4085)
E2E ▶ hit_feel
[Dungeon] heukrang_gul 1층 lv=2 seed=403727558 gen 64x64 rooms=6 up=(44, 56) down=(7, 23) enemies=20 roster=bandit,bat,talisman_master elites=["방2:금색×3(깊이 0.50)"] named=-
[Quest] heukrang_gul 1층 — 싹쓸이 셈 시작 20 (heukrang_clear:none)
[Audio] BGM dungeon → dungeon_1.ogg
[Save] level 흑랑 굴 1층 → user://save_e2e.json (C:/Users/FORYOUCOM/AppData/Roaming/Godot/app_userdata/Joseon Hunters/wt/codex-558-combat-clock-trace/save_e2e.json)
[Dev] stairs StairsUp dir=-1 world=(44.5, 0.0, 56.5) screen=(593.7165, 335.9509)
[Dev] stairs StairsDown dir=1 world=(7.5, 0.0, 23.5) screen=(408.583, -1534.551)
[Dev] interact PusJar world=(29.5, 0.0, 42.5) screen=(547.433, -487.0705)
[Dev] interact @Area3D@21767 world=(14.5, 0.0, 24.5) screen=(686.2831, -1368.878)
[Dev] interact @Area3D@21768 world=(23.5, 0.0, 18.5) screen=(1380.534, -1288.714)
[Dev] interact LootChest world=(29.5, 0.0, 39.5) screen=(686.2831, -567.2349)
[Dev] interact @Area3D@21769 world=(40.5, 0.0, 38.5) screen=(1241.683, -300.0204)
[Dev] interact LootPot world=(21.5, 0.0, 43.5) screen=(130.8828, -674.1207)
[Dev] interact @Area3D@21770 world=(22.5, 0.0, 44.5) screen=(130.8829, -620.6779)
[Dev] interact @Area3D@21771 world=(19.5, 0.0, 9.5) screen=(1611.95, -1636.093)
[Dev] interact @Area3D@21772 world=(20.5, 0.0, 9.5) screen=(1658.234, -1609.372)
[Dev] interact @Area3D@21773 world=(44.5, 0.0, 51.5) screen=(825.1333, 154.2443)
[Dev] interact @Area3D@21774 world=(44.5, 0.0, 52.5) screen=(778.8499, 180.9657)
[Dev] interact @Area3D@21775 world=(21.5, 0.0, 39.5) screen=(316.0163, -781.0065)
[Dev] removed 20 enemies
[Kill] +6 xp (lv 1, 6/20)
[Dev] item 무명띠 world=(48.35709, 0.0, 55.83271) screen=(803.1201, 402.5027)
[Audio] 같은 순간 같은 큐 상한(3) 넘침 — enemy_hurt ×1 (버림 누계 19)
[Kill] +6 xp (lv 1, 12/20)
[Dev] item 엽전 world=(46.70288, 0.0, 57.70446) screen=(639.9267, 408.3159)
[Dev] item 짚신 world=(46.70288, 0.0, 57.70446) screen=(639.9267, 408.3159)
[Kill] +6 xp (lv 1, 18/20)
[Dev] item 영약 — 생맥산 world=(46.57813, 0.0, 58.08969) screen=(616.3228, 415.2759)
[Kill] +6 xp (lv 2, 4/57)
[LevelUp] lv=2 stat_pts=5 skill_pts=1
[Dev] item 엽전 world=(46.90997, 0.0, 58.10601) screen=(630.9262, 424.5794)
[Dev] item 짚신 world=(46.90997, 0.0, 58.10601) screen=(630.9262, 424.5794)
[Audio] 같은 순간 같은 큐 상한(3) 넘침 — hit ×3 · enemy_hurt ×3 (버림 누계 25)
E2E hit_feel PASS (검사 27)
[Audio] BGM town → town.ogg
[Save] level 못골 마을 → user://save_e2e.json (C:/Users/FORYOUCOM/AppData/Roaming/Godot/app_userdata/Joseon Hunters/wt/codex-558-combat-clock-trace/save_e2e.json)
[Dev] stairs DungeonEntrance dir=1 world=(0.0, 0.0, -31.0) screen=(2121.067, -492.4143)
[Dev] interact Merchant world=(5.4, 0.0, -2.4) screen=(1047.293, 368.0158)
[Dev] interact Shaman world=(-5.6, 0.0, 0.4) screen=(408.5833, 148.8999)
[Dev] interact Elder world=(2.0, 0.0, -5.6) screen=(1038.037, 191.6542)
[Dev] interact Jumo world=(7.1, 0.0, -1.4) screen=(1079.692, 440.1637)
[Dev] interact Waypoint world=(-4.2, 0.0, 2.2) screen=(390.0698, 234.4085)
E2E ▶ element_affix
[Dungeon] heukrang_gul 1층 lv=2 seed=403727558 gen 64x64 rooms=6 up=(44, 56) down=(7, 23) enemies=20 roster=bandit,bat,talisman_master elites=["방2:금색×3(깊이 0.50)"] named=-
[Quest] heukrang_gul 1층 — 싹쓸이 셈 시작 20 (heukrang_clear:none)
[Audio] BGM dungeon → dungeon_3.ogg
[Save] level 흑랑 굴 1층 → user://save_e2e.json (C:/Users/FORYOUCOM/AppData/Roaming/Godot/app_userdata/Joseon Hunters/wt/codex-558-combat-clock-trace/save_e2e.json)
[Dev] stairs StairsUp dir=-1 world=(44.5, 0.0, 56.5) screen=(593.7165, 335.9509)
[Dev] stairs StairsDown dir=1 world=(7.5, 0.0, 23.5) screen=(408.583, -1534.551)
[Dev] interact PusJar world=(29.5, 0.0, 42.5) screen=(547.433, -487.0705)
[Dev] interact @Area3D@22148 world=(14.5, 0.0, 24.5) screen=(686.2831, -1368.878)
[Dev] interact @Area3D@22149 world=(23.5, 0.0, 18.5) screen=(1380.534, -1288.714)
[Dev] interact LootChest world=(29.5, 0.0, 39.5) screen=(686.2831, -567.2349)
[Dev] interact @Area3D@22150 world=(40.5, 0.0, 38.5) screen=(1241.683, -300.0204)
[Dev] interact LootPot world=(21.5, 0.0, 43.5) screen=(130.8828, -674.1207)
[Dev] interact @Area3D@22151 world=(22.5, 0.0, 44.5) screen=(130.8829, -620.6779)
[Dev] interact @Area3D@22152 world=(19.5, 0.0, 9.5) screen=(1611.95, -1636.093)
[Dev] interact @Area3D@22153 world=(20.5, 0.0, 9.5) screen=(1658.234, -1609.372)
[Dev] interact @Area3D@22154 world=(44.5, 0.0, 51.5) screen=(825.1333, 154.2443)
[Dev] interact @Area3D@22155 world=(44.5, 0.0, 52.5) screen=(778.8499, 180.9657)
[Dev] interact @Area3D@22156 world=(21.5, 0.0, 39.5) screen=(316.0163, -781.0065)
[Dev] removed 20 enemies
[Audio] 같은 순간 같은 큐 상한(3) 넘침 — hit ×115 · enemy_hurt ×117 (버림 누계 257)
[Audio] 같은 순간 같은 큐 상한(3) 넘침 — hit ×39 · enemy_hurt ×40 (버림 누계 336)
E2E element_affix PASS (검사 7)
[Audio] BGM town → town.ogg
[Save] level 못골 마을 → user://save_e2e.json (C:/Users/FORYOUCOM/AppData/Roaming/Godot/app_userdata/Joseon Hunters/wt/codex-558-combat-clock-trace/save_e2e.json)
[Dev] stairs DungeonEntrance dir=1 world=(0.0, 0.0, -31.0) screen=(2121.067, -492.4143)
[Dev] interact Merchant world=(5.4, 0.0, -2.4) screen=(1047.293, 368.0158)
[Dev] interact Shaman world=(-5.6, 0.0, 0.4) screen=(408.5833, 148.8999)
[Dev] interact Elder world=(2.0, 0.0, -5.6) screen=(1038.037, 191.6542)
[Dev] interact Jumo world=(7.1, 0.0, -1.4) screen=(1079.692, 440.1637)
[Dev] interact Waypoint world=(-4.2, 0.0, 2.2) screen=(390.0698, 234.4085)
E2E ▶ affix_combat
[Dungeon] heukrang_gul 1층 lv=2 seed=403727558 gen 64x64 rooms=6 up=(44, 56) down=(7, 23) enemies=20 roster=bandit,bat,talisman_master elites=["방2:금색×3(깊이 0.50)"] named=-
[Quest] heukrang_gul 1층 — 싹쓸이 셈 시작 20 (heukrang_clear:none)
[Audio] BGM dungeon → dungeon_2.ogg
[Save] level 흑랑 굴 1층 → user://save_e2e.json (C:/Users/FORYOUCOM/AppData/Roaming/Godot/app_userdata/Joseon Hunters/wt/codex-558-combat-clock-trace/save_e2e.json)
[Dev] stairs StairsUp dir=-1 world=(44.5, 0.0, 56.5) screen=(593.7165, 335.9509)
[Dev] stairs StairsDown dir=1 world=(7.5, 0.0, 23.5) screen=(408.583, -1534.551)
[Dev] interact PusJar world=(29.5, 0.0, 42.5) screen=(547.433, -487.0705)
[Dev] interact @Area3D@22518 world=(14.5, 0.0, 24.5) screen=(686.2831, -1368.878)
[Dev] interact @Area3D@22519 world=(23.5, 0.0, 18.5) screen=(1380.534, -1288.714)
[Dev] interact LootChest world=(29.5, 0.0, 39.5) screen=(686.2831, -567.2349)
[Dev] interact @Area3D@22520 world=(40.5, 0.0, 38.5) screen=(1241.683, -300.0204)
[Dev] interact LootPot world=(21.5, 0.0, 43.5) screen=(130.8828, -674.1207)
[Dev] interact @Area3D@22521 world=(22.5, 0.0, 44.5) screen=(130.8829, -620.6779)
[Dev] interact @Area3D@22522 world=(19.5, 0.0, 9.5) screen=(1611.95, -1636.093)
[Dev] interact @Area3D@22523 world=(20.5, 0.0, 9.5) screen=(1658.234, -1609.372)
[Dev] interact @Area3D@22524 world=(44.5, 0.0, 51.5) screen=(825.1333, 154.2443)
[Dev] interact @Area3D@22525 world=(44.5, 0.0, 52.5) screen=(778.8499, 180.9657)
[Dev] interact @Area3D@22526 world=(21.5, 0.0, 39.5) screen=(316.0163, -781.0065)
[Dev] removed 20 enemies
  · 산적 경직 구간 0.350~0.350 → 회초리 0.450~0.450 · 밀림 0.220 → 0.330
[Kill] +2 xp (lv 12, 2/831)
[Dev] item 엽전 world=(17.7, 0.0, 49.5) screen=(695.5399, 376.0538)
[Talisman] 화염부 → 적 (19.5, 0.0, 49.5) (배율 1.20 · 아낌 false · 흩뿌리기 {  })
[Kill] +2 xp (lv 12, 4/831)
[Dev] item 은가락지 world=(19.5, 0.0, 49.5) screen=(778.8499, 424.1524)
[Save] quest → user://save_e2e.json (C:/Users/FORYOUCOM/AppData/Roaming/Godot/app_userdata/Joseon Hunters/wt/codex-558-combat-clock-trace/save_e2e.json)
[Quest] heukrang_clear 싹쓸이 완료 (none → killed)
  · 받는 경직 구간 0.300~0.300 → −25% 0.225~0.225 → 상한 0.120~0.120
E2E affix_combat PASS (검사 40)
[Audio] BGM town → town.ogg
[Save] level 못골 마을 → user://save_e2e.json (C:/Users/FORYOUCOM/AppData/Roaming/Godot/app_userdata/Joseon Hunters/wt/codex-558-combat-clock-trace/save_e2e.json)
[Dev] stairs DungeonEntrance dir=1 world=(0.0, 0.0, -31.0) screen=(2121.067, -492.4143)
[Dev] interact Merchant world=(5.4, 0.0, -2.4) screen=(1047.293, 368.0158)
[Dev] interact Shaman world=(-5.6, 0.0, 0.4) screen=(408.5833, 148.8999)
[Dev] interact Elder world=(2.0, 0.0, -5.6) screen=(1038.037, 191.6542)
[Dev] interact Jumo world=(7.1, 0.0, -1.4) screen=(1079.692, 440.1637)
[Dev] interact Waypoint world=(-4.2, 0.0, 2.2) screen=(390.0698, 234.4085)
E2E ▶ attack_chain
[Dungeon] heukrang_gul 1층 lv=2 seed=403727558 gen 64x64 rooms=6 up=(44, 56) down=(7, 23) enemies=20 roster=bandit,bat,talisman_master elites=["방2:금색×3(깊이 0.50)"] named=-
[Quest] heukrang_gul 1층 — 싹쓸이 셈 시작 20 (heukrang_clear:none)
[Audio] BGM dungeon → dungeon_4.ogg
[Save] level 흑랑 굴 1층 → user://save_e2e.json (C:/Users/FORYOUCOM/AppData/Roaming/Godot/app_userdata/Joseon Hunters/wt/codex-558-combat-clock-trace/save_e2e.json)
[Dev] stairs StairsUp dir=-1 world=(44.5, 0.0, 56.5) screen=(593.7165, 335.9509)
[Dev] stairs StairsDown dir=1 world=(7.5, 0.0, 23.5) screen=(408.583, -1534.551)
[Dev] interact PusJar world=(29.5, 0.0, 42.5) screen=(547.433, -487.0705)
[Dev] interact @Area3D@22892 world=(14.5, 0.0, 24.5) screen=(686.2831, -1368.878)
[Dev] interact @Area3D@22893 world=(23.5, 0.0, 18.5) screen=(1380.534, -1288.714)
[Dev] interact LootChest world=(29.5, 0.0, 39.5) screen=(686.2831, -567.2349)
[Dev] interact @Area3D@22894 world=(40.5, 0.0, 38.5) screen=(1241.683, -300.0204)
[Dev] interact LootPot world=(21.5, 0.0, 43.5) screen=(130.8828, -674.1207)
[Dev] interact @Area3D@22895 world=(22.5, 0.0, 44.5) screen=(130.8829, -620.6779)
[Dev] interact @Area3D@22896 world=(19.5, 0.0, 9.5) screen=(1611.95, -1636.093)
[Dev] interact @Area3D@22897 world=(20.5, 0.0, 9.5) screen=(1658.234, -1609.372)
[Dev] interact @Area3D@22898 world=(44.5, 0.0, 51.5) screen=(825.1333, 154.2443)
[Dev] interact @Area3D@22899 world=(44.5, 0.0, 52.5) screen=(778.8499, 180.9657)
[Dev] interact @Area3D@22900 world=(21.5, 0.0, 39.5) screen=(316.0163, -781.0065)
[Dev] removed 20 enemies
  · ① 칸 [0, 1, 2, 0, 1] · 클립 ["attack", "attack2", "attack3", "attack", "attack2"] · 섞기 ["0.12", "0.10", "0.10", "0.10", "0.10"]
E2E attack_chain PASS (검사 21)
[Audio] BGM town → town.ogg
[Save] level 못골 마을 → user://save_e2e.json (C:/Users/FORYOUCOM/AppData/Roaming/Godot/app_userdata/Joseon Hunters/wt/codex-558-combat-clock-trace/save_e2e.json)
[Dev] stairs DungeonEntrance dir=1 world=(0.0, 0.0, -31.0) screen=(2121.067, -492.4143)
[Dev] interact Merchant world=(5.4, 0.0, -2.4) screen=(1047.293, 368.0158)
[Dev] interact Shaman world=(-5.6, 0.0, 0.4) screen=(408.5833, 148.8999)
[Dev] interact Elder world=(2.0, 0.0, -5.6) screen=(1038.037, 191.6542)
[Dev] interact Jumo world=(7.1, 0.0, -1.4) screen=(1079.692, 440.1637)
[Dev] interact Waypoint world=(-4.2, 0.0, 2.2) screen=(390.0698, 234.4085)
E2E ▶ aspd_steps
[Dungeon] heukrang_gul 1층 lv=2 seed=403727558 gen 64x64 rooms=6 up=(44, 56) down=(7, 23) enemies=20 roster=bandit,bat,talisman_master elites=["방2:금색×3(깊이 0.50)"] named=-
[Quest] heukrang_gul 1층 — 싹쓸이 셈 시작 20 (heukrang_clear:none)
[Audio] BGM dungeon → dungeon_1.ogg
[Save] level 흑랑 굴 1층 → user://save_e2e.json (C:/Users/FORYOUCOM/AppData/Roaming/Godot/app_userdata/Joseon Hunters/wt/codex-558-combat-clock-trace/save_e2e.json)
[Dev] stairs StairsUp dir=-1 world=(44.5, 0.0, 56.5) screen=(593.7165, 335.9509)
[Dev] stairs StairsDown dir=1 world=(7.5, 0.0, 23.5) screen=(408.583, -1534.551)
[Dev] interact PusJar world=(29.5, 0.0, 42.5) screen=(547.433, -487.0705)
[Dev] interact @Area3D@23245 world=(14.5, 0.0, 24.5) screen=(686.2831, -1368.878)
[Dev] interact @Area3D@23246 world=(23.5, 0.0, 18.5) screen=(1380.534, -1288.714)
[Dev] interact LootChest world=(29.5, 0.0, 39.5) screen=(686.2831, -567.2349)
[Dev] interact @Area3D@23247 world=(40.5, 0.0, 38.5) screen=(1241.683, -300.0204)
[Dev] interact LootPot world=(21.5, 0.0, 43.5) screen=(130.8828, -674.1207)
[Dev] interact @Area3D@23248 world=(22.5, 0.0, 44.5) screen=(130.8829, -620.6779)
[Dev] interact @Area3D@23249 world=(19.5, 0.0, 9.5) screen=(1611.95, -1636.093)
[Dev] interact @Area3D@23250 world=(20.5, 0.0, 9.5) screen=(1658.234, -1609.372)
[Dev] interact @Area3D@23251 world=(44.5, 0.0, 51.5) screen=(825.1333, 154.2443)
[Dev] interact @Area3D@23252 world=(44.5, 0.0, 52.5) screen=(778.8499, 180.9657)
[Dev] interact @Area3D@23253 world=(21.5, 0.0, 39.5) screen=(316.0163, -781.0065)
[Dev] removed 20 enemies
  · 0단계: 공속 1.100 · 간격 0.9091초 · 실제 휘두름 사이 0.917초
  · 10단계(예도 합 15): 공속 1.210 · 간격 0.8264초 · 실제 휘두름 사이 0.833초
  · 툴팁(예도) ["공격 속도", "장비 없이 1.10", "현재 1.21", "공속 +15% → 단계 +10% · 다음 단계까지 +5%"]
  · 20단계(예도 + 빠른 5, 합 20): 공속 1.320 · 간격 0.7576초 · 실제 휘두름 사이 0.767초
  · 툴팁(예도 + 빠른 5) ["공격 속도", "장비 없이 1.10", "현재 1.32", "공속 +20% → 단계 +20% · 다음 단계까지 +10%"]
E2E aspd_steps PASS (검사 27)
[Audio] BGM town → town.ogg
[Save] level 못골 마을 → user://save_e2e.json (C:/Users/FORYOUCOM/AppData/Roaming/Godot/app_userdata/Joseon Hunters/wt/codex-558-combat-clock-trace/save_e2e.json)
[Dev] stairs DungeonEntrance dir=1 world=(0.0, 0.0, -31.0) screen=(2121.067, -492.4143)
[Dev] interact Merchant world=(5.4, 0.0, -2.4) screen=(1047.293, 368.0158)
[Dev] interact Shaman world=(-5.6, 0.0, 0.4) screen=(408.5833, 148.8999)
[Dev] interact Elder world=(2.0, 0.0, -5.6) screen=(1038.037, 191.6542)
[Dev] interact Jumo world=(7.1, 0.0, -1.4) screen=(1079.692, 440.1637)
[Dev] interact Waypoint world=(-4.2, 0.0, 2.2) screen=(390.0698, 234.4085)
E2E ▶ skill_then_attack
[Dungeon] heukrang_gul 1층 lv=2 seed=403727558 gen 64x64 rooms=6 up=(44, 56) down=(7, 23) enemies=20 roster=bandit,bat,talisman_master elites=["방2:금색×3(깊이 0.50)"] named=-
[Quest] heukrang_gul 1층 — 싹쓸이 셈 시작 20 (heukrang_clear:none)
[Audio] BGM dungeon → dungeon_3.ogg
[Save] level 흑랑 굴 1층 → user://save_e2e.json (C:/Users/FORYOUCOM/AppData/Roaming/Godot/app_userdata/Joseon Hunters/wt/codex-558-combat-clock-trace/save_e2e.json)
[Dev] stairs StairsUp dir=-1 world=(44.5, 0.0, 56.5) screen=(593.7165, 335.9509)
[Dev] stairs StairsDown dir=1 world=(7.5, 0.0, 23.5) screen=(408.583, -1534.551)
[Dev] interact PusJar world=(29.5, 0.0, 42.5) screen=(547.433, -487.0705)
[Dev] interact @Area3D@23596 world=(14.5, 0.0, 24.5) screen=(686.2831, -1368.878)
[Dev] interact @Area3D@23597 world=(23.5, 0.0, 18.5) screen=(1380.534, -1288.714)
[Dev] interact LootChest world=(29.5, 0.0, 39.5) screen=(686.2831, -567.2349)
[Dev] interact @Area3D@23598 world=(40.5, 0.0, 38.5) screen=(1241.683, -300.0204)
[Dev] interact LootPot world=(21.5, 0.0, 43.5) screen=(130.8828, -674.1207)
[Dev] interact @Area3D@23599 world=(22.5, 0.0, 44.5) screen=(130.8829, -620.6779)
[Dev] interact @Area3D@23600 world=(19.5, 0.0, 9.5) screen=(1611.95, -1636.093)
[Dev] interact @Area3D@23601 world=(20.5, 0.0, 9.5) screen=(1658.234, -1609.372)
[Dev] interact @Area3D@23602 world=(44.5, 0.0, 51.5) screen=(825.1333, 154.2443)
[Dev] interact @Area3D@23603 world=(44.5, 0.0, 52.5) screen=(778.8499, 180.9657)
[Dev] interact @Area3D@23604 world=(21.5, 0.0, 39.5) screen=(316.0163, -781.0065)
[Dev] removed 20 enemies
[Skill] 참격 → mp 46/50
  · ① 참격: 시전 → 다음 평타 1.33초 (동작 1.33초) · 그 사이 클립 ["skill_strike"] · 평타가 시작될 때 skill_strike 94% 돎 · 다음 평타 attack2
[Skill] 회오리베기 → mp 42/50
  · ② 회오리: 시전 → 다음 평타 1.17초 (동작 1.15초) · 그 사이 클립 ["skill_whirl"] · 평타가 시작될 때 skill_whirl 95% 돎 · 다음 평타 attack2
[Skill] 돌진베기 → mp 44/50
  · ③ 돌진베기: 시전 → 다음 평타 1.75초 (동작 1.74초) · 그 사이 클립 ["skill_leap"] · 평타가 시작될 때 skill_leap 96% 돎 · 다음 평타 attack
[Talisman] 화염부 → 적 (23.7, 0.0, 49.5) (배율 1.20 · 아낌 false · 흩뿌리기 {  })
  · ④ 부적: 시전 → 다음 평타 0.80초 (동작 0.80초) · 그 사이 클립 ["cast"] · 평타가 시작될 때 cast 100% 돎 · 다음 평타 attack2
E2E skill_then_attack PASS (검사 64)
[Audio] BGM town → town.ogg
[Save] level 못골 마을 → user://save_e2e.json (C:/Users/FORYOUCOM/AppData/Roaming/Godot/app_userdata/Joseon Hunters/wt/codex-558-combat-clock-trace/save_e2e.json)
[Dev] stairs DungeonEntrance dir=1 world=(0.0, 0.0, -31.0) screen=(2121.067, -492.4143)
[Dev] interact Merchant world=(5.4, 0.0, -2.4) screen=(1047.293, 368.0158)
[Dev] interact Shaman world=(-5.6, 0.0, 0.4) screen=(408.5833, 148.8999)
[Dev] interact Elder world=(2.0, 0.0, -5.6) screen=(1038.037, 191.6542)
[Dev] interact Jumo world=(7.1, 0.0, -1.4) screen=(1079.692, 440.1637)
[Dev] interact Waypoint world=(-4.2, 0.0, 2.2) screen=(390.0698, 234.4085)
E2E ▶ anim_commit
[Dungeon] heukrang_gul 1층 lv=2 seed=403727558 gen 64x64 rooms=6 up=(44, 56) down=(7, 23) enemies=20 roster=bandit,bat,talisman_master elites=["방2:금색×3(깊이 0.50)"] named=-
[Quest] heukrang_gul 1층 — 싹쓸이 셈 시작 20 (heukrang_clear:none)
[Audio] BGM dungeon → dungeon_2.ogg
[Save] level 흑랑 굴 1층 → user://save_e2e.json (C:/Users/FORYOUCOM/AppData/Roaming/Godot/app_userdata/Joseon Hunters/wt/codex-558-combat-clock-trace/save_e2e.json)
[Dev] stairs StairsUp dir=-1 world=(44.5, 0.0, 56.5) screen=(593.7165, 335.9509)
[Dev] stairs StairsDown dir=1 world=(7.5, 0.0, 23.5) screen=(408.583, -1534.551)
[Dev] interact PusJar world=(29.5, 0.0, 42.5) screen=(547.433, -487.0705)
[Dev] interact @Area3D@23954 world=(14.5, 0.0, 24.5) screen=(686.2831, -1368.878)
[Dev] interact @Area3D@23955 world=(23.5, 0.0, 18.5) screen=(1380.534, -1288.714)
[Dev] interact LootChest world=(29.5, 0.0, 39.5) screen=(686.2831, -567.2349)
[Dev] interact @Area3D@23956 world=(40.5, 0.0, 38.5) screen=(1241.683, -300.0204)
[Dev] interact LootPot world=(21.5, 0.0, 43.5) screen=(130.8828, -674.1207)
[Dev] interact @Area3D@23957 world=(22.5, 0.0, 44.5) screen=(130.8829, -620.6779)
[Dev] interact @Area3D@23958 world=(19.5, 0.0, 9.5) screen=(1611.95, -1636.093)
[Dev] interact @Area3D@23959 world=(20.5, 0.0, 9.5) screen=(1658.234, -1609.372)
[Dev] interact @Area3D@23960 world=(44.5, 0.0, 51.5) screen=(825.1333, 154.2443)
[Dev] interact @Area3D@23961 world=(44.5, 0.0, 52.5) screen=(778.8499, 180.9657)
[Dev] interact @Area3D@23962 world=(21.5, 0.0, 39.5) screen=(316.0163, -781.0065)
[Dev] removed 20 enemies
  · 무대 = 방 가운데 (22.5, 0.0, 49.5) · 적 쪽 (1.0, 0.0, 0.0)(트임 6.0) · 땅 클릭 (19.5, 0.0, 49.5) · 먼 적 (22.5, 0.0, 53.5)
[Skill] 참격 → mp 46/50
[Skill] 회오리베기 → mp 42/50
[Skill] 돌진베기 → mp 44/50
[Skill] 찌르기 → mp 45/50
[Skill] 도약 베기 → mp 41/50
[Click] world=(19.50026, 0.0, 49.50027) cell=(19, 49)
  · 땅 클릭 (휘두름 시작 + 0.048초 · 칼이 닿기 0.222초 전 · 누를 때 클립 attack): 0.15초 뒤 0.00유닛 움직임 · 클립 attack · 그 칼 맞음 (피해 틱 0.274초) · 동작 끝(시작 + 0.600초)까지 0.00유닛 · 끝나고 0.1초 뒤 클립 run · 첫 걸음 = 클릭 뒤 +0.558초(동작 끝 = 클릭 뒤 0.558초) · 끝나고 1.5초 뒤 클릭 자리까지 0.13유닛
[Click] world=(22.5, 0.0, 53.5) cell=(22, 53)
[Click] world=(22.5, 0.0, 53.5) cell=(22, 53)
[Click] world=(22.5, 0.0, 53.5) cell=(22, 53)
  · 먼 적 클릭(4.0유닛 옆) (휘두름 시작 + 0.055초 · 칼이 닿기 0.215초 전 · 누를 때 클립 attack): 0.15초 뒤 0.00유닛 움직임 · 클립 attack · 그 칼 맞음 (피해 틱 0.277초) · 동작 끝(시작 + 0.600초)까지 0.00유닛 · 끝나고 0.1초 뒤 클립 run · 첫 걸음 = 클릭 뒤 +0.569초(동작 끝 = 클릭 뒤 0.555초) · 끝나고 1.5초 뒤 먼 적까지 1.53유닛 · 먼 적 피해 2번 · 타깃 = 먼 적
[Skill] 참격 → mp 46/50
  · 평타 중 참격 (평타 attack 시작 + 0.034초 = 칼 닿기 0.236초 전 우클릭): 평타 클립이 돈 창 0.604초(동작 0.60) · skill_strike 시작 = 우클릭 +0.569초 · 이 사이 피해(맞을 때 클립 · 우클릭 기준) ["attack 45% @ 우클릭 +0.236초", "skill_strike 45% @ 우클릭 +1.174초"] · 평타: attack attack: 동작 0.60초 · 예약 피해 0.270초 · 피해 틱 0.271초(클립 45.1%) · 칼끝 최고속 0.267초(클립 44.5%, 267.6 u/s) · 차이(피해 − 최고속) +0.003초 = +0.2틱 · 피해 틱 칼끝 100% · [뾰족1.1%] 90% 이상 프레임 [0] · 곡선 51 89 167 216 [268] 0 0 0 0 0 0 0 0 0 0 152 107 81 · 곁들이(피해 틱 기준 초) 타격 소리 +0.000 · 먹 튐 +0.000 · 도장 — · 반달·고리 — · 검광 끝 +0.153 · 참격 skill_strike: 동작 1.33초 · 예약 피해 0.600초 · 피해 틱 0.604초(클립 45.3%) · 칼끝 최고속 0.594초(클립 44.5%, 114.9 u/s) · 차이(피해 − 최고속) +0.010초 = +0.6틱 · 피해 틱 칼끝 70% · [뾰족1.0%] 90% 이상 프레임 [-2, -1] · 곡선 87 67 111 115 [81] 0 0 0 0 0 0 0 0 0 0 60 59 35 · 곁들이(피해 틱 기준 초) 타격 소리 +0.000 · 먹 튐 +0.000 · 도장 +0.000 · 반달·고리 -0.042 · 검광 끝 +0.152
  · 피격 중 평타: 맞음 1 · 맞은 뒤 클립 attack · 평타 attack: 동작 0.60초 · 예약 피해 0.270초 · 피해 틱 0.270초(클립 45.0%) · 칼끝 최고속 0.267초(클립 44.5%, 276.5 u/s) · 차이(피해 − 최고속) +0.003초 = +0.2틱 · 피해 틱 칼끝 100% · [뾰족1.0%] 90% 이상 프레임 [0] · 곡선 53 94 170 217 [277] 0 0 0 0 0 0 0 0 0 0 153 111 82 · 곁들이(피해 틱 기준 초) 타격 소리 +0.000 · 먹 튐 +0.000 · 도장 — · 반달·고리 — · 검광 끝 +0.150
[Skill] 참격 → mp 46/50
  · 피격 중 참격: 맞음 1 · 맞은 뒤 클립 skill_strike · 참격 skill_strike: 동작 1.33초 · 예약 피해 0.600초 · 피해 틱 0.606초(클립 45.4%) · 칼끝 최고속 0.595초(클립 44.6%, 115.1 u/s) · 차이(피해 − 최고속) +0.010초 = +0.6틱 · 피해 틱 칼끝 59% · [뾰족1.0%] 90% 이상 프레임 [-2, -1] · 곡선 83 73 113 115 [68] 0 0 0 0 0 0 0 0 0 0 61 52 34 · 곁들이(피해 틱 기준 초) 타격 소리 +0.000 · 먹 튐 +0.000 · 도장 +0.000 · 반달·고리 -0.041 · 검광 끝 +0.152
[Click] world=(19.50015, 0.0, 49.50015) cell=(19, 49)
[Click] world=(18.64108, 0.0, 49.50024) cell=(18, 49)
[Click] world=(18.12914, 0.0, 49.50024) cell=(18, 49)
[Click] world=(17.58068, 0.0, 49.50024) cell=(17, 49)
[Click] world=(17.05674, 0.0, 49.50024) cell=(17, 49)
[Click] world=(16.53315, 0.0, 49.50024) cell=(16, 49)
[Click] world=(15.98162, 0.0, 49.50024) cell=(15, 49)
[Click] world=(15.45696, 0.0, 49.50024) cell=(15, 49)
[Click] world=(14.93319, 0.0, 49.50024) cell=(14, 49)
[Click] world=(14.38161, 0.0, 49.50024) cell=(14, 49)
[Click] world=(13.85694, 0.0, 49.50024) cell=(13, 49)
[Click] world=(13.30791, 0.0, 49.50024) cell=(13, 49)
[Click] world=(12.84191, 0.0, 49.50024) cell=(12, 49)
  · 누른 채 땅 (휘두름 시작 + 0.055초 · 칼이 닿기 0.215초 전 · 누를 때 클립 attack): 0.15초 뒤 0.00유닛 움직임 · 클립 attack · 그 칼 맞음 (피해 틱 0.276초) · 동작 끝(시작 + 0.600초)까지 0.00유닛 · 끝나고 0.1초 뒤 클립 run · 첫 걸음 = 클릭 뒤 +0.557초(동작 끝 = 클릭 뒤 0.557초) · 끝나고 1.5초 뒤 누른 자리까지 3.87유닛
  · 표 — 행마다: 동작 길이 · 예약 피해(impact_frac × 동작) · 피해 틱(시작 뒤 초 · 클립 %) · 칼끝 최고속(시작 뒤 초 · 클립 % · Visual 공간 u/s) · 차이(피해 − 최고속, 초 · 60Hz 틱) · 피해 틱 칼끝 속도 ÷ 최고속 · 90% 이상 프레임(피해 프레임 기준) · 칼끝 곡선(u/s, [피해 프레임]) · 곁들이(피해 틱 기준 초)
  · 평타1 attack: 동작 0.60초 · 예약 피해 0.270초 · 피해 틱 0.273초(클립 45.5%) · 칼끝 최고속 0.263초(클립 43.9%, 237.4 u/s) · 차이(피해 − 최고속) +0.010초 = +0.6틱 · 피해 틱 칼끝 100% · [평평2.0%] 90% 이상 프레임 [-1, 0] · 곡선 63 140 196 237 [237] 0 0 0 0 0 0 0 0 0 0 142 95 73 · 곁들이(피해 틱 기준 초) 타격 소리 +0.000 · 먹 튐 +0.000 · 도장 — · 반달·고리 — · 검광 끝 +0.153
  · 평타2 attack2: 동작 0.60초 · 예약 피해 0.276초 · 피해 틱 0.283초(클립 47.1%) · 칼끝 최고속 0.272초(클립 45.4%, 132.3 u/s) · 차이(피해 − 최고속) +0.010초 = +0.6틱 · 피해 틱 칼끝 78% · [뾰족1.0%] 90% 이상 프레임 [-1] · 곡선 52 81 115 132 [103] 0 0 0 0 0 0 0 0 0 0 97 59 42 · 곁들이(피해 틱 기준 초) 타격 소리 +0.000 · 먹 튐 +0.000 · 도장 — · 반달·고리 — · 검광 끝 +0.145
  · 평타3 attack3: 동작 0.60초 · 예약 피해 0.270초 · 피해 틱 0.276초(클립 46.0%) · 칼끝 최고속 0.265초(클립 44.2%, 170.4 u/s) · 차이(피해 − 최고속) +0.010초 = +0.6틱 · 피해 틱 칼끝 72% · [뾰족1.0%] 90% 이상 프레임 [-1] · 곡선 41 71 138 170 [123] 0 0 0 0 0 0 0 0 0 0 100 81 53 · 곁들이(피해 틱 기준 초) 타격 소리 +0.000 · 먹 튐 +0.000 · 도장 — · 반달·고리 — · 검광 끝 +0.145
  · 참격 skill_strike: 동작 1.33초 · 예약 피해 0.600초 · 피해 틱 0.604초(클립 45.3%) · 칼끝 최고속 0.593초(클립 44.5%, 114.8 u/s) · 차이(피해 − 최고속) +0.010초 = +0.6틱 · 피해 틱 칼끝 73% · [뾰족1.0%] 90% 이상 프레임 [-2, -1] · 곡선 88 68 108 115 [84] 0 0 0 0 0 0 0 0 0 0 60 60 35 · 곁들이(피해 틱 기준 초) 타격 소리 +0.000 · 먹 튐 +0.000 · 도장 +0.000 · 반달·고리 -0.042 · 검광 끝 +0.160
  · 회오리베기 skill_whirl: 동작 1.15초 · 예약 피해 0.450초 · 피해 틱 0.451초(클립 39.2%) · 칼끝 최고속 0.448초(클립 38.9%, 84.5 u/s) · 차이(피해 − 최고속) +0.003초 = +0.2틱 · 피해 틱 칼끝 100% · [뾰족1.2%] 90% 이상 프레임 [-1, 0] · 곡선 45 61 72 79 [84] 0 0 0 0 0 0 0 0 0 0 71 70 68 · 곁들이(피해 틱 기준 초) 타격 소리 +0.000 · 먹 튐 +0.000 · 도장 +0.000 · 반달·고리 -0.035 · 검광 끝 +0.160
  · 돌진베기 skill_leap: 동작 1.74초 · 예약 피해 0.548초 · 피해 틱 0.551초(클립 31.7%) · 칼끝 최고속 0.540초(클립 31.1%, 106.7 u/s) · 차이(피해 − 최고속) +0.010초 = +0.6틱 · 피해 틱 칼끝 93% · [뾰족0.8%] 90% 이상 프레임 [-1, 0] · 곡선 19 39 50 107 [99] 0 0 0 0 0 0 0 0 0 0 65 65 46 · 곁들이(피해 틱 기준 초) 타격 소리 +0.000 · 먹 튐 +0.000 · 도장 +0.000 · 반달·고리 — · 검광 끝 +0.159 · 몸 5.0유닛 이동 — 이동 끝 0.551초 · 도착 0.551초 · 적 곁을 지난 때 0.407초(피해 틱은 그 +0.144초 뒤)
  · 찌르기 skill_thrust: 동작 0.63초 · 예약 피해 0.322초 · 피해 틱 0.326초(클립 51.5%) · 칼끝 최고속 0.315초(클립 49.9%, 74.4 u/s) · 차이(피해 − 최고속) +0.010초 = +0.6틱 · 피해 틱 칼끝 93% · [평평5.6%] 90% 이상 프레임 [-14, -13, -12, -1, 0] · 곡선 46 48 48 74 [69] 0 0 0 0 0 0 0 0 0 0 44 29 28 · 곁들이(피해 틱 기준 초) 타격 소리 +0.000 · 먹 튐 +0.000 · 도장 +0.000 · 반달·고리 — · 검광 끝 +0.160
  · 도약 베기 skill_leap: 동작 1.74초 · 예약 피해 0.548초 · 피해 틱 0.551초(클립 31.7%) · 칼끝 최고속 0.541초(클립 31.1%, 107.4 u/s) · 차이(피해 − 최고속) +0.010초 = +0.6틱 · 피해 틱 칼끝 90% · [뾰족0.4%] 90% 이상 프레임 [-1] · 곡선 21 40 54 107 [96] 0 0 0 0 0 0 0 0 0 0 65 65 45 · 곁들이(피해 틱 기준 초) 타격 소리 +0.000 · 먹 튐 +0.000 · 도장 +0.000 · 반달·고리 — · 검광 끝 +0.159
  · 평타 중 참격 skill_strike: 동작 1.33초 · 예약 피해 0.600초 · 피해 틱 0.604초(클립 45.3%) · 칼끝 최고속 0.594초(클립 44.5%, 114.9 u/s) · 차이(피해 − 최고속) +0.010초 = +0.6틱 · 피해 틱 칼끝 70% · [뾰족1.0%] 90% 이상 프레임 [-2, -1] · 곡선 87 67 111 115 [81] 0 0 0 0 0 0 0 0 0 0 60 59 35 · 곁들이(피해 틱 기준 초) 타격 소리 +0.000 · 먹 튐 +0.000 · 도장 +0.000 · 반달·고리 -0.042 · 검광 끝 +0.152
  · 그림 프레임 간격 가운데 0.0069초 · 가장 긴 0.0909초 (4313프레임)
E2E anim_commit PASS (검사 65)
[Audio] BGM town → town.ogg
[Save] level 못골 마을 → user://save_e2e.json (C:/Users/FORYOUCOM/AppData/Roaming/Godot/app_userdata/Joseon Hunters/wt/codex-558-combat-clock-trace/save_e2e.json)
[Dev] stairs DungeonEntrance dir=1 world=(0.0, 0.0, -31.0) screen=(2121.067, -492.4143)
[Dev] interact Merchant world=(5.4, 0.0, -2.4) screen=(1047.293, 368.0158)
[Dev] interact Shaman world=(-5.6, 0.0, 0.4) screen=(408.5833, 148.8999)
[Dev] interact Elder world=(2.0, 0.0, -5.6) screen=(1038.037, 191.6542)
[Dev] interact Jumo world=(7.1, 0.0, -1.4) screen=(1079.692, 440.1637)
[Dev] interact Waypoint world=(-4.2, 0.0, 2.2) screen=(390.0698, 234.4085)
E2E ▶ invisible_sword
[Dungeon] heukrang_gul 1층 lv=2 seed=403727558 gen 64x64 rooms=6 up=(44, 56) down=(7, 23) enemies=20 roster=bandit,bat,talisman_master elites=["방2:금색×3(깊이 0.50)"] named=-
[Quest] heukrang_gul 1층 — 싹쓸이 셈 시작 20 (heukrang_clear:none)
[Audio] BGM dungeon → dungeon_1.ogg
[Save] level 흑랑 굴 1층 → user://save_e2e.json (C:/Users/FORYOUCOM/AppData/Roaming/Godot/app_userdata/Joseon Hunters/wt/codex-558-combat-clock-trace/save_e2e.json)
[Dev] stairs StairsUp dir=-1 world=(44.5, 0.0, 56.5) screen=(593.7165, 335.9509)
[Dev] stairs StairsDown dir=1 world=(7.5, 0.0, 23.5) screen=(408.583, -1534.551)
[Dev] interact PusJar world=(29.5, 0.0, 42.5) screen=(547.433, -487.0705)
[Dev] interact @Area3D@24319 world=(14.5, 0.0, 24.5) screen=(686.2831, -1368.878)
[Dev] interact @Area3D@24320 world=(23.5, 0.0, 18.5) screen=(1380.534, -1288.714)
[Dev] interact LootChest world=(29.5, 0.0, 39.5) screen=(686.2831, -567.2349)
[Dev] interact @Area3D@24321 world=(40.5, 0.0, 38.5) screen=(1241.683, -300.0204)
[Dev] interact LootPot world=(21.5, 0.0, 43.5) screen=(130.8828, -674.1207)
[Dev] interact @Area3D@24322 world=(22.5, 0.0, 44.5) screen=(130.8829, -620.6779)
[Dev] interact @Area3D@24323 world=(19.5, 0.0, 9.5) screen=(1611.95, -1636.093)
[Dev] interact @Area3D@24324 world=(20.5, 0.0, 9.5) screen=(1658.234, -1609.372)
[Dev] interact @Area3D@24325 world=(44.5, 0.0, 51.5) screen=(825.1333, 154.2443)
[Dev] interact @Area3D@24326 world=(44.5, 0.0, 52.5) screen=(778.8499, 180.9657)
[Dev] interact @Area3D@24327 world=(21.5, 0.0, 39.5) screen=(316.0163, -781.0065)
[Dev] removed 20 enemies
[Skill] 참격 → mp 46/50
[Skill] 참격 → mp 44/50
[Skill] 참격 → mp 42/50
[Skill] 참격 → mp 40/50
  · ① 순서(시작 뒤 초) 평타 0.00 → 참격 0.60 → 평타 1.93 → 참격 2.53 → 평타 3.87 → 참격 4.47 → 평타 5.80 → 참격 6.40
[Skill] 참격 → mp 46/50
[Skill] 참격 → mp 46/50
[Skill] 돌진베기 → mp 44/50
[Kill] +6 xp (lv 1, 6/20)
[Skill] 회오리베기 → mp 42/50
[Dungeon] heukrang_gul 1층 lv=2 seed=403727558 gen 64x64 rooms=6 up=(44, 56) down=(7, 23) enemies=20 roster=bandit,bat,talisman_master elites=["방2:금색×3(깊이 0.50)"] named=-
[Quest] heukrang_gul 1층 — 싹쓸이 셈 시작 21 (heukrang_clear:none)
[Save] level 흑랑 굴 1층 → user://save_e2e.json (C:/Users/FORYOUCOM/AppData/Roaming/Godot/app_userdata/Joseon Hunters/wt/codex-558-combat-clock-trace/save_e2e.json)
[Dev] stairs StairsUp dir=-1 world=(44.5, 0.0, 56.5) screen=(593.7165, 335.9509)
[Dev] stairs StairsDown dir=1 world=(7.5, 0.0, 23.5) screen=(408.583, -1534.551)
[Dev] interact PusJar world=(29.5, 0.0, 42.5) screen=(547.433, -487.0705)
[Dev] interact @Area3D@24519 world=(14.5, 0.0, 24.5) screen=(686.2831, -1368.878)
[Dev] interact @Area3D@24520 world=(23.5, 0.0, 18.5) screen=(1380.534, -1288.714)
[Dev] interact LootChest world=(29.5, 0.0, 39.5) screen=(686.2831, -567.2349)
[Dev] interact @Area3D@24521 world=(40.5, 0.0, 38.5) screen=(1241.683, -300.0204)
[Dev] interact LootPot world=(21.5, 0.0, 43.5) screen=(130.8828, -674.1207)
[Dev] interact @Area3D@24522 world=(22.5, 0.0, 44.5) screen=(130.8829, -620.6779)
[Dev] interact @Area3D@24523 world=(19.5, 0.0, 9.5) screen=(1611.95, -1636.093)
[Dev] interact @Area3D@24524 world=(20.5, 0.0, 9.5) screen=(1658.234, -1609.372)
[Dev] interact @Area3D@24525 world=(44.5, 0.0, 51.5) screen=(825.1333, 154.2443)
[Dev] interact @Area3D@24526 world=(44.5, 0.0, 52.5) screen=(778.8499, 180.9657)
[Dev] interact @Area3D@24527 world=(21.5, 0.0, 39.5) screen=(316.0163, -781.0065)
  · ④ 옛 자리 ↔ 새 자리 24.0유닛 · 층 이동 뒤 피해 0 (옛 자리 허수아비 0) · 곁들이 []
[Dev] removed 21 enemies
[Dev] interact Portal world=(23.5, 0.0, 49.5) screen=(686.2831, 338.7722)
[Portal] opened heukrang_gul 1층 pos=(23.5, 0.0, 49.5)
[Click] world=(23.5, 0.0, 49.5) cell=(23, 49)
[Dev] interact Portal world=(-1.2, 0.0, 2.4) screen=(579.8315, 279.835)
[Audio] BGM town → town.ogg
[Save] level 못골 마을 → user://save_e2e.json (C:/Users/FORYOUCOM/AppData/Roaming/Godot/app_userdata/Joseon Hunters/wt/codex-558-combat-clock-trace/save_e2e.json)
[Portal] travel → motgol 0층 portal={ "area": &"heukrang_gul", "floor": 1, "pos": (23.5, 0.0, 49.5), "returned": false }
[Dev] stairs DungeonEntrance dir=1 world=(0.0, 0.0, -31.0) screen=(2181.236, -532.4963)
[Dev] interact Merchant world=(5.4, 0.0, -2.4) screen=(1107.462, 327.9336)
[Dev] interact Shaman world=(-5.6, 0.0, 0.4) screen=(468.7516, 108.8176)
[Dev] interact Elder world=(2.0, 0.0, -5.6) screen=(1098.205, 151.572)
[Dev] interact Jumo world=(7.1, 0.0, -1.4) screen=(1139.86, 400.0815)
[Dev] interact Waypoint world=(-4.2, 0.0, 2.2) screen=(450.2382, 194.3264)
[Dev] interact Portal world=(-1.2, 0.0, 2.4) screen=(579.8315, 279.835)
[Save] level 못골 마을 → user://save_e2e.json (C:/Users/FORYOUCOM/AppData/Roaming/Godot/app_userdata/Joseon Hunters/wt/codex-558-combat-clock-trace/save_e2e.json)
[Dev] stairs DungeonEntrance dir=1 world=(0.0, 0.0, -31.0) screen=(2121.067, -492.4143)
[Dev] interact Merchant world=(5.4, 0.0, -2.4) screen=(1047.293, 368.0158)
[Dev] interact Shaman world=(-5.6, 0.0, 0.4) screen=(408.5833, 148.8999)
[Dev] interact Elder world=(2.0, 0.0, -5.6) screen=(1038.037, 191.6542)
[Dev] interact Jumo world=(7.1, 0.0, -1.4) screen=(1079.692, 440.1637)
[Dev] interact Waypoint world=(-4.2, 0.0, 2.2) screen=(390.0698, 234.4085)
[Dungeon] heukrang_gul 1층 lv=2 seed=403727558 gen 64x64 rooms=6 up=(44, 56) down=(7, 23) enemies=20 roster=bandit,bat,talisman_master elites=["방2:금색×3(깊이 0.50)"] named=-
[Quest] heukrang_gul 1층 — 싹쓸이 셈 시작 20 (heukrang_clear:none)
[Audio] BGM dungeon → dungeon_4.ogg
[Save] level 흑랑 굴 1층 → user://save_e2e.json (C:/Users/FORYOUCOM/AppData/Roaming/Godot/app_userdata/Joseon Hunters/wt/codex-558-combat-clock-trace/save_e2e.json)
[Dev] stairs StairsUp dir=-1 world=(44.5, 0.0, 56.5) screen=(593.7165, 335.9509)
[Dev] stairs StairsDown dir=1 world=(7.5, 0.0, 23.5) screen=(408.583, -1534.551)
[Dev] interact PusJar world=(29.5, 0.0, 42.5) screen=(547.433, -487.0705)
[Dev] interact @Area3D@25032 world=(14.5, 0.0, 24.5) screen=(686.2831, -1368.878)
[Dev] interact @Area3D@25033 world=(23.5, 0.0, 18.5) screen=(1380.534, -1288.714)
[Dev] interact LootChest world=(29.5, 0.0, 39.5) screen=(686.2831, -567.2349)
[Dev] interact @Area3D@25034 world=(40.5, 0.0, 38.5) screen=(1241.683, -300.0204)
[Dev] interact LootPot world=(21.5, 0.0, 43.5) screen=(130.8828, -674.1207)
[Dev] interact @Area3D@25035 world=(22.5, 0.0, 44.5) screen=(130.8829, -620.6779)
[Dev] interact @Area3D@25036 world=(19.5, 0.0, 9.5) screen=(1611.95, -1636.093)
[Dev] interact @Area3D@25037 world=(20.5, 0.0, 9.5) screen=(1658.234, -1609.372)
[Dev] interact @Area3D@25038 world=(44.5, 0.0, 51.5) screen=(825.1333, 154.2443)
[Dev] interact @Area3D@25039 world=(44.5, 0.0, 52.5) screen=(778.8499, 180.9657)
[Dev] interact @Area3D@25040 world=(21.5, 0.0, 39.5) screen=(316.0163, -781.0065)
[Dev] removed 20 enemies
[Skill] 회오리베기 → mp 42/50
[Audio] BGM town → town.ogg
[Save] level 못골 마을 → user://save_e2e.json (C:/Users/FORYOUCOM/AppData/Roaming/Godot/app_userdata/Joseon Hunters/wt/codex-558-combat-clock-trace/save_e2e.json)
[Dev] stairs DungeonEntrance dir=1 world=(0.0, 0.0, -31.0) screen=(2121.067, -492.4143)
[Dev] interact Merchant world=(5.4, 0.0, -2.4) screen=(1047.293, 368.0158)
[Dev] interact Shaman world=(-5.6, 0.0, 0.4) screen=(408.5833, 148.8999)
[Dev] interact Elder world=(2.0, 0.0, -5.6) screen=(1038.037, 191.6542)
[Dev] interact Jumo world=(7.1, 0.0, -1.4) screen=(1079.692, 440.1637)
[Dev] interact Waypoint world=(-4.2, 0.0, 2.2) screen=(390.0698, 234.4085)
[Save] level 못골 마을 → user://save_e2e.json (C:/Users/FORYOUCOM/AppData/Roaming/Godot/app_userdata/Joseon Hunters/wt/codex-558-combat-clock-trace/save_e2e.json)
[Dev] stairs DungeonEntrance dir=1 world=(0.0, 0.0, -31.0) screen=(2121.067, -492.4143)
[Dev] interact Merchant world=(5.4, 0.0, -2.4) screen=(1047.293, 368.0158)
[Dev] interact Shaman world=(-5.6, 0.0, 0.4) screen=(408.5833, 148.8999)
[Dev] interact Elder world=(2.0, 0.0, -5.6) screen=(1038.037, 191.6542)
[Dev] interact Jumo world=(7.1, 0.0, -1.4) screen=(1079.692, 440.1637)
[Dev] interact Waypoint world=(-4.2, 0.0, 2.2) screen=(390.0698, 234.4085)
[Dungeon] heukrang_gul 1층 lv=2 seed=403727558 gen 64x64 rooms=6 up=(44, 56) down=(7, 23) enemies=20 roster=bandit,bat,talisman_master elites=["방2:금색×3(깊이 0.50)"] named=-
[Quest] heukrang_gul 1층 — 싹쓸이 셈 시작 20 (heukrang_clear:none)
[Audio] BGM dungeon → dungeon_1.ogg
[Save] level 흑랑 굴 1층 → user://save_e2e.json (C:/Users/FORYOUCOM/AppData/Roaming/Godot/app_userdata/Joseon Hunters/wt/codex-558-combat-clock-trace/save_e2e.json)
[Dev] stairs StairsUp dir=-1 world=(44.5, 0.0, 56.5) screen=(593.7165, 335.9509)
[Dev] stairs StairsDown dir=1 world=(7.5, 0.0, 23.5) screen=(408.583, -1534.551)
[Dev] interact PusJar world=(29.5, 0.0, 42.5) screen=(547.433, -487.0705)
[Dev] interact @Area3D@25543 world=(14.5, 0.0, 24.5) screen=(686.2831, -1368.878)
[Dev] interact @Area3D@25544 world=(23.5, 0.0, 18.5) screen=(1380.534, -1288.714)
[Dev] interact LootChest world=(29.5, 0.0, 39.5) screen=(686.2831, -567.2349)
[Dev] interact @Area3D@25545 world=(40.5, 0.0, 38.5) screen=(1241.683, -300.0204)
[Dev] interact LootPot world=(21.5, 0.0, 43.5) screen=(130.8828, -674.1207)
[Dev] interact @Area3D@25546 world=(22.5, 0.0, 44.5) screen=(130.8829, -620.6779)
[Dev] interact @Area3D@25547 world=(19.5, 0.0, 9.5) screen=(1611.95, -1636.093)
[Dev] interact @Area3D@25548 world=(20.5, 0.0, 9.5) screen=(1658.234, -1609.372)
[Dev] interact @Area3D@25549 world=(44.5, 0.0, 51.5) screen=(825.1333, 154.2443)
[Dev] interact @Area3D@25550 world=(44.5, 0.0, 52.5) screen=(778.8499, 180.9657)
[Dev] interact @Area3D@25551 world=(21.5, 0.0, 39.5) screen=(316.0163, -781.0065)
[Dev] removed 20 enemies
[Death] 도호 사망 → 1.2s 뒤 마을 복귀, 엽전 -0
  · ② 평타 — 시작 뒤 0.22초에 쓰러짐 · 그 전 피해 0 · 뒤 피해 0 · 뒤 곁들이 []
[Audio] BGM town → town.ogg
[Save] level 못골 마을 → user://save_e2e.json (C:/Users/FORYOUCOM/AppData/Roaming/Godot/app_userdata/Joseon Hunters/wt/codex-558-combat-clock-trace/save_e2e.json)
[Dev] stairs DungeonEntrance dir=1 world=(0.0, 0.0, -31.0) screen=(2121.067, -492.4143)
[Dev] interact Merchant world=(5.4, 0.0, -2.4) screen=(1047.293, 368.0158)
[Dev] interact Shaman world=(-5.6, 0.0, 0.4) screen=(408.5833, 148.8999)
[Dev] interact Elder world=(2.0, 0.0, -5.6) screen=(1038.037, 191.6542)
[Dev] interact Jumo world=(7.1, 0.0, -1.4) screen=(1079.692, 440.1637)
[Dev] interact Waypoint world=(-4.2, 0.0, 2.2) screen=(390.0698, 234.4085)
[Dungeon] heukrang_gul 1층 lv=2 seed=403727558 gen 64x64 rooms=6 up=(44, 56) down=(7, 23) enemies=20 roster=bandit,bat,talisman_master elites=["방2:금색×3(깊이 0.50)"] named=-
[Quest] heukrang_gul 1층 — 싹쓸이 셈 시작 20 (heukrang_clear:none)
[Audio] BGM dungeon → dungeon_2.ogg
[Save] level 흑랑 굴 1층 → user://save_e2e.json (C:/Users/FORYOUCOM/AppData/Roaming/Godot/app_userdata/Joseon Hunters/wt/codex-558-combat-clock-trace/save_e2e.json)
[Dev] stairs StairsUp dir=-1 world=(44.5, 0.0, 56.5) screen=(593.7165, 335.9509)
[Dev] stairs StairsDown dir=1 world=(7.5, 0.0, 23.5) screen=(408.583, -1534.551)
[Dev] interact PusJar world=(29.5, 0.0, 42.5) screen=(547.433, -487.0705)
[Dev] interact @Area3D@25894 world=(14.5, 0.0, 24.5) screen=(686.2831, -1368.878)
[Dev] interact @Area3D@25895 world=(23.5, 0.0, 18.5) screen=(1380.534, -1288.714)
[Dev] interact LootChest world=(29.5, 0.0, 39.5) screen=(686.2831, -567.2349)
[Dev] interact @Area3D@25896 world=(40.5, 0.0, 38.5) screen=(1241.683, -300.0204)
[Dev] interact LootPot world=(21.5, 0.0, 43.5) screen=(130.8828, -674.1207)
[Dev] interact @Area3D@25897 world=(22.5, 0.0, 44.5) screen=(130.8829, -620.6779)
[Dev] interact @Area3D@25898 world=(19.5, 0.0, 9.5) screen=(1611.95, -1636.093)
[Dev] interact @Area3D@25899 world=(20.5, 0.0, 9.5) screen=(1658.234, -1609.372)
[Dev] interact @Area3D@25900 world=(44.5, 0.0, 51.5) screen=(825.1333, 154.2443)
[Dev] interact @Area3D@25901 world=(44.5, 0.0, 52.5) screen=(778.8499, 180.9657)
[Dev] interact @Area3D@25902 world=(21.5, 0.0, 39.5) screen=(316.0163, -781.0065)
[Dev] removed 20 enemies
[Skill] 참격 → mp 46/50
[Death] 도호 사망 → 1.2s 뒤 마을 복귀, 엽전 -0
  · ② 참격 — 시작 뒤 0.32초에 쓰러짐 · 그 전 피해 0 · 뒤 피해 0 · 뒤 곁들이 []
[Audio] BGM town → town.ogg
[Save] level 못골 마을 → user://save_e2e.json (C:/Users/FORYOUCOM/AppData/Roaming/Godot/app_userdata/Joseon Hunters/wt/codex-558-combat-clock-trace/save_e2e.json)
[Dev] stairs DungeonEntrance dir=1 world=(0.0, 0.0, -31.0) screen=(2121.067, -492.4143)
[Dev] interact Merchant world=(5.4, 0.0, -2.4) screen=(1047.293, 368.0158)
[Dev] interact Shaman world=(-5.6, 0.0, 0.4) screen=(408.5833, 148.8999)
[Dev] interact Elder world=(2.0, 0.0, -5.6) screen=(1038.037, 191.6542)
[Dev] interact Jumo world=(7.1, 0.0, -1.4) screen=(1079.692, 440.1637)
[Dev] interact Waypoint world=(-4.2, 0.0, 2.2) screen=(390.0698, 234.4085)
[Dungeon] heukrang_gul 1층 lv=2 seed=403727558 gen 64x64 rooms=6 up=(44, 56) down=(7, 23) enemies=20 roster=bandit,bat,talisman_master elites=["방2:금색×3(깊이 0.50)"] named=-
[Quest] heukrang_gul 1층 — 싹쓸이 셈 시작 20 (heukrang_clear:none)
[Audio] BGM dungeon → dungeon_4.ogg
[Save] level 흑랑 굴 1층 → user://save_e2e.json (C:/Users/FORYOUCOM/AppData/Roaming/Godot/app_userdata/Joseon Hunters/wt/codex-558-combat-clock-trace/save_e2e.json)
[Dev] stairs StairsUp dir=-1 world=(44.5, 0.0, 56.5) screen=(593.7165, 335.9509)
[Dev] stairs StairsDown dir=1 world=(7.5, 0.0, 23.5) screen=(408.583, -1534.551)
[Dev] interact PusJar world=(29.5, 0.0, 42.5) screen=(547.433, -487.0705)
[Dev] interact @Area3D@26245 world=(14.5, 0.0, 24.5) screen=(686.2831, -1368.878)
[Dev] interact @Area3D@26246 world=(23.5, 0.0, 18.5) screen=(1380.534, -1288.714)
[Dev] interact LootChest world=(29.5, 0.0, 39.5) screen=(686.2831, -567.2349)
[Dev] interact @Area3D@26247 world=(40.5, 0.0, 38.5) screen=(1241.683, -300.0204)
[Dev] interact LootPot world=(21.5, 0.0, 43.5) screen=(130.8828, -674.1207)
[Dev] interact @Area3D@26248 world=(22.5, 0.0, 44.5) screen=(130.8829, -620.6779)
[Dev] interact @Area3D@26249 world=(19.5, 0.0, 9.5) screen=(1611.95, -1636.093)
[Dev] interact @Area3D@26250 world=(20.5, 0.0, 9.5) screen=(1658.234, -1609.372)
[Dev] interact @Area3D@26251 world=(44.5, 0.0, 51.5) screen=(825.1333, 154.2443)
[Dev] interact @Area3D@26252 world=(44.5, 0.0, 52.5) screen=(778.8499, 180.9657)
[Dev] interact @Area3D@26253 world=(21.5, 0.0, 39.5) screen=(316.0163, -781.0065)
[Dev] removed 20 enemies
[Skill] 회오리베기 → mp 42/50
[Death] 도호 사망 → 1.2s 뒤 마을 복귀, 엽전 -0
  · ② 회오리 — 시작 뒤 0.17초에 쓰러짐 · 그 전 피해 0 · 뒤 피해 0 · 뒤 곁들이 []
[Audio] BGM town → town.ogg
[Save] level 못골 마을 → user://save_e2e.json (C:/Users/FORYOUCOM/AppData/Roaming/Godot/app_userdata/Joseon Hunters/wt/codex-558-combat-clock-trace/save_e2e.json)
[Dev] stairs DungeonEntrance dir=1 world=(0.0, 0.0, -31.0) screen=(2121.067, -492.4143)
[Dev] interact Merchant world=(5.4, 0.0, -2.4) screen=(1047.293, 368.0158)
[Dev] interact Shaman world=(-5.6, 0.0, 0.4) screen=(408.5833, 148.8999)
[Dev] interact Elder world=(2.0, 0.0, -5.6) screen=(1038.037, 191.6542)
[Dev] interact Jumo world=(7.1, 0.0, -1.4) screen=(1079.692, 440.1637)
[Dev] interact Waypoint world=(-4.2, 0.0, 2.2) screen=(390.0698, 234.4085)
[Dungeon] heukrang_gul 1층 lv=2 seed=403727558 gen 64x64 rooms=6 up=(44, 56) down=(7, 23) enemies=20 roster=bandit,bat,talisman_master elites=["방2:금색×3(깊이 0.50)"] named=-
[Quest] heukrang_gul 1층 — 싹쓸이 셈 시작 20 (heukrang_clear:none)
[Audio] BGM dungeon → dungeon_3.ogg
[Save] level 흑랑 굴 1층 → user://save_e2e.json (C:/Users/FORYOUCOM/AppData/Roaming/Godot/app_userdata/Joseon Hunters/wt/codex-558-combat-clock-trace/save_e2e.json)
[Dev] stairs StairsUp dir=-1 world=(44.5, 0.0, 56.5) screen=(593.7165, 335.9509)
[Dev] stairs StairsDown dir=1 world=(7.5, 0.0, 23.5) screen=(408.583, -1534.551)
[Dev] interact PusJar world=(29.5, 0.0, 42.5) screen=(547.433, -487.0705)
[Dev] interact @Area3D@26596 world=(14.5, 0.0, 24.5) screen=(686.2831, -1368.878)
[Dev] interact @Area3D@26597 world=(23.5, 0.0, 18.5) screen=(1380.534, -1288.714)
[Dev] interact LootChest world=(29.5, 0.0, 39.5) screen=(686.2831, -567.2349)
[Dev] interact @Area3D@26598 world=(40.5, 0.0, 38.5) screen=(1241.683, -300.0204)
[Dev] interact LootPot world=(21.5, 0.0, 43.5) screen=(130.8828, -674.1207)
[Dev] interact @Area3D@26599 world=(22.5, 0.0, 44.5) screen=(130.8829, -620.6779)
[Dev] interact @Area3D@26600 world=(19.5, 0.0, 9.5) screen=(1611.95, -1636.093)
[Dev] interact @Area3D@26601 world=(20.5, 0.0, 9.5) screen=(1658.234, -1609.372)
[Dev] interact @Area3D@26602 world=(44.5, 0.0, 51.5) screen=(825.1333, 154.2443)
[Dev] interact @Area3D@26603 world=(44.5, 0.0, 52.5) screen=(778.8499, 180.9657)
[Dev] interact @Area3D@26604 world=(21.5, 0.0, 39.5) screen=(316.0163, -781.0065)
[Dev] removed 20 enemies
[Skill] 돌진베기 → mp 44/50
[Death] 도호 사망 → 1.2s 뒤 마을 복귀, 엽전 -0
  · ② 돌진 · 떠나기 전 — 시작 뒤 0.12초에 쓰러짐 · 그 전 피해 0 · 뒤 피해 0 · 뒤 곁들이 []
[Audio] BGM town → town.ogg
[Save] level 못골 마을 → user://save_e2e.json (C:/Users/FORYOUCOM/AppData/Roaming/Godot/app_userdata/Joseon Hunters/wt/codex-558-combat-clock-trace/save_e2e.json)
[Dev] stairs DungeonEntrance dir=1 world=(0.0, 0.0, -31.0) screen=(2121.067, -492.4143)
[Dev] interact Merchant world=(5.4, 0.0, -2.4) screen=(1047.293, 368.0158)
[Dev] interact Shaman world=(-5.6, 0.0, 0.4) screen=(408.5833, 148.8999)
[Dev] interact Elder world=(2.0, 0.0, -5.6) screen=(1038.037, 191.6542)
[Dev] interact Jumo world=(7.1, 0.0, -1.4) screen=(1079.692, 440.1637)
[Dev] interact Waypoint world=(-4.2, 0.0, 2.2) screen=(390.0698, 234.4085)
[Dungeon] heukrang_gul 1층 lv=2 seed=403727558 gen 64x64 rooms=6 up=(44, 56) down=(7, 23) enemies=20 roster=bandit,bat,talisman_master elites=["방2:금색×3(깊이 0.50)"] named=-
[Quest] heukrang_gul 1층 — 싹쓸이 셈 시작 20 (heukrang_clear:none)
[Audio] BGM dungeon → dungeon_1.ogg
[Save] level 흑랑 굴 1층 → user://save_e2e.json (C:/Users/FORYOUCOM/AppData/Roaming/Godot/app_userdata/Joseon Hunters/wt/codex-558-combat-clock-trace/save_e2e.json)
[Dev] stairs StairsUp dir=-1 world=(44.5, 0.0, 56.5) screen=(593.7165, 335.9509)
[Dev] stairs StairsDown dir=1 world=(7.5, 0.0, 23.5) screen=(408.583, -1534.551)
[Dev] interact PusJar world=(29.5, 0.0, 42.5) screen=(547.433, -487.0705)
[Dev] interact @Area3D@26947 world=(14.5, 0.0, 24.5) screen=(686.2831, -1368.878)
[Dev] interact @Area3D@26948 world=(23.5, 0.0, 18.5) screen=(1380.534, -1288.714)
[Dev] interact LootChest world=(29.5, 0.0, 39.5) screen=(686.2831, -567.2349)
[Dev] interact @Area3D@26949 world=(40.5, 0.0, 38.5) screen=(1241.683, -300.0204)
[Dev] interact LootPot world=(21.5, 0.0, 43.5) screen=(130.8828, -674.1207)
[Dev] interact @Area3D@26950 world=(22.5, 0.0, 44.5) screen=(130.8829, -620.6779)
[Dev] interact @Area3D@26951 world=(19.5, 0.0, 9.5) screen=(1611.95, -1636.093)
[Dev] interact @Area3D@26952 world=(20.5, 0.0, 9.5) screen=(1658.234, -1609.372)
[Dev] interact @Area3D@26953 world=(44.5, 0.0, 51.5) screen=(825.1333, 154.2443)
[Dev] interact @Area3D@26954 world=(44.5, 0.0, 52.5) screen=(778.8499, 180.9657)
[Dev] interact @Area3D@26955 world=(21.5, 0.0, 39.5) screen=(316.0163, -781.0065)
[Dev] removed 20 enemies
[Skill] 돌진베기 → mp 44/50
[Death] 도호 사망 → 1.2s 뒤 마을 복귀, 엽전 -0
  · ② 돌진 · 도약 중 — 시작 뒤 0.47초에 쓰러짐 · 그 전 피해 0 · 뒤 피해 0 · 뒤 곁들이 []
[Audio] BGM town → town.ogg
[Save] level 못골 마을 → user://save_e2e.json (C:/Users/FORYOUCOM/AppData/Roaming/Godot/app_userdata/Joseon Hunters/wt/codex-558-combat-clock-trace/save_e2e.json)
[Dev] stairs DungeonEntrance dir=1 world=(0.0, 0.0, -31.0) screen=(2121.067, -492.4143)
[Dev] interact Merchant world=(5.4, 0.0, -2.4) screen=(1047.293, 368.0158)
[Dev] interact Shaman world=(-5.6, 0.0, 0.4) screen=(408.5833, 148.8999)
[Dev] interact Elder world=(2.0, 0.0, -5.6) screen=(1038.037, 191.6542)
[Dev] interact Jumo world=(7.1, 0.0, -1.4) screen=(1079.692, 440.1637)
[Dev] interact Waypoint world=(-4.2, 0.0, 2.2) screen=(390.0698, 234.4085)
[Dungeon] heukrang_gul 1층 lv=2 seed=403727558 gen 64x64 rooms=6 up=(44, 56) down=(7, 23) enemies=20 roster=bandit,bat,talisman_master elites=["방2:금색×3(깊이 0.50)"] named=-
[Quest] heukrang_gul 1층 — 싹쓸이 셈 시작 20 (heukrang_clear:none)
[Audio] BGM dungeon → dungeon_4.ogg
[Save] level 흑랑 굴 1층 → user://save_e2e.json (C:/Users/FORYOUCOM/AppData/Roaming/Godot/app_userdata/Joseon Hunters/wt/codex-558-combat-clock-trace/save_e2e.json)
[Dev] stairs StairsUp dir=-1 world=(44.5, 0.0, 56.5) screen=(593.7165, 335.9509)
[Dev] stairs StairsDown dir=1 world=(7.5, 0.0, 23.5) screen=(408.583, -1534.551)
[Dev] interact PusJar world=(29.5, 0.0, 42.5) screen=(547.433, -487.0705)
[Dev] interact @Area3D@27298 world=(14.5, 0.0, 24.5) screen=(686.2831, -1368.878)
[Dev] interact @Area3D@27299 world=(23.5, 0.0, 18.5) screen=(1380.534, -1288.714)
[Dev] interact LootChest world=(29.5, 0.0, 39.5) screen=(686.2831, -567.2349)
[Dev] interact @Area3D@27300 world=(40.5, 0.0, 38.5) screen=(1241.683, -300.0204)
[Dev] interact LootPot world=(21.5, 0.0, 43.5) screen=(130.8828, -674.1207)
[Dev] interact @Area3D@27301 world=(22.5, 0.0, 44.5) screen=(130.8829, -620.6779)
[Dev] interact @Area3D@27302 world=(19.5, 0.0, 9.5) screen=(1611.95, -1636.093)
[Dev] interact @Area3D@27303 world=(20.5, 0.0, 9.5) screen=(1658.234, -1609.372)
[Dev] interact @Area3D@27304 world=(44.5, 0.0, 51.5) screen=(825.1333, 154.2443)
[Dev] interact @Area3D@27305 world=(44.5, 0.0, 52.5) screen=(778.8499, 180.9657)
[Dev] interact @Area3D@27306 world=(21.5, 0.0, 39.5) screen=(316.0163, -781.0065)
[Dev] removed 20 enemies
[Talisman] 화염부 → 적 (23.7, 0.0, 49.5) (배율 1.20 · 아낌 false · 흩뿌리기 {  })
[Death] 도호 사망 → 1.2s 뒤 마을 복귀, 엽전 -0
  · ② 부적 시전 — 시작 뒤 0.27초에 쓰러짐 · 그 전 피해 0 · 뒤 피해 0 · 뒤 곁들이 []
[Audio] BGM town → town.ogg
[Save] level 못골 마을 → user://save_e2e.json (C:/Users/FORYOUCOM/AppData/Roaming/Godot/app_userdata/Joseon Hunters/wt/codex-558-combat-clock-trace/save_e2e.json)
[Dev] stairs DungeonEntrance dir=1 world=(0.0, 0.0, -31.0) screen=(2121.067, -492.4143)
[Dev] interact Merchant world=(5.4, 0.0, -2.4) screen=(1047.293, 368.0158)
[Dev] interact Shaman world=(-5.6, 0.0, 0.4) screen=(408.5833, 148.8999)
[Dev] interact Elder world=(2.0, 0.0, -5.6) screen=(1038.037, 191.6542)
[Dev] interact Jumo world=(7.1, 0.0, -1.4) screen=(1079.692, 440.1637)
[Dev] interact Waypoint world=(-4.2, 0.0, 2.2) screen=(390.0698, 234.4085)
E2E invisible_sword PASS (검사 68)
[Save] level 못골 마을 → user://save_e2e.json (C:/Users/FORYOUCOM/AppData/Roaming/Godot/app_userdata/Joseon Hunters/wt/codex-558-combat-clock-trace/save_e2e.json)
[Dev] stairs DungeonEntrance dir=1 world=(0.0, 0.0, -31.0) screen=(2121.067, -492.4143)
[Dev] interact Merchant world=(5.4, 0.0, -2.4) screen=(1047.293, 368.0158)
[Dev] interact Shaman world=(-5.6, 0.0, 0.4) screen=(408.5833, 148.8999)
[Dev] interact Elder world=(2.0, 0.0, -5.6) screen=(1038.037, 191.6542)
[Dev] interact Jumo world=(7.1, 0.0, -1.4) screen=(1079.692, 440.1637)
[Dev] interact Waypoint world=(-4.2, 0.0, 2.2) screen=(390.0698, 234.4085)
E2E ▶ heavy_react
[Dungeon] heukrang_gul 1층 lv=2 seed=403727558 gen 64x64 rooms=6 up=(44, 56) down=(7, 23) enemies=20 roster=bandit,bat,talisman_master elites=["방2:금색×3(깊이 0.50)"] named=-
[Quest] heukrang_gul 1층 — 싹쓸이 셈 시작 20 (heukrang_clear:none)
[Audio] BGM dungeon → dungeon_2.ogg
[Save] level 흑랑 굴 1층 → user://save_e2e.json (C:/Users/FORYOUCOM/AppData/Roaming/Godot/app_userdata/Joseon Hunters/wt/codex-558-combat-clock-trace/save_e2e.json)
[Dev] stairs StairsUp dir=-1 world=(44.5, 0.0, 56.5) screen=(593.7165, 335.9509)
[Dev] stairs StairsDown dir=1 world=(7.5, 0.0, 23.5) screen=(408.583, -1534.551)
[Dev] interact PusJar world=(29.5, 0.0, 42.5) screen=(547.433, -487.0705)
[Dev] interact @Area3D@27809 world=(14.5, 0.0, 24.5) screen=(686.2831, -1368.878)
[Dev] interact @Area3D@27810 world=(23.5, 0.0, 18.5) screen=(1380.534, -1288.714)
[Dev] interact LootChest world=(29.5, 0.0, 39.5) screen=(686.2831, -567.2349)
[Dev] interact @Area3D@27811 world=(40.5, 0.0, 38.5) screen=(1241.683, -300.0204)
[Dev] interact LootPot world=(21.5, 0.0, 43.5) screen=(130.8828, -674.1207)
[Dev] interact @Area3D@27812 world=(22.5, 0.0, 44.5) screen=(130.8829, -620.6779)
[Dev] interact @Area3D@27813 world=(19.5, 0.0, 9.5) screen=(1611.95, -1636.093)
[Dev] interact @Area3D@27814 world=(20.5, 0.0, 9.5) screen=(1658.234, -1609.372)
[Dev] interact @Area3D@27815 world=(44.5, 0.0, 51.5) screen=(825.1333, 154.2443)
[Dev] interact @Area3D@27816 world=(44.5, 0.0, 52.5) screen=(778.8499, 180.9657)
[Dev] interact @Area3D@27817 world=(21.5, 0.0, 39.5) screen=(316.0163, -781.0065)
[Dev] removed 20 enemies
  · ① 평타 1타: 뜬 높이 0.00 · 앞 0.22 · 옆 0.00 · 밀림 속도 3.67 · 반응 0.37초 · 클립 hit, run · 공격 0
  · ② 평타 3타: 뜬 높이 0.00 · 앞 0.33 · 옆 0.03 · 밀림 속도 5.50 · 반응 0.37초 · 클립 hit, run · 공격 0
  · ③ 강타(참격): 뜬 높이 0.52 · 앞 1.40 · 옆 0.00 · 밀림 속도 0.00 · 반응 1.45초 · 클립 hit, die, idle · 공격 0
  · ④ 회오리: 뜬 높이 0.47 · 앞 1.20 · 옆 0.00 · 밀림 속도 0.00 · 반응 1.42초 · 클립 hit, die, idle · 공격 0
  · ⑤ 돌진베기: 뜬 높이 0.00 · 앞 0.22 · 옆 0.00 · 밀림 속도 3.67 · 반응 0.37초 · 클립 hit, run · 공격 0
  · ⑥ 부적술사 강타: 뜬 높이 0.52 · 앞 1.40 · 옆 0.00 · 밀림 속도 0.00 · 반응 1.45초 · 클립 attack, die, idle · 공격 0
  · ⑦ 박쥐 강타: 뜬 높이 0.69 · 앞 1.96 · 옆 0.00 · 밀림 속도 0.00 · 반응 1.52초 · 클립  · 공격 0
  · ⑧ 흑랑 강타(제외): 뜬 높이 0.00 · 앞 0.08 · 옆 0.00 · 밀림 속도 1.33 · 반응 0.13초 · 클립 hit, idle · 공격 0
  · ⑨ 쿨다운 3.0초: 넘어져 있는 1.45초 + 쿨다운 = 한 판 4.45초 중 33%가 누움 (쿨다운 0이면 강타 쿨 1.5초에 걸려 97%)
  · ⑫ 돌진베기 넘어뜨리기 시험: 적 3.25u에서 맞아 4.55u에 누움 · 도호는 5.00u에 섬 → 사이 0.45u (겹침 문턱 0.80u) · 날아가는 내내 가장 가까웠던 거리 0.45u
  · ── 표 | 타격 · 적 | 뜬 높이 | 앞 거리 | 밀림 속도 | 반응 | 클립
  · 표 | ① 평타 1타 · 산적 | 0.00 | 0.22 | 3.67 | 0.37초 | hit, run
  · 표 | ② 평타 3타 · 산적 | 0.00 | 0.33 | 5.50 | 0.37초 | hit, run
  · 표 | ③ 강타(참격) · 산적 | 0.52 | 1.40 | 0.00 | 1.45초 | hit, die, idle
  · 표 | ④ 회오리 · 산적 | 0.47 | 1.20 | 0.00 | 1.42초 | hit, die, idle
  · 표 | ⑤ 돌진베기 · 산적 | 0.00 | 0.22 | 3.67 | 0.37초 | hit, run
  · 표 | ⑥ 강타 · 부적술사 | 0.52 | 1.40 | 0.00 | 1.45초 | attack, die, idle
  · 표 | ⑦ 강타 · 박쥐 | 0.69 | 1.96 | 0.00 | 1.52초 | (없음)
  · 표 | ⑧ 강타 · 흑랑(제외) | 0.00 | 0.08 | 1.33 | 0.13초 | hit, idle
  · §6.6 구현 있음(2단계 판정선) · 넘어짐 = 날아감 + 누움 0.5초 + 일어남 0.45초 · 쿨다운 3.0초
E2E heavy_react PASS (검사 97)
[Audio] BGM town → town.ogg
[Save] level 못골 마을 → user://save_e2e.json (C:/Users/FORYOUCOM/AppData/Roaming/Godot/app_userdata/Joseon Hunters/wt/codex-558-combat-clock-trace/save_e2e.json)
[Dev] stairs DungeonEntrance dir=1 world=(0.0, 0.0, -31.0) screen=(2121.067, -492.4143)
[Dev] interact Merchant world=(5.4, 0.0, -2.4) screen=(1047.293, 368.0158)
[Dev] interact Shaman world=(-5.6, 0.0, 0.4) screen=(408.5833, 148.8999)
[Dev] interact Elder world=(2.0, 0.0, -5.6) screen=(1038.037, 191.6542)
[Dev] interact Jumo world=(7.1, 0.0, -1.4) screen=(1079.692, 440.1637)
[Dev] interact Waypoint world=(-4.2, 0.0, 2.2) screen=(390.0698, 234.4085)
E2E ▶ pack_ai
[Dev] item 화염부 world=(32.5, 0.0, 70.5) screen=(-1072.484, 3072.227)
[Dev] item 빙결부 world=(33.5, 0.0, 69.5) screen=(-979.9173, 3072.227)
[Field] deulnyeok seed=355022911 128x128 props=2252 packs=18 enemies=74 waypoint=(62, 65) roster=bandit,bat,talisman_master elites=["13:파란×4@구간3"]
[Audio] BGM dungeon → dungeon_3.ogg
[Save] level 못골 들녘 → user://save_e2e.json (C:/Users/FORYOUCOM/AppData/Roaming/Godot/app_userdata/Joseon Hunters/wt/codex-558-combat-clock-trace/save_e2e.json)
[Dev] stairs Down_cave dir=1 world=(88.5, 0.0, 3.5) screen=(7212.236, 897.1014)
[Dev] interact Waypoint world=(62.5, 0.0, 65.5) screen=(3139.301, 1810.974)
[Dev] interact FloorItem world=(32.5, 0.0, 70.5) screen=(1519.384, 1142.938)
[Dev] interact @Area3D@28491 world=(33.5, 0.0, 69.5) screen=(1611.95, 1142.938)
[Dev] interact PusJar world=(95.5, 0.0, 103.5) screen=(2907.884, 3708.197)
[Dev] interact @Area3D@28638 world=(101.5, 0.0, 105.5) screen=(3093.018, 3921.969)
[Dev] interact @Area3D@28639 world=(98.5, 0.0, 107.5) screen=(2861.601, 3895.247)
[Dev] interact LootChest world=(27.5, 0.0, 70.5) screen=(1287.967, 1009.331)
[Dev] interact @Area3D@28640 world=(94.5, 0.0, 100.5) screen=(3000.451, 3601.312)
[Dev] interact @Area3D@28641 world=(55.5, 0.0, 52.5) screen=(3417.001, 1276.545)
[Dev] interact LootPot world=(46.5, 0.0, 68.5) screen=(2259.917, 1463.595)
[Dev] interact @Area3D@28642 world=(73.5, 0.0, 47.5) screen=(4481.519, 1623.924)
[Dev] interact @Area3D@28643 world=(90.5, 0.0, 47.5) screen=(5268.335, 2078.189)
[Dev] interact @Area3D@28644 world=(111.5, 0.0, 49.5) screen=(6147.719, 2692.782)
[Dev] interact @Area3D@28645 world=(101.5, 0.0, 101.5) screen=(3278.151, 3815.083)
[Dev] interact @Area3D@28646 world=(86.5, 0.0, 76.5) screen=(3740.984, 2746.225)
[Dev] interact @Area3D@28647 world=(53.5, 0.0, 52.5) screen=(3324.434, 1223.102)
[Dev] interact @Area3D@28648 world=(87.5, 0.0, 95.5) screen=(2907.884, 3280.654)
[Dev] interact @Area3D@28649 world=(26.5, 0.0, 66.5) screen=(1426.817, 875.7234)
[Dev] interact @Area3D@28650 world=(17.5, 0.0, 60.5) screen=(1287.967, 474.9016)
[Dev] interact @Area3D@28651 world=(86.5, 0.0, 22.5) screen=(6240.286, 1303.266)
[Dev] interact @Area3D@28652 world=(59.5, 0.0, 65.5) screen=(3000.451, 1730.81)
[Dev] interact @Area3D@28653 world=(18.5, 0.0, 74.5) screen=(686.2832, 875.7234)
[Dev] interact @Area3D@28654 world=(44.5, 0.0, 69.5) screen=(2121.067, 1436.874)
[Dev] interact @Area3D@28655 world=(73.5, 0.0, 49.5) screen=(4388.952, 1677.367)
[Dev] interact @Area3D@28656 world=(88.5, 0.0, 52.5) screen=(4944.352, 2158.353)
[Dev] removed 74 enemies
  · 띠 첫 자리 (18.5, 0.0, 64.5)
  · §13.4.1 구현 있음 — 판정선을 본다
[Dev] removed 0 enemies
[Dev] removed 6 enemies
[Dev] removed 1 enemies
[Dev] removed 0 enemies
[Kill] +46 xp (lv 2, 26/57)
[LevelUp] lv=2 stat_pts=5 skill_pts=1
[Dev] item 엽전 world=(34.54324, 0.0, 65.31499) screen=(696.8471, 420.3642)
[Dev] item 상품 무명옷 world=(34.54324, 0.0, 65.31499) screen=(696.8471, 420.3642)
[Dev] item 괴황지 world=(34.54324, 0.0, 65.31499) screen=(696.8471, 420.3642)
[Dev] item 엽전 world=(34.54324, 0.0, 65.31499) screen=(696.8471, 420.3642)
[Dev] item 무명띠 world=(34.54324, 0.0, 65.31499) screen=(696.8471, 420.3642)
[Audio] 같은 순간 같은 큐 상한(3) 넘침 — drop ×2 (버림 누계 338)
[Dev] removed 4 enemies
[Dev] removed 0 enemies
[Kill] +37 xp (lv 3, 6/104)
[LevelUp] lv=3 stat_pts=10 skill_pts=2
[Dev] item 엽전 world=(35.5, 0.0, 64.5) screen=(778.8499, 424.4585)
[Dev] item 엽전 world=(35.5, 0.0, 64.5) screen=(778.8499, 424.4585)
[Dev] item 무명 도포 world=(35.5, 0.0, 64.5) screen=(778.8499, 424.4585)
[Dev] item 화염부 world=(35.5, 0.0, 64.5) screen=(778.8499, 424.4585)
[Dev] item 미식별 목검 world=(35.5, 0.0, 64.5) screen=(778.8499, 424.4585)
[Audio] 같은 순간 같은 큐 상한(3) 넘침 — drop ×1 (버림 누계 339)
[Dev] removed 3 enemies
[Dev] removed 0 enemies
[Dev] removed 0 enemies
  · ── 표 (§13.4.1 전/후)
  · 표 | ① 무리 어그로: 한 대 뒤 깬 A 3/3 · B 0/3 · 신호 1+2 · 4.5초 뒤 A 곁 3/3 · B 깸 0
  · 표 | ② 놓침: 붙은 뒤 도호 24.9u 밖 → LOST 6.02초 · 도호 쪽 끝 x +5.75 (본 자리 +6.00) · 두리번 3.02초(517°) · 쉼 = 본 자리 0.25u · 처음 자리 8.75u · 숨음 → LOST 0.02초
  · 표 | ③ 흩어짐: 하수인 셋 — 멀어진 거리(가장 적은 몸) +5.47u · 흩어지는 2.5초 동안 공격 시작 0 · 돌아옴 [2.51666666666438, 2.51666666666438, 2.51666666666438] · 4.5초 뒤 다시 다가옴 3/3 · 곁(3칸) 2/3 · 박쥐 흩어짐 false
  · 표 | ④ 넘어뜨림: 산적 선딜 넘어짐 true · 한 대 0 | 우두머리 선딜 넘어짐 false · 선딜 그대로 true · 한 대 1 | 쫓던 우두머리 넘어짐 false · 경직 0.11초 · 넉백 속도 1.10 | 흑랑 넘어짐 false
E2E pack_ai PASS (검사 46)
[Audio] BGM town → town.ogg
[Save] level 못골 마을 → user://save_e2e.json (C:/Users/FORYOUCOM/AppData/Roaming/Godot/app_userdata/Joseon Hunters/wt/codex-558-combat-clock-trace/save_e2e.json)
[Dev] stairs DungeonEntrance dir=1 world=(0.0, 0.0, -31.0) screen=(2121.067, -492.4143)
[Dev] interact Merchant world=(5.4, 0.0, -2.4) screen=(1047.293, 368.0158)
[Dev] interact Shaman world=(-5.6, 0.0, 0.4) screen=(408.5833, 148.8999)
[Dev] interact Elder world=(2.0, 0.0, -5.6) screen=(1038.037, 191.6542)
[Dev] interact Jumo world=(7.1, 0.0, -1.4) screen=(1079.692, 440.1637)
[Dev] interact Waypoint world=(-4.2, 0.0, 2.2) screen=(390.0698, 234.4085)
E2E ▶ kill_slump
[Dungeon] heukrang_gul 1층 lv=2 seed=403727558 gen 64x64 rooms=6 up=(44, 56) down=(7, 23) enemies=20 roster=bandit,bat,talisman_master elites=["방2:금색×3(깊이 0.50)"] named=-
[Quest] heukrang_gul 1층 — 싹쓸이 셈 시작 20 (heukrang_clear:none)
[Audio] BGM dungeon → dungeon_4.ogg
[Save] level 흑랑 굴 1층 → user://save_e2e.json (C:/Users/FORYOUCOM/AppData/Roaming/Godot/app_userdata/Joseon Hunters/wt/codex-558-combat-clock-trace/save_e2e.json)
[Dev] stairs StairsUp dir=-1 world=(44.5, 0.0, 56.5) screen=(593.7165, 335.9509)
[Dev] stairs StairsDown dir=1 world=(7.5, 0.0, 23.5) screen=(408.583, -1534.551)
[Dev] interact PusJar world=(29.5, 0.0, 42.5) screen=(547.433, -487.0705)
[Dev] interact @Area3D@29040 world=(14.5, 0.0, 24.5) screen=(686.2831, -1368.878)
[Dev] interact @Area3D@29041 world=(23.5, 0.0, 18.5) screen=(1380.534, -1288.714)
[Dev] interact LootChest world=(29.5, 0.0, 39.5) screen=(686.2831, -567.2349)
[Dev] interact @Area3D@29042 world=(40.5, 0.0, 38.5) screen=(1241.683, -300.0204)
[Dev] interact LootPot world=(21.5, 0.0, 43.5) screen=(130.8828, -674.1207)
[Dev] interact @Area3D@29043 world=(22.5, 0.0, 44.5) screen=(130.8829, -620.6779)
[Dev] interact @Area3D@29044 world=(19.5, 0.0, 9.5) screen=(1611.95, -1636.093)
[Dev] interact @Area3D@29045 world=(20.5, 0.0, 9.5) screen=(1658.234, -1609.372)
[Dev] interact @Area3D@29046 world=(44.5, 0.0, 51.5) screen=(825.1333, 154.2443)
[Dev] interact @Area3D@29047 world=(44.5, 0.0, 52.5) screen=(778.8499, 180.9657)
[Dev] interact @Area3D@29048 world=(21.5, 0.0, 39.5) screen=(316.0163, -781.0065)
[Dev] removed 20 enemies
[Kill] +6 xp (lv 1, 6/20)
[Dev] item 엽전 world=(43.6, 0.0, 56.5) screen=(598.3447, 320.032)
[Save] quest → user://save_e2e.json (C:/Users/FORYOUCOM/AppData/Roaming/Godot/app_userdata/Joseon Hunters/wt/codex-558-combat-clock-trace/save_e2e.json)
[Quest] heukrang_clear 싹쓸이 완료 (none → killed)
  · ① 평타 막타: 누움 0.79초 · 이동 0.00 · 누운 골반 0.12 · 비틀림 0
[Kill] +6 xp (lv 1, 12/20)
[Dev] item 엽전 world=(43.6, 0.0, 57.7) screen=(542.8046, 352.0051)
[Dev] item 패랭이 world=(43.6, 0.0, 57.7) screen=(542.8046, 352.0051)
[Dev] item 식별부 world=(43.6, 0.0, 57.7) screen=(542.8046, 352.0051)
[Kill] +6 xp (lv 1, 18/20)
[Kill] +6 xp (lv 2, 4/57)
[LevelUp] lv=2 stat_pts=5 skill_pts=1
[Dev] item 엽전 world=(45.7, 0.0, 57.85) screen=(633.0574, 412.1284)
[Kill] +6 xp (lv 2, 10/57)
[Dev] item 엽전 world=(45.7, 0.0, 56.95) screen=(674.7123, 388.0791)
[Kill] +6 xp (lv 2, 16/57)
[Dev] item 엽전 world=(45.7, 0.0, 56.05) screen=(716.3675, 364.0298)
[Dev] item 목검 world=(45.7, 0.0, 56.05) screen=(716.3675, 364.0298)
[Kill] +6 xp (lv 2, 22/57)
[Dev] item 무명띠 world=(45.7, 0.0, 55.15) screen=(758.0224, 339.9805)
[Dev] item 탕약 — 쌍화탕 world=(45.7, 0.0, 55.15) screen=(758.0224, 339.9805)
[Kill] +6 xp (lv 2, 28/57)
[Dev] item 영약 — 생맥산 world=(45.7, 0.0, 54.25) screen=(799.6775, 315.9312)
  · ② 비틀림 갈래 [-1, 0, 1, 0, -1, 1] · 누운 방향 [-25.9999986745346, -0.00000250447817, 26.0000004957675, -0.00000250447817, -25.9999986745346, 26.0000004957675]°
[Kill] +5 xp (lv 2, 33/57)
[Kill] +6 xp (lv 2, 39/57)
[Dev] item 패랭이 world=(43.6, 0.0, 56.5) screen=(598.3447, 319.9388)
[Kill] +6 xp (lv 2, 45/57)
[Dev] item 엽전 world=(43.6, 0.0, 57.7) screen=(542.8046, 352.0046)
[Kill] +5 xp (lv 2, 50/57)
  · ⑥ 박쥐 평타: 이동 0.00 · 모델 높이 0.93 → 0.19
[Kill] +120 xp (lv 4, 9/160)
[LevelUp] lv=4 stat_pts=15 skill_pts=3
[Dev] item 영약 — 생맥산 world=(44.5, 0.0, 54.5) screen=(732.5665, 290.5453)
[Dev] item 탕약 — 쌍화탕 world=(44.5, 0.0, 54.5) screen=(732.5665, 290.5453)
[Dev] item 탕약 — 쌍화탕 world=(44.5, 0.0, 54.5) screen=(732.5665, 290.5453)
[Dev] item 식별부첩 world=(44.5, 0.0, 54.5) screen=(732.5665, 290.5453)
[Dev] item 흑랑 이빨 world=(44.5, 0.0, 54.5) screen=(732.5665, 290.5453)
[Dev] item 흑랑 이빨 world=(44.5, 0.0, 54.5) screen=(732.5665, 290.5453)
[Dev] item 미식별 목검 world=(44.5, 0.0, 54.5) screen=(732.5665, 290.5453)
[Dev] item 미식별 패랭이 world=(44.5, 0.0, 54.5) screen=(732.5665, 290.5453)
[Dev] item 미식별 옥패 world=(44.5, 0.0, 54.5) screen=(732.5665, 290.5453)
[Loot] 보스 전용 유니크 — boss_heukrang 첫 처치 → u_heukrang_fang (회차 1)
[Dev] item 흑랑의 봉인패 world=(44.5, 0.0, 54.5) screen=(732.5665, 290.5453)
[Dev] item 엽전 world=(44.5, 0.0, 54.5) screen=(732.5665, 290.5453)
[Save] boss → user://save_e2e.json (C:/Users/FORYOUCOM/AppData/Roaming/Godot/app_userdata/Joseon Hunters/wt/codex-558-combat-clock-trace/save_e2e.json)
[Boss] killed area= level=1 flags={ "opening_pending": false, "quest": { "heukrang_clear": { "state": "killed", "left": 0, "barked": false }, "heukrang_seal": { "state": "killed" }, "heukrang_thanks": { "state": "killed" } }, "seal:boss_heukrang": 1, "boss_killed_": true }
[Audio] 같은 순간 같은 큐 상한(3) 넘침 — drop ×5 (버림 누계 344)
[Kill] +6 xp (lv 4, 15/160)
[Dev] item 엽전 world=(43.6, 0.0, 56.5) screen=(598.3447, 319.9388)
[Dev] item 영약 — 생맥산 world=(43.6, 0.0, 56.5) screen=(598.3447, 319.9388)
  · 시체 10 · 핏자국 14 (상한 32) · 피 튐 크기 1.00
E2E kill_slump PASS (검사 51)
[Audio] BGM town → town.ogg
[Save] level 못골 마을 → user://save_e2e.json (C:/Users/FORYOUCOM/AppData/Roaming/Godot/app_userdata/Joseon Hunters/wt/codex-558-combat-clock-trace/save_e2e.json)
[Dev] stairs DungeonEntrance dir=1 world=(0.0, 0.0, -31.0) screen=(2121.067, -492.4143)
[Dev] interact Merchant world=(5.4, 0.0, -2.4) screen=(1047.293, 368.0158)
[Dev] interact Shaman world=(-5.6, 0.0, 0.4) screen=(408.5833, 148.8999)
[Dev] interact Elder world=(2.0, 0.0, -5.6) screen=(1038.037, 191.6542)
[Dev] interact Jumo world=(7.1, 0.0, -1.4) screen=(1079.692, 440.1637)
[Dev] interact Waypoint world=(-4.2, 0.0, 2.2) screen=(390.0698, 234.4085)
E2E ▶ kill_bisect
[Dungeon] heukrang_gul 1층 lv=2 seed=403727558 gen 64x64 rooms=6 up=(44, 56) down=(7, 23) enemies=20 roster=bandit,bat,talisman_master elites=["방2:금색×3(깊이 0.50)"] named=-
[Quest] heukrang_gul 1층 — 싹쓸이 셈 시작 20 (heukrang_clear:none)
[Audio] BGM dungeon → dungeon_1.ogg
[Save] level 흑랑 굴 1층 → user://save_e2e.json (C:/Users/FORYOUCOM/AppData/Roaming/Godot/app_userdata/Joseon Hunters/wt/codex-558-combat-clock-trace/save_e2e.json)
[Dev] stairs StairsUp dir=-1 world=(44.5, 0.0, 56.5) screen=(593.7165, 335.9509)
[Dev] stairs StairsDown dir=1 world=(7.5, 0.0, 23.5) screen=(408.583, -1534.551)
[Dev] interact PusJar world=(29.5, 0.0, 42.5) screen=(547.433, -487.0705)
[Dev] interact @Area3D@29468 world=(14.5, 0.0, 24.5) screen=(686.2831, -1368.878)
[Dev] interact @Area3D@29469 world=(23.5, 0.0, 18.5) screen=(1380.534, -1288.714)
[Dev] interact LootChest world=(29.5, 0.0, 39.5) screen=(686.2831, -567.2349)
[Dev] interact @Area3D@29470 world=(40.5, 0.0, 38.5) screen=(1241.683, -300.0204)
[Dev] interact LootPot world=(21.5, 0.0, 43.5) screen=(130.8828, -674.1207)
[Dev] interact @Area3D@29471 world=(22.5, 0.0, 44.5) screen=(130.8829, -620.6779)
[Dev] interact @Area3D@29472 world=(19.5, 0.0, 9.5) screen=(1611.95, -1636.093)
[Dev] interact @Area3D@29473 world=(20.5, 0.0, 9.5) screen=(1658.234, -1609.372)
[Dev] interact @Area3D@29474 world=(44.5, 0.0, 51.5) screen=(825.1333, 154.2443)
[Dev] interact @Area3D@29475 world=(44.5, 0.0, 52.5) screen=(778.8499, 180.9657)
[Dev] interact @Area3D@29476 world=(21.5, 0.0, 39.5) screen=(316.0163, -781.0065)
[Dev] removed 20 enemies
[Kill] +6 xp (lv 1, 6/20)
[Save] quest → user://save_e2e.json (C:/Users/FORYOUCOM/AppData/Roaming/Godot/app_userdata/Joseon Hunters/wt/codex-558-combat-clock-trace/save_e2e.json)
[Quest] heukrang_clear 싹쓸이 완료 (none → killed)
  · ① 평타 치명 (게임 371.6초에 막타 · +0.22초 갈라짐): 윗몸 옆으로 0.44 · 아랫몸 75° · 뿜음 5
[Kill] +6 xp (lv 1, 12/20)
[Dev] item 옥패 world=(22.5, 0.0, 51.1) screen=(607.6014, 410.7922)
[Kill] +6 xp (lv 1, 18/20)
  · ③ 강타 치명 (게임 373.8초에 막타): cleave · 윗몸 0.41u (계획 0.41) · 최고 +0.00
[Kill] +6 xp (lv 2, 4/57)
[LevelUp] lv=2 stat_pts=5 skill_pts=1
[Dev] item 엽전 world=(19.5, 0.0, 49.5) screen=(681.6547, 368.1341)
[Dev] item 상품 무명띠 world=(19.5, 0.0, 49.5) screen=(681.6547, 368.1341)
  · ⑦ 평타 (게임 375.6초에 막타): 칼 방향 (0.641327, -0.11905, 0.757975) · 칼끝 속도 (17.24422, -8.271224, -2.808105) → 궤적 25.3° · 갈래 d · 단면 25.3° · slide · 윗몸 계획 0.42u
[Kill] +6 xp (lv 2, 10/57)
  · ⑦ 회오리베기 (게임 377.5초에 막타): 칼 방향 (-0.722991, 0.312898, -0.615938) · 칼끝 속도 (-5.428936, -1.82791, -15.98337) → 궤적 6.2° · 갈래 h · 단면 6.2° · cleave · 윗몸 계획 0.45u
[Kill] +6 xp (lv 2, 16/57)
[Dev] item 엽전 world=(24.5, 0.0, 13.5) screen=(681.6549, 368.0399)
[Dev] item 미식별 은가락지 world=(24.5, 0.0, 13.5) screen=(681.6549, 368.0399)
  · ⑦ 참격 (게임 379.5초에 막타): 칼 방향 (0.1386, -0.53118, -0.835846) · 칼끝 속도 (3.555795, -15.28631, -7.706399) → 궤적 61.0° · 갈래 d · 단면 55.0° · slide · 윗몸 계획 0.34u
[Kill] +6 xp (lv 2, 22/57)
[Dev] item 엽전 world=(22.5, 0.0, 47.9) screen=(-1003.059, 1233.813)
[Dev] item 묵함 world=(22.5, 0.0, 47.9) screen=(-1003.059, 1233.813)
[Kill] +6 xp (lv 2, 28/57)
[Dev] item 철검 world=(22.5, 0.0, 47.9) screen=(-999.1885, 1227.361)
[Kill] +6 xp (lv 2, 34/57)
[Dev] item 엽전 world=(22.5, 0.0, 47.9) screen=(-999.2221, 1227.417)
[Dev] item 영약 — 생맥산 world=(22.5, 0.0, 47.9) screen=(-999.2221, 1227.417)
[Kill] +6 xp (lv 2, 40/57)
[Dev] item 엽전 world=(22.5, 0.0, 47.9) screen=(-999.2303, 1227.431)
[Kill] +5 xp (lv 2, 45/57)
[Dev] item 엽전 world=(22.5, 0.0, 47.9) screen=(-1003.012, 1233.733)
[Dev] item 탕약 — 쌍화탕 world=(22.5, 0.0, 47.9) screen=(-1003.012, 1233.733)
[Kill] +120 xp (lv 4, 4/160)
[LevelUp] lv=4 stat_pts=15 skill_pts=3
[Dev] item 영약 — 생맥산 world=(22.5, 0.0, 51.1) screen=(-1148.32, 1314.576)
[Dev] item 탕약 — 쌍화탕 world=(22.5, 0.0, 51.1) screen=(-1148.32, 1314.576)
[Dev] item 탕약 — 쌍화탕 world=(22.5, 0.0, 51.1) screen=(-1148.32, 1314.576)
[Dev] item 귀환부첩 world=(22.5, 0.0, 51.1) screen=(-1148.32, 1314.576)
[Dev] item 흑랑 이빨 world=(22.5, 0.0, 51.1) screen=(-1148.32, 1314.576)
[Dev] item 미식별 가죽신 world=(22.5, 0.0, 51.1) screen=(-1148.32, 1314.576)
[Dev] item 미식별 삿갓 world=(22.5, 0.0, 51.1) screen=(-1148.32, 1314.576)
[Dev] item 미식별 옥패 world=(22.5, 0.0, 51.1) screen=(-1148.32, 1314.576)
[Loot] 보스 전용 유니크 — boss_heukrang 첫 처치 → u_heukrang_fang (회차 1)
[Dev] item 흑랑의 봉인패 world=(22.5, 0.0, 51.1) screen=(-1148.32, 1314.576)
[Dev] item 엽전 world=(22.5, 0.0, 51.1) screen=(-1148.32, 1314.576)
[Save] boss → user://save_e2e.json (C:/Users/FORYOUCOM/AppData/Roaming/Godot/app_userdata/Joseon Hunters/wt/codex-558-combat-clock-trace/save_e2e.json)
[Boss] killed area= level=1 flags={ "opening_pending": false, "quest": { "heukrang_clear": { "state": "killed", "left": 0, "barked": false }, "heukrang_seal": { "state": "killed" }, "heukrang_thanks": { "state": "killed" } }, "seal:boss_heukrang": 1, "boss_killed_": true }
[Kill] +6 xp (lv 4, 10/160)
  · 무대 17곳 · 단면 기울기 평타 25.3° · 회오리 6.2° · 참격 55.0° · 시체 12 · 핏자국 17
[Kill] +6 xp (lv 4, 16/160)
[Audio] BGM town → town.ogg
[Save] level 못골 마을 → user://save_e2e.json (C:/Users/FORYOUCOM/AppData/Roaming/Godot/app_userdata/Joseon Hunters/wt/codex-558-combat-clock-trace/save_e2e.json)
[Dev] stairs DungeonEntrance dir=1 world=(0.0, 0.0, -31.0) screen=(2121.067, -492.4143)
[Dev] interact Merchant world=(5.4, 0.0, -2.4) screen=(1047.293, 368.0158)
[Dev] interact Shaman world=(-5.6, 0.0, 0.4) screen=(408.5833, 148.8999)
[Dev] interact Elder world=(2.0, 0.0, -5.6) screen=(1038.037, 191.6542)
[Dev] interact Jumo world=(7.1, 0.0, -1.4) screen=(1079.692, 440.1637)
[Dev] interact Waypoint world=(-4.2, 0.0, 2.2) screen=(390.0698, 234.4085)
E2E kill_bisect PASS (검사 68)
[Save] level 못골 마을 → user://save_e2e.json (C:/Users/FORYOUCOM/AppData/Roaming/Godot/app_userdata/Joseon Hunters/wt/codex-558-combat-clock-trace/save_e2e.json)
[Dev] stairs DungeonEntrance dir=1 world=(0.0, 0.0, -31.0) screen=(2121.067, -492.4143)
[Dev] interact Merchant world=(5.4, 0.0, -2.4) screen=(1047.293, 368.0158)
[Dev] interact Shaman world=(-5.6, 0.0, 0.4) screen=(408.5833, 148.8999)
[Dev] interact Elder world=(2.0, 0.0, -5.6) screen=(1038.037, 191.6542)
[Dev] interact Jumo world=(7.1, 0.0, -1.4) screen=(1079.692, 440.1637)
[Dev] interact Waypoint world=(-4.2, 0.0, 2.2) screen=(390.0698, 234.4085)
E2E ▶ slice_deaths
[Dungeon] heukrang_gul 1층 lv=2 seed=403727558 gen 64x64 rooms=6 up=(44, 56) down=(7, 23) enemies=20 roster=bandit,bat,talisman_master elites=["방2:금색×3(깊이 0.50)"] named=-
[Quest] heukrang_gul 1층 — 싹쓸이 셈 시작 20 (heukrang_clear:none)
[Audio] BGM dungeon → dungeon_2.ogg
[Save] level 흑랑 굴 1층 → user://save_e2e.json (C:/Users/FORYOUCOM/AppData/Roaming/Godot/app_userdata/Joseon Hunters/wt/codex-558-combat-clock-trace/save_e2e.json)
[Dev] stairs StairsUp dir=-1 world=(44.5, 0.0, 56.5) screen=(593.7165, 335.9509)
[Dev] stairs StairsDown dir=1 world=(7.5, 0.0, 23.5) screen=(408.583, -1534.551)
[Dev] interact PusJar world=(29.5, 0.0, 42.5) screen=(547.433, -487.0705)
[Dev] interact @Area3D@30099 world=(14.5, 0.0, 24.5) screen=(686.2831, -1368.878)
[Dev] interact @Area3D@30100 world=(23.5, 0.0, 18.5) screen=(1380.534, -1288.714)
[Dev] interact LootChest world=(29.5, 0.0, 39.5) screen=(686.2831, -567.2349)
[Dev] interact @Area3D@30101 world=(40.5, 0.0, 38.5) screen=(1241.683, -300.0204)
[Dev] interact LootPot world=(21.5, 0.0, 43.5) screen=(130.8828, -674.1207)
[Dev] interact @Area3D@30102 world=(22.5, 0.0, 44.5) screen=(130.8829, -620.6779)
[Dev] interact @Area3D@30103 world=(19.5, 0.0, 9.5) screen=(1611.95, -1636.093)
[Dev] interact @Area3D@30104 world=(20.5, 0.0, 9.5) screen=(1658.234, -1609.372)
[Dev] interact @Area3D@30105 world=(44.5, 0.0, 51.5) screen=(825.1333, 154.2443)
[Dev] interact @Area3D@30106 world=(44.5, 0.0, 52.5) screen=(778.8499, 180.9657)
[Dev] interact @Area3D@30107 world=(21.5, 0.0, 39.5) screen=(316.0163, -781.0065)
[Dev] removed 20 enemies
  · 무대 = (23.5, 0.0, 46.5) · 간격 ×1.00 · 도호 = 줄 앞 3.0u
[Kill] +6 xp (lv 1, 6/20)
[Kill] +5 xp (lv 1, 11/20)
[Kill] +9 xp (lv 2, 0/57)
[LevelUp] lv=2 stat_pts=5 skill_pts=1
[Dev] item 엽전 world=(22.93431, 0.0, 47.06569) screen=(587.6362, 306.1772)
[Kill] +11 xp (lv 2, 11/57)
[Dev] item 엽전 world=(24.03033, 0.0, 45.96967) screen=(689.0908, 306.1772)
[Dev] item 목검 world=(24.03033, 0.0, 45.96967) screen=(689.0908, 306.1772)
[Kill] +7 xp (lv 2, 18/57)
[Dev] item 무명띠 world=(25.12635, 0.0, 44.87365) screen=(790.5454, 306.1772)
[Dev] item 탕약 — 쌍화탕 world=(25.12635, 0.0, 44.87365) screen=(790.5454, 306.1772)
[Kill] +6 xp (lv 2, 24/57)
[Dev] item 영약 — 생맥산 world=(26.32843, 0.0, 43.67157) screen=(901.8179, 306.1772)
  · ① 평타 막타 — 게임 383.28초에 막타 (여섯 몸 같은 프레임)
[Save] quest → user://save_e2e.json (C:/Users/FORYOUCOM/AppData/Roaming/Godot/app_userdata/Joseon Hunters/wt/codex-558-combat-clock-trace/save_e2e.json)
[Quest] heukrang_clear 싹쓸이 완료 (none → killed)
[Audio] 같은 순간 같은 큐 상한(3) 넘침 — hit ×3 · enemy_hurt ×3 · kill_extra ×3 · enemy_die ×3 · blood_splat ×2 (버림 누계 358)
  ·   사람형: 이동 0.00 · 뜸 0.00 · 두 동강 false · 윗몸 0.00 · 단면 - · 누움 0.80초 · die 클립 true · 죽음 slump/slump
  ·   짐승: 이동 0.00 · 뜸 0.00 · 두 동강 false · 윗몸 0.00 · 단면 - · 누움 0.67초 · die 클립 true · 죽음 plague/slump
  ·   벌레: 이동 0.00 · 뜸 0.00 · 두 동강 false · 윗몸 0.00 · 단면 - · 누움 0.52초 · die 클립 false · 죽음 plague/drop
  ·   떠다님·피: 이동 0.00 · 뜸 0.00 · 두 동강 false · 윗몸 0.00 · 단면 - · 누움 0.52초 · die 클립 false · 죽음 drop/drop
  ·   떠다님·넋: 이동 0.00 · 뜸 0.00 · 두 동강 false · 윗몸 0.00 · 단면 - · 누움 0.52초 · die 클립 false · 죽음 scatter/scatter
  ·   큰 덩치: 이동 0.00 · 뜸 0.00 · 두 동강 false · 윗몸 0.00 · 단면 - · 누움 0.80초 · die 클립 true · 죽음 slump/slump
[Dev] removed 6 enemies
[Kill] +6 xp (lv 2, 30/57)
[Kill] +5 xp (lv 2, 35/57)
[Kill] +9 xp (lv 2, 44/57)
[Dev] item 엽전 world=(22.93431, 0.0, 47.06569) screen=(587.6362, 306.1772)
[Kill] +11 xp (lv 2, 55/57)
[Dev] item 엽전 world=(24.03033, 0.0, 45.96967) screen=(689.0908, 306.1772)
[Dev] item 목검 world=(24.03033, 0.0, 45.96967) screen=(689.0908, 306.1772)
[Kill] +7 xp (lv 3, 5/104)
[LevelUp] lv=3 stat_pts=10 skill_pts=2
[Dev] item 무명띠 world=(25.12635, 0.0, 44.87365) screen=(790.5454, 306.1772)
[Dev] item 탕약 — 쌍화탕 world=(25.12635, 0.0, 44.87365) screen=(790.5454, 306.1772)
[Kill] +6 xp (lv 3, 11/104)
[Dev] item 영약 — 생맥산 world=(26.32843, 0.0, 43.67157) screen=(901.8179, 306.1772)
  · ② 평타 치명 막타 — 게임 385.53초에 막타 (여섯 몸 같은 프레임)
[Audio] 같은 순간 같은 큐 상한(3) 넘침 — hit_crit ×3 · enemy_hurt ×3 · kill_extra ×3 · hit_crit_low ×3 · enemy_die ×3 · blood_splat ×2 (버림 누계 375)
  ·   사람형: 이동 0.00 · 뜸 0.00 · 두 동강 true · 윗몸 0.44 · 단면 0° · 누움 0.82초 · die 클립 true · 죽음 cleave/cleave
  ·   짐승: 이동 0.00 · 뜸 0.00 · 두 동강 true · 윗몸 0.41 · 단면 90° · 누움 0.82초 · die 클립 true · 죽음 plague/cleave
  ·   벌레: 이동 0.00 · 뜸 0.00 · 두 동강 false · 윗몸 0.00 · 단면 - · 누움 0.52초 · die 클립 false · 죽음 plague/slashed
  ·   떠다님·피: 이동 0.00 · 뜸 0.00 · 두 동강 false · 윗몸 0.00 · 단면 - · 누움 0.52초 · die 클립 false · 죽음 slashed/slashed
  ·   떠다님·넋: 이동 0.00 · 뜸 0.00 · 두 동강 false · 윗몸 0.00 · 단면 - · 누움 0.52초 · die 클립 false · 죽음 scatter/scatter
  ·   큰 덩치: 이동 0.00 · 뜸 0.00 · 두 동강 true · 윗몸 0.44 · 단면 0° · 누움 1.13초 · die 클립 true · 죽음 slide/slide
[Dev] removed 6 enemies
[Kill] +6 xp (lv 3, 17/104)
[Kill] +5 xp (lv 3, 22/104)
[Kill] +9 xp (lv 3, 31/104)
[Dev] item 엽전 world=(22.93431, 0.0, 47.06569) screen=(587.6362, 306.1772)
[Kill] +11 xp (lv 3, 42/104)
[Dev] item 엽전 world=(24.03033, 0.0, 45.96967) screen=(689.0908, 306.1772)
[Dev] item 목검 world=(24.03033, 0.0, 45.96967) screen=(689.0908, 306.1772)
[Kill] +7 xp (lv 3, 49/104)
[Dev] item 무명띠 world=(25.12635, 0.0, 44.87365) screen=(790.5454, 306.1772)
[Dev] item 탕약 — 쌍화탕 world=(25.12635, 0.0, 44.87365) screen=(790.5454, 306.1772)
[Kill] +6 xp (lv 3, 55/104)
[Dev] item 영약 — 생맥산 world=(26.32843, 0.0, 43.67157) screen=(901.8179, 306.1772)
  · ③ 참격 막타 — 사선 칼 — 게임 387.78초에 막타 (여섯 몸 같은 프레임)
[Audio] 같은 순간 같은 큐 상한(3) 넘침 — hit ×3 · enemy_hurt ×3 · kill_extra ×3 · enemy_die ×3 · blood_splat ×2 (버림 누계 389)
  ·   사람형: 이동 0.00 · 뜸 0.00 · 두 동강 true · 윗몸 0.33 · 단면 45° · 누움 0.83초 · die 클립 true · 죽음 cleave/cleave
  ·   짐승: 이동 0.00 · 뜸 0.00 · 두 동강 true · 윗몸 0.41 · 단면 90° · 누움 0.83초 · die 클립 true · 죽음 plague/cleave
  ·   벌레: 이동 0.00 · 뜸 0.00 · 두 동강 false · 윗몸 0.00 · 단면 - · 누움 0.53초 · die 클립 false · 죽음 plague/slashed
  ·   떠다님·피: 이동 0.00 · 뜸 0.00 · 두 동강 false · 윗몸 0.00 · 단면 - · 누움 0.53초 · die 클립 false · 죽음 slashed/slashed
  ·   떠다님·넋: 이동 0.00 · 뜸 0.00 · 두 동강 false · 윗몸 0.00 · 단면 - · 누움 0.53초 · die 클립 false · 죽음 scatter/scatter
  ·   큰 덩치: 이동 0.00 · 뜸 0.00 · 두 동강 true · 윗몸 0.37 · 단면 45° · 누움 1.13초 · die 클립 true · 죽음 slide/slide
[Dev] removed 6 enemies
[Kill] +6 xp (lv 3, 61/104)
[Kill] +5 xp (lv 3, 66/104)
[Kill] +9 xp (lv 3, 75/104)
[Dev] item 엽전 world=(22.93431, 0.0, 47.06569) screen=(587.6362, 306.1772)
[Kill] +11 xp (lv 3, 86/104)
[Dev] item 엽전 world=(24.03033, 0.0, 45.96967) screen=(689.0908, 306.1772)
[Dev] item 목검 world=(24.03033, 0.0, 45.96967) screen=(689.0908, 306.1772)
[Kill] +7 xp (lv 3, 93/104)
[Dev] item 무명띠 world=(25.12635, 0.0, 44.87365) screen=(790.5454, 306.1772)
[Dev] item 탕약 — 쌍화탕 world=(25.12635, 0.0, 44.87365) screen=(790.5454, 306.1772)
[Kill] +6 xp (lv 3, 99/104)
[Dev] item 영약 — 생맥산 world=(26.32843, 0.0, 43.67157) screen=(901.8179, 306.1772)
  · ④ 회오리 막타 — 가로 칼 — 게임 390.03초에 막타 (여섯 몸 같은 프레임)
[Audio] 같은 순간 같은 큐 상한(3) 넘침 — hit ×3 · enemy_hurt ×3 · kill_extra ×3 · enemy_die ×3 · blood_splat ×2 (버림 누계 403)
  ·   사람형: 이동 0.00 · 뜸 0.00 · 두 동강 true · 윗몸 0.33 · 단면 0° · 누움 0.82초 · die 클립 true · 죽음 cleave/cleave
  ·   짐승: 이동 0.00 · 뜸 0.00 · 두 동강 true · 윗몸 0.41 · 단면 90° · 누움 0.82초 · die 클립 true · 죽음 plague/cleave
  ·   벌레: 이동 0.00 · 뜸 0.00 · 두 동강 false · 윗몸 0.00 · 단면 - · 누움 0.52초 · die 클립 false · 죽음 plague/slashed
  ·   떠다님·피: 이동 0.00 · 뜸 0.00 · 두 동강 false · 윗몸 0.00 · 단면 - · 누움 0.52초 · die 클립 false · 죽음 slashed/slashed
  ·   떠다님·넋: 이동 0.00 · 뜸 0.00 · 두 동강 false · 윗몸 0.00 · 단면 - · 누움 0.52초 · die 클립 false · 죽음 scatter/scatter
  ·   큰 덩치: 이동 0.00 · 뜸 0.00 · 두 동강 true · 윗몸 0.44 · 단면 0° · 누움 1.12초 · die 클립 true · 죽음 slide/slide
[Dev] removed 6 enemies
[Kill] +6 xp (lv 4, 1/160)
[LevelUp] lv=4 stat_pts=15 skill_pts=3
[Kill] +5 xp (lv 4, 6/160)
[Kill] +9 xp (lv 4, 15/160)
[Dev] item 엽전 world=(22.93431, 0.0, 47.06569) screen=(587.6362, 306.1772)
[Kill] +11 xp (lv 4, 26/160)
[Dev] item 엽전 world=(24.03033, 0.0, 45.96967) screen=(689.0908, 306.1772)
[Dev] item 목검 world=(24.03033, 0.0, 45.96967) screen=(689.0908, 306.1772)
[Kill] +7 xp (lv 4, 33/160)
[Dev] item 무명띠 world=(25.12635, 0.0, 44.87365) screen=(790.5454, 306.1772)
[Dev] item 탕약 — 쌍화탕 world=(25.12635, 0.0, 44.87365) screen=(790.5454, 306.1772)
[Kill] +6 xp (lv 4, 39/160)
[Dev] item 영약 — 생맥산 world=(26.32843, 0.0, 43.67157) screen=(901.8179, 306.1772)
  · ⑤ 도약 베기 막타 — 세로 칼 — 게임 392.30초에 막타 (여섯 몸 같은 프레임)
[Audio] 같은 순간 같은 큐 상한(3) 넘침 — hit ×3 · enemy_hurt ×3 · kill_extra ×3 · enemy_die ×3 · blood_splat ×2 (버림 누계 417)
  ·   사람형: 이동 0.00 · 뜸 0.00 · 두 동강 true · 윗몸 0.99 · 단면 90° · 누움 0.68초 · die 클립 true · 죽음 cleave/cleave
  ·   짐승: 이동 0.00 · 뜸 0.00 · 두 동강 true · 윗몸 0.41 · 단면 90° · 누움 0.82초 · die 클립 true · 죽음 plague/cleave
  ·   벌레: 이동 0.00 · 뜸 0.00 · 두 동강 false · 윗몸 0.00 · 단면 - · 누움 0.52초 · die 클립 false · 죽음 plague/slashed
  ·   떠다님·피: 이동 0.00 · 뜸 0.00 · 두 동강 false · 윗몸 0.00 · 단면 - · 누움 0.52초 · die 클립 false · 죽음 slashed/slashed
  ·   떠다님·넋: 이동 0.00 · 뜸 0.00 · 두 동강 false · 윗몸 0.00 · 단면 - · 누움 0.52초 · die 클립 false · 죽음 scatter/scatter
  ·   큰 덩치: 이동 0.00 · 뜸 0.00 · 두 동강 true · 윗몸 1.77 · 단면 90° · 누움 0.82초 · die 클립 true · 죽음 cleave/cleave
[Dev] removed 6 enemies
[Kill] +6 xp (lv 4, 45/160)
[Kill] +5 xp (lv 4, 50/160)
[Kill] +9 xp (lv 4, 59/160)
[Dev] item 엽전 world=(22.93431, 0.0, 47.06569) screen=(587.6362, 306.1772)
[Kill] +11 xp (lv 4, 70/160)
[Dev] item 엽전 world=(24.03033, 0.0, 45.96967) screen=(689.0908, 306.1772)
[Dev] item 목검 world=(24.03033, 0.0, 45.96967) screen=(689.0908, 306.1772)
[Kill] +7 xp (lv 4, 77/160)
[Dev] item 무명띠 world=(25.12635, 0.0, 44.87365) screen=(790.5454, 306.1772)
[Dev] item 탕약 — 쌍화탕 world=(25.12635, 0.0, 44.87365) screen=(790.5454, 306.1772)
[Kill] +6 xp (lv 4, 83/160)
[Dev] item 영약 — 생맥산 world=(26.32843, 0.0, 43.67157) screen=(901.8179, 306.1772)
  · ⑥ 참격 치명 + 넘친 피해 — 게임 394.55초에 막타 (여섯 몸 같은 프레임)
[Audio] 같은 순간 같은 큐 상한(3) 넘침 — hit_crit ×3 · enemy_hurt ×3 · kill_extra ×3 · hit_crit_low ×3 · enemy_die ×3 · blood_splat ×2 (버림 누계 434)
  ·   사람형: 이동 0.00 · 뜸 0.00 · 두 동강 true · 윗몸 0.45 · 단면 45° · 누움 0.82초 · die 클립 true · 죽음 gibs/cleave
  ·   짐승: 이동 0.00 · 뜸 0.00 · 두 동강 true · 윗몸 0.41 · 단면 90° · 누움 0.82초 · die 클립 true · 죽음 plague/cleave
  ·   벌레: 이동 0.00 · 뜸 0.00 · 두 동강 false · 윗몸 0.00 · 단면 - · 누움 0.52초 · die 클립 false · 죽음 plague/slashed
  ·   떠다님·피: 이동 0.00 · 뜸 0.00 · 두 동강 false · 윗몸 0.00 · 단면 - · 누움 0.52초 · die 클립 false · 죽음 slashed/slashed
  ·   떠다님·넋: 이동 0.00 · 뜸 0.00 · 두 동강 false · 윗몸 0.00 · 단면 - · 누움 0.52초 · die 클립 false · 죽음 scatter/scatter
  ·   큰 덩치: 이동 0.00 · 뜸 0.00 · 두 동강 true · 윗몸 0.37 · 단면 45° · 누움 1.12초 · die 클립 true · 죽음 gibs/slide
[Dev] removed 6 enemies
[Kill] +6 xp (lv 4, 89/160)
[Kill] +5 xp (lv 4, 94/160)
[Kill] +9 xp (lv 4, 103/160)
[Dev] item 엽전 world=(22.93431, 0.0, 47.06569) screen=(587.6362, 306.1772)
[Kill] +11 xp (lv 4, 114/160)
[Dev] item 엽전 world=(24.03033, 0.0, 45.96967) screen=(689.0908, 306.1772)
[Dev] item 목검 world=(24.03033, 0.0, 45.96967) screen=(689.0908, 306.1772)
[Kill] +7 xp (lv 4, 121/160)
[Dev] item 무명띠 world=(25.12635, 0.0, 44.87365) screen=(790.5454, 306.1772)
[Dev] item 탕약 — 쌍화탕 world=(25.12635, 0.0, 44.87365) screen=(790.5454, 306.1772)
[Kill] +6 xp (lv 4, 127/160)
[Dev] item 영약 — 생맥산 world=(26.32843, 0.0, 43.67157) screen=(901.8179, 306.1772)
  · ⑦ 화염 막타 (부적, dev 강제) — 게임 396.80초에 막타 (여섯 몸 같은 프레임)
[Audio] 같은 순간 같은 큐 상한(3) 넘침 — enemy_hurt ×3 · kill_extra ×3 · enemy_die ×3 · burn ×3 (버림 누계 446)
  ·   사람형: 이동 0.00 · 뜸 0.00 · 두 동강 false · 윗몸 0.00 · 단면 - · 누움 0.52초 · die 클립 true · 죽음 ash/ash
  ·   짐승: 이동 0.00 · 뜸 0.00 · 두 동강 false · 윗몸 0.00 · 단면 - · 누움 0.52초 · die 클립 true · 죽음 ash/ash
  ·   벌레: 이동 0.00 · 뜸 0.00 · 두 동강 false · 윗몸 0.00 · 단면 - · 누움 0.52초 · die 클립 false · 죽음 ash/ash
  ·   떠다님·피: 이동 0.00 · 뜸 0.00 · 두 동강 false · 윗몸 0.00 · 단면 - · 누움 0.52초 · die 클립 false · 죽음 ash/ash
  ·   떠다님·넋: 이동 0.00 · 뜸 0.00 · 두 동강 false · 윗몸 0.00 · 단면 - · 누움 0.52초 · die 클립 false · 죽음 ash/ash
  ·   큰 덩치: 이동 0.00 · 뜸 0.00 · 두 동강 false · 윗몸 0.00 · 단면 - · 누움 0.52초 · die 클립 true · 죽음 ash/ash
[Dev] removed 6 enemies
[Kill] +6 xp (lv 4, 133/160)
[Kill] +5 xp (lv 4, 138/160)
[Kill] +9 xp (lv 4, 147/160)
[Dev] item 엽전 world=(22.93431, 0.0, 47.06569) screen=(587.6362, 306.1772)
[Kill] +11 xp (lv 4, 158/160)
[Dev] item 엽전 world=(24.03033, 0.0, 45.96967) screen=(689.0908, 306.1772)
[Dev] item 목검 world=(24.03033, 0.0, 45.96967) screen=(689.0908, 306.1772)
[Kill] +7 xp (lv 5, 5/224)
[LevelUp] lv=5 stat_pts=20 skill_pts=4
[Dev] item 무명띠 world=(25.12635, 0.0, 44.87365) screen=(790.5454, 306.1772)
[Dev] item 탕약 — 쌍화탕 world=(25.12635, 0.0, 44.87365) screen=(790.5454, 306.1772)
[Kill] +6 xp (lv 5, 11/224)
[Dev] item 영약 — 생맥산 world=(26.32843, 0.0, 43.67157) screen=(901.8179, 306.1772)
  · ⑧ 냉기 막타 (빙결 뒤 참격, dev 강제) — 게임 399.05초에 막타 (여섯 몸 같은 프레임)
[Audio] 같은 순간 같은 큐 상한(3) 넘침 — hit ×3 · enemy_hurt ×3 · kill_extra ×3 · enemy_die ×3 · freeze ×3 (버림 누계 461)
[Audio] 같은 순간 같은 큐 상한(3) 넘침 — shatter ×3 (버림 누계 464)
  ·   사람형: 이동 0.00 · 뜸 0.00 · 두 동강 false · 윗몸 0.00 · 단면 - · 누움 0.52초 · die 클립 true · 죽음 shatter/shatter
  ·   짐승: 이동 0.00 · 뜸 0.00 · 두 동강 false · 윗몸 0.00 · 단면 - · 누움 0.52초 · die 클립 true · 죽음 shatter/shatter
  ·   벌레: 이동 0.00 · 뜸 0.00 · 두 동강 false · 윗몸 0.00 · 단면 - · 누움 0.52초 · die 클립 false · 죽음 shatter/shatter
  ·   떠다님·피: 이동 0.00 · 뜸 0.00 · 두 동강 false · 윗몸 0.00 · 단면 - · 누움 0.52초 · die 클립 false · 죽음 shatter/shatter
  ·   떠다님·넋: 이동 0.00 · 뜸 0.00 · 두 동강 false · 윗몸 0.00 · 단면 - · 누움 0.52초 · die 클립 false · 죽음 shatter/shatter
  ·   큰 덩치: 이동 0.00 · 뜸 0.00 · 두 동강 false · 윗몸 0.00 · 단면 - · 누움 0.52초 · die 클립 true · 죽음 shatter/shatter
[Dev] removed 6 enemies
[Kill] +6 xp (lv 5, 17/224)
[Kill] +5 xp (lv 5, 22/224)
[Kill] +9 xp (lv 5, 31/224)
[Dev] item 엽전 world=(22.93431, 0.0, 47.06569) screen=(587.6362, 306.1772)
[Kill] +11 xp (lv 5, 42/224)
[Dev] item 엽전 world=(24.03033, 0.0, 45.96967) screen=(689.0908, 306.1772)
[Dev] item 목검 world=(24.03033, 0.0, 45.96967) screen=(689.0908, 306.1772)
[Kill] +7 xp (lv 5, 49/224)
[Dev] item 무명띠 world=(25.12635, 0.0, 44.87365) screen=(790.5454, 306.1772)
[Dev] item 탕약 — 쌍화탕 world=(25.12635, 0.0, 44.87365) screen=(790.5454, 306.1772)
[Kill] +6 xp (lv 5, 55/224)
[Dev] item 영약 — 생맥산 world=(26.32843, 0.0, 43.67157) screen=(901.8179, 306.1772)
  · ⑨ 피 끄기 + 참격 막타 — 게임 401.30초에 막타 (여섯 몸 같은 프레임)
[Audio] 같은 순간 같은 큐 상한(3) 넘침 — hit ×3 · enemy_hurt ×3 · kill_extra ×3 · enemy_die ×3 · blood_splat ×2 (버림 누계 478)
  ·   사람형: 이동 0.00 · 뜸 0.00 · 두 동강 true · 윗몸 0.33 · 단면 45° · 누움 0.82초 · die 클립 true · 죽음 cleave/cleave
  ·   짐승: 이동 0.00 · 뜸 0.00 · 두 동강 true · 윗몸 0.41 · 단면 90° · 누움 0.82초 · die 클립 true · 죽음 plague/cleave
  ·   벌레: 이동 0.00 · 뜸 0.00 · 두 동강 false · 윗몸 0.00 · 단면 - · 누움 0.52초 · die 클립 false · 죽음 plague/slashed
  ·   떠다님·피: 이동 0.00 · 뜸 0.00 · 두 동강 false · 윗몸 0.00 · 단면 - · 누움 0.52초 · die 클립 false · 죽음 slashed/slashed
  ·   떠다님·넋: 이동 0.00 · 뜸 0.00 · 두 동강 false · 윗몸 0.00 · 단면 - · 누움 0.52초 · die 클립 false · 죽음 scatter/scatter
  ·   큰 덩치: 이동 0.00 · 뜸 0.00 · 두 동강 true · 윗몸 0.37 · 단면 45° · 누움 1.12초 · die 클립 true · 죽음 slide/slide
[Dev] removed 6 enemies
[Kill] +6 xp (lv 5, 61/224)
[Dev] item 탕약 — 쌍화탕 world=(20.74228, 0.0, 49.25772) screen=(384.727, 306.1772)
  · ⑩ 산적1 — 게임 403.53초에 막타
[Kill] +6 xp (lv 5, 67/224)
[Dev] item 엽전 world=(21.8383, 0.0, 48.1617) screen=(486.1816, 306.1772)
[Dev] item 은가락지 world=(21.8383, 0.0, 48.1617) screen=(486.1816, 306.1772)
  · ⑩ 산적2 — 게임 404.35초에 막타
[Kill] +6 xp (lv 5, 73/224)
[Dev] item 엽전 world=(22.93431, 0.0, 47.06569) screen=(587.6362, 306.1772)
  · ⑩ 산적3 — 게임 405.17초에 막타
[Kill] +6 xp (lv 5, 79/224)
[Dev] item 엽전 world=(24.03033, 0.0, 45.96967) screen=(689.0908, 306.1772)
  · ⑩ 산적4 — 게임 405.98초에 막타
[Kill] +6 xp (lv 5, 85/224)
  · ⑩ 산적5 — 게임 406.80초에 막타
  · ⑩ 반복 — 같은 참격(사선 칼) 다섯 번:
  ·   산적1: 이동 0.00 · 뜸 0.00 · 두 동강 true · 윗몸 0.33 · 단면 45° · 누움 0.82초 · die 클립 true · 죽음 cleave/cleave
  ·   산적2: 이동 0.00 · 뜸 0.00 · 두 동강 true · 윗몸 0.37 · 단면 45° · 누움 1.12초 · die 클립 true · 죽음 slide/slide
  ·   산적3: 이동 0.00 · 뜸 0.00 · 두 동강 true · 윗몸 0.33 · 단면 45° · 누움 0.82초 · die 클립 true · 죽음 cleave/cleave
  ·   산적4: 이동 0.00 · 뜸 0.00 · 두 동강 true · 윗몸 0.37 · 단면 45° · 누움 1.12초 · die 클립 true · 죽음 slide/slide
  ·   산적5: 이동 0.00 · 뜸 0.00 · 두 동강 true · 윗몸 0.33 · 단면 45° · 누움 0.82초 · die 클립 true · 죽음 cleave/cleave
[Dev] removed 5 enemies
E2E slice_deaths PASS (검사 111)
[Audio] BGM town → town.ogg
[Save] level 못골 마을 → user://save_e2e.json (C:/Users/FORYOUCOM/AppData/Roaming/Godot/app_userdata/Joseon Hunters/wt/codex-558-combat-clock-trace/save_e2e.json)
[Dev] stairs DungeonEntrance dir=1 world=(0.0, 0.0, -31.0) screen=(2121.067, -492.4143)
[Dev] interact Merchant world=(5.4, 0.0, -2.4) screen=(1047.293, 368.0158)
[Dev] interact Shaman world=(-5.6, 0.0, 0.4) screen=(408.5833, 148.8999)
[Dev] interact Elder world=(2.0, 0.0, -5.6) screen=(1038.037, 191.6542)
[Dev] interact Jumo world=(7.1, 0.0, -1.4) screen=(1079.692, 440.1637)
[Dev] interact Waypoint world=(-4.2, 0.0, 2.2) screen=(390.0698, 234.4085)
E2E ▶ monster_motion_gallery
  · 봉우리 셈 자기검사 — 표본 위상 20가지 × 봉우리 셋: 꼭짓점 폭 0.0025초 (표본 그대로면 0.0158초) · 대칭 봉우리 오차 0.0002초
[Dev] item 화염부 world=(32.5, 0.0, 70.5) screen=(-1072.484, 3072.227)
[Dev] item 빙결부 world=(33.5, 0.0, 69.5) screen=(-979.9173, 3072.227)
[Field] deulnyeok seed=355022911 128x128 props=2252 packs=18 enemies=74 waypoint=(62, 65) roster=bandit,bat,talisman_master elites=["13:파란×4@구간3"]
[Audio] BGM dungeon → dungeon_3.ogg
[Save] level 못골 들녘 → user://save_e2e.json (C:/Users/FORYOUCOM/AppData/Roaming/Godot/app_userdata/Joseon Hunters/wt/codex-558-combat-clock-trace/save_e2e.json)
[Dev] stairs Down_cave dir=1 world=(88.5, 0.0, 3.5) screen=(7212.236, 897.1014)
[Dev] interact Waypoint world=(62.5, 0.0, 65.5) screen=(3139.301, 1810.974)
[Dev] interact FloorItem world=(32.5, 0.0, 70.5) screen=(1519.384, 1142.938)
[Dev] interact @Area3D@31150 world=(33.5, 0.0, 69.5) screen=(1611.95, 1142.938)
[Dev] interact PusJar world=(95.5, 0.0, 103.5) screen=(2907.884, 3708.197)
[Dev] interact @Area3D@31297 world=(101.5, 0.0, 105.5) screen=(3093.018, 3921.969)
[Dev] interact @Area3D@31298 world=(98.5, 0.0, 107.5) screen=(2861.601, 3895.247)
[Dev] interact LootChest world=(27.5, 0.0, 70.5) screen=(1287.967, 1009.331)
[Dev] interact @Area3D@31299 world=(94.5, 0.0, 100.5) screen=(3000.451, 3601.312)
[Dev] interact @Area3D@31300 world=(55.5, 0.0, 52.5) screen=(3417.001, 1276.545)
[Dev] interact LootPot world=(46.5, 0.0, 68.5) screen=(2259.917, 1463.595)
[Dev] interact @Area3D@31301 world=(73.5, 0.0, 47.5) screen=(4481.519, 1623.924)
[Dev] interact @Area3D@31302 world=(90.5, 0.0, 47.5) screen=(5268.335, 2078.189)
[Dev] interact @Area3D@31303 world=(111.5, 0.0, 49.5) screen=(6147.719, 2692.782)
[Dev] interact @Area3D@31304 world=(101.5, 0.0, 101.5) screen=(3278.151, 3815.083)
[Dev] interact @Area3D@31305 world=(86.5, 0.0, 76.5) screen=(3740.984, 2746.225)
[Dev] interact @Area3D@31306 world=(53.5, 0.0, 52.5) screen=(3324.434, 1223.102)
[Dev] interact @Area3D@31307 world=(87.5, 0.0, 95.5) screen=(2907.884, 3280.654)
[Dev] interact @Area3D@31308 world=(26.5, 0.0, 66.5) screen=(1426.817, 875.7234)
[Dev] interact @Area3D@31309 world=(17.5, 0.0, 60.5) screen=(1287.967, 474.9016)
[Dev] interact @Area3D@31310 world=(86.5, 0.0, 22.5) screen=(6240.286, 1303.266)
[Dev] interact @Area3D@31311 world=(59.5, 0.0, 65.5) screen=(3000.451, 1730.81)
[Dev] interact @Area3D@31312 world=(18.5, 0.0, 74.5) screen=(686.2832, 875.7234)
[Dev] interact @Area3D@31313 world=(44.5, 0.0, 69.5) screen=(2121.067, 1436.874)
[Dev] interact @Area3D@31314 world=(73.5, 0.0, 49.5) screen=(4388.952, 1677.367)
[Dev] interact @Area3D@31315 world=(88.5, 0.0, 52.5) screen=(4944.352, 2158.353)
[Dev] removed 74 enemies
  · 무대 = (34.5, 0.0, 14.5) · 숨긴 풀·꽃 0 · 도호 = 오른쪽 8.4u
  · 사진 = 구간마다 틀(쉼 (-8.4, 5.4) · 걷기 (-8.4, 5.8) · 달리기 (-8.4, 7.9), 여백 5%) · 무대 조명 = 가운데 위 6.0u · 세기 3.5 · 반경 18 · 감쇠 0.5 (대본 끝에 치움)
  · 떠다님·넋 (떠도는 넋) = tteodoneun_neok (크기 ×1.00) · 뼈 없음(정지 메시) · 클립 없음
  · 떠다님·몸 (나찰녀) = nachalnyeo (크기 ×1.00) · 뼈 없음(정지 메시) · 클립 없음
  · 네발·짐승 (역병 든 들개) = plague_dog (크기 ×0.91) · 뼈 19 · 발 4 · 골반 Hips · 머리 Head · 손 0 · attack 0.50 · die 1.25 · hit 0.30 · idle 2.20 · pounce 0.60 · pounce_air 0.40 · pounce_land 0.25 · run 0.55 · walk 0.85
  · 네발·족속 (흑랑 새끼 대역) = heukrang_kin (크기 ×0.55) · 뼈 19 · 발 4 · 골반 Hips · 머리 Head · 손 0 · attack 0.67 · die 1.25 · hit 0.30 · idle 2.20 · pounce 0.65 · pounce_air 0.40 · pounce_land 0.25 · run 0.77 · walk 1.02
  · 두 발·Tripo (산적) = bandit (크기 ×1.00) · 뼈 65 · 발 2 · 골반 mixamorig_Hips · 머리 mixamorig_Head · 손 2 · attack 0.55 · attack2 0.55 · die 3.00 · hit 0.30 · idle 7.67 · run 0.58 · walk 1.12
  · 두 발·Meshy (홀린 여창) = hollin_yeogung_spear (크기 ×1.00) · 뼈 24 · 발 2 · 골반 Hips · 머리 Head · 손 2 · attack_bow 5.03 · attack_spear 3.03 · die 3.00 · hit 0.30 · idle 1.30 · run 0.63 · walk 1.03
  · 떠다님 2몸 = 그림 틱을 물리 틱에 묶어 잰다 (_tick_float)
  · ① 대기 3.0초 — 뼈 있는 몸 = 머리 봉우리-봉우리(목표 2~15cm) · 떠다님 = 둥실 반폭(3~8cm)·주기(1.8~3.2초):
  ·   떠다님·넋 (떠도는 넋): 둥실 5.0cm ○ · 주기 2.22초 ○ · 옆 흔들림 4.5° · 뼈 없음
  ·   떠다님·몸 (나찰녀): 둥실 6.0cm ○ · 주기 2.00초 ○ · 옆 흔들림 4.5° · 뼈 없음
  ·   네발·짐승 (역병 든 들개): 들썩임 4.6cm ○ · 클립 idle
  ·   네발·족속 (흑랑 새끼 대역): 들썩임 3.3cm ○ · 클립 idle
  ·   두 발·Tripo (산적): 들썩임 9.5cm ○ · 클립 idle
  ·   두 발·Meshy (홀린 여창): 들썩임 6.4cm ○ · 클립 idle
  · ② 걷기 1.2u/s — 1.5초 · 화면 오른쪽으로 곧게 (발 미끄러짐 목표 ≤ 5cm/s · 떠다님 앞 기울기 목표 3~8°):
  ·   떠다님·넋 (떠도는 넋): 빠르기 1.20u/s · 뼈 없음 · 앞 기울기 5.4° ○ · 옆 흔들림 7.0° · 둥실 2.4cm · 옷자락 끌림 4.2cm (물결 메시 2)
  ·   떠다님·몸 (나찰녀): 빠르기 1.20u/s · 뼈 없음 · 앞 기울기 5.4° ○ · 옆 흔들림 7.0° · 둥실 4.4cm · 옷자락 끌림 3.6cm (물결 메시 2)
  ·   네발·짐승 (역병 든 들개): 빠르기 1.20u/s · 클립 walk × 1.55 · 발 미끄러짐 0cm/s (몸의 0%) ○ · 걸음마다 0.1cm · 디딤 몫 0.57 · 걸음 4.3/초
  ·   네발·족속 (흑랑 새끼 대역): 빠르기 1.20u/s · 클립 walk × 1.72 · 발 미끄러짐 1cm/s (몸의 0%) ○ · 걸음마다 0.1cm · 디딤 몫 0.57 · 걸음 3.9/초
  ·   두 발·Tripo (산적): 빠르기 1.20u/s · 클립 walk × 1.40 · 발 미끄러짐 1cm/s (몸의 1%) ○ · 걸음마다 0.2cm · 디딤 몫 0.49 · 걸음 3.2/초
  ·   두 발·Meshy (홀린 여창): 빠르기 1.20u/s · 클립 walk × 0.97 · 발 미끄러짐 2cm/s (몸의 2%) ○ · 걸음마다 0.3cm · 디딤 몫 0.28 · 걸음 2.4/초
  · ③ 달리기(쫓는 빠르기 = move_speed) — 1.0초 · 화면 오른쪽으로 곧게 (발 미끄러짐 목표 ≤ 10cm/s · 떠다님 앞 기울기 목표 9~16°):
  ·   떠다님·넋 (떠도는 넋): 빠르기 2.80u/s · 뼈 없음 · 앞 기울기 12.5° ○ · 옆 흔들림 13.3° · 둥실 2.2cm · 옷자락 끌림 9.8cm (물결 메시 2)
  ·   떠다님·몸 (나찰녀): 빠르기 3.60u/s · 뼈 없음 · 앞 기울기 15.9° ○ · 옆 흔들림 16.6° · 둥실 4.4cm · 옷자락 끌림 10.8cm (물결 메시 2)
  ·   네발·짐승 (역병 든 들개): 빠르기 4.50u/s · 클립 run × 1.29 · 발 미끄러짐 2cm/s (몸의 0%) ○ · 걸음마다 0.1cm · 디딤 몫 0.24 · 걸음 4.6/초
  ·   네발·족속 (흑랑 새끼 대역): 빠르기 4.50u/s · 클립 run × 1.66 · 발 미끄러짐 1cm/s (몸의 0%) ○ · 걸음마다 0.1cm · 디딤 몫 0.24 · 걸음 4.6/초
  ·   두 발·Tripo (산적): 빠르기 3.50u/s · 클립 run × 1.20 · 발 미끄러짐 1cm/s (몸의 0%) ○ · 걸음마다 0.1cm · 디딤 몫 0.26 · 걸음 5.2/초
  ·   두 발·Meshy (홀린 여창): 빠르기 3.80u/s · 클립 run × 0.87 · 발 미끄러짐 26cm/s (몸의 7%) ✗ · 걸음마다 1.7cm · 디딤 몫 0.23 · 걸음 3.9/초
  · ④ 공격 — 같은 틱에 선딜(피해 = 선딜 끝 · 타격 몫 목표 0.50~0.70 · 치는 곳 가장 빠른 때 = 선딜 끝 ± 0.08초, 2u/s 이상):
  ·   떠다님·넋 (떠도는 넋): 선딜 0.30초 · 잠금 0.55초 · 공격 클립 없음 · 가장 빠른 때 0.270초(타격 -0.030) ○ · 12.4u/s · 당김 10cm (0.23초) · 쏘기 40cm (0.30초) · 머리 쏘기 40cm
  ·   떠다님·몸 (나찰녀): 선딜 0.50초 · 잠금 0.75초 · 공격 클립 없음 · 가장 빠른 때 0.460초(타격 -0.040) ○ · 4.7u/s · 당김 8cm (0.42초) · 쏘기 15cm (0.50초) · 머리 쏘기 15cm
  ·   네발·짐승 (역병 든 들개): 선딜 0.30초 · 잠금 0.50초 · 클립 attack 0.50초 × 1.00배 · 타격 몫 0.60 ○ · 가장 빠른 때 0.280초(타격 -0.020) ○ · 6.6u/s · 당김 5cm (0.23초) · 쏘기 15cm (0.30초) · 머리 쏘기 17cm
  ·   네발·족속 (흑랑 새끼 대역): 선딜 0.40초 · 잠금 0.67초 · 클립 attack 0.67초 × 1.00배 · 타격 몫 0.60 ○ · 가장 빠른 때 0.352초(타격 -0.048) ○ · 5.0u/s · 당김 5cm (0.30초) · 쏘기 16cm (0.40초) · 머리 쏘기 22cm
  ·   두 발·Tripo (산적): 선딜 0.30초 · 잠금 0.55초 · 클립 attack2 0.55초 × 1.00배 · 타격 몫 0.55 ○ · 가장 빠른 때 0.280초(타격 -0.020) ○ · 18.8u/s · 당김 0cm (0.00초) · 쏘기 0cm (0.00초) · 머리 쏘기 43cm
  ·   두 발·Meshy (홀린 여창): 선딜 0.40초 · 잠금 3.03초 · 클립 attack_spear 3.03초 × 1.00배 · 타격 몫 0.13 ✗ · 가장 빠른 때 0.750초(타격 +0.350) ✗ · 8.9u/s · 당김 0cm (0.00초) · 쏘기 110cm (1.02초) · 머리 쏘기 110cm
[Audio] 같은 순간 같은 큐 상한(3) 넘침 — hit ×1 · enemy_hurt ×1 (버림 누계 480)
  · ⑤ 맞기 — 한 대(오른쪽에서 · 반응 ≥ 6cm 또는 젖힘 ≥ 8° · 피격 동작 0.20~0.40초):
  ·   떠다님·넋 (떠도는 넋): 경직 0.35초 · 피격 동작 없음 · 반응 15cm · 젖힘 12° ○ · 몸 밀림 22cm
  ·   떠다님·몸 (나찰녀): 경직 0.35초 · 피격 동작 없음 · 반응 10cm · 젖힘 8° ○ · 몸 밀림 22cm
  ·   네발·짐승 (역병 든 들개): 경직 0.35초 · 클립 hit 0.30초 × 1.0배 = 0.30초 ○ · 반응 8cm · 젖힘 6° ○ · 몸 밀림 22cm
  ·   네발·족속 (흑랑 새끼 대역): 경직 0.35초 · 클립 hit 0.30초 × 1.0배 = 0.30초 ○ · 반응 8cm · 젖힘 2° ○ · 몸 밀림 22cm
  ·   두 발·Tripo (산적): 경직 0.35초 · 클립 hit 0.30초 × 1.0배 = 0.30초 ○ · 반응 0cm · 젖힘 26° ○ · 몸 밀림 22cm
  ·   두 발·Meshy (홀린 여창): 경직 0.35초 · 클립 hit 0.30초 × 1.0배 = 0.30초 ○ · 반응 8cm · 젖힘 6° ○ · 몸 밀림 22cm
  · 요약 (○ = 목표 안 · 사양 monster_motion_v2 §2):
  ·   떠다님·넋 (떠도는 넋): 둥실 5.0cm○·2.2초○ · 기울기 걷기 5.4°○·쫓기 12.5°○ · 빠른 때○ · 당김 10○·쏘기 40○ · 맞기 15cm·12°○
  ·   떠다님·몸 (나찰녀): 둥실 6.0cm○·2.0초○ · 기울기 걷기 5.4°○·쫓기 15.9°○ · 빠른 때○ · 당김 8○·쏘기 15○ · 맞기 10cm·8°○
  ·   네발·짐승 (역병 든 들개): 대기 4.6cm○ · 미끄러짐 걷기 0○·달리기 2○ · 타격 몫 0.60○ · 빠른 때○ · 머리 쏘기 17○ · 맞기 8cm·6°○·동작 0.30초○
  ·   네발·족속 (흑랑 새끼 대역): 대기 3.3cm○ · 미끄러짐 걷기 1○·달리기 1○ · 타격 몫 0.60○ · 빠른 때○ · 머리 쏘기 22○ · 맞기 8cm·2°○·동작 0.30초○
  ·   두 발·Tripo (산적): 대기 9.5cm○ · 미끄러짐 걷기 1○·달리기 1○ · 타격 몫 0.55○ · 빠른 때○ · 맞기 0cm·26°○·동작 0.30초○
  ·   두 발·Meshy (홀린 여창): 대기 6.4cm○ · 미끄러짐 걷기 2○·달리기 26✗ · 타격 몫 0.13✗ · 빠른 때✗ · 맞기 8cm·6°○·동작 0.30초○
E2E monster_motion_gallery PASS (검사 70)
[Audio] BGM town → town.ogg
[Save] level 못골 마을 → user://save_e2e.json (C:/Users/FORYOUCOM/AppData/Roaming/Godot/app_userdata/Joseon Hunters/wt/codex-558-combat-clock-trace/save_e2e.json)
[Dev] stairs DungeonEntrance dir=1 world=(0.0, 0.0, -31.0) screen=(2121.067, -492.4143)
[Dev] interact Merchant world=(5.4, 0.0, -2.4) screen=(1047.293, 368.0158)
[Dev] interact Shaman world=(-5.6, 0.0, 0.4) screen=(408.5833, 148.8999)
[Dev] interact Elder world=(2.0, 0.0, -5.6) screen=(1038.037, 191.6542)
[Dev] interact Jumo world=(7.1, 0.0, -1.4) screen=(1079.692, 440.1637)
[Dev] interact Waypoint world=(-4.2, 0.0, 2.2) screen=(390.0698, 234.4085)
E2E ▶ element_status
[Dungeon] heukrang_gul 1층 lv=2 seed=403727558 gen 64x64 rooms=6 up=(44, 56) down=(7, 23) enemies=20 roster=bandit,bat,talisman_master elites=["방2:금색×3(깊이 0.50)"] named=-
[Quest] heukrang_gul 1층 — 싹쓸이 셈 시작 20 (heukrang_clear:none)
[Audio] BGM dungeon → dungeon_1.ogg
[Save] level 흑랑 굴 1층 → user://save_e2e.json (C:/Users/FORYOUCOM/AppData/Roaming/Godot/app_userdata/Joseon Hunters/wt/codex-558-combat-clock-trace/save_e2e.json)
[Dev] stairs StairsUp dir=-1 world=(44.5, 0.0, 56.5) screen=(593.7165, 335.9509)
[Dev] stairs StairsDown dir=1 world=(7.5, 0.0, 23.5) screen=(408.583, -1534.551)
[Dev] interact PusJar world=(29.5, 0.0, 42.5) screen=(547.433, -487.0705)
[Dev] interact @Area3D@31676 world=(14.5, 0.0, 24.5) screen=(686.2831, -1368.878)
[Dev] interact @Area3D@31677 world=(23.5, 0.0, 18.5) screen=(1380.534, -1288.714)
[Dev] interact LootChest world=(29.5, 0.0, 39.5) screen=(686.2831, -567.2349)
[Dev] interact @Area3D@31678 world=(40.5, 0.0, 38.5) screen=(1241.683, -300.0204)
[Dev] interact LootPot world=(21.5, 0.0, 43.5) screen=(130.8828, -674.1207)
[Dev] interact @Area3D@31679 world=(22.5, 0.0, 44.5) screen=(130.8829, -620.6779)
[Dev] interact @Area3D@31680 world=(19.5, 0.0, 9.5) screen=(1611.95, -1636.093)
[Dev] interact @Area3D@31681 world=(20.5, 0.0, 9.5) screen=(1658.234, -1609.372)
[Dev] interact @Area3D@31682 world=(44.5, 0.0, 51.5) screen=(825.1333, 154.2443)
[Dev] interact @Area3D@31683 world=(44.5, 0.0, 52.5) screen=(778.8499, 180.9657)
[Dev] interact @Area3D@31684 world=(21.5, 0.0, 39.5) screen=(316.0163, -781.0065)
[Dev] removed 20 enemies
  · 무대 = 방 [P: (15, 43), S: (14, 13)], 가로 11.0u
[Dev] 한기 3초 → 산적
  · 한기 이동 실측 2.27 / 3.50 = ×0.65 (사양 ×0.65)
[Dev] 빙결 → 산적 (얼음)
[Dev] 빙결 → 산적 (안 얼어 한기로)
[Kill] +6 xp (lv 1, 6/20)
[Dev] item 엽전 world=(18.15742, 0.0, 50.42831) screen=(673.7453, 413.0826)
[Dev] item 묵함 world=(18.15742, 0.0, 50.42831) screen=(673.7453, 413.0826)
[Kill] +6 xp (lv 1, 12/20)
[Dev] item 엽전 world=(18.5, 0.0, 48.5) screen=(774.2488, 363.0409)
[Dev] item 탕약 — 쌍화탕 world=(18.5, 0.0, 48.5) screen=(774.2488, 363.0409)
[Save] quest → user://save_e2e.json (C:/Users/FORYOUCOM/AppData/Roaming/Godot/app_userdata/Joseon Hunters/wt/codex-558-combat-clock-trace/save_e2e.json)
[Quest] heukrang_clear 싹쓸이 완료 (none → killed)
[Dev] removed 2 enemies
[Audio] 같은 순간 같은 큐 상한(3) 넘침 — drop ×1 (버림 누계 481)
[Dev] removed 0 enemies
[Dev] 화상 3/초 × 2초 → 산적
[Kill] +6 xp (lv 1, 18/20)
[Dev] item 엽전 world=(17.98201, 0.0, 48.57655) screen=(751.3326, 358.9133)
[Dev] removed 3 enemies
[Dev] removed 0 enemies
[Click] world=(27.5, 0.0, 49.5) cell=(27, 49)
[Dev] 도호 빙결 요청 → 한기 3.0초
[Click] world=(27.5, 0.0, 49.5) cell=(27, 49)
E2E element_status PASS (검사 78)
[Audio] BGM town → town.ogg
[Save] level 못골 마을 → user://save_e2e.json (C:/Users/FORYOUCOM/AppData/Roaming/Godot/app_userdata/Joseon Hunters/wt/codex-558-combat-clock-trace/save_e2e.json)
[Dev] stairs DungeonEntrance dir=1 world=(0.0, 0.0, -31.0) screen=(2121.067, -492.4143)
[Dev] interact Merchant world=(5.4, 0.0, -2.4) screen=(1047.293, 368.0158)
[Dev] interact Shaman world=(-5.6, 0.0, 0.4) screen=(408.5833, 148.8999)
[Dev] interact Elder world=(2.0, 0.0, -5.6) screen=(1038.037, 191.6542)
[Dev] interact Jumo world=(7.1, 0.0, -1.4) screen=(1079.692, 440.1637)
[Dev] interact Waypoint world=(-4.2, 0.0, 2.2) screen=(390.0698, 234.4085)
E2E ▶ element_ui
[Dungeon] heukrang_gul 1층 lv=2 seed=403727558 gen 64x64 rooms=6 up=(44, 56) down=(7, 23) enemies=20 roster=bandit,bat,talisman_master elites=["방2:금색×3(깊이 0.50)"] named=-
[Quest] heukrang_gul 1층 — 싹쓸이 셈 시작 20 (heukrang_clear:none)
[Audio] BGM dungeon → dungeon_2.ogg
[Save] level 흑랑 굴 1층 → user://save_e2e.json (C:/Users/FORYOUCOM/AppData/Roaming/Godot/app_userdata/Joseon Hunters/wt/codex-558-combat-clock-trace/save_e2e.json)
[Dev] stairs StairsUp dir=-1 world=(44.5, 0.0, 56.5) screen=(593.7165, 335.9509)
[Dev] stairs StairsDown dir=1 world=(7.5, 0.0, 23.5) screen=(408.583, -1534.551)
[Dev] interact PusJar world=(29.5, 0.0, 42.5) screen=(547.433, -487.0705)
[Dev] interact @Area3D@32053 world=(14.5, 0.0, 24.5) screen=(686.2831, -1368.878)
[Dev] interact @Area3D@32054 world=(23.5, 0.0, 18.5) screen=(1380.534, -1288.714)
[Dev] interact LootChest world=(29.5, 0.0, 39.5) screen=(686.2831, -567.2349)
[Dev] interact @Area3D@32055 world=(40.5, 0.0, 38.5) screen=(1241.683, -300.0204)
[Dev] interact LootPot world=(21.5, 0.0, 43.5) screen=(130.8828, -674.1207)
[Dev] interact @Area3D@32056 world=(22.5, 0.0, 44.5) screen=(130.8829, -620.6779)
[Dev] interact @Area3D@32057 world=(19.5, 0.0, 9.5) screen=(1611.95, -1636.093)
[Dev] interact @Area3D@32058 world=(20.5, 0.0, 9.5) screen=(1658.234, -1609.372)
[Dev] interact @Area3D@32059 world=(44.5, 0.0, 51.5) screen=(825.1333, 154.2443)
[Dev] interact @Area3D@32060 world=(44.5, 0.0, 52.5) screen=(778.8499, 180.9657)
[Dev] interact @Area3D@32061 world=(21.5, 0.0, 39.5) screen=(316.0163, -781.0065)
[Dev] removed 20 enemies
E2E element_ui PASS (검사 4)
[Audio] BGM town → town.ogg
[Save] level 못골 마을 → user://save_e2e.json (C:/Users/FORYOUCOM/AppData/Roaming/Godot/app_userdata/Joseon Hunters/wt/codex-558-combat-clock-trace/save_e2e.json)
[Dev] stairs DungeonEntrance dir=1 world=(0.0, 0.0, -31.0) screen=(2121.067, -492.4143)
[Dev] interact Merchant world=(5.4, 0.0, -2.4) screen=(1047.293, 368.0158)
[Dev] interact Shaman world=(-5.6, 0.0, 0.4) screen=(408.5833, 148.8999)
[Dev] interact Elder world=(2.0, 0.0, -5.6) screen=(1038.037, 191.6542)
[Dev] interact Jumo world=(7.1, 0.0, -1.4) screen=(1079.692, 440.1637)
[Dev] interact Waypoint world=(-4.2, 0.0, 2.2) screen=(390.0698, 234.4085)
E2E ▶ talisman_targeting
[Dungeon] heukrang_gul 1층 lv=2 seed=403727558 gen 64x64 rooms=6 up=(44, 56) down=(7, 23) enemies=20 roster=bandit,bat,talisman_master elites=["방2:금색×3(깊이 0.50)"] named=-
[Quest] heukrang_gul 1층 — 싹쓸이 셈 시작 20 (heukrang_clear:none)
[Audio] BGM dungeon → dungeon_3.ogg
[Save] level 흑랑 굴 1층 → user://save_e2e.json (C:/Users/FORYOUCOM/AppData/Roaming/Godot/app_userdata/Joseon Hunters/wt/codex-558-combat-clock-trace/save_e2e.json)
[Dev] stairs StairsUp dir=-1 world=(44.5, 0.0, 56.5) screen=(593.7165, 335.9509)
[Dev] stairs StairsDown dir=1 world=(7.5, 0.0, 23.5) screen=(408.583, -1534.551)
[Dev] interact PusJar world=(29.5, 0.0, 42.5) screen=(547.433, -487.0705)
[Dev] interact @Area3D@32404 world=(14.5, 0.0, 24.5) screen=(686.2831, -1368.878)
[Dev] interact @Area3D@32405 world=(23.5, 0.0, 18.5) screen=(1380.534, -1288.714)
[Dev] interact LootChest world=(29.5, 0.0, 39.5) screen=(686.2831, -567.2349)
[Dev] interact @Area3D@32406 world=(40.5, 0.0, 38.5) screen=(1241.683, -300.0204)
[Dev] interact LootPot world=(21.5, 0.0, 43.5) screen=(130.8828, -674.1207)
[Dev] interact @Area3D@32407 world=(22.5, 0.0, 44.5) screen=(130.8829, -620.6779)
[Dev] interact @Area3D@32408 world=(19.5, 0.0, 9.5) screen=(1611.95, -1636.093)
[Dev] interact @Area3D@32409 world=(20.5, 0.0, 9.5) screen=(1658.234, -1609.372)
[Dev] interact @Area3D@32410 world=(44.5, 0.0, 51.5) screen=(825.1333, 154.2443)
[Dev] interact @Area3D@32411 world=(44.5, 0.0, 52.5) screen=(778.8499, 180.9657)
[Dev] interact @Area3D@32412 world=(21.5, 0.0, 39.5) screen=(316.0163, -781.0065)
[Dev] removed 20 enemies
[Talisman] 화염부 → 적 (20.5, 0.0, 49.5) (배율 1.20 · 아낌 false · 흩뿌리기 {  })
[Talisman] 빙결부 → 바닥 (18.98895, 0.0, 50.99464) (배율 1.20 · 아낌 false · 흩뿌리기 {  })
[Talisman] 화염부 → 적 (20.5, 0.0, 49.5) (배율 1.20 · 아낌 false · 흩뿌리기 {  })
[Talisman] 화염부 → 적 (20.5, 0.0, 49.5) (배율 1.20 · 아낌 false · 흩뿌리기 {  })
[Talisman] 빙결부 → 적 (20.5, 0.0, 49.5) (배율 1.20 · 아낌 false · 흩뿌리기 {  })
[Talisman] 벽력부 → 적 (20.5, 0.0, 49.5) (배율 1.20 · 아낌 false · 흩뿌리기 {  })
[Vfx] missing cue: talisman_lightning_trail (큐 표 design/vfx.md §2)
[Audio] BGM town → town.ogg
[Save] level 못골 마을 → user://save_e2e.json (C:/Users/FORYOUCOM/AppData/Roaming/Godot/app_userdata/Joseon Hunters/wt/codex-558-combat-clock-trace/save_e2e.json)
[Dev] stairs DungeonEntrance dir=1 world=(0.0, 0.0, -31.0) screen=(1905.067, -492.4141)
[Dev] interact Merchant world=(5.4, 0.0, -2.4) screen=(831.2935, 368.0157)
[Dev] interact Shaman world=(-5.6, 0.0, 0.4) screen=(192.5832, 148.8999)
[Dev] interact Elder world=(2.0, 0.0, -5.6) screen=(822.0369, 191.6542)
[Dev] interact Jumo world=(7.1, 0.0, -1.4) screen=(863.6919, 440.1637)
[Dev] interact Waypoint world=(-4.2, 0.0, 2.2) screen=(174.07, 234.4085)
[Dungeon] heukrang_gul 1층 lv=2 seed=403727558 gen 64x64 rooms=6 up=(44, 56) down=(7, 23) enemies=20 roster=bandit,bat,talisman_master elites=["방2:금색×3(깊이 0.50)"] named=-
[Quest] heukrang_gul 1층 — 싹쓸이 셈 시작 20 (heukrang_clear:none)
[Audio] BGM dungeon → dungeon_4.ogg
[Save] level 흑랑 굴 1층 → user://save_e2e.json (C:/Users/FORYOUCOM/AppData/Roaming/Godot/app_userdata/Joseon Hunters/wt/codex-558-combat-clock-trace/save_e2e.json)
[Dev] stairs StairsUp dir=-1 world=(44.5, 0.0, 56.5) screen=(377.7165, 335.9507)
[Dev] stairs StairsDown dir=1 world=(7.5, 0.0, 23.5) screen=(192.583, -1534.551)
[Dev] interact PusJar world=(29.5, 0.0, 42.5) screen=(331.4331, -487.0706)
[Dev] interact @Area3D@32770 world=(14.5, 0.0, 24.5) screen=(470.2832, -1368.879)
[Dev] interact @Area3D@32771 world=(23.5, 0.0, 18.5) screen=(1164.534, -1288.714)
[Dev] interact LootChest world=(29.5, 0.0, 39.5) screen=(470.2832, -567.235)
[Dev] interact @Area3D@32772 world=(40.5, 0.0, 38.5) screen=(1025.683, -300.0205)
[Dev] interact LootPot world=(21.5, 0.0, 43.5) screen=(-85.11703, -674.1208)
[Dev] interact @Area3D@32773 world=(22.5, 0.0, 44.5) screen=(-85.11711, -620.6779)
[Dev] interact @Area3D@32774 world=(19.5, 0.0, 9.5) screen=(1395.95, -1636.093)
[Dev] interact @Area3D@32775 world=(20.5, 0.0, 9.5) screen=(1442.234, -1609.372)
[Dev] interact @Area3D@32776 world=(44.5, 0.0, 51.5) screen=(609.1333, 154.2441)
[Dev] interact @Area3D@32777 world=(44.5, 0.0, 52.5) screen=(562.8499, 180.9656)
[Dev] interact @Area3D@32778 world=(21.5, 0.0, 39.5) screen=(100.0164, -781.0067)
[Dev] removed 20 enemies
[Death] 도호 사망 → 1.2s 뒤 마을 복귀, 엽전 -0
[Audio] BGM town → town.ogg
[Save] level 못골 마을 → user://save_e2e.json (C:/Users/FORYOUCOM/AppData/Roaming/Godot/app_userdata/Joseon Hunters/wt/codex-558-combat-clock-trace/save_e2e.json)
[Dev] stairs DungeonEntrance dir=1 world=(0.0, 0.0, -31.0) screen=(1905.067, -492.4141)
[Dev] interact Merchant world=(5.4, 0.0, -2.4) screen=(831.2935, 368.0157)
[Dev] interact Shaman world=(-5.6, 0.0, 0.4) screen=(192.5832, 148.8999)
[Dev] interact Elder world=(2.0, 0.0, -5.6) screen=(822.0369, 191.6542)
[Dev] interact Jumo world=(7.1, 0.0, -1.4) screen=(863.6919, 440.1637)
[Dev] interact Waypoint world=(-4.2, 0.0, 2.2) screen=(174.07, 234.4085)
[Vendor] sell 화염부 +20 gold=20
E2E talisman_targeting PASS (검사 75)
[Save] level 못골 마을 → user://save_e2e.json (C:/Users/FORYOUCOM/AppData/Roaming/Godot/app_userdata/Joseon Hunters/wt/codex-558-combat-clock-trace/save_e2e.json)
[Dev] stairs DungeonEntrance dir=1 world=(0.0, 0.0, -31.0) screen=(2121.067, -492.4143)
[Dev] interact Merchant world=(5.4, 0.0, -2.4) screen=(1047.293, 368.0158)
[Dev] interact Shaman world=(-5.6, 0.0, 0.4) screen=(408.5833, 148.8999)
[Dev] interact Elder world=(2.0, 0.0, -5.6) screen=(1038.037, 191.6542)
[Dev] interact Jumo world=(7.1, 0.0, -1.4) screen=(1079.692, 440.1637)
[Dev] interact Waypoint world=(-4.2, 0.0, 2.2) screen=(390.0698, 234.4085)
E2E ▶ talisman_throw
[Dungeon] heukrang_gul 1층 lv=2 seed=403727558 gen 64x64 rooms=6 up=(44, 56) down=(7, 23) enemies=20 roster=bandit,bat,talisman_master elites=["방2:금색×3(깊이 0.50)"] named=-
[Quest] heukrang_gul 1층 — 싹쓸이 셈 시작 20 (heukrang_clear:none)
[Audio] BGM dungeon → dungeon_2.ogg
[Save] level 흑랑 굴 1층 → user://save_e2e.json (C:/Users/FORYOUCOM/AppData/Roaming/Godot/app_userdata/Joseon Hunters/wt/codex-558-combat-clock-trace/save_e2e.json)
[Dev] stairs StairsUp dir=-1 world=(44.5, 0.0, 56.5) screen=(593.7165, 335.9509)
[Dev] stairs StairsDown dir=1 world=(7.5, 0.0, 23.5) screen=(408.583, -1534.551)
[Dev] interact PusJar world=(29.5, 0.0, 42.5) screen=(547.433, -487.0705)
[Dev] interact @Area3D@33280 world=(14.5, 0.0, 24.5) screen=(686.2831, -1368.878)
[Dev] interact @Area3D@33281 world=(23.5, 0.0, 18.5) screen=(1380.534, -1288.714)
[Dev] interact LootChest world=(29.5, 0.0, 39.5) screen=(686.2831, -567.2349)
[Dev] interact @Area3D@33282 world=(40.5, 0.0, 38.5) screen=(1241.683, -300.0204)
[Dev] interact LootPot world=(21.5, 0.0, 43.5) screen=(130.8828, -674.1207)
[Dev] interact @Area3D@33283 world=(22.5, 0.0, 44.5) screen=(130.8829, -620.6779)
[Dev] interact @Area3D@33284 world=(19.5, 0.0, 9.5) screen=(1611.95, -1636.093)
[Dev] interact @Area3D@33285 world=(20.5, 0.0, 9.5) screen=(1658.234, -1609.372)
[Dev] interact @Area3D@33286 world=(44.5, 0.0, 51.5) screen=(825.1333, 154.2443)
[Dev] interact @Area3D@33287 world=(44.5, 0.0, 52.5) screen=(778.8499, 180.9657)
[Dev] interact @Area3D@33288 world=(21.5, 0.0, 39.5) screen=(316.0163, -781.0065)
[Dev] removed 20 enemies
  · 무대 = 방 [P: (15, 43), S: (14, 13)]
[Talisman] 화염부 → 적 (19.5, 0.0, 49.5) (배율 1.20 · 아낌 false · 흩뿌리기 {  })
[Talisman] 화염부 → 적 (19.5, 0.0, 49.5) (배율 1.20 · 아낌 false · 흩뿌리기 {  })
[Talisman] 빙결부 → 적 (19.7, 0.0, 50.0) (배율 1.20 · 아낌 false · 흩뿌리기 {  })
[Talisman] 빙결부 → 적 (20.0, 0.0, 49.5) (배율 1.20 · 아낌 false · 흩뿌리기 {  })
[Talisman] 화염부 → 적 (19.5, 0.0, 49.5) (배율 1.20 · 아낌 false · 흩뿌리기 {  })
[Kill] +6 xp (lv 1, 6/20)
[Dev] item 엽전 world=(19.5, 0.0, 49.5) screen=(778.8499, 424.153)
[Dev] item 괴황지 world=(19.5, 0.0, 49.5) screen=(778.8499, 424.153)
[Dev] item 미식별 은가락지 world=(19.5, 0.0, 49.5) screen=(778.8499, 424.153)
[Loot] 첫 매직 보장 — bandit (silver_ring ilvl 1) · 회차 1
[Save] quest → user://save_e2e.json (C:/Users/FORYOUCOM/AppData/Roaming/Godot/app_userdata/Joseon Hunters/wt/codex-558-combat-clock-trace/save_e2e.json)
[Quest] heukrang_clear 싹쓸이 완료 (none → killed)
[Click] world=(18.77457, 0.0, 49.60477) cell=(18, 49)
[Talisman] 빙결부 → 적 (19.5, 0.0, 49.0) (배율 1.20 · 아낌 false · 흩뿌리기 {  })
[Kill] +6 xp (lv 1, 12/20)
[Dev] item 미식별 무명옷 world=(19.5, 0.0, 49.0) screen=(801.9916, 410.7923)
[Loot] 첫 매직 보장 — bandit (cotton_robe ilvl 1) · 회차 1
[Kill] +6 xp (lv 1, 18/20)
[Dev] item 엽전 world=(19.5, 0.0, 50.0) screen=(755.7083, 437.5137)
[Dev] item 무명띠 world=(19.5, 0.0, 50.0) screen=(755.7083, 437.5137)
[Dev] item 탕약 — 쌍화탕 world=(19.5, 0.0, 50.0) screen=(755.7083, 437.5137)
[Dev] item 화염부 world=(32.5, 0.0, 70.5) screen=(408.583, 1332.682)
[Dev] item 빙결부 world=(33.5, 0.0, 69.5) screen=(501.1497, 1332.682)
[Field] deulnyeok seed=355022911 128x128 props=2252 packs=18 enemies=74 waypoint=(62, 65) roster=bandit,bat,talisman_master elites=["13:파란×4@구간3"]
[Save] level 못골 들녘 → user://save_e2e.json (C:/Users/FORYOUCOM/AppData/Roaming/Godot/app_userdata/Joseon Hunters/wt/codex-558-combat-clock-trace/save_e2e.json)
[Dev] stairs Down_cave dir=1 world=(88.5, 0.0, 3.5) screen=(7212.236, 897.1014)
[Dev] interact Waypoint world=(62.5, 0.0, 65.5) screen=(3139.301, 1810.974)
[Dev] interact FloorItem world=(32.5, 0.0, 70.5) screen=(1519.384, 1142.938)
[Dev] interact @Area3D@33824 world=(33.5, 0.0, 69.5) screen=(1611.95, 1142.938)
[Dev] interact PusJar world=(95.5, 0.0, 103.5) screen=(2907.884, 3708.197)
[Dev] interact @Area3D@33971 world=(101.5, 0.0, 105.5) screen=(3093.018, 3921.969)
[Dev] interact @Area3D@33972 world=(98.5, 0.0, 107.5) screen=(2861.601, 3895.247)
[Dev] interact LootChest world=(27.5, 0.0, 70.5) screen=(1287.967, 1009.331)
[Dev] interact @Area3D@33973 world=(94.5, 0.0, 100.5) screen=(3000.451, 3601.312)
[Dev] interact @Area3D@33974 world=(55.5, 0.0, 52.5) screen=(3417.001, 1276.545)
[Dev] interact LootPot world=(46.5, 0.0, 68.5) screen=(2259.917, 1463.595)
[Dev] interact @Area3D@33975 world=(73.5, 0.0, 47.5) screen=(4481.519, 1623.924)
[Dev] interact @Area3D@33976 world=(90.5, 0.0, 47.5) screen=(5268.335, 2078.189)
[Dev] interact @Area3D@33977 world=(111.5, 0.0, 49.5) screen=(6147.719, 2692.782)
[Dev] interact @Area3D@33978 world=(101.5, 0.0, 101.5) screen=(3278.151, 3815.083)
[Dev] interact @Area3D@33979 world=(86.5, 0.0, 76.5) screen=(3740.984, 2746.225)
[Dev] interact @Area3D@33980 world=(53.5, 0.0, 52.5) screen=(3324.434, 1223.102)
[Dev] interact @Area3D@33981 world=(87.5, 0.0, 95.5) screen=(2907.884, 3280.654)
[Dev] interact @Area3D@33982 world=(26.5, 0.0, 66.5) screen=(1426.817, 875.7234)
[Dev] interact @Area3D@33983 world=(17.5, 0.0, 60.5) screen=(1287.967, 474.9016)
[Dev] interact @Area3D@33984 world=(86.5, 0.0, 22.5) screen=(6240.286, 1303.266)
[Dev] interact @Area3D@33985 world=(59.5, 0.0, 65.5) screen=(3000.451, 1730.81)
[Dev] interact @Area3D@33986 world=(18.5, 0.0, 74.5) screen=(686.2832, 875.7234)
[Dev] interact @Area3D@33987 world=(44.5, 0.0, 69.5) screen=(2121.067, 1436.874)
[Dev] interact @Area3D@33988 world=(73.5, 0.0, 49.5) screen=(4388.952, 1677.367)
[Dev] interact @Area3D@33989 world=(88.5, 0.0, 52.5) screen=(4944.352, 2158.353)
[Field] deulnyeok seed=355022911 128x128 props=2252 packs=18 enemies=74 waypoint=(62, 65) roster=bandit,bat,talisman_master elites=["13:파란×4@구간3"]
[Save] level 못골 들녘 → user://save_e2e.json (C:/Users/FORYOUCOM/AppData/Roaming/Godot/app_userdata/Joseon Hunters/wt/codex-558-combat-clock-trace/save_e2e.json)
[Dev] stairs Down_cave dir=1 world=(88.5, 0.0, 3.5) screen=(7212.236, 897.1014)
[Dev] interact Waypoint world=(62.5, 0.0, 65.5) screen=(3139.301, 1810.974)
[Dev] interact PusJar world=(95.5, 0.0, 103.5) screen=(2907.884, 3708.197)
[Dev] interact @Area3D@34638 world=(101.5, 0.0, 105.5) screen=(3093.018, 3921.969)
[Dev] interact @Area3D@34639 world=(98.5, 0.0, 107.5) screen=(2861.601, 3895.247)
[Dev] interact LootChest world=(27.5, 0.0, 70.5) screen=(1287.967, 1009.331)
[Dev] interact @Area3D@34640 world=(94.5, 0.0, 100.5) screen=(3000.451, 3601.312)
[Dev] interact @Area3D@34641 world=(55.5, 0.0, 52.5) screen=(3417.001, 1276.545)
[Dev] interact LootPot world=(46.5, 0.0, 68.5) screen=(2259.917, 1463.595)
[Dev] interact @Area3D@34642 world=(73.5, 0.0, 47.5) screen=(4481.519, 1623.924)
[Dev] interact @Area3D@34643 world=(90.5, 0.0, 47.5) screen=(5268.335, 2078.189)
[Dev] interact @Area3D@34644 world=(111.5, 0.0, 49.5) screen=(6147.719, 2692.782)
[Dev] interact @Area3D@34645 world=(101.5, 0.0, 101.5) screen=(3278.151, 3815.083)
[Dev] interact @Area3D@34646 world=(86.5, 0.0, 76.5) screen=(3740.984, 2746.225)
[Dev] interact @Area3D@34647 world=(53.5, 0.0, 52.5) screen=(3324.434, 1223.102)
[Dev] interact @Area3D@34648 world=(87.5, 0.0, 95.5) screen=(2907.884, 3280.654)
[Dev] interact @Area3D@34649 world=(26.5, 0.0, 66.5) screen=(1426.817, 875.7234)
[Dev] interact @Area3D@34650 world=(17.5, 0.0, 60.5) screen=(1287.967, 474.9016)
[Dev] interact @Area3D@34651 world=(86.5, 0.0, 22.5) screen=(6240.286, 1303.266)
[Dev] interact @Area3D@34652 world=(59.5, 0.0, 65.5) screen=(3000.451, 1730.81)
[Dev] interact @Area3D@34653 world=(18.5, 0.0, 74.5) screen=(686.2832, 875.7234)
[Dev] interact @Area3D@34654 world=(44.5, 0.0, 69.5) screen=(2121.067, 1436.874)
[Dev] interact @Area3D@34655 world=(73.5, 0.0, 49.5) screen=(4388.952, 1677.367)
[Dev] interact @Area3D@34656 world=(88.5, 0.0, 52.5) screen=(4944.352, 2158.353)
[Dev] item 화염부 world=(32.5, 0.0, 70.5) screen=(1519.384, 1172.353)
[Dev] item 빙결부 world=(33.5, 0.0, 69.5) screen=(1611.95, 1172.353)
[Field] deulnyeok seed=355022911 128x128 props=2252 packs=18 enemies=74 waypoint=(62, 65) roster=bandit,bat,talisman_master elites=["12:파란×4@구간3", "7:파란×4@구간2"]
[Save] level 못골 들녘 → user://save_e2e.json (C:/Users/FORYOUCOM/AppData/Roaming/Godot/app_userdata/Joseon Hunters/wt/codex-558-combat-clock-trace/save_e2e.json)
[Dev] stairs Down_cave dir=1 world=(88.5, 0.0, 3.5) screen=(7212.236, 897.1014)
[Dev] interact Waypoint world=(62.5, 0.0, 65.5) screen=(3139.301, 1810.974)
[Dev] interact FloorItem world=(32.5, 0.0, 70.5) screen=(1519.384, 1142.938)
[Dev] interact @Area3D@35158 world=(33.5, 0.0, 69.5) screen=(1611.95, 1142.938)
[Dev] interact PusJar world=(95.5, 0.0, 103.5) screen=(2907.884, 3708.197)
[Dev] interact @Area3D@35301 world=(101.5, 0.0, 105.5) screen=(3093.018, 3921.969)
[Dev] interact @Area3D@35302 world=(98.5, 0.0, 107.5) screen=(2861.601, 3895.247)
[Dev] interact LootChest world=(27.5, 0.0, 70.5) screen=(1287.967, 1009.331)
[Dev] interact @Area3D@35303 world=(94.5, 0.0, 100.5) screen=(3000.451, 3601.312)
[Dev] interact @Area3D@35304 world=(55.5, 0.0, 52.5) screen=(3417.001, 1276.545)
[Dev] interact LootPot world=(46.5, 0.0, 68.5) screen=(2259.917, 1463.595)
[Dev] interact @Area3D@35305 world=(73.5, 0.0, 47.5) screen=(4481.519, 1623.924)
[Dev] interact @Area3D@35306 world=(90.5, 0.0, 47.5) screen=(5268.335, 2078.189)
[Dev] interact @Area3D@35307 world=(111.5, 0.0, 49.5) screen=(6147.719, 2692.782)
[Dev] interact @Area3D@35308 world=(101.5, 0.0, 101.5) screen=(3278.151, 3815.083)
[Dev] interact @Area3D@35309 world=(86.5, 0.0, 76.5) screen=(3740.984, 2746.225)
[Dev] interact @Area3D@35310 world=(53.5, 0.0, 52.5) screen=(3324.434, 1223.102)
[Dev] interact @Area3D@35311 world=(87.5, 0.0, 95.5) screen=(2907.884, 3280.654)
[Dev] interact @Area3D@35312 world=(26.5, 0.0, 66.5) screen=(1426.817, 875.7234)
[Dev] interact @Area3D@35313 world=(17.5, 0.0, 60.5) screen=(1287.967, 474.9016)
[Dev] interact @Area3D@35314 world=(86.5, 0.0, 22.5) screen=(6240.286, 1303.266)
[Dev] interact @Area3D@35315 world=(59.5, 0.0, 65.5) screen=(3000.451, 1730.81)
[Dev] interact @Area3D@35316 world=(18.5, 0.0, 74.5) screen=(686.2832, 875.7234)
[Dev] interact @Area3D@35317 world=(44.5, 0.0, 69.5) screen=(2121.067, 1436.874)
[Dev] interact @Area3D@35318 world=(73.5, 0.0, 49.5) screen=(4388.952, 1677.367)
[Dev] interact @Area3D@35319 world=(88.5, 0.0, 52.5) screen=(4944.352, 2158.353)
E2E talisman_throw PASS (검사 56)
[Audio] BGM town → town.ogg
[Save] level 못골 마을 → user://save_e2e.json (C:/Users/FORYOUCOM/AppData/Roaming/Godot/app_userdata/Joseon Hunters/wt/codex-558-combat-clock-trace/save_e2e.json)
[Dev] stairs DungeonEntrance dir=1 world=(0.0, 0.0, -31.0) screen=(2121.067, -492.4143)
[Dev] interact Merchant world=(5.4, 0.0, -2.4) screen=(1047.293, 368.0158)
[Dev] interact Shaman world=(-5.6, 0.0, 0.4) screen=(408.5833, 148.8999)
[Dev] interact Elder world=(2.0, 0.0, -5.6) screen=(1038.037, 191.6542)
[Dev] interact Jumo world=(7.1, 0.0, -1.4) screen=(1079.692, 440.1637)
[Dev] interact Waypoint world=(-4.2, 0.0, 2.2) screen=(390.0698, 234.4085)
E2E ▶ talisman_aoe
[Dungeon] heukrang_gul 1층 lv=2 seed=403727558 gen 64x64 rooms=6 up=(44, 56) down=(7, 23) enemies=20 roster=bandit,bat,talisman_master elites=["방2:금색×3(깊이 0.50)"] named=-
[Quest] heukrang_gul 1층 — 싹쓸이 셈 시작 20 (heukrang_clear:none)
[Audio] BGM dungeon → dungeon_3.ogg
[Save] level 흑랑 굴 1층 → user://save_e2e.json (C:/Users/FORYOUCOM/AppData/Roaming/Godot/app_userdata/Joseon Hunters/wt/codex-558-combat-clock-trace/save_e2e.json)
[Dev] stairs StairsUp dir=-1 world=(44.5, 0.0, 56.5) screen=(593.7165, 335.9509)
[Dev] stairs StairsDown dir=1 world=(7.5, 0.0, 23.5) screen=(408.583, -1534.551)
[Dev] interact PusJar world=(29.5, 0.0, 42.5) screen=(547.433, -487.0705)
[Dev] interact @Area3D@35661 world=(14.5, 0.0, 24.5) screen=(686.2831, -1368.878)
[Dev] interact @Area3D@35662 world=(23.5, 0.0, 18.5) screen=(1380.534, -1288.714)
[Dev] interact LootChest world=(29.5, 0.0, 39.5) screen=(686.2831, -567.2349)
[Dev] interact @Area3D@35663 world=(40.5, 0.0, 38.5) screen=(1241.683, -300.0204)
[Dev] interact LootPot world=(21.5, 0.0, 43.5) screen=(130.8828, -674.1207)
[Dev] interact @Area3D@35664 world=(22.5, 0.0, 44.5) screen=(130.8829, -620.6779)
[Dev] interact @Area3D@35665 world=(19.5, 0.0, 9.5) screen=(1611.95, -1636.093)
[Dev] interact @Area3D@35666 world=(20.5, 0.0, 9.5) screen=(1658.234, -1609.372)
[Dev] interact @Area3D@35667 world=(44.5, 0.0, 51.5) screen=(825.1333, 154.2443)
[Dev] interact @Area3D@35668 world=(44.5, 0.0, 52.5) screen=(778.8499, 180.9657)
[Dev] interact @Area3D@35669 world=(21.5, 0.0, 39.5) screen=(316.0163, -781.0065)
[Dev] removed 20 enemies
[Talisman] 화염부 → 적 (20.5, 0.0, 50.2) (배율 1.20 · 아낌 false · 흩뿌리기 {  })
[Kill] +6 xp (lv 1, 6/20)
[Kill] +6 xp (lv 1, 12/20)
[Dev] item 엽전 world=(19.1, 0.0, 49.59925) screen=(755.7427, 416.1167)
[Dev] item 미식별 은가락지 world=(19.1, 0.0, 49.59925) screen=(755.7427, 416.1167)
  · fire: 겨눈 자리 (20.0, 0.0, 49.5) · 끝 = burst (radius=1.50)
  ·   [터지는 순간] #0 hp0=3 죽음 — 막타 속성=fire · kind=ash play=ash
  ·   [터지는 순간] #1 hp0=3 그대로(반경 밖)
  ·   [터지는 순간] #2 hp0=3 죽음 — 막타 속성=fire · kind=ash play=ash
  ·   [터지는 순간] #3 hp0=3 그대로(반경 밖)
  ·   [터지는 순간] #4 hp0=15 hp=3.0 화상=true 빙결=false 한기=false
  ·   [터지는 순간] #5 hp0=15 그대로(반경 밖)
  ·   [0.5초] #0 hp0=3 죽음 — 막타 속성=fire · kind=ash play=ash
  ·   [0.5초] #1 hp0=3 그대로(반경 밖)
  ·   [0.5초] #2 hp0=3 죽음 — 막타 속성=fire · kind=ash play=ash
  ·   [0.5초] #3 hp0=3 그대로(반경 밖)
  ·   [0.5초] #4 hp0=15 hp=2.0 화상=true 빙결=false 한기=false
  ·   [0.5초] #5 hp0=15 그대로(반경 밖)
[Kill] +6 xp (lv 1, 18/20)
[Dev] item 엽전 world=(19.13056, 0.0, 50.2) screen=(729.3524, 432.986)
  ·   [1.5초] #0 hp0=3 죽음 — 막타 속성=fire · kind=ash play=ash
  ·   [1.5초] #1 hp0=3 그대로(반경 밖)
  ·   [1.5초] #2 hp0=3 죽음 — 막타 속성=fire · kind=ash play=ash
  ·   [1.5초] #3 hp0=3 그대로(반경 밖)
  ·   [1.5초] #4 hp0=15 죽음 — 막타 속성=fire · kind=ash play=ash
  ·   [1.5초] #5 hp0=15 그대로(반경 밖)
  · fire: 요약 — 맞은 마릿수 3/6 · 죽음 3/6 · 막타 속성 [&"fire"] · 죽음 종류 [&"ash"]
[Talisman] 빙결부 → 적 (20.5, 0.0, 50.2) (배율 1.20 · 아낌 false · 흩뿌리기 {  })
[Kill] +6 xp (lv 2, 4/57)
[LevelUp] lv=2 stat_pts=5 skill_pts=1
[Dev] item 엽전 world=(19.1, 0.0, 48.88861) screen=(788.6335, 397.1267)
[Kill] +6 xp (lv 2, 10/57)
[Dev] item 엽전 world=(19.1, 0.0, 49.59925) screen=(755.7427, 416.1161)
[Dev] item 식별부 world=(19.1, 0.0, 49.59925) screen=(755.7427, 416.1161)
  · cold: 겨눈 자리 (20.0, 0.0, 49.5) · 끝 = burst (radius=1.50)
  ·   [터지는 순간] #0 hp0=3 죽음 — 막타 속성=cold · kind=shatter play=shatter
  ·   [터지는 순간] #1 hp0=3 그대로(반경 밖)
  ·   [터지는 순간] #2 hp0=3 죽음 — 막타 속성=cold · kind=shatter play=shatter
  ·   [터지는 순간] #3 hp0=3 그대로(반경 밖)
  ·   [터지는 순간] #4 hp0=15 hp=10.0 화상=false 빙결=true 한기=true
  ·   [터지는 순간] #5 hp0=15 그대로(반경 밖)
  ·   [0.5초] #0 hp0=3 죽음 — 막타 속성=cold · kind=shatter play=shatter
  ·   [0.5초] #1 hp0=3 그대로(반경 밖)
  ·   [0.5초] #2 hp0=3 죽음 — 막타 속성=cold · kind=shatter play=shatter
  ·   [0.5초] #3 hp0=3 그대로(반경 밖)
  ·   [0.5초] #4 hp0=15 hp=10.0 화상=false 빙결=true 한기=true
  ·   [0.5초] #5 hp0=15 그대로(반경 밖)
  ·   [1.5초] #0 hp0=3 죽음 — 막타 속성=cold · kind=shatter play=shatter
  ·   [1.5초] #1 hp0=3 그대로(반경 밖)
  ·   [1.5초] #2 hp0=3 죽음 — 막타 속성=cold · kind=shatter play=shatter
  ·   [1.5초] #3 hp0=3 그대로(반경 밖)
  ·   [1.5초] #4 hp0=15 hp=10.0 화상=false 빙결=false 한기=false
  ·   [1.5초] #5 hp0=15 그대로(반경 밖)
  · cold: 요약 — 맞은 마릿수 3/6 · 죽음 2/6 · 막타 속성 [&"cold"] · 죽음 종류 [&"shatter"]
E2E talisman_aoe PASS (검사 16)
[Audio] BGM town → town.ogg
[Save] level 못골 마을 → user://save_e2e.json (C:/Users/FORYOUCOM/AppData/Roaming/Godot/app_userdata/Joseon Hunters/wt/codex-558-combat-clock-trace/save_e2e.json)
[Dev] stairs DungeonEntrance dir=1 world=(0.0, 0.0, -31.0) screen=(2121.067, -492.4143)
[Dev] interact Merchant world=(5.4, 0.0, -2.4) screen=(1047.293, 368.0158)
[Dev] interact Shaman world=(-5.6, 0.0, 0.4) screen=(408.5833, 148.8999)
[Dev] interact Elder world=(2.0, 0.0, -5.6) screen=(1038.037, 191.6542)
[Dev] interact Jumo world=(7.1, 0.0, -1.4) screen=(1079.692, 440.1637)
[Dev] interact Waypoint world=(-4.2, 0.0, 2.2) screen=(390.0698, 234.4085)
E2E ▶ loot_drop
[Dungeon] heukrang_gul 1층 lv=2 seed=403727558 gen 64x64 rooms=6 up=(44, 56) down=(7, 23) enemies=20 roster=bandit,bat,talisman_master elites=["방2:금색×3(깊이 0.50)"] named=-
[Quest] heukrang_gul 1층 — 싹쓸이 셈 시작 20 (heukrang_clear:none)
[Audio] BGM dungeon → dungeon_4.ogg
[Save] level 흑랑 굴 1층 → user://save_e2e.json (C:/Users/FORYOUCOM/AppData/Roaming/Godot/app_userdata/Joseon Hunters/wt/codex-558-combat-clock-trace/save_e2e.json)
[Dev] stairs StairsUp dir=-1 world=(44.5, 0.0, 56.5) screen=(593.7165, 335.9509)
[Dev] stairs StairsDown dir=1 world=(7.5, 0.0, 23.5) screen=(408.583, -1534.551)
[Dev] interact PusJar world=(29.5, 0.0, 42.5) screen=(547.433, -487.0705)
[Dev] interact @Area3D@36057 world=(14.5, 0.0, 24.5) screen=(686.2831, -1368.878)
[Dev] interact @Area3D@36058 world=(23.5, 0.0, 18.5) screen=(1380.534, -1288.714)
[Dev] interact LootChest world=(29.5, 0.0, 39.5) screen=(686.2831, -567.2349)
[Dev] interact @Area3D@36059 world=(40.5, 0.0, 38.5) screen=(1241.683, -300.0204)
[Dev] interact LootPot world=(21.5, 0.0, 43.5) screen=(130.8828, -674.1207)
[Dev] interact @Area3D@36060 world=(22.5, 0.0, 44.5) screen=(130.8829, -620.6779)
[Dev] interact @Area3D@36061 world=(19.5, 0.0, 9.5) screen=(1611.95, -1636.093)
[Dev] interact @Area3D@36062 world=(20.5, 0.0, 9.5) screen=(1658.234, -1609.372)
[Dev] interact @Area3D@36063 world=(44.5, 0.0, 51.5) screen=(825.1333, 154.2443)
[Dev] interact @Area3D@36064 world=(44.5, 0.0, 52.5) screen=(778.8499, 180.9657)
[Dev] interact @Area3D@36065 world=(21.5, 0.0, 39.5) screen=(316.0163, -781.0065)
[Dev] removed 20 enemies
[Dev] item 철검 world=(46.9, 0.0, 57.9) screen=(639.9998, 418.8081)
[Dev] item 누비옷 world=(46.9, 0.0, 57.9) screen=(639.9998, 418.8081)
[Dev] item 은가락지 world=(46.9, 0.0, 57.9) screen=(639.9998, 418.8081)
[Dev] item 탕약 — 쌍화탕 world=(46.9, 0.0, 57.9) screen=(639.9998, 418.8081)
[Dev] item 엽전 world=(46.9, 0.0, 57.9) screen=(639.9998, 418.8081)
[Audio] 같은 순간 같은 큐 상한(3) 넘침 — drop ×2 (버림 누계 483)
[Dev] item 철검 world=(43.7, 0.0, 58.1) screen=(482.6365, 338.6437)
[Dev] item 철검 world=(44.9, 0.0, 58.1) screen=(538.1766, 370.7094)
[Dev] item  (철검) world=(46.1, 0.0, 58.1) screen=(593.7165, 402.7751)
[Dev] item 서당 훈장 회초리 world=(47.3, 0.0, 58.1) screen=(649.2565, 434.8409)
[Audio] missing cue: drop_rare (파일 규약 design/audio.md §3)
[Dev] item 철검 world=(32.5, 0.0, 32.5) screen=(1149.117, -644.7056)
[Dev] item 누비옷 world=(32.5, 0.0, 32.5) screen=(1149.117, -644.7056)
[Dev] item 은가락지 world=(32.5, 0.0, 32.5) screen=(1149.117, -644.7056)
[Dev] item 탕약 — 쌍화탕 world=(32.5, 0.0, 32.5) screen=(1149.117, -644.7056)
[Dev] item 엽전 world=(32.5, 0.0, 32.5) screen=(1149.117, -644.7056)
E2E loot_drop PASS (검사 24)
[Audio] BGM town → town.ogg
[Save] level 못골 마을 → user://save_e2e.json (C:/Users/FORYOUCOM/AppData/Roaming/Godot/app_userdata/Joseon Hunters/wt/codex-558-combat-clock-trace/save_e2e.json)
[Dev] stairs DungeonEntrance dir=1 world=(0.0, 0.0, -31.0) screen=(2121.067, -492.4143)
[Dev] interact Merchant world=(5.4, 0.0, -2.4) screen=(1047.293, 368.0158)
[Dev] interact Shaman world=(-5.6, 0.0, 0.4) screen=(408.5833, 148.8999)
[Dev] interact Elder world=(2.0, 0.0, -5.6) screen=(1038.037, 191.6542)
[Dev] interact Jumo world=(7.1, 0.0, -1.4) screen=(1079.692, 440.1637)
[Dev] interact Waypoint world=(-4.2, 0.0, 2.2) screen=(390.0698, 234.4085)
E2E ▶ potion_icons
E2E potion_icons PASS (검사 40)
[Save] level 못골 마을 → user://save_e2e.json (C:/Users/FORYOUCOM/AppData/Roaming/Godot/app_userdata/Joseon Hunters/wt/codex-558-combat-clock-trace/save_e2e.json)
[Dev] stairs DungeonEntrance dir=1 world=(0.0, 0.0, -31.0) screen=(2121.067, -492.4143)
[Dev] interact Merchant world=(5.4, 0.0, -2.4) screen=(1047.293, 368.0158)
[Dev] interact Shaman world=(-5.6, 0.0, 0.4) screen=(408.5833, 148.8999)
[Dev] interact Elder world=(2.0, 0.0, -5.6) screen=(1038.037, 191.6542)
[Dev] interact Jumo world=(7.1, 0.0, -1.4) screen=(1079.692, 440.1637)
[Dev] interact Waypoint world=(-4.2, 0.0, 2.2) screen=(390.0698, 234.4085)
E2E ▶ potion_tiers
[Save] level 못골 마을 → user://save_e2e.json (C:/Users/FORYOUCOM/AppData/Roaming/Godot/app_userdata/Joseon Hunters/wt/codex-558-combat-clock-trace/save_e2e.json)
[Dev] stairs DungeonEntrance dir=1 world=(0.0, 0.0, -31.0) screen=(2121.067, -492.4143)
[Dev] interact Merchant world=(5.4, 0.0, -2.4) screen=(1047.293, 368.0158)
[Dev] interact Shaman world=(-5.6, 0.0, 0.4) screen=(408.5833, 148.8999)
[Dev] interact Elder world=(2.0, 0.0, -5.6) screen=(1038.037, 191.6542)
[Dev] interact Jumo world=(7.1, 0.0, -1.4) screen=(1079.692, 440.1637)
[Dev] interact Waypoint world=(-4.2, 0.0, 2.2) screen=(390.0698, 234.4085)
[Kill] +1 xp (lv 30, 1/3286)
[Dev] item 엽전 world=(1.793761, 0.0, 2.793761) screen=(640.0, 439.9525)
[Kill] +1 xp (lv 30, 2/3286)
[Dev] item 엽전 world=(2.0, 0.0, 3.0) screen=(640.0, 443.0832)
[Dev] item 탕약 — 쌍화탕 world=(2.0, 0.0, 3.0) screen=(640.0, 443.0832)
[Kill] +1 xp (lv 30, 3/3286)
[Dev] item 엽전 world=(2.0, 0.0, 3.0) screen=(640.0, 443.3621)
[Kill] +1 xp (lv 30, 4/3286)
[Dev] item 엽전 world=(2.0, 0.0, 3.0) screen=(640.0, 442.7676)
[Dev] item 은가락지 world=(2.0, 0.0, 3.0) screen=(640.0, 442.7676)
[Kill] +1 xp (lv 30, 5/3286)
[Dev] item 옥패 world=(2.0, 0.0, 3.0) screen=(640.0, 442.8763)
[Kill] +1 xp (lv 30, 6/3286)
[Dev] item 엽전 world=(2.0, 0.0, 3.0) screen=(640.0, 442.8472)
[Kill] +1 xp (lv 30, 7/3286)
[Dev] item 엽전 world=(2.0, 0.0, 3.0) screen=(640.0, 442.8417)
[Kill] +1 xp (lv 30, 8/3286)
[Dev] item 엽전 world=(2.0, 0.0, 3.0) screen=(640.0, 442.8376)
[Kill] +1 xp (lv 30, 9/3286)
[Dev] item 엽전 world=(2.0, 0.0, 3.0) screen=(640.0, 442.8324)
[Dev] item 은가락지 world=(2.0, 0.0, 3.0) screen=(640.0, 442.8324)
[Kill] +1 xp (lv 30, 10/3286)
[Dev] item 무명띠 world=(2.0, 0.0, 3.0) screen=(640.0, 442.8152)
[Dev] item 영약 — 생맥산 world=(2.0, 0.0, 3.0) screen=(640.0, 442.8152)
[Dev] item 귀환부 world=(2.0, 0.0, 3.0) screen=(640.0, 442.8152)
[Kill] +1 xp (lv 30, 11/3286)
[Kill] +1 xp (lv 30, 12/3286)
[Dev] item 엽전 world=(2.0, 0.0, 3.0) screen=(640.0, 442.7323)
[Dev] item 청심환 world=(2.0, 0.0, 3.0) screen=(640.0, 442.7323)
[Kill] +1 xp (lv 30, 13/3286)
[Dev] item 미식별 옥패 world=(2.0, 0.0, 3.0) screen=(640.0, 442.7314)
[Dev] item 괴황지 world=(2.0, 0.0, 3.0) screen=(640.0, 442.7314)
[Kill] +1 xp (lv 30, 14/3286)
[Dev] item 짚신 world=(2.0, 0.0, 3.0) screen=(640.0, 442.7306)
[Dev] item 영약 — 생맥산 world=(2.0, 0.0, 3.0) screen=(640.0, 442.7306)
[Kill] +1 xp (lv 30, 15/3286)
[Dev] item 엽전 world=(4.649164, 0.0, 5.834928) screen=(653.2943, 443.2273)
[Kill] +1 xp (lv 30, 16/3286)
[Dev] item 복주머니 world=(4.649164, 0.0, 5.834928) screen=(649.3613, 436.6723)
[Kill] +1 xp (lv 30, 17/3286)
[Dev] item 엽전 world=(4.649164, 0.0, 5.834928) screen=(649.3022, 436.574)
[Kill] +1 xp (lv 30, 18/3286)
[Dev] item 엽전 world=(4.649164, 0.0, 5.834928) screen=(649.1448, 436.3112)
[Dev] item 철검 world=(4.649164, 0.0, 5.834928) screen=(649.1448, 436.3112)
[Kill] +1 xp (lv 30, 19/3286)
[Dev] item 엽전 world=(4.649164, 0.0, 5.834928) screen=(649.1448, 436.3112)
[Dev] item 미식별 지갑 world=(4.649164, 0.0, 5.834928) screen=(649.1448, 436.3112)
[Kill] +1 xp (lv 30, 20/3286)
[Kill] +1 xp (lv 30, 21/3286)
[Kill] +1 xp (lv 30, 22/3286)
[Dev] item 엽전 world=(4.649164, 0.0, 6.122166) screen=(635.8092, 443.918)
[Dev] item 누비옷 world=(4.649164, 0.0, 6.122166) screen=(635.8092, 443.918)
[Kill] +1 xp (lv 30, 23/3286)
[Dev] item 엽전 world=(4.649164, 0.0, 5.834928) screen=(653.2943, 435.0819)
[Kill] +1 xp (lv 30, 24/3286)
[Dev] item 엽전 world=(4.649164, 0.0, 5.834928) screen=(649.1035, 436.2426)
[Kill] +1 xp (lv 30, 25/3286)
[Dev] item 엽전 world=(4.649164, 0.0, 5.834928) screen=(649.1035, 436.2426)
[Kill] +1 xp (lv 30, 26/3286)
[Dev] item 빙결부 world=(4.649164, 0.0, 5.834928) screen=(649.1035, 436.2426)
[Kill] +1 xp (lv 30, 27/3286)
[Dev] item 괴황지 world=(4.649164, 0.0, 6.122166) screen=(635.8092, 443.918)
[Kill] +1 xp (lv 30, 28/3286)
[Dev] item 엽전 world=(4.649164, 0.0, 5.834928) screen=(653.2943, 435.0819)
[Dev] item 탕약 — 십전대보탕 world=(4.649164, 0.0, 5.834928) screen=(653.2943, 435.0819)
[Kill] +1 xp (lv 30, 29/3286)
[Dev] item 엽전 world=(4.649164, 0.0, 5.834928) screen=(649.1159, 436.2634)
[Dev] item 정자관 world=(4.649164, 0.0, 5.834928) screen=(649.1159, 436.2634)
[Kill] +1 xp (lv 30, 30/3286)
[Kill] +1 xp (lv 30, 31/3286)
[Dev] item 엽전 world=(4.649164, 0.0, 5.834928) screen=(649.1309, 436.2883)
[Dev] item 식별부 world=(4.649164, 0.0, 5.834928) screen=(649.1309, 436.2883)
[Kill] +1 xp (lv 30, 32/3286)
[Dev] item 엽전 world=(4.649164, 0.0, 5.834928) screen=(649.1454, 436.3126)
[Dev] item 식별부 world=(4.649164, 0.0, 5.834928) screen=(649.1454, 436.3126)
[Kill] +1 xp (lv 30, 33/3286)
[Dev] item 엽전 world=(4.649164, 0.0, 5.834928) screen=(649.1454, 436.3125)
[Kill] +1 xp (lv 30, 34/3286)
[Dev] item 엽전 world=(4.649164, 0.0, 5.834928) screen=(649.1454, 436.3125)
[Dev] item 미식별 옥가락지 world=(4.649164, 0.0, 5.834928) screen=(649.1454, 436.3125)
[Kill] +1 xp (lv 30, 35/3286)
[Dev] item 엽전 world=(4.649164, 0.0, 5.834928) screen=(649.1454, 436.3125)
[Kill] +1 xp (lv 30, 36/3286)
[Dev] item 엽전 world=(4.649164, 0.0, 5.834928) screen=(649.1454, 436.3125)
[Kill] +1 xp (lv 30, 37/3286)
[Dev] item 엽전 world=(4.649164, 0.0, 5.834928) screen=(649.1619, 436.34)
[Kill] +1 xp (lv 30, 38/3286)
[Dev] item 엽전 world=(4.649164, 0.0, 5.834928) screen=(649.129, 436.2851)
[Dev] item 가죽갑 world=(4.649164, 0.0, 5.834928) screen=(649.129, 436.2851)
[Kill] +1 xp (lv 30, 39/3286)
[Dev] item 엽전 world=(4.649164, 0.0, 5.834928) screen=(649.1454, 436.3125)
[Dev] item 본국검 world=(4.649164, 0.0, 5.834928) screen=(649.1454, 436.3125)
[Kill] +1 xp (lv 30, 40/3286)
[Kill] +1 xp (lv 30, 41/3286)
[Kill] +1 xp (lv 30, 42/3286)
[Dev] item 엽전 world=(4.649164, 0.0, 5.834928) screen=(649.1454, 436.3126)
[Kill] +1 xp (lv 30, 43/3286)
[Dev] item 엽전 world=(4.649164, 0.0, 5.834928) screen=(649.1454, 436.3125)
[Dev] item 미식별 전대 world=(4.649164, 0.0, 5.834928) screen=(649.1454, 436.3125)
[Dev] item 탕약 — 십전대보탕 world=(4.649164, 0.0, 5.834928) screen=(649.1454, 436.3125)
[Kill] +1 xp (lv 30, 44/3286)
[Dev] item 엽전 world=(4.649164, 0.0, 6.122166) screen=(635.8489, 443.9842)
[Kill] +1 xp (lv 30, 45/3286)
[Dev] item 엽전 world=(4.649164, 0.0, 5.834928) screen=(653.2943, 435.1619)
[Dev] item 탕약 — 십전대보탕 world=(4.649164, 0.0, 5.834928) screen=(653.2943, 435.1619)
[Kill] +1 xp (lv 30, 46/3286)
[Dev] item 엽전 world=(4.649164, 0.0, 6.165141) screen=(633.8615, 445.1349)
[Kill] +1 xp (lv 30, 47/3286)
[Dev] item 엽전 world=(4.649164, 0.0, 6.122166) screen=(644.1495, 443.9866)
[Kill] +1 xp (lv 30, 48/3286)
[Dev] item 엽전 world=(4.649164, 0.0, 6.165141) screen=(638.011, 443.9856)
[Dev] item 무명 도포 world=(4.649164, 0.0, 6.165141) screen=(638.011, 443.9856)
[Kill] +1 xp (lv 30, 49/3286)
[Dev] item 사인검 world=(4.649164, 0.0, 6.165141) screen=(642.1605, 445.1349)
[Kill] +1 xp (lv 30, 50/3286)
[Kill] +1 xp (lv 30, 51/3286)
[Dev] item 엽전 world=(4.649164, 0.0, 6.165141) screen=(638.011, 443.9856)
[Kill] +1 xp (lv 30, 52/3286)
[Dev] item 엽전 world=(4.649164, 0.0, 6.165141) screen=(642.1605, 445.1349)
[Kill] +1 xp (lv 30, 53/3286)
[Kill] +1 xp (lv 30, 54/3286)
[Dev] item 엽전 world=(4.649164, 0.0, 6.165141) screen=(638.011, 443.9856)
[Kill] +1 xp (lv 30, 55/3286)
[Dev] item 상품 무명띠 world=(4.649164, 0.0, 6.165141) screen=(642.1605, 445.1349)
[Kill] +1 xp (lv 30, 56/3286)
[Dev] item 엽전 world=(4.649164, 0.0, 6.122166) screen=(644.1495, 443.9866)
[Dev] item 영약 — 총명탕 world=(4.649164, 0.0, 6.122166) screen=(644.1495, 443.9866)
[Kill] +1 xp (lv 30, 57/3286)
[Dev] item 엽전 world=(4.649164, 0.0, 6.165141) screen=(638.011, 443.9856)
[Dev] item 복주머니 world=(4.649164, 0.0, 6.165141) screen=(638.011, 443.9856)
[Kill] +1 xp (lv 30, 58/3286)
[Dev] item 화염부 world=(4.649164, 0.0, 6.165141) screen=(642.1605, 445.1349)
[Kill] +1 xp (lv 30, 59/3286)
[Dev] item 엽전 world=(4.649164, 0.0, 6.165141) screen=(642.1605, 445.1349)
[Kill] +1 xp (lv 30, 60/3286)
[Dev] item 엽전 world=(4.649164, 0.0, 6.165141) screen=(642.1605, 445.1349)
[Kill] +1 xp (lv 30, 61/3286)
[Dev] item 엽전 world=(4.649164, 0.0, 6.165141) screen=(642.1605, 445.1349)
[Dev] item 장검 world=(4.649164, 0.0, 6.165141) screen=(642.1605, 445.1349)
[Kill] +1 xp (lv 30, 62/3286)
[Dev] item 엽전 world=(4.649164, 0.0, 6.165141) screen=(642.1605, 445.1349)
[Kill] +1 xp (lv 30, 63/3286)
[Dev] item 탕약 — 십전대보탕 world=(4.649164, 0.0, 6.165141) screen=(642.1605, 445.1349)
[Kill] +2 xp (lv 30, 65/3286)
[Dev] item 엽전 world=(4.649164, 0.0, 6.165153) screen=(638.1697, 451.7859)
[Dev] item 영약 — 공진단 world=(4.649164, 0.0, 6.165153) screen=(638.1697, 451.7859)
[Kill] +2 xp (lv 30, 67/3286)
[Dev] item 엽전 world=(4.649164, 0.0, 6.165141) screen=(641.816, 445.7095)
[Kill] +2 xp (lv 30, 69/3286)
[Dev] item 엽전 world=(4.649164, 0.0, 6.165141) screen=(642.1915, 445.0836)
[Dev] item 미투리 world=(4.649164, 0.0, 6.165141) screen=(642.1915, 445.0836)
[Dev] item 귀환부 world=(4.649164, 0.0, 6.165141) screen=(642.1915, 445.0836)
[Kill] +2 xp (lv 30, 71/3286)
[Dev] item 엽전 world=(4.649164, 0.0, 6.165141) screen=(642.2018, 445.0664)
[Dev] item 복주머니 world=(4.649164, 0.0, 6.165141) screen=(642.2018, 445.0664)
[Dev] item 탕약 — 경옥고 world=(4.649164, 0.0, 6.165141) screen=(642.2018, 445.0664)
[Kill] +2 xp (lv 30, 73/3286)
[Kill] +2 xp (lv 30, 75/3286)
[Dev] item 식별부 world=(4.649164, 0.0, 6.122166) screen=(644.1908, 443.918)
[Kill] +2 xp (lv 30, 77/3286)
[Kill] +2 xp (lv 30, 79/3286)
[Kill] +2 xp (lv 30, 81/3286)
[Dev] item 엽전 world=(4.649164, 0.0, 6.165141) screen=(642.2018, 445.0664)
[Dev] item 본국검 world=(4.649164, 0.0, 6.165141) screen=(642.2018, 445.0664)
[Kill] +2 xp (lv 30, 83/3286)
[Dev] item 엽전 world=(4.649164, 0.0, 6.165141) screen=(642.2018, 445.0664)
[Dev] item 금가락지 world=(4.649164, 0.0, 6.165141) screen=(642.2018, 445.0664)
[Dev] item 빙결부 world=(4.649164, 0.0, 6.165141) screen=(642.2018, 445.0664)
[Kill] +2 xp (lv 30, 85/3286)
[Dev] item 영약 — 공진단 world=(4.649164, 0.0, 6.122166) screen=(644.1908, 443.918)
[Kill] +2 xp (lv 30, 87/3286)
[Kill] +2 xp (lv 30, 89/3286)
[Kill] +2 xp (lv 30, 91/3286)
[Dev] item 엽전 world=(4.649164, 0.0, 6.122166) screen=(644.147, 443.9912)
[Dev] item 미식별 예도 world=(4.649164, 0.0, 6.122166) screen=(644.147, 443.9912)
[Dev] item 탕약 — 경옥고 world=(4.649164, 0.0, 6.122166) screen=(644.147, 443.9912)
[Kill] +2 xp (lv 30, 93/3286)
[Dev] item 엽전 world=(4.649164, 0.0, 6.165141) screen=(638.011, 444.0026)
[Kill] +2 xp (lv 30, 95/3286)
[Dev] item 엽전 world=(4.649164, 0.0, 6.165141) screen=(642.1678, 445.1231)
[Kill] +2 xp (lv 30, 97/3286)
[Kill] +2 xp (lv 30, 99/3286)
[Dev] item 엽전 world=(4.649164, 0.0, 6.165141) screen=(638.011, 444.0026)
[Dev] item 미식별 목화 world=(4.649164, 0.0, 6.165141) screen=(638.011, 444.0026)
[Kill] +2 xp (lv 30, 101/3286)
[Dev] item 미식별 금가락지 world=(4.649164, 0.0, 6.165141) screen=(642.1678, 445.1231)
[Kill] +2 xp (lv 30, 103/3286)
[Kill] +2 xp (lv 30, 105/3286)
[Kill] +2 xp (lv 30, 107/3286)
[Kill] +2 xp (lv 30, 109/3286)
[Dev] item 엽전 world=(4.649164, 0.0, 6.122166) screen=(644.141, 444.0012)
[Kill] +2 xp (lv 30, 111/3286)
[Kill] +2 xp (lv 30, 113/3286)
[Dev] item 엽전 world=(4.649164, 0.0, 6.165141) screen=(642.152, 445.1495)
[Dev] item 본국검 world=(4.649164, 0.0, 6.165141) screen=(642.152, 445.1495)
[Kill] +2 xp (lv 30, 115/3286)
[Dev] item 엽전 world=(4.649164, 0.0, 6.122166) screen=(644.141, 444.0012)
[Dev] item 지갑 world=(4.649164, 0.0, 6.122166) screen=(644.141, 444.0012)
[Kill] +2 xp (lv 30, 117/3286)
[Dev] item 엽전 world=(4.649164, 0.0, 6.165141) screen=(638.011, 444.0026)
[Kill] +2 xp (lv 30, 119/3286)
[Dev] item 탕약 — 십전대보탕 world=(4.649164, 0.0, 6.165141) screen=(642.152, 445.1495)
[Save] level 못골 마을 → user://save_e2e.json (C:/Users/FORYOUCOM/AppData/Roaming/Godot/app_userdata/Joseon Hunters/wt/codex-558-combat-clock-trace/save_e2e.json)
[Dev] stairs DungeonEntrance dir=1 world=(0.0, 0.0, -31.0) screen=(2121.067, -492.4143)
[Dev] interact Merchant world=(5.4, 0.0, -2.4) screen=(1047.293, 368.0158)
[Dev] interact Shaman world=(-5.6, 0.0, 0.4) screen=(408.5833, 148.8999)
[Dev] interact Elder world=(2.0, 0.0, -5.6) screen=(1038.037, 191.6542)
[Dev] interact Jumo world=(7.1, 0.0, -1.4) screen=(1079.692, 440.1637)
[Dev] interact Waypoint world=(-4.2, 0.0, 2.2) screen=(390.0698, 234.4085)
[Click] world=(5.4, 0.0, -2.4) cell=(5, -3)
[Save] talk merchant → user://save_e2e.json (C:/Users/FORYOUCOM/AppData/Roaming/Godot/app_userdata/Joseon Hunters/wt/codex-558-combat-clock-trace/save_e2e.json)
E2E potion_tiers PASS (검사 10)
[Save] level 못골 마을 → user://save_e2e.json (C:/Users/FORYOUCOM/AppData/Roaming/Godot/app_userdata/Joseon Hunters/wt/codex-558-combat-clock-trace/save_e2e.json)
[Dev] stairs DungeonEntrance dir=1 world=(0.0, 0.0, -31.0) screen=(2121.067, -492.4143)
[Dev] interact Merchant world=(5.4, 0.0, -2.4) screen=(1047.293, 368.0158)
[Dev] interact Shaman world=(-5.6, 0.0, 0.4) screen=(408.5833, 148.8999)
[Dev] interact Elder world=(2.0, 0.0, -5.6) screen=(1038.037, 191.6542)
[Dev] interact Jumo world=(7.1, 0.0, -1.4) screen=(1079.692, 440.1637)
[Dev] interact Waypoint world=(-4.2, 0.0, 2.2) screen=(390.0698, 234.4085)
E2E ▶ loot_props
[Dungeon] heukrang_gul 1층 lv=2 seed=403727558 gen 64x64 rooms=6 up=(44, 56) down=(7, 23) enemies=20 roster=bandit,bat,talisman_master elites=["방2:금색×3(깊이 0.50)"] named=-
[Quest] heukrang_gul 1층 — 싹쓸이 셈 시작 20 (heukrang_clear:none)
[Audio] BGM dungeon → dungeon_1.ogg
[Save] level 흑랑 굴 1층 → user://save_e2e.json (C:/Users/FORYOUCOM/AppData/Roaming/Godot/app_userdata/Joseon Hunters/wt/codex-558-combat-clock-trace/save_e2e.json)
[Dev] stairs StairsUp dir=-1 world=(44.5, 0.0, 56.5) screen=(593.7165, 335.9509)
[Dev] stairs StairsDown dir=1 world=(7.5, 0.0, 23.5) screen=(408.583, -1534.551)
[Dev] interact PusJar world=(29.5, 0.0, 42.5) screen=(547.433, -487.0705)
[Dev] interact @Area3D@37500 world=(14.5, 0.0, 24.5) screen=(686.2831, -1368.878)
[Dev] interact @Area3D@37501 world=(23.5, 0.0, 18.5) screen=(1380.534, -1288.714)
[Dev] interact LootChest world=(29.5, 0.0, 39.5) screen=(686.2831, -567.2349)
[Dev] interact @Area3D@37502 world=(40.5, 0.0, 38.5) screen=(1241.683, -300.0204)
[Dev] interact LootPot world=(21.5, 0.0, 43.5) screen=(130.8828, -674.1207)
[Dev] interact @Area3D@37503 world=(22.5, 0.0, 44.5) screen=(130.8829, -620.6779)
[Dev] interact @Area3D@37504 world=(19.5, 0.0, 9.5) screen=(1611.95, -1636.093)
[Dev] interact @Area3D@37505 world=(20.5, 0.0, 9.5) screen=(1658.234, -1609.372)
[Dev] interact @Area3D@37506 world=(44.5, 0.0, 51.5) screen=(825.1333, 154.2443)
[Dev] interact @Area3D@37507 world=(44.5, 0.0, 52.5) screen=(778.8499, 180.9657)
[Dev] interact @Area3D@37508 world=(21.5, 0.0, 39.5) screen=(316.0163, -781.0065)
[Dev] removed 20 enemies
[Click] world=(44.5, 0.0, 51.5) cell=(44, 51)
[Dev] item 엽전 world=(44.5, 0.0, 51.5) screen=(593.7168, 297.7478)
[Loot] 항아리 지역 2 → 엽전
[Click] world=(40.5, 0.0, 38.5) cell=(40, 38)
[Dev] item 엽전 world=(40.5, 0.0, 38.5) screen=(722.6539, 296.7451)
[Dev] item 미식별 옥패 world=(40.5, 0.0, 38.5) screen=(722.6539, 296.7451)
[Loot] 궤짝 지역 2 → 엽전, 미식별 옥패
[Click] world=(40.98217, 0.076394, 38.3115) cell=(40, 38)
[Click] world=(45.5, 0.0, 52.5) cell=(45, 52)
[Click] world=(45.5, 0.0, 52.5) cell=(45, 52)
[Click] world=(45.5, 0.0, 52.5) cell=(45, 52)
[Loot] 항아리 지역 2 → 빈 것
[Dev] removed 1 enemies
[Dungeon] heukrang_gul 2층 lv=3 seed=3189434797 preset 28x28 rooms=2 up=(22, 23) down=(-1, -1) enemies=2 roster=bat elites=[] named=-
[Audio] BGM boss → boss.ogg
[Save] level 흑랑 굴 2층 → user://save_e2e.json (C:/Users/FORYOUCOM/AppData/Roaming/Godot/app_userdata/Joseon Hunters/wt/codex-558-combat-clock-trace/save_e2e.json)
[Dev] stairs StairsUp dir=-1 world=(22.5, 0.0, 23.5) screen=(593.7167, 335.9507)
[Dev] item 화염부 world=(32.5, 0.0, 70.5) screen=(-1118.768, 1840.389)
[Dev] item 빙결부 world=(33.5, 0.0, 69.5) screen=(-1026.201, 1840.389)
[Field] deulnyeok seed=355022911 128x128 props=2252 packs=18 enemies=74 waypoint=(62, 65) roster=bandit,bat,talisman_master elites=["13:파란×4@구간3"]
[Audio] BGM dungeon → dungeon_3.ogg
[Save] level 못골 들녘 → user://save_e2e.json (C:/Users/FORYOUCOM/AppData/Roaming/Godot/app_userdata/Joseon Hunters/wt/codex-558-combat-clock-trace/save_e2e.json)
[Dev] stairs Down_cave dir=1 world=(88.5, 0.0, 3.5) screen=(7212.236, 897.1014)
[Dev] interact Waypoint world=(62.5, 0.0, 65.5) screen=(3139.301, 1810.974)
[Dev] interact FloorItem world=(32.5, 0.0, 70.5) screen=(1519.384, 1142.938)
[Dev] interact @Area3D@38083 world=(33.5, 0.0, 69.5) screen=(1611.95, 1142.938)
[Dev] interact PusJar world=(95.5, 0.0, 103.5) screen=(2907.884, 3708.197)
[Dev] interact @Area3D@38230 world=(101.5, 0.0, 105.5) screen=(3093.018, 3921.969)
[Dev] interact @Area3D@38231 world=(98.5, 0.0, 107.5) screen=(2861.601, 3895.247)
[Dev] interact LootChest world=(27.5, 0.0, 70.5) screen=(1287.967, 1009.331)
[Dev] interact @Area3D@38232 world=(94.5, 0.0, 100.5) screen=(3000.451, 3601.312)
[Dev] interact @Area3D@38233 world=(55.5, 0.0, 52.5) screen=(3417.001, 1276.545)
[Dev] interact LootPot world=(46.5, 0.0, 68.5) screen=(2259.917, 1463.595)
[Dev] interact @Area3D@38234 world=(73.5, 0.0, 47.5) screen=(4481.519, 1623.924)
[Dev] interact @Area3D@38235 world=(90.5, 0.0, 47.5) screen=(5268.335, 2078.189)
[Dev] interact @Area3D@38236 world=(111.5, 0.0, 49.5) screen=(6147.719, 2692.782)
[Dev] interact @Area3D@38237 world=(101.5, 0.0, 101.5) screen=(3278.151, 3815.083)
[Dev] interact @Area3D@38238 world=(86.5, 0.0, 76.5) screen=(3740.984, 2746.225)
[Dev] interact @Area3D@38239 world=(53.5, 0.0, 52.5) screen=(3324.434, 1223.102)
[Dev] interact @Area3D@38240 world=(87.5, 0.0, 95.5) screen=(2907.884, 3280.654)
[Dev] interact @Area3D@38241 world=(26.5, 0.0, 66.5) screen=(1426.817, 875.7234)
[Dev] interact @Area3D@38242 world=(17.5, 0.0, 60.5) screen=(1287.967, 474.9016)
[Dev] interact @Area3D@38243 world=(86.5, 0.0, 22.5) screen=(6240.286, 1303.266)
[Dev] interact @Area3D@38244 world=(59.5, 0.0, 65.5) screen=(3000.451, 1730.81)
[Dev] interact @Area3D@38245 world=(18.5, 0.0, 74.5) screen=(686.2832, 875.7234)
[Dev] interact @Area3D@38246 world=(44.5, 0.0, 69.5) screen=(2121.067, 1436.874)
[Dev] interact @Area3D@38247 world=(73.5, 0.0, 49.5) screen=(4388.952, 1677.367)
[Dev] interact @Area3D@38248 world=(88.5, 0.0, 52.5) screen=(4944.352, 2158.353)
E2E loot_props PASS (검사 19)
[Audio] BGM town → town.ogg
[Save] level 못골 마을 → user://save_e2e.json (C:/Users/FORYOUCOM/AppData/Roaming/Godot/app_userdata/Joseon Hunters/wt/codex-558-combat-clock-trace/save_e2e.json)
[Dev] stairs DungeonEntrance dir=1 world=(0.0, 0.0, -31.0) screen=(2121.067, -492.4143)
[Dev] interact Merchant world=(5.4, 0.0, -2.4) screen=(1047.293, 368.0158)
[Dev] interact Shaman world=(-5.6, 0.0, 0.4) screen=(408.5833, 148.8999)
[Dev] interact Elder world=(2.0, 0.0, -5.6) screen=(1038.037, 191.6542)
[Dev] interact Jumo world=(7.1, 0.0, -1.4) screen=(1079.692, 440.1637)
[Dev] interact Waypoint world=(-4.2, 0.0, 2.2) screen=(390.0698, 234.4085)
E2E ▶ elite_pack
[Dungeon] heukrang_gul 1층 lv=2 seed=403727558 gen 64x64 rooms=6 up=(44, 56) down=(7, 23) enemies=20 roster=bandit,bat,talisman_master elites=["방2:금색×3(깊이 0.50)"] named=-
[Quest] heukrang_gul 1층 — 싹쓸이 셈 시작 20 (heukrang_clear:none)
[Audio] BGM dungeon → dungeon_2.ogg
[Save] level 흑랑 굴 1층 → user://save_e2e.json (C:/Users/FORYOUCOM/AppData/Roaming/Godot/app_userdata/Joseon Hunters/wt/codex-558-combat-clock-trace/save_e2e.json)
[Dev] stairs StairsUp dir=-1 world=(44.5, 0.0, 56.5) screen=(593.7165, 335.9509)
[Dev] stairs StairsDown dir=1 world=(7.5, 0.0, 23.5) screen=(408.583, -1534.551)
[Dev] interact PusJar world=(29.5, 0.0, 42.5) screen=(547.433, -487.0705)
[Dev] interact @Area3D@38590 world=(14.5, 0.0, 24.5) screen=(686.2831, -1368.878)
[Dev] interact @Area3D@38591 world=(23.5, 0.0, 18.5) screen=(1380.534, -1288.714)
[Dev] interact LootChest world=(29.5, 0.0, 39.5) screen=(686.2831, -567.2349)
[Dev] interact @Area3D@38592 world=(40.5, 0.0, 38.5) screen=(1241.683, -300.0204)
[Dev] interact LootPot world=(21.5, 0.0, 43.5) screen=(130.8828, -674.1207)
[Dev] interact @Area3D@38593 world=(22.5, 0.0, 44.5) screen=(130.8829, -620.6779)
[Dev] interact @Area3D@38594 world=(19.5, 0.0, 9.5) screen=(1611.95, -1636.093)
[Dev] interact @Area3D@38595 world=(20.5, 0.0, 9.5) screen=(1658.234, -1609.372)
[Dev] interact @Area3D@38596 world=(44.5, 0.0, 51.5) screen=(825.1333, 154.2443)
[Dev] interact @Area3D@38597 world=(44.5, 0.0, 52.5) screen=(778.8499, 180.9657)
[Dev] interact @Area3D@38598 world=(21.5, 0.0, 39.5) screen=(316.0163, -781.0065)
[Dev] removed 20 enemies
  · 층 지역 레벨 2
[Dev] 파란 무리 질긴 산적 ×4 · 1회차 · Lv3 · 생명 94 · 옵션 tough · 무리 534
[Dev] removed 4 enemies
[Dev] 우두머리 악귀 같은 바우 ×3 · 1회차 · Lv4 · 생명 104 · 옵션 fire_enchanted · 무리 535
[Kill] +55 xp (lv 2, 35/57)
[LevelUp] lv=2 stat_pts=5 skill_pts=1
[Dev] item 누비옷 world=(19.5, 0.0, 49.5) screen=(513.5597, 271.3467)
[Dev] item 엽전 world=(19.5, 0.0, 49.5) screen=(513.5597, 271.3467)
[Dev] item 미식별 미투리 world=(19.5, 0.0, 49.5) screen=(513.5597, 271.3467)
[Dev] item 엽전 world=(19.5, 0.0, 49.5) screen=(513.5597, 271.3467)
[Dev] item 탕약 — 쌍화탕 world=(19.5, 0.0, 49.5) screen=(513.5597, 271.3467)
[Dev] item 미식별 복주머니 world=(19.5, 0.0, 49.5) screen=(513.5597, 271.3467)
[Audio] 같은 순간 같은 큐 상한(3) 넘침 — drop ×1 (버림 누계 484)
[Dev] removed 3 enemies
[Kill] +26 xp (lv 3, 4/104)
[LevelUp] lv=3 stat_pts=10 skill_pts=2
[Dev] item 엽전 world=(23.5, 0.0, 49.5) screen=(778.6142, 424.0173)
[Dev] removed 3 enemies
[Dev] removed 3 enemies
[Dev] removed 3 enemies
E2E elite_pack PASS (검사 52)
[Audio] BGM town → town.ogg
[Save] level 못골 마을 → user://save_e2e.json (C:/Users/FORYOUCOM/AppData/Roaming/Godot/app_userdata/Joseon Hunters/wt/codex-558-combat-clock-trace/save_e2e.json)
[Dev] stairs DungeonEntrance dir=1 world=(0.0, 0.0, -31.0) screen=(2121.067, -492.4143)
[Dev] interact Merchant world=(5.4, 0.0, -2.4) screen=(1047.293, 368.0158)
[Dev] interact Shaman world=(-5.6, 0.0, 0.4) screen=(408.5833, 148.8999)
[Dev] interact Elder world=(2.0, 0.0, -5.6) screen=(1038.037, 191.6542)
[Dev] interact Jumo world=(7.1, 0.0, -1.4) screen=(1079.692, 440.1637)
[Dev] interact Waypoint world=(-4.2, 0.0, 2.2) screen=(390.0698, 234.4085)
E2E ▶ elite_slots
[Dev] item 화염부 world=(32.5, 0.0, 70.5) screen=(-1072.484, 3072.227)
[Dev] item 빙결부 world=(33.5, 0.0, 69.5) screen=(-979.9173, 3072.227)
[Field] deulnyeok seed=137177645 128x128 props=2363 packs=18 enemies=70 waypoint=(59, 60) roster=bandit,bat,talisman_master elites=["11:파란×4@구간2"]
[Audio] BGM dungeon → dungeon_1.ogg
[Save] level 못골 들녘 → user://save_e2e.json (C:/Users/FORYOUCOM/AppData/Roaming/Godot/app_userdata/Joseon Hunters/wt/codex-558-combat-clock-trace/save_e2e.json)
  · 시드 3340239649 · 무리 11/18 · 구간 2 · 레벨 2 · 산적 ×4 · 강화 fierce
[Dev] item 화염부 world=(32.5, 0.0, 70.5) screen=(1519.384, 1175.004)
[Dev] item 빙결부 world=(33.5, 0.0, 69.5) screen=(1611.95, 1175.004)
[Field] deulnyeok seed=137177645 128x128 props=2363 packs=18 enemies=69 waypoint=(59, 60) roster=bandit,bat,talisman_master elites=[]
[Save] level 못골 들녘 → user://save_e2e.json (C:/Users/FORYOUCOM/AppData/Roaming/Godot/app_userdata/Joseon Hunters/wt/codex-558-combat-clock-trace/save_e2e.json)
[Dev] item 화염부 world=(32.5, 0.0, 70.5) screen=(1519.384, 1175.004)
[Dev] item 빙결부 world=(33.5, 0.0, 69.5) screen=(1611.95, 1175.004)
[Field] deulnyeok seed=137177645 128x128 props=2363 packs=18 enemies=70 waypoint=(59, 60) roster=bandit,bat,talisman_master elites=["11:파란×4@구간2"]
[Save] level 못골 들녘 → user://save_e2e.json (C:/Users/FORYOUCOM/AppData/Roaming/Godot/app_userdata/Joseon Hunters/wt/codex-558-combat-clock-trace/save_e2e.json)
[Dev] stairs Down_cave dir=1 world=(88.5, 0.0, 3.5) screen=(7212.236, 897.1014)
[Dev] interact Waypoint world=(59.5, 0.0, 60.5) screen=(3231.868, 1597.203)
[Dev] interact FloorItem world=(32.5, 0.0, 70.5) screen=(1519.384, 1142.938)
[Dev] interact @Area3D@40627 world=(33.5, 0.0, 69.5) screen=(1611.95, 1142.938)
[Dev] interact PusJar world=(95.5, 0.0, 103.5) screen=(2907.884, 3708.197)
[Dev] interact @Area3D@40767 world=(101.5, 0.0, 105.5) screen=(3093.018, 3921.969)
[Dev] interact @Area3D@40768 world=(98.5, 0.0, 107.5) screen=(2861.601, 3895.247)
[Dev] interact LootChest world=(32.5, 0.0, 65.5) screen=(1750.8, 1009.331)
[Dev] interact @Area3D@40769 world=(100.5, 0.0, 101.5) screen=(3231.868, 3788.362)
[Dev] interact @Area3D@40770 world=(39.5, 0.0, 75.5) screen=(1611.95, 1463.595)
[Dev] interact LootPot world=(112.5, 0.0, 40.5) screen=(6610.553, 2479.01)
[Dev] interact @Area3D@40771 world=(34.5, 0.0, 66.5) screen=(1797.084, 1089.495)
[Dev] interact @Area3D@40772 world=(24.5, 0.0, 59.5) screen=(1658.234, 635.2303)
[Dev] interact @Area3D@40773 world=(102.5, 0.0, 93.5) screen=(3694.702, 3628.033)
[Dev] interact @Area3D@40774 world=(39.5, 0.0, 73.5) screen=(1704.517, 1410.152)
[Dev] interact @Area3D@40775 world=(58.5, 0.0, 37.5) screen=(4250.102, 955.8878)
[Dev] interact @Area3D@40776 world=(66.5, 0.0, 62.5) screen=(3463.285, 1837.696)
[Dev] interact @Area3D@40777 world=(104.5, 0.0, 55.5) screen=(5546.036, 2666.061)
[Dev] interact @Area3D@40778 world=(75.5, 0.0, 60.5) screen=(3972.401, 2024.746)
[Dev] interact @Area3D@40779 world=(80.5, 0.0, 75.5) screen=(3509.568, 2559.175)
[Dev] interact @Area3D@40780 world=(89.5, 0.0, 20.5) screen=(6471.703, 1329.988)
[Dev] interact @Area3D@40781 world=(84.5, 0.0, 48.5) screen=(4944.352, 1944.581)
[Dev] interact @Area3D@40782 world=(102.5, 0.0, 102.5) screen=(3278.151, 3868.526)
[Dev] interact @Area3D@40783 world=(115.5, 0.0, 37.5) screen=(6888.253, 2479.01)
[Dev] interact @Area3D@40784 world=(29.5, 0.0, 72.5) screen=(1287.967, 1116.216)
[Dev] stairs Down_cave dir=1 world=(88.5, 0.0, 3.5) screen=(7212.236, 897.1014)
[Dev] interact Waypoint world=(59.5, 0.0, 60.5) screen=(3231.868, 1597.203)
[Dev] interact FloorItem world=(32.5, 0.0, 70.5) screen=(1519.384, 1142.938)
[Dev] interact @Area3D@40627 world=(33.5, 0.0, 69.5) screen=(1611.95, 1142.938)
[Dev] interact PusJar world=(95.5, 0.0, 103.5) screen=(2907.884, 3708.197)
[Dev] interact @Area3D@40767 world=(101.5, 0.0, 105.5) screen=(3093.018, 3921.969)
[Dev] interact @Area3D@40768 world=(98.5, 0.0, 107.5) screen=(2861.601, 3895.247)
[Dev] interact LootChest world=(32.5, 0.0, 65.5) screen=(1750.8, 1009.331)
[Dev] interact @Area3D@40769 world=(100.5, 0.0, 101.5) screen=(3231.868, 3788.362)
[Dev] interact @Area3D@40770 world=(39.5, 0.0, 75.5) screen=(1611.95, 1463.595)
[Dev] interact LootPot world=(112.5, 0.0, 40.5) screen=(6610.553, 2479.01)
[Dev] interact @Area3D@40771 world=(34.5, 0.0, 66.5) screen=(1797.084, 1089.495)
[Dev] interact @Area3D@40772 world=(24.5, 0.0, 59.5) screen=(1658.234, 635.2303)
[Dev] interact @Area3D@40773 world=(102.5, 0.0, 93.5) screen=(3694.702, 3628.033)
[Dev] interact @Area3D@40774 world=(39.5, 0.0, 73.5) screen=(1704.517, 1410.152)
[Dev] interact @Area3D@40775 world=(58.5, 0.0, 37.5) screen=(4250.102, 955.8878)
[Dev] interact @Area3D@40776 world=(66.5, 0.0, 62.5) screen=(3463.285, 1837.696)
[Dev] interact @Area3D@40777 world=(104.5, 0.0, 55.5) screen=(5546.036, 2666.061)
[Dev] interact @Area3D@40778 world=(75.5, 0.0, 60.5) screen=(3972.401, 2024.746)
[Dev] interact @Area3D@40779 world=(80.5, 0.0, 75.5) screen=(3509.568, 2559.175)
[Dev] interact @Area3D@40780 world=(89.5, 0.0, 20.5) screen=(6471.703, 1329.988)
[Dev] interact @Area3D@40781 world=(84.5, 0.0, 48.5) screen=(4944.352, 1944.581)
[Dev] interact @Area3D@40782 world=(102.5, 0.0, 102.5) screen=(3278.151, 3868.526)
[Dev] interact @Area3D@40783 world=(115.5, 0.0, 37.5) screen=(6888.253, 2479.01)
[Dev] interact @Area3D@40784 world=(29.5, 0.0, 72.5) screen=(1287.967, 1116.216)
[Dev] stairs Down_cave dir=1 world=(88.5, 0.0, 3.5) screen=(7212.236, 897.1014)
[Dev] interact Waypoint world=(59.5, 0.0, 60.5) screen=(3231.868, 1597.203)
[Dev] interact FloorItem world=(32.5, 0.0, 70.5) screen=(1519.384, 1142.938)
[Dev] interact @Area3D@40627 world=(33.5, 0.0, 69.5) screen=(1611.95, 1142.938)
[Dev] interact PusJar world=(95.5, 0.0, 103.5) screen=(2907.884, 3708.197)
[Dev] interact @Area3D@40767 world=(101.5, 0.0, 105.5) screen=(3093.018, 3921.969)
[Dev] interact @Area3D@40768 world=(98.5, 0.0, 107.5) screen=(2861.601, 3895.247)
[Dev] interact LootChest world=(32.5, 0.0, 65.5) screen=(1750.8, 1009.331)
[Dev] interact @Area3D@40769 world=(100.5, 0.0, 101.5) screen=(3231.868, 3788.362)
[Dev] interact @Area3D@40770 world=(39.5, 0.0, 75.5) screen=(1611.95, 1463.595)
[Dev] interact LootPot world=(112.5, 0.0, 40.5) screen=(6610.553, 2479.01)
[Dev] interact @Area3D@40771 world=(34.5, 0.0, 66.5) screen=(1797.084, 1089.495)
[Dev] interact @Area3D@40772 world=(24.5, 0.0, 59.5) screen=(1658.234, 635.2303)
[Dev] interact @Area3D@40773 world=(102.5, 0.0, 93.5) screen=(3694.702, 3628.033)
[Dev] interact @Area3D@40774 world=(39.5, 0.0, 73.5) screen=(1704.517, 1410.152)
[Dev] interact @Area3D@40775 world=(58.5, 0.0, 37.5) screen=(4250.102, 955.8878)
[Dev] interact @Area3D@40776 world=(66.5, 0.0, 62.5) screen=(3463.285, 1837.696)
[Dev] interact @Area3D@40777 world=(104.5, 0.0, 55.5) screen=(5546.036, 2666.061)
[Dev] interact @Area3D@40778 world=(75.5, 0.0, 60.5) screen=(3972.401, 2024.746)
[Dev] interact @Area3D@40779 world=(80.5, 0.0, 75.5) screen=(3509.568, 2559.175)
[Dev] interact @Area3D@40780 world=(89.5, 0.0, 20.5) screen=(6471.703, 1329.988)
[Dev] interact @Area3D@40781 world=(84.5, 0.0, 48.5) screen=(4944.352, 1944.581)
[Dev] interact @Area3D@40782 world=(102.5, 0.0, 102.5) screen=(3278.151, 3868.526)
[Dev] interact @Area3D@40783 world=(115.5, 0.0, 37.5) screen=(6888.253, 2479.01)
[Dev] interact @Area3D@40784 world=(29.5, 0.0, 72.5) screen=(1287.967, 1116.216)
[Kill] +28 xp (lv 2, 8/57)
[LevelUp] lv=2 stat_pts=5 skill_pts=1
[Dev] item 엽전 world=(94.5, 0.0, 45.5) screen=(1010.267, 291.7299)
[Dev] item 미식별 무명 도포 world=(94.5, 0.0, 45.5) screen=(1010.267, 291.7299)
[Dev] item 영약 — 생맥산 world=(94.5, 0.0, 45.5) screen=(1010.267, 291.7299)
[Dev] item 탕약 — 쌍화탕 world=(94.5, 0.0, 45.5) screen=(1010.267, 291.7299)
[Dev] item 화염부 world=(32.5, 0.0, 70.5) screen=(-3016.385, -696.9637)
[Dev] item 빙결부 world=(33.5, 0.0, 69.5) screen=(-2923.818, -696.9637)
[Field] deulnyeok seed=137177645 128x128 props=2363 packs=18 enemies=70 waypoint=(59, 60) roster=bandit,bat,talisman_master elites=["16:금색×3@구간3", "11:파란×4@구간2"]
[Save] level 못골 들녘 → user://save_e2e.json (C:/Users/FORYOUCOM/AppData/Roaming/Godot/app_userdata/Joseon Hunters/wt/codex-558-combat-clock-trace/save_e2e.json)
[Dev] stairs Down_cave dir=1 world=(88.5, 0.0, 3.5) screen=(7212.236, 897.1014)
[Dev] interact Waypoint world=(59.5, 0.0, 60.5) screen=(3231.868, 1597.203)
[Dev] interact FloorItem world=(32.5, 0.0, 70.5) screen=(1519.384, 1142.938)
[Dev] interact @Area3D@41292 world=(33.5, 0.0, 69.5) screen=(1611.95, 1142.938)
[Dev] interact PusJar world=(95.5, 0.0, 103.5) screen=(2907.884, 3708.197)
[Dev] interact @Area3D@41429 world=(101.5, 0.0, 105.5) screen=(3093.018, 3921.969)
[Dev] interact @Area3D@41430 world=(98.5, 0.0, 107.5) screen=(2861.601, 3895.247)
[Dev] interact LootChest world=(32.5, 0.0, 65.5) screen=(1750.8, 1009.331)
[Dev] interact @Area3D@41431 world=(100.5, 0.0, 101.5) screen=(3231.868, 3788.362)
[Dev] interact @Area3D@41432 world=(39.5, 0.0, 75.5) screen=(1611.95, 1463.595)
[Dev] interact LootPot world=(112.5, 0.0, 40.5) screen=(6610.553, 2479.01)
[Dev] interact @Area3D@41433 world=(34.5, 0.0, 66.5) screen=(1797.084, 1089.495)
[Dev] interact @Area3D@41434 world=(24.5, 0.0, 59.5) screen=(1658.234, 635.2303)
[Dev] interact @Area3D@41435 world=(102.5, 0.0, 93.5) screen=(3694.702, 3628.033)
[Dev] interact @Area3D@41436 world=(39.5, 0.0, 73.5) screen=(1704.517, 1410.152)
[Dev] interact @Area3D@41437 world=(58.5, 0.0, 37.5) screen=(4250.102, 955.8878)
[Dev] interact @Area3D@41438 world=(66.5, 0.0, 62.5) screen=(3463.285, 1837.696)
[Dev] interact @Area3D@41439 world=(104.5, 0.0, 55.5) screen=(5546.036, 2666.061)
[Dev] interact @Area3D@41440 world=(75.5, 0.0, 60.5) screen=(3972.401, 2024.746)
[Dev] interact @Area3D@41441 world=(80.5, 0.0, 75.5) screen=(3509.568, 2559.175)
[Dev] interact @Area3D@41442 world=(89.5, 0.0, 20.5) screen=(6471.703, 1329.988)
[Dev] interact @Area3D@41443 world=(84.5, 0.0, 48.5) screen=(4944.352, 1944.581)
[Dev] interact @Area3D@41444 world=(102.5, 0.0, 102.5) screen=(3278.151, 3868.526)
[Dev] interact @Area3D@41445 world=(115.5, 0.0, 37.5) screen=(6888.253, 2479.01)
[Dev] interact @Area3D@41446 world=(29.5, 0.0, 72.5) screen=(1287.967, 1116.216)
[Dungeon] heukrang_gul 1층 lv=2 seed=875064324 gen 64x64 rooms=9 up=(39, 23) down=(7, 6) enemies=35 roster=bandit,bat,talisman_master elites=["방3:금색×5(깊이 0.71)"] named=-
[Quest] heukrang_gul 1층 — 싹쓸이 셈 시작 105 (heukrang_clear:none)
[Save] level 흑랑 굴 1층 → user://save_e2e.json (C:/Users/FORYOUCOM/AppData/Roaming/Godot/app_userdata/Joseon Hunters/wt/codex-558-combat-clock-trace/save_e2e.json)
  · 시드 160326318 · 방 3 (깊이 0.71) · 산적 · 대머리 판돌이 + 하수인 4 · 옵션 cold_enchanted
[Dungeon] heukrang_gul 1층 lv=2 seed=875064324 gen 64x64 rooms=9 up=(39, 23) down=(7, 6) enemies=36 roster=bandit,bat,talisman_master elites=[] named=-
[Quest] heukrang_gul 1층 — 싹쓸이 셈 시작 141 (heukrang_clear:none)
[Save] level 흑랑 굴 1층 → user://save_e2e.json (C:/Users/FORYOUCOM/AppData/Roaming/Godot/app_userdata/Joseon Hunters/wt/codex-558-combat-clock-trace/save_e2e.json)
[Dungeon] heukrang_gul 1층 lv=2 seed=875064324 gen 64x64 rooms=9 up=(39, 23) down=(7, 6) enemies=35 roster=bandit,bat,talisman_master elites=["방3:금색×5(깊이 0.71)"] named=-
[Quest] heukrang_gul 1층 — 싹쓸이 셈 시작 176 (heukrang_clear:none)
[Save] level 흑랑 굴 1층 → user://save_e2e.json (C:/Users/FORYOUCOM/AppData/Roaming/Godot/app_userdata/Joseon Hunters/wt/codex-558-combat-clock-trace/save_e2e.json)
[Dev] stairs StairsUp dir=-1 world=(39.5, 0.0, 23.5) screen=(593.7167, 335.9507)
[Dev] stairs StairsDown dir=1 world=(7.5, 0.0, 6.5) screen=(-100.5338, -973.4005)
[Dev] interact PusJar world=(49.5, 0.0, 48.5) screen=(-100.5337, 1223.102)
[Dev] interact @Area3D@42168 world=(18.5, 0.0, 13.5) screen=(84.5998, -540.5136)
[Dev] interact LootChest world=(15.5, 0.0, 12.5) screen=(-7.966995, -647.3994)
[Dev] interact @Area3D@42169 world=(38.5, 0.0, 54.5) screen=(-887.3508, 1089.495)
[Dev] interact @Area3D@42170 world=(49.5, 0.0, 59.5) screen=(-609.6506, 1517.038)
[Dev] interact LootPot world=(43.5, 0.0, 55.5) screen=(-702.2173, 1249.824)
[Dev] interact @Area3D@42171 world=(44.5, 0.0, 54.5) screen=(-609.6506, 1249.824)
[Dev] interact @Area3D@42172 world=(59.5, 0.0, 53.5) screen=(130.8831, 1623.924)
[Dev] interact @Area3D@42173 world=(18.5, 0.0, 43.5) screen=(-1303.901, 261.1299)
[Dev] interact @Area3D@42174 world=(19.5, 0.0, 42.5) screen=(-1211.334, 261.1299)
[Dev] interact @Area3D@42175 world=(12.5, 0.0, 3.5) screen=(269.733, -968.0569)
[Dev] interact @Area3D@42176 world=(12.5, 0.0, 4.5) screen=(223.4496, -941.3354)
[Dev] interact @Area3D@42177 world=(11.5, 0.0, 4.5) screen=(177.1665, -968.0567)
[Dev] interact @Area3D@42178 world=(8.5, 0.0, 26.5) screen=(-979.9176, -460.3491)
[Dev] interact @Area3D@42179 world=(9.5, 0.0, 27.5) screen=(-979.9175, -406.9064)
[Dev] stairs StairsUp dir=-1 world=(39.5, 0.0, 23.5) screen=(593.7167, 335.9507)
[Dev] stairs StairsDown dir=1 world=(7.5, 0.0, 6.5) screen=(-100.5338, -973.4005)
[Dev] interact PusJar world=(49.5, 0.0, 48.5) screen=(-100.5337, 1223.102)
[Dev] interact @Area3D@42168 world=(18.5, 0.0, 13.5) screen=(84.5998, -540.5136)
[Dev] interact LootChest world=(15.5, 0.0, 12.5) screen=(-7.966995, -647.3994)
[Dev] interact @Area3D@42169 world=(38.5, 0.0, 54.5) screen=(-887.3508, 1089.495)
[Dev] interact @Area3D@42170 world=(49.5, 0.0, 59.5) screen=(-609.6506, 1517.038)
[Dev] interact LootPot world=(43.5, 0.0, 55.5) screen=(-702.2173, 1249.824)
[Dev] interact @Area3D@42171 world=(44.5, 0.0, 54.5) screen=(-609.6506, 1249.824)
[Dev] interact @Area3D@42172 world=(59.5, 0.0, 53.5) screen=(130.8831, 1623.924)
[Dev] interact @Area3D@42173 world=(18.5, 0.0, 43.5) screen=(-1303.901, 261.1299)
[Dev] interact @Area3D@42174 world=(19.5, 0.0, 42.5) screen=(-1211.334, 261.1299)
[Dev] interact @Area3D@42175 world=(12.5, 0.0, 3.5) screen=(269.733, -968.0569)
[Dev] interact @Area3D@42176 world=(12.5, 0.0, 4.5) screen=(223.4496, -941.3354)
[Dev] interact @Area3D@42177 world=(11.5, 0.0, 4.5) screen=(177.1665, -968.0567)
[Dev] interact @Area3D@42178 world=(8.5, 0.0, 26.5) screen=(-979.9176, -460.3491)
[Dev] interact @Area3D@42179 world=(9.5, 0.0, 27.5) screen=(-979.9175, -406.9064)
[Dev] stairs StairsUp dir=-1 world=(39.5, 0.0, 23.5) screen=(593.7167, 335.9507)
[Dev] stairs StairsDown dir=1 world=(7.5, 0.0, 6.5) screen=(-100.5338, -973.4005)
[Dev] interact PusJar world=(49.5, 0.0, 48.5) screen=(-100.5337, 1223.102)
[Dev] interact @Area3D@42168 world=(18.5, 0.0, 13.5) screen=(84.5998, -540.5136)
[Dev] interact LootChest world=(15.5, 0.0, 12.5) screen=(-7.966995, -647.3994)
[Dev] interact @Area3D@42169 world=(38.5, 0.0, 54.5) screen=(-887.3508, 1089.495)
[Dev] interact @Area3D@42170 world=(49.5, 0.0, 59.5) screen=(-609.6506, 1517.038)
[Dev] interact LootPot world=(43.5, 0.0, 55.5) screen=(-702.2173, 1249.824)
[Dev] interact @Area3D@42171 world=(44.5, 0.0, 54.5) screen=(-609.6506, 1249.824)
[Dev] interact @Area3D@42172 world=(59.5, 0.0, 53.5) screen=(130.8831, 1623.924)
[Dev] interact @Area3D@42173 world=(18.5, 0.0, 43.5) screen=(-1303.901, 261.1299)
[Dev] interact @Area3D@42174 world=(19.5, 0.0, 42.5) screen=(-1211.334, 261.1299)
[Dev] interact @Area3D@42175 world=(12.5, 0.0, 3.5) screen=(269.733, -968.0569)
[Dev] interact @Area3D@42176 world=(12.5, 0.0, 4.5) screen=(223.4496, -941.3354)
[Dev] interact @Area3D@42177 world=(11.5, 0.0, 4.5) screen=(177.1665, -968.0567)
[Dev] interact @Area3D@42178 world=(8.5, 0.0, 26.5) screen=(-979.9176, -460.3491)
[Dev] interact @Area3D@42179 world=(9.5, 0.0, 27.5) screen=(-979.9175, -406.9064)
[Kill] +53 xp (lv 3, 4/104)
[LevelUp] lv=3 stat_pts=10 skill_pts=2
[Dev] item 엽전 world=(9.5, 0.0, 32.5) screen=(917.7001, 345.0148)
[Dev] item 미투리 world=(9.5, 0.0, 32.5) screen=(917.7001, 345.0148)
[Dev] item 엽전 world=(9.5, 0.0, 32.5) screen=(917.7001, 345.0148)
[Dev] item 미식별 무명띠 world=(9.5, 0.0, 32.5) screen=(917.7001, 345.0148)
[Dev] item 가죽갑 world=(9.5, 0.0, 32.5) screen=(917.7001, 345.0148)
[Dungeon] heukrang_gul 2층 lv=3 seed=2242901156 preset 28x28 rooms=2 up=(22, 23) down=(-1, -1) enemies=2 roster=bat elites=[] named=-
[Audio] BGM boss → boss.ogg
[Save] level 흑랑 굴 2층 → user://save_e2e.json (C:/Users/FORYOUCOM/AppData/Roaming/Godot/app_userdata/Joseon Hunters/wt/codex-558-combat-clock-trace/save_e2e.json)
[Dev] stairs StairsUp dir=-1 world=(22.5, 0.0, 23.5) screen=(593.7167, 335.9507)
E2E elite_slots PASS (검사 31)
[Audio] BGM town → town.ogg
[Save] level 못골 마을 → user://save_e2e.json (C:/Users/FORYOUCOM/AppData/Roaming/Godot/app_userdata/Joseon Hunters/wt/codex-558-combat-clock-trace/save_e2e.json)
[Dev] stairs DungeonEntrance dir=1 world=(0.0, 0.0, -31.0) screen=(2121.067, -492.4143)
[Dev] interact Merchant world=(5.4, 0.0, -2.4) screen=(1047.293, 368.0158)
[Dev] interact Shaman world=(-5.6, 0.0, 0.4) screen=(408.5833, 148.8999)
[Dev] interact Elder world=(2.0, 0.0, -5.6) screen=(1038.037, 191.6542)
[Dev] interact Jumo world=(7.1, 0.0, -1.4) screen=(1079.692, 440.1637)
[Dev] interact Waypoint world=(-4.2, 0.0, 2.2) screen=(390.0698, 234.4085)
E2E ▶ flee_chase
[Dev] item 화염부 world=(32.5, 0.0, 70.5) screen=(-1074.157, 3069.44)
[Dev] item 빙결부 world=(33.5, 0.0, 69.5) screen=(-981.59, 3069.439)
[Field] deulnyeok seed=355022911 128x128 props=2252 packs=18 enemies=74 waypoint=(62, 65) roster=bandit,bat,talisman_master elites=["13:파란×4@구간3"]
[Audio] BGM dungeon → dungeon_4.ogg
[Save] level 못골 들녘 → user://save_e2e.json (C:/Users/FORYOUCOM/AppData/Roaming/Godot/app_userdata/Joseon Hunters/wt/codex-558-combat-clock-trace/save_e2e.json)
[Dev] stairs Down_cave dir=1 world=(88.5, 0.0, 3.5) screen=(7212.236, 897.1014)
[Dev] interact Waypoint world=(62.5, 0.0, 65.5) screen=(3139.301, 1810.974)
[Dev] interact FloorItem world=(32.5, 0.0, 70.5) screen=(1519.384, 1142.938)
[Dev] interact @Area3D@42913 world=(33.5, 0.0, 69.5) screen=(1611.95, 1142.938)
[Dev] interact PusJar world=(95.5, 0.0, 103.5) screen=(2907.884, 3708.197)
[Dev] interact @Area3D@43060 world=(101.5, 0.0, 105.5) screen=(3093.018, 3921.969)
[Dev] interact @Area3D@43061 world=(98.5, 0.0, 107.5) screen=(2861.601, 3895.247)
[Dev] interact LootChest world=(27.5, 0.0, 70.5) screen=(1287.967, 1009.331)
[Dev] interact @Area3D@43062 world=(94.5, 0.0, 100.5) screen=(3000.451, 3601.312)
[Dev] interact @Area3D@43063 world=(55.5, 0.0, 52.5) screen=(3417.001, 1276.545)
[Dev] interact LootPot world=(46.5, 0.0, 68.5) screen=(2259.917, 1463.595)
[Dev] interact @Area3D@43064 world=(73.5, 0.0, 47.5) screen=(4481.519, 1623.924)
[Dev] interact @Area3D@43065 world=(90.5, 0.0, 47.5) screen=(5268.335, 2078.189)
[Dev] interact @Area3D@43066 world=(111.5, 0.0, 49.5) screen=(6147.719, 2692.782)
[Dev] interact @Area3D@43067 world=(101.5, 0.0, 101.5) screen=(3278.151, 3815.083)
[Dev] interact @Area3D@43068 world=(86.5, 0.0, 76.5) screen=(3740.984, 2746.225)
[Dev] interact @Area3D@43069 world=(53.5, 0.0, 52.5) screen=(3324.434, 1223.102)
[Dev] interact @Area3D@43070 world=(87.5, 0.0, 95.5) screen=(2907.884, 3280.654)
[Dev] interact @Area3D@43071 world=(26.5, 0.0, 66.5) screen=(1426.817, 875.7234)
[Dev] interact @Area3D@43072 world=(17.5, 0.0, 60.5) screen=(1287.967, 474.9016)
[Dev] interact @Area3D@43073 world=(86.5, 0.0, 22.5) screen=(6240.286, 1303.266)
[Dev] interact @Area3D@43074 world=(59.5, 0.0, 65.5) screen=(3000.451, 1730.81)
[Dev] interact @Area3D@43075 world=(18.5, 0.0, 74.5) screen=(686.2832, 875.7234)
[Dev] interact @Area3D@43076 world=(44.5, 0.0, 69.5) screen=(2121.067, 1436.874)
[Dev] interact @Area3D@43077 world=(73.5, 0.0, 49.5) screen=(4388.952, 1677.367)
[Dev] interact @Area3D@43078 world=(88.5, 0.0, 52.5) screen=(4944.352, 2158.353)
  · 띠 첫 자리 (18.5, 0.0, 64.5) (들머리에서 11.0u)
[Dev] removed 74 enemies
[Click] world=(24.5, 0.000391, 64.5) cell=(24, 64)
[Click] world=(24.5, 0.000391, 64.5) cell=(24, 64)
[Click] world=(25.025, 0.000391, 64.5) cell=(25, 64)
[Click] world=(25.585, 0.000391, 64.5) cell=(25, 64)
[Click] world=(26.14499, 0.000391, 64.5) cell=(26, 64)
[Click] world=(26.70499, 0.000391, 64.5) cell=(26, 64)
[Click] world=(27.26499, 0.000391, 64.5) cell=(27, 64)
[Click] world=(27.65499, 0.000391, 64.5) cell=(27, 64)
[Click] world=(27.92499, 0.000391, 64.5) cell=(27, 64)
[Click] world=(28.10499, 0.000391, 64.5) cell=(28, 64)
[Dev] removed 1 enemies
[Click] world=(21.1525, 0.000842, 64.5) cell=(21, 64)
[Click] world=(21.9925, 0.000842, 64.5) cell=(21, 64)
[Click] world=(22.83249, 0.000842, 64.5) cell=(22, 64)
[Dev] removed 1 enemies
[Click] world=(21.15333, 0.000842, 64.5) cell=(21, 64)
[Click] world=(22.00666, 0.000842, 64.5) cell=(22, 64)
[Click] world=(22.86, 0.000842, 64.5) cell=(22, 64)
[Dev] removed 1 enemies
  · 표 — 판 · 붙잡음(첫 칼) · 닿음 · 휘두름 · 도망친 거리 · 물러나는 빠르기(가운데/최대) | 맞은 뒤 4초: 멀어지며 걸은 시간·거리 · 공격 시작 · 첫 공격 · 닿은 공격 · 적 칼 맞음/휘두름 · 적이 움직인 거리
  · 부적술사      걷기 3.00 | 붙잡음 2.13초 · 닿음 1.72초 · 휘두름 1 · 도망친 거리 2.97u (1.42초) · 물러나는 빠르기 2.10/2.10 | 맞은 뒤: 멀어지며 0.00초 0.00u · 공격 시작 1 · 첫 공격 2.20초 · 닿은 공격 2 · 적 칼 맞음 4/4 · 움직인 거리 0.81u
  · 박쥐        걷기 4.50 | 붙잡음 0.97초 · 닿음 0.55초 · 휘두름 1 · 도망친 거리 1.73u (0.55초) · 물러나는 빠르기 3.15/3.15 | 맞은 뒤: 멀어지며 0.00초 0.00u · 공격 시작 1 · 첫 공격 2.30초 · 닿은 공격 2 · 적 칼 맞음 4/4 · 움직인 거리 0.60u
  · 날랜 박쥐     걷기 6.08 | 붙잡음 1.00초 · 닿음 0.58초 · 휘두름 1 · 도망친 거리 1.87u (0.58초) · 물러나는 빠르기 3.20/3.20 | 맞은 뒤: 멀어지며 0.00초 0.00u · 공격 시작 2 · 첫 공격 1.42초 · 닿은 공격 3 · 적 칼 맞음 4/4 · 움직인 거리 0.04u
E2E flee_chase PASS (검사 35)
[Audio] BGM town → town.ogg
[Save] level 못골 마을 → user://save_e2e.json (C:/Users/FORYOUCOM/AppData/Roaming/Godot/app_userdata/Joseon Hunters/wt/codex-558-combat-clock-trace/save_e2e.json)
[Dev] stairs DungeonEntrance dir=1 world=(0.0, 0.0, -31.0) screen=(2121.067, -492.4143)
[Dev] interact Merchant world=(5.4, 0.0, -2.4) screen=(1047.293, 368.0158)
[Dev] interact Shaman world=(-5.6, 0.0, 0.4) screen=(408.5833, 148.8999)
[Dev] interact Elder world=(2.0, 0.0, -5.6) screen=(1038.037, 191.6542)
[Dev] interact Jumo world=(7.1, 0.0, -1.4) screen=(1079.692, 440.1637)
[Dev] interact Waypoint world=(-4.2, 0.0, 2.2) screen=(390.0698, 234.4085)
E2E ▶ verify_flows
[Click] world=(-5.6, 0.0, 0.4) cell=(-6, 0)
[Save] quest_log_dialogue → user://save_e2e.json (C:/Users/FORYOUCOM/AppData/Roaming/Godot/app_userdata/Joseon Hunters/wt/codex-558-combat-clock-trace/save_e2e.json)
[Save] talk shaman → user://save_e2e.json (C:/Users/FORYOUCOM/AppData/Roaming/Godot/app_userdata/Joseon Hunters/wt/codex-558-combat-clock-trace/save_e2e.json)
[Dungeon] heukrang_gul 1층 lv=2 seed=403727558 gen 64x64 rooms=6 up=(44, 56) down=(7, 23) enemies=20 roster=bandit,bat,talisman_master elites=["방2:금색×3(깊이 0.50)"] named=-
[Quest] heukrang_gul 1층 — 싹쓸이 셈 시작 20 (heukrang_clear:none)
[Audio] BGM dungeon → dungeon_1.ogg
[Save] level 흑랑 굴 1층 → user://save_e2e.json (C:/Users/FORYOUCOM/AppData/Roaming/Godot/app_userdata/Joseon Hunters/wt/codex-558-combat-clock-trace/save_e2e.json)
[Dev] stairs StairsUp dir=-1 world=(44.5, 0.0, 56.5) screen=(593.7165, 335.9509)
[Dev] stairs StairsDown dir=1 world=(7.5, 0.0, 23.5) screen=(408.583, -1534.551)
[Dev] interact PusJar world=(29.5, 0.0, 42.5) screen=(547.433, -487.0705)
[Dev] interact @Area3D@43421 world=(14.5, 0.0, 24.5) screen=(686.2831, -1368.878)
[Dev] interact @Area3D@43422 world=(23.5, 0.0, 18.5) screen=(1380.534, -1288.714)
[Dev] interact LootChest world=(29.5, 0.0, 39.5) screen=(686.2831, -567.2349)
[Dev] interact @Area3D@43423 world=(40.5, 0.0, 38.5) screen=(1241.683, -300.0204)
[Dev] interact LootPot world=(21.5, 0.0, 43.5) screen=(130.8828, -674.1207)
[Dev] interact @Area3D@43424 world=(22.5, 0.0, 44.5) screen=(130.8829, -620.6779)
[Dev] interact @Area3D@43425 world=(19.5, 0.0, 9.5) screen=(1611.95, -1636.093)
[Dev] interact @Area3D@43426 world=(20.5, 0.0, 9.5) screen=(1658.234, -1609.372)
[Dev] interact @Area3D@43427 world=(44.5, 0.0, 51.5) screen=(825.1333, 154.2443)
[Dev] interact @Area3D@43428 world=(44.5, 0.0, 52.5) screen=(778.8499, 180.9657)
[Dev] interact @Area3D@43429 world=(21.5, 0.0, 39.5) screen=(316.0163, -781.0065)
[Dungeon] heukrang_gul 2층 lv=3 seed=3189434797 preset 28x28 rooms=2 up=(22, 23) down=(-1, -1) enemies=2 roster=bat elites=[] named=-
[Audio] BGM boss → boss.ogg
[Save] level 흑랑 굴 2층 → user://save_e2e.json (C:/Users/FORYOUCOM/AppData/Roaming/Godot/app_userdata/Joseon Hunters/wt/codex-558-combat-clock-trace/save_e2e.json)
[Dev] stairs StairsUp dir=-1 world=(22.5, 0.0, 23.5) screen=(593.7167, 335.9507)
[Kill] +185 xp (lv 4, 4/160)
[LevelUp] lv=4 stat_pts=15 skill_pts=3
[Dev] item 미식별 짚신 world=(9.88119, 0.0, 9.479929) screen=(656.9847, -397.207)
[Dev] item 영약 — 생맥산 world=(9.88119, 0.0, 9.479929) screen=(656.9847, -397.207)
[Dev] item 영약 — 생맥산 world=(9.88119, 0.0, 9.479929) screen=(656.9847, -397.207)
[Dev] item 영약 — 생맥산 world=(9.88119, 0.0, 9.479929) screen=(656.9847, -397.207)
[Dev] item 식별부첩 world=(9.88119, 0.0, 9.479929) screen=(656.9847, -397.207)
[Dev] item 흑랑 이빨 world=(9.88119, 0.0, 9.479929) screen=(656.9847, -397.207)
[Dev] item 흑랑 이빨 world=(9.88119, 0.0, 9.479929) screen=(656.9847, -397.207)
[Dev] item 미식별 복주머니 world=(9.88119, 0.0, 9.479929) screen=(656.9847, -397.207)
[Dev] item 미식별 누비옷 world=(9.88119, 0.0, 9.479929) screen=(656.9847, -397.207)
[Dev] item 미식별 옥패 world=(9.88119, 0.0, 9.479929) screen=(656.9847, -397.207)
[Loot] 보스 전용 유니크 — boss_heukrang 첫 처치 → u_heukrang_fang (회차 1)
[Dev] item 흑랑의 봉인패 world=(9.88119, 0.0, 9.479929) screen=(656.9847, -397.207)
[Dev] item 엽전 world=(9.88119, 0.0, 9.479929) screen=(656.9847, -397.207)
[Save] boss → user://save_e2e.json (C:/Users/FORYOUCOM/AppData/Roaming/Godot/app_userdata/Joseon Hunters/wt/codex-558-combat-clock-trace/save_e2e.json)
[Boss] killed area=heukrang_gul level=3 flags={ "opening_pending": false, "seen": { "npc/shaman/start": 1 }, "story": { "shaman_offer": true, "event/shaman_quest": true, "shaman_heal_intro": true }, "quest_log": { "read": {  }, "history": { "heukrang_seal": [{ "uid": "npc/shaman/NPC_SHAMAN_OFFER_1", "source": "npc/shaman", "static_id": "NPC_SHAMAN_OFFER_1", "speaker": "shaman", "name": "무당 할매", "text": "도사 양반, 늦었소. 못골이 석 달째 이 꼴이오." }, { "uid": "npc/shaman/NPC_SHAMAN_OFFER_2", "source": "npc/shaman", "static_id": "NPC_SHAMAN_OFFER_2", "speaker": "doho", "name": "도호", "text": "할매, 술부터… 아, 분위기 아니구먼." }, { "uid": "npc/shaman/NPC_SHAMAN_OFFER_3", "source": "npc/shaman", "static_id": "NPC_SHAMAN_OFFER_3", "speaker": "shaman", "name": "무당 할매", "text": "봉인이 흔들리오. 요사한 기운이 못골로 새고 있소." }, { "uid": "npc/shaman/NPC_SHAMAN_OFFER_3B", "source": "npc/shaman", "static_id": "NPC_SHAMAN_OFFER_3B", "speaker": "shaman", "name": "무당 할매", "text": "꼬리 아홉 달린 천 년 묵은 여우, 구미호가 깨어났소." }, { "uid": "npc/shaman/NPC_SHAMAN_OFFER_3C", "source": "npc/shaman", "static_id": "NPC_SHAMAN_OFFER_3C", "speaker": "shaman", "name": "무당 할매", "text": "그 수하가 들녘 너머 흑랑 굴에 들어앉았소." }, { "uid": "npc/shaman/NPC_SHAMAN_OFFER_4", "source": "npc/shaman", "static_id": "NPC_SHAMAN_OFFER_4", "speaker": "shaman", "name": "무당 할매", "text": "마을 북쪽 산길 끝 봉밀굴 문 안엔 구미호가 갇혀 있소. …아직 열 때가 아니오." }, { "uid": "npc/shaman/NPC_SHAMAN_OFFER_5", "source": "npc/shaman", "static_id": "NPC_SHAMAN_OFFER_5", "speaker": "doho", "name": "도호", "text": "…또 봉인이여." }, { "uid": "npc/shaman/NPC_SHAMAN_OFFER_6", "source": "npc/shaman", "static_id": "NPC_SHAMAN_OFFER_6", "speaker": "shaman", "name": "무당 할매", "text": "도사 양반밖에 없소. 장터 어귀에 주모가 있소. 길은 그 사람이 아오." }, { "uid": "npc/shaman/NPC_SHAMAN_OFFER_7", "source": "npc/shaman", "static_id": "NPC_SHAMAN_OFFER_7", "speaker": "doho", "name": "도호", "text": "술값은—" }, { "uid": "npc/shaman/NPC_SHAMAN_OFFER_8", "source": "npc/shaman", "static_id": "NPC_SHAMAN_OFFER_8", "speaker": "shaman", "name": "무당 할매", "text": "살아서 돌아오면 쳐 드리리다." }, { "uid": "npc/shaman/NPC_SHAMAN_OFFER_9", "source": "npc/shaman", "static_id": "NPC_SHAMAN_OFFER_9", "speaker": "doho", "name": "도호", "text": "…허. 하는 김에." }] }, "revisions": { "heukrang_seal": 11 } }, "quest": { "heukrang_clear": { "state": "none", "left": 20, "barked": false }, "heukrang_seal": { "state": "killed" }, "heukrang_thanks": { "state": "killed" } }, "seal:boss_heukrang": 1, "boss_killed_heukrang_gul": true }
[Kill] +6 xp (lv 4, 10/160)
[Dev] item 영약 — 생맥산 world=(24.75001, 0.0, 23.5) screen=(696.2681, 374.746)
E2E verify_flows PASS (검사 16)
[Audio] BGM town → town.ogg
[Save] level 못골 마을 → user://save_e2e.json (C:/Users/FORYOUCOM/AppData/Roaming/Godot/app_userdata/Joseon Hunters/wt/codex-558-combat-clock-trace/save_e2e.json)
[Dev] stairs DungeonEntrance dir=1 world=(0.0, 0.0, -31.0) screen=(2121.067, -492.4143)
[Dev] interact Merchant world=(5.4, 0.0, -2.4) screen=(1047.293, 368.0158)
[Dev] interact Shaman world=(-5.6, 0.0, 0.4) screen=(408.5833, 148.8999)
[Dev] interact Elder world=(2.0, 0.0, -5.6) screen=(1038.037, 191.6542)
[Dev] interact Jumo world=(7.1, 0.0, -1.4) screen=(1079.692, 440.1637)
[Dev] interact Waypoint world=(-4.2, 0.0, 2.2) screen=(390.0698, 234.4085)
E2E ▶ player_death
[Dungeon] heukrang_gul 1층 lv=2 seed=403727558 gen 64x64 rooms=6 up=(44, 56) down=(7, 23) enemies=20 roster=bandit,bat,talisman_master elites=["방2:금색×3(깊이 0.50)"] named=-
[Quest] heukrang_gul 1층 — 싹쓸이 셈 시작 20 (heukrang_clear:none)
[Audio] BGM dungeon → dungeon_2.ogg
[Save] level 흑랑 굴 1층 → user://save_e2e.json (C:/Users/FORYOUCOM/AppData/Roaming/Godot/app_userdata/Joseon Hunters/wt/codex-558-combat-clock-trace/save_e2e.json)
[Dev] stairs StairsUp dir=-1 world=(44.5, 0.0, 56.5) screen=(593.7165, 335.9509)
[Dev] stairs StairsDown dir=1 world=(7.5, 0.0, 23.5) screen=(408.583, -1534.551)
[Dev] interact PusJar world=(29.5, 0.0, 42.5) screen=(547.433, -487.0705)
[Dev] interact @Area3D@43884 world=(14.5, 0.0, 24.5) screen=(686.2831, -1368.878)
[Dev] interact @Area3D@43885 world=(23.5, 0.0, 18.5) screen=(1380.534, -1288.714)
[Dev] interact LootChest world=(29.5, 0.0, 39.5) screen=(686.2831, -567.2349)
[Dev] interact @Area3D@43886 world=(40.5, 0.0, 38.5) screen=(1241.683, -300.0204)
[Dev] interact LootPot world=(21.5, 0.0, 43.5) screen=(130.8828, -674.1207)
[Dev] interact @Area3D@43887 world=(22.5, 0.0, 44.5) screen=(130.8829, -620.6779)
[Dev] interact @Area3D@43888 world=(19.5, 0.0, 9.5) screen=(1611.95, -1636.093)
[Dev] interact @Area3D@43889 world=(20.5, 0.0, 9.5) screen=(1658.234, -1609.372)
[Dev] interact @Area3D@43890 world=(44.5, 0.0, 51.5) screen=(825.1333, 154.2443)
[Dev] interact @Area3D@43891 world=(44.5, 0.0, 52.5) screen=(778.8499, 180.9657)
[Dev] interact @Area3D@43892 world=(21.5, 0.0, 39.5) screen=(316.0163, -781.0065)
[Dev] removed 20 enemies
[Death] 도호 사망 → 1.2s 뒤 마을 복귀, 엽전 -20
[Audio] BGM town → town.ogg
[Save] level 못골 마을 → user://save_e2e.json (C:/Users/FORYOUCOM/AppData/Roaming/Godot/app_userdata/Joseon Hunters/wt/codex-558-combat-clock-trace/save_e2e.json)
[Dev] stairs DungeonEntrance dir=1 world=(0.0, 0.0, -31.0) screen=(2121.067, -492.4143)
[Dev] interact Merchant world=(5.4, 0.0, -2.4) screen=(1047.293, 368.0158)
[Dev] interact Shaman world=(-5.6, 0.0, 0.4) screen=(408.5833, 148.8999)
[Dev] interact Elder world=(2.0, 0.0, -5.6) screen=(1038.037, 191.6542)
[Dev] interact Jumo world=(7.1, 0.0, -1.4) screen=(1079.692, 440.1637)
[Dev] interact Waypoint world=(-4.2, 0.0, 2.2) screen=(390.0698, 234.4085)
[Click] world=(2.999607, 0.0, 0.999607) cell=(2, 0)
[Dungeon] heukrang_gul 1층 lv=2 seed=403727558 gen 64x64 rooms=6 up=(44, 56) down=(7, 23) enemies=20 roster=bandit,bat,talisman_master elites=["방2:금색×3(깊이 0.50)"] named=-
[Quest] heukrang_gul 1층 — 싹쓸이 셈 시작 20 (heukrang_clear:none)
[Audio] BGM dungeon → dungeon_4.ogg
[Save] level 흑랑 굴 1층 → user://save_e2e.json (C:/Users/FORYOUCOM/AppData/Roaming/Godot/app_userdata/Joseon Hunters/wt/codex-558-combat-clock-trace/save_e2e.json)
[Dev] stairs StairsUp dir=-1 world=(44.5, 0.0, 56.5) screen=(593.7165, 335.9509)
[Dev] stairs StairsDown dir=1 world=(7.5, 0.0, 23.5) screen=(408.583, -1534.551)
[Dev] interact PusJar world=(29.5, 0.0, 42.5) screen=(547.433, -487.0705)
[Dev] interact @Area3D@44235 world=(14.5, 0.0, 24.5) screen=(686.2831, -1368.878)
[Dev] interact @Area3D@44236 world=(23.5, 0.0, 18.5) screen=(1380.534, -1288.714)
[Dev] interact LootChest world=(29.5, 0.0, 39.5) screen=(686.2831, -567.2349)
[Dev] interact @Area3D@44237 world=(40.5, 0.0, 38.5) screen=(1241.683, -300.0204)
[Dev] interact LootPot world=(21.5, 0.0, 43.5) screen=(130.8828, -674.1207)
[Dev] interact @Area3D@44238 world=(22.5, 0.0, 44.5) screen=(130.8829, -620.6779)
[Dev] interact @Area3D@44239 world=(19.5, 0.0, 9.5) screen=(1611.95, -1636.093)
[Dev] interact @Area3D@44240 world=(20.5, 0.0, 9.5) screen=(1658.234, -1609.372)
[Dev] interact @Area3D@44241 world=(44.5, 0.0, 51.5) screen=(825.1333, 154.2443)
[Dev] interact @Area3D@44242 world=(44.5, 0.0, 52.5) screen=(778.8499, 180.9657)
[Dev] interact @Area3D@44243 world=(21.5, 0.0, 39.5) screen=(316.0163, -781.0065)
[Dev] removed 20 enemies
[Click] world=(48.49961, 0.0, 56.49961) cell=(48, 56)
[Death] 도호 사망 → 1.2s 뒤 마을 복귀, 엽전 -18
[Audio] BGM town → town.ogg
[Save] level 못골 마을 → user://save_e2e.json (C:/Users/FORYOUCOM/AppData/Roaming/Godot/app_userdata/Joseon Hunters/wt/codex-558-combat-clock-trace/save_e2e.json)
[Dev] stairs DungeonEntrance dir=1 world=(0.0, 0.0, -31.0) screen=(2121.067, -492.4143)
[Dev] interact Merchant world=(5.4, 0.0, -2.4) screen=(1047.293, 368.0158)
[Dev] interact Shaman world=(-5.6, 0.0, 0.4) screen=(408.5833, 148.8999)
[Dev] interact Elder world=(2.0, 0.0, -5.6) screen=(1038.037, 191.6542)
[Dev] interact Jumo world=(7.1, 0.0, -1.4) screen=(1079.692, 440.1637)
[Dev] interact Waypoint world=(-4.2, 0.0, 2.2) screen=(390.0698, 234.4085)
[Dungeon] heukrang_gul 1층 lv=2 seed=403727558 gen 64x64 rooms=6 up=(44, 56) down=(7, 23) enemies=20 roster=bandit,bat,talisman_master elites=["방2:금색×3(깊이 0.50)"] named=-
[Quest] heukrang_gul 1층 — 싹쓸이 셈 시작 20 (heukrang_clear:none)
[Audio] BGM dungeon → dungeon_3.ogg
[Save] level 흑랑 굴 1층 → user://save_e2e.json (C:/Users/FORYOUCOM/AppData/Roaming/Godot/app_userdata/Joseon Hunters/wt/codex-558-combat-clock-trace/save_e2e.json)
[Dev] stairs StairsUp dir=-1 world=(44.5, 0.0, 56.5) screen=(593.7165, 335.9509)
[Dev] stairs StairsDown dir=1 world=(7.5, 0.0, 23.5) screen=(408.583, -1534.551)
[Dev] interact PusJar world=(29.5, 0.0, 42.5) screen=(547.433, -487.0705)
[Dev] interact @Area3D@44585 world=(14.5, 0.0, 24.5) screen=(686.2831, -1368.878)
[Dev] interact @Area3D@44586 world=(23.5, 0.0, 18.5) screen=(1380.534, -1288.714)
[Dev] interact LootChest world=(29.5, 0.0, 39.5) screen=(686.2831, -567.2349)
[Dev] interact @Area3D@44587 world=(40.5, 0.0, 38.5) screen=(1241.683, -300.0204)
[Dev] interact LootPot world=(21.5, 0.0, 43.5) screen=(130.8828, -674.1207)
[Dev] interact @Area3D@44588 world=(22.5, 0.0, 44.5) screen=(130.8829, -620.6779)
[Dev] interact @Area3D@44589 world=(19.5, 0.0, 9.5) screen=(1611.95, -1636.093)
[Dev] interact @Area3D@44590 world=(20.5, 0.0, 9.5) screen=(1658.234, -1609.372)
[Dev] interact @Area3D@44591 world=(44.5, 0.0, 51.5) screen=(825.1333, 154.2443)
[Dev] interact @Area3D@44592 world=(44.5, 0.0, 52.5) screen=(778.8499, 180.9657)
[Dev] interact @Area3D@44593 world=(21.5, 0.0, 39.5) screen=(316.0163, -781.0065)
[Dev] removed 20 enemies
[Death] 도호 사망 → 1.2s 뒤 마을 복귀, 엽전 -16
[Audio] BGM town → town.ogg
[Save] level 못골 마을 → user://save_e2e.json (C:/Users/FORYOUCOM/AppData/Roaming/Godot/app_userdata/Joseon Hunters/wt/codex-558-combat-clock-trace/save_e2e.json)
[Dev] stairs DungeonEntrance dir=1 world=(0.0, 0.0, -31.0) screen=(2121.067, -492.4143)
[Dev] interact Merchant world=(5.4, 0.0, -2.4) screen=(1047.293, 368.0158)
[Dev] interact Shaman world=(-5.6, 0.0, 0.4) screen=(408.5833, 148.8999)
[Dev] interact Elder world=(2.0, 0.0, -5.6) screen=(1038.037, 191.6542)
[Dev] interact Jumo world=(7.1, 0.0, -1.4) screen=(1079.692, 440.1637)
[Dev] interact Waypoint world=(-4.2, 0.0, 2.2) screen=(390.0698, 234.4085)
[Dungeon] heukrang_gul 1층 lv=2 seed=403727558 gen 64x64 rooms=6 up=(44, 56) down=(7, 23) enemies=20 roster=bandit,bat,talisman_master elites=["방2:금색×3(깊이 0.50)"] named=-
[Quest] heukrang_gul 1층 — 싹쓸이 셈 시작 20 (heukrang_clear:none)
[Audio] BGM dungeon → dungeon_2.ogg
[Save] level 흑랑 굴 1층 → user://save_e2e.json (C:/Users/FORYOUCOM/AppData/Roaming/Godot/app_userdata/Joseon Hunters/wt/codex-558-combat-clock-trace/save_e2e.json)
[Dev] stairs StairsUp dir=-1 world=(44.5, 0.0, 56.5) screen=(593.7165, 335.9509)
[Dev] stairs StairsDown dir=1 world=(7.5, 0.0, 23.5) screen=(408.583, -1534.551)
[Dev] interact PusJar world=(29.5, 0.0, 42.5) screen=(547.433, -487.0705)
[Dev] interact @Area3D@44935 world=(14.5, 0.0, 24.5) screen=(686.2831, -1368.878)
[Dev] interact @Area3D@44936 world=(23.5, 0.0, 18.5) screen=(1380.534, -1288.714)
[Dev] interact LootChest world=(29.5, 0.0, 39.5) screen=(686.2831, -567.2349)
[Dev] interact @Area3D@44937 world=(40.5, 0.0, 38.5) screen=(1241.683, -300.0204)
[Dev] interact LootPot world=(21.5, 0.0, 43.5) screen=(130.8828, -674.1207)
[Dev] interact @Area3D@44938 world=(22.5, 0.0, 44.5) screen=(130.8829, -620.6779)
[Dev] interact @Area3D@44939 world=(19.5, 0.0, 9.5) screen=(1611.95, -1636.093)
[Dev] interact @Area3D@44940 world=(20.5, 0.0, 9.5) screen=(1658.234, -1609.372)
[Dev] interact @Area3D@44941 world=(44.5, 0.0, 51.5) screen=(825.1333, 154.2443)
[Dev] interact @Area3D@44942 world=(44.5, 0.0, 52.5) screen=(778.8499, 180.9657)
[Dev] interact @Area3D@44943 world=(21.5, 0.0, 39.5) screen=(316.0163, -781.0065)
E2E player_death PASS (검사 27)
[Audio] BGM town → town.ogg
[Save] level 못골 마을 → user://save_e2e.json (C:/Users/FORYOUCOM/AppData/Roaming/Godot/app_userdata/Joseon Hunters/wt/codex-558-combat-clock-trace/save_e2e.json)
[Dev] stairs DungeonEntrance dir=1 world=(0.0, 0.0, -31.0) screen=(2121.067, -492.4143)
[Dev] interact Merchant world=(5.4, 0.0, -2.4) screen=(1047.293, 368.0158)
[Dev] interact Shaman world=(-5.6, 0.0, 0.4) screen=(408.5833, 148.8999)
[Dev] interact Elder world=(2.0, 0.0, -5.6) screen=(1038.037, 191.6542)
[Dev] interact Jumo world=(7.1, 0.0, -1.4) screen=(1079.692, 440.1637)
[Dev] interact Waypoint world=(-4.2, 0.0, 2.2) screen=(390.0698, 234.4085)
E2E ▶ wall_cutaway
[Dungeon] heukrang_gul 1층 lv=2 seed=403727558 gen 64x64 rooms=6 up=(44, 56) down=(7, 23) enemies=20 roster=bandit,bat,talisman_master elites=["방2:금색×3(깊이 0.50)"] named=-
[Quest] heukrang_gul 1층 — 싹쓸이 셈 시작 20 (heukrang_clear:none)
[Audio] BGM dungeon → dungeon_4.ogg
[Save] level 흑랑 굴 1층 → user://save_e2e.json (C:/Users/FORYOUCOM/AppData/Roaming/Godot/app_userdata/Joseon Hunters/wt/codex-558-combat-clock-trace/save_e2e.json)
[Dev] stairs StairsUp dir=-1 world=(44.5, 0.0, 56.5) screen=(593.7165, 335.9509)
[Dev] stairs StairsDown dir=1 world=(7.5, 0.0, 23.5) screen=(408.583, -1534.551)
[Dev] interact PusJar world=(29.5, 0.0, 42.5) screen=(547.433, -487.0705)
[Dev] interact @Area3D@45285 world=(14.5, 0.0, 24.5) screen=(686.2831, -1368.878)
[Dev] interact @Area3D@45286 world=(23.5, 0.0, 18.5) screen=(1380.534, -1288.714)
[Dev] interact LootChest world=(29.5, 0.0, 39.5) screen=(686.2831, -567.2349)
[Dev] interact @Area3D@45287 world=(40.5, 0.0, 38.5) screen=(1241.683, -300.0204)
[Dev] interact LootPot world=(21.5, 0.0, 43.5) screen=(130.8828, -674.1207)
[Dev] interact @Area3D@45288 world=(22.5, 0.0, 44.5) screen=(130.8829, -620.6779)
[Dev] interact @Area3D@45289 world=(19.5, 0.0, 9.5) screen=(1611.95, -1636.093)
[Dev] interact @Area3D@45290 world=(20.5, 0.0, 9.5) screen=(1658.234, -1609.372)
[Dev] interact @Area3D@45291 world=(44.5, 0.0, 51.5) screen=(825.1333, 154.2443)
[Dev] interact @Area3D@45292 world=(44.5, 0.0, 52.5) screen=(778.8499, 180.9657)
[Dev] interact @Area3D@45293 world=(21.5, 0.0, 39.5) screen=(316.0163, -781.0065)
[Dev] removed 20 enemies
  · stand=(48, 51) wall=(49, 52) player=(48.5, 0.000391, 51.5) 후보 116칸
E2E wall_cutaway PASS (검사 17)
[Audio] BGM town → town.ogg
[Save] level 못골 마을 → user://save_e2e.json (C:/Users/FORYOUCOM/AppData/Roaming/Godot/app_userdata/Joseon Hunters/wt/codex-558-combat-clock-trace/save_e2e.json)
[Dev] stairs DungeonEntrance dir=1 world=(0.0, 0.0, -31.0) screen=(2121.067, -492.4143)
[Dev] interact Merchant world=(5.4, 0.0, -2.4) screen=(1047.293, 368.0158)
[Dev] interact Shaman world=(-5.6, 0.0, 0.4) screen=(408.5833, 148.8999)
[Dev] interact Elder world=(2.0, 0.0, -5.6) screen=(1038.037, 191.6542)
[Dev] interact Jumo world=(7.1, 0.0, -1.4) screen=(1079.692, 440.1637)
[Dev] interact Waypoint world=(-4.2, 0.0, 2.2) screen=(390.0698, 234.4085)
E2E ▶ floor_seams
[Dungeon] heukrang_gul 1층 lv=2 seed=403727558 gen 64x64 rooms=6 up=(44, 56) down=(7, 23) enemies=20 roster=bandit,bat,talisman_master elites=["방2:금색×3(깊이 0.50)"] named=-
[Quest] heukrang_gul 1층 — 싹쓸이 셈 시작 20 (heukrang_clear:none)
[Audio] BGM dungeon → dungeon_3.ogg
[Save] level 흑랑 굴 1층 → user://save_e2e.json (C:/Users/FORYOUCOM/AppData/Roaming/Godot/app_userdata/Joseon Hunters/wt/codex-558-combat-clock-trace/save_e2e.json)
[Dev] stairs StairsUp dir=-1 world=(44.5, 0.0, 56.5) screen=(593.7165, 335.9509)
[Dev] stairs StairsDown dir=1 world=(7.5, 0.0, 23.5) screen=(408.583, -1534.551)
[Dev] interact PusJar world=(29.5, 0.0, 42.5) screen=(547.433, -487.0705)
[Dev] interact @Area3D@45638 world=(14.5, 0.0, 24.5) screen=(686.2831, -1368.878)
[Dev] interact @Area3D@45639 world=(23.5, 0.0, 18.5) screen=(1380.534, -1288.714)
[Dev] interact LootChest world=(29.5, 0.0, 39.5) screen=(686.2831, -567.2349)
[Dev] interact @Area3D@45640 world=(40.5, 0.0, 38.5) screen=(1241.683, -300.0204)
[Dev] interact LootPot world=(21.5, 0.0, 43.5) screen=(130.8828, -674.1207)
[Dev] interact @Area3D@45641 world=(22.5, 0.0, 44.5) screen=(130.8829, -620.6779)
[Dev] interact @Area3D@45642 world=(19.5, 0.0, 9.5) screen=(1611.95, -1636.093)
[Dev] interact @Area3D@45643 world=(20.5, 0.0, 9.5) screen=(1658.234, -1609.372)
[Dev] interact @Area3D@45644 world=(44.5, 0.0, 51.5) screen=(825.1333, 154.2443)
[Dev] interact @Area3D@45645 world=(44.5, 0.0, 52.5) screen=(778.8499, 180.9657)
[Dev] interact @Area3D@45646 world=(21.5, 0.0, 39.5) screen=(316.0163, -781.0065)
[Dev] removed 20 enemies
  · 헤드리스 — 밝기 실측 생략
E2E floor_seams PASS (검사 3)
[Audio] BGM town → town.ogg
[Save] level 못골 마을 → user://save_e2e.json (C:/Users/FORYOUCOM/AppData/Roaming/Godot/app_userdata/Joseon Hunters/wt/codex-558-combat-clock-trace/save_e2e.json)
[Dev] stairs DungeonEntrance dir=1 world=(0.0, 0.0, -31.0) screen=(2121.067, -492.4143)
[Dev] interact Merchant world=(5.4, 0.0, -2.4) screen=(1047.293, 368.0158)
[Dev] interact Shaman world=(-5.6, 0.0, 0.4) screen=(408.5833, 148.8999)
[Dev] interact Elder world=(2.0, 0.0, -5.6) screen=(1038.037, 191.6542)
[Dev] interact Jumo world=(7.1, 0.0, -1.4) screen=(1079.692, 440.1637)
[Dev] interact Waypoint world=(-4.2, 0.0, 2.2) screen=(390.0698, 234.4085)
E2E ▶ char_light
  · 마을: 키 0.450 오는 쪽 (0.067, 0.643, 0.763) · 보조 0.060 오는 쪽 (-0.079, 0.423, -0.903) (카메라 자리 (0.577, 0.577, 0.577))
  · 헤드리스 — town 스윕 [0.45, 0.15, 0.8] 픽셀 실측 생략 (배우 5명 · glTF 기본값 금속 재질 0)
[Dungeon] heukrang_gul 1층 lv=2 seed=403727558 gen 64x64 rooms=6 up=(44, 56) down=(7, 23) enemies=20 roster=bandit,bat,talisman_master elites=["방2:금색×3(깊이 0.50)"] named=-
[Quest] heukrang_gul 1층 — 싹쓸이 셈 시작 20 (heukrang_clear:none)
[Audio] BGM dungeon → dungeon_1.ogg
[Save] level 흑랑 굴 1층 → user://save_e2e.json (C:/Users/FORYOUCOM/AppData/Roaming/Godot/app_userdata/Joseon Hunters/wt/codex-558-combat-clock-trace/save_e2e.json)
[Dev] stairs StairsUp dir=-1 world=(44.5, 0.0, 56.5) screen=(593.7165, 335.9509)
[Dev] stairs StairsDown dir=1 world=(7.5, 0.0, 23.5) screen=(408.583, -1534.551)
[Dev] interact PusJar world=(29.5, 0.0, 42.5) screen=(547.433, -487.0705)
[Dev] interact @Area3D@45992 world=(14.5, 0.0, 24.5) screen=(686.2831, -1368.878)
[Dev] interact @Area3D@45993 world=(23.5, 0.0, 18.5) screen=(1380.534, -1288.714)
[Dev] interact LootChest world=(29.5, 0.0, 39.5) screen=(686.2831, -567.2349)
[Dev] interact @Area3D@45994 world=(40.5, 0.0, 38.5) screen=(1241.683, -300.0204)
[Dev] interact LootPot world=(21.5, 0.0, 43.5) screen=(130.8828, -674.1207)
[Dev] interact @Area3D@45995 world=(22.5, 0.0, 44.5) screen=(130.8829, -620.6779)
[Dev] interact @Area3D@45996 world=(19.5, 0.0, 9.5) screen=(1611.95, -1636.093)
[Dev] interact @Area3D@45997 world=(20.5, 0.0, 9.5) screen=(1658.234, -1609.372)
[Dev] interact @Area3D@45998 world=(44.5, 0.0, 51.5) screen=(825.1333, 154.2443)
[Dev] interact @Area3D@45999 world=(44.5, 0.0, 52.5) screen=(778.8499, 180.9657)
[Dev] interact @Area3D@46000 world=(21.5, 0.0, 39.5) screen=(316.0163, -781.0065)
  · 던전 1층: 키 0.350 오는 쪽 (0.067, 0.643, 0.763) · 보조 0.047 오는 쪽 (-0.079, 0.423, -0.903) (카메라 자리 (0.577, 0.577, 0.577))
  · 헤드리스 — dungeon 스윕 [0.35, 0.8, 1.5] 픽셀 실측 생략 (배우 5명 · glTF 기본값 금속 재질 0)
[Dungeon] heukrang_gul 2층 lv=3 seed=3189434797 preset 28x28 rooms=2 up=(22, 23) down=(-1, -1) enemies=2 roster=bat elites=[] named=-
[Audio] BGM boss → boss.ogg
[Save] level 흑랑 굴 2층 → user://save_e2e.json (C:/Users/FORYOUCOM/AppData/Roaming/Godot/app_userdata/Joseon Hunters/wt/codex-558-combat-clock-trace/save_e2e.json)
[Dev] stairs StairsUp dir=-1 world=(22.5, 0.0, 23.5) screen=(593.7167, 335.9507)
  · 보스 층: 키 0.350 오는 쪽 (0.067, 0.643, 0.763) · 보조 0.047 오는 쪽 (-0.079, 0.423, -0.903) (카메라 자리 (0.577, 0.577, 0.577))
E2E char_light PASS (검사 102)
[Audio] BGM town → town.ogg
[Save] level 못골 마을 → user://save_e2e.json (C:/Users/FORYOUCOM/AppData/Roaming/Godot/app_userdata/Joseon Hunters/wt/codex-558-combat-clock-trace/save_e2e.json)
[Dev] stairs DungeonEntrance dir=1 world=(0.0, 0.0, -31.0) screen=(2121.067, -492.4143)
[Dev] interact Merchant world=(5.4, 0.0, -2.4) screen=(1047.293, 368.0158)
[Dev] interact Shaman world=(-5.6, 0.0, 0.4) screen=(408.5833, 148.8999)
[Dev] interact Elder world=(2.0, 0.0, -5.6) screen=(1038.037, 191.6542)
[Dev] interact Jumo world=(7.1, 0.0, -1.4) screen=(1079.692, 440.1637)
[Dev] interact Waypoint world=(-4.2, 0.0, 2.2) screen=(390.0698, 234.4085)
E2E ▶ town_layout
  · 광장→입구 내비 경로 41.7u
  · 갈대 154포기
  · 돌담 마디 64 · 바위 89 · 울타리 마디 1
[SealGate] 첫 접근 혼잣말 — …이 빛, 낯이 익은데.
E2E town_layout PASS (검사 60)
[Save] level 못골 마을 → user://save_e2e.json (C:/Users/FORYOUCOM/AppData/Roaming/Godot/app_userdata/Joseon Hunters/wt/codex-558-combat-clock-trace/save_e2e.json)
[Dev] stairs DungeonEntrance dir=1 world=(0.0, 0.0, -31.0) screen=(2121.067, -492.4143)
[Dev] interact Merchant world=(5.4, 0.0, -2.4) screen=(1047.293, 368.0158)
[Dev] interact Shaman world=(-5.6, 0.0, 0.4) screen=(408.5833, 148.8999)
[Dev] interact Elder world=(2.0, 0.0, -5.6) screen=(1038.037, 191.6542)
[Dev] interact Jumo world=(7.1, 0.0, -1.4) screen=(1079.692, 440.1637)
[Dev] interact Waypoint world=(-4.2, 0.0, 2.2) screen=(390.0698, 234.4085)
E2E ▶ town_approach
[Click] world=(-1.5, 0.0, -1.5) cell=(-2, -2)
[Click] world=(-1.5, 0.0, -4.500002) cell=(-2, -5)
[Click] world=(-2.500001, 0.0, -4.5) cell=(-3, -5)
[Click] world=(-4.500002, 0.0, -6.499999) cell=(-5, -7)
[Click] world=(-6.500001, 0.0, -9.500002) cell=(-7, -10)
[Click] world=(-8.5, 0.0, -11.5) cell=(-9, -12)
[Click] world=(-9.999999, 0.0, -13.0) cell=(-10, -14)
[Click] world=(-8.500001, 0.0, -15.5) cell=(-9, -16)
[Click] world=(-8.500001, 0.0, -16.5) cell=(-9, -17)
[Click] world=(-7.5, 0.0, -19.5) cell=(-8, -20)
[Click] world=(-5.5, 0.0, -21.5) cell=(-6, -22)
[Click] world=(-3.500002, 0.0, -21.5) cell=(-4, -22)
[Click] world=(-1.5, 0.0, -23.5) cell=(-2, -24)
[Click] world=(1.5, 0.0, -23.5) cell=(1, -24)
[Click] world=(0.5, 0.0, -26.5) cell=(0, -27)
[SealGate] 첫 접근 혼잣말 — …이 빛, 낯이 익은데.
[Click] world=(0.5, 0.0, -27.5) cell=(0, -28)
[Click] world=(0.000002, 0.0, -28.6) cell=(0, -29)
  · 문턱까지 클릭 주행 11.46s (캡처·입력 대기 포함)
[Click] world=(0.0, 0.0, -31.0) cell=(0, -31)
[Click] world=(0.5, -0.000001, -27.5) cell=(0, -28)
[Click] world=(1.5, 0.0, -24.5) cell=(1, -25)
[Click] world=(1.5, 0.0, -23.5) cell=(1, -24)
[Click] world=(-1.500002, 0.0, -22.5) cell=(-2, -23)
[Click] world=(-3.5, 0.0, -21.5) cell=(-4, -22)
[Click] world=(-6.500003, 0.0, -19.5) cell=(-7, -20)
[Click] world=(-7.500004, 0.0, -19.5) cell=(-8, -20)
[Click] world=(-8.5, 0.0, -16.5) cell=(-9, -17)
[Click] world=(-9.5, 0.0, -13.5) cell=(-10, -14)
[Click] world=(-10.0, 0.0, -13.0) cell=(-11, -14)
[Click] world=(-8.499999, 0.0, -11.5) cell=(-9, -12)
[Click] world=(-6.500001, 0.0, -9.5) cell=(-7, -10)
[Click] world=(-4.500001, 0.0, -6.5) cell=(-5, -7)
[Click] world=(-2.5, 0.0, -4.499999) cell=(-3, -5)
[Click] world=(-1.500001, 0.0, -1.5) cell=(-2, -2)
[Click] world=(-2.0, 0.0, 1.0) cell=(-2, 1)
[Click] world=(-3.500002, 0.0, -1.5) cell=(-4, -2)
[Click] world=(-5.000001, 0.0, -2.799999) cell=(-6, -3)
[Click] world=(-7.500002, 0.0, -2.5) cell=(-8, -3)
[Click] world=(-10.5, 0.0, -2.5) cell=(-11, -3)
[Click] world=(-12.8, 0.0, -2.799999) cell=(-13, -3)
[Click] world=(-12.5, 0.0, -5.499999) cell=(-13, -6)
[Click] world=(-12.8, -0.000002, -9.000003) cell=(-13, -10)
[Click] world=(-12.5, 0.0, -6.5) cell=(-13, -7)
[Click] world=(-12.5, 0.0, -3.5) cell=(-13, -4)
[Click] world=(-12.5, 0.0, -0.500001) cell=(-13, -1)
[Click] world=(-12.5, 0.0, 2.5) cell=(-13, 2)
[Click] world=(-12.5, 0.0, 5.5) cell=(-13, 5)
[Click] world=(-12.5, 0.0, 8.499998) cell=(-13, 8)
[Click] world=(-12.5, 0.0, 11.5) cell=(-13, 11)
[Click] world=(-9.5, 0.0, 11.5) cell=(-10, 11)
[Click] world=(-6.499998, 0.0, 11.5) cell=(-7, 11)
[Click] world=(-8.500003, 0.0, 9.5) cell=(-9, 9)
[Click] world=(-11.5, 0.0, 9.500002) cell=(-12, 9)
[Click] world=(-11.5, 0.0, 6.5) cell=(-12, 6)
[Click] world=(-11.5, 0.0, 3.499998) cell=(-12, 3)
[Click] world=(-11.5, 0.0, 0.5) cell=(-12, 0)
[Click] world=(-9.499999, 0.0, -1.499999) cell=(-10, -2)
[Click] world=(-6.5, 0.0, -1.500003) cell=(-7, -2)
[Click] world=(-3.499999, 0.0, 0.5) cell=(-4, 0)
[Click] world=(-0.499999, 0.000001, 1.500002) cell=(-1, 1)
[Click] world=(0.0, 0.0, 1.0) cell=(0, 1)
[Click] world=(1.5, 0.0, 3.500002) cell=(1, 3)
[Click] world=(4.5, 0.0, 3.500002) cell=(4, 3)
[Click] world=(7.499999, 0.0, 5.500001) cell=(7, 5)
[Click] world=(8.5, 0.0, 5.5) cell=(8, 5)
[Click] world=(9.499998, 0.0, 8.5) cell=(9, 8)
[Click] world=(11.2, 0.0, 10.6) cell=(11, 10)
[Click] world=(16.4, 0.0, 11.4) cell=(16, 11)
[Dev] item 화염부 world=(32.5, 0.0, 70.5) screen=(-1207.979, 2431.874)
[Dev] item 빙결부 world=(33.5, 0.0, 69.5) screen=(-1115.412, 2431.874)
[Field] deulnyeok seed=355022911 128x128 props=2252 packs=18 enemies=74 waypoint=(62, 65) roster=bandit,bat,talisman_master elites=["13:파란×4@구간3"]
[Audio] BGM dungeon → dungeon_2.ogg
[Save] level 못골 들녘 → user://save_e2e.json (C:/Users/FORYOUCOM/AppData/Roaming/Godot/app_userdata/Joseon Hunters/wt/codex-558-combat-clock-trace/save_e2e.json)
[Dev] stairs Down_cave dir=1 world=(88.5, 0.0, 3.5) screen=(7212.236, 897.1014)
[Dev] interact Waypoint world=(62.5, 0.0, 65.5) screen=(3139.301, 1810.974)
[Dev] interact FloorItem world=(32.5, 0.0, 70.5) screen=(1519.384, 1142.938)
[Dev] interact @Area3D@46890 world=(33.5, 0.0, 69.5) screen=(1611.95, 1142.938)
[Dev] interact PusJar world=(95.5, 0.0, 103.5) screen=(2907.884, 3708.197)
[Dev] interact @Area3D@47037 world=(101.5, 0.0, 105.5) screen=(3093.018, 3921.969)
[Dev] interact @Area3D@47038 world=(98.5, 0.0, 107.5) screen=(2861.601, 3895.247)
[Dev] interact LootChest world=(27.5, 0.0, 70.5) screen=(1287.967, 1009.331)
[Dev] interact @Area3D@47039 world=(94.5, 0.0, 100.5) screen=(3000.451, 3601.312)
[Dev] interact @Area3D@47040 world=(55.5, 0.0, 52.5) screen=(3417.001, 1276.545)
[Dev] interact LootPot world=(46.5, 0.0, 68.5) screen=(2259.917, 1463.595)
[Dev] interact @Area3D@47041 world=(73.5, 0.0, 47.5) screen=(4481.519, 1623.924)
[Dev] interact @Area3D@47042 world=(90.5, 0.0, 47.5) screen=(5268.335, 2078.189)
[Dev] interact @Area3D@47043 world=(111.5, 0.0, 49.5) screen=(6147.719, 2692.782)
[Dev] interact @Area3D@47044 world=(101.5, 0.0, 101.5) screen=(3278.151, 3815.083)
[Dev] interact @Area3D@47045 world=(86.5, 0.0, 76.5) screen=(3740.984, 2746.225)
[Dev] interact @Area3D@47046 world=(53.5, 0.0, 52.5) screen=(3324.434, 1223.102)
[Dev] interact @Area3D@47047 world=(87.5, 0.0, 95.5) screen=(2907.884, 3280.654)
[Dev] interact @Area3D@47048 world=(26.5, 0.0, 66.5) screen=(1426.817, 875.7234)
[Dev] interact @Area3D@47049 world=(17.5, 0.0, 60.5) screen=(1287.967, 474.9016)
[Dev] interact @Area3D@47050 world=(86.5, 0.0, 22.5) screen=(6240.286, 1303.266)
[Dev] interact @Area3D@47051 world=(59.5, 0.0, 65.5) screen=(3000.451, 1730.81)
[Dev] interact @Area3D@47052 world=(18.5, 0.0, 74.5) screen=(686.2832, 875.7234)
[Dev] interact @Area3D@47053 world=(44.5, 0.0, 69.5) screen=(2121.067, 1436.874)
[Dev] interact @Area3D@47054 world=(73.5, 0.0, 49.5) screen=(4388.952, 1677.367)
[Dev] interact @Area3D@47055 world=(88.5, 0.0, 52.5) screen=(4944.352, 2158.353)
[Dev] removed 74 enemies
[Click] world=(2.5, 0.0, 64.5) cell=(2, 64)
[Audio] BGM town → town.ogg
[Save] level 못골 마을 → user://save_e2e.json (C:/Users/FORYOUCOM/AppData/Roaming/Godot/app_userdata/Joseon Hunters/wt/codex-558-combat-clock-trace/save_e2e.json)
[Dev] stairs DungeonEntrance dir=1 world=(0.0, 0.0, -31.0) screen=(1959.075, -1115.024)
[Dev] interact Merchant world=(5.4, 0.0, -2.4) screen=(885.3018, -254.594)
[Dev] interact Shaman world=(-5.6, 0.0, 0.4) screen=(246.5916, -473.7099)
[Dev] interact Elder world=(2.0, 0.0, -5.6) screen=(876.0451, -430.9556)
[Dev] interact Jumo world=(7.1, 0.0, -1.4) screen=(917.7001, -182.4461)
[Dev] interact Waypoint world=(-4.2, 0.0, 2.2) screen=(228.0781, -388.2012)
E2E town_approach PASS (검사 133)
[Save] level 못골 마을 → user://save_e2e.json (C:/Users/FORYOUCOM/AppData/Roaming/Godot/app_userdata/Joseon Hunters/wt/codex-558-combat-clock-trace/save_e2e.json)
[Dev] stairs DungeonEntrance dir=1 world=(0.0, 0.0, -31.0) screen=(2121.067, -492.4143)
[Dev] interact Merchant world=(5.4, 0.0, -2.4) screen=(1047.293, 368.0158)
[Dev] interact Shaman world=(-5.6, 0.0, 0.4) screen=(408.5833, 148.8999)
[Dev] interact Elder world=(2.0, 0.0, -5.6) screen=(1038.037, 191.6542)
[Dev] interact Jumo world=(7.1, 0.0, -1.4) screen=(1079.692, 440.1637)
[Dev] interact Waypoint world=(-4.2, 0.0, 2.2) screen=(390.0698, 234.4085)
E2E ▶ ui_windows
[Dev] item 환도 world=(1.3, 0.0, 2.3) screen=(640.0, 413.4643)
[Click] world=(5.4, 0.0, -2.4) cell=(5, -3)
[Save] talk merchant → user://save_e2e.json (C:/Users/FORYOUCOM/AppData/Roaming/Godot/app_userdata/Joseon Hunters/wt/codex-558-combat-clock-trace/save_e2e.json)
[Click] world=(-5.6, 0.0, 0.4) cell=(-6, 0)
[Save] quest_log_dialogue → user://save_e2e.json (C:/Users/FORYOUCOM/AppData/Roaming/Godot/app_userdata/Joseon Hunters/wt/codex-558-combat-clock-trace/save_e2e.json)
[Save] talk shaman → user://save_e2e.json (C:/Users/FORYOUCOM/AppData/Roaming/Godot/app_userdata/Joseon Hunters/wt/codex-558-combat-clock-trace/save_e2e.json)
[Click] world=(2.0, 0.0, -5.6) cell=(2, -6)
[Save] talk elder → user://save_e2e.json (C:/Users/FORYOUCOM/AppData/Roaming/Godot/app_userdata/Joseon Hunters/wt/codex-558-combat-clock-trace/save_e2e.json)
[Click] world=(-4.2, 0.0, 2.2) cell=(-5, 2)
[Load] lv=1 gold=0 flags={ "opening_pending": false } portal=<null> wps=[]
[Save] level 못골 마을 → user://ui_windows_550_637816055.json.characters/doho_8d0e5a444f0d41014b60441b.json (C:/Users/FORYOUCOM/AppData/Roaming/Godot/app_userdata/Joseon Hunters/wt/codex-558-combat-clock-trace/ui_windows_550_637816055.json.characters/doho_8d0e5a444f0d41014b60441b.json)
[Dev] stairs DungeonEntrance dir=1 world=(0.0, 0.0, -31.0) screen=(2121.067, -492.4143)
[Dev] interact Merchant world=(5.4, 0.0, -2.4) screen=(1047.293, 368.0158)
[Dev] interact Shaman world=(-5.6, 0.0, 0.4) screen=(408.5833, 148.8999)
[Dev] interact Elder world=(2.0, 0.0, -5.6) screen=(1038.037, 191.6542)
[Dev] interact Jumo world=(7.1, 0.0, -1.4) screen=(1079.692, 440.1637)
[Dev] interact Waypoint world=(-4.2, 0.0, 2.2) screen=(390.0698, 234.4085)
E2E ui_windows PASS (검사 65)
[Save] level 못골 마을 → user://save_e2e.json (C:/Users/FORYOUCOM/AppData/Roaming/Godot/app_userdata/Joseon Hunters/wt/codex-558-combat-clock-trace/save_e2e.json)
[Dev] stairs DungeonEntrance dir=1 world=(0.0, 0.0, -31.0) screen=(2121.067, -492.4143)
[Dev] interact Merchant world=(5.4, 0.0, -2.4) screen=(1047.293, 368.0158)
[Dev] interact Shaman world=(-5.6, 0.0, 0.4) screen=(408.5833, 148.8999)
[Dev] interact Elder world=(2.0, 0.0, -5.6) screen=(1038.037, 191.6542)
[Dev] interact Jumo world=(7.1, 0.0, -1.4) screen=(1079.692, 440.1637)
[Dev] interact Waypoint world=(-4.2, 0.0, 2.2) screen=(390.0698, 234.4085)
E2E ▶ story_cutin
[Save] level 못골 마을 → user://save_e2e.json (C:/Users/FORYOUCOM/AppData/Roaming/Godot/app_userdata/Joseon Hunters/wt/codex-558-combat-clock-trace/save_e2e.json)
[Dev] stairs DungeonEntrance dir=1 world=(0.0, 0.0, -31.0) screen=(2121.067, -492.4143)
[Dev] interact Merchant world=(5.4, 0.0, -2.4) screen=(1047.293, 368.0158)
[Dev] interact Shaman world=(-5.6, 0.0, 0.4) screen=(408.5833, 148.8999)
[Dev] interact Elder world=(2.0, 0.0, -5.6) screen=(1038.037, 191.6542)
[Dev] interact Jumo world=(7.1, 0.0, -1.4) screen=(1079.692, 440.1637)
[Dev] interact Waypoint world=(-4.2, 0.0, 2.2) screen=(390.0698, 234.4085)
[Load] lv=1 gold=0 flags={ "opening_pending": true } portal=<null> wps=[]
[Save] level 못골 마을 → user://save_e2e.json (C:/Users/FORYOUCOM/AppData/Roaming/Godot/app_userdata/Joseon Hunters/wt/codex-558-combat-clock-trace/save_e2e.json)
[Dev] stairs DungeonEntrance dir=1 world=(0.0, 0.0, -31.0) screen=(2121.067, -492.4143)
[Dev] interact Merchant world=(5.4, 0.0, -2.4) screen=(1047.293, 368.0158)
[Dev] interact Shaman world=(-5.6, 0.0, 0.4) screen=(408.5833, 148.8999)
[Dev] interact Elder world=(2.0, 0.0, -5.6) screen=(1038.037, 191.6542)
[Dev] interact Jumo world=(7.1, 0.0, -1.4) screen=(1079.692, 440.1637)
[Dev] interact Waypoint world=(-4.2, 0.0, 2.2) screen=(390.0698, 234.4085)
  · 사설 가장 긴 줄 869 / 글 폭 1101 px (화면 (1280.0, 720.0)) 「그날 이후 괴질이 돌았으니라! 옛 도사들이 걸어 둔 봉인이 새어 병이 번져 방방곡곡 휘몰아쳐—」
[Save] opening → user://save_e2e.json (C:/Users/FORYOUCOM/AppData/Roaming/Godot/app_userdata/Joseon Hunters/wt/codex-558-combat-clock-trace/save_e2e.json)
[Dungeon] heukrang_gul 2층 lv=3 seed=3189434797 preset 28x28 rooms=2 up=(22, 23) down=(-1, -1) enemies=2 roster=bat elites=[] named=-
[Audio] BGM boss → boss.ogg
[Save] level 흑랑 굴 2층 → user://save_e2e.json (C:/Users/FORYOUCOM/AppData/Roaming/Godot/app_userdata/Joseon Hunters/wt/codex-558-combat-clock-trace/save_e2e.json)
[Dev] stairs StairsUp dir=-1 world=(22.5, 0.0, 23.5) screen=(593.7167, 335.9507)
  · 컷인 조우 before tick=36222 intro=false signals=0 visible=false kind= paused=true menu=false distance=4.000
  · 컷인 조우 after tick=36223 delta=1 opened=true intro=true signals=1 visible=true kind=boss paused=true menu=false
  · 컷인 Esc tick=36224 intro=true signals=1 visible=false paused=false menu=false
[Dungeon] beomgul 3층 lv=6 seed=3376041942 preset 32x30 rooms=2 up=(26, 24) down=(-1, -1) enemies=0 roster= elites=[] named=-
[Save] level 범굴 3층 → user://save_e2e.json (C:/Users/FORYOUCOM/AppData/Roaming/Godot/app_userdata/Joseon Hunters/wt/codex-558-combat-clock-trace/save_e2e.json)
[Dev] stairs StairsUp dir=-1 world=(26.5, 0.0, 24.5) screen=(593.7167, 335.9507)
E2E story_cutin PASS (검사 28)
[Audio] BGM town → town.ogg
[Save] level 못골 마을 → user://save_e2e.json (C:/Users/FORYOUCOM/AppData/Roaming/Godot/app_userdata/Joseon Hunters/wt/codex-558-combat-clock-trace/save_e2e.json)
[Dev] stairs DungeonEntrance dir=1 world=(0.0, 0.0, -31.0) screen=(2121.067, -492.4143)
[Dev] interact Merchant world=(5.4, 0.0, -2.4) screen=(1047.293, 368.0158)
[Dev] interact Shaman world=(-5.6, 0.0, 0.4) screen=(408.5833, 148.8999)
[Dev] interact Elder world=(2.0, 0.0, -5.6) screen=(1038.037, 191.6542)
[Dev] interact Jumo world=(7.1, 0.0, -1.4) screen=(1079.692, 440.1637)
[Dev] interact Waypoint world=(-4.2, 0.0, 2.2) screen=(390.0698, 234.4085)
E2E ▶ dialogue_band
[Click] world=(5.4, 0.0, -2.4) cell=(5, -3)
[Save] talk merchant → user://save_e2e.json (C:/Users/FORYOUCOM/AppData/Roaming/Godot/app_userdata/Joseon Hunters/wt/codex-558-combat-clock-trace/save_e2e.json)
[Dev] 한기 3초 → 산적
[Dev] 빙결 → 산적 (얼음)
[Dev] 화상 3/초 × 2초 → 산적
  · 이름표 글꼴 = 궁서
E2E dialogue_band PASS (검사 71)
[Save] level 못골 마을 → user://save_e2e.json (C:/Users/FORYOUCOM/AppData/Roaming/Godot/app_userdata/Joseon Hunters/wt/codex-558-combat-clock-trace/save_e2e.json)
[Dev] stairs DungeonEntrance dir=1 world=(0.0, 0.0, -31.0) screen=(2121.067, -492.4143)
[Dev] interact Merchant world=(5.4, 0.0, -2.4) screen=(1047.293, 368.0158)
[Dev] interact Shaman world=(-5.6, 0.0, 0.4) screen=(408.5833, 148.8999)
[Dev] interact Elder world=(2.0, 0.0, -5.6) screen=(1038.037, 191.6542)
[Dev] interact Jumo world=(7.1, 0.0, -1.4) screen=(1079.692, 440.1637)
[Dev] interact Waypoint world=(-4.2, 0.0, 2.2) screen=(390.0698, 234.4085)
E2E ▶ dialogue_event
[Click] world=(-5.6, 0.0, 0.4) cell=(-6, 0)
[Click] world=(-3.9, 0.0, 0.6) cell=(-4, 0)
[Save] quest_log_dialogue → user://save_e2e.json (C:/Users/FORYOUCOM/AppData/Roaming/Godot/app_userdata/Joseon Hunters/wt/codex-558-combat-clock-trace/save_e2e.json)
[Click] world=(-1.767355, 0.0, 2.585504) cell=(-2, 2)
[Click] world=(-5.6, 0.0, 0.4) cell=(-6, 0)
[Save] talk shaman → user://save_e2e.json (C:/Users/FORYOUCOM/AppData/Roaming/Godot/app_userdata/Joseon Hunters/wt/codex-558-combat-clock-trace/save_e2e.json)
[Click] world=(-3.9, 0.0, 0.6) cell=(-4, 0)
E2E dialogue_event PASS (검사 50)
[Save] level 못골 마을 → user://save_e2e.json (C:/Users/FORYOUCOM/AppData/Roaming/Godot/app_userdata/Joseon Hunters/wt/codex-558-combat-clock-trace/save_e2e.json)
[Dev] stairs DungeonEntrance dir=1 world=(0.0, 0.0, -31.0) screen=(2121.067, -492.4143)
[Dev] interact Merchant world=(5.4, 0.0, -2.4) screen=(1047.293, 368.0158)
[Dev] interact Shaman world=(-5.6, 0.0, 0.4) screen=(408.5833, 148.8999)
[Dev] interact Elder world=(2.0, 0.0, -5.6) screen=(1038.037, 191.6542)
[Dev] interact Jumo world=(7.1, 0.0, -1.4) screen=(1079.692, 440.1637)
[Dev] interact Waypoint world=(-4.2, 0.0, 2.2) screen=(390.0698, 234.4085)
E2E ▶ ui_docks
  · none camera settled, player x=640.00
  · right camera settled, player x=424.00
[Click] world=(-0.896354, 0.640644, 0.919067) cell=(-1, 0)
  · right after pickup camera settled, player x=424.00
  · left camera settled, player x=856.00
[Click] world=(0.989948, 0.0, 0.01005) cell=(0, 0)
  · left after movement camera settled, player x=857.46
  · both camera settled, player x=640.28
  · skills and bag camera settled, player x=640.17
  · Esc restores center camera settled, player x=640.10
[Click] world=(5.4, 0.0, -2.4) cell=(5, -3)
  · dialog alone camera settled, player x=641.42
  · vendor and bag camera settled, player x=640.00
  · after vendor close camera settled, player x=640.00
[Click] world=(-4.2, 0.0, 2.2) cell=(-5, 2)
  · waypoint alone camera settled, player x=854.54
  · waypoint and bag camera settled, player x=639.72
  · final center camera settled, player x=639.83
E2E ui_docks PASS (검사 61)
[Save] level 못골 마을 → user://save_e2e.json (C:/Users/FORYOUCOM/AppData/Roaming/Godot/app_userdata/Joseon Hunters/wt/codex-558-combat-clock-trace/save_e2e.json)
[Dev] stairs DungeonEntrance dir=1 world=(0.0, 0.0, -31.0) screen=(2121.067, -492.4143)
[Dev] interact Merchant world=(5.4, 0.0, -2.4) screen=(1047.293, 368.0158)
[Dev] interact Shaman world=(-5.6, 0.0, 0.4) screen=(408.5833, 148.8999)
[Dev] interact Elder world=(2.0, 0.0, -5.6) screen=(1038.037, 191.6542)
[Dev] interact Jumo world=(7.1, 0.0, -1.4) screen=(1079.692, 440.1637)
[Dev] interact Waypoint world=(-4.2, 0.0, 2.2) screen=(390.0698, 234.4085)
E2E ▶ ui_tooltips
E2E ui_tooltips PASS (검사 97)
[Save] level 못골 마을 → user://save_e2e.json (C:/Users/FORYOUCOM/AppData/Roaming/Godot/app_userdata/Joseon Hunters/wt/codex-558-combat-clock-trace/save_e2e.json)
[Dev] stairs DungeonEntrance dir=1 world=(0.0, 0.0, -31.0) screen=(2121.067, -492.4143)
[Dev] interact Merchant world=(5.4, 0.0, -2.4) screen=(1047.293, 368.0158)
[Dev] interact Shaman world=(-5.6, 0.0, 0.4) screen=(408.5833, 148.8999)
[Dev] interact Elder world=(2.0, 0.0, -5.6) screen=(1038.037, 191.6542)
[Dev] interact Jumo world=(7.1, 0.0, -1.4) screen=(1079.692, 440.1637)
[Dev] interact Waypoint world=(-4.2, 0.0, 2.2) screen=(390.0698, 234.4085)
E2E ▶ belt_unify
E2E belt_unify PASS (검사 15)
[Save] level 못골 마을 → user://save_e2e.json (C:/Users/FORYOUCOM/AppData/Roaming/Godot/app_userdata/Joseon Hunters/wt/codex-558-combat-clock-trace/save_e2e.json)
[Dev] stairs DungeonEntrance dir=1 world=(0.0, 0.0, -31.0) screen=(2121.067, -492.4143)
[Dev] interact Merchant world=(5.4, 0.0, -2.4) screen=(1047.293, 368.0158)
[Dev] interact Shaman world=(-5.6, 0.0, 0.4) screen=(408.5833, 148.8999)
[Dev] interact Elder world=(2.0, 0.0, -5.6) screen=(1038.037, 191.6542)
[Dev] interact Jumo world=(7.1, 0.0, -1.4) screen=(1079.692, 440.1637)
[Dev] interact Waypoint world=(-4.2, 0.0, 2.2) screen=(390.0698, 234.4085)
E2E ▶ item_ui
E2E item_ui PASS (검사 42)
[Save] level 못골 마을 → user://save_e2e.json (C:/Users/FORYOUCOM/AppData/Roaming/Godot/app_userdata/Joseon Hunters/wt/codex-558-combat-clock-trace/save_e2e.json)
[Dev] stairs DungeonEntrance dir=1 world=(0.0, 0.0, -31.0) screen=(2121.067, -492.4143)
[Dev] interact Merchant world=(5.4, 0.0, -2.4) screen=(1047.293, 368.0158)
[Dev] interact Shaman world=(-5.6, 0.0, 0.4) screen=(408.5833, 148.8999)
[Dev] interact Elder world=(2.0, 0.0, -5.6) screen=(1038.037, 191.6542)
[Dev] interact Jumo world=(7.1, 0.0, -1.4) screen=(1079.692, 440.1637)
[Dev] interact Waypoint world=(-4.2, 0.0, 2.2) screen=(390.0698, 234.4085)
E2E ▶ skill_picker
[Save] skill_picker_e2e → user://save_e2e.json (C:/Users/FORYOUCOM/AppData/Roaming/Godot/app_userdata/Joseon Hunters/wt/codex-558-combat-clock-trace/save_e2e.json)
[Load] lv=6 gold=0 flags={ "opening_pending": false } portal=<null> wps=[]
[Save] level 못골 마을 → user://save_e2e.json (C:/Users/FORYOUCOM/AppData/Roaming/Godot/app_userdata/Joseon Hunters/wt/codex-558-combat-clock-trace/save_e2e.json)
[Dev] stairs DungeonEntrance dir=1 world=(0.0, 0.0, -31.0) screen=(2121.067, -492.4143)
[Dev] interact Merchant world=(5.4, 0.0, -2.4) screen=(1047.293, 368.0158)
[Dev] interact Shaman world=(-5.6, 0.0, 0.4) screen=(408.5833, 148.8999)
[Dev] interact Elder world=(2.0, 0.0, -5.6) screen=(1038.037, 191.6542)
[Dev] interact Jumo world=(7.1, 0.0, -1.4) screen=(1079.692, 440.1637)
[Dev] interact Waypoint world=(-4.2, 0.0, 2.2) screen=(390.0698, 234.4085)
[Skill] 참격 → mp 46/50
[Skill] 참격 → mp 46/50
[Skill] 회오리베기 → mp 38/50
[Dev] item 탕약 — 쌍화탕 world=(-0.187194, 0.0, 1.880317) screen=(374.592, 362.5098)
[Save] level 못골 마을 → user://save_e2e.json (C:/Users/FORYOUCOM/AppData/Roaming/Godot/app_userdata/Joseon Hunters/wt/codex-558-combat-clock-trace/save_e2e.json)
[Dev] stairs DungeonEntrance dir=1 world=(0.0, 0.0, -31.0) screen=(2121.067, -492.4143)
[Dev] interact Merchant world=(5.4, 0.0, -2.4) screen=(1047.293, 368.0158)
[Dev] interact Shaman world=(-5.6, 0.0, 0.4) screen=(408.5833, 148.8999)
[Dev] interact Elder world=(2.0, 0.0, -5.6) screen=(1038.037, 191.6542)
[Dev] interact Jumo world=(7.1, 0.0, -1.4) screen=(1079.692, 440.1637)
[Dev] interact Waypoint world=(-4.2, 0.0, 2.2) screen=(390.0698, 234.4085)
[Death] 도호 사망 → 1.2s 뒤 마을 복귀, 엽전 -0
[Save] level 못골 마을 → user://save_e2e.json (C:/Users/FORYOUCOM/AppData/Roaming/Godot/app_userdata/Joseon Hunters/wt/codex-558-combat-clock-trace/save_e2e.json)
[Dev] stairs DungeonEntrance dir=1 world=(0.0, 0.0, -31.0) screen=(2121.067, -492.4143)
[Dev] interact Merchant world=(5.4, 0.0, -2.4) screen=(1047.293, 368.0158)
[Dev] interact Shaman world=(-5.6, 0.0, 0.4) screen=(408.5833, 148.8999)
[Dev] interact Elder world=(2.0, 0.0, -5.6) screen=(1038.037, 191.6542)
[Dev] interact Jumo world=(7.1, 0.0, -1.4) screen=(1079.692, 440.1637)
[Dev] interact Waypoint world=(-4.2, 0.0, 2.2) screen=(390.0698, 234.4085)
E2E skill_picker PASS (검사 191)
[Save] level 못골 마을 → user://save_e2e.json (C:/Users/FORYOUCOM/AppData/Roaming/Godot/app_userdata/Joseon Hunters/wt/codex-558-combat-clock-trace/save_e2e.json)
[Dev] stairs DungeonEntrance dir=1 world=(0.0, 0.0, -31.0) screen=(2121.067, -492.4143)
[Dev] interact Merchant world=(5.4, 0.0, -2.4) screen=(1047.293, 368.0158)
[Dev] interact Shaman world=(-5.6, 0.0, 0.4) screen=(408.5833, 148.8999)
[Dev] interact Elder world=(2.0, 0.0, -5.6) screen=(1038.037, 191.6542)
[Dev] interact Jumo world=(7.1, 0.0, -1.4) screen=(1079.692, 440.1637)
[Dev] interact Waypoint world=(-4.2, 0.0, 2.2) screen=(390.0698, 234.4085)
E2E ▶ skill_icons
  · 찌르기 원화 대기 — 이름 첫 글자로 대신 (#477·#478 새 칸)
  · 도약 베기 원화 대기 — 이름 첫 글자로 대신 (#477·#478 새 칸)
  · 칼바람 원화 대기 — 이름 첫 글자로 대신 (#477·#478 새 칸)
  · 부적 진 원화 대기 — 이름 첫 글자로 대신 (#477·#478 새 칸)
  · 부적 비 원화 대기 — 이름 첫 글자로 대신 (#477·#478 새 칸)
[Skill] 회오리베기 → mp 42/50
E2E skill_icons PASS (검사 48)
[Save] level 못골 마을 → user://save_e2e.json (C:/Users/FORYOUCOM/AppData/Roaming/Godot/app_userdata/Joseon Hunters/wt/codex-558-combat-clock-trace/save_e2e.json)
[Dev] stairs DungeonEntrance dir=1 world=(0.0, 0.0, -31.0) screen=(2121.067, -492.4143)
[Dev] interact Merchant world=(5.4, 0.0, -2.4) screen=(1047.293, 368.0158)
[Dev] interact Shaman world=(-5.6, 0.0, 0.4) screen=(408.5833, 148.8999)
[Dev] interact Elder world=(2.0, 0.0, -5.6) screen=(1038.037, 191.6542)
[Dev] interact Jumo world=(7.1, 0.0, -1.4) screen=(1079.692, 440.1637)
[Dev] interact Waypoint world=(-4.2, 0.0, 2.2) screen=(390.0698, 234.4085)
E2E ▶ vfx_cues
[Dungeon] heukrang_gul 1층 lv=2 seed=403727558 gen 64x64 rooms=6 up=(44, 56) down=(7, 23) enemies=20 roster=bandit,bat,talisman_master elites=["방2:금색×3(깊이 0.50)"] named=-
[Quest] heukrang_gul 1층 — 싹쓸이 셈 시작 20 (heukrang_clear:none)
[Audio] BGM dungeon → dungeon_3.ogg
[Save] level 흑랑 굴 1층 → user://save_e2e.json (C:/Users/FORYOUCOM/AppData/Roaming/Godot/app_userdata/Joseon Hunters/wt/codex-558-combat-clock-trace/save_e2e.json)
[Dev] stairs StairsUp dir=-1 world=(44.5, 0.0, 56.5) screen=(593.7165, 335.9509)
[Dev] stairs StairsDown dir=1 world=(7.5, 0.0, 23.5) screen=(408.583, -1534.551)
[Dev] interact PusJar world=(29.5, 0.0, 42.5) screen=(547.433, -487.0705)
[Dev] interact @Area3D@50261 world=(14.5, 0.0, 24.5) screen=(686.2831, -1368.878)
[Dev] interact @Area3D@50262 world=(23.5, 0.0, 18.5) screen=(1380.534, -1288.714)
[Dev] interact LootChest world=(29.5, 0.0, 39.5) screen=(686.2831, -567.2349)
[Dev] interact @Area3D@50263 world=(40.5, 0.0, 38.5) screen=(1241.683, -300.0204)
[Dev] interact LootPot world=(21.5, 0.0, 43.5) screen=(130.8828, -674.1207)
[Dev] interact @Area3D@50264 world=(22.5, 0.0, 44.5) screen=(130.8829, -620.6779)
[Dev] interact @Area3D@50265 world=(19.5, 0.0, 9.5) screen=(1611.95, -1636.093)
[Dev] interact @Area3D@50266 world=(20.5, 0.0, 9.5) screen=(1658.234, -1609.372)
[Dev] interact @Area3D@50267 world=(44.5, 0.0, 51.5) screen=(825.1333, 154.2443)
[Dev] interact @Area3D@50268 world=(44.5, 0.0, 52.5) screen=(778.8499, 180.9657)
[Dev] interact @Area3D@50269 world=(21.5, 0.0, 39.5) screen=(316.0163, -781.0065)
[Dev] removed 20 enemies
[Dev] item 철검 world=(45.5, 0.0, 58.0) screen=(570.5748, 384.0701)
[Dev] item 목검 world=(47.0, 0.0, 56.5) screen=(709.4249, 384.0702)
  · 선딜 시트 pos=(44.5, 0.030391, 56.5) 적=(44.5, 0.000391, 56.5) 화면=(593.7165, 331.6754) visible=true frame=6/23
[Kill] +6 xp (lv 1, 6/20)
[Dev] item 묵함 world=(44.28001, 0.0, 56.5) screen=(583.5348, 311.3882)
[Save] quest → user://save_e2e.json (C:/Users/FORYOUCOM/AppData/Roaming/Godot/app_userdata/Joseon Hunters/wt/codex-558-combat-clock-trace/save_e2e.json)
[Quest] heukrang_clear 싹쓸이 완료 (none → killed)
[Skill] 참격 → mp 46/50
[Skill] 참격 → mp 46/50
[Skill] 돌진베기 → mp 44/50
[Skill] 회오리베기 → mp 42/50
[Kill] +100 xp (lv 4, 50/160)
[LevelUp] lv=4 stat_pts=5 skill_pts=1
  · 레벨업 道: 발 위 4.30 · 칸 15장 · 흩어짐 0.32(1.55초) · 사라짐 2.03초
[Dev] interact Portal world=(48.5, 0.0, 56.5) screen=(640.0024, 311.9233)
[Portal] opened heukrang_gul 1층 pos=(48.5, 0.0, 56.5)
[Vfx] missing cue: no_such_cue_zzz (큐 표 design/vfx.md §2)
  · 루프 103 · 단발 2
E2E vfx_cues PASS (검사 74)
[Audio] BGM town → town.ogg
[Save] level 못골 마을 → user://save_e2e.json (C:/Users/FORYOUCOM/AppData/Roaming/Godot/app_userdata/Joseon Hunters/wt/codex-558-combat-clock-trace/save_e2e.json)
[Dev] stairs DungeonEntrance dir=1 world=(0.0, 0.0, -31.0) screen=(2121.067, -492.4143)
[Dev] interact Merchant world=(5.4, 0.0, -2.4) screen=(1047.293, 368.0158)
[Dev] interact Shaman world=(-5.6, 0.0, 0.4) screen=(408.5833, 148.8999)
[Dev] interact Elder world=(2.0, 0.0, -5.6) screen=(1038.037, 191.6542)
[Dev] interact Jumo world=(7.1, 0.0, -1.4) screen=(1079.692, 440.1637)
[Dev] interact Waypoint world=(-4.2, 0.0, 2.2) screen=(390.0698, 234.4085)
E2E ▶ vfx_cap_blood
[Kill] +120 xp (lv 3, 43/104)
[LevelUp] lv=3 stat_pts=10 skill_pts=2
[Dev] item 미식별 은가락지 world=(4.0, 0.0, 1.0) screen=(825.1334, 450.8736)
[Dev] item 탕약 — 쌍화탕 world=(4.0, 0.0, 1.0) screen=(825.1334, 450.8736)
[Dev] item 청심환 world=(4.0, 0.0, 1.0) screen=(825.1334, 450.8736)
[Dev] item 탕약 — 쌍화탕 world=(4.0, 0.0, 1.0) screen=(825.1334, 450.8736)
[Dev] item 식별부첩 world=(4.0, 0.0, 1.0) screen=(825.1334, 450.8736)
[Dev] item 흑랑 이빨 world=(4.0, 0.0, 1.0) screen=(825.1334, 450.8736)
[Dev] item 미식별 환도 world=(4.0, 0.0, 1.0) screen=(825.1334, 450.8736)
[Dev] item 미식별 누비옷 world=(4.0, 0.0, 1.0) screen=(825.1334, 450.8736)
[Dev] item 미식별 옥패 world=(4.0, 0.0, 1.0) screen=(825.1334, 450.8736)
[Loot] 보스 전용 유니크 — boss_heukrang 첫 처치 → u_heukrang_fang (회차 1)
[Dev] item 흑랑의 봉인패 world=(4.0, 0.0, 1.0) screen=(825.1334, 450.8736)
[Dev] item 엽전 world=(4.0, 0.0, 1.0) screen=(825.1334, 450.8736)
[Save] boss → user://save_e2e.json (C:/Users/FORYOUCOM/AppData/Roaming/Godot/app_userdata/Joseon Hunters/wt/codex-558-combat-clock-trace/save_e2e.json)
[Boss] killed area= level=1 flags={ "opening_pending": false, "seal:boss_heukrang": 1, "quest": { "heukrang_seal": { "state": "killed" }, "heukrang_thanks": { "state": "killed" } }, "boss_killed_": true }
[Kill] +6 xp (lv 3, 49/104)
[Dev] item 엽전 world=(5.2, 0.0, 1.0) screen=(880.6734, 482.9394)
  · #395 (고친 뒤) — 둘째 킬 직전 살아 있는 단발 21/24(장식성 패딩 15개) · 새로 생겼나=true · 킬 뒤 살아있는 단발 24 · 피 전용 4/24
E2E vfx_cap_blood PASS (검사 3)
[Save] level 못골 마을 → user://save_e2e.json (C:/Users/FORYOUCOM/AppData/Roaming/Godot/app_userdata/Joseon Hunters/wt/codex-558-combat-clock-trace/save_e2e.json)
[Dev] stairs DungeonEntrance dir=1 world=(0.0, 0.0, -31.0) screen=(2121.067, -492.4143)
[Dev] interact Merchant world=(5.4, 0.0, -2.4) screen=(1047.293, 368.0158)
[Dev] interact Shaman world=(-5.6, 0.0, 0.4) screen=(408.5833, 148.8999)
[Dev] interact Elder world=(2.0, 0.0, -5.6) screen=(1038.037, 191.6542)
[Dev] interact Jumo world=(7.1, 0.0, -1.4) screen=(1079.692, 440.1637)
[Dev] interact Waypoint world=(-4.2, 0.0, 2.2) screen=(390.0698, 234.4085)
E2E ▶ skill_area
[Dungeon] heukrang_gul 1층 lv=2 seed=403727558 gen 64x64 rooms=6 up=(44, 56) down=(7, 23) enemies=20 roster=bandit,bat,talisman_master elites=["방2:금색×3(깊이 0.50)"] named=-
[Quest] heukrang_gul 1층 — 싹쓸이 셈 시작 20 (heukrang_clear:none)
[Audio] BGM dungeon → dungeon_1.ogg
[Save] level 흑랑 굴 1층 → user://save_e2e.json (C:/Users/FORYOUCOM/AppData/Roaming/Godot/app_userdata/Joseon Hunters/wt/codex-558-combat-clock-trace/save_e2e.json)
[Dev] stairs StairsUp dir=-1 world=(44.5, 0.0, 56.5) screen=(593.7165, 335.9509)
[Dev] stairs StairsDown dir=1 world=(7.5, 0.0, 23.5) screen=(408.583, -1534.551)
[Dev] interact PusJar world=(29.5, 0.0, 42.5) screen=(547.433, -487.0705)
[Dev] interact @Area3D@50815 world=(14.5, 0.0, 24.5) screen=(686.2831, -1368.878)
[Dev] interact @Area3D@50816 world=(23.5, 0.0, 18.5) screen=(1380.534, -1288.714)
[Dev] interact LootChest world=(29.5, 0.0, 39.5) screen=(686.2831, -567.2349)
[Dev] interact @Area3D@50817 world=(40.5, 0.0, 38.5) screen=(1241.683, -300.0204)
[Dev] interact LootPot world=(21.5, 0.0, 43.5) screen=(130.8828, -674.1207)
[Dev] interact @Area3D@50818 world=(22.5, 0.0, 44.5) screen=(130.8829, -620.6779)
[Dev] interact @Area3D@50819 world=(19.5, 0.0, 9.5) screen=(1611.95, -1636.093)
[Dev] interact @Area3D@50820 world=(20.5, 0.0, 9.5) screen=(1658.234, -1609.372)
[Dev] interact @Area3D@50821 world=(44.5, 0.0, 51.5) screen=(825.1333, 154.2443)
[Dev] interact @Area3D@50822 world=(44.5, 0.0, 52.5) screen=(778.8499, 180.9657)
[Dev] interact @Area3D@50823 world=(21.5, 0.0, 39.5) screen=(316.0163, -781.0065)
[Dev] removed 20 enemies
[Skill] 참격 → mp 46/50
  · 참격: 반지름 2.20 · 각 120° · 칼이 닿는 시각 0.60초
[Audio] 같은 순간 같은 큐 상한(3) 넘침 — hit ×1 · enemy_hurt ×1 (버림 누계 486)
[Skill] 회오리베기 → mp 42/50
  · 회오리베기: 반지름 2.50 · 칼이 닿는 시각 0.45초
[Skill] 돌진베기 → mp 44/50
  · 돌진베기: 길이 5.00 (벽에서 끊김 반영) · 반폭 1.10 · 칼이 닿는 시각 0.55초
E2E skill_area PASS (검사 93)
[Audio] BGM town → town.ogg
[Save] level 못골 마을 → user://save_e2e.json (C:/Users/FORYOUCOM/AppData/Roaming/Godot/app_userdata/Joseon Hunters/wt/codex-558-combat-clock-trace/save_e2e.json)
[Dev] stairs DungeonEntrance dir=1 world=(0.0, 0.0, -31.0) screen=(2121.067, -492.4143)
[Dev] interact Merchant world=(5.4, 0.0, -2.4) screen=(1047.293, 368.0158)
[Dev] interact Shaman world=(-5.6, 0.0, 0.4) screen=(408.5833, 148.8999)
[Dev] interact Elder world=(2.0, 0.0, -5.6) screen=(1038.037, 191.6542)
[Dev] interact Jumo world=(7.1, 0.0, -1.4) screen=(1079.692, 440.1637)
[Dev] interact Waypoint world=(-4.2, 0.0, 2.2) screen=(390.0698, 234.4085)
E2E ▶ skill_tiers
[Dungeon] heukrang_gul 1층 lv=2 seed=403727558 gen 64x64 rooms=6 up=(44, 56) down=(7, 23) enemies=20 roster=bandit,bat,talisman_master elites=["방2:금색×3(깊이 0.50)"] named=-
[Quest] heukrang_gul 1층 — 싹쓸이 셈 시작 20 (heukrang_clear:none)
[Audio] BGM dungeon → dungeon_4.ogg
[Save] level 흑랑 굴 1층 → user://save_e2e.json (C:/Users/FORYOUCOM/AppData/Roaming/Godot/app_userdata/Joseon Hunters/wt/codex-558-combat-clock-trace/save_e2e.json)
[Dev] stairs StairsUp dir=-1 world=(44.5, 0.0, 56.5) screen=(593.7165, 335.9509)
[Dev] stairs StairsDown dir=1 world=(7.5, 0.0, 23.5) screen=(408.583, -1534.551)
[Dev] interact PusJar world=(29.5, 0.0, 42.5) screen=(547.433, -487.0705)
[Dev] interact @Area3D@51198 world=(14.5, 0.0, 24.5) screen=(686.2831, -1368.878)
[Dev] interact @Area3D@51199 world=(23.5, 0.0, 18.5) screen=(1380.534, -1288.714)
[Dev] interact LootChest world=(29.5, 0.0, 39.5) screen=(686.2831, -567.2349)
[Dev] interact @Area3D@51200 world=(40.5, 0.0, 38.5) screen=(1241.683, -300.0204)
[Dev] interact LootPot world=(21.5, 0.0, 43.5) screen=(130.8828, -674.1207)
[Dev] interact @Area3D@51201 world=(22.5, 0.0, 44.5) screen=(130.8829, -620.6779)
[Dev] interact @Area3D@51202 world=(19.5, 0.0, 9.5) screen=(1611.95, -1636.093)
[Dev] interact @Area3D@51203 world=(20.5, 0.0, 9.5) screen=(1658.234, -1609.372)
[Dev] interact @Area3D@51204 world=(44.5, 0.0, 51.5) screen=(825.1333, 154.2443)
[Dev] interact @Area3D@51205 world=(44.5, 0.0, 52.5) screen=(778.8499, 180.9657)
[Dev] interact @Area3D@51206 world=(21.5, 0.0, 39.5) screen=(316.0163, -781.0065)
[Dev] removed 20 enemies
[Skill] 회오리베기 → mp 42/50
[Audio] 같은 순간 같은 큐 상한(3) 넘침 — hit ×5 · enemy_hurt ×5 (버림 누계 496)
  · Lv1: 반경 2.50 → 2.50(배수 1.00) · 타수 1 · 이펙트 등급 0(화면 판단)
[Skill] 회오리베기 → mp 41/50
[Audio] 같은 순간 같은 큐 상한(3) 넘침 — enemy_hurt ×13 · hit ×12 (버림 누계 521)
  · Lv5: 반경 2.50 → 3.50(배수 1.40) · 타수 1 · 이펙트 등급 1(화면 판단)
[Skill] 회오리베기 → mp 40/50
[Audio] 같은 순간 같은 큐 상한(3) 넘침 — hit ×13 · enemy_hurt ×13 (버림 누계 547)
[Audio] 같은 순간 같은 큐 상한(3) 넘침 — hit ×13 · enemy_hurt ×13 (버림 누계 573)
  · Lv10: 반경 2.50 → 3.50(배수 1.40) · 타수 2 · 이펙트 등급 2(화면 판단)
E2E skill_tiers PASS (검사 72)
[Audio] BGM town → town.ogg
[Save] level 못골 마을 → user://save_e2e.json (C:/Users/FORYOUCOM/AppData/Roaming/Godot/app_userdata/Joseon Hunters/wt/codex-558-combat-clock-trace/save_e2e.json)
[Dev] stairs DungeonEntrance dir=1 world=(0.0, 0.0, -31.0) screen=(2121.067, -492.4143)
[Dev] interact Merchant world=(5.4, 0.0, -2.4) screen=(1047.293, 368.0158)
[Dev] interact Shaman world=(-5.6, 0.0, 0.4) screen=(408.5833, 148.8999)
[Dev] interact Elder world=(2.0, 0.0, -5.6) screen=(1038.037, 191.6542)
[Dev] interact Jumo world=(7.1, 0.0, -1.4) screen=(1079.692, 440.1637)
[Dev] interact Waypoint world=(-4.2, 0.0, 2.2) screen=(390.0698, 234.4085)
E2E ▶ aoe_skills
[Dungeon] heukrang_gul 1층 lv=2 seed=403727558 gen 64x64 rooms=6 up=(44, 56) down=(7, 23) enemies=20 roster=bandit,bat,talisman_master elites=["방2:금색×3(깊이 0.50)"] named=-
[Quest] heukrang_gul 1층 — 싹쓸이 셈 시작 20 (heukrang_clear:none)
[Audio] BGM dungeon → dungeon_1.ogg
[Save] level 흑랑 굴 1층 → user://save_e2e.json (C:/Users/FORYOUCOM/AppData/Roaming/Godot/app_userdata/Joseon Hunters/wt/codex-558-combat-clock-trace/save_e2e.json)
[Dev] stairs StairsUp dir=-1 world=(44.5, 0.0, 56.5) screen=(593.7165, 335.9509)
[Dev] stairs StairsDown dir=1 world=(7.5, 0.0, 23.5) screen=(408.583, -1534.551)
[Dev] interact PusJar world=(29.5, 0.0, 42.5) screen=(547.433, -487.0705)
[Dev] interact @Area3D@51676 world=(14.5, 0.0, 24.5) screen=(686.2831, -1368.878)
[Dev] interact @Area3D@51677 world=(23.5, 0.0, 18.5) screen=(1380.534, -1288.714)
[Dev] interact LootChest world=(29.5, 0.0, 39.5) screen=(686.2831, -567.2349)
[Dev] interact @Area3D@51678 world=(40.5, 0.0, 38.5) screen=(1241.683, -300.0204)
[Dev] interact LootPot world=(21.5, 0.0, 43.5) screen=(130.8828, -674.1207)
[Dev] interact @Area3D@51679 world=(22.5, 0.0, 44.5) screen=(130.8829, -620.6779)
[Dev] interact @Area3D@51680 world=(19.5, 0.0, 9.5) screen=(1611.95, -1636.093)
[Dev] interact @Area3D@51681 world=(20.5, 0.0, 9.5) screen=(1658.234, -1609.372)
[Dev] interact @Area3D@51682 world=(44.5, 0.0, 51.5) screen=(825.1333, 154.2443)
[Dev] interact @Area3D@51683 world=(44.5, 0.0, 52.5) screen=(778.8499, 180.9657)
[Dev] interact @Area3D@51684 world=(21.5, 0.0, 39.5) screen=(316.0163, -781.0065)
[Dev] removed 20 enemies
  · 무대 = 무리 한가운데 (44.5, 0.0, 56.5) · 도호 (47.32843, 0.0, 59.32843) (화면 아래 4.0u) · 트임 4.0
[Skill] 도약 베기 → mp 41/50
[Kill] +4 xp (lv 9, 4/540)
[Dev] item 무명띠 world=(45.72716, 0.0, 56.76334) screen=(684.6091, 323.3315)
[Kill] +4 xp (lv 9, 8/540)
[Kill] +4 xp (lv 9, 12/540)
[Dev] item 엽전 world=(44.23391, 0.0, 55.32987) screen=(681.8422, 245.1255)
[Audio] 같은 순간 같은 큐 상한(3) 넘침 — hit ×3 · enemy_hurt ×3 (버림 누계 579)
  · 도약 베기 요약 — 맞음 6/6 · 죽음 3 · 막타 속성 [&""] · 죽음 [&"gibs", &"cleave"] · 경직 [0.60000000000002, 0.60000000000002, 0.60000000000002]
[Seal] 부적 진 화염부 → (44.5, 0.0, 56.5) 반경 2.00 · 6.0초 · 굴림 2.8~4.2 (아낌 false)
[Skill] 부적 진 → mp 44/50
[Kill] +4 xp (lv 9, 16/540)
[Dev] item 엽전 world=(45.65327, 0.0, 56.85675) screen=(676.8656, 323.853)
[Dev] item 상품 짚신 world=(45.65327, 0.0, 56.85675) screen=(676.8656, 323.853)
[Kill] +4 xp (lv 9, 20/540)
[Dev] item 엽전 world=(43.62128, 0.0, 57.32251) screen=(561.2617, 282.0011)
[Dev] item 화염부 world=(43.62128, 0.0, 57.32251) screen=(561.2617, 282.0011)
[Kill] +4 xp (lv 9, 24/540)
[Dev] item 엽전 world=(44.22705, 0.0, 55.32775) screen=(681.6229, 244.8853)
[Dev] item 목검 world=(44.22705, 0.0, 55.32775) screen=(681.6229, 244.8853)
[Audio] 같은 순간 같은 큐 상한(3) 넘침 — drop ×3 (버림 누계 582)
  · fire 진 요약 — 맞음 6/6 · 죽음 3 · 막타 속성 [&"fire"] · 죽음 [&"ash"] · 틱 5
[Seal] 부적 진 빙결부 → (44.5, 0.0, 56.5) 반경 2.00 · 6.0초 · 굴림 1.4~2.1 (아낌 false)
[Skill] 부적 진 → mp 44/50
[Kill] +4 xp (lv 9, 28/540)
[Dev] item 무명옷 world=(45.6464, 0.0, 56.85463) screen=(676.6464, 323.6129)
[Dev] item 영약 — 생맥산 world=(45.6464, 0.0, 56.85463) screen=(676.6464, 323.6129)
[Dev] item 괴황지 world=(45.6464, 0.0, 56.85463) screen=(676.6464, 323.6129)
[Kill] +4 xp (lv 9, 32/540)
[Dev] item 엽전 world=(43.61969, 0.0, 57.3155) screen=(561.5121, 281.7713)
[Kill] +4 xp (lv 9, 36/540)
[Dev] item 엽전 world=(44.23391, 0.0, 55.32987) screen=(681.8422, 245.1255)
[Dev] item 목검 world=(44.23391, 0.0, 55.32987) screen=(681.8422, 245.1255)
[Audio] 같은 순간 같은 큐 상한(3) 넘침 — drop ×3 (버림 누계 585)
  · cold 진 요약 — 맞음 6/6 · 죽음 3 · 막타 속성 [&"cold"] · 죽음 [&"shatter"] · 틱 10
E2E aoe_skills PASS (검사 66)
[Audio] BGM town → town.ogg
[Save] level 못골 마을 → user://save_e2e.json (C:/Users/FORYOUCOM/AppData/Roaming/Godot/app_userdata/Joseon Hunters/wt/codex-558-combat-clock-trace/save_e2e.json)
[Dev] stairs DungeonEntrance dir=1 world=(0.0, 0.0, -31.0) screen=(2121.067, -492.4143)
[Dev] interact Merchant world=(5.4, 0.0, -2.4) screen=(1047.293, 368.0158)
[Dev] interact Shaman world=(-5.6, 0.0, 0.4) screen=(408.5833, 148.8999)
[Dev] interact Elder world=(2.0, 0.0, -5.6) screen=(1038.037, 191.6542)
[Dev] interact Jumo world=(7.1, 0.0, -1.4) screen=(1079.692, 440.1637)
[Dev] interact Waypoint world=(-4.2, 0.0, 2.2) screen=(390.0698, 234.4085)
E2E ▶ aoe_skills_2
[Dungeon] heukrang_gul 1층 lv=2 seed=403727558 gen 64x64 rooms=6 up=(44, 56) down=(7, 23) enemies=20 roster=bandit,bat,talisman_master elites=["방2:금색×3(깊이 0.50)"] named=-
[Quest] heukrang_gul 1층 — 싹쓸이 셈 시작 20 (heukrang_clear:none)
[Audio] BGM dungeon → dungeon_4.ogg
[Save] level 흑랑 굴 1층 → user://save_e2e.json (C:/Users/FORYOUCOM/AppData/Roaming/Godot/app_userdata/Joseon Hunters/wt/codex-558-combat-clock-trace/save_e2e.json)
[Dev] stairs StairsUp dir=-1 world=(44.5, 0.0, 56.5) screen=(593.7165, 335.9509)
[Dev] stairs StairsDown dir=1 world=(7.5, 0.0, 23.5) screen=(408.583, -1534.551)
[Dev] interact PusJar world=(29.5, 0.0, 42.5) screen=(547.433, -487.0705)
[Dev] interact @Area3D@52108 world=(14.5, 0.0, 24.5) screen=(686.2831, -1368.878)
[Dev] interact @Area3D@52109 world=(23.5, 0.0, 18.5) screen=(1380.534, -1288.714)
[Dev] interact LootChest world=(29.5, 0.0, 39.5) screen=(686.2831, -567.2349)
[Dev] interact @Area3D@52110 world=(40.5, 0.0, 38.5) screen=(1241.683, -300.0204)
[Dev] interact LootPot world=(21.5, 0.0, 43.5) screen=(130.8828, -674.1207)
[Dev] interact @Area3D@52111 world=(22.5, 0.0, 44.5) screen=(130.8829, -620.6779)
[Dev] interact @Area3D@52112 world=(19.5, 0.0, 9.5) screen=(1611.95, -1636.093)
[Dev] interact @Area3D@52113 world=(20.5, 0.0, 9.5) screen=(1658.234, -1609.372)
[Dev] interact @Area3D@52114 world=(44.5, 0.0, 51.5) screen=(825.1333, 154.2443)
[Dev] interact @Area3D@52115 world=(44.5, 0.0, 52.5) screen=(778.8499, 180.9657)
[Dev] interact @Area3D@52116 world=(21.5, 0.0, 39.5) screen=(316.0163, -781.0065)
[Dev] removed 20 enemies
  · 무대 = 무리 한가운데 (44.5, 0.0, 56.5) · 트임 3.6 · 화면 위쪽 (-0.707107, 0.0, -0.707107)
[Skill] 찌르기 → mp 45/50
[Kill] +1 xp (lv 15, 1/1162)
[Dev] item 미식별 은가락지 world=(44.5, 0.0, 56.5) screen=(640.0, 298.6191)
[Kill] +1 xp (lv 15, 2/1162)
[Dev] item 탕약 — 쌍화탕 world=(43.58076, 0.0, 55.58076) screen=(640.0, 249.4923)
[Kill] +1 xp (lv 15, 3/1162)
[Dev] item 엽전 world=(45.41924, 0.0, 57.41924) screen=(640.0, 347.7459)
  · 찌르기 요약 — 맞음 3/7 [0, 1, 4] · 죽음 3 · 막타 [&"slashed"] · 칼이 닿기까지 0.32초 · 동작 0.63초
[Audio] 같은 순간 같은 큐 상한(3) 넘침 — hit ×1 · enemy_hurt ×1 (버림 누계 587)
[Kill] +1 xp (lv 15, 4/1162)
[Dev] item 엽전 world=(44.34444, 0.0, 56.34444) screen=(640.0, 290.3054)
[Dev] item 미식별 무명 도포 world=(44.34444, 0.0, 56.34444) screen=(640.0, 290.3054)
[Dev] item 탕약 — 쌍화탕 world=(44.34444, 0.0, 56.34444) screen=(640.0, 290.3054)
[Kill] +1 xp (lv 15, 5/1162)
[Dev] item 엽전 world=(43.9459, 0.0, 57.72351) screen=(557.7263, 316.5067)
[Dev] item 철검 world=(43.9459, 0.0, 57.72351) screen=(557.7263, 316.5067)
[Kill] +1 xp (lv 15, 6/1162)
[Dev] item 엽전 world=(45.72351, 0.0, 55.9459) screen=(722.2737, 316.5067)
[Audio] 같은 순간 같은 큐 상한(3) 넘침 — hit ×3 · enemy_hurt ×3 (버림 누계 593)
[Audio] 같은 순간 같은 큐 상한(3) 넘침 — enemy_hurt ×1 (버림 누계 594)
[Audio] 같은 순간 같은 큐 상한(3) 넘침 — drop ×2 (버림 누계 596)
[Kill] +1 xp (lv 15, 7/1162)
[Dev] item 짚신 world=(43.16164, 0.0, 55.16626) screen=(639.7862, 227.2169)
[Audio] 같은 순간 같은 큐 상한(3) 넘침 — hit ×1 · enemy_hurt ×1 (버림 누계 598)
  · 칼바람 요약 — 바퀴 9(누른 동안 9) · 박자 0.300초 · 도력 18.0 · 맞힌 합 28 · 맞음 7/7 · 죽음 4 [&"slide", &"cleave"] · 앞으로 6.4u · 뗀 뒤 0.25초에 섬
[Talisman] 화염부 → 적 (45.41924, 0.0, 57.41924) (배율 1.28 · 아낌 false · 흩뿌리기 { "n": 3, "ratio": 0.4, "arc": 50.0, "radius_mult": 1.0, "grade": 0 })
[Kill] +1 xp (lv 15, 8/1162)
[Dev] item 식별부 world=(44.16354, 0.0, 57.7557) screen=(566.3091, 323.1825)
[Kill] +1 xp (lv 15, 9/1162)
  · 흩뿌리기 요약 — 장당 맞힌 수 [3, 1, 1] · 맞음 3/7 · 죽음 2 [&"ash"]
[Rain] 부적 비 화염부 × 6 → (44.5, 0.0, 56.5) 반경 4.00 · 한 장 배율 0.81 (아낌 0)
[Skill] 부적 비 → mp 38/50
[Kill] +1 xp (lv 15, 10/1162)
[Dev] item 엽전 world=(44.5, 0.0, 56.5) screen=(640.0, 298.6191)
[Kill] +1 xp (lv 15, 11/1162)
[Kill] +1 xp (lv 15, 12/1162)
[Dev] item 엽전 world=(44.16354, 0.0, 57.7557) screen=(566.3091, 323.1825)
[Dev] item 탕약 — 쌍화탕 world=(44.16354, 0.0, 57.7557) screen=(566.3091, 323.1825)
[Audio] 같은 순간 같은 큐 상한(3) 넘침 — enemy_hurt ×4 (버림 누계 602)
[Kill] +1 xp (lv 15, 13/1162)
[Dev] item 엽전 world=(45.75875, 0.0, 56.16658) screen=(713.6908, 323.3454)
[Dev] item 탕약 — 쌍화탕 world=(45.75875, 0.0, 56.16658) screen=(713.6908, 323.3454)
  · 부적 비 요약 — 6장 · 맞음 7/7 · 죽음 4 [&"ash"] · 버티는 몸 타는 중 3
E2E aoe_skills_2 PASS (검사 68)
[Audio] BGM town → town.ogg
[Save] level 못골 마을 → user://save_e2e.json (C:/Users/FORYOUCOM/AppData/Roaming/Godot/app_userdata/Joseon Hunters/wt/codex-558-combat-clock-trace/save_e2e.json)
[Dev] stairs DungeonEntrance dir=1 world=(0.0, 0.0, -31.0) screen=(2121.067, -492.4143)
[Dev] interact Merchant world=(5.4, 0.0, -2.4) screen=(1047.293, 368.0158)
[Dev] interact Shaman world=(-5.6, 0.0, 0.4) screen=(408.5833, 148.8999)
[Dev] interact Elder world=(2.0, 0.0, -5.6) screen=(1038.037, 191.6542)
[Dev] interact Jumo world=(7.1, 0.0, -1.4) screen=(1079.692, 440.1637)
[Dev] interact Waypoint world=(-4.2, 0.0, 2.2) screen=(390.0698, 234.4085)
E2E ▶ build_changers
[Dungeon] heukrang_gul 1층 lv=2 seed=403727558 gen 64x64 rooms=6 up=(44, 56) down=(7, 23) enemies=20 roster=bandit,bat,talisman_master elites=["방2:금색×3(깊이 0.50)"] named=-
[Quest] heukrang_gul 1층 — 싹쓸이 셈 시작 20 (heukrang_clear:none)
[Audio] BGM dungeon → dungeon_2.ogg
[Save] level 흑랑 굴 1층 → user://save_e2e.json (C:/Users/FORYOUCOM/AppData/Roaming/Godot/app_userdata/Joseon Hunters/wt/codex-558-combat-clock-trace/save_e2e.json)
[Dev] stairs StairsUp dir=-1 world=(44.5, 0.0, 56.5) screen=(593.7165, 335.9509)
[Dev] stairs StairsDown dir=1 world=(7.5, 0.0, 23.5) screen=(408.583, -1534.551)
[Dev] interact PusJar world=(29.5, 0.0, 42.5) screen=(547.433, -487.0705)
[Dev] interact @Area3D@52606 world=(14.5, 0.0, 24.5) screen=(686.2831, -1368.878)
[Dev] interact @Area3D@52607 world=(23.5, 0.0, 18.5) screen=(1380.534, -1288.714)
[Dev] interact LootChest world=(29.5, 0.0, 39.5) screen=(686.2831, -567.2349)
[Dev] interact @Area3D@52608 world=(40.5, 0.0, 38.5) screen=(1241.683, -300.0204)
[Dev] interact LootPot world=(21.5, 0.0, 43.5) screen=(130.8828, -674.1207)
[Dev] interact @Area3D@52609 world=(22.5, 0.0, 44.5) screen=(130.8829, -620.6779)
[Dev] interact @Area3D@52610 world=(19.5, 0.0, 9.5) screen=(1611.95, -1636.093)
[Dev] interact @Area3D@52611 world=(20.5, 0.0, 9.5) screen=(1658.234, -1609.372)
[Dev] interact @Area3D@52612 world=(44.5, 0.0, 51.5) screen=(825.1333, 154.2443)
[Dev] interact @Area3D@52613 world=(44.5, 0.0, 52.5) screen=(778.8499, 180.9657)
[Dev] interact @Area3D@52614 world=(21.5, 0.0, 39.5) screen=(316.0163, -781.0065)
[Dev] removed 20 enemies
  · 무대 = 한가운데 (44.5, 0.0, 56.5) · 도호 (47.32843, 0.0, 59.32843) (화면 아래 4.0u) · 트임 4.0
[Kill] +2 xp (lv 12, 2/831)
[Save] quest → user://save_e2e.json (C:/Users/FORYOUCOM/AppData/Roaming/Godot/app_userdata/Joseon Hunters/wt/codex-558-combat-clock-trace/save_e2e.json)
[Quest] heukrang_clear 싹쓸이 완료 (none → killed)
  · 처형 — 죽음 cleave/cleave · 면 h
[Kill] +2 xp (lv 12, 4/831)
[Dev] item 엽전 world=(46.55061, 0.0, 58.55061) screen=(640.0002, 393.0937)
[Dev] item 무명띠 world=(46.55061, 0.0, 58.55061) screen=(640.0002, 393.0937)
[Dev] item 식별부 world=(46.55061, 0.0, 58.55061) screen=(640.0002, 393.0937)
[Kill] +2 xp (lv 12, 6/831)
[Dev] item 엽전 world=(46.55061, 0.0, 58.55061) screen=(640.0002, 393.0937)
[Kill] +2 xp (lv 12, 8/831)
[Dev] item 엽전 world=(46.55061, 0.0, 58.55061) screen=(640.0002, 393.0937)
[Dev] item 짚신 world=(46.55061, 0.0, 58.55061) screen=(640.0002, 393.0937)
[Kill] +2 xp (lv 12, 10/831)
[Dev] item 엽전 world=(46.55061, 0.0, 58.55061) screen=(640.0002, 393.0937)
[Dev] item 미식별 목검 world=(46.55061, 0.0, 58.55061) screen=(640.0002, 393.0937)
[Kill] +2 xp (lv 12, 12/831)
[Dev] item 엽전 world=(46.55061, 0.0, 58.55061) screen=(640.0002, 393.0937)
[Kill] +2 xp (lv 12, 14/831)
[Dev] item 엽전 world=(46.55061, 0.0, 58.55061) screen=(640.0002, 393.0937)
[Dev] item 짚신 world=(46.55061, 0.0, 58.55061) screen=(640.0002, 393.0937)
[Dev] item 탕약 — 쌍화탕 world=(46.55061, 0.0, 58.55061) screen=(640.0002, 393.0937)
[Kill] +2 xp (lv 12, 16/831)
[Dev] item 엽전 world=(46.55061, 0.0, 58.55061) screen=(640.0002, 393.0937)
[Dev] item 탕약 — 쌍화탕 world=(46.55061, 0.0, 58.55061) screen=(640.0002, 393.0937)
[Kill] +2 xp (lv 12, 18/831)
[Dev] item 묵함 world=(46.55061, 0.0, 58.55061) screen=(640.0002, 393.0937)
  · 망나니 칼 요약 — 대조 환도 남은 생명 129 · 처형 한 대 · 두 동강 4/8
[Kill] +2 xp (lv 12, 20/831)
[Dev] item 철검 world=(46.57777, 0.0, 58.5523) screen=(641.1794, 393.8646)
[Dev] item 화염부 world=(46.57777, 0.0, 58.5523) screen=(641.1794, 393.8646)
[Kill] +2 xp (lv 12, 22/831)
[Dev] item 철검 world=(46.57777, 0.0, 58.5523) screen=(641.1794, 393.8646)
[Dev] item 화염부 world=(46.57777, 0.0, 58.5523) screen=(641.1794, 393.8646)
[Kill] +2 xp (lv 12, 24/831)
[Dev] item 엽전 world=(46.54073, 0.0, 57.75933) screen=(676.166, 371.6855)
[Dev] item 미식별 무명띠 world=(46.54073, 0.0, 57.75933) screen=(676.166, 371.6855)
[Kill] +2 xp (lv 12, 26/831)
[Dev] item 미식별 짚신 world=(45.87553, 0.0, 58.50857) screen=(610.701, 373.9312)
[Dev] item 탕약 — 쌍화탕 world=(45.87553, 0.0, 58.50857) screen=(610.701, 373.9312)
[Kill] +2 xp (lv 12, 28/831)
[Dev] item 엽전 world=(44.89857, 0.0, 58.31009) screen=(574.6705, 342.5219)
[Dev] item 무명옷 world=(44.89857, 0.0, 58.31009) screen=(574.6705, 342.5219)
[Audio] 같은 순간 같은 큐 상한(3) 넘침 — drop ×1 (버림 누계 603)
[Kill] +2 xp (lv 12, 30/831)
[Dev] item 엽전 world=(44.58059, 0.0, 57.36199) screen=(603.8344, 308.6904)
[Dev] item 패랭이 world=(44.58059, 0.0, 57.36199) screen=(603.8344, 308.6904)
[Kill] +2 xp (lv 12, 32/831)
[Dev] item 탕약 — 쌍화탕 world=(45.24268, 0.0, 56.61256) screen=(669.164, 306.3565)
[Kill] +2 xp (lv 12, 34/831)
  · 도깨비불 요약 — 첫 불씨 3 · 무리 재 6/6
[Skill] 회오리베기 → mp 122/130
[Audio] 같은 순간 같은 큐 상한(3) 넘침 — hit ×3 · enemy_hurt ×3 (버림 누계 609)
[Skill] 회오리베기 → mp 122/130
[Audio] 같은 순간 같은 큐 상한(3) 넘침 — hit ×3 · enemy_hurt ×3 (버림 누계 615)
[Skill] 회오리베기 → mp 121/130
[Audio] 같은 순간 같은 큐 상한(3) 넘침 — enemy_hurt ×3 · hit ×2 (버림 누계 620)
[Skill] 회오리베기 → mp 121/130
[Audio] 같은 순간 같은 큐 상한(3) 넘침 — hit ×3 · enemy_hurt ×3 (버림 누계 626)
[Audio] 같은 순간 같은 큐 상한(3) 넘침 — hit ×3 · enemy_hurt ×3 (버림 누계 632)
  · 이무기 비늘 요약 — 3점 반경 2.50 → 3.50 · 5점 바퀴 1 → 2
[Skill] 도약 베기 → mp 121/130
[Audio] 같은 순간 같은 큐 상한(3) 넘침 — hit ×3 · enemy_hurt ×3 (버림 누계 638)
[Skill] 도약 베기 → mp 121/130
[Audio] 같은 순간 같은 큐 상한(3) 넘침 — hit ×3 · enemy_hurt ×3 (버림 누계 644)
[Seal] 부적 진 화염부 → (42.9, 0.0, 56.5) 반경 2.00 · 6.0초 · 굴림 3.7~5.6 (아낌 false)
[Skill] 부적 진 → mp 124/130
[Seal] 부적 진 화염부 → (44.5, 0.0, 56.5) 반경 2.00 · 6.0초 · 굴림 3.7~5.6 (아낌 false)
[Skill] 부적 진 → mp 124/130
[Seal] 부적 진 화염부 → (46.1, 0.0, 56.5) 반경 2.00 · 6.0초 · 굴림 3.7~5.6 (아낌 false)
[Skill] 부적 진 → mp 124/130
[Seal] 부적 진 화염부 → (42.9, 0.0, 56.5) 반경 2.00 · 6.0초 · 굴림 4.4~6.6 (아낌 false)
[Skill] 부적 진 → mp 144/150
[Seal] 부적 진 화염부 → (44.5, 0.0, 56.5) 반경 2.00 · 6.0초 · 굴림 4.4~6.6 (아낌 false)
[Skill] 부적 진 → mp 144/150
[Seal] 부적 진 화염부 → (46.1, 0.0, 56.5) 반경 2.00 · 6.0초 · 굴림 4.4~6.6 (아낌 false)
[Skill] 부적 진 → mp 144/150
  · 사인참사검 요약 — 진 셋 쳐서 선 수: 사인검 2 → 사인참사검 3
[Skill] 참격 → mp 126/130
[Skill] 참격 → mp 126/130
  · 본국검 요약 — 맞은 수 보통 [1, 0, 0, 0] → 검기 [1, 1, 1, 1] · 검기 길이 6.8
E2E build_changers PASS (검사 88)
[Audio] BGM town → town.ogg
[Save] level 못골 마을 → user://save_e2e.json (C:/Users/FORYOUCOM/AppData/Roaming/Godot/app_userdata/Joseon Hunters/wt/codex-558-combat-clock-trace/save_e2e.json)
[Dev] stairs DungeonEntrance dir=1 world=(0.0, 0.0, -31.0) screen=(2121.067, -492.4143)
[Dev] interact Merchant world=(5.4, 0.0, -2.4) screen=(1047.293, 368.0158)
[Dev] interact Shaman world=(-5.6, 0.0, 0.4) screen=(408.5833, 148.8999)
[Dev] interact Elder world=(2.0, 0.0, -5.6) screen=(1038.037, 191.6542)
[Dev] interact Jumo world=(7.1, 0.0, -1.4) screen=(1079.692, 440.1637)
[Dev] interact Waypoint world=(-4.2, 0.0, 2.2) screen=(390.0698, 234.4085)
E2E ▶ dungeon_layout
[Dungeon] heukrang_gul 1층 lv=2 seed=403727558 gen 64x64 rooms=6 up=(44, 56) down=(7, 23) enemies=20 roster=bandit,bat,talisman_master elites=["방2:금색×3(깊이 0.50)"] named=-
[Quest] heukrang_gul 1층 — 싹쓸이 셈 시작 20 (heukrang_clear:none)
[Audio] BGM dungeon → dungeon_3.ogg
[Save] level 흑랑 굴 1층 → user://save_e2e.json (C:/Users/FORYOUCOM/AppData/Roaming/Godot/app_userdata/Joseon Hunters/wt/codex-558-combat-clock-trace/save_e2e.json)
[Dev] stairs StairsUp dir=-1 world=(44.5, 0.0, 56.5) screen=(593.7165, 335.9509)
[Dev] stairs StairsDown dir=1 world=(7.5, 0.0, 23.5) screen=(408.583, -1534.551)
[Dev] interact PusJar world=(29.5, 0.0, 42.5) screen=(547.433, -487.0705)
[Dev] interact @Area3D@53172 world=(14.5, 0.0, 24.5) screen=(686.2831, -1368.878)
[Dev] interact @Area3D@53173 world=(23.5, 0.0, 18.5) screen=(1380.534, -1288.714)
[Dev] interact LootChest world=(29.5, 0.0, 39.5) screen=(686.2831, -567.2349)
[Dev] interact @Area3D@53174 world=(40.5, 0.0, 38.5) screen=(1241.683, -300.0204)
[Dev] interact LootPot world=(21.5, 0.0, 43.5) screen=(130.8828, -674.1207)
[Dev] interact @Area3D@53175 world=(22.5, 0.0, 44.5) screen=(130.8829, -620.6779)
[Dev] interact @Area3D@53176 world=(19.5, 0.0, 9.5) screen=(1611.95, -1636.093)
[Dev] interact @Area3D@53177 world=(20.5, 0.0, 9.5) screen=(1658.234, -1609.372)
[Dev] interact @Area3D@53178 world=(44.5, 0.0, 51.5) screen=(825.1333, 154.2443)
[Dev] interact @Area3D@53179 world=(44.5, 0.0, 52.5) screen=(778.8499, 180.9657)
[Dev] interact @Area3D@53180 world=(21.5, 0.0, 39.5) screen=(316.0163, -781.0065)
  · 1층 격자 64x64 · 방 6 (한 변 8~14) · 걷는 칸 882(복도 126) · 적 20 { "bandit": 15, "bat": 5 } · 보스 0 · 횃불 48 · 소품 9
  · 1층 모양 갈래 { "bandit_v2": 7, "bandit_v2_dagger": 8 } · 두 갈래가 같이 있는 방 4곳 [1, 2, 4, 5]
[Dungeon] heukrang_gul 2층 lv=3 seed=3189434797 preset 28x28 rooms=2 up=(22, 23) down=(-1, -1) enemies=2 roster=bat elites=[] named=-
[Audio] BGM boss → boss.ogg
[Save] level 흑랑 굴 2층 → user://save_e2e.json (C:/Users/FORYOUCOM/AppData/Roaming/Godot/app_userdata/Joseon Hunters/wt/codex-558-combat-clock-trace/save_e2e.json)
[Dev] stairs StairsUp dir=-1 world=(22.5, 0.0, 23.5) screen=(593.7167, 335.9507)
  · 2층 격자 28x28 · 방 2 (한 변 7~14) · 걷는 칸 274(복도 45) · 적 2 { "bat": 2 } · 보스 1 · 횃불 16 · 소품 2
  · 2층 모양 갈래 {  } · 두 갈래가 같이 있는 방 0곳 []
[Dungeon] heukrang_gul 1층 lv=2 seed=403727558 gen 64x64 rooms=6 up=(44, 56) down=(7, 23) enemies=20 roster=bandit,bat,talisman_master elites=["방2:금색×3(깊이 0.50)"] named=-
[Quest] heukrang_gul 1층 — 싹쓸이 셈 시작 23 (heukrang_clear:none)
[Audio] BGM dungeon → dungeon_4.ogg
[Save] level 흑랑 굴 1층 → user://save_e2e.json (C:/Users/FORYOUCOM/AppData/Roaming/Godot/app_userdata/Joseon Hunters/wt/codex-558-combat-clock-trace/save_e2e.json)
[Dev] stairs StairsUp dir=-1 world=(44.5, 0.0, 56.5) screen=(778.8501, 2206.452)
[Dev] stairs StairsDown dir=1 world=(7.5, 0.0, 23.5) screen=(593.7167, 335.9507)
[Dev] interact PusJar world=(29.5, 0.0, 42.5) screen=(732.5667, 1383.431)
[Dev] interact @Area3D@53432 world=(14.5, 0.0, 24.5) screen=(871.4167, 501.623)
[Dev] interact @Area3D@53433 world=(23.5, 0.0, 18.5) screen=(1565.667, 581.7873)
[Dev] interact LootChest world=(29.5, 0.0, 39.5) screen=(871.4168, 1303.267)
[Dev] interact @Area3D@53434 world=(40.5, 0.0, 38.5) screen=(1426.817, 1570.481)
[Dev] interact LootPot world=(21.5, 0.0, 43.5) screen=(316.0165, 1196.381)
[Dev] interact @Area3D@53435 world=(22.5, 0.0, 44.5) screen=(316.0165, 1249.824)
[Dev] interact @Area3D@53436 world=(19.5, 0.0, 9.5) screen=(1797.084, 234.4085)
[Dev] interact @Area3D@53437 world=(20.5, 0.0, 9.5) screen=(1843.367, 261.13)
[Dev] interact @Area3D@53438 world=(44.5, 0.0, 51.5) screen=(1010.267, 2024.746)
[Dev] interact @Area3D@53439 world=(44.5, 0.0, 52.5) screen=(963.9835, 2051.467)
[Dev] interact @Area3D@53440 world=(21.5, 0.0, 39.5) screen=(501.15, 1089.495)
[Audio] 같은 순간 같은 큐 상한(3) 넘침 — bat_attack ×1 (버림 누계 645)
[Audio] 같은 순간 같은 큐 상한(3) 넘침 — bat_attack ×1 (버림 누계 646)
E2E dungeon_layout PASS (검사 34)
[Audio] BGM town → town.ogg
[Save] level 못골 마을 → user://save_e2e.json (C:/Users/FORYOUCOM/AppData/Roaming/Godot/app_userdata/Joseon Hunters/wt/codex-558-combat-clock-trace/save_e2e.json)
[Dev] stairs DungeonEntrance dir=1 world=(0.0, 0.0, -31.0) screen=(2121.067, -492.4143)
[Dev] interact Merchant world=(5.4, 0.0, -2.4) screen=(1047.293, 368.0158)
[Dev] interact Shaman world=(-5.6, 0.0, 0.4) screen=(408.5833, 148.8999)
[Dev] interact Elder world=(2.0, 0.0, -5.6) screen=(1038.037, 191.6542)
[Dev] interact Jumo world=(7.1, 0.0, -1.4) screen=(1079.692, 440.1637)
[Dev] interact Waypoint world=(-4.2, 0.0, 2.2) screen=(390.0698, 234.4085)
E2E ▶ beomgul_walk
[Field] jeongnyeongjae seed=3599041059 128x176 props=2821 packs=13 enemies=72 waypoint=(61, 66) roster=hwajeok,vampire_bat,lightning_master | hwajeok,hollin_yeogung_bow,gaekgwi elites=["8:금색×3@구간2", "10:금색×3@구간3"]
[Audio] BGM dungeon → dungeon_3.ogg
[Save] level 정령재 → user://save_e2e.json (C:/Users/FORYOUCOM/AppData/Roaming/Godot/app_userdata/Joseon Hunters/wt/codex-558-combat-clock-trace/save_e2e.json)
[Dev] stairs Down_cave dir=1 world=(60.5, 0.0, 3.5) screen=(825.1336, 255.7865)
[Dev] stairs Down_mine dir=1 world=(125.5, 0.0, 70.5) screen=(732.5671, 3783.018)
[Dev] interact Waypoint world=(61.5, 0.0, 66.5) screen=(-2044.434, 1917.86)
[Dev] interact LootChest world=(5.5, 0.0, 141.5) screen=(-8107.554, 2425.568)
[Dev] interact @Area3D@54973 world=(26.5, 0.0, 123.5) screen=(-6302.504, 2505.732)
[Dev] interact @Area3D@54974 world=(61.5, 0.0, 88.5) screen=(-3062.668, 2505.732)
[Dev] interact @Area3D@54975 world=(82.5, 0.0, 48.5) screen=(-239.3836, 1998.024)
[Dev] interact LootPot world=(70.5, 0.0, 9.5) screen=(1010.267, 635.2303)
[Dev] interact @Area3D@54976 world=(59.5, 0.0, 82.5) screen=(-2877.535, 2291.96)
[Dev] interact @Area3D@54977 world=(39.5, 0.0, 58.5) screen=(-2692.401, 1116.216)
[Dev] interact @Area3D@54978 world=(32.5, 0.0, 37.5) screen=(-2044.434, 368.0158)
[Dev] interact @Area3D@54979 world=(30.5, 0.0, 123.5) screen=(-6117.37, 2612.618)
[Dev] interact @Area3D@54980 world=(96.5, 0.0, 125.5) screen=(-3155.235, 4429.677)
[Dev] interact @Area3D@54981 world=(89.5, 0.0, 59.5) screen=(-424.517, 2479.01)
[Dev] interact @Area3D@54982 world=(22.5, 0.0, 41.5) screen=(-2692.401, 207.6872)
[Dev] interact @Area3D@54983 world=(56.5, 0.0, 51.5) screen=(-1581.601, 1383.431)
[Dev] interact @Area3D@54984 world=(7.5, 0.0, 142.5) screen=(-8061.271, 2505.732)
[Dev] interact @Area3D@54985 world=(101.5, 0.0, 72.5) screen=(-470.8004, 3147.047)
[Dev] interact @Area3D@54986 world=(77.5, 0.0, 34.5) screen=(177.1666, 1490.317)
[Dev] removed 72 enemies
[Click] world=(60.5, 0.0, 3.5) cell=(60, 3)
[Dungeon] beomgul 1층 lv=5 seed=3470036558 gen 64x64 rooms=10 up=(52, 51) down=(7, 7) enemies=41 roster=hwajeok,vampire_bat,spider elites=["방8:파란×3(깊이 0.63)"] named=-
[Save] level 범굴 1층 → user://save_e2e.json (C:/Users/FORYOUCOM/AppData/Roaming/Godot/app_userdata/Joseon Hunters/wt/codex-558-combat-clock-trace/save_e2e.json)
[Dev] stairs StairsUp dir=-1 world=(52.5, 0.0, 51.5) screen=(593.7166, 335.951)
[Dev] stairs StairsDown dir=1 world=(7.5, 0.0, 7.5) screen=(547.4335, -2042.258)
[Dev] interact LootChest world=(56.5, 0.0, 56.5) screen=(547.4333, 528.3447)
[Dev] interact @Area3D@55233 world=(47.5, 0.0, 34.5) screen=(1149.117, -300.0203)
[Dev] interact LootPot world=(25.5, 0.0, 15.5) screen=(1010.267, -1395.6)
[Dev] interact @Area3D@55234 world=(24.5, 0.0, 16.5) screen=(917.7001, -1395.6)
[Dev] interact @Area3D@55235 world=(24.5, 0.0, 15.5) screen=(963.9833, -1422.321)
[Dev] interact @Area3D@55236 world=(32.5, 0.0, 60.5) screen=(-748.5005, -6.084366)
[Dev] interact @Area3D@55237 world=(7.5, 0.0, 60.5) screen=(-1905.584, -674.1207)
[Dev] interact @Area3D@55238 world=(8.5, 0.0, 61.5) screen=(-1905.585, -620.6777)
[Dev] interact @Area3D@55239 world=(20.5, 0.0, 43.5) screen=(-517.084, -781.0064)
[Dev] interact @Area3D@55240 world=(56.5, 0.0, 23.5) screen=(2074.784, -353.4632)
[Dev] interact @Area3D@55241 world=(48.5, 0.0, 48.5) screen=(547.4333, 100.8015)
[Dev] interact @Area3D@55242 world=(48.5, 0.0, 49.5) screen=(501.1499, 127.5229)
  · 1층 64x64 · 적 41 · 명단 ["hwajeok", "vampire_bat", "spider"] · 장식 ["Rock 55", "RuinStone 68", "Bones 20", "Fur 12"] · 정예 자리 1
[Dungeon] beomgul 2층 lv=6 seed=2703187923 gen 64x64 rooms=7 up=(13, 7) down=(17, 55) enemies=22 roster=hwajeok,vampire_bat,spider elites=["방3:파란×4(깊이 0.60)"] named=-
[Save] level 범굴 2층 → user://save_e2e.json (C:/Users/FORYOUCOM/AppData/Roaming/Godot/app_userdata/Joseon Hunters/wt/codex-558-combat-clock-trace/save_e2e.json)
[Dev] stairs StairsUp dir=-1 world=(13.5, 0.0, 7.5) screen=(593.7167, 335.9507)
[Dev] stairs StairsDown dir=1 world=(17.5, 0.0, 55.5) screen=(-1442.751, 1725.466)
[Dev] interact LootChest world=(30.5, 0.0, 31.5) screen=(269.7332, 1383.431)
[Dev] interact @Area3D@55438 world=(50.5, 0.0, 50.5) screen=(316.0165, 2425.567)
[Dev] interact LootPot world=(11.5, 0.0, 52.5) screen=(-1581.601, 1436.874)
[Dev] interact @Area3D@55439 world=(29.5, 0.0, 40.5) screen=(-193.1004, 1597.202)
[Dev] interact @Area3D@55440 world=(29.5, 0.0, 39.5) screen=(-146.817, 1570.481)
[Dev] interact @Area3D@55441 world=(40.5, 0.0, 29.5) screen=(825.1334, 1597.203)
[Dev] interact @Area3D@55442 world=(41.5, 0.0, 29.5) screen=(871.4167, 1623.924)
[Dev] interact @Area3D@55443 world=(13.5, 0.0, 32.5) screen=(-563.3672, 955.8877)
[Dev] interact @Area3D@55444 world=(14.5, 0.0, 31.5) screen=(-470.8005, 955.8877)
  · 2층 64x64 · 적 22 · 명단 ["hwajeok", "vampire_bat", "spider"] · 장식 ["Rock 40", "RuinStone 54", "Bones 22", "Fur 16"] · 정예 자리 1
[Dungeon] beomgul 3층 lv=6 seed=3376041942 preset 32x30 rooms=2 up=(26, 24) down=(-1, -1) enemies=0 roster= elites=[] named=-
[Audio] BGM boss → boss.ogg
[Save] level 범굴 3층 → user://save_e2e.json (C:/Users/FORYOUCOM/AppData/Roaming/Godot/app_userdata/Joseon Hunters/wt/codex-558-combat-clock-trace/save_e2e.json)
[Dev] stairs StairsUp dir=-1 world=(26.5, 0.0, 24.5) screen=(593.7167, 335.9507)
  · 3층 32x30 · 적 0 · 명단 [] · 장식 ["Rock 12", "RuinStone 16", "Bones 9", "Fur 3"] · 정예 자리 0
[Dungeon] beomgul 2층 lv=6 seed=2703187923 gen 64x64 rooms=7 up=(13, 7) down=(17, 55) enemies=22 roster=hwajeok,vampire_bat,spider elites=["방3:파란×4(깊이 0.60)"] named=-
[Audio] BGM dungeon → dungeon_1.ogg
[Save] level 범굴 2층 → user://save_e2e.json (C:/Users/FORYOUCOM/AppData/Roaming/Godot/app_userdata/Joseon Hunters/wt/codex-558-combat-clock-trace/save_e2e.json)
[Dev] stairs StairsUp dir=-1 world=(13.5, 0.0, 7.5) screen=(2630.184, -1053.565)
[Dev] stairs StairsDown dir=1 world=(17.5, 0.0, 55.5) screen=(593.7165, 335.9509)
[Dev] interact LootChest world=(30.5, 0.0, 31.5) screen=(2306.201, -6.084366)
[Dev] interact @Area3D@55716 world=(50.5, 0.0, 50.5) screen=(2352.484, 1036.052)
[Dev] interact LootPot world=(11.5, 0.0, 52.5) screen=(454.8664, 47.3585)
[Dev] interact @Area3D@55717 world=(29.5, 0.0, 40.5) screen=(1843.367, 207.6872)
[Dev] interact @Area3D@55718 world=(29.5, 0.0, 39.5) screen=(1889.65, 180.9657)
[Dev] interact @Area3D@55719 world=(40.5, 0.0, 29.5) screen=(2861.601, 207.6871)
[Dev] interact @Area3D@55720 world=(41.5, 0.0, 29.5) screen=(2907.884, 234.4085)
[Dev] interact @Area3D@55721 world=(13.5, 0.0, 32.5) screen=(1473.1, -433.6277)
[Dev] interact @Area3D@55722 world=(14.5, 0.0, 31.5) screen=(1565.667, -433.6276)
[Dungeon] beomgul 1층 lv=5 seed=3470036558 gen 64x64 rooms=10 up=(52, 51) down=(7, 7) enemies=41 roster=hwajeok,vampire_bat,spider elites=["방8:파란×3(깊이 0.63)"] named=-
[Save] level 범굴 1층 → user://save_e2e.json (C:/Users/FORYOUCOM/AppData/Roaming/Godot/app_userdata/Joseon Hunters/wt/codex-558-combat-clock-trace/save_e2e.json)
[Dev] stairs StairsUp dir=-1 world=(52.5, 0.0, 51.5) screen=(640.0, 2714.16)
[Dev] stairs StairsDown dir=1 world=(7.5, 0.0, 7.5) screen=(593.7167, 335.9507)
[Dev] interact LootChest world=(56.5, 0.0, 56.5) screen=(593.7166, 2906.554)
[Dev] interact @Area3D@55969 world=(47.5, 0.0, 34.5) screen=(1195.4, 2078.188)
[Dev] interact LootPot world=(25.5, 0.0, 15.5) screen=(1056.55, 982.6092)
[Dev] interact @Area3D@55970 world=(24.5, 0.0, 16.5) screen=(963.9835, 982.6092)
[Dev] interact @Area3D@55971 world=(24.5, 0.0, 15.5) screen=(1010.267, 955.8877)
[Dev] interact @Area3D@55972 world=(32.5, 0.0, 60.5) screen=(-702.2174, 2372.125)
[Dev] interact @Area3D@55973 world=(7.5, 0.0, 60.5) screen=(-1859.301, 1704.088)
[Dev] interact @Area3D@55974 world=(8.5, 0.0, 61.5) screen=(-1859.301, 1757.531)
[Dev] interact @Area3D@55975 world=(20.5, 0.0, 43.5) screen=(-470.8005, 1597.203)
[Dev] interact @Area3D@55976 world=(56.5, 0.0, 23.5) screen=(2121.067, 2024.746)
[Dev] interact @Area3D@55977 world=(48.5, 0.0, 48.5) screen=(593.7166, 2479.01)
[Dev] interact @Area3D@55978 world=(48.5, 0.0, 49.5) screen=(547.4332, 2505.732)
[Audio] 같은 순간 같은 큐 상한(3) 넘침 — bat_attack ×1 (버림 누계 647)
[Field] jeongnyeongjae seed=3599041059 128x176 props=2821 packs=13 enemies=72 waypoint=(61, 66) roster=hwajeok,vampire_bat,lightning_master | hwajeok,hollin_yeogung_bow,gaekgwi elites=["8:금색×3@구간2", "10:금색×3@구간3"]
[Save] level 정령재 → user://save_e2e.json (C:/Users/FORYOUCOM/AppData/Roaming/Godot/app_userdata/Joseon Hunters/wt/codex-558-combat-clock-trace/save_e2e.json)
[Dev] stairs Down_cave dir=1 world=(60.5, 0.0, 3.5) screen=(825.1336, 255.7865)
[Dev] stairs Down_mine dir=1 world=(125.5, 0.0, 70.5) screen=(732.5671, 3783.018)
[Dev] interact Waypoint world=(61.5, 0.0, 66.5) screen=(-2044.434, 1917.86)
[Dev] interact LootChest world=(5.5, 0.0, 141.5) screen=(-8107.554, 2425.568)
[Dev] interact @Area3D@57351 world=(26.5, 0.0, 123.5) screen=(-6302.504, 2505.732)
[Dev] interact @Area3D@57352 world=(61.5, 0.0, 88.5) screen=(-3062.668, 2505.732)
[Dev] interact @Area3D@57353 world=(82.5, 0.0, 48.5) screen=(-239.3836, 1998.024)
[Dev] interact LootPot world=(70.5, 0.0, 9.5) screen=(1010.267, 635.2303)
[Dev] interact @Area3D@57354 world=(59.5, 0.0, 82.5) screen=(-2877.535, 2291.96)
[Dev] interact @Area3D@57355 world=(39.5, 0.0, 58.5) screen=(-2692.401, 1116.216)
[Dev] interact @Area3D@57356 world=(32.5, 0.0, 37.5) screen=(-2044.434, 368.0158)
[Dev] interact @Area3D@57357 world=(30.5, 0.0, 123.5) screen=(-6117.37, 2612.618)
[Dev] interact @Area3D@57358 world=(96.5, 0.0, 125.5) screen=(-3155.235, 4429.677)
[Dev] interact @Area3D@57359 world=(89.5, 0.0, 59.5) screen=(-424.517, 2479.01)
[Dev] interact @Area3D@57360 world=(22.5, 0.0, 41.5) screen=(-2692.401, 207.6872)
[Dev] interact @Area3D@57361 world=(56.5, 0.0, 51.5) screen=(-1581.601, 1383.431)
[Dev] interact @Area3D@57362 world=(7.5, 0.0, 142.5) screen=(-8061.271, 2505.732)
[Dev] interact @Area3D@57363 world=(101.5, 0.0, 72.5) screen=(-470.8004, 3147.047)
[Dev] interact @Area3D@57364 world=(77.5, 0.0, 34.5) screen=(177.1666, 1490.317)
E2E beomgul_walk PASS (검사 46)
[Audio] BGM town → town.ogg
[Save] level 못골 마을 → user://save_e2e.json (C:/Users/FORYOUCOM/AppData/Roaming/Godot/app_userdata/Joseon Hunters/wt/codex-558-combat-clock-trace/save_e2e.json)
[Dev] stairs DungeonEntrance dir=1 world=(0.0, 0.0, -31.0) screen=(2121.067, -492.4143)
[Dev] interact Merchant world=(5.4, 0.0, -2.4) screen=(1047.293, 368.0158)
[Dev] interact Shaman world=(-5.6, 0.0, 0.4) screen=(408.5833, 148.8999)
[Dev] interact Elder world=(2.0, 0.0, -5.6) screen=(1038.037, 191.6542)
[Dev] interact Jumo world=(7.1, 0.0, -1.4) screen=(1079.692, 440.1637)
[Dev] interact Waypoint world=(-4.2, 0.0, 2.2) screen=(390.0698, 234.4085)
E2E ▶ mine_walk
[Field] jeongnyeongjae seed=3599041059 128x176 props=2821 packs=13 enemies=72 waypoint=(61, 66) roster=hwajeok,vampire_bat,lightning_master | hwajeok,hollin_yeogung_bow,gaekgwi elites=["8:금색×3@구간2", "10:금색×3@구간3"]
[Audio] BGM dungeon → dungeon_2.ogg
[Save] level 정령재 → user://save_e2e.json (C:/Users/FORYOUCOM/AppData/Roaming/Godot/app_userdata/Joseon Hunters/wt/codex-558-combat-clock-trace/save_e2e.json)
[Dev] stairs Down_cave dir=1 world=(60.5, 0.0, 3.5) screen=(917.7001, -3057.673)
[Dev] stairs Down_mine dir=1 world=(125.5, 0.0, 70.5) screen=(825.1334, 469.5583)
[Dev] interact Waypoint world=(61.5, 0.0, 66.5) screen=(-1951.868, -1395.6)
[Dev] interact LootChest world=(5.5, 0.0, 141.5) screen=(-8014.987, -887.8924)
[Dev] interact @Area3D@58894 world=(26.5, 0.0, 123.5) screen=(-6209.937, -807.7277)
[Dev] interact @Area3D@58895 world=(61.5, 0.0, 88.5) screen=(-2970.102, -807.7279)
[Dev] interact @Area3D@58896 world=(82.5, 0.0, 48.5) screen=(-146.8171, -1315.435)
[Dev] interact LootPot world=(70.5, 0.0, 9.5) screen=(1102.833, -2678.229)
[Dev] interact @Area3D@58897 world=(59.5, 0.0, 82.5) screen=(-2784.968, -1021.499)
[Dev] interact @Area3D@58898 world=(39.5, 0.0, 58.5) screen=(-2599.834, -2197.243)
[Dev] interact @Area3D@58899 world=(32.5, 0.0, 37.5) screen=(-1951.868, -2945.444)
[Dev] interact @Area3D@58900 world=(30.5, 0.0, 123.5) screen=(-6024.804, -700.8422)
[Dev] interact @Area3D@58901 world=(96.5, 0.0, 125.5) screen=(-3062.668, 1116.217)
[Dev] interact @Area3D@58902 world=(89.5, 0.0, 59.5) screen=(-331.9504, -834.4492)
[Dev] interact @Area3D@58903 world=(22.5, 0.0, 41.5) screen=(-2599.835, -3105.772)
[Dev] interact @Area3D@58904 world=(56.5, 0.0, 51.5) screen=(-1489.035, -1930.029)
[Dev] interact @Area3D@58905 world=(7.5, 0.0, 142.5) screen=(-7968.704, -807.7279)
[Dev] interact @Area3D@58906 world=(101.5, 0.0, 72.5) screen=(-378.2339, -166.413)
[Dev] interact @Area3D@58907 world=(77.5, 0.0, 34.5) screen=(269.733, -1823.143)
[Dev] removed 72 enemies
[Click] world=(125.5, 0.0, 70.5) cell=(125, 70)
[Dungeon] soeburi 1층 lv=7 seed=2076465379 gen 64x64 rooms=6 up=(10, 55) down=(55, 10) enemies=20 roster=plague_miner,cave_bat,soemeogi elites=["방4:금색×3(깊이 0.50)"] named=-
[Save] level 쇠부리 폐광 1층 → user://save_e2e.json (C:/Users/FORYOUCOM/AppData/Roaming/Godot/app_userdata/Joseon Hunters/wt/codex-558-combat-clock-trace/save_e2e.json)
[Dev] stairs StairsUp dir=-1 world=(10.5, 0.0, 55.5) screen=(593.7165, 335.9509)
[Dev] stairs StairsDown dir=1 world=(55.5, 0.0, 10.5) screen=(4759.218, 335.9509)
[Dev] interact LootChest world=(42.5, 0.0, 31.5) screen=(3185.584, 501.6231)
[Dev] interact @Area3D@59079 world=(59.5, 0.0, 15.5) screen=(4712.935, 528.3446)
[Dev] interact @Area3D@59080 world=(49.5, 0.0, 19.5) screen=(4064.968, 368.0158)
[Dev] interact LootPot world=(22.5, 0.0, 36.5) screen=(2028.5, 100.8014)
[Dev] interact @Area3D@59081 world=(22.5, 0.0, 37.5) screen=(1982.217, 127.5229)
[Dev] interact @Area3D@59082 world=(60.5, 0.0, 7.5) screen=(5129.485, 341.2944)
[Dev] interact @Area3D@59083 world=(59.5, 0.0, 6.5) screen=(5129.485, 287.8515)
[Dev] interact @Area3D@59084 world=(38.5, 0.0, 23.5) screen=(3370.718, 180.9658)
[Dev] interact @Area3D@59085 world=(39.5, 0.0, 23.5) screen=(3417.001, 207.6872)
[Dev] interact @Area3D@59086 world=(37.5, 0.0, 23.5) screen=(3324.434, 154.2443)
  · 1층 64x64 · 적 20 · 명단 ["plague_miner", "cave_bat", "soemeogi"] · 장식 { "Crate": 2, "Woodpile": 2, "SlagHeap": 1, "Slag": 34, "RuinStone": 17, "Bones": 9, "Timber": 20, "Chain": 3, "ChainFloor": 3, "Rail": 27, "OreCart": 1 } · 정예 자리 1 · 네임드 (-1, -1)
[Dungeon] soeburi 2층 lv=8 seed=212727641 gen 64x64 rooms=8 up=(15, 24) down=(52, 52) enemies=27 roster=plague_miner,soemeogi,yacha,nachalnyeo elites=["방2:파란×3(깊이 0.50)", "방3:금색×3(깊이 0.33)"] named=방4 (50, 21)
[Save] level 쇠부리 폐광 2층 → user://save_e2e.json (C:/Users/FORYOUCOM/AppData/Roaming/Godot/app_userdata/Joseon Hunters/wt/codex-558-combat-clock-trace/save_e2e.json)
[Dev] stairs StairsUp dir=-1 world=(15.5, 0.0, 24.5) screen=(593.7167, 335.9507)
[Dev] stairs StairsDown dir=1 world=(52.5, 0.0, 52.5) screen=(1010.267, 2072.845)
[Dev] interact LootChest world=(2.5, 0.0, 46.5) screen=(-1026.201, 528.3445)
[Dev] interact @Area3D@59304 world=(55.5, 0.0, 47.5) screen=(1380.534, 1971.303)
[Dev] interact @Area3D@59305 world=(36.5, 0.0, 23.5) screen=(1611.95, 822.2805)
[Dev] interact LootPot world=(54.5, 0.0, 17.5) screen=(2722.751, 1142.938)
[Dev] interact @Area3D@59306 world=(55.5, 0.0, 18.5) screen=(2722.751, 1196.381)
[Dev] interact @Area3D@59307 world=(54.5, 0.0, 18.5) screen=(2676.468, 1169.659)
[Dev] interact @Area3D@59308 world=(17.5, 0.0, 48.5) screen=(-424.5173, 982.6092)
[Dev] interact @Area3D@59309 world=(18.5, 0.0, 48.5) screen=(-378.2339, 1009.331)
[Dev] interact @Area3D@59310 world=(12.5, 0.0, 19.5) screen=(686.2833, 74.0798)
  · 2층 64x64 · 적 26 · 명단 ["plague_miner", "soemeogi", "yacha", "nachalnyeo"] · 장식 { "Woodpile": 1, "Crate": 2, "SlagHeap": 1, "Slag": 38, "RuinStone": 18, "Bones": 8, "Timber": 27, "Chain": 2, "ChainFloor": 2, "Rail": 47, "OreCart": 1 } · 정예 자리 2 · 네임드 (50, 21)
[Dungeon] soeburi 3층 lv=9 seed=100493242 preset 32x30 rooms=2 up=(26, 24) down=(-1, -1) enemies=2 roster=soemeogi elites=[] named=-
[Audio] BGM boss → boss.ogg
[Save] level 쇠부리 폐광 3층 → user://save_e2e.json (C:/Users/FORYOUCOM/AppData/Roaming/Godot/app_userdata/Joseon Hunters/wt/codex-558-combat-clock-trace/save_e2e.json)
[Dev] stairs StairsUp dir=-1 world=(26.5, 0.0, 24.5) screen=(593.7167, 335.9507)
  · 3층 32x30 · 적 2 · 명단 ["soemeogi"] · 장식 { "Slag": 27, "RuinStone": 6, "Bones": 2, "Timber": 7, "Chain": 7, "ChainFloor": 10, "Rail": 13, "OreCart": 1 } · 정예 자리 0 · 네임드 (-1, -1)
[Kill] +2912 xp (lv 11, 58/730)
[LevelUp] lv=11 stat_pts=50 skill_pts=10
[Dev] item 탕약 — 십전대보탕 world=(9.5, 0.0, 4.604293) screen=(743.2574, -677.615)
[Dev] item 탕약 — 쌍화탕 world=(9.5, 0.0, 4.604293) screen=(743.2574, -677.615)
[Dev] item 영약 — 총명탕 world=(9.5, 0.0, 4.604293) screen=(743.2574, -677.615)
[Dev] item 식별부첩 world=(9.5, 0.0, 4.604293) screen=(743.2574, -677.615)
[Dev] item 불가살이의 쇠비늘 world=(9.5, 0.0, 4.604293) screen=(743.2574, -677.615)
[Dev] item 미식별 쇄자갑 world=(9.5, 0.0, 4.604293) screen=(743.2574, -677.615)
[Dev] item 미식별 제독검 world=(9.5, 0.0, 4.604293) screen=(743.2574, -677.615)
[Dev] item 미식별 장검 world=(9.5, 0.0, 4.604293) screen=(743.2574, -677.615)
[Loot] 보스 전용 유니크 — boss_bulgasari 첫 처치 → u_soe_eater (회차 1)
[Dev] item 불가살이의 사슬 조각 world=(9.5, 0.0, 4.604293) screen=(743.2574, -677.615)
[Dev] item 엽전 world=(9.5, 0.0, 4.604293) screen=(743.2574, -677.615)
[Save] boss → user://save_e2e.json (C:/Users/FORYOUCOM/AppData/Roaming/Godot/app_userdata/Joseon Hunters/wt/codex-558-combat-clock-trace/save_e2e.json)
[Boss] killed area=soeburi level=9 flags={ "opening_pending": false, "seal:boss_bulgasari": 1, "quest": { "soeburi_seal": { "state": "killed" } }, "boss_killed_soeburi": true }
[Dungeon] soeburi 2층 lv=8 seed=212727641 gen 64x64 rooms=8 up=(15, 24) down=(52, 52) enemies=27 roster=plague_miner,soemeogi,yacha,nachalnyeo elites=["방2:파란×3(깊이 0.50)", "방3:금색×3(깊이 0.33)"] named=방4 (50, 21)
[Audio] BGM dungeon → dungeon_1.ogg
[Save] level 쇠부리 폐광 2층 → user://save_e2e.json (C:/Users/FORYOUCOM/AppData/Roaming/Godot/app_userdata/Joseon Hunters/wt/codex-558-combat-clock-trace/save_e2e.json)
[Dev] stairs StairsUp dir=-1 world=(15.5, 0.0, 24.5) screen=(177.1665, -1400.943)
[Dev] stairs StairsDown dir=1 world=(52.5, 0.0, 52.5) screen=(593.7166, 335.951)
[Dev] interact LootChest world=(2.5, 0.0, 46.5) screen=(-1442.751, -1208.55)
[Dev] interact @Area3D@59610 world=(55.5, 0.0, 47.5) screen=(963.9835, 234.4087)
[Dev] interact @Area3D@59611 world=(36.5, 0.0, 23.5) screen=(1195.4, -914.6136)
[Dev] interact LootPot world=(54.5, 0.0, 17.5) screen=(2306.201, -593.9562)
[Dev] interact @Area3D@59612 world=(55.5, 0.0, 18.5) screen=(2306.201, -540.5134)
[Dev] interact @Area3D@59613 world=(54.5, 0.0, 18.5) screen=(2259.917, -567.2349)
[Dev] interact @Area3D@59614 world=(17.5, 0.0, 48.5) screen=(-841.0674, -754.285)
[Dev] interact @Area3D@59615 world=(18.5, 0.0, 48.5) screen=(-794.7842, -727.5635)
[Dev] interact @Area3D@59616 world=(12.5, 0.0, 19.5) screen=(269.7333, -1662.814)
[Dungeon] soeburi 1층 lv=7 seed=2076465379 gen 64x64 rooms=6 up=(10, 55) down=(55, 10) enemies=20 roster=plague_miner,cave_bat,soemeogi elites=["방4:금색×3(깊이 0.50)"] named=-
[Save] level 쇠부리 폐광 1층 → user://save_e2e.json (C:/Users/FORYOUCOM/AppData/Roaming/Godot/app_userdata/Joseon Hunters/wt/codex-558-combat-clock-trace/save_e2e.json)
[Dev] stairs StairsUp dir=-1 world=(10.5, 0.0, 55.5) screen=(-3571.785, 335.9509)
[Dev] stairs StairsDown dir=1 world=(55.5, 0.0, 10.5) screen=(593.7168, 335.9508)
[Dev] interact LootChest world=(42.5, 0.0, 31.5) screen=(-979.9173, 501.6231)
[Dev] interact @Area3D@59789 world=(59.5, 0.0, 15.5) screen=(547.4335, 528.3445)
[Dev] interact @Area3D@59790 world=(49.5, 0.0, 19.5) screen=(-100.5336, 368.0159)
[Dev] interact LootPot world=(22.5, 0.0, 36.5) screen=(-2137.001, 100.8013)
[Dev] interact @Area3D@59791 world=(22.5, 0.0, 37.5) screen=(-2183.285, 127.5228)
[Dev] interact @Area3D@59792 world=(60.5, 0.0, 7.5) screen=(963.9837, 341.2944)
[Dev] interact @Area3D@59793 world=(59.5, 0.0, 6.5) screen=(963.9836, 287.8515)
[Dev] interact @Area3D@59794 world=(38.5, 0.0, 23.5) screen=(-794.7838, 180.9657)
[Dev] interact @Area3D@59795 world=(39.5, 0.0, 23.5) screen=(-748.5005, 207.6872)
[Dev] interact @Area3D@59796 world=(37.5, 0.0, 23.5) screen=(-841.0672, 154.2443)
[Audio] 같은 순간 같은 큐 상한(3) 넘침 — bat_attack ×2 (버림 누계 649)
[Audio] 같은 순간 같은 큐 상한(3) 넘침 — bat_attack ×1 (버림 누계 650)
[Field] jeongnyeongjae seed=3599041059 128x176 props=2821 packs=13 enemies=72 waypoint=(61, 66) roster=hwajeok,vampire_bat,lightning_master | hwajeok,hollin_yeogung_bow,gaekgwi elites=["8:금색×3@구간2", "10:금색×3@구간3"]
[Save] level 정령재 → user://save_e2e.json (C:/Users/FORYOUCOM/AppData/Roaming/Godot/app_userdata/Joseon Hunters/wt/codex-558-combat-clock-trace/save_e2e.json)
[Dev] stairs Down_cave dir=1 world=(60.5, 0.0, 3.5) screen=(917.7001, -3057.673)
[Dev] stairs Down_mine dir=1 world=(125.5, 0.0, 70.5) screen=(825.1334, 469.5583)
[Dev] interact Waypoint world=(61.5, 0.0, 66.5) screen=(-1951.868, -1395.6)
[Dev] interact LootChest world=(5.5, 0.0, 141.5) screen=(-8014.987, -887.8924)
[Dev] interact @Area3D@61171 world=(26.5, 0.0, 123.5) screen=(-6209.937, -807.7277)
[Dev] interact @Area3D@61172 world=(61.5, 0.0, 88.5) screen=(-2970.102, -807.7279)
[Dev] interact @Area3D@61173 world=(82.5, 0.0, 48.5) screen=(-146.8171, -1315.435)
[Dev] interact LootPot world=(70.5, 0.0, 9.5) screen=(1102.833, -2678.229)
[Dev] interact @Area3D@61174 world=(59.5, 0.0, 82.5) screen=(-2784.968, -1021.499)
[Dev] interact @Area3D@61175 world=(39.5, 0.0, 58.5) screen=(-2599.834, -2197.243)
[Dev] interact @Area3D@61176 world=(32.5, 0.0, 37.5) screen=(-1951.868, -2945.444)
[Dev] interact @Area3D@61177 world=(30.5, 0.0, 123.5) screen=(-6024.804, -700.8422)
[Dev] interact @Area3D@61178 world=(96.5, 0.0, 125.5) screen=(-3062.668, 1116.217)
[Dev] interact @Area3D@61179 world=(89.5, 0.0, 59.5) screen=(-331.9504, -834.4492)
[Dev] interact @Area3D@61180 world=(22.5, 0.0, 41.5) screen=(-2599.835, -3105.772)
[Dev] interact @Area3D@61181 world=(56.5, 0.0, 51.5) screen=(-1489.035, -1930.029)
[Dev] interact @Area3D@61182 world=(7.5, 0.0, 142.5) screen=(-7968.704, -807.7279)
[Dev] interact @Area3D@61183 world=(101.5, 0.0, 72.5) screen=(-378.2339, -166.413)
[Dev] interact @Area3D@61184 world=(77.5, 0.0, 34.5) screen=(269.733, -1823.143)
E2E mine_walk PASS (검사 66)
[Audio] BGM town → town.ogg
[Save] level 못골 마을 → user://save_e2e.json (C:/Users/FORYOUCOM/AppData/Roaming/Godot/app_userdata/Joseon Hunters/wt/codex-558-combat-clock-trace/save_e2e.json)
[Dev] stairs DungeonEntrance dir=1 world=(0.0, 0.0, -31.0) screen=(2121.067, -492.4143)
[Dev] interact Merchant world=(5.4, 0.0, -2.4) screen=(1047.293, 368.0158)
[Dev] interact Shaman world=(-5.6, 0.0, 0.4) screen=(408.5833, 148.8999)
[Dev] interact Elder world=(2.0, 0.0, -5.6) screen=(1038.037, 191.6542)
[Dev] interact Jumo world=(7.1, 0.0, -1.4) screen=(1079.692, 440.1637)
[Dev] interact Waypoint world=(-4.2, 0.0, 2.2) screen=(390.0698, 234.4085)
E2E ▶ bongmil_walk
[Save] level 못골 마을 → user://save_e2e.json (C:/Users/FORYOUCOM/AppData/Roaming/Godot/app_userdata/Joseon Hunters/wt/codex-558-combat-clock-trace/save_e2e.json)
[Dev] stairs DungeonEntrance dir=1 world=(0.0, 0.0, -31.0) screen=(751.08, 298.5407)
[Dev] interact Merchant world=(5.4, 0.0, -2.4) screen=(-322.6938, 1158.971)
[Dev] interact Shaman world=(-5.6, 0.0, 0.4) screen=(-961.4041, 939.8548)
[Dev] interact Elder world=(2.0, 0.0, -5.6) screen=(-331.9505, 982.6092)
[Dev] interact Jumo world=(7.1, 0.0, -1.4) screen=(-290.2955, 1231.119)
[Dev] interact Waypoint world=(-4.2, 0.0, 2.2) screen=(-979.9176, 1025.363)
[SealGate] 첫 접근 혼잣말 — …이 빛, 낯이 익은데.
[Click] world=(-0.000002, 0.0, -31.0) cell=(-1, -31)
  · 첫 접근 혼잣말 — 닿음까지 0.50초 (줄 2.6초 · 미룸 2.70초)
[Save] level 못골 마을 → user://save_e2e.json (C:/Users/FORYOUCOM/AppData/Roaming/Godot/app_userdata/Joseon Hunters/wt/codex-558-combat-clock-trace/save_e2e.json)
[Dev] stairs DungeonEntrance dir=1 world=(0.0, 0.0, -31.0) screen=(751.08, 298.5407)
[Dev] interact Merchant world=(5.4, 0.0, -2.4) screen=(-322.6938, 1158.971)
[Dev] interact Shaman world=(-5.6, 0.0, 0.4) screen=(-961.4041, 939.8548)
[Dev] interact Elder world=(2.0, 0.0, -5.6) screen=(-331.9505, 982.6092)
[Dev] interact Jumo world=(7.1, 0.0, -1.4) screen=(-290.2955, 1231.119)
[Dev] interact Waypoint world=(-4.2, 0.0, 2.2) screen=(-979.9176, 1025.363)
[Click] world=(-0.000002, 0.0, -31.0) cell=(-1, -31)
[Click] world=(0.0, 0.000002, -31.0) cell=(0, -31)
[Click] world=(0.0, 0.000002, -31.0) cell=(0, -31)
[SealGate] bongmil_gul 열림 — 회차 1 · 댄 조각 ["seal_heukrang", "seal_jangsanbeom", "seal_bulgasari"]
[Click] world=(0.0, 0.000002, -31.0) cell=(0, -31)
[Seal] bongmil_gul 1층 봉인석 3/3 남음 [(26, 29), (33, 39), (30, 55)]
[Dungeon] bongmil_gul 1층 lv=10 seed=696739425 gen 72x72 rooms=11 up=(36, 11) down=(48, 59) enemies=46 roster=honbureum_sulsa,hollin_yeogung_bow2,hollin_yeogung_spear,yeou elites=["방7:금색×5(깊이 0.89)", "방4:파란×4(깊이 0.33)"] named=-
[Audio] BGM dungeon → dungeon_3.ogg
[Save] level 봉밀굴 초굴 → user://save_e2e.json (C:/Users/FORYOUCOM/AppData/Roaming/Godot/app_userdata/Joseon Hunters/wt/codex-558-combat-clock-trace/save_e2e.json)
[Dev] stairs StairsUp dir=-1 world=(36.5, 0.0, 11.5) screen=(593.7167, 335.9507)
[Dev] stairs StairsDown dir=1 world=(48.5, 0.0, 59.5) screen=(-1072.484, 1939.238)
[Dev] interact SealStone_0 world=(26.5, 0.0, 29.5) screen=(-702.2173, 501.623)
[Dev] interact SealStone_1 world=(33.5, 0.0, 39.5) screen=(-841.0674, 955.8877)
[Dev] interact SealStone_2 world=(30.5, 0.0, 55.5) screen=(-1720.451, 1303.267)
[Dev] interact LootChest world=(29.5, 0.0, 23.5) screen=(-285.6672, 421.4587)
[Dev] interact @Area3D@61991 world=(34.5, 0.0, 35.5) screen=(-609.6506, 875.7233)
[Dev] interact @Area3D@61992 world=(6.5, 0.0, 51.5) screen=(-2646.118, 555.0659)
[Dev] interact LootPot world=(5.5, 0.0, 49.5) screen=(-2599.835, 474.9016)
[Dev] interact @Area3D@61993 world=(6.5, 0.0, 50.5) screen=(-2599.835, 528.3444)
[Dev] interact @Area3D@61994 world=(56.5, 0.0, 9.5) screen=(1611.951, 768.8375)
[Dev] interact @Area3D@61995 world=(21.5, 0.0, 34.5) screen=(-1165.051, 501.623)
[Dev] interact @Area3D@61996 world=(3.5, 0.0, 21.5) screen=(-1396.468, -326.7419)
[Dev] interact @Area3D@61997 world=(4.5, 0.0, 20.5) screen=(-1303.901, -326.742)
[Dev] interact @Area3D@61998 world=(5.5, 0.0, 20.5) screen=(-1257.618, -300.0205)
[Dev] interact @Area3D@61999 world=(42.5, 0.0, 54.5) screen=(-1118.768, 1597.202)
[Dev] interact @Area3D@62000 world=(51.5, 0.0, 51.5) screen=(-563.3672, 1757.531)
  · 1층 72x72 · 적 46 · 명단 ["honbureum_sulsa", "hollin_yeogung_bow2", "hollin_yeogung_spear", "yeou"] · 장식 { "Stele": 9, "SteleFallen": 8, "PaperBits": 47, "Bones": 15, "RuinStone": 54, "RopeIntact": 19 } · 정예 자리 2 · 네임드 (-1, -1) · 봉인석 [(26, 29), (33, 39), (30, 55)] · 고리 [(0, 2), (2, 5), (1, 9)]
[Dev] removed 46 enemies
[Click] world=(48.5, 0.0, 59.5) cell=(48, 59)
[Click] world=(26.5, 0.0, 29.5) cell=(26, 29)
[Seal] bongmil_gul 1층 봉인석 2/3 남음 [(26, 29), (33, 39), (30, 55)]
[Seal] bongmil_gul 1층 봉인석 1/3 남음 [(26, 29), (33, 39), (30, 55)]
[Seal] bongmil_gul 1층 봉인석 0/3 남음 [(26, 29), (33, 39), (30, 55)]
[Seal] bongmil_gul 1층 봉인석 0/3 남음 [(26, 29), (33, 39), (30, 55)]
[Dungeon] bongmil_gul 1층 lv=10 seed=696739425 gen 72x72 rooms=11 up=(36, 11) down=(48, 59) enemies=46 roster=honbureum_sulsa,hollin_yeogung_bow2,hollin_yeogung_spear,yeou elites=["방7:금색×5(깊이 0.89)", "방4:파란×4(깊이 0.33)"] named=-
[Save] level 봉밀굴 초굴 → user://save_e2e.json (C:/Users/FORYOUCOM/AppData/Roaming/Godot/app_userdata/Joseon Hunters/wt/codex-558-combat-clock-trace/save_e2e.json)
[Dev] stairs StairsUp dir=-1 world=(36.5, 0.0, 11.5) screen=(593.7167, 335.9507)
[Dev] stairs StairsDown dir=1 world=(48.5, 0.0, 59.5) screen=(-1072.484, 1939.238)
[Dev] interact SealStone_0 world=(26.5, 0.0, 29.5) screen=(-702.2173, 501.623)
[Dev] interact SealStone_1 world=(33.5, 0.0, 39.5) screen=(-841.0674, 955.8877)
[Dev] interact SealStone_2 world=(30.5, 0.0, 55.5) screen=(-1720.451, 1303.267)
[Dev] interact LootChest world=(29.5, 0.0, 23.5) screen=(-285.6672, 421.4587)
[Dev] interact @Area3D@62333 world=(34.5, 0.0, 35.5) screen=(-609.6506, 875.7233)
[Dev] interact @Area3D@62334 world=(6.5, 0.0, 51.5) screen=(-2646.118, 555.0659)
[Dev] interact LootPot world=(5.5, 0.0, 49.5) screen=(-2599.835, 474.9016)
[Dev] interact @Area3D@62335 world=(6.5, 0.0, 50.5) screen=(-2599.835, 528.3444)
[Dev] interact @Area3D@62336 world=(56.5, 0.0, 9.5) screen=(1611.951, 768.8375)
[Dev] interact @Area3D@62337 world=(21.5, 0.0, 34.5) screen=(-1165.051, 501.623)
[Dev] interact @Area3D@62338 world=(3.5, 0.0, 21.5) screen=(-1396.468, -326.7419)
[Dev] interact @Area3D@62339 world=(4.5, 0.0, 20.5) screen=(-1303.901, -326.742)
[Dev] interact @Area3D@62340 world=(5.5, 0.0, 20.5) screen=(-1257.618, -300.0205)
[Dev] interact @Area3D@62341 world=(42.5, 0.0, 54.5) screen=(-1118.768, 1597.202)
[Dev] interact @Area3D@62342 world=(51.5, 0.0, 51.5) screen=(-563.3672, 1757.531)
[Dev] removed 46 enemies
[Click] world=(48.5, 0.0, 59.5) cell=(48, 59)
[Seal] bongmil_gul 2층 봉인석 3/3 남음 [(23, 20), (31, 12), (45, 7)]
[Dungeon] bongmil_gul 2층 lv=11 seed=2770941237 gen 72x72 rooms=9 up=(18, 45) down=(57, 46) enemies=35 roster=honbureum_sulsa,hollin_yeogung_bow2,hollin_yeogung_spear,yeou elites=["방2:파란×3(깊이 0.29)", "방6:금색×5(깊이 0.43)"] named=-
[Save] level 봉밀굴 중굴 → user://save_e2e.json (C:/Users/FORYOUCOM/AppData/Roaming/Godot/app_userdata/Joseon Hunters/wt/codex-558-combat-clock-trace/save_e2e.json)
[Dev] stairs StairsUp dir=-1 world=(18.5, 0.0, 45.5) screen=(593.7167, 335.9507)
[Dev] stairs StairsDown dir=1 world=(57.5, 0.0, 46.5) screen=(2352.484, 1404.809)
[Dev] interact Waypoint world=(33.5, 0.0, 36.5) screen=(1704.517, 448.1801)
[Dev] interact SealStone_0 world=(23.5, 0.0, 20.5) screen=(1982.217, -246.5777)
[Dev] interact SealStone_1 world=(31.5, 0.0, 12.5) screen=(2722.751, -246.5776)
[Dev] interact SealStone_2 world=(45.5, 0.0, 7.5) screen=(3602.135, -6.08458)
[Dev] interact LootChest world=(18.5, 0.0, 19.5) screen=(1797.084, -406.9063)
[Dev] interact @Area3D@62616 world=(11.5, 0.0, 32.5) screen=(871.4167, -246.5776)
[Dev] interact @Area3D@62617 world=(54.5, 0.0, 40.5) screen=(2491.334, 1116.216)
[Dev] interact LootPot world=(58.5, 0.0, 52.5) screen=(2121.067, 1543.76)
[Dev] interact @Area3D@62618 world=(59.5, 0.0, 27.5) screen=(3324.435, 902.4448)
[Dev] interact @Area3D@62619 world=(58.5, 0.0, 27.5) screen=(3278.152, 875.7233)
[Dev] interact @Area3D@62620 world=(10.5, 0.0, 32.5) screen=(825.1335, -273.2991)
[Dev] interact @Area3D@62621 world=(9.5, 0.0, 31.5) screen=(825.1334, -326.742)
[Dev] interact @Area3D@62622 world=(10.5, 0.0, 31.5) screen=(871.4167, -300.0205)
[Dev] interact @Area3D@62623 world=(32.5, 0.0, 39.5) screen=(1519.384, 501.623)
[Dev] interact @Area3D@62624 world=(20.5, 0.0, 65.5) screen=(-239.3838, 875.7233)
[Dev] interact @Area3D@62625 world=(19.5, 0.0, 64.5) screen=(-239.3838, 822.2805)
[Dev] interact @Area3D@62626 world=(19.5, 0.0, 63.5) screen=(-193.1004, 795.559)
  · 2층 72x72 · 적 35 · 명단 ["honbureum_sulsa", "hollin_yeogung_bow2", "hollin_yeogung_spear", "yeou"] · 장식 { "Stele": 3, "SteleFallen": 4, "PaperBits": 42, "Bones": 16, "RuinStone": 29, "RopeIntact": 11 } · 정예 자리 2 · 네임드 (-1, -1) · 봉인석 [(23, 20), (31, 12), (45, 7)] · 고리 [(4, 6), (3, 4), (0, 2), (4, 8)]
[Dev] removed 35 enemies
[Seal] bongmil_gul 3층 봉인석 3/3 남음 [(22, 44), (59, 11), (63, 39)]
[Dungeon] bongmil_gul 3층 lv=12 seed=2306257040 gen 72x72 rooms=9 up=(21, 18) down=(57, 55) enemies=34 roster=hollin_yeogung_bow2,hollin_yeogung_spear,yeou,wang_geomi elites=["방6:파란×4(깊이 0.86)", "방5:파란×4(깊이 0.29)"] named=방1 (6, 61)
[Save] level 봉밀굴 심굴 → user://save_e2e.json (C:/Users/FORYOUCOM/AppData/Roaming/Godot/app_userdata/Joseon Hunters/wt/codex-558-combat-clock-trace/save_e2e.json)
[Dev] stairs StairsUp dir=-1 world=(21.5, 0.0, 18.5) screen=(593.7167, 335.9507)
[Dev] stairs StairsDown dir=1 world=(57.5, 0.0, 55.5) screen=(547.4333, 2286.616)
[Dev] interact SealStone_0 world=(22.5, 0.0, 44.5) screen=(-563.3672, 1009.331)
[Dev] interact SealStone_1 world=(59.5, 0.0, 11.5) screen=(2676.468, 1116.216)
[Dev] interact SealStone_2 world=(63.5, 0.0, 39.5) screen=(1565.667, 1971.303)
[Dev] interact LootChest world=(25.5, 0.0, 39.5) screen=(-193.1004, 955.8877)
[Dev] interact @Area3D@62905 world=(26.5, 0.0, 11.5) screen=(1149.117, 234.4085)
[Dev] interact @Area3D@62906 world=(9.5, 0.0, 67.5) screen=(-2229.568, 1276.545)
[Dev] interact LootPot world=(13.5, 0.0, 31.5) screen=(-378.2338, 421.4586)
[Dev] interact @Area3D@62907 world=(13.5, 0.0, 32.5) screen=(-424.5172, 448.1801)
[Dev] interact @Area3D@62908 world=(14.5, 0.0, 30.5) screen=(-285.6672, 421.4587)
[Dev] interact @Area3D@62909 world=(58.5, 0.0, 38.5) screen=(1380.534, 1810.974)
[Dev] interact @Area3D@62910 world=(59.5, 0.0, 39.5) screen=(1380.534, 1864.417)
[Dev] interact @Area3D@62911 world=(58.5, 0.0, 39.5) screen=(1334.25, 1837.695)
  · 3층 72x72 · 적 33 · 명단 ["hollin_yeogung_bow2", "hollin_yeogung_spear", "yeou", "wang_geomi"] · 장식 { "Stele": 6, "SteleFallen": 2, "PaperBits": 38, "Bones": 16, "RuinStone": 40, "RopeIntact": 11 } · 정예 자리 2 · 네임드 (6, 61) · 봉인석 [(22, 44), (59, 11), (63, 39)] · 고리 [(7, 8), (3, 8), (2, 6)]
[Dev] removed 34 enemies
[Dungeon] bongmil_gul 4층 lv=12 seed=3811254728 preset 32x30 rooms=2 up=(26, 23) down=(-1, -1) enemies=3 roster=yeou,yeoubul elites=[] named=-
[Audio] BGM boss → boss.ogg
[Save] level 봉밀굴 구미원 → user://save_e2e.json (C:/Users/FORYOUCOM/AppData/Roaming/Godot/app_userdata/Joseon Hunters/wt/codex-558-combat-clock-trace/save_e2e.json)
[Dev] stairs StairsUp dir=-1 world=(26.5, 0.0, 23.5) screen=(593.7167, 335.9507)
  · 4층 32x30 · 적 3 · 명단 ["yeou", "yeoubul"] · 장식 { "PaperBits": 8, "Bones": 6, "RuinStone": 11, "RopeIntact": 2 } · 정예 자리 0 · 네임드 (-1, -1) · 봉인석 [] · 고리 []
[Kill] +3840 xp (lv 12, 256/831)
[LevelUp] lv=12 stat_pts=55 skill_pts=11
[Dev] item 미식별 광다회 world=(11.5, 0.0, 7.794154) screen=(626.3854, -514.6804)
[Dev] item 영약 — 생맥산 world=(11.5, 0.0, 7.794154) screen=(626.3854, -514.6804)
[Dev] item 탕약 — 십전대보탕 world=(11.5, 0.0, 7.794154) screen=(626.3854, -514.6804)
[Dev] item 탕약 — 쌍화탕 world=(11.5, 0.0, 7.794154) screen=(626.3854, -514.6804)
[Dev] item 귀환부첩 world=(11.5, 0.0, 7.794154) screen=(626.3854, -514.6804)
[Dev] item 구미호 꼬리털 world=(11.5, 0.0, 7.794154) screen=(626.3854, -514.6804)
[Dev] item 미식별 금가락지 world=(11.5, 0.0, 7.794154) screen=(626.3854, -514.6804)
[Dev] item 미식별 옥가락지 world=(11.5, 0.0, 7.794154) screen=(626.3854, -514.6804)
[Dev] item 미식별 야광주 world=(11.5, 0.0, 7.794154) screen=(626.3854, -514.6804)
[Loot] 보스 전용 유니크 — boss_gumiho 첫 처치 → u_fox_bead (회차 1)
[Dev] item 엽전 world=(11.5, 0.0, 7.794154) screen=(626.3854, -514.6804)
[Save] boss → user://save_e2e.json (C:/Users/FORYOUCOM/AppData/Roaming/Godot/app_userdata/Joseon Hunters/wt/codex-558-combat-clock-trace/save_e2e.json)
[Boss] killed area=bongmil_gul level=12 flags={ "opening_pending": false, "story": { "gate_first_look": true, "jumo_gone": true }, "boss_killed_heukrang_gul": true, "boss_killed_beomgul": true, "boss_killed_soeburi": true, "seal_gate": 1, "sealstone:bongmil_gul:1:0": 1, "sealstone:bongmil_gul:1:1": 1, "sealstone:bongmil_gul:1:2": 1, "quest": { "bongmil_gate": { "state": "killed" } }, "boss_killed_bongmil_gul": true }
[Seal] bongmil_gul 3층 봉인석 3/3 남음 [(22, 44), (59, 11), (63, 39)]
[Dungeon] bongmil_gul 3층 lv=12 seed=2306257040 gen 72x72 rooms=9 up=(21, 18) down=(57, 55) enemies=34 roster=hollin_yeogung_bow2,hollin_yeogung_spear,yeou,wang_geomi elites=["방6:파란×4(깊이 0.86)", "방5:파란×4(깊이 0.29)"] named=방1 (6, 61)
[Audio] BGM dungeon → dungeon_2.ogg
[Save] level 봉밀굴 심굴 → user://save_e2e.json (C:/Users/FORYOUCOM/AppData/Roaming/Godot/app_userdata/Joseon Hunters/wt/codex-558-combat-clock-trace/save_e2e.json)
[Dev] stairs StairsUp dir=-1 world=(21.5, 0.0, 18.5) screen=(640.0, -1614.715)
[Dev] stairs StairsDown dir=1 world=(57.5, 0.0, 55.5) screen=(593.7166, 335.951)
[Dev] interact SealStone_0 world=(22.5, 0.0, 44.5) screen=(-517.0838, -941.3351)
[Dev] interact SealStone_1 world=(59.5, 0.0, 11.5) screen=(2722.751, -834.4494)
[Dev] interact SealStone_2 world=(63.5, 0.0, 39.5) screen=(1611.95, 20.63713)
[Dev] interact LootChest world=(25.5, 0.0, 39.5) screen=(-146.8171, -994.7781)
[Dev] interact @Area3D@63280 world=(26.5, 0.0, 11.5) screen=(1195.4, -1716.257)
[Dev] interact @Area3D@63281 world=(9.5, 0.0, 67.5) screen=(-2183.285, -674.1207)
[Dev] interact LootPot world=(13.5, 0.0, 31.5) screen=(-331.9506, -1529.207)
[Dev] interact @Area3D@63282 world=(13.5, 0.0, 32.5) screen=(-378.2339, -1502.486)
[Dev] interact @Area3D@63283 world=(14.5, 0.0, 30.5) screen=(-239.3838, -1529.207)
[Dev] interact @Area3D@63284 world=(58.5, 0.0, 38.5) screen=(1426.817, -139.6916)
[Dev] interact @Area3D@63285 world=(59.5, 0.0, 39.5) screen=(1426.817, -86.24873)
[Dev] interact @Area3D@63286 world=(58.5, 0.0, 39.5) screen=(1380.534, -112.9701)
[Seal] bongmil_gul 2층 봉인석 3/3 남음 [(23, 20), (31, 12), (45, 7)]
[Dungeon] bongmil_gul 2층 lv=11 seed=2770941237 gen 72x72 rooms=9 up=(18, 45) down=(57, 46) enemies=35 roster=honbureum_sulsa,hollin_yeogung_bow2,hollin_yeogung_spear,yeou elites=["방2:파란×3(깊이 0.29)", "방6:금색×5(깊이 0.43)"] named=-
[Save] level 봉밀굴 중굴 → user://save_e2e.json (C:/Users/FORYOUCOM/AppData/Roaming/Godot/app_userdata/Joseon Hunters/wt/codex-558-combat-clock-trace/save_e2e.json)
[Dev] stairs StairsUp dir=-1 world=(18.5, 0.0, 45.5) screen=(-1165.051, -732.9071)
[Dev] stairs StairsDown dir=1 world=(57.5, 0.0, 46.5) screen=(593.7168, 335.9508)
[Dev] interact Waypoint world=(33.5, 0.0, 36.5) screen=(-54.25018, -620.6779)
[Dev] interact SealStone_0 world=(23.5, 0.0, 20.5) screen=(223.4499, -1315.435)
[Dev] interact SealStone_1 world=(31.5, 0.0, 12.5) screen=(963.9836, -1315.435)
[Dev] interact SealStone_2 world=(45.5, 0.0, 7.5) screen=(1843.367, -1074.943)
[Dev] interact LootChest world=(18.5, 0.0, 19.5) screen=(38.31638, -1475.764)
[Dev] interact @Area3D@63561 world=(11.5, 0.0, 32.5) screen=(-887.3505, -1315.436)
[Dev] interact @Area3D@63562 world=(54.5, 0.0, 40.5) screen=(732.5669, 47.35843)
[Dev] interact LootPot world=(58.5, 0.0, 52.5) screen=(362.3001, 474.9017)
[Dev] interact @Area3D@63563 world=(59.5, 0.0, 27.5) screen=(1565.667, -166.4132)
[Dev] interact @Area3D@63564 world=(58.5, 0.0, 27.5) screen=(1519.384, -193.1345)
[Dev] interact @Area3D@63565 world=(10.5, 0.0, 32.5) screen=(-933.6339, -1342.157)
[Dev] interact @Area3D@63566 world=(9.5, 0.0, 31.5) screen=(-933.6339, -1395.6)
[Dev] interact @Area3D@63567 world=(10.5, 0.0, 31.5) screen=(-887.3505, -1368.878)
[Dev] interact @Area3D@63568 world=(32.5, 0.0, 39.5) screen=(-239.3835, -567.2349)
[Dev] interact @Area3D@63569 world=(20.5, 0.0, 65.5) screen=(-1998.151, -193.1346)
[Dev] interact @Area3D@63570 world=(19.5, 0.0, 64.5) screen=(-1998.151, -246.5775)
[Dev] interact @Area3D@63571 world=(19.5, 0.0, 63.5) screen=(-1951.868, -273.299)
[Seal] bongmil_gul 1층 봉인석 0/3 남음 [(26, 29), (33, 39), (30, 55)]
[Dungeon] bongmil_gul 1층 lv=10 seed=696739425 gen 72x72 rooms=11 up=(36, 11) down=(48, 59) enemies=46 roster=honbureum_sulsa,hollin_yeogung_bow2,hollin_yeogung_spear,yeou elites=["방7:금색×5(깊이 0.89)", "방4:파란×4(깊이 0.33)"] named=-
[Save] level 봉밀굴 초굴 → user://save_e2e.json (C:/Users/FORYOUCOM/AppData/Roaming/Godot/app_userdata/Joseon Hunters/wt/codex-558-combat-clock-trace/save_e2e.json)
[Dev] stairs StairsUp dir=-1 world=(36.5, 0.0, 11.5) screen=(2259.917, -1267.336)
[Dev] stairs StairsDown dir=1 world=(48.5, 0.0, 59.5) screen=(593.7166, 335.951)
[Dev] interact SealStone_0 world=(26.5, 0.0, 29.5) screen=(963.9833, -1101.664)
[Dev] interact SealStone_1 world=(33.5, 0.0, 39.5) screen=(825.1335, -647.3992)
[Dev] interact SealStone_2 world=(30.5, 0.0, 55.5) screen=(-54.25034, -300.0203)
[Dev] interact LootChest world=(29.5, 0.0, 23.5) screen=(1380.534, -1181.828)
[Dev] interact @Area3D@63902 world=(34.5, 0.0, 35.5) screen=(1056.55, -727.5634)
[Dev] interact @Area3D@63903 world=(6.5, 0.0, 51.5) screen=(-979.9175, -1048.221)
[Dev] interact LootPot world=(5.5, 0.0, 49.5) screen=(-933.6342, -1128.385)
[Dev] interact @Area3D@63904 world=(6.5, 0.0, 50.5) screen=(-933.634, -1074.942)
[Dev] interact @Area3D@63905 world=(56.5, 0.0, 9.5) screen=(3278.152, -834.4494)
[Dev] interact @Area3D@63906 world=(21.5, 0.0, 34.5) screen=(501.1499, -1101.664)
[Dev] interact @Area3D@63907 world=(3.5, 0.0, 21.5) screen=(269.7333, -1930.029)
[Dev] interact @Area3D@63908 world=(4.5, 0.0, 20.5) screen=(362.2998, -1930.029)
[Dev] interact @Area3D@63909 world=(5.5, 0.0, 20.5) screen=(408.5833, -1903.307)
[Dev] interact @Area3D@63910 world=(42.5, 0.0, 54.5) screen=(547.4333, -6.084323)
[Dev] interact @Area3D@63911 world=(51.5, 0.0, 51.5) screen=(1102.833, 154.2444)
[Audio] BGM town → town.ogg
[Save] level 못골 마을 → user://save_e2e.json (C:/Users/FORYOUCOM/AppData/Roaming/Godot/app_userdata/Joseon Hunters/wt/codex-558-combat-clock-trace/save_e2e.json)
[Dev] stairs DungeonEntrance dir=1 world=(0.0, 0.0, -31.0) screen=(751.08, 298.5407)
[Dev] interact Merchant world=(5.4, 0.0, -2.4) screen=(-322.6938, 1158.971)
[Dev] interact Shaman world=(-5.6, 0.0, 0.4) screen=(-961.4041, 939.8548)
[Dev] interact Elder world=(2.0, 0.0, -5.6) screen=(-331.9505, 982.6092)
[Dev] interact Jumo world=(7.1, 0.0, -1.4) screen=(-290.2955, 1231.119)
[Dev] interact Waypoint world=(-4.2, 0.0, 2.2) screen=(-979.9176, 1025.363)
E2E bongmil_walk PASS (검사 104)
[Save] level 못골 마을 → user://save_e2e.json (C:/Users/FORYOUCOM/AppData/Roaming/Godot/app_userdata/Joseon Hunters/wt/codex-558-combat-clock-trace/save_e2e.json)
[Dev] stairs DungeonEntrance dir=1 world=(0.0, 0.0, -31.0) screen=(2121.067, -492.4143)
[Dev] interact Merchant world=(5.4, 0.0, -2.4) screen=(1047.293, 368.0158)
[Dev] interact Shaman world=(-5.6, 0.0, 0.4) screen=(408.5833, 148.8999)
[Dev] interact Elder world=(2.0, 0.0, -5.6) screen=(1038.037, 191.6542)
[Dev] interact Jumo world=(7.1, 0.0, -1.4) screen=(1079.692, 440.1637)
[Dev] interact Waypoint world=(-4.2, 0.0, 2.2) screen=(390.0698, 234.4085)
E2E ▶ town_exits
[SealGate] 첫 접근 혼잣말 — …이 빛, 낯이 익은데.
[Dungeon] heukrang_gul 1층 lv=2 seed=403727558 gen 64x64 rooms=6 up=(44, 56) down=(7, 23) enemies=20 roster=bandit,bat,talisman_master elites=["방2:금색×3(깊이 0.50)"] named=-
[Quest] heukrang_gul 1층 — 싹쓸이 셈 시작 20 (heukrang_clear:none)
[Audio] BGM dungeon → dungeon_4.ogg
[Save] level 흑랑 굴 1층 → user://save_e2e.json (C:/Users/FORYOUCOM/AppData/Roaming/Godot/app_userdata/Joseon Hunters/wt/codex-558-combat-clock-trace/save_e2e.json)
[Dev] stairs StairsUp dir=-1 world=(44.5, 0.0, 56.5) screen=(593.7165, 335.9509)
[Dev] stairs StairsDown dir=1 world=(7.5, 0.0, 23.5) screen=(408.583, -1534.551)
[Dev] interact PusJar world=(29.5, 0.0, 42.5) screen=(547.433, -487.0705)
[Dev] interact @Area3D@64412 world=(14.5, 0.0, 24.5) screen=(686.2831, -1368.878)
[Dev] interact @Area3D@64413 world=(23.5, 0.0, 18.5) screen=(1380.534, -1288.714)
[Dev] interact LootChest world=(29.5, 0.0, 39.5) screen=(686.2831, -567.2349)
[Dev] interact @Area3D@64414 world=(40.5, 0.0, 38.5) screen=(1241.683, -300.0204)
[Dev] interact LootPot world=(21.5, 0.0, 43.5) screen=(130.8828, -674.1207)
[Dev] interact @Area3D@64415 world=(22.5, 0.0, 44.5) screen=(130.8829, -620.6779)
[Dev] interact @Area3D@64416 world=(19.5, 0.0, 9.5) screen=(1611.95, -1636.093)
[Dev] interact @Area3D@64417 world=(20.5, 0.0, 9.5) screen=(1658.234, -1609.372)
[Dev] interact @Area3D@64418 world=(44.5, 0.0, 51.5) screen=(825.1333, 154.2443)
[Dev] interact @Area3D@64419 world=(44.5, 0.0, 52.5) screen=(778.8499, 180.9657)
[Dev] interact @Area3D@64420 world=(21.5, 0.0, 39.5) screen=(316.0163, -781.0065)
E2E town_exits PASS (검사 8)
[Audio] BGM town → town.ogg
[Save] level 못골 마을 → user://save_e2e.json (C:/Users/FORYOUCOM/AppData/Roaming/Godot/app_userdata/Joseon Hunters/wt/codex-558-combat-clock-trace/save_e2e.json)
[Dev] stairs DungeonEntrance dir=1 world=(0.0, 0.0, -31.0) screen=(2121.067, -492.4143)
[Dev] interact Merchant world=(5.4, 0.0, -2.4) screen=(1047.293, 368.0158)
[Dev] interact Shaman world=(-5.6, 0.0, 0.4) screen=(408.5833, 148.8999)
[Dev] interact Elder world=(2.0, 0.0, -5.6) screen=(1038.037, 191.6542)
[Dev] interact Jumo world=(7.1, 0.0, -1.4) screen=(1079.692, 440.1637)
[Dev] interact Waypoint world=(-4.2, 0.0, 2.2) screen=(390.0698, 234.4085)
E2E ▶ field_layout
[Dev] item 화염부 world=(32.5, 0.0, 70.5) screen=(-1072.484, 3072.227)
[Dev] item 빙결부 world=(33.5, 0.0, 69.5) screen=(-979.9173, 3072.227)
[Field] deulnyeok seed=355022911 128x128 props=2252 packs=18 enemies=74 waypoint=(62, 65) roster=bandit,bat,talisman_master elites=["13:파란×4@구간3"]
[Audio] BGM dungeon → dungeon_2.ogg
[Save] level 못골 들녘 → user://save_e2e.json (C:/Users/FORYOUCOM/AppData/Roaming/Godot/app_userdata/Joseon Hunters/wt/codex-558-combat-clock-trace/save_e2e.json)
[Dev] stairs Down_cave dir=1 world=(88.5, 0.0, 3.5) screen=(7212.236, 897.1014)
[Dev] interact Waypoint world=(62.5, 0.0, 65.5) screen=(3139.301, 1810.974)
[Dev] interact FloorItem world=(32.5, 0.0, 70.5) screen=(1519.384, 1142.938)
[Dev] interact @Area3D@65081 world=(33.5, 0.0, 69.5) screen=(1611.95, 1142.938)
[Dev] interact PusJar world=(95.5, 0.0, 103.5) screen=(2907.884, 3708.197)
[Dev] interact @Area3D@65228 world=(101.5, 0.0, 105.5) screen=(3093.018, 3921.969)
[Dev] interact @Area3D@65229 world=(98.5, 0.0, 107.5) screen=(2861.601, 3895.247)
[Dev] interact LootChest world=(27.5, 0.0, 70.5) screen=(1287.967, 1009.331)
[Dev] interact @Area3D@65230 world=(94.5, 0.0, 100.5) screen=(3000.451, 3601.312)
[Dev] interact @Area3D@65231 world=(55.5, 0.0, 52.5) screen=(3417.001, 1276.545)
[Dev] interact LootPot world=(46.5, 0.0, 68.5) screen=(2259.917, 1463.595)
[Dev] interact @Area3D@65232 world=(73.5, 0.0, 47.5) screen=(4481.519, 1623.924)
[Dev] interact @Area3D@65233 world=(90.5, 0.0, 47.5) screen=(5268.335, 2078.189)
[Dev] interact @Area3D@65234 world=(111.5, 0.0, 49.5) screen=(6147.719, 2692.782)
[Dev] interact @Area3D@65235 world=(101.5, 0.0, 101.5) screen=(3278.151, 3815.083)
[Dev] interact @Area3D@65236 world=(86.5, 0.0, 76.5) screen=(3740.984, 2746.225)
[Dev] interact @Area3D@65237 world=(53.5, 0.0, 52.5) screen=(3324.434, 1223.102)
[Dev] interact @Area3D@65238 world=(87.5, 0.0, 95.5) screen=(2907.884, 3280.654)
[Dev] interact @Area3D@65239 world=(26.5, 0.0, 66.5) screen=(1426.817, 875.7234)
[Dev] interact @Area3D@65240 world=(17.5, 0.0, 60.5) screen=(1287.967, 474.9016)
[Dev] interact @Area3D@65241 world=(86.5, 0.0, 22.5) screen=(6240.286, 1303.266)
[Dev] interact @Area3D@65242 world=(59.5, 0.0, 65.5) screen=(3000.451, 1730.81)
[Dev] interact @Area3D@65243 world=(18.5, 0.0, 74.5) screen=(686.2832, 875.7234)
[Dev] interact @Area3D@65244 world=(44.5, 0.0, 69.5) screen=(2121.067, 1436.874)
[Dev] interact @Area3D@65245 world=(73.5, 0.0, 49.5) screen=(4388.952, 1677.367)
[Dev] interact @Area3D@65246 world=(88.5, 0.0, 52.5) screen=(4944.352, 2158.353)
  · 자리 10곳 · 모닥불 3 · 자리 둘레 소품 77
  · 들녘 모양 갈래 { "bandit_v2_dagger": 38, "bandit_v2": 33 } · 산적 있는 무리 18 중 두 갈래가 섞인 무리 17
  · 들녘 적 74 { 1: 22, 2: 27, 3: 25 } · 장식 2252 · 무리 18 · 서낭단 (62, 65)
  · 거대 건축물 자리 { "fort_lintel": (119.5388, 38.16928), "stone_pagoda": (89.5, 45.5), "flag_pillar": (86.95444, 48.04556) } · 폐사지 닻 칸 (88.5, 0.0, 44.5)
E2E field_layout PASS (검사 32)
[Audio] BGM town → town.ogg
[Save] level 못골 마을 → user://save_e2e.json (C:/Users/FORYOUCOM/AppData/Roaming/Godot/app_userdata/Joseon Hunters/wt/codex-558-combat-clock-trace/save_e2e.json)
[Dev] stairs DungeonEntrance dir=1 world=(0.0, 0.0, -31.0) screen=(2121.067, -492.4143)
[Dev] interact Merchant world=(5.4, 0.0, -2.4) screen=(1047.293, 368.0158)
[Dev] interact Shaman world=(-5.6, 0.0, 0.4) screen=(408.5833, 148.8999)
[Dev] interact Elder world=(2.0, 0.0, -5.6) screen=(1038.037, 191.6542)
[Dev] interact Jumo world=(7.1, 0.0, -1.4) screen=(1079.692, 440.1637)
[Dev] interact Waypoint world=(-4.2, 0.0, 2.2) screen=(390.0698, 234.4085)
E2E ▶ field2_layout
[Dev] item 화염부 world=(32.5, 0.0, 70.5) screen=(-1072.484, 3072.227)
[Dev] item 빙결부 world=(33.5, 0.0, 69.5) screen=(-979.9173, 3072.227)
[Field] deulnyeok seed=355022911 128x128 props=2252 packs=18 enemies=74 waypoint=(62, 65) roster=bandit,bat,talisman_master elites=["13:파란×4@구간3"]
[Audio] BGM dungeon → dungeon_4.ogg
[Save] level 못골 들녘 → user://save_e2e.json (C:/Users/FORYOUCOM/AppData/Roaming/Godot/app_userdata/Joseon Hunters/wt/codex-558-combat-clock-trace/save_e2e.json)
[Dev] stairs Down_cave dir=1 world=(88.5, 0.0, 3.5) screen=(7212.236, 897.1014)
[Dev] interact Waypoint world=(62.5, 0.0, 65.5) screen=(3139.301, 1810.974)
[Dev] interact FloorItem world=(32.5, 0.0, 70.5) screen=(1519.384, 1142.938)
[Dev] interact @Area3D@65907 world=(33.5, 0.0, 69.5) screen=(1611.95, 1142.938)
[Dev] interact PusJar world=(95.5, 0.0, 103.5) screen=(2907.884, 3708.197)
[Dev] interact @Area3D@66054 world=(101.5, 0.0, 105.5) screen=(3093.018, 3921.969)
[Dev] interact @Area3D@66055 world=(98.5, 0.0, 107.5) screen=(2861.601, 3895.247)
[Dev] interact LootChest world=(27.5, 0.0, 70.5) screen=(1287.967, 1009.331)
[Dev] interact @Area3D@66056 world=(94.5, 0.0, 100.5) screen=(3000.451, 3601.312)
[Dev] interact @Area3D@66057 world=(55.5, 0.0, 52.5) screen=(3417.001, 1276.545)
[Dev] interact LootPot world=(46.5, 0.0, 68.5) screen=(2259.917, 1463.595)
[Dev] interact @Area3D@66058 world=(73.5, 0.0, 47.5) screen=(4481.519, 1623.924)
[Dev] interact @Area3D@66059 world=(90.5, 0.0, 47.5) screen=(5268.335, 2078.189)
[Dev] interact @Area3D@66060 world=(111.5, 0.0, 49.5) screen=(6147.719, 2692.782)
[Dev] interact @Area3D@66061 world=(101.5, 0.0, 101.5) screen=(3278.151, 3815.083)
[Dev] interact @Area3D@66062 world=(86.5, 0.0, 76.5) screen=(3740.984, 2746.225)
[Dev] interact @Area3D@66063 world=(53.5, 0.0, 52.5) screen=(3324.434, 1223.102)
[Dev] interact @Area3D@66064 world=(87.5, 0.0, 95.5) screen=(2907.884, 3280.654)
[Dev] interact @Area3D@66065 world=(26.5, 0.0, 66.5) screen=(1426.817, 875.7234)
[Dev] interact @Area3D@66066 world=(17.5, 0.0, 60.5) screen=(1287.967, 474.9016)
[Dev] interact @Area3D@66067 world=(86.5, 0.0, 22.5) screen=(6240.286, 1303.266)
[Dev] interact @Area3D@66068 world=(59.5, 0.0, 65.5) screen=(3000.451, 1730.81)
[Dev] interact @Area3D@66069 world=(18.5, 0.0, 74.5) screen=(686.2832, 875.7234)
[Dev] interact @Area3D@66070 world=(44.5, 0.0, 69.5) screen=(2121.067, 1436.874)
[Dev] interact @Area3D@66071 world=(73.5, 0.0, 49.5) screen=(4388.952, 1677.367)
[Dev] interact @Area3D@66072 world=(88.5, 0.0, 52.5) screen=(4944.352, 2158.353)
[Dev] removed 74 enemies
[Click] world=(125.5, 0.0, 34.5) cell=(125, 34)
[Field] jeongnyeongjae seed=3599041059 128x176 props=2821 packs=13 enemies=72 waypoint=(61, 66) roster=hwajeok,vampire_bat,lightning_master | hwajeok,hollin_yeogung_bow,gaekgwi elites=["8:금색×3@구간2", "10:금색×3@구간3"]
[Save] level 정령재 → user://save_e2e.json (C:/Users/FORYOUCOM/AppData/Roaming/Godot/app_userdata/Joseon Hunters/wt/codex-558-combat-clock-trace/save_e2e.json)
[Dev] stairs Down_cave dir=1 world=(60.5, 0.0, 3.5) screen=(9896.671, -2149.144)
[Dev] stairs Down_mine dir=1 world=(125.5, 0.0, 70.5) screen=(9804.104, 1378.087)
[Dev] interact Waypoint world=(61.5, 0.0, 66.5) screen=(7027.103, -487.0706)
[Dev] interact LootChest world=(5.5, 0.0, 141.5) screen=(963.9833, 20.637)
[Dev] interact @Area3D@67444 world=(26.5, 0.0, 123.5) screen=(2769.034, 100.8014)
[Dev] interact @Area3D@67445 world=(61.5, 0.0, 88.5) screen=(6008.868, 100.8013)
[Dev] interact @Area3D@67446 world=(82.5, 0.0, 48.5) screen=(8832.153, -406.9061)
[Dev] interact LootPot world=(70.5, 0.0, 9.5) screen=(10081.8, -1769.7)
[Dev] interact @Area3D@67447 world=(59.5, 0.0, 82.5) screen=(6194.002, -112.9702)
[Dev] interact @Area3D@67448 world=(39.5, 0.0, 58.5) screen=(6379.136, -1288.714)
[Dev] interact @Area3D@67449 world=(32.5, 0.0, 37.5) screen=(7027.103, -2036.915)
[Dev] interact @Area3D@67450 world=(30.5, 0.0, 123.5) screen=(2954.168, 207.6872)
[Dev] interact @Area3D@67451 world=(96.5, 0.0, 125.5) screen=(5916.303, 2024.746)
[Dev] interact @Area3D@67452 world=(89.5, 0.0, 59.5) screen=(8647.021, 74.08006)
[Dev] interact @Area3D@67453 world=(22.5, 0.0, 41.5) screen=(6379.136, -2197.243)
[Dev] interact @Area3D@67454 world=(56.5, 0.0, 51.5) screen=(7489.937, -1021.5)
[Dev] interact @Area3D@67455 world=(7.5, 0.0, 142.5) screen=(1010.267, 100.8013)
[Dev] interact @Area3D@67456 world=(101.5, 0.0, 72.5) screen=(8600.737, 742.1163)
[Dev] interact @Area3D@67457 world=(77.5, 0.0, 34.5) screen=(9248.703, -914.6136)
  · 정령재 적 72 { 4: 21, 5: 23, 6: 14, 7: 14 } · 장식 2821 · 소나무 1028 · 무리 13 · 서낭단 (61, 66)
[Dev] removed 72 enemies
[Click] world=(60.5, 0.0, 3.5) cell=(60, 3)
[Dungeon] beomgul 1층 lv=5 seed=3470036558 gen 64x64 rooms=10 up=(52, 51) down=(7, 7) enemies=41 roster=hwajeok,vampire_bat,spider elites=["방8:파란×3(깊이 0.63)"] named=-
[Save] level 범굴 1층 → user://save_e2e.json (C:/Users/FORYOUCOM/AppData/Roaming/Godot/app_userdata/Joseon Hunters/wt/codex-558-combat-clock-trace/save_e2e.json)
[Dev] stairs StairsUp dir=-1 world=(52.5, 0.0, 51.5) screen=(593.7166, 335.951)
[Dev] stairs StairsDown dir=1 world=(7.5, 0.0, 7.5) screen=(547.4335, -2042.258)
[Dev] interact LootChest world=(56.5, 0.0, 56.5) screen=(547.4333, 528.3447)
[Dev] interact @Area3D@67704 world=(47.5, 0.0, 34.5) screen=(1149.117, -300.0203)
[Dev] interact LootPot world=(25.5, 0.0, 15.5) screen=(1010.267, -1395.6)
[Dev] interact @Area3D@67705 world=(24.5, 0.0, 16.5) screen=(917.7001, -1395.6)
[Dev] interact @Area3D@67706 world=(24.5, 0.0, 15.5) screen=(963.9833, -1422.321)
[Dev] interact @Area3D@67707 world=(32.5, 0.0, 60.5) screen=(-748.5005, -6.084366)
[Dev] interact @Area3D@67708 world=(7.5, 0.0, 60.5) screen=(-1905.584, -674.1207)
[Dev] interact @Area3D@67709 world=(8.5, 0.0, 61.5) screen=(-1905.585, -620.6777)
[Dev] interact @Area3D@67710 world=(20.5, 0.0, 43.5) screen=(-517.084, -781.0064)
[Dev] interact @Area3D@67711 world=(56.5, 0.0, 23.5) screen=(2074.784, -353.4632)
[Dev] interact @Area3D@67712 world=(48.5, 0.0, 48.5) screen=(547.4333, 100.8015)
[Dev] interact @Area3D@67713 world=(48.5, 0.0, 49.5) screen=(501.1499, 127.5229)
[Field] jeongnyeongjae seed=3599041059 128x176 props=2821 packs=13 enemies=72 waypoint=(61, 66) roster=hwajeok,vampire_bat,lightning_master | hwajeok,hollin_yeogung_bow,gaekgwi elites=["8:금색×3@구간2", "10:금색×3@구간3"]
[Save] level 정령재 → user://save_e2e.json (C:/Users/FORYOUCOM/AppData/Roaming/Godot/app_userdata/Joseon Hunters/wt/codex-558-combat-clock-trace/save_e2e.json)
[Dev] stairs Down_cave dir=1 world=(60.5, 0.0, 3.5) screen=(825.1336, 255.7865)
[Dev] stairs Down_mine dir=1 world=(125.5, 0.0, 70.5) screen=(732.5671, 3783.018)
[Dev] interact Waypoint world=(61.5, 0.0, 66.5) screen=(-2044.434, 1917.86)
[Dev] interact LootChest world=(5.5, 0.0, 141.5) screen=(-8107.554, 2425.568)
[Dev] interact @Area3D@69084 world=(26.5, 0.0, 123.5) screen=(-6302.504, 2505.732)
[Dev] interact @Area3D@69085 world=(61.5, 0.0, 88.5) screen=(-3062.668, 2505.732)
[Dev] interact @Area3D@69086 world=(82.5, 0.0, 48.5) screen=(-239.3836, 1998.024)
[Dev] interact LootPot world=(70.5, 0.0, 9.5) screen=(1010.267, 635.2303)
[Dev] interact @Area3D@69087 world=(59.5, 0.0, 82.5) screen=(-2877.535, 2291.96)
[Dev] interact @Area3D@69088 world=(39.5, 0.0, 58.5) screen=(-2692.401, 1116.216)
[Dev] interact @Area3D@69089 world=(32.5, 0.0, 37.5) screen=(-2044.434, 368.0158)
[Dev] interact @Area3D@69090 world=(30.5, 0.0, 123.5) screen=(-6117.37, 2612.618)
[Dev] interact @Area3D@69091 world=(96.5, 0.0, 125.5) screen=(-3155.235, 4429.677)
[Dev] interact @Area3D@69092 world=(89.5, 0.0, 59.5) screen=(-424.517, 2479.01)
[Dev] interact @Area3D@69093 world=(22.5, 0.0, 41.5) screen=(-2692.401, 207.6872)
[Dev] interact @Area3D@69094 world=(56.5, 0.0, 51.5) screen=(-1581.601, 1383.431)
[Dev] interact @Area3D@69095 world=(7.5, 0.0, 142.5) screen=(-8061.271, 2505.732)
[Dev] interact @Area3D@69096 world=(101.5, 0.0, 72.5) screen=(-470.8004, 3147.047)
[Dev] interact @Area3D@69097 world=(77.5, 0.0, 34.5) screen=(177.1666, 1490.317)
[Click] world=(2.5, 0.0, 150.5) cell=(2, 150)
[Dev] item 화염부 world=(32.5, 0.0, 70.5) screen=(5591.263, -1072.859)
[Dev] item 빙결부 world=(33.5, 0.0, 69.5) screen=(5683.829, -1072.859)
[Field] deulnyeok seed=355022911 128x128 props=2252 packs=18 enemies=74 waypoint=(62, 65) roster=bandit,bat,talisman_master elites=["13:파란×4@구간3"]
[Save] level 못골 들녘 → user://save_e2e.json (C:/Users/FORYOUCOM/AppData/Roaming/Godot/app_userdata/Joseon Hunters/wt/codex-558-combat-clock-trace/save_e2e.json)
[Dev] stairs Down_cave dir=1 world=(88.5, 0.0, 3.5) screen=(593.7169, -1320.779)
[Dev] interact Waypoint world=(62.5, 0.0, 65.5) screen=(-3479.219, -406.9063)
[Dev] interact FloorItem world=(32.5, 0.0, 70.5) screen=(-5099.136, -1074.942)
[Dev] interact @Area3D@69600 world=(33.5, 0.0, 69.5) screen=(-5006.569, -1074.942)
[Dev] interact PusJar world=(95.5, 0.0, 103.5) screen=(-3710.635, 1490.317)
[Dev] interact @Area3D@69747 world=(101.5, 0.0, 105.5) screen=(-3525.502, 1704.088)
[Dev] interact @Area3D@69748 world=(98.5, 0.0, 107.5) screen=(-3756.919, 1677.367)
[Dev] interact LootChest world=(27.5, 0.0, 70.5) screen=(-5330.552, -1208.55)
[Dev] interact @Area3D@69749 world=(94.5, 0.0, 100.5) screen=(-3618.069, 1383.431)
[Dev] interact @Area3D@69750 world=(55.5, 0.0, 52.5) screen=(-3201.519, -941.3351)
[Dev] interact LootPot world=(46.5, 0.0, 68.5) screen=(-4358.602, -754.2852)
[Dev] interact @Area3D@69751 world=(73.5, 0.0, 47.5) screen=(-2137.001, -593.9564)
[Dev] interact @Area3D@69752 world=(90.5, 0.0, 47.5) screen=(-1350.184, -139.6917)
[Dev] interact @Area3D@69753 world=(111.5, 0.0, 49.5) screen=(-470.8004, 474.9017)
[Dev] interact @Area3D@69754 world=(101.5, 0.0, 101.5) screen=(-3340.369, 1597.203)
[Dev] interact @Area3D@69755 world=(86.5, 0.0, 76.5) screen=(-2877.535, 528.3445)
[Dev] interact @Area3D@69756 world=(53.5, 0.0, 52.5) screen=(-3294.085, -994.7781)
[Dev] interact @Area3D@69757 world=(87.5, 0.0, 95.5) screen=(-3710.635, 1062.774)
[Dev] interact @Area3D@69758 world=(26.5, 0.0, 66.5) screen=(-5191.703, -1342.157)
[Dev] interact @Area3D@69759 world=(17.5, 0.0, 60.5) screen=(-5330.552, -1742.979)
[Dev] interact @Area3D@69760 world=(86.5, 0.0, 22.5) screen=(-378.2337, -914.6139)
[Dev] interact @Area3D@69761 world=(59.5, 0.0, 65.5) screen=(-3618.069, -487.0705)
[Dev] interact @Area3D@69762 world=(18.5, 0.0, 74.5) screen=(-5932.236, -1342.157)
[Dev] interact @Area3D@69763 world=(44.5, 0.0, 69.5) screen=(-4497.452, -781.0064)
[Dev] interact @Area3D@69764 world=(73.5, 0.0, 49.5) screen=(-2229.568, -540.5135)
[Dev] interact @Area3D@69765 world=(88.5, 0.0, 52.5) screen=(-1674.168, -59.52732)
E2E field2_layout PASS (검사 20)
[Audio] BGM town → town.ogg
[Save] level 못골 마을 → user://save_e2e.json (C:/Users/FORYOUCOM/AppData/Roaming/Godot/app_userdata/Joseon Hunters/wt/codex-558-combat-clock-trace/save_e2e.json)
[Dev] stairs DungeonEntrance dir=1 world=(0.0, 0.0, -31.0) screen=(2121.067, -492.4143)
[Dev] interact Merchant world=(5.4, 0.0, -2.4) screen=(1047.293, 368.0158)
[Dev] interact Shaman world=(-5.6, 0.0, 0.4) screen=(408.5833, 148.8999)
[Dev] interact Elder world=(2.0, 0.0, -5.6) screen=(1038.037, 191.6542)
[Dev] interact Jumo world=(7.1, 0.0, -1.4) screen=(1079.692, 440.1637)
[Dev] interact Waypoint world=(-4.2, 0.0, 2.2) screen=(390.0698, 234.4085)
E2E ▶ gate_hover
[Field] jeongnyeongjae seed=3599041059 128x176 props=2821 packs=13 enemies=72 waypoint=(61, 66) roster=hwajeok,vampire_bat,lightning_master | hwajeok,hollin_yeogung_bow,gaekgwi elites=["8:금색×3@구간2", "10:금색×3@구간3"]
[Audio] BGM dungeon → dungeon_3.ogg
[Save] level 정령재 → user://save_e2e.json (C:/Users/FORYOUCOM/AppData/Roaming/Godot/app_userdata/Joseon Hunters/wt/codex-558-combat-clock-trace/save_e2e.json)
[Dev] stairs Down_cave dir=1 world=(60.5, 0.0, 3.5) screen=(825.1336, 255.7865)
[Dev] stairs Down_mine dir=1 world=(125.5, 0.0, 70.5) screen=(732.5671, 3783.018)
[Dev] interact Waypoint world=(61.5, 0.0, 66.5) screen=(-2044.434, 1917.86)
[Dev] interact LootChest world=(5.5, 0.0, 141.5) screen=(-8107.554, 2425.568)
[Dev] interact @Area3D@71295 world=(26.5, 0.0, 123.5) screen=(-6302.504, 2505.732)
[Dev] interact @Area3D@71296 world=(61.5, 0.0, 88.5) screen=(-3062.668, 2505.732)
[Dev] interact @Area3D@71297 world=(82.5, 0.0, 48.5) screen=(-239.3836, 1998.024)
[Dev] interact LootPot world=(70.5, 0.0, 9.5) screen=(1010.267, 635.2303)
[Dev] interact @Area3D@71298 world=(59.5, 0.0, 82.5) screen=(-2877.535, 2291.96)
[Dev] interact @Area3D@71299 world=(39.5, 0.0, 58.5) screen=(-2692.401, 1116.216)
[Dev] interact @Area3D@71300 world=(32.5, 0.0, 37.5) screen=(-2044.434, 368.0158)
[Dev] interact @Area3D@71301 world=(30.5, 0.0, 123.5) screen=(-6117.37, 2612.618)
[Dev] interact @Area3D@71302 world=(96.5, 0.0, 125.5) screen=(-3155.235, 4429.677)
[Dev] interact @Area3D@71303 world=(89.5, 0.0, 59.5) screen=(-424.517, 2479.01)
[Dev] interact @Area3D@71304 world=(22.5, 0.0, 41.5) screen=(-2692.401, 207.6872)
[Dev] interact @Area3D@71305 world=(56.5, 0.0, 51.5) screen=(-1581.601, 1383.431)
[Dev] interact @Area3D@71306 world=(7.5, 0.0, 142.5) screen=(-8061.271, 2505.732)
[Dev] interact @Area3D@71307 world=(101.5, 0.0, 72.5) screen=(-470.8004, 3147.047)
[Dev] interact @Area3D@71308 world=(77.5, 0.0, 34.5) screen=(177.1666, 1490.317)
[Dev] removed 72 enemies
E2E gate_hover PASS (검사 6)
[Audio] BGM town → town.ogg
[Save] level 못골 마을 → user://save_e2e.json (C:/Users/FORYOUCOM/AppData/Roaming/Godot/app_userdata/Joseon Hunters/wt/codex-558-combat-clock-trace/save_e2e.json)
[Dev] stairs DungeonEntrance dir=1 world=(0.0, 0.0, -31.0) screen=(2121.067, -492.4143)
[Dev] interact Merchant world=(5.4, 0.0, -2.4) screen=(1047.293, 368.0158)
[Dev] interact Shaman world=(-5.6, 0.0, 0.4) screen=(408.5833, 148.8999)
[Dev] interact Elder world=(2.0, 0.0, -5.6) screen=(1038.037, 191.6542)
[Dev] interact Jumo world=(7.1, 0.0, -1.4) screen=(1079.692, 440.1637)
[Dev] interact Waypoint world=(-4.2, 0.0, 2.2) screen=(390.0698, 234.4085)
E2E ▶ pack_density
[Field] jeongnyeongjae seed=3599041059 128x176 props=2821 packs=13 enemies=72 waypoint=(61, 66) roster=hwajeok,vampire_bat,lightning_master | hwajeok,hollin_yeogung_bow,gaekgwi elites=["8:금색×3@구간2", "10:금색×3@구간3"]
[Audio] BGM dungeon → dungeon_1.ogg
[Save] level 정령재 → user://save_e2e.json (C:/Users/FORYOUCOM/AppData/Roaming/Godot/app_userdata/Joseon Hunters/wt/codex-558-combat-clock-trace/save_e2e.json)
[Dev] stairs Down_cave dir=1 world=(60.5, 0.0, 3.5) screen=(9896.671, -2149.144)
[Dev] stairs Down_mine dir=1 world=(125.5, 0.0, 70.5) screen=(9804.104, 1378.087)
[Dev] interact Waypoint world=(61.5, 0.0, 66.5) screen=(7027.103, -487.0706)
[Dev] interact LootChest world=(5.5, 0.0, 141.5) screen=(963.9833, 20.637)
[Dev] interact @Area3D@72838 world=(26.5, 0.0, 123.5) screen=(2769.034, 100.8014)
[Dev] interact @Area3D@72839 world=(61.5, 0.0, 88.5) screen=(6008.868, 100.8013)
[Dev] interact @Area3D@72840 world=(82.5, 0.0, 48.5) screen=(8832.153, -406.9061)
[Dev] interact LootPot world=(70.5, 0.0, 9.5) screen=(10081.8, -1769.7)
[Dev] interact @Area3D@72841 world=(59.5, 0.0, 82.5) screen=(6194.002, -112.9702)
[Dev] interact @Area3D@72842 world=(39.5, 0.0, 58.5) screen=(6379.136, -1288.714)
[Dev] interact @Area3D@72843 world=(32.5, 0.0, 37.5) screen=(7027.103, -2036.915)
[Dev] interact @Area3D@72844 world=(30.5, 0.0, 123.5) screen=(2954.168, 207.6872)
[Dev] interact @Area3D@72845 world=(96.5, 0.0, 125.5) screen=(5916.303, 2024.746)
[Dev] interact @Area3D@72846 world=(89.5, 0.0, 59.5) screen=(8647.021, 74.08006)
[Dev] interact @Area3D@72847 world=(22.5, 0.0, 41.5) screen=(6379.136, -2197.243)
[Dev] interact @Area3D@72848 world=(56.5, 0.0, 51.5) screen=(7489.937, -1021.5)
[Dev] interact @Area3D@72849 world=(7.5, 0.0, 142.5) screen=(1010.267, 100.8013)
[Dev] interact @Area3D@72850 world=(101.5, 0.0, 72.5) screen=(8600.737, 742.1163)
[Dev] interact @Area3D@72851 world=(77.5, 0.0, 34.5) screen=(9248.703, -914.6136)
  · 정령재 첫 무리(레벨 4 · 구간 1) 자리 둘레 4칸 적 3(무리 배정 3몸) · 층 총 적 72 · 무리 수 13
[Dungeon] beomgul 1층 lv=5 seed=3470036558 gen 64x64 rooms=10 up=(52, 51) down=(7, 7) enemies=41 roster=hwajeok,vampire_bat,spider elites=["방8:파란×3(깊이 0.63)"] named=-
[Save] level 범굴 1층 → user://save_e2e.json (C:/Users/FORYOUCOM/AppData/Roaming/Godot/app_userdata/Joseon Hunters/wt/codex-558-combat-clock-trace/save_e2e.json)
[Dev] stairs StairsUp dir=-1 world=(52.5, 0.0, 51.5) screen=(593.7166, 335.951)
[Dev] stairs StairsDown dir=1 world=(7.5, 0.0, 7.5) screen=(547.4335, -2042.258)
[Dev] interact LootChest world=(56.5, 0.0, 56.5) screen=(547.4333, 528.3447)
[Dev] interact @Area3D@73098 world=(47.5, 0.0, 34.5) screen=(1149.117, -300.0203)
[Dev] interact LootPot world=(25.5, 0.0, 15.5) screen=(1010.267, -1395.6)
[Dev] interact @Area3D@73099 world=(24.5, 0.0, 16.5) screen=(917.7001, -1395.6)
[Dev] interact @Area3D@73100 world=(24.5, 0.0, 15.5) screen=(963.9833, -1422.321)
[Dev] interact @Area3D@73101 world=(32.5, 0.0, 60.5) screen=(-748.5005, -6.084366)
[Dev] interact @Area3D@73102 world=(7.5, 0.0, 60.5) screen=(-1905.584, -674.1207)
[Dev] interact @Area3D@73103 world=(8.5, 0.0, 61.5) screen=(-1905.585, -620.6777)
[Dev] interact @Area3D@73104 world=(20.5, 0.0, 43.5) screen=(-517.084, -781.0064)
[Dev] interact @Area3D@73105 world=(56.5, 0.0, 23.5) screen=(2074.784, -353.4632)
[Dev] interact @Area3D@73106 world=(48.5, 0.0, 48.5) screen=(547.4333, 100.8015)
[Dev] interact @Area3D@73107 world=(48.5, 0.0, 49.5) screen=(501.1499, 127.5229)
  · 범굴 1층 첫 방((12, 14)) 적 3 · 층 총 적 41
E2E pack_density PASS (검사 2)
[Audio] BGM town → town.ogg
[Save] level 못골 마을 → user://save_e2e.json (C:/Users/FORYOUCOM/AppData/Roaming/Godot/app_userdata/Joseon Hunters/wt/codex-558-combat-clock-trace/save_e2e.json)
[Dev] stairs DungeonEntrance dir=1 world=(0.0, 0.0, -31.0) screen=(2121.067, -492.4143)
[Dev] interact Merchant world=(5.4, 0.0, -2.4) screen=(1047.293, 368.0158)
[Dev] interact Shaman world=(-5.6, 0.0, 0.4) screen=(408.5833, 148.8999)
[Dev] interact Elder world=(2.0, 0.0, -5.6) screen=(1038.037, 191.6542)
[Dev] interact Jumo world=(7.1, 0.0, -1.4) screen=(1079.692, 440.1637)
[Dev] interact Waypoint world=(-4.2, 0.0, 2.2) screen=(390.0698, 234.4085)
E2E ▶ slice_loop
[Click] world=(16.4, 0.0, 11.4) cell=(16, 11)
[Dev] item 화염부 world=(32.5, 0.0, 70.5) screen=(-1257.617, 2448.569)
[Dev] item 빙결부 world=(33.5, 0.0, 69.5) screen=(-1165.051, 2448.569)
[Field] deulnyeok seed=355022911 128x128 props=2252 packs=18 enemies=74 waypoint=(62, 65) roster=bandit,bat,talisman_master elites=["13:파란×4@구간3"]
[Audio] BGM dungeon → dungeon_4.ogg
[Save] level 못골 들녘 → user://save_e2e.json (C:/Users/FORYOUCOM/AppData/Roaming/Godot/app_userdata/Joseon Hunters/wt/codex-558-combat-clock-trace/save_e2e.json)
[Dev] stairs Down_cave dir=1 world=(88.5, 0.0, 3.5) screen=(7212.236, 897.1014)
[Dev] interact Waypoint world=(62.5, 0.0, 65.5) screen=(3139.301, 1810.974)
[Dev] interact FloorItem world=(32.5, 0.0, 70.5) screen=(1519.384, 1142.938)
[Dev] interact @Area3D@73768 world=(33.5, 0.0, 69.5) screen=(1611.95, 1142.938)
[Dev] interact PusJar world=(95.5, 0.0, 103.5) screen=(2907.884, 3708.197)
[Dev] interact @Area3D@73915 world=(101.5, 0.0, 105.5) screen=(3093.018, 3921.969)
[Dev] interact @Area3D@73916 world=(98.5, 0.0, 107.5) screen=(2861.601, 3895.247)
[Dev] interact LootChest world=(27.5, 0.0, 70.5) screen=(1287.967, 1009.331)
[Dev] interact @Area3D@73917 world=(94.5, 0.0, 100.5) screen=(3000.451, 3601.312)
[Dev] interact @Area3D@73918 world=(55.5, 0.0, 52.5) screen=(3417.001, 1276.545)
[Dev] interact LootPot world=(46.5, 0.0, 68.5) screen=(2259.917, 1463.595)
[Dev] interact @Area3D@73919 world=(73.5, 0.0, 47.5) screen=(4481.519, 1623.924)
[Dev] interact @Area3D@73920 world=(90.5, 0.0, 47.5) screen=(5268.335, 2078.189)
[Dev] interact @Area3D@73921 world=(111.5, 0.0, 49.5) screen=(6147.719, 2692.782)
[Dev] interact @Area3D@73922 world=(101.5, 0.0, 101.5) screen=(3278.151, 3815.083)
[Dev] interact @Area3D@73923 world=(86.5, 0.0, 76.5) screen=(3740.984, 2746.225)
[Dev] interact @Area3D@73924 world=(53.5, 0.0, 52.5) screen=(3324.434, 1223.102)
[Dev] interact @Area3D@73925 world=(87.5, 0.0, 95.5) screen=(2907.884, 3280.654)
[Dev] interact @Area3D@73926 world=(26.5, 0.0, 66.5) screen=(1426.817, 875.7234)
[Dev] interact @Area3D@73927 world=(17.5, 0.0, 60.5) screen=(1287.967, 474.9016)
[Dev] interact @Area3D@73928 world=(86.5, 0.0, 22.5) screen=(6240.286, 1303.266)
[Dev] interact @Area3D@73929 world=(59.5, 0.0, 65.5) screen=(3000.451, 1730.81)
[Dev] interact @Area3D@73930 world=(18.5, 0.0, 74.5) screen=(686.2832, 875.7234)
[Dev] interact @Area3D@73931 world=(44.5, 0.0, 69.5) screen=(2121.067, 1436.874)
[Dev] interact @Area3D@73932 world=(73.5, 0.0, 49.5) screen=(4388.952, 1677.367)
[Dev] interact @Area3D@73933 world=(88.5, 0.0, 52.5) screen=(4944.352, 2158.353)
[Dev] removed 74 enemies
[Dev] stairs Down_cave dir=1 world=(88.5, 0.0, 3.5) screen=(4620.368, -652.7427)
[Dev] interact Waypoint world=(62.5, 0.0, 65.5) screen=(547.4333, 261.1302)
[Dev] interact FloorItem world=(32.5, 0.0, 70.5) screen=(-1072.484, -406.906)
[Dev] interact @Area3D@73768 world=(33.5, 0.0, 69.5) screen=(-979.9173, -406.9061)
[Dev] interact PusJar world=(95.5, 0.0, 103.5) screen=(316.0165, 2158.353)
[Dev] interact @Area3D@73915 world=(101.5, 0.0, 105.5) screen=(501.1499, 2372.125)
[Dev] interact @Area3D@73916 world=(98.5, 0.0, 107.5) screen=(269.7332, 2345.403)
[Dev] interact LootChest world=(27.5, 0.0, 70.5) screen=(-1303.901, -540.5132)
[Dev] interact @Area3D@73917 world=(94.5, 0.0, 100.5) screen=(408.5833, 2051.468)
[Dev] interact @Area3D@73918 world=(55.5, 0.0, 52.5) screen=(825.1334, -273.2989)
[Dev] interact LootPot world=(46.5, 0.0, 68.5) screen=(-331.9504, -86.24869)
[Dev] interact @Area3D@73919 world=(73.5, 0.0, 47.5) screen=(1889.651, 74.07999)
[Dev] interact @Area3D@73920 world=(90.5, 0.0, 47.5) screen=(2676.468, 528.3447)
[Dev] interact @Area3D@73921 world=(111.5, 0.0, 49.5) screen=(3555.852, 1142.938)
[Dev] interact @Area3D@73922 world=(101.5, 0.0, 101.5) screen=(686.2833, 2265.239)
[Dev] interact @Area3D@73923 world=(86.5, 0.0, 76.5) screen=(1149.117, 1196.381)
[Dev] interact @Area3D@73924 world=(53.5, 0.0, 52.5) screen=(732.5667, -326.7417)
[Dev] interact @Area3D@73925 world=(87.5, 0.0, 95.5) screen=(316.0165, 1730.81)
[Dev] interact @Area3D@73926 world=(26.5, 0.0, 66.5) screen=(-1165.051, -674.1207)
[Dev] interact @Area3D@73927 world=(17.5, 0.0, 60.5) screen=(-1303.901, -1074.942)
[Dev] interact @Area3D@73928 world=(86.5, 0.0, 22.5) screen=(3648.418, -246.5774)
[Dev] interact @Area3D@73929 world=(59.5, 0.0, 65.5) screen=(408.5832, 180.9658)
[Dev] interact @Area3D@73930 world=(18.5, 0.0, 74.5) screen=(-1905.584, -674.1207)
[Dev] interact @Area3D@73931 world=(44.5, 0.0, 69.5) screen=(-470.8006, -112.9701)
[Dev] interact @Area3D@73932 world=(73.5, 0.0, 49.5) screen=(1797.084, 127.5229)
[Dev] interact @Area3D@73933 world=(88.5, 0.0, 52.5) screen=(2352.484, 608.5091)
[Click] world=(62.5, 0.0, 65.5) cell=(62, 65)
[Waypoint] activated deulnyeok:0
[Click] world=(88.5, 0.0, 3.5) cell=(88, 3)
[Dungeon] heukrang_gul 1층 lv=2 seed=403727558 gen 64x64 rooms=6 up=(44, 56) down=(7, 23) enemies=20 roster=bandit,bat,talisman_master elites=["방2:금색×3(깊이 0.50)"] named=-
[Quest] heukrang_gul 1층 — 싹쓸이 셈 시작 20 (heukrang_clear:none)
[Save] level 흑랑 굴 1층 → user://save_e2e.json (C:/Users/FORYOUCOM/AppData/Roaming/Godot/app_userdata/Joseon Hunters/wt/codex-558-combat-clock-trace/save_e2e.json)
[Dev] stairs StairsUp dir=-1 world=(44.5, 0.0, 56.5) screen=(593.7165, 335.9509)
[Dev] stairs StairsDown dir=1 world=(7.5, 0.0, 23.5) screen=(408.583, -1534.551)
[Dev] interact PusJar world=(29.5, 0.0, 42.5) screen=(547.433, -487.0705)
[Dev] interact @Area3D@74116 world=(14.5, 0.0, 24.5) screen=(686.2831, -1368.878)
[Dev] interact @Area3D@74117 world=(23.5, 0.0, 18.5) screen=(1380.534, -1288.714)
[Dev] interact LootChest world=(29.5, 0.0, 39.5) screen=(686.2831, -567.2349)
[Dev] interact @Area3D@74118 world=(40.5, 0.0, 38.5) screen=(1241.683, -300.0204)
[Dev] interact LootPot world=(21.5, 0.0, 43.5) screen=(130.8828, -674.1207)
[Dev] interact @Area3D@74119 world=(22.5, 0.0, 44.5) screen=(130.8829, -620.6779)
[Dev] interact @Area3D@74120 world=(19.5, 0.0, 9.5) screen=(1611.95, -1636.093)
[Dev] interact @Area3D@74121 world=(20.5, 0.0, 9.5) screen=(1658.234, -1609.372)
[Dev] interact @Area3D@74122 world=(44.5, 0.0, 51.5) screen=(825.1333, 154.2443)
[Dev] interact @Area3D@74123 world=(44.5, 0.0, 52.5) screen=(778.8499, 180.9657)
[Dev] interact @Area3D@74124 world=(21.5, 0.0, 39.5) screen=(316.0163, -781.0065)
[Dev] removed 20 enemies
[Click] world=(7.500002, 0.0, 23.5) cell=(7, 23)
[Dungeon] heukrang_gul 2층 lv=3 seed=3189434797 preset 28x28 rooms=2 up=(22, 23) down=(-1, -1) enemies=2 roster=bat elites=[] named=-
[Audio] BGM boss → boss.ogg
[Save] level 흑랑 굴 2층 → user://save_e2e.json (C:/Users/FORYOUCOM/AppData/Roaming/Godot/app_userdata/Joseon Hunters/wt/codex-558-combat-clock-trace/save_e2e.json)
[Dev] stairs StairsUp dir=-1 world=(22.5, 0.0, 23.5) screen=(593.7167, 335.9507)
[Dev] near boss hp=195/195
[Kill] +185 xp (lv 4, 4/160)
[LevelUp] lv=4 stat_pts=15 skill_pts=3
[Dev] item 탕약 — 쌍화탕 world=(7.7, 0.0, 8.5) screen=(510.4066, 270.6898)
[Dev] item 청심환 world=(7.7, 0.0, 8.5) screen=(510.4066, 270.6898)
[Dev] item 영약 — 생맥산 world=(7.7, 0.0, 8.5) screen=(510.4066, 270.6898)
[Dev] item 식별부첩 world=(7.7, 0.0, 8.5) screen=(510.4066, 270.6898)
[Dev] item 흑랑 이빨 world=(7.7, 0.0, 8.5) screen=(510.4066, 270.6898)
[Dev] item 미식별 정자관 world=(7.7, 0.0, 8.5) screen=(510.4066, 270.6898)
[Dev] item 미식별 미투리 world=(7.7, 0.0, 8.5) screen=(510.4066, 270.6898)
[Dev] item 미식별 옥패 world=(7.7, 0.0, 8.5) screen=(510.4066, 270.6898)
[Loot] 보스 전용 유니크 — boss_heukrang 첫 처치 → u_heukrang_fang (회차 1)
[Dev] item 흑랑의 봉인패 world=(7.7, 0.0, 8.5) screen=(510.4066, 270.6898)
[Dev] item 엽전 world=(7.7, 0.0, 8.5) screen=(510.4066, 270.6898)
[Save] boss → user://save_e2e.json (C:/Users/FORYOUCOM/AppData/Roaming/Godot/app_userdata/Joseon Hunters/wt/codex-558-combat-clock-trace/save_e2e.json)
[Boss] killed area=heukrang_gul level=3 flags={ "opening_pending": false, "quest": { "heukrang_seal": { "state": "killed" }, "heukrang_clear": { "state": "none", "left": 20, "barked": false }, "heukrang_thanks": { "state": "killed" } }, "seal:boss_heukrang": 1, "boss_killed_heukrang_gul": true }
[Audio] 같은 순간 같은 큐 상한(3) 넘침 — drop ×4 (버림 누계 654)
[Dev] removed 3 enemies
[Dev] interact Portal world=(9.5, 0.0, 8.5) screen=(593.7167, 285.2009)
[Portal] opened heukrang_gul 2층 pos=(9.5, 0.0, 8.5)
[Click] world=(9.5, 0.0, 8.5) cell=(9, 8)
[Dev] interact Portal world=(-1.2, 0.0, 2.4) screen=(579.8315, 279.835)
[Audio] BGM town → town.ogg
[Save] level 못골 마을 → user://save_e2e.json (C:/Users/FORYOUCOM/AppData/Roaming/Godot/app_userdata/Joseon Hunters/wt/codex-558-combat-clock-trace/save_e2e.json)
[Portal] travel → motgol 0층 portal={ "area": &"heukrang_gul", "floor": 2, "pos": (9.5, 0.0, 8.5), "returned": false }
[Dev] stairs DungeonEntrance dir=1 world=(0.0, 0.0, -31.0) screen=(2181.236, -532.4963)
[Dev] interact Merchant world=(5.4, 0.0, -2.4) screen=(1107.462, 327.9336)
[Dev] interact Shaman world=(-5.6, 0.0, 0.4) screen=(468.7516, 108.8176)
[Dev] interact Elder world=(2.0, 0.0, -5.6) screen=(1098.205, 151.572)
[Dev] interact Jumo world=(7.1, 0.0, -1.4) screen=(1139.86, 400.0815)
[Dev] interact Waypoint world=(-4.2, 0.0, 2.2) screen=(450.2382, 194.3264)
[Dev] interact Portal world=(-1.2, 0.0, 2.4) screen=(579.8315, 279.835)
[Load] lv=4 gold=0 flags={ "boss_killed_heukrang_gul": true, "opening_pending": false, "quest": { "heukrang_clear": { "state": "none", "left": 20, "barked": false }, "heukrang_seal": { "state": "killed" }, "heukrang_thanks": { "state": "killed" } }, "seal:boss_heukrang": 1.0 } portal={ "area": &"heukrang_gul", "floor": 2, "pos": (9.5, 0.0, 8.5), "returned": false } wps=["deulnyeok:0"]
[Dev] interact Portal world=(-1.2, 0.0, 2.4) screen=(519.6633, 319.9171)
[Save] level 못골 마을 → user://save_e2e.json (C:/Users/FORYOUCOM/AppData/Roaming/Godot/app_userdata/Joseon Hunters/wt/codex-558-combat-clock-trace/save_e2e.json)
[Dev] stairs DungeonEntrance dir=1 world=(0.0, 0.0, -31.0) screen=(2121.067, -492.4143)
[Dev] interact Merchant world=(5.4, 0.0, -2.4) screen=(1047.293, 368.0158)
[Dev] interact Shaman world=(-5.6, 0.0, 0.4) screen=(408.5833, 148.8999)
[Dev] interact Elder world=(2.0, 0.0, -5.6) screen=(1038.037, 191.6542)
[Dev] interact Jumo world=(7.1, 0.0, -1.4) screen=(1079.692, 440.1637)
[Dev] interact Waypoint world=(-4.2, 0.0, 2.2) screen=(390.0698, 234.4085)
[Dev] interact Portal world=(-1.2, 0.0, 2.4) screen=(519.6633, 319.9171)
E2E slice_loop PASS (검사 29)
[Save] level 못골 마을 → user://save_e2e.json (C:/Users/FORYOUCOM/AppData/Roaming/Godot/app_userdata/Joseon Hunters/wt/codex-558-combat-clock-trace/save_e2e.json)
[Dev] stairs DungeonEntrance dir=1 world=(0.0, 0.0, -31.0) screen=(2121.067, -492.4143)
[Dev] interact Merchant world=(5.4, 0.0, -2.4) screen=(1047.293, 368.0158)
[Dev] interact Shaman world=(-5.6, 0.0, 0.4) screen=(408.5833, 148.8999)
[Dev] interact Elder world=(2.0, 0.0, -5.6) screen=(1038.037, 191.6542)
[Dev] interact Jumo world=(7.1, 0.0, -1.4) screen=(1079.692, 440.1637)
[Dev] interact Waypoint world=(-4.2, 0.0, 2.2) screen=(390.0698, 234.4085)
E2E ▶ plaza_light
  · 환경광 0.18 · 해 0.33 · 등롱 2.20/4.6 · 플레이어 빛 1.40/4.5 · 캐릭터 빛 0.45
E2E plaza_light PASS (검사 8)
[Save] level 못골 마을 → user://save_e2e.json (C:/Users/FORYOUCOM/AppData/Roaming/Godot/app_userdata/Joseon Hunters/wt/codex-558-combat-clock-trace/save_e2e.json)
[Dev] stairs DungeonEntrance dir=1 world=(0.0, 0.0, -31.0) screen=(2121.067, -492.4143)
[Dev] interact Merchant world=(5.4, 0.0, -2.4) screen=(1047.293, 368.0158)
[Dev] interact Shaman world=(-5.6, 0.0, 0.4) screen=(408.5833, 148.8999)
[Dev] interact Elder world=(2.0, 0.0, -5.6) screen=(1038.037, 191.6542)
[Dev] interact Jumo world=(7.1, 0.0, -1.4) screen=(1079.692, 440.1637)
[Dev] interact Waypoint world=(-4.2, 0.0, 2.2) screen=(390.0698, 234.4085)
E2E ▶ town_tour
E2E town_tour PASS (검사 2)
[Save] level 못골 마을 → user://save_e2e.json (C:/Users/FORYOUCOM/AppData/Roaming/Godot/app_userdata/Joseon Hunters/wt/codex-558-combat-clock-trace/save_e2e.json)
[Dev] stairs DungeonEntrance dir=1 world=(0.0, 0.0, -31.0) screen=(2121.067, -492.4143)
[Dev] interact Merchant world=(5.4, 0.0, -2.4) screen=(1047.293, 368.0158)
[Dev] interact Shaman world=(-5.6, 0.0, 0.4) screen=(408.5833, 148.8999)
[Dev] interact Elder world=(2.0, 0.0, -5.6) screen=(1038.037, 191.6542)
[Dev] interact Jumo world=(7.1, 0.0, -1.4) screen=(1079.692, 440.1637)
[Dev] interact Waypoint world=(-4.2, 0.0, 2.2) screen=(390.0698, 234.4085)
E2E ▶ aoe_field
[Dungeon] heukrang_gul 1층 lv=2 seed=403727558 gen 64x64 rooms=6 up=(44, 56) down=(7, 23) enemies=20 roster=bandit,bat,talisman_master elites=["방2:금색×3(깊이 0.50)"] named=-
[Quest] heukrang_gul 1층 — 싹쓸이 셈 시작 20 (heukrang_clear:none)
[Audio] BGM dungeon → dungeon_1.ogg
[Save] level 흑랑 굴 1층 → user://save_e2e.json (C:/Users/FORYOUCOM/AppData/Roaming/Godot/app_userdata/Joseon Hunters/wt/codex-558-combat-clock-trace/save_e2e.json)
[Dev] stairs StairsUp dir=-1 world=(44.5, 0.0, 56.5) screen=(593.7165, 335.9509)
[Dev] stairs StairsDown dir=1 world=(7.5, 0.0, 23.5) screen=(408.583, -1534.551)
[Dev] interact PusJar world=(29.5, 0.0, 42.5) screen=(547.433, -487.0705)
[Dev] interact @Area3D@75192 world=(14.5, 0.0, 24.5) screen=(686.2831, -1368.878)
[Dev] interact @Area3D@75193 world=(23.5, 0.0, 18.5) screen=(1380.534, -1288.714)
[Dev] interact LootChest world=(29.5, 0.0, 39.5) screen=(686.2831, -567.2349)
[Dev] interact @Area3D@75194 world=(40.5, 0.0, 38.5) screen=(1241.683, -300.0204)
[Dev] interact LootPot world=(21.5, 0.0, 43.5) screen=(130.8828, -674.1207)
[Dev] interact @Area3D@75195 world=(22.5, 0.0, 44.5) screen=(130.8829, -620.6779)
[Dev] interact @Area3D@75196 world=(19.5, 0.0, 9.5) screen=(1611.95, -1636.093)
[Dev] interact @Area3D@75197 world=(20.5, 0.0, 9.5) screen=(1658.234, -1609.372)
[Dev] interact @Area3D@75198 world=(44.5, 0.0, 51.5) screen=(825.1333, 154.2443)
[Dev] interact @Area3D@75199 world=(44.5, 0.0, 52.5) screen=(778.8499, 180.9657)
[Dev] interact @Area3D@75200 world=(21.5, 0.0, 39.5) screen=(316.0163, -781.0065)
[Dev] removed 20 enemies
[Dev] 장판 dev_test 반경 2.2 · 8.0초 · 틱 0.5초 · 예고 0.0초 (살아 있는 판 1)
[Dev] 장판 틱 dev_test #1 → Player
[Dev] 장판 틱 dev_test #2 → Player
[Dev] 장판 틱 dev_test #3 → Player
[Dev] 장판 dev_test 반경 2.2 · 8.0초 · 틱 0.5초 · 예고 0.0초 (살아 있는 판 2)
[Dev] 장판 dev_test 반경 2.2 · 8.0초 · 틱 0.5초 · 예고 0.0초 (살아 있는 판 2)
[Dev] 장판 틱 dev_test #1 → Player
[Dev] 장판 틱 dev_test #2 → Player
[Dev] 장판 틱 dev_test #3 → Player
[Dev] 장판 틱 dev_test #4 → Player
[Dev] 장판 틱 dev_test #5 → Player
[Dev] 장판 틱 dev_test #6 → Player
[Dev] 장판 틱 dev_test #7 → Player
[Dev] 장판 틱 dev_test #8 → Player
[Dev] 장판 틱 dev_test #9 → Player
[Dev] 장판 틱 dev_test #10 → Player
[Dev] 장판 지움 1
[Dev] 장판 dev_burst 반경 3.0 · 0.5초 · 틱 0.0초 · 예고 0.6초 (살아 있는 판 1)
[Dev] 장판 틱 dev_burst #1 → Player
[Dev] 장판 dev_test 반경 2.2 · 8.0초 · 틱 0.5초 · 예고 0.0초 (살아 있는 판 1)
[Dungeon] heukrang_gul 2층 lv=3 seed=3189434797 preset 28x28 rooms=2 up=(22, 23) down=(-1, -1) enemies=2 roster=bat elites=[] named=-
[Audio] BGM boss → boss.ogg
[Save] level 흑랑 굴 2층 → user://save_e2e.json (C:/Users/FORYOUCOM/AppData/Roaming/Godot/app_userdata/Joseon Hunters/wt/codex-558-combat-clock-trace/save_e2e.json)
[Dev] stairs StairsUp dir=-1 world=(22.5, 0.0, 23.5) screen=(593.7167, 335.9507)
E2E aoe_field PASS (검사 20)
[Audio] BGM town → town.ogg
[Save] level 못골 마을 → user://save_e2e.json (C:/Users/FORYOUCOM/AppData/Roaming/Godot/app_userdata/Joseon Hunters/wt/codex-558-combat-clock-trace/save_e2e.json)
[Dev] stairs DungeonEntrance dir=1 world=(0.0, 0.0, -31.0) screen=(2121.067, -492.4143)
[Dev] interact Merchant world=(5.4, 0.0, -2.4) screen=(1047.293, 368.0158)
[Dev] interact Shaman world=(-5.6, 0.0, 0.4) screen=(408.5833, 148.8999)
[Dev] interact Elder world=(2.0, 0.0, -5.6) screen=(1038.037, 191.6542)
[Dev] interact Jumo world=(7.1, 0.0, -1.4) screen=(1079.692, 440.1637)
[Dev] interact Waypoint world=(-4.2, 0.0, 2.2) screen=(390.0698, 234.4085)
E2E ▶ long_body
[Dungeon] heukrang_gul 1층 lv=2 seed=403727558 gen 64x64 rooms=6 up=(44, 56) down=(7, 23) enemies=20 roster=bandit,bat,talisman_master elites=["방2:금색×3(깊이 0.50)"] named=-
[Quest] heukrang_gul 1층 — 싹쓸이 셈 시작 20 (heukrang_clear:none)
[Audio] BGM dungeon → dungeon_2.ogg
[Save] level 흑랑 굴 1층 → user://save_e2e.json (C:/Users/FORYOUCOM/AppData/Roaming/Godot/app_userdata/Joseon Hunters/wt/codex-558-combat-clock-trace/save_e2e.json)
[Dev] stairs StairsUp dir=-1 world=(44.5, 0.0, 56.5) screen=(593.7165, 335.9509)
[Dev] stairs StairsDown dir=1 world=(7.5, 0.0, 23.5) screen=(408.583, -1534.551)
[Dev] interact PusJar world=(29.5, 0.0, 42.5) screen=(547.433, -487.0705)
[Dev] interact @Area3D@75612 world=(14.5, 0.0, 24.5) screen=(686.2831, -1368.878)
[Dev] interact @Area3D@75613 world=(23.5, 0.0, 18.5) screen=(1380.534, -1288.714)
[Dev] interact LootChest world=(29.5, 0.0, 39.5) screen=(686.2831, -567.2349)
[Dev] interact @Area3D@75614 world=(40.5, 0.0, 38.5) screen=(1241.683, -300.0204)
[Dev] interact LootPot world=(21.5, 0.0, 43.5) screen=(130.8828, -674.1207)
[Dev] interact @Area3D@75615 world=(22.5, 0.0, 44.5) screen=(130.8829, -620.6779)
[Dev] interact @Area3D@75616 world=(19.5, 0.0, 9.5) screen=(1611.95, -1636.093)
[Dev] interact @Area3D@75617 world=(20.5, 0.0, 9.5) screen=(1658.234, -1609.372)
[Dev] interact @Area3D@75618 world=(44.5, 0.0, 51.5) screen=(825.1333, 154.2443)
[Dev] interact @Area3D@75619 world=(44.5, 0.0, 52.5) screen=(778.8499, 180.9657)
[Dev] interact @Area3D@75620 world=(21.5, 0.0, 39.5) screen=(316.0163, -781.0065)
[Dev] removed 20 enemies
[Click] world=(27.5, 0.000391, 49.5) cell=(27, 49)
[Click] world=(27.5, 0.000391, 49.5) cell=(27, 49)
[Click] world=(27.5, 0.000391, 49.5) cell=(27, 49)
[Click] world=(27.5, 0.000391, 49.5) cell=(27, 49)
[Kill] +8 xp (lv 1, 8/20)
[Dev] item 엽전 world=(22.52841, 0.0, 49.5) screen=(872.7305, 478.3544)
[Dev] item 탕약 — 쌍화탕 world=(22.52841, 0.0, 49.5) screen=(872.7305, 478.3544)
[Save] quest → user://save_e2e.json (C:/Users/FORYOUCOM/AppData/Roaming/Godot/app_userdata/Joseon Hunters/wt/codex-558-combat-clock-trace/save_e2e.json)
[Quest] heukrang_clear 싹쓸이 완료 (none → killed)
[Dev] removed 1 enemies
[Kill] +8 xp (lv 1, 16/20)
[Dev] item 엽전 world=(27.5, 0.0, 49.5) screen=(1102.833, 611.2025)
[Dev] removed 1 enemies
E2E long_body PASS (검사 13)
[Audio] BGM town → town.ogg
[Save] level 못골 마을 → user://save_e2e.json (C:/Users/FORYOUCOM/AppData/Roaming/Godot/app_userdata/Joseon Hunters/wt/codex-558-combat-clock-trace/save_e2e.json)
[Dev] stairs DungeonEntrance dir=1 world=(0.0, 0.0, -31.0) screen=(2121.067, -492.4143)
[Dev] interact Merchant world=(5.4, 0.0, -2.4) screen=(1047.293, 368.0158)
[Dev] interact Shaman world=(-5.6, 0.0, 0.4) screen=(408.5833, 148.8999)
[Dev] interact Elder world=(2.0, 0.0, -5.6) screen=(1038.037, 191.6542)
[Dev] interact Jumo world=(7.1, 0.0, -1.4) screen=(1079.692, 440.1637)
[Dev] interact Waypoint world=(-4.2, 0.0, 2.2) screen=(390.0698, 234.4085)
E2E ▶ named_imugi
[Field] jeongnyeongjae seed=3599041059 128x176 props=2821 packs=13 enemies=72 waypoint=(61, 66) roster=hwajeok,vampire_bat,lightning_master | hwajeok,hollin_yeogung_bow,gaekgwi elites=["8:금색×3@구간2", "10:금색×3@구간3"]
[Audio] BGM dungeon → dungeon_3.ogg
[Save] level 정령재 → user://save_e2e.json (C:/Users/FORYOUCOM/AppData/Roaming/Godot/app_userdata/Joseon Hunters/wt/codex-558-combat-clock-trace/save_e2e.json)
[Dev] stairs Down_cave dir=1 world=(60.5, 0.0, 3.5) screen=(9896.671, -2149.144)
[Dev] stairs Down_mine dir=1 world=(125.5, 0.0, 70.5) screen=(9804.104, 1378.087)
[Dev] interact Waypoint world=(61.5, 0.0, 66.5) screen=(7027.103, -487.0706)
[Dev] interact LootChest world=(5.5, 0.0, 141.5) screen=(963.9833, 20.637)
[Dev] interact @Area3D@77154 world=(26.5, 0.0, 123.5) screen=(2769.034, 100.8014)
[Dev] interact @Area3D@77155 world=(61.5, 0.0, 88.5) screen=(6008.868, 100.8013)
[Dev] interact @Area3D@77156 world=(82.5, 0.0, 48.5) screen=(8832.153, -406.9061)
[Dev] interact LootPot world=(70.5, 0.0, 9.5) screen=(10081.8, -1769.7)
[Dev] interact @Area3D@77157 world=(59.5, 0.0, 82.5) screen=(6194.002, -112.9702)
[Dev] interact @Area3D@77158 world=(39.5, 0.0, 58.5) screen=(6379.136, -1288.714)
[Dev] interact @Area3D@77159 world=(32.5, 0.0, 37.5) screen=(7027.103, -2036.915)
[Dev] interact @Area3D@77160 world=(30.5, 0.0, 123.5) screen=(2954.168, 207.6872)
[Dev] interact @Area3D@77161 world=(96.5, 0.0, 125.5) screen=(5916.303, 2024.746)
[Dev] interact @Area3D@77162 world=(89.5, 0.0, 59.5) screen=(8647.021, 74.08006)
[Dev] interact @Area3D@77163 world=(22.5, 0.0, 41.5) screen=(6379.136, -2197.243)
[Dev] interact @Area3D@77164 world=(56.5, 0.0, 51.5) screen=(7489.937, -1021.5)
[Dev] interact @Area3D@77165 world=(7.5, 0.0, 142.5) screen=(1010.267, 100.8013)
[Dev] interact @Area3D@77166 world=(101.5, 0.0, 72.5) screen=(8600.737, 742.1163)
[Dev] interact @Area3D@77167 world=(77.5, 0.0, 34.5) screen=(9248.703, -914.6136)
[Kill] +218 xp (lv 4, 37/160)
[LevelUp] lv=4 stat_pts=15 skill_pts=3
[Dev] item 엽전 world=(29.5, 0.0, 44.5) screen=(778.8501, 533.5064)
[Dev] item 탕약 — 쌍화탕 world=(29.5, 0.0, 44.5) screen=(778.8501, 533.5064)
[Dev] item 탕약 — 쌍화탕 world=(29.5, 0.0, 44.5) screen=(778.8501, 533.5064)
[Dev] item 미식별 환도 world=(29.5, 0.0, 44.5) screen=(778.8501, 533.5064)
[Dev] item 미식별 인장 world=(29.5, 0.0, 44.5) screen=(778.8501, 533.5064)
[Dev] item 미식별 옥가락지 world=(29.5, 0.0, 44.5) screen=(778.8501, 533.5064)
[Loot] 네임드 — imugi 첫 처치 → u_imugi_scale · 장비 2 (회차 1)
[Audio] 같은 순간 같은 큐 상한(3) 넘침 — drop ×1 (버림 누계 655)
[Kill] +195 xp (lv 5, 72/224)
[LevelUp] lv=5 stat_pts=20 skill_pts=4
[Dev] item 엽전 world=(27.45, 0.0, 42.5) screen=(776.5359, 422.827)
[Dev] item 영약 — 총명탕 world=(27.45, 0.0, 42.5) screen=(776.5359, 422.827)
[Dev] item 탕약 — 십전대보탕 world=(27.45, 0.0, 42.5) screen=(776.5359, 422.827)
[Dev] item 미식별 쌍수도 world=(27.45, 0.0, 42.5) screen=(776.5359, 422.827)
[Dev] item 미식별 미투리 world=(27.45, 0.0, 42.5) screen=(776.5359, 422.827)
[Loot] 네임드 — imugi 재처치 → 없음 · 장비 2 (회차 1)
[Dev] removed 2 enemies
E2E named_imugi PASS (검사 13)
[Audio] BGM town → town.ogg
[Save] level 못골 마을 → user://save_e2e.json (C:/Users/FORYOUCOM/AppData/Roaming/Godot/app_userdata/Joseon Hunters/wt/codex-558-combat-clock-trace/save_e2e.json)
[Dev] stairs DungeonEntrance dir=1 world=(0.0, 0.0, -31.0) screen=(2121.067, -492.4143)
[Dev] interact Merchant world=(5.4, 0.0, -2.4) screen=(1047.293, 368.0158)
[Dev] interact Shaman world=(-5.6, 0.0, 0.4) screen=(408.5833, 148.8999)
[Dev] interact Elder world=(2.0, 0.0, -5.6) screen=(1038.037, 191.6542)
[Dev] interact Jumo world=(7.1, 0.0, -1.4) screen=(1079.692, 440.1637)
[Dev] interact Waypoint world=(-4.2, 0.0, 2.2) screen=(390.0698, 234.4085)
E2E ▶ serpent_models
[Dungeon] heukrang_gul 1층 lv=2 seed=403727558 gen 64x64 rooms=6 up=(44, 56) down=(7, 23) enemies=20 roster=bandit,bat,talisman_master elites=["방2:금색×3(깊이 0.50)"] named=-
[Quest] heukrang_gul 1층 — 싹쓸이 셈 시작 20 (heukrang_clear:none)
[Audio] BGM dungeon → dungeon_4.ogg
[Save] level 흑랑 굴 1층 → user://save_e2e.json (C:/Users/FORYOUCOM/AppData/Roaming/Godot/app_userdata/Joseon Hunters/wt/codex-558-combat-clock-trace/save_e2e.json)
[Dev] stairs StairsUp dir=-1 world=(44.5, 0.0, 56.5) screen=(593.7165, 335.9509)
[Dev] stairs StairsDown dir=1 world=(7.5, 0.0, 23.5) screen=(408.583, -1534.551)
[Dev] interact PusJar world=(29.5, 0.0, 42.5) screen=(547.433, -487.0705)
[Dev] interact @Area3D@77522 world=(14.5, 0.0, 24.5) screen=(686.2831, -1368.878)
[Dev] interact @Area3D@77523 world=(23.5, 0.0, 18.5) screen=(1380.534, -1288.714)
[Dev] interact LootChest world=(29.5, 0.0, 39.5) screen=(686.2831, -567.2349)
[Dev] interact @Area3D@77524 world=(40.5, 0.0, 38.5) screen=(1241.683, -300.0204)
[Dev] interact LootPot world=(21.5, 0.0, 43.5) screen=(130.8828, -674.1207)
[Dev] interact @Area3D@77525 world=(22.5, 0.0, 44.5) screen=(130.8829, -620.6779)
[Dev] interact @Area3D@77526 world=(19.5, 0.0, 9.5) screen=(1611.95, -1636.093)
[Dev] interact @Area3D@77527 world=(20.5, 0.0, 9.5) screen=(1658.234, -1609.372)
[Dev] interact @Area3D@77528 world=(44.5, 0.0, 51.5) screen=(825.1333, 154.2443)
[Dev] interact @Area3D@77529 world=(44.5, 0.0, 52.5) screen=(778.8499, 180.9657)
[Dev] interact @Area3D@77530 world=(21.5, 0.0, 39.5) screen=(316.0163, -781.0065)
[Dev] removed 20 enemies
[Dev] removed 1 enemies
[Dev] removed 1 enemies
E2E serpent_models PASS (검사 18)
[Audio] BGM town → town.ogg
[Save] level 못골 마을 → user://save_e2e.json (C:/Users/FORYOUCOM/AppData/Roaming/Godot/app_userdata/Joseon Hunters/wt/codex-558-combat-clock-trace/save_e2e.json)
[Dev] stairs DungeonEntrance dir=1 world=(0.0, 0.0, -31.0) screen=(2121.067, -492.4143)
[Dev] interact Merchant world=(5.4, 0.0, -2.4) screen=(1047.293, 368.0158)
[Dev] interact Shaman world=(-5.6, 0.0, 0.4) screen=(408.5833, 148.8999)
[Dev] interact Elder world=(2.0, 0.0, -5.6) screen=(1038.037, 191.6542)
[Dev] interact Jumo world=(7.1, 0.0, -1.4) screen=(1079.692, 440.1637)
[Dev] interact Waypoint world=(-4.2, 0.0, 2.2) screen=(390.0698, 234.4085)
E2E ▶ pus_jar
[Dev] item 화염부 world=(32.5, 0.0, 70.5) screen=(-1072.484, 3072.227)
[Dev] item 빙결부 world=(33.5, 0.0, 69.5) screen=(-979.9173, 3072.227)
[Field] deulnyeok seed=355022911 128x128 props=2252 packs=18 enemies=74 waypoint=(62, 65) roster=bandit,bat,talisman_master elites=["13:파란×4@구간3"]
[Audio] BGM dungeon → dungeon_3.ogg
[Save] level 못골 들녘 → user://save_e2e.json (C:/Users/FORYOUCOM/AppData/Roaming/Godot/app_userdata/Joseon Hunters/wt/codex-558-combat-clock-trace/save_e2e.json)
[Dev] stairs Down_cave dir=1 world=(88.5, 0.0, 3.5) screen=(7212.236, 897.1014)
[Dev] interact Waypoint world=(62.5, 0.0, 65.5) screen=(3139.301, 1810.974)
[Dev] interact FloorItem world=(32.5, 0.0, 70.5) screen=(1519.384, 1142.938)
[Dev] interact @Area3D@78191 world=(33.5, 0.0, 69.5) screen=(1611.95, 1142.938)
[Dev] interact PusJar world=(95.5, 0.0, 103.5) screen=(2907.884, 3708.197)
[Dev] interact @Area3D@78338 world=(101.5, 0.0, 105.5) screen=(3093.018, 3921.969)
[Dev] interact @Area3D@78339 world=(98.5, 0.0, 107.5) screen=(2861.601, 3895.247)
[Dev] interact LootChest world=(27.5, 0.0, 70.5) screen=(1287.967, 1009.331)
[Dev] interact @Area3D@78340 world=(94.5, 0.0, 100.5) screen=(3000.451, 3601.312)
[Dev] interact @Area3D@78341 world=(55.5, 0.0, 52.5) screen=(3417.001, 1276.545)
[Dev] interact LootPot world=(46.5, 0.0, 68.5) screen=(2259.917, 1463.595)
[Dev] interact @Area3D@78342 world=(73.5, 0.0, 47.5) screen=(4481.519, 1623.924)
[Dev] interact @Area3D@78343 world=(90.5, 0.0, 47.5) screen=(5268.335, 2078.189)
[Dev] interact @Area3D@78344 world=(111.5, 0.0, 49.5) screen=(6147.719, 2692.782)
[Dev] interact @Area3D@78345 world=(101.5, 0.0, 101.5) screen=(3278.151, 3815.083)
[Dev] interact @Area3D@78346 world=(86.5, 0.0, 76.5) screen=(3740.984, 2746.225)
[Dev] interact @Area3D@78347 world=(53.5, 0.0, 52.5) screen=(3324.434, 1223.102)
[Dev] interact @Area3D@78348 world=(87.5, 0.0, 95.5) screen=(2907.884, 3280.654)
[Dev] interact @Area3D@78349 world=(26.5, 0.0, 66.5) screen=(1426.817, 875.7234)
[Dev] interact @Area3D@78350 world=(17.5, 0.0, 60.5) screen=(1287.967, 474.9016)
[Dev] interact @Area3D@78351 world=(86.5, 0.0, 22.5) screen=(6240.286, 1303.266)
[Dev] interact @Area3D@78352 world=(59.5, 0.0, 65.5) screen=(3000.451, 1730.81)
[Dev] interact @Area3D@78353 world=(18.5, 0.0, 74.5) screen=(686.2832, 875.7234)
[Dev] interact @Area3D@78354 world=(44.5, 0.0, 69.5) screen=(2121.067, 1436.874)
[Dev] interact @Area3D@78355 world=(73.5, 0.0, 49.5) screen=(4388.952, 1677.367)
[Dev] interact @Area3D@78356 world=(88.5, 0.0, 52.5) screen=(4944.352, 2158.353)
[Dev] removed 74 enemies
[Click] world=(95.5, 0.0, 103.5) cell=(95, 103)
[Click] world=(102.5, 0.0, 105.5) cell=(102, 105)
[Click] world=(102.5, 0.0, 105.5) cell=(102, 105)
[Click] world=(102.5, 0.0, 105.5) cell=(102, 105)
[Dev] removed 1 enemies
[Dungeon] heukrang_gul 1층 lv=2 seed=403727558 gen 64x64 rooms=6 up=(44, 56) down=(7, 23) enemies=20 roster=bandit,bat,talisman_master elites=["방2:금색×3(깊이 0.50)"] named=-
[Quest] heukrang_gul 1층 — 싹쓸이 셈 시작 20 (heukrang_clear:none)
[Save] level 흑랑 굴 1층 → user://save_e2e.json (C:/Users/FORYOUCOM/AppData/Roaming/Godot/app_userdata/Joseon Hunters/wt/codex-558-combat-clock-trace/save_e2e.json)
[Dev] stairs StairsUp dir=-1 world=(44.5, 0.0, 56.5) screen=(593.7165, 335.9509)
[Dev] stairs StairsDown dir=1 world=(7.5, 0.0, 23.5) screen=(408.583, -1534.551)
[Dev] interact PusJar world=(29.5, 0.0, 42.5) screen=(547.433, -487.0705)
[Dev] interact @Area3D@78541 world=(14.5, 0.0, 24.5) screen=(686.2831, -1368.878)
[Dev] interact @Area3D@78542 world=(23.5, 0.0, 18.5) screen=(1380.534, -1288.714)
[Dev] interact LootChest world=(29.5, 0.0, 39.5) screen=(686.2831, -567.2349)
[Dev] interact @Area3D@78543 world=(40.5, 0.0, 38.5) screen=(1241.683, -300.0204)
[Dev] interact LootPot world=(21.5, 0.0, 43.5) screen=(130.8828, -674.1207)
[Dev] interact @Area3D@78544 world=(22.5, 0.0, 44.5) screen=(130.8829, -620.6779)
[Dev] interact @Area3D@78545 world=(19.5, 0.0, 9.5) screen=(1611.95, -1636.093)
[Dev] interact @Area3D@78546 world=(20.5, 0.0, 9.5) screen=(1658.234, -1609.372)
[Dev] interact @Area3D@78547 world=(44.5, 0.0, 51.5) screen=(825.1333, 154.2443)
[Dev] interact @Area3D@78548 world=(44.5, 0.0, 52.5) screen=(778.8499, 180.9657)
[Dev] interact @Area3D@78549 world=(21.5, 0.0, 39.5) screen=(316.0163, -781.0065)
[Dev] removed 20 enemies
E2E pus_jar PASS (검사 15)
[Audio] BGM town → town.ogg
[Save] level 못골 마을 → user://save_e2e.json (C:/Users/FORYOUCOM/AppData/Roaming/Godot/app_userdata/Joseon Hunters/wt/codex-558-combat-clock-trace/save_e2e.json)
[Dev] stairs DungeonEntrance dir=1 world=(0.0, 0.0, -31.0) screen=(2121.067, -492.4143)
[Dev] interact Merchant world=(5.4, 0.0, -2.4) screen=(1047.293, 368.0158)
[Dev] interact Shaman world=(-5.6, 0.0, 0.4) screen=(408.5833, 148.8999)
[Dev] interact Elder world=(2.0, 0.0, -5.6) screen=(1038.037, 191.6542)
[Dev] interact Jumo world=(7.1, 0.0, -1.4) screen=(1079.692, 440.1637)
[Dev] interact Waypoint world=(-4.2, 0.0, 2.2) screen=(390.0698, 234.4085)
E2E ▶ roles
[Dungeon] heukrang_gul 1층 lv=2 seed=403727558 gen 64x64 rooms=6 up=(44, 56) down=(7, 23) enemies=20 roster=bandit,bat,talisman_master elites=["방2:금색×3(깊이 0.50)"] named=-
[Quest] heukrang_gul 1층 — 싹쓸이 셈 시작 20 (heukrang_clear:none)
[Audio] BGM dungeon → dungeon_2.ogg
[Save] level 흑랑 굴 1층 → user://save_e2e.json (C:/Users/FORYOUCOM/AppData/Roaming/Godot/app_userdata/Joseon Hunters/wt/codex-558-combat-clock-trace/save_e2e.json)
[Dev] stairs StairsUp dir=-1 world=(44.5, 0.0, 56.5) screen=(593.7165, 335.9509)
[Dev] stairs StairsDown dir=1 world=(7.5, 0.0, 23.5) screen=(408.583, -1534.551)
[Dev] interact PusJar world=(29.5, 0.0, 42.5) screen=(547.433, -487.0705)
[Dev] interact @Area3D@78891 world=(14.5, 0.0, 24.5) screen=(686.2831, -1368.878)
[Dev] interact @Area3D@78892 world=(23.5, 0.0, 18.5) screen=(1380.534, -1288.714)
[Dev] interact LootChest world=(29.5, 0.0, 39.5) screen=(686.2831, -567.2349)
[Dev] interact @Area3D@78893 world=(40.5, 0.0, 38.5) screen=(1241.683, -300.0204)
[Dev] interact LootPot world=(21.5, 0.0, 43.5) screen=(130.8828, -674.1207)
[Dev] interact @Area3D@78894 world=(22.5, 0.0, 44.5) screen=(130.8829, -620.6779)
[Dev] interact @Area3D@78895 world=(19.5, 0.0, 9.5) screen=(1611.95, -1636.093)
[Dev] interact @Area3D@78896 world=(20.5, 0.0, 9.5) screen=(1658.234, -1609.372)
[Dev] interact @Area3D@78897 world=(44.5, 0.0, 51.5) screen=(825.1333, 154.2443)
[Dev] interact @Area3D@78898 world=(44.5, 0.0, 52.5) screen=(778.8499, 180.9657)
[Dev] interact @Area3D@78899 world=(21.5, 0.0, 39.5) screen=(316.0163, -781.0065)
[Dev] removed 20 enemies
[Kill] +8 xp (lv 1, 8/20)
[Dev] item 탕약 — 쌍화탕 world=(23.75002, 0.0, 49.5) screen=(882.9899, 484.2592)
[Dev] removed 3 enemies
[Kill] +8 xp (lv 1, 16/20)
[Dev] item 엽전 world=(23.75002, 0.0, 49.5) screen=(697.7994, 377.3429)
[Dev] item 무명띠 world=(23.75002, 0.0, 49.5) screen=(697.7994, 377.3429)
[Dev] removed 2 enemies
[Dev] removed 4 enemies
[Dev] removed 1 enemies
[Kill] +8 xp (lv 2, 4/57)
[LevelUp] lv=2 stat_pts=5 skill_pts=1
[Dev] item 엽전 world=(25.4175, 0.0, 51.4175) screen=(685.5034, 471.7621)
[Kill] +7 xp (lv 2, 11/57)
[Kill] +7 xp (lv 2, 18/57)
[Dev] item 엽전 world=(25.44782, 0.0, 52.02609) screen=(659.5204, 490.2418)
[Dev] item 무명 도포 world=(25.44782, 0.0, 52.02609) screen=(659.5204, 490.2418)
[Dev] removed 4 enemies
[Dev] removed 3 enemies
E2E roles PASS (검사 24)
[Audio] BGM town → town.ogg
[Save] level 못골 마을 → user://save_e2e.json (C:/Users/FORYOUCOM/AppData/Roaming/Godot/app_userdata/Joseon Hunters/wt/codex-558-combat-clock-trace/save_e2e.json)
[Dev] stairs DungeonEntrance dir=1 world=(0.0, 0.0, -31.0) screen=(2121.067, -492.4143)
[Dev] interact Merchant world=(5.4, 0.0, -2.4) screen=(1047.293, 368.0158)
[Dev] interact Shaman world=(-5.6, 0.0, 0.4) screen=(408.5833, 148.8999)
[Dev] interact Elder world=(2.0, 0.0, -5.6) screen=(1038.037, 191.6542)
[Dev] interact Jumo world=(7.1, 0.0, -1.4) screen=(1079.692, 440.1637)
[Dev] interact Waypoint world=(-4.2, 0.0, 2.2) screen=(390.0698, 234.4085)
E2E ▶ roster_swap
[Field] jeongnyeongjae seed=4209161164 128x176 props=2920 packs=14 enemies=72 waypoint=(63, 70) roster=hwajeok,vampire_bat,locust | hwajeok,hollin_yeogung_bow,gaekgwi elites=["9:파란×3@구간2", "13:금색×5@구간3"]
[Audio] BGM dungeon → dungeon_1.ogg
[Save] level 정령재 → user://save_e2e.json (C:/Users/FORYOUCOM/AppData/Roaming/Godot/app_userdata/Joseon Hunters/wt/codex-558-combat-clock-trace/save_e2e.json)
[Dev] stairs Down_cave dir=1 world=(60.5, 0.0, 3.5) screen=(9896.671, -2149.144)
[Dev] stairs Down_mine dir=1 world=(125.5, 0.0, 70.5) screen=(9804.104, 1378.087)
[Dev] interact Waypoint world=(63.5, 0.0, 70.5) screen=(6934.536, -326.7419)
[Dev] interact LootChest world=(81.5, 0.0, 33.5) screen=(9480.121, -834.4496)
[Dev] interact @Area3D@80480 world=(83.5, 0.0, 69.5) screen=(7906.486, 180.9658)
[Dev] interact @Area3D@80481 world=(33.5, 0.0, 104.5) screen=(3972.401, -219.856)
[Dev] interact LootPot world=(70.5, 0.0, 57.5) screen=(7860.203, -487.0704)
[Dev] interact @Area3D@80482 world=(28.5, 0.0, 135.5) screen=(2306.201, 474.9017)
[Dev] interact @Area3D@80483 world=(20.5, 0.0, 44.5) screen=(6147.719, -2170.522)
[Dev] interact @Area3D@80484 world=(80.5, 0.0, 35.5) screen=(9341.271, -807.7279)
[Dev] interact @Area3D@80485 world=(48.5, 0.0, 73.5) screen=(6101.436, -647.3992)
[Dev] interact @Area3D@80486 world=(10.5, 0.0, 129.5) screen=(1750.8, -166.4132)
[Dev] interact @Area3D@80487 world=(32.5, 0.0, 59.5) screen=(6008.869, -1449.043)
[Dev] interact @Area3D@80488 world=(30.5, 0.0, 109.5) screen=(3602.134, -166.4132)
[Dev] interact @Area3D@80489 world=(72.5, 0.0, 89.5) screen=(6471.703, 421.4588)
[Dev] interact @Area3D@80490 world=(105.5, 0.0, 24.5) screen=(11007.47, -433.6276)
[Dev] interact @Area3D@80491 world=(87.5, 0.0, 97.5) screen=(6795.686, 1036.052)
[Dev] interact @Area3D@80492 world=(85.5, 0.0, 71.5) screen=(7906.487, 287.8515)
[Dev] interact @Area3D@80493 world=(99.5, 0.0, 124.5) screen=(6101.436, 2078.189)
[Dev] interact @Area3D@80494 world=(68.5, 0.0, 19.5) screen=(9526.404, -1555.929)
[Dev] interact @Area3D@80495 world=(31.5, 0.0, 103.5) screen=(3926.118, -300.0204)
[Dev] interact @Area3D@80496 world=(38.5, 0.0, 122.5) screen=(3370.718, 394.7373)
[Dev] removed 72 enemies
[Dev] removed 1 enemies
[Dev] removed 1 enemies
[Dev] removed 2 enemies
[Kill] +15 xp (lv 1, 15/20)
[Dev] item 괴황지 world=(32.18334, 0.0, 51.5) screen=(764.1938, 442.4122)
[Dev] removed 3 enemies
[Dev] removed 1 enemies
[Dev] 역할 달구지꾼 (cart_puller) · 흘리는 자 · 무리 1151 · Lv4 · 생명 41
[Dev] 역할 봉화지기 (beacon_keeper) · 부르는 자 · 무리 1151 · Lv4 · 생명 36
[Dev] 역할 지킴 술사 (guard_master) · 지키는 자 · 무리 1151 · Lv4 · 생명 45
[Dev] removed 3 enemies
E2E roster_swap PASS (검사 19)
[Audio] BGM town → town.ogg
[Save] level 못골 마을 → user://save_e2e.json (C:/Users/FORYOUCOM/AppData/Roaming/Godot/app_userdata/Joseon Hunters/wt/codex-558-combat-clock-trace/save_e2e.json)
[Dev] stairs DungeonEntrance dir=1 world=(0.0, 0.0, -31.0) screen=(2121.067, -492.4143)
[Dev] interact Merchant world=(5.4, 0.0, -2.4) screen=(1047.293, 368.0158)
[Dev] interact Shaman world=(-5.6, 0.0, 0.4) screen=(408.5833, 148.8999)
[Dev] interact Elder world=(2.0, 0.0, -5.6) screen=(1038.037, 191.6542)
[Dev] interact Jumo world=(7.1, 0.0, -1.4) screen=(1079.692, 440.1637)
[Dev] interact Waypoint world=(-4.2, 0.0, 2.2) screen=(390.0698, 234.4085)
E2E ▶ gimmicks_m10
[Dungeon] heukrang_gul 1층 lv=2 seed=403727558 gen 64x64 rooms=6 up=(44, 56) down=(7, 23) enemies=20 roster=bandit,bat,talisman_master elites=["방2:금색×3(깊이 0.50)"] named=-
[Quest] heukrang_gul 1층 — 싹쓸이 셈 시작 20 (heukrang_clear:none)
[Audio] BGM dungeon → dungeon_4.ogg
[Save] level 흑랑 굴 1층 → user://save_e2e.json (C:/Users/FORYOUCOM/AppData/Roaming/Godot/app_userdata/Joseon Hunters/wt/codex-558-combat-clock-trace/save_e2e.json)
[Dev] stairs StairsUp dir=-1 world=(44.5, 0.0, 56.5) screen=(593.7165, 335.9509)
[Dev] stairs StairsDown dir=1 world=(7.5, 0.0, 23.5) screen=(408.583, -1534.551)
[Dev] interact PusJar world=(29.5, 0.0, 42.5) screen=(547.433, -487.0705)
[Dev] interact @Area3D@80850 world=(14.5, 0.0, 24.5) screen=(686.2831, -1368.878)
[Dev] interact @Area3D@80851 world=(23.5, 0.0, 18.5) screen=(1380.534, -1288.714)
[Dev] interact LootChest world=(29.5, 0.0, 39.5) screen=(686.2831, -567.2349)
[Dev] interact @Area3D@80852 world=(40.5, 0.0, 38.5) screen=(1241.683, -300.0204)
[Dev] interact LootPot world=(21.5, 0.0, 43.5) screen=(130.8828, -674.1207)
[Dev] interact @Area3D@80853 world=(22.5, 0.0, 44.5) screen=(130.8829, -620.6779)
[Dev] interact @Area3D@80854 world=(19.5, 0.0, 9.5) screen=(1611.95, -1636.093)
[Dev] interact @Area3D@80855 world=(20.5, 0.0, 9.5) screen=(1658.234, -1609.372)
[Dev] interact @Area3D@80856 world=(44.5, 0.0, 51.5) screen=(825.1333, 154.2443)
[Dev] interact @Area3D@80857 world=(44.5, 0.0, 52.5) screen=(778.8499, 180.9657)
[Dev] interact @Area3D@80858 world=(21.5, 0.0, 39.5) screen=(316.0163, -781.0065)
[Dev] removed 20 enemies
[Dev] removed 1 enemies
[Kill] +8 xp (lv 1, 8/20)
[Dev] item 엽전 world=(25.15, 0.0, 49.5) screen=(756.4714, 411.2854)
[Save] quest → user://save_e2e.json (C:/Users/FORYOUCOM/AppData/Roaming/Godot/app_userdata/Joseon Hunters/wt/codex-558-combat-clock-trace/save_e2e.json)
[Quest] heukrang_clear 싹쓸이 완료 (none → killed)
[Kill] +8 xp (lv 1, 16/20)
[Dev] item 엽전 world=(25.45967, 0.0, 51.46926) screen=(685.838, 475.6803)
[Dev] removed 2 enemies
[Kill] +8 xp (lv 2, 4/57)
[LevelUp] lv=2 stat_pts=5 skill_pts=1
[Dev] item 엽전 world=(25.25251, 0.0, 49.74749) screen=(755.9407, 424.1737)
[Dev] item 영약 — 생맥산 world=(25.25251, 0.0, 49.74749) screen=(755.9407, 424.1737)
[Dev] removed 2 enemies
  · 끌림 실측 3.408u (정격 3.408 = 4.36 − 몸 0.35 − stop 0.6)
[Dev] removed 1 enemies
[Dev] removed 1 enemies
[Dev] removed 1 enemies
[Dev] removed 1 enemies
[Dev] removed 1 enemies
E2E gimmicks_m10 PASS (검사 23)
[Audio] BGM town → town.ogg
[Save] level 못골 마을 → user://save_e2e.json (C:/Users/FORYOUCOM/AppData/Roaming/Godot/app_userdata/Joseon Hunters/wt/codex-558-combat-clock-trace/save_e2e.json)
[Dev] stairs DungeonEntrance dir=1 world=(0.0, 0.0, -31.0) screen=(2121.067, -492.4143)
[Dev] interact Merchant world=(5.4, 0.0, -2.4) screen=(1047.293, 368.0158)
[Dev] interact Shaman world=(-5.6, 0.0, 0.4) screen=(408.5833, 148.8999)
[Dev] interact Elder world=(2.0, 0.0, -5.6) screen=(1038.037, 191.6542)
[Dev] interact Jumo world=(7.1, 0.0, -1.4) screen=(1079.692, 440.1637)
[Dev] interact Waypoint world=(-4.2, 0.0, 2.2) screen=(390.0698, 234.4085)
E2E ▶ behaviors_m9
[Dungeon] heukrang_gul 1층 lv=2 seed=403727558 gen 64x64 rooms=6 up=(44, 56) down=(7, 23) enemies=20 roster=bandit,bat,talisman_master elites=["방2:금색×3(깊이 0.50)"] named=-
[Quest] heukrang_gul 1층 — 싹쓸이 셈 시작 20 (heukrang_clear:none)
[Audio] BGM dungeon → dungeon_2.ogg
[Save] level 흑랑 굴 1층 → user://save_e2e.json (C:/Users/FORYOUCOM/AppData/Roaming/Godot/app_userdata/Joseon Hunters/wt/codex-558-combat-clock-trace/save_e2e.json)
[Dev] stairs StairsUp dir=-1 world=(44.5, 0.0, 56.5) screen=(593.7165, 335.9509)
[Dev] stairs StairsDown dir=1 world=(7.5, 0.0, 23.5) screen=(408.583, -1534.551)
[Dev] interact PusJar world=(29.5, 0.0, 42.5) screen=(547.433, -487.0705)
[Dev] interact @Area3D@81227 world=(14.5, 0.0, 24.5) screen=(686.2831, -1368.878)
[Dev] interact @Area3D@81228 world=(23.5, 0.0, 18.5) screen=(1380.534, -1288.714)
[Dev] interact LootChest world=(29.5, 0.0, 39.5) screen=(686.2831, -567.2349)
[Dev] interact @Area3D@81229 world=(40.5, 0.0, 38.5) screen=(1241.683, -300.0204)
[Dev] interact LootPot world=(21.5, 0.0, 43.5) screen=(130.8828, -674.1207)
[Dev] interact @Area3D@81230 world=(22.5, 0.0, 44.5) screen=(130.8829, -620.6779)
[Dev] interact @Area3D@81231 world=(19.5, 0.0, 9.5) screen=(1611.95, -1636.093)
[Dev] interact @Area3D@81232 world=(20.5, 0.0, 9.5) screen=(1658.234, -1609.372)
[Dev] interact @Area3D@81233 world=(44.5, 0.0, 51.5) screen=(825.1333, 154.2443)
[Dev] interact @Area3D@81234 world=(44.5, 0.0, 52.5) screen=(778.8499, 180.9657)
[Dev] interact @Area3D@81235 world=(21.5, 0.0, 39.5) screen=(316.0163, -781.0065)
[Dev] removed 20 enemies
  · ① 선 자리 거리 들개 6.0 · 넋 6.0 · 혼불 6.0
  · ① 도호 쪽 빠르기 들개 4.50 · 넋 2.34 · 혼불 4.62 · 넋 흔들림 최대 53°
[Dev] removed 3 enemies
[Dev] removed 1 enemies
[Kill] +6 xp (lv 1, 6/20)
[Dev] item 엽전 world=(22.5, 0.0, 45.05164) screen=(845.8849, 225.1063)
[Save] quest → user://save_e2e.json (C:/Users/FORYOUCOM/AppData/Roaming/Godot/app_userdata/Joseon Hunters/wt/codex-558-combat-clock-trace/save_e2e.json)
[Quest] heukrang_clear 싹쓸이 완료 (none → killed)
[Dev] removed 1 enemies
E2E behaviors_m9 PASS (검사 13)
[Audio] BGM town → town.ogg
[Save] level 못골 마을 → user://save_e2e.json (C:/Users/FORYOUCOM/AppData/Roaming/Godot/app_userdata/Joseon Hunters/wt/codex-558-combat-clock-trace/save_e2e.json)
[Dev] stairs DungeonEntrance dir=1 world=(0.0, 0.0, -31.0) screen=(2121.067, -492.4143)
[Dev] interact Merchant world=(5.4, 0.0, -2.4) screen=(1047.293, 368.0158)
[Dev] interact Shaman world=(-5.6, 0.0, 0.4) screen=(408.5833, 148.8999)
[Dev] interact Elder world=(2.0, 0.0, -5.6) screen=(1038.037, 191.6542)
[Dev] interact Jumo world=(7.1, 0.0, -1.4) screen=(1079.692, 440.1637)
[Dev] interact Waypoint world=(-4.2, 0.0, 2.2) screen=(390.0698, 234.4085)
E2E ▶ female_f1
[Field] jeongnyeongjae seed=3599041059 128x176 props=2821 packs=13 enemies=72 waypoint=(61, 66) roster=hwajeok,vampire_bat,lightning_master | hwajeok,hollin_yeogung_bow,gaekgwi elites=["8:금색×3@구간2", "10:금색×3@구간3"]
[Audio] BGM dungeon → dungeon_1.ogg
[Save] level 정령재 → user://save_e2e.json (C:/Users/FORYOUCOM/AppData/Roaming/Godot/app_userdata/Joseon Hunters/wt/codex-558-combat-clock-trace/save_e2e.json)
[Dev] stairs Down_cave dir=1 world=(60.5, 0.0, 3.5) screen=(9896.671, -2149.144)
[Dev] stairs Down_mine dir=1 world=(125.5, 0.0, 70.5) screen=(9804.104, 1378.087)
[Dev] interact Waypoint world=(61.5, 0.0, 66.5) screen=(7027.103, -487.0706)
[Dev] interact LootChest world=(5.5, 0.0, 141.5) screen=(963.9833, 20.637)
[Dev] interact @Area3D@82775 world=(26.5, 0.0, 123.5) screen=(2769.034, 100.8014)
[Dev] interact @Area3D@82776 world=(61.5, 0.0, 88.5) screen=(6008.868, 100.8013)
[Dev] interact @Area3D@82777 world=(82.5, 0.0, 48.5) screen=(8832.153, -406.9061)
[Dev] interact LootPot world=(70.5, 0.0, 9.5) screen=(10081.8, -1769.7)
[Dev] interact @Area3D@82778 world=(59.5, 0.0, 82.5) screen=(6194.002, -112.9702)
[Dev] interact @Area3D@82779 world=(39.5, 0.0, 58.5) screen=(6379.136, -1288.714)
[Dev] interact @Area3D@82780 world=(32.5, 0.0, 37.5) screen=(7027.103, -2036.915)
[Dev] interact @Area3D@82781 world=(30.5, 0.0, 123.5) screen=(2954.168, 207.6872)
[Dev] interact @Area3D@82782 world=(96.5, 0.0, 125.5) screen=(5916.303, 2024.746)
[Dev] interact @Area3D@82783 world=(89.5, 0.0, 59.5) screen=(8647.021, 74.08006)
[Dev] interact @Area3D@82784 world=(22.5, 0.0, 41.5) screen=(6379.136, -2197.243)
[Dev] interact @Area3D@82785 world=(56.5, 0.0, 51.5) screen=(7489.937, -1021.5)
[Dev] interact @Area3D@82786 world=(7.5, 0.0, 142.5) screen=(1010.267, 100.8013)
[Dev] interact @Area3D@82787 world=(101.5, 0.0, 72.5) screen=(8600.737, 742.1163)
[Dev] interact @Area3D@82788 world=(77.5, 0.0, 34.5) screen=(9248.703, -914.6136)
[Dev] removed 73 enemies
E2E female_f1 PASS (검사 7)
[Audio] BGM town → town.ogg
[Save] level 못골 마을 → user://save_e2e.json (C:/Users/FORYOUCOM/AppData/Roaming/Godot/app_userdata/Joseon Hunters/wt/codex-558-combat-clock-trace/save_e2e.json)
[Dev] stairs DungeonEntrance dir=1 world=(0.0, 0.0, -31.0) screen=(2121.067, -492.4143)
[Dev] interact Merchant world=(5.4, 0.0, -2.4) screen=(1047.293, 368.0158)
[Dev] interact Shaman world=(-5.6, 0.0, 0.4) screen=(408.5833, 148.8999)
[Dev] interact Elder world=(2.0, 0.0, -5.6) screen=(1038.037, 191.6542)
[Dev] interact Jumo world=(7.1, 0.0, -1.4) screen=(1079.692, 440.1637)
[Dev] interact Waypoint world=(-4.2, 0.0, 2.2) screen=(390.0698, 234.4085)
E2E ▶ female_float
[Field] jeongnyeongjae seed=3599041059 128x176 props=2821 packs=13 enemies=72 waypoint=(61, 66) roster=hwajeok,vampire_bat,lightning_master | hwajeok,hollin_yeogung_bow,gaekgwi elites=["8:금색×3@구간2", "10:금색×3@구간3"]
[Audio] BGM dungeon → dungeon_3.ogg
[Save] level 정령재 → user://save_e2e.json (C:/Users/FORYOUCOM/AppData/Roaming/Godot/app_userdata/Joseon Hunters/wt/codex-558-combat-clock-trace/save_e2e.json)
[Dev] stairs Down_cave dir=1 world=(60.5, 0.0, 3.5) screen=(9896.671, -2149.144)
[Dev] stairs Down_mine dir=1 world=(125.5, 0.0, 70.5) screen=(9804.104, 1378.087)
[Dev] interact Waypoint world=(61.5, 0.0, 66.5) screen=(7027.103, -487.0706)
[Dev] interact LootChest world=(5.5, 0.0, 141.5) screen=(963.9833, 20.637)
[Dev] interact @Area3D@84320 world=(26.5, 0.0, 123.5) screen=(2769.034, 100.8014)
[Dev] interact @Area3D@84321 world=(61.5, 0.0, 88.5) screen=(6008.868, 100.8013)
[Dev] interact @Area3D@84322 world=(82.5, 0.0, 48.5) screen=(8832.153, -406.9061)
[Dev] interact LootPot world=(70.5, 0.0, 9.5) screen=(10081.8, -1769.7)
[Dev] interact @Area3D@84323 world=(59.5, 0.0, 82.5) screen=(6194.002, -112.9702)
[Dev] interact @Area3D@84324 world=(39.5, 0.0, 58.5) screen=(6379.136, -1288.714)
[Dev] interact @Area3D@84325 world=(32.5, 0.0, 37.5) screen=(7027.103, -2036.915)
[Dev] interact @Area3D@84326 world=(30.5, 0.0, 123.5) screen=(2954.168, 207.6872)
[Dev] interact @Area3D@84327 world=(96.5, 0.0, 125.5) screen=(5916.303, 2024.746)
[Dev] interact @Area3D@84328 world=(89.5, 0.0, 59.5) screen=(8647.021, 74.08006)
[Dev] interact @Area3D@84329 world=(22.5, 0.0, 41.5) screen=(6379.136, -2197.243)
[Dev] interact @Area3D@84330 world=(56.5, 0.0, 51.5) screen=(7489.937, -1021.5)
[Dev] interact @Area3D@84331 world=(7.5, 0.0, 142.5) screen=(1010.267, 100.8013)
[Dev] interact @Area3D@84332 world=(101.5, 0.0, 72.5) screen=(8600.737, 742.1163)
[Dev] interact @Area3D@84333 world=(77.5, 0.0, 34.5) screen=(9248.703, -914.6136)
[Dev] removed 76 enemies
E2E female_float PASS (검사 5)
[Audio] BGM town → town.ogg
[Save] level 못골 마을 → user://save_e2e.json (C:/Users/FORYOUCOM/AppData/Roaming/Godot/app_userdata/Joseon Hunters/wt/codex-558-combat-clock-trace/save_e2e.json)
[Dev] stairs DungeonEntrance dir=1 world=(0.0, 0.0, -31.0) screen=(2121.067, -492.4143)
[Dev] interact Merchant world=(5.4, 0.0, -2.4) screen=(1047.293, 368.0158)
[Dev] interact Shaman world=(-5.6, 0.0, 0.4) screen=(408.5833, 148.8999)
[Dev] interact Elder world=(2.0, 0.0, -5.6) screen=(1038.037, 191.6542)
[Dev] interact Jumo world=(7.1, 0.0, -1.4) screen=(1079.692, 440.1637)
[Dev] interact Waypoint world=(-4.2, 0.0, 2.2) screen=(390.0698, 234.4085)
E2E ▶ m14_models
[Field] jeongnyeongjae seed=3599041059 128x176 props=2821 packs=13 enemies=72 waypoint=(61, 66) roster=hwajeok,vampire_bat,lightning_master | hwajeok,hollin_yeogung_bow,gaekgwi elites=["8:금색×3@구간2", "10:금색×3@구간3"]
[Audio] BGM dungeon → dungeon_2.ogg
[Save] level 정령재 → user://save_e2e.json (C:/Users/FORYOUCOM/AppData/Roaming/Godot/app_userdata/Joseon Hunters/wt/codex-558-combat-clock-trace/save_e2e.json)
[Dev] stairs Down_cave dir=1 world=(60.5, 0.0, 3.5) screen=(9896.671, -2149.144)
[Dev] stairs Down_mine dir=1 world=(125.5, 0.0, 70.5) screen=(9804.104, 1378.087)
[Dev] interact Waypoint world=(61.5, 0.0, 66.5) screen=(7027.103, -487.0706)
[Dev] interact LootChest world=(5.5, 0.0, 141.5) screen=(963.9833, 20.637)
[Dev] interact @Area3D@85867 world=(26.5, 0.0, 123.5) screen=(2769.034, 100.8014)
[Dev] interact @Area3D@85868 world=(61.5, 0.0, 88.5) screen=(6008.868, 100.8013)
[Dev] interact @Area3D@85869 world=(82.5, 0.0, 48.5) screen=(8832.153, -406.9061)
[Dev] interact LootPot world=(70.5, 0.0, 9.5) screen=(10081.8, -1769.7)
[Dev] interact @Area3D@85870 world=(59.5, 0.0, 82.5) screen=(6194.002, -112.9702)
[Dev] interact @Area3D@85871 world=(39.5, 0.0, 58.5) screen=(6379.136, -1288.714)
[Dev] interact @Area3D@85872 world=(32.5, 0.0, 37.5) screen=(7027.103, -2036.915)
[Dev] interact @Area3D@85873 world=(30.5, 0.0, 123.5) screen=(2954.168, 207.6872)
[Dev] interact @Area3D@85874 world=(96.5, 0.0, 125.5) screen=(5916.303, 2024.746)
[Dev] interact @Area3D@85875 world=(89.5, 0.0, 59.5) screen=(8647.021, 74.08006)
[Dev] interact @Area3D@85876 world=(22.5, 0.0, 41.5) screen=(6379.136, -2197.243)
[Dev] interact @Area3D@85877 world=(56.5, 0.0, 51.5) screen=(7489.937, -1021.5)
[Dev] interact @Area3D@85878 world=(7.5, 0.0, 142.5) screen=(1010.267, 100.8013)
[Dev] interact @Area3D@85879 world=(101.5, 0.0, 72.5) screen=(8600.737, 742.1163)
[Dev] interact @Area3D@85880 world=(77.5, 0.0, 34.5) screen=(9248.703, -914.6136)
[Dev] removed 72 enemies
  · 줄 가운데 = (76.5, 0.0, 74.5) (서낭단 닻 (64, 66))
  · 모양: hollin_yeogung_bow=hollin_yeogung, hollin_yeogung_spear=hollin_yeogung_spear, plague_dog=plague_dog, honbul=honbul, tteodoneun_neok=sobok_gwisin, gaekgwi=sobok_gwisin, mulgwishin=sobok_gwisin, nachalnyeo=nachalnyeo
[Dev] removed 8 enemies
E2E m14_models PASS (검사 13)
[Audio] BGM town → town.ogg
[Save] level 못골 마을 → user://save_e2e.json (C:/Users/FORYOUCOM/AppData/Roaming/Godot/app_userdata/Joseon Hunters/wt/codex-558-combat-clock-trace/save_e2e.json)
[Dev] stairs DungeonEntrance dir=1 world=(0.0, 0.0, -31.0) screen=(2121.067, -492.4143)
[Dev] interact Merchant world=(5.4, 0.0, -2.4) screen=(1047.293, 368.0158)
[Dev] interact Shaman world=(-5.6, 0.0, 0.4) screen=(408.5833, 148.8999)
[Dev] interact Elder world=(2.0, 0.0, -5.6) screen=(1038.037, 191.6542)
[Dev] interact Jumo world=(7.1, 0.0, -1.4) screen=(1079.692, 440.1637)
[Dev] interact Waypoint world=(-4.2, 0.0, 2.2) screen=(390.0698, 234.4085)
E2E ▶ leader_options
[Dungeon] heukrang_gul 1층 lv=2 seed=403727558 gen 64x64 rooms=6 up=(44, 56) down=(7, 23) enemies=20 roster=bandit,bat,talisman_master elites=["방2:금색×3(깊이 0.50)"] named=-
[Quest] heukrang_gul 1층 — 싹쓸이 셈 시작 20 (heukrang_clear:none)
[Audio] BGM dungeon → dungeon_3.ogg
[Save] level 흑랑 굴 1층 → user://save_e2e.json (C:/Users/FORYOUCOM/AppData/Roaming/Godot/app_userdata/Joseon Hunters/wt/codex-558-combat-clock-trace/save_e2e.json)
[Dev] stairs StairsUp dir=-1 world=(44.5, 0.0, 56.5) screen=(593.7165, 335.9509)
[Dev] stairs StairsDown dir=1 world=(7.5, 0.0, 23.5) screen=(408.583, -1534.551)
[Dev] interact PusJar world=(29.5, 0.0, 42.5) screen=(547.433, -487.0705)
[Dev] interact @Area3D@86232 world=(14.5, 0.0, 24.5) screen=(686.2831, -1368.878)
[Dev] interact @Area3D@86233 world=(23.5, 0.0, 18.5) screen=(1380.534, -1288.714)
[Dev] interact LootChest world=(29.5, 0.0, 39.5) screen=(686.2831, -567.2349)
[Dev] interact @Area3D@86234 world=(40.5, 0.0, 38.5) screen=(1241.683, -300.0204)
[Dev] interact LootPot world=(21.5, 0.0, 43.5) screen=(130.8828, -674.1207)
[Dev] interact @Area3D@86235 world=(22.5, 0.0, 44.5) screen=(130.8829, -620.6779)
[Dev] interact @Area3D@86236 world=(19.5, 0.0, 9.5) screen=(1611.95, -1636.093)
[Dev] interact @Area3D@86237 world=(20.5, 0.0, 9.5) screen=(1658.234, -1609.372)
[Dev] interact @Area3D@86238 world=(44.5, 0.0, 51.5) screen=(825.1333, 154.2443)
[Dev] interact @Area3D@86239 world=(44.5, 0.0, 52.5) screen=(778.8499, 180.9657)
[Dev] interact @Area3D@86240 world=(21.5, 0.0, 39.5) screen=(316.0163, -781.0065)
[Dev] removed 20 enemies
[Kill] +55 xp (lv 2, 35/57)
[LevelUp] lv=2 stat_pts=5 skill_pts=1
[Dev] item 엽전 world=(24.5, 0.0, 49.5) screen=(732.5665, 399.4156)
[Dev] item 탕약 — 쌍화탕 world=(24.5, 0.0, 49.5) screen=(732.5665, 399.4156)
[Dev] item 엽전 world=(24.5, 0.0, 49.5) screen=(732.5665, 399.4156)
[Dev] item 묵함 world=(24.5, 0.0, 49.5) screen=(732.5665, 399.4156)
[Save] quest → user://save_e2e.json (C:/Users/FORYOUCOM/AppData/Roaming/Godot/app_userdata/Joseon Hunters/wt/codex-558-combat-clock-trace/save_e2e.json)
[Quest] heukrang_clear 싹쓸이 완료 (none → killed)
[Audio] 같은 순간 같은 큐 상한(3) 넘침 — drop ×1 (버림 누계 656)
[Dev] removed 1 enemies
  · 축지 — 도호 곁 1.88칸 · 맞고 옆으로 4.47칸 (잣대 2.29~5.71)
[Dev] removed 1 enemies
[Dev] removed 1 enemies
[Dev] removed 1 enemies
[Dev] removed 1 enemies
[Kill] +53 xp (lv 3, 31/104)
[LevelUp] lv=3 stat_pts=10 skill_pts=2
[Dev] item 미식별 피주 world=(24.13776, 0.0, 49.5388) screen=(714.0049, 388.7723)
[Dev] removed 3 enemies
E2E leader_options PASS (검사 20)
[Audio] BGM town → town.ogg
[Save] level 못골 마을 → user://save_e2e.json (C:/Users/FORYOUCOM/AppData/Roaming/Godot/app_userdata/Joseon Hunters/wt/codex-558-combat-clock-trace/save_e2e.json)
[Dev] stairs DungeonEntrance dir=1 world=(0.0, 0.0, -31.0) screen=(2121.067, -492.4143)
[Dev] interact Merchant world=(5.4, 0.0, -2.4) screen=(1047.293, 368.0158)
[Dev] interact Shaman world=(-5.6, 0.0, 0.4) screen=(408.5833, 148.8999)
[Dev] interact Elder world=(2.0, 0.0, -5.6) screen=(1038.037, 191.6542)
[Dev] interact Jumo world=(7.1, 0.0, -1.4) screen=(1079.692, 440.1637)
[Dev] interact Waypoint world=(-4.2, 0.0, 2.2) screen=(390.0698, 234.4085)
E2E ▶ surround
[Dungeon] heukrang_gul 1층 lv=2 seed=403727558 gen 64x64 rooms=6 up=(44, 56) down=(7, 23) enemies=20 roster=bandit,bat,talisman_master elites=["방2:금색×3(깊이 0.50)"] named=-
[Quest] heukrang_gul 1층 — 싹쓸이 셈 시작 20 (heukrang_clear:none)
[Audio] BGM dungeon → dungeon_4.ogg
[Save] level 흑랑 굴 1층 → user://save_e2e.json (C:/Users/FORYOUCOM/AppData/Roaming/Godot/app_userdata/Joseon Hunters/wt/codex-558-combat-clock-trace/save_e2e.json)
[Dev] stairs StairsUp dir=-1 world=(44.5, 0.0, 56.5) screen=(593.7165, 335.9509)
[Dev] stairs StairsDown dir=1 world=(7.5, 0.0, 23.5) screen=(408.583, -1534.551)
[Dev] interact PusJar world=(29.5, 0.0, 42.5) screen=(547.433, -487.0705)
[Dev] interact @Area3D@86608 world=(14.5, 0.0, 24.5) screen=(686.2831, -1368.878)
[Dev] interact @Area3D@86609 world=(23.5, 0.0, 18.5) screen=(1380.534, -1288.714)
[Dev] interact LootChest world=(29.5, 0.0, 39.5) screen=(686.2831, -567.2349)
[Dev] interact @Area3D@86610 world=(40.5, 0.0, 38.5) screen=(1241.683, -300.0204)
[Dev] interact LootPot world=(21.5, 0.0, 43.5) screen=(130.8828, -674.1207)
[Dev] interact @Area3D@86611 world=(22.5, 0.0, 44.5) screen=(130.8829, -620.6779)
[Dev] interact @Area3D@86612 world=(19.5, 0.0, 9.5) screen=(1611.95, -1636.093)
[Dev] interact @Area3D@86613 world=(20.5, 0.0, 9.5) screen=(1658.234, -1609.372)
[Dev] interact @Area3D@86614 world=(44.5, 0.0, 51.5) screen=(825.1333, 154.2443)
[Dev] interact @Area3D@86615 world=(44.5, 0.0, 52.5) screen=(778.8499, 180.9657)
[Dev] interact @Area3D@86616 world=(21.5, 0.0, 39.5) screen=(316.0163, -781.0065)
[Dev] removed 20 enemies
[Audio] 같은 순간 같은 큐 상한(3) 넘침 — bandit_attack ×1 (버림 누계 657)
  · 제 자리 0.5u 안 9 (무리가 8 넘은 아홉째는 더 걸어야 하는 바깥 자리 포함)
[Kill] +8 xp (lv 1, 8/20)
[Dev] item 엽전 world=(23.78178, 0.0, 49.5142) screen=(698.6679, 378.6185)
[Dev] removed 17 enemies
[Dev] removed 4 enemies
[Dev] removed 1 enemies
E2E surround PASS (검사 7)
[Audio] BGM town → town.ogg
[Save] level 못골 마을 → user://save_e2e.json (C:/Users/FORYOUCOM/AppData/Roaming/Godot/app_userdata/Joseon Hunters/wt/codex-558-combat-clock-trace/save_e2e.json)
[Dev] stairs DungeonEntrance dir=1 world=(0.0, 0.0, -31.0) screen=(2121.067, -492.4143)
[Dev] interact Merchant world=(5.4, 0.0, -2.4) screen=(1047.293, 368.0158)
[Dev] interact Shaman world=(-5.6, 0.0, 0.4) screen=(408.5833, 148.8999)
[Dev] interact Elder world=(2.0, 0.0, -5.6) screen=(1038.037, 191.6542)
[Dev] interact Jumo world=(7.1, 0.0, -1.4) screen=(1079.692, 440.1637)
[Dev] interact Waypoint world=(-4.2, 0.0, 2.2) screen=(390.0698, 234.4085)
E2E ▶ weapon_visibility
[Click] world=(-2.496603, 0.0, -4.496602) cell=(-3, -5)
E2E weapon_visibility PASS (검사 25)
[Save] level 못골 마을 → user://save_e2e.json (C:/Users/FORYOUCOM/AppData/Roaming/Godot/app_userdata/Joseon Hunters/wt/codex-558-combat-clock-trace/save_e2e.json)
[Dev] stairs DungeonEntrance dir=1 world=(0.0, 0.0, -31.0) screen=(2121.067, -492.4143)
[Dev] interact Merchant world=(5.4, 0.0, -2.4) screen=(1047.293, 368.0158)
[Dev] interact Shaman world=(-5.6, 0.0, 0.4) screen=(408.5833, 148.8999)
[Dev] interact Elder world=(2.0, 0.0, -5.6) screen=(1038.037, 191.6542)
[Dev] interact Jumo world=(7.1, 0.0, -1.4) screen=(1079.692, 440.1637)
[Dev] interact Waypoint world=(-4.2, 0.0, 2.2) screen=(390.0698, 234.4085)
E2E ▶ first_magic
[Dev] item 화염부 world=(32.5, 0.0, 70.5) screen=(-1072.484, 3072.227)
[Dev] item 빙결부 world=(33.5, 0.0, 69.5) screen=(-979.9173, 3072.227)
[Field] deulnyeok seed=355022911 128x128 props=2252 packs=18 enemies=74 waypoint=(62, 65) roster=bandit,bat,talisman_master elites=["13:파란×4@구간3"]
[Audio] BGM dungeon → dungeon_1.ogg
[Save] level 못골 들녘 → user://save_e2e.json (C:/Users/FORYOUCOM/AppData/Roaming/Godot/app_userdata/Joseon Hunters/wt/codex-558-combat-clock-trace/save_e2e.json)
[Dev] stairs Down_cave dir=1 world=(88.5, 0.0, 3.5) screen=(7212.236, 897.1014)
[Dev] interact Waypoint world=(62.5, 0.0, 65.5) screen=(3139.301, 1810.974)
[Dev] interact FloorItem world=(32.5, 0.0, 70.5) screen=(1519.384, 1142.938)
[Dev] interact @Area3D@87487 world=(33.5, 0.0, 69.5) screen=(1611.95, 1142.938)
[Dev] interact PusJar world=(95.5, 0.0, 103.5) screen=(2907.884, 3708.197)
[Dev] interact @Area3D@87634 world=(101.5, 0.0, 105.5) screen=(3093.018, 3921.969)
[Dev] interact @Area3D@87635 world=(98.5, 0.0, 107.5) screen=(2861.601, 3895.247)
[Dev] interact LootChest world=(27.5, 0.0, 70.5) screen=(1287.967, 1009.331)
[Dev] interact @Area3D@87636 world=(94.5, 0.0, 100.5) screen=(3000.451, 3601.312)
[Dev] interact @Area3D@87637 world=(55.5, 0.0, 52.5) screen=(3417.001, 1276.545)
[Dev] interact LootPot world=(46.5, 0.0, 68.5) screen=(2259.917, 1463.595)
[Dev] interact @Area3D@87638 world=(73.5, 0.0, 47.5) screen=(4481.519, 1623.924)
[Dev] interact @Area3D@87639 world=(90.5, 0.0, 47.5) screen=(5268.335, 2078.189)
[Dev] interact @Area3D@87640 world=(111.5, 0.0, 49.5) screen=(6147.719, 2692.782)
[Dev] interact @Area3D@87641 world=(101.5, 0.0, 101.5) screen=(3278.151, 3815.083)
[Dev] interact @Area3D@87642 world=(86.5, 0.0, 76.5) screen=(3740.984, 2746.225)
[Dev] interact @Area3D@87643 world=(53.5, 0.0, 52.5) screen=(3324.434, 1223.102)
[Dev] interact @Area3D@87644 world=(87.5, 0.0, 95.5) screen=(2907.884, 3280.654)
[Dev] interact @Area3D@87645 world=(26.5, 0.0, 66.5) screen=(1426.817, 875.7234)
[Dev] interact @Area3D@87646 world=(17.5, 0.0, 60.5) screen=(1287.967, 474.9016)
[Dev] interact @Area3D@87647 world=(86.5, 0.0, 22.5) screen=(6240.286, 1303.266)
[Dev] interact @Area3D@87648 world=(59.5, 0.0, 65.5) screen=(3000.451, 1730.81)
[Dev] interact @Area3D@87649 world=(18.5, 0.0, 74.5) screen=(686.2832, 875.7234)
[Dev] interact @Area3D@87650 world=(44.5, 0.0, 69.5) screen=(2121.067, 1436.874)
[Dev] interact @Area3D@87651 world=(73.5, 0.0, 49.5) screen=(4388.952, 1677.367)
[Dev] interact @Area3D@87652 world=(88.5, 0.0, 52.5) screen=(4944.352, 2158.353)
[Kill] +6 xp (lv 1, 6/20)
[Dev] item 미식별 은가락지 world=(14.5, 0.0, 46.5) screen=(1797.084, 50.05202)
[Dev] item 영약 — 생맥산 world=(14.5, 0.0, 46.5) screen=(1797.084, 50.05202)
[Kill] +6 xp (lv 1, 12/20)
[Save] e2e first_magic → user://save_e2e.json (C:/Users/FORYOUCOM/AppData/Roaming/Godot/app_userdata/Joseon Hunters/wt/codex-558-combat-clock-trace/save_e2e.json)
[Load] lv=1 gold=0 flags={ "opening_pending": false } portal=<null> wps=[]
[Dev] item 화염부 world=(32.5, 0.0, 70.5) screen=(1519.384, 1172.353)
[Dev] item 빙결부 world=(33.5, 0.0, 69.5) screen=(1611.95, 1172.353)
[Field] deulnyeok seed=355022911 128x128 props=2252 packs=18 enemies=74 waypoint=(62, 65) roster=bandit,bat,talisman_master elites=["12:파란×4@구간3", "7:파란×4@구간2"]
[Save] level 못골 들녘 → user://save_e2e.json (C:/Users/FORYOUCOM/AppData/Roaming/Godot/app_userdata/Joseon Hunters/wt/codex-558-combat-clock-trace/save_e2e.json)
[Dev] stairs Down_cave dir=1 world=(88.5, 0.0, 3.5) screen=(7212.236, 897.1014)
[Dev] interact Waypoint world=(62.5, 0.0, 65.5) screen=(3139.301, 1810.974)
[Dev] interact FloorItem world=(32.5, 0.0, 70.5) screen=(1519.384, 1142.938)
[Dev] interact @Area3D@88163 world=(33.5, 0.0, 69.5) screen=(1611.95, 1142.938)
[Dev] interact PusJar world=(95.5, 0.0, 103.5) screen=(2907.884, 3708.197)
[Dev] interact @Area3D@88306 world=(101.5, 0.0, 105.5) screen=(3093.018, 3921.969)
[Dev] interact @Area3D@88307 world=(98.5, 0.0, 107.5) screen=(2861.601, 3895.247)
[Dev] interact LootChest world=(27.5, 0.0, 70.5) screen=(1287.967, 1009.331)
[Dev] interact @Area3D@88308 world=(94.5, 0.0, 100.5) screen=(3000.451, 3601.312)
[Dev] interact @Area3D@88309 world=(55.5, 0.0, 52.5) screen=(3417.001, 1276.545)
[Dev] interact LootPot world=(46.5, 0.0, 68.5) screen=(2259.917, 1463.595)
[Dev] interact @Area3D@88310 world=(73.5, 0.0, 47.5) screen=(4481.519, 1623.924)
[Dev] interact @Area3D@88311 world=(90.5, 0.0, 47.5) screen=(5268.335, 2078.189)
[Dev] interact @Area3D@88312 world=(111.5, 0.0, 49.5) screen=(6147.719, 2692.782)
[Dev] interact @Area3D@88313 world=(101.5, 0.0, 101.5) screen=(3278.151, 3815.083)
[Dev] interact @Area3D@88314 world=(86.5, 0.0, 76.5) screen=(3740.984, 2746.225)
[Dev] interact @Area3D@88315 world=(53.5, 0.0, 52.5) screen=(3324.434, 1223.102)
[Dev] interact @Area3D@88316 world=(87.5, 0.0, 95.5) screen=(2907.884, 3280.654)
[Dev] interact @Area3D@88317 world=(26.5, 0.0, 66.5) screen=(1426.817, 875.7234)
[Dev] interact @Area3D@88318 world=(17.5, 0.0, 60.5) screen=(1287.967, 474.9016)
[Dev] interact @Area3D@88319 world=(86.5, 0.0, 22.5) screen=(6240.286, 1303.266)
[Dev] interact @Area3D@88320 world=(59.5, 0.0, 65.5) screen=(3000.451, 1730.81)
[Dev] interact @Area3D@88321 world=(18.5, 0.0, 74.5) screen=(686.2832, 875.7234)
[Dev] interact @Area3D@88322 world=(44.5, 0.0, 69.5) screen=(2121.067, 1436.874)
[Dev] interact @Area3D@88323 world=(73.5, 0.0, 49.5) screen=(4388.952, 1677.367)
[Dev] interact @Area3D@88324 world=(88.5, 0.0, 52.5) screen=(4944.352, 2158.353)
[Kill] +6 xp (lv 1, 18/20)
[Dev] item 탕약 — 쌍화탕 world=(14.5, 0.0, 46.5) screen=(1797.084, 50.05202)
[Dev] item 미식별 첨주 world=(14.5, 0.0, 46.5) screen=(1797.084, 50.05202)
[Loot] 첫 매직 보장 — bandit (cheomju ilvl 13) · 회차 2
[Dungeon] heukrang_gul 1층 lv=2 seed=403727558 gen 64x64 rooms=6 up=(44, 56) down=(7, 23) enemies=20 roster=bandit,bat,talisman_master elites=["방2:금색×3(깊이 0.50)"] named=-
[Quest] heukrang_gul 1층 — 싹쓸이 셈 시작 93 (heukrang_clear:none)
[Save] level 흑랑 굴 1층 → user://save_e2e.json (C:/Users/FORYOUCOM/AppData/Roaming/Godot/app_userdata/Joseon Hunters/wt/codex-558-combat-clock-trace/save_e2e.json)
[Dev] stairs StairsUp dir=-1 world=(44.5, 0.0, 56.5) screen=(593.7165, 335.9509)
[Dev] stairs StairsDown dir=1 world=(7.5, 0.0, 23.5) screen=(408.583, -1534.551)
[Dev] interact PusJar world=(29.5, 0.0, 42.5) screen=(547.433, -487.0705)
[Dev] interact @Area3D@88509 world=(14.5, 0.0, 24.5) screen=(686.2831, -1368.878)
[Dev] interact @Area3D@88510 world=(23.5, 0.0, 18.5) screen=(1380.534, -1288.714)
[Dev] interact LootChest world=(29.5, 0.0, 39.5) screen=(686.2831, -567.2349)
[Dev] interact @Area3D@88511 world=(40.5, 0.0, 38.5) screen=(1241.683, -300.0204)
[Dev] interact LootPot world=(21.5, 0.0, 43.5) screen=(130.8828, -674.1207)
[Dev] interact @Area3D@88512 world=(22.5, 0.0, 44.5) screen=(130.8829, -620.6779)
[Dev] interact @Area3D@88513 world=(19.5, 0.0, 9.5) screen=(1611.95, -1636.093)
[Dev] interact @Area3D@88514 world=(20.5, 0.0, 9.5) screen=(1658.234, -1609.372)
[Dev] interact @Area3D@88515 world=(44.5, 0.0, 51.5) screen=(825.1333, 154.2443)
[Dev] interact @Area3D@88516 world=(44.5, 0.0, 52.5) screen=(778.8499, 180.9657)
[Dev] interact @Area3D@88517 world=(21.5, 0.0, 39.5) screen=(316.0163, -781.0065)
E2E first_magic PASS (검사 18)
[Audio] BGM town → town.ogg
[Save] level 못골 마을 → user://save_e2e.json (C:/Users/FORYOUCOM/AppData/Roaming/Godot/app_userdata/Joseon Hunters/wt/codex-558-combat-clock-trace/save_e2e.json)
[Dev] stairs DungeonEntrance dir=1 world=(0.0, 0.0, -31.0) screen=(2121.067, -492.4143)
[Dev] interact Merchant world=(5.4, 0.0, -2.4) screen=(1047.293, 368.0158)
[Dev] interact Shaman world=(-5.6, 0.0, 0.4) screen=(408.5833, 148.8999)
[Dev] interact Elder world=(2.0, 0.0, -5.6) screen=(1038.037, 191.6542)
[Dev] interact Jumo world=(7.1, 0.0, -1.4) screen=(1079.692, 440.1637)
[Dev] interact Waypoint world=(-4.2, 0.0, 2.2) screen=(390.0698, 234.4085)
E2E ▶ hover_target
[Dungeon] heukrang_gul 1층 lv=2 seed=403727558 gen 64x64 rooms=6 up=(44, 56) down=(7, 23) enemies=20 roster=bandit,bat,talisman_master elites=["방2:금색×3(깊이 0.50)"] named=-
[Quest] heukrang_gul 1층 — 싹쓸이 셈 시작 20 (heukrang_clear:none)
[Audio] BGM dungeon → dungeon_4.ogg
[Save] level 흑랑 굴 1층 → user://save_e2e.json (C:/Users/FORYOUCOM/AppData/Roaming/Godot/app_userdata/Joseon Hunters/wt/codex-558-combat-clock-trace/save_e2e.json)
[Dev] stairs StairsUp dir=-1 world=(44.5, 0.0, 56.5) screen=(593.7165, 335.9509)
[Dev] stairs StairsDown dir=1 world=(7.5, 0.0, 23.5) screen=(408.583, -1534.551)
[Dev] interact PusJar world=(29.5, 0.0, 42.5) screen=(547.433, -487.0705)
[Dev] interact @Area3D@88859 world=(14.5, 0.0, 24.5) screen=(686.2831, -1368.878)
[Dev] interact @Area3D@88860 world=(23.5, 0.0, 18.5) screen=(1380.534, -1288.714)
[Dev] interact LootChest world=(29.5, 0.0, 39.5) screen=(686.2831, -567.2349)
[Dev] interact @Area3D@88861 world=(40.5, 0.0, 38.5) screen=(1241.683, -300.0204)
[Dev] interact LootPot world=(21.5, 0.0, 43.5) screen=(130.8828, -674.1207)
[Dev] interact @Area3D@88862 world=(22.5, 0.0, 44.5) screen=(130.8829, -620.6779)
[Dev] interact @Area3D@88863 world=(19.5, 0.0, 9.5) screen=(1611.95, -1636.093)
[Dev] interact @Area3D@88864 world=(20.5, 0.0, 9.5) screen=(1658.234, -1609.372)
[Dev] interact @Area3D@88865 world=(44.5, 0.0, 51.5) screen=(825.1333, 154.2443)
[Dev] interact @Area3D@88866 world=(44.5, 0.0, 52.5) screen=(778.8499, 180.9657)
[Dev] interact @Area3D@88867 world=(21.5, 0.0, 39.5) screen=(316.0163, -781.0065)
[Dev] removed 20 enemies
[Kill] +6 xp (lv 1, 6/20)
[Click] world=(27.49961, 0.0, 49.49961) cell=(27, 49)
[Click] world=(28.37196, 0.0, 49.49961) cell=(28, 49)
[Click] world=(28.88916, 0.0, 49.49961) cell=(28, 49)
[Click] world=(29.41269, 0.0, 49.49961) cell=(29, 49)
[Click] world=(29.94111, 0.0, 49.49961) cell=(29, 49)
[Click] world=(20.3, 0.000391, 49.5) cell=(20, 49)
[Skill] 참격 → mp 46/50
[Skill] 참격 → mp 46/50
[Click] world=(25.0, 0.000391, 49.5) cell=(25, 49)
[Click] world=(25.0, 0.000391, 49.5) cell=(25, 49)
[Click] world=(24.9, 0.000391, 49.5) cell=(24, 49)
[Click] world=(25.43033, 0.000391, 48.96967) cell=(25, 48)
[Click] world=(26.3, 0.000391, 49.5) cell=(26, 49)
[Click] world=(26.3, 0.000391, 49.5) cell=(26, 49)
[Skill] 참격 → mp 46/50
[Skill] 참격 → mp 46/50
E2E hover_target PASS (검사 45)
[Audio] BGM town → town.ogg
[Save] level 못골 마을 → user://save_e2e.json (C:/Users/FORYOUCOM/AppData/Roaming/Godot/app_userdata/Joseon Hunters/wt/codex-558-combat-clock-trace/save_e2e.json)
[Dev] stairs DungeonEntrance dir=1 world=(0.0, 0.0, -31.0) screen=(2121.067, -492.4143)
[Dev] interact Merchant world=(5.4, 0.0, -2.4) screen=(1047.293, 368.0158)
[Dev] interact Shaman world=(-5.6, 0.0, 0.4) screen=(408.5833, 148.8999)
[Dev] interact Elder world=(2.0, 0.0, -5.6) screen=(1038.037, 191.6542)
[Dev] interact Jumo world=(7.1, 0.0, -1.4) screen=(1079.692, 440.1637)
[Dev] interact Waypoint world=(-4.2, 0.0, 2.2) screen=(390.0698, 234.4085)
E2E ▶ system_menu
[Dungeon] heukrang_gul 1층 lv=2 seed=403727558 gen 64x64 rooms=6 up=(44, 56) down=(7, 23) enemies=20 roster=bandit,bat,talisman_master elites=["방2:금색×3(깊이 0.50)"] named=-
[Quest] heukrang_gul 1층 — 싹쓸이 셈 시작 20 (heukrang_clear:none)
[Audio] BGM dungeon → dungeon_3.ogg
[Save] level 흑랑 굴 1층 → user://system_menu_550_970445349.json (C:/Users/FORYOUCOM/AppData/Roaming/Godot/app_userdata/Joseon Hunters/wt/codex-558-combat-clock-trace/system_menu_550_970445349.json)
[Dev] stairs StairsUp dir=-1 world=(44.5, 0.0, 56.5) screen=(593.7165, 335.9509)
[Dev] stairs StairsDown dir=1 world=(7.5, 0.0, 23.5) screen=(408.583, -1534.551)
[Dev] interact PusJar world=(29.5, 0.0, 42.5) screen=(547.433, -487.0705)
[Dev] interact @Area3D@89233 world=(14.5, 0.0, 24.5) screen=(686.2831, -1368.878)
[Dev] interact @Area3D@89234 world=(23.5, 0.0, 18.5) screen=(1380.534, -1288.714)
[Dev] interact LootChest world=(29.5, 0.0, 39.5) screen=(686.2831, -567.2349)
[Dev] interact @Area3D@89235 world=(40.5, 0.0, 38.5) screen=(1241.683, -300.0204)
[Dev] interact LootPot world=(21.5, 0.0, 43.5) screen=(130.8828, -674.1207)
[Dev] interact @Area3D@89236 world=(22.5, 0.0, 44.5) screen=(130.8829, -620.6779)
[Dev] interact @Area3D@89237 world=(19.5, 0.0, 9.5) screen=(1611.95, -1636.093)
[Dev] interact @Area3D@89238 world=(20.5, 0.0, 9.5) screen=(1658.234, -1609.372)
[Dev] interact @Area3D@89239 world=(44.5, 0.0, 51.5) screen=(825.1333, 154.2443)
[Dev] interact @Area3D@89240 world=(44.5, 0.0, 52.5) screen=(778.8499, 180.9657)
[Dev] interact @Area3D@89241 world=(21.5, 0.0, 39.5) screen=(316.0163, -781.0065)
[Dev] interact Portal world=(46.5, 0.0, 56.5) screen=(686.2831, 338.6432)
[Portal] opened heukrang_gul 1층 pos=(46.5, 0.0, 56.5)
[Save] system menu → user://system_menu_550_970445349.json (C:/Users/FORYOUCOM/AppData/Roaming/Godot/app_userdata/Joseon Hunters/wt/codex-558-combat-clock-trace/system_menu_550_970445349.json)
[Load] lv=1 gold=0 flags={ "opening_pending": false, "quest": { "heukrang_clear": { "state": "none", "left": 20, "barked": false } } } portal={ "area": &"heukrang_gul", "floor": 1, "pos": (46.5, 0.0, 56.5), "returned": false } wps=[]
[Dungeon] heukrang_gul 1층 lv=2 seed=403727558 gen 64x64 rooms=6 up=(44, 56) down=(7, 23) enemies=20 roster=bandit,bat,talisman_master elites=["방2:금색×3(깊이 0.50)"] named=-
[Dev] interact Portal world=(46.5, 0.0, 56.5) screen=(686.2831, 341.2944)
[Quest] heukrang_gul 1층 — 싹쓸이 셈 시작 40 (heukrang_clear:none)
[Save] level 흑랑 굴 1층 → user://system_menu_550_970445349.json.characters/legacy.json (C:/Users/FORYOUCOM/AppData/Roaming/Godot/app_userdata/Joseon Hunters/wt/codex-558-combat-clock-trace/system_menu_550_970445349.json.characters/legacy.json)
[Dev] stairs StairsUp dir=-1 world=(44.5, 0.0, 56.5) screen=(593.7165, 335.9509)
[Dev] stairs StairsDown dir=1 world=(7.5, 0.0, 23.5) screen=(408.583, -1534.551)
[Dev] interact Portal world=(46.5, 0.0, 56.5) screen=(686.2831, 341.2944)
[Dev] interact PusJar world=(29.5, 0.0, 42.5) screen=(547.433, -487.0705)
[Dev] interact @Area3D@89425 world=(14.5, 0.0, 24.5) screen=(686.2831, -1368.878)
[Dev] interact @Area3D@89426 world=(23.5, 0.0, 18.5) screen=(1380.534, -1288.714)
[Dev] interact LootChest world=(29.5, 0.0, 39.5) screen=(686.2831, -567.2349)
[Dev] interact @Area3D@89427 world=(40.5, 0.0, 38.5) screen=(1241.683, -300.0204)
[Dev] interact LootPot world=(21.5, 0.0, 43.5) screen=(130.8828, -674.1207)
[Dev] interact @Area3D@89428 world=(22.5, 0.0, 44.5) screen=(130.8829, -620.6779)
[Dev] interact @Area3D@89429 world=(19.5, 0.0, 9.5) screen=(1611.95, -1636.093)
[Dev] interact @Area3D@89430 world=(20.5, 0.0, 9.5) screen=(1658.234, -1609.372)
[Dev] interact @Area3D@89431 world=(44.5, 0.0, 51.5) screen=(825.1333, 154.2443)
[Dev] interact @Area3D@89432 world=(44.5, 0.0, 52.5) screen=(778.8499, 180.9657)
[Dev] interact @Area3D@89433 world=(21.5, 0.0, 39.5) screen=(316.0163, -781.0065)
[Dev] item 화염부 world=(32.5, 0.0, 70.5) screen=(-609.6509, 370.7094)
[Dev] item 빙결부 world=(33.5, 0.0, 69.5) screen=(-517.084, 370.7095)
[Field] deulnyeok seed=355022911 128x128 props=2252 packs=18 enemies=74 waypoint=(62, 65) roster=bandit,bat,talisman_master elites=["13:파란×4@구간3"]
[Save] level 못골 들녘 → user://system_menu_550_970445349.json.characters/legacy.json (C:/Users/FORYOUCOM/AppData/Roaming/Godot/app_userdata/Joseon Hunters/wt/codex-558-combat-clock-trace/system_menu_550_970445349.json.characters/legacy.json)
[Dev] stairs Down_cave dir=1 world=(88.5, 0.0, 3.5) screen=(7212.236, 897.1014)
[Dev] interact Waypoint world=(62.5, 0.0, 65.5) screen=(3139.301, 1810.974)
[Dev] interact FloorItem world=(32.5, 0.0, 70.5) screen=(1519.384, 1142.938)
[Dev] interact @Area3D@89936 world=(33.5, 0.0, 69.5) screen=(1611.95, 1142.938)
[Dev] interact PusJar world=(95.5, 0.0, 103.5) screen=(2907.884, 3708.197)
[Dev] interact @Area3D@90083 world=(101.5, 0.0, 105.5) screen=(3093.018, 3921.969)
[Dev] interact @Area3D@90084 world=(98.5, 0.0, 107.5) screen=(2861.601, 3895.247)
[Dev] interact LootChest world=(27.5, 0.0, 70.5) screen=(1287.967, 1009.331)
[Dev] interact @Area3D@90085 world=(94.5, 0.0, 100.5) screen=(3000.451, 3601.312)
[Dev] interact @Area3D@90086 world=(55.5, 0.0, 52.5) screen=(3417.001, 1276.545)
[Dev] interact LootPot world=(46.5, 0.0, 68.5) screen=(2259.917, 1463.595)
[Dev] interact @Area3D@90087 world=(73.5, 0.0, 47.5) screen=(4481.519, 1623.924)
[Dev] interact @Area3D@90088 world=(90.5, 0.0, 47.5) screen=(5268.335, 2078.189)
[Dev] interact @Area3D@90089 world=(111.5, 0.0, 49.5) screen=(6147.719, 2692.782)
[Dev] interact @Area3D@90090 world=(101.5, 0.0, 101.5) screen=(3278.151, 3815.083)
[Dev] interact @Area3D@90091 world=(86.5, 0.0, 76.5) screen=(3740.984, 2746.225)
[Dev] interact @Area3D@90092 world=(53.5, 0.0, 52.5) screen=(3324.434, 1223.102)
[Dev] interact @Area3D@90093 world=(87.5, 0.0, 95.5) screen=(2907.884, 3280.654)
[Dev] interact @Area3D@90094 world=(26.5, 0.0, 66.5) screen=(1426.817, 875.7234)
[Dev] interact @Area3D@90095 world=(17.5, 0.0, 60.5) screen=(1287.967, 474.9016)
[Dev] interact @Area3D@90096 world=(86.5, 0.0, 22.5) screen=(6240.286, 1303.266)
[Dev] interact @Area3D@90097 world=(59.5, 0.0, 65.5) screen=(3000.451, 1730.81)
[Dev] interact @Area3D@90098 world=(18.5, 0.0, 74.5) screen=(686.2832, 875.7234)
[Dev] interact @Area3D@90099 world=(44.5, 0.0, 69.5) screen=(2121.067, 1436.874)
[Dev] interact @Area3D@90100 world=(73.5, 0.0, 49.5) screen=(4388.952, 1677.367)
[Dev] interact @Area3D@90101 world=(88.5, 0.0, 52.5) screen=(4944.352, 2158.353)
[Save] system menu → user://system_menu_550_970445349.json.characters/legacy.json (C:/Users/FORYOUCOM/AppData/Roaming/Godot/app_userdata/Joseon Hunters/wt/codex-558-combat-clock-trace/system_menu_550_970445349.json.characters/legacy.json)
[Load] lv=1 gold=15600 flags={ "opening_pending": false, "quest": { "heukrang_clear": { "state": "none", "left": 40, "barked": false } } } portal={ "area": &"heukrang_gul", "floor": 1, "pos": (46.5, 0.0, 56.5), "returned": false } wps=[]
[Dev] item 화염부 world=(32.5, 0.0, 70.5) screen=(1519.384, 1172.353)
[Dev] item 빙결부 world=(33.5, 0.0, 69.5) screen=(1611.95, 1172.353)
[Field] deulnyeok seed=355022911 128x128 props=2252 packs=18 enemies=74 waypoint=(62, 65) roster=bandit,bat,talisman_master elites=["13:파란×4@구간3"]
[Save] level 못골 들녘 → user://system_menu_550_970445349.json.characters/legacy.json (C:/Users/FORYOUCOM/AppData/Roaming/Godot/app_userdata/Joseon Hunters/wt/codex-558-combat-clock-trace/system_menu_550_970445349.json.characters/legacy.json)
[Dev] stairs Down_cave dir=1 world=(88.5, 0.0, 3.5) screen=(7212.236, 897.1014)
[Dev] interact Waypoint world=(62.5, 0.0, 65.5) screen=(3139.301, 1810.974)
[Dev] interact FloorItem world=(32.5, 0.0, 70.5) screen=(1519.384, 1142.938)
[Dev] interact @Area3D@90604 world=(33.5, 0.0, 69.5) screen=(1611.95, 1142.938)
[Dev] interact PusJar world=(95.5, 0.0, 103.5) screen=(2907.884, 3708.197)
[Dev] interact @Area3D@90751 world=(101.5, 0.0, 105.5) screen=(3093.018, 3921.969)
[Dev] interact @Area3D@90752 world=(98.5, 0.0, 107.5) screen=(2861.601, 3895.247)
[Dev] interact LootChest world=(27.5, 0.0, 70.5) screen=(1287.967, 1009.331)
[Dev] interact @Area3D@90753 world=(94.5, 0.0, 100.5) screen=(3000.451, 3601.312)
[Dev] interact @Area3D@90754 world=(55.5, 0.0, 52.5) screen=(3417.001, 1276.545)
[Dev] interact LootPot world=(46.5, 0.0, 68.5) screen=(2259.917, 1463.595)
[Dev] interact @Area3D@90755 world=(73.5, 0.0, 47.5) screen=(4481.519, 1623.924)
[Dev] interact @Area3D@90756 world=(90.5, 0.0, 47.5) screen=(5268.335, 2078.189)
[Dev] interact @Area3D@90757 world=(111.5, 0.0, 49.5) screen=(6147.719, 2692.782)
[Dev] interact @Area3D@90758 world=(101.5, 0.0, 101.5) screen=(3278.151, 3815.083)
[Dev] interact @Area3D@90759 world=(86.5, 0.0, 76.5) screen=(3740.984, 2746.225)
[Dev] interact @Area3D@90760 world=(53.5, 0.0, 52.5) screen=(3324.434, 1223.102)
[Dev] interact @Area3D@90761 world=(87.5, 0.0, 95.5) screen=(2907.884, 3280.654)
[Dev] interact @Area3D@90762 world=(26.5, 0.0, 66.5) screen=(1426.817, 875.7234)
[Dev] interact @Area3D@90763 world=(17.5, 0.0, 60.5) screen=(1287.967, 474.9016)
[Dev] interact @Area3D@90764 world=(86.5, 0.0, 22.5) screen=(6240.286, 1303.266)
[Dev] interact @Area3D@90765 world=(59.5, 0.0, 65.5) screen=(3000.451, 1730.81)
[Dev] interact @Area3D@90766 world=(18.5, 0.0, 74.5) screen=(686.2832, 875.7234)
[Dev] interact @Area3D@90767 world=(44.5, 0.0, 69.5) screen=(2121.067, 1436.874)
[Dev] interact @Area3D@90768 world=(73.5, 0.0, 49.5) screen=(4388.952, 1677.367)
[Dev] interact @Area3D@90769 world=(88.5, 0.0, 52.5) screen=(4944.352, 2158.353)
[Dungeon] heukrang_gul 2층 lv=3 seed=3189434797 preset 28x28 rooms=2 up=(22, 23) down=(-1, -1) enemies=2 roster=bat elites=[] named=-
[Audio] BGM boss → boss.ogg
[Save] level 흑랑 굴 2층 → user://system_menu_550_970445349.json.characters/legacy.json (C:/Users/FORYOUCOM/AppData/Roaming/Godot/app_userdata/Joseon Hunters/wt/codex-558-combat-clock-trace/system_menu_550_970445349.json.characters/legacy.json)
[Dev] stairs StairsUp dir=-1 world=(22.5, 0.0, 23.5) screen=(593.7167, 335.9507)
[Save] system menu → user://system_menu_550_970445349.json.characters/legacy.json (C:/Users/FORYOUCOM/AppData/Roaming/Godot/app_userdata/Joseon Hunters/wt/codex-558-combat-clock-trace/system_menu_550_970445349.json.characters/legacy.json)
[Load] lv=1 gold=15602 flags={ "opening_pending": false, "quest": { "heukrang_clear": { "state": "none", "left": 40, "barked": false } } } portal={ "area": &"heukrang_gul", "floor": 1, "pos": (46.5, 0.0, 56.5), "returned": false } wps=[]
[Dungeon] heukrang_gul 2층 lv=3 seed=3189434797 preset 28x28 rooms=2 up=(22, 23) down=(-1, -1) enemies=2 roster=bat elites=[] named=-
[Save] level 흑랑 굴 2층 → user://system_menu_550_970445349.json.characters/legacy.json (C:/Users/FORYOUCOM/AppData/Roaming/Godot/app_userdata/Joseon Hunters/wt/codex-558-combat-clock-trace/system_menu_550_970445349.json.characters/legacy.json)
[Dev] stairs StairsUp dir=-1 world=(22.5, 0.0, 23.5) screen=(593.7167, 335.9507)
WARNING: SaveSystem: 저장 위치가 바뀌었습니다. 캐릭터를 다시 선택해 주세요
   at: push_warning (core/variant/variant_utility.cpp:1033)
   GDScript backtrace (most recent call first):
       [0] _failed (res://core/save_system.gd:206)
       [1] save_now (res://core/save_system.gd:134)
       [2] _on_click (res://ui/system_menu.gd:208)
       [3] _input (res://ui/system_menu.gd:159)
[Save] system menu → user://system_menu_550_970445349.json.characters/legacy.json (C:/Users/FORYOUCOM/AppData/Roaming/Godot/app_userdata/Joseon Hunters/wt/codex-558-combat-clock-trace/system_menu_550_970445349.json.characters/legacy.json)
[Load] lv=1 gold=15602 flags={ "opening_pending": false, "quest": { "heukrang_clear": { "state": "none", "left": 40, "barked": false } } } portal={ "area": &"heukrang_gul", "floor": 1, "pos": (46.5, 0.0, 56.5), "returned": false } wps=[]
[Dungeon] heukrang_gul 2층 lv=3 seed=3189434797 preset 28x28 rooms=2 up=(22, 23) down=(-1, -1) enemies=2 roster=bat elites=[] named=-
[Save] level 흑랑 굴 2층 → user://system_menu_550_970445349.json.characters/legacy.json (C:/Users/FORYOUCOM/AppData/Roaming/Godot/app_userdata/Joseon Hunters/wt/codex-558-combat-clock-trace/system_menu_550_970445349.json.characters/legacy.json)
[Dev] stairs StairsUp dir=-1 world=(22.5, 0.0, 23.5) screen=(593.7167, 335.9507)
E2E system_menu PASS (검사 56)
E2E SUMMARY: 108/108 PASS
  E2E character_profiles PASS (검사 38)
  E2E quest_journal PASS (검사 56)
  E2E hud_orb_fx PASS (검사 30)
  E2E npc_hover_view PASS (검사 77)
  E2E elite_ui_view PASS (검사 6)
  E2E hud_hierarchy_view PASS (검사 4)
  E2E pickup_feedback_view PASS (검사 3)
  E2E icon_intake PASS (검사 315)
  E2E automap PASS (검사 50)
  E2E pickup_equip PASS (검사 37)
  E2E equipment_ui PASS (검사 33)
  E2E inactive_gear PASS (검사 50)
  E2E portal_roundtrip PASS (검사 18)
  E2E waypoint PASS (검사 12)
  E2E vendor_quest PASS (검사 54)
  E2E vendor_prices PASS (검사 12)
  E2E chief_quest PASS (검사 62)
  E2E shaman_heal PASS (검사 23)
  E2E save_continue PASS (검사 12)
  E2E boss_floor PASS (검사 44)
  E2E boss_bulgasari PASS (검사 47)
  E2E bulgasari_path PASS (검사 15)
  E2E boss_jangsanbeom PASS (검사 42)
  E2E heukrang_look PASS (검사 4)
  E2E heukrang_pounce PASS (검사 11)
  E2E visual_swap PASS (검사 65)
  E2E run_upright PASS (검사 16)
  E2E teleport_settle PASS (검사 10)
  E2E hit_feel PASS (검사 27)
  E2E element_affix PASS (검사 7)
  E2E affix_combat PASS (검사 40)
  E2E attack_chain PASS (검사 21)
  E2E aspd_steps PASS (검사 27)
  E2E skill_then_attack PASS (검사 64)
  E2E anim_commit PASS (검사 65)
  E2E invisible_sword PASS (검사 68)
  E2E heavy_react PASS (검사 97)
  E2E pack_ai PASS (검사 46)
  E2E kill_slump PASS (검사 51)
  E2E kill_bisect PASS (검사 68)
  E2E slice_deaths PASS (검사 111)
  E2E monster_motion_gallery PASS (검사 70)
  E2E element_status PASS (검사 78)
  E2E element_ui PASS (검사 4)
  E2E talisman_targeting PASS (검사 75)
  E2E talisman_throw PASS (검사 56)
  E2E talisman_aoe PASS (검사 16)
  E2E loot_drop PASS (검사 24)
  E2E potion_icons PASS (검사 40)
  E2E potion_tiers PASS (검사 10)
  E2E loot_props PASS (검사 19)
  E2E elite_pack PASS (검사 52)
  E2E elite_slots PASS (검사 31)
  E2E flee_chase PASS (검사 35)
  E2E verify_flows PASS (검사 16)
  E2E player_death PASS (검사 27)
  E2E wall_cutaway PASS (검사 17)
  E2E floor_seams PASS (검사 3)
  E2E char_light PASS (검사 102)
  E2E town_layout PASS (검사 60)
  E2E town_approach PASS (검사 133)
  E2E ui_windows PASS (검사 65)
  E2E story_cutin PASS (검사 28)
  E2E dialogue_band PASS (검사 71)
  E2E dialogue_event PASS (검사 50)
  E2E ui_docks PASS (검사 61)
  E2E ui_tooltips PASS (검사 97)
  E2E belt_unify PASS (검사 15)
  E2E item_ui PASS (검사 42)
  E2E skill_picker PASS (검사 191)
  E2E skill_icons PASS (검사 48)
  E2E vfx_cues PASS (검사 74)
  E2E vfx_cap_blood PASS (검사 3)
  E2E skill_area PASS (검사 93)
  E2E skill_tiers PASS (검사 72)
  E2E aoe_skills PASS (검사 66)
  E2E aoe_skills_2 PASS (검사 68)
  E2E build_changers PASS (검사 88)
  E2E dungeon_layout PASS (검사 34)
  E2E beomgul_walk PASS (검사 46)
  E2E mine_walk PASS (검사 66)
  E2E bongmil_walk PASS (검사 104)
  E2E town_exits PASS (검사 8)
  E2E field_layout PASS (검사 32)
  E2E field2_layout PASS (검사 20)
  E2E gate_hover PASS (검사 6)
  E2E pack_density PASS (검사 2)
  E2E slice_loop PASS (검사 29)
  E2E plaza_light PASS (검사 8)
  E2E town_tour PASS (검사 2)
  E2E aoe_field PASS (검사 20)
  E2E long_body PASS (검사 13)
  E2E named_imugi PASS (검사 13)
  E2E serpent_models PASS (검사 18)
  E2E pus_jar PASS (검사 15)
  E2E roles PASS (검사 24)
  E2E roster_swap PASS (검사 19)
  E2E gimmicks_m10 PASS (검사 23)
  E2E behaviors_m9 PASS (검사 13)
  E2E female_f1 PASS (검사 7)
  E2E female_float PASS (검사 5)
  E2E m14_models PASS (검사 13)
  E2E leader_options PASS (검사 20)
  E2E surround PASS (검사 7)
  E2E weapon_visibility PASS (검사 25)
  E2E first_magic PASS (검사 18)
  E2E hover_target PASS (검사 45)
  E2E system_menu PASS (검사 56)
