path_under_raw,bytes,git_blob,sha256
helpers/analyse_resource564_guard_rng.py,1764,04e2b17ab2223ecb9087bcc57e0708727215bf47,ea693df6febf712f26e2f9c5f5580b2eb2c43518ab98a3ea5cd108d9c15cee85
helpers/audit_resource_clock564_worker.py,4624,d0381e8c53b97e81ade85241311c896c4383f4d0,07ae8e962fd39b8bf2ca1fbfa3d3fd9f548c2eda974c826afed533f97c54b18b
helpers/capture_564_native.py,3607,07ed9b2027fc61cb159d36de92233004a3dfa60a,bbad3ccc7f1a4a0a7e54ac1c74fe3899bf1d39930cfb332fedda52fa65c98dff
helpers/capture_resource564_video.py,5671,0af155a21b1610ffb3e699a562511ab3f8199a4c,d52d0e122f21c0861a07ed64f283218f0fe52dec18b86667070b7ebffb40ba99
helpers/clarify_resource_clock564_spec_04.py,2150,a62785046635ef9415332d166986331499f59a8e,2c2d61f0fc73851e3f4910409836cfbf56e9648448db2642b3b83c9685b887c0
helpers/collect_resource564_hud_native.py,1669,80f3e8dbf867591034332c9aca613babb70c3a66,efa99758546ab71a1ae22266efd846a30da9e3391351da3ce2707c3fca847fc6
helpers/commit_resource_clock564_candidate.py,4495,4c8e9762d4fab0d76506adc1765ca1602ad5257a,85d124b1d10b97c93c331edee7366c779987cf96ff8070c1b7f983266e088b5b
helpers/compare_resource564.py,2716,8fce418cce25c7ba7bf41e4548da28db94cbe0cf,13342a19b6400dc635dc787b70eefe9b19480c6fe71d906a006a58c24a2a13c0
helpers/encode_resource564_video.py,3728,6e7fc0b6b65326412fba06e6578139e37ed77a46,ce7e27bd9783faf497268023b24c8abc028734cda231907d2794d08b032c3fb6
helpers/fix_resource564_consumable_fixture.py,5285,48e61ed5e0a0b40e27f4231c7db8d759f727c475,b2a7705be1a0e73b6f6a76ed616825aad7be6503cd0ec8d1b26eb25319fa772e
helpers/fix_resource564_hud_fixture.py,3445,00bb87420baf4883a1ffad9a3b0c4440d642c919,79dab9c649bd0db66671bbcc055175e0c9a8d9a62cd3201042843e707d5df7e3
helpers/implement_resource_clock564.py,14077,8a26086cce012835e1776070cf86fc611370db55,204a40cd6e9c66aa2fc0eec8c139269ee10cc857b20b06e9c06b6d23dd206a0c
helpers/narrow_resource564_guard_trace.py,1474,d6c6ba19ab8e9c4ec24a43106e8db7bed9dd32bd,ac7876647791ae3f4ed7c606ff3ad990e56eeb7f048c3bcbbc3b9d253e399d87
helpers/note_resource564_hud_progress.py,1896,e7ac8732e553a500db97fbfb7e5c516e4b16ab12,3f62742e1daa791855bcfdcc05c671c02957cdb5d627ba63fcdc60a437ba4391
helpers/package_resource564_review.py,7567,b88161948b064d985a708961cf3d23f7b2904542,ae956b11fc2bbf97d19e1a0d8d6e83bb538345dab1f096609ccee0fe3fcfab1c
helpers/prepare_resource564_final_report.py,3987,48226348552e9f2c753a4ac6508a56596bc66420,604bdcba3809a911ba5a3ce1d30ef70716d5abc6aedff81e7a792c4f8f3bb5fe
helpers/preview_resource564.py,1693,9645446664749675b4d689cc20cbcad473ed4f94,491c514fa8a847dd6c3a1b93b89fe7156d2f94fe7ae9617e41807ed97b6f4404
helpers/publish_resource564_review_docs.py,3698,b12dace1f71147e4ab7e716ea733d93b4e303343,c8eec98428ed42a0646b5a4bbbdd13a629c644a1378bd10b89f193fc6adeba3d
helpers/rebase_resource564.py,914,bf151df78e4f014d2aa4f0f715cb288f56f07f8d,1e6b1d78a56a5d80eb065aff2ee208c6dabf8b94cd9247eb2e3326b28afccacb
helpers/record_worker564_audit_print_error.py,986,0b924ca02db26e955eee957a3cade41b17aed03a,0108d2ec62120095c27cb4ba4b61cad05f60c8c43e9c90eb2b17883bf98b272b
helpers/repair_564_native_before.py,2071,40b2ad2dab54d4af86a7bf6cd285962bf336e4d8,f6b7d15c2ea3e81f57513e8765ed36a06267201e63140bfb674fb6bd10a6946f
helpers/repair_resource564_consumable_fixture.py,4378,4fa2f8ed79ef375e15e48e2044d2e2b0af322cbb,407e2a7a6a1f70882e574782c9aa1336104894aa133042d71f7e8d20865df833
helpers/repair_resource_clock564_tests_01.py,2410,45e87655cb6d5a1c5a4a7154f66c9a50f69f9d24,b63fb7016e1198a010c2cf2263b680b8c04a04c777b91617e284bb389d20f082
helpers/repair_resource_clock564_tests_02.py,762,c0cac86082fad27caee4166672eb3da6c5b9bc65,e485f78a1e74b1603e838b1efe458c057ecafdd35f0d07ec6c990f251af6082d
helpers/report_resource564.py,13300,63a28faaf6554705d364b8fe511662c68a5bf8e9,769c833b8a84905fe08b47bb28db198e0be0676f5863188f20c1ef8c6be533c4
helpers/resolve_resource564_trace.py,3731,2ba6e9db640fedc89426a1b48c0e77cef0b2c560,415d87c8c57df2cda12f4a9a4a88df4130adc088de65b3ff81cf65da41724168
helpers/resource564_viewport_recorder.gd,2077,c84878d905b86bc9421c2bf8a3059e885e458ece,30e47dc658dfbace6885c1d9cb1d9ede8672ae5f1514c0d4362a316b729e6ab6
helpers/resource_clock564_worker_tools.py,2989,95a77c3168f31b0d5c868ec9072760e55b71bef5,431d552050c9a79515397a548097ead037419ef97fc840295e42ba0812f6c5ad
helpers/run_resource564_cohort.py,5185,53dff9080571002526c470445748bd35d0a2ef45,c224d646b56671d1c6e5e2601651b0886aa28f9c4bdde374730bcf6ec57daf6e
helpers/run_resource564_round2.py,719,d03e84564c30dc048c51e4f539e38ea290e51190,d382f9e544ad8601c40b89e45fdba2753588d84f97fc4d76ebe74ffa8271eb25
helpers/run_resource564_round3.py,719,6e1864e3171b9be6da924f1e753aa57b92580926,59634d06cd4b6dc02b541c530e63af49a0085250bab1a88b6fe477060d8648db
helpers/run_resource_clock564_checks.py,5099,fe4e988a90a189512d03dc9f3d72a8703cb6d5b8,a21519b824638eb87e0d8ea28abf5287a6b10bdc80d251cb33615205ea87772f
helpers/run_worker564_audit_02.py,416,6beb1ea39ce0439a31ed281dcbe67d00f68b096a,b0d939ba18682437777ee38dd32de755733bd2b7ab678e9aa003547deae40397
helpers/strengthen_resource564_scale.py,2874,1cac8ca63deaa242852788562f21bbb744e65a4e,bc874d9bca57ecead7024031b1b8facc4a8f01779a9488bc397a0d58cb9d28fe
helpers/strengthen_resource_clock564_tests_03.py,3258,fb673f61dbec8a46162671edfb8b5d0258589dd5,9ec5d2e4d5a319e58222f0cc3c84e57ce1e91bd75a9d93c966f0fd2418328615
helpers/verify_resource564_fixture_fix.py,1611,06341ac1787d8134f9be2089ae54568b367a3317,70724dd3eda69ffba85debb89fe71175623cfd1072930fbdad896f466e9c84fe
helpers/verify_resource564_integrated.py,2572,9fd82935e687ad5b36a92883338413bb21c7a8da,cd32db9610748f5404264ee4c278874fcb391a81e9ecc0890a20a5d464d68c73
helpers/write_spec564.py,7259,1f26b7cfef961395de17b8b88294d05b38773dab,88fc88da061a7054b0eae5338a3934ee57e3c22e0417f9365c73ddd197466647
phase_archives/20261002T1654324142069_41648/phase_1_shared/console.merged.raw.log,1975,3cf4bbc8c3119d2d9c6a77a0bee64786babd28b2,c209b076dc016247a1ce2c76a3728e84a963cbd30f9c6c3c6edd0572fe6e72df
phase_archives/20261002T1654324142069_41648/phase_1_shared/godot.raw.log,1698,2c0eed12964c48e948fea0de83d3de5333b78062,09a6cb27d7d00e1c0fde1deb83d909e27a0cbf53063ee5ae389775a855d32956
phase_archives/20261002T1654324142069_41648/phase_1_shared/phase.json,1857,b8ee5da35fc7e332ec1160fdc10a57ea25c6c303,a4f2968e7657a824100086314499acb6109e65a5141be2c7b4ba020357bfc5db
phase_archives/20261002T1656011748245_65376/phase_1_solo/console.merged.raw.log,14269,34eeeb70258ed85b1d1d8ba0445483cbc383c524,aceb001e761cb2c906926b71d3d8592b18cccf8c51b87bcadc6ce7a5ca76e36e
phase_archives/20261002T1656011748245_65376/phase_1_solo/godot.raw.log,14173,62d532049ad5f181f9188e33151178e25d7d78dd,349fc6ca6631dc936546f439c9324c514e865b17ca4ffaaf907e219271a1d222
phase_archives/20261002T1656011748245_65376/phase_1_solo/phase.json,1817,0ef0a778a586b6a2ae85be15a7d6225da56af068,801be79da18feda00a4a961aa131188cb78bf03971940a8041de6048adeb39dc
phase_archives/20261002T1658555828626_55016/phase_1_solo/console.merged.raw.log,64225,7773b05458ad480df3e7bde8437f639871580ad9,9d34561e0b35b968bd1d596575b95882e680fcf3db7632d07881225d0d8888e2
phase_archives/20261002T1658555828626_55016/phase_1_solo/godot.raw.log,63801,1bcf33c40cf8acae16e86293c3a873e0e81e8c8f,5718e0fa8b29dc8f4682b6d1753e9f095fcdc997ed709a20ba3581287f112fa3
phase_archives/20261002T1658555828626_55016/phase_1_solo/phase.json,2025,6b6f4a0d78ee57b807b9ea0445dac9c316832cde,31554eba5f9815bfdbe8ec2e103d96f6dd9f95d66234bf63f437989e58ef9ef2
phase_archives/20261002T1700250978066_35496/phase_1_solo/console.merged.raw.log,64485,d5d27959d20a4c2947c23375ff36234956ca806d,a5519b1da00fbd4dee153a11c9ede153d2f9b6a0198497f7622e5ee280384eae
phase_archives/20261002T1700250978066_35496/phase_1_solo/godot.raw.log,63811,ead4f9e35c5b960e6b3c2242f6c62501eb2a2ebc,eb5f54d6a012811e0e1723fecbf37beac894f3c12daff8df69ad8287a8e89cc0
phase_archives/20261002T1700250978066_35496/phase_1_solo/phase.json,2025,aea0ba54156770dcc28fb32f16674b8bcbdbd286,d47511dda71fdc90232dd5f6546b49675d158b9e45d28b366e977d11ef93c756
phase_archives/20261002T1711009661483_28124/phase_1_solo/console.merged.raw.log,100972,f7de66b322c5953f2b3f4870f44aa9ab2abf7baa,18d6f4bf983c654d4b460475469cd6cfa88810ea0e25ff51ecf792ad0b756b32
phase_archives/20261002T1711009661483_28124/phase_1_solo/godot.raw.log,100057,8c9ea26a476fa87ac0242277d6d817519ea86eaf,fea6372fa53948223217034f8a72752961d7d1ddd8215b5340f2bd78c95aa054
phase_archives/20261002T1711009661483_28124/phase_1_solo/phase.json,2725,d6890f109b587fca9132b718affe278a158f6455,5b630100ac8a4b391e3fb1781cf316abb7e6cc5bfc4d0123f2b2ff14a6c344c1
phase_archives/20261002T1711009661483_28124/phase_2_shared/console.merged.raw.log,593253,83c20a0b05aa77e044d8a47c50a51f8a189138ae,e3428be77f0c83d35e29793de53e0fa188e12ccef3872c4722e9403f4da627fa
phase_archives/20261002T1711009661483_28124/phase_2_shared/godot.raw.log,586287,7b687d107cac99d19495c2981e9dad8495f4254b,cf8a6748d4dc1ead2ca424c3d794db87cf273898dc8542e4c5fe7213438c9f9d
phase_archives/20261002T1711009661483_28124/phase_2_shared/phase.json,2632,7c89c51d3efebc38fbafc6265c8af0f907725376,2d09ed539712158225d33d41d0a1f391413fcab3ca02b8baf017e053179a7ab7
phase_archives/20261002T1732149479991_20260/phase_1_shared/console.merged.raw.log,5176,be3c24d5978c2244f313e0cd49608cc5beb63d5d,b6acc4f01a0551598c5583b1eb97e7fd9f71a1898561edca8a30f72733460c0c
phase_archives/20261002T1732149479991_20260/phase_1_shared/godot.raw.log,4857,7ba4ddb0cd80a081d24d498c9d7387db401dc88c,ff50603339dc13a1d8267b92867527d8e8c514e7aba1c2bde62319f14b7de238
phase_archives/20261002T1732149479991_20260/phase_1_shared/phase.json,1895,e2c4fb05c0a65632e11b767da6dab6395a23ccd1,0d0c8faf8ea7f1f3af83be1657e5760da41951caae18a385f95a1fb484903ac5
phase_archives/20261002T1736442443630_39308/phase_1_shared/console.merged.raw.log,5090,d0ddbdea420ed58cf31fa049a85f78b31487c111,96d74da8db8c25aa34527c23b1c847ea5d9d3a0ce07d4c066926c9afe2aa8e44
phase_archives/20261002T1736442443630_39308/phase_1_shared/godot.raw.log,4772,53eea9b35bc1278720872cf8738fa9d72d4c1116,4a1faaa96926718bd643b7f9708cf08082307ca3b22b95a9b76b2636794d6370
phase_archives/20261002T1736442443630_39308/phase_1_shared/phase.json,1894,85d2d94dee4c0dcf5e8f954eaf13512b9c450973,ae4830356d1cbaa83ac3935128175e0aa2f2564b3be768ba586c0ad913e71558
phase_archives/20261002T1739499954144_20412/phase_1_solo/console.merged.raw.log,13269,578faed9975f207813ec4fd2f4bb3e8868307a66,6f687aabf699e470e3fb100b36ca2f7880e30cfd1be33e3e7444e40419ff9f1d
phase_archives/20261002T1739499954144_20412/phase_1_solo/godot.raw.log,13178,9fe9900a7182a4dbbbe966b240c44dcb70c1f363,64441406436b29e03166567ce44cc3b00d8dd294af0ea07a6a33ef8793c35c2b
phase_archives/20261002T1739499954144_20412/phase_1_solo/phase.json,1770,df36bbaf6f2c8273e49e5c6316af6b5051d829d0,bb4fb9a374c6a252cc46e7d25dbbafc0764982743eabaf03ffbe55889f741b2c
phase_archives/20261002T1747374671583_41884/phase_1_solo/console.merged.raw.log,13263,9d199232ea204a3c96416f7e68814cb1ea79a490,b8330623bdf48814c13dddc8ede5352d3eeb9deadd53a53cd243ae06c18166ef
phase_archives/20261002T1747374671583_41884/phase_1_solo/godot.raw.log,13172,638cd590104fac633dbef8a9489461148456fabe,c5775f7c86e6258c64470a44754bbf7c852f3aaac01429259abba70e56e627cd
phase_archives/20261002T1747374671583_41884/phase_1_solo/phase.json,1778,6c7914ca1765db8f4eefb8cb8efdcbaeb82d9445,eac63f7a67a3e71dddbc7deeca58f7cd173b785e6e951c9dfe37835a6f98e881
phase_archives/20261002T1753004424794_21804/phase_1_solo/console.merged.raw.log,64255,dca0fbb7fe1615caffeae880d7f5a7eb23777e13,44ed6dfe52b9b5e2937314982f52399d21de21d6e14fe9bd193c3d9399565869
phase_archives/20261002T1753004424794_21804/phase_1_solo/godot.raw.log,63831,460383fd52f0dfcd4202027bc1317e8e8ffbd5bd,9c141d6847109d2aee33fc7bc8b3fca995e55903e21b9d2f714d216b4780ade1
phase_archives/20261002T1753004424794_21804/phase_1_solo/phase.json,2040,c57a0e638091cc309e923f4036251900627fee53,4bf2d9ed349a23075e62b1761389853d83e64d33490f0d7b38d73bd2abca99ad
phase_archives/20261002T1754065212812_7956/phase_1_solo/console.merged.raw.log,64242,416fdeb7e2467727cb2628b12343909efffc3853,6becd4e7c435a3a7e5b933cac86491ae6caea564b6af12967368b7346fc23aac
phase_archives/20261002T1754065212812_7956/phase_1_solo/godot.raw.log,63818,9a6de2caa186b7e4b89139b6dc15b9288cb678b0,f796c4be6b0514253454f291289b3c691c4b5c0a6833945b046a1e1a4e788087
phase_archives/20261002T1754065212812_7956/phase_1_solo/phase.json,2030,59144ba85ce457dab216379ee5b67fd90dc338cb,70c0dfd9aa989682a0028900316024c3d8346caaffbf041442b8a937781030af
phase_archives/20261002T1804047037991_64572/phase_1_solo/console.merged.raw.log,101183,10c7ace750f2595a504ce8a79f7955154d98928d,0815f52a3e316a2bde955c3f9fa5e7a8f6ee373208aabec86f7b3eb7fbb0a8c4
phase_archives/20261002T1804047037991_64572/phase_1_solo/godot.raw.log,100264,78e0181b190da7507a3698704666faabb0e7dbef,7ed941a867bce3fc4c6b10928b332e12ae5b305bdf3e5d75603dad408dc3d185
phase_archives/20261002T1804047037991_64572/phase_1_solo/phase.json,2740,82421dbd0f8c5062d54572c3a2749bcbd668631b,d28dba79ed696a7c839d2e449177994062f00105bfcea19cc72b112acdaeca2f
phase_archives/20261002T1804047037991_64572/phase_2_shared/console.merged.raw.log,588278,b13a7fd9504b53d49fad6bbfb3552e9273ff363f,2249ace316de9ee184b0adc006a3d4ff9267b0bb604db2cb6c5a975878af7c52
phase_archives/20261002T1804047037991_64572/phase_2_shared/godot.raw.log,581643,a04d7e957cd4e37d9a5dd49bb4c12c97d13f14d6,088f15619638a138ae38785e96e948b83ea66dee20e712711a7afa6f80d9bc84
phase_archives/20261002T1804047037991_64572/phase_2_shared/phase.json,2642,2c7db7712ddfc4f923820307718ef78bc76ac4f7,db099fbd05a07203d3f29ab26de44d1532baf1348321ddef323004091b331fa3
phase_archives/20261002T1830236549078_64256/phase_1_shared/console.merged.raw.log,21122,33ca5fe785677fe4516a506422c8ac986789d3aa,c939ad8caaa3bfda1c1f58a1ead40db3d8208e60f6983eacf91355817ad01dde
phase_archives/20261002T1830236549078_64256/phase_1_shared/godot.raw.log,20956,fede824b2fad68c06079d8a503a1907805810fbc,41e376b97abf667b9b1974d4ac7b8dcbce388e3e1654b38678f2694c8dcd4269
phase_archives/20261002T1830236549078_64256/phase_1_shared/phase.json,2243,edcd2fc8d3d41f603c99804ac0a7fc2a425276d0,c8adc09e41c509c3fc2c937994d509b8463dc3a4ea964aaa971b8c355e6ea3ff
phase_archives/20261002T1833331874172_24844/phase_1_solo/console.merged.raw.log,14043,bba8d7b85b7713b6d5227b01e83d1d9d9b6883c7,8f9473dccc1c2b7f3ef892a5c421ce33fee1b473d12f4aa043e1b66a8c230a2c
phase_archives/20261002T1833331874172_24844/phase_1_solo/godot.raw.log,13921,4f471dbb70a85d538f0b917ba5e7d388b164b4f7,27cd6e89a4fa0442fe1e6552d91545f72ece145fb1c9fcf6b831c6d32ffab5eb
phase_archives/20261002T1833331874172_24844/phase_1_solo/phase.json,1924,982c23dd25e74cdfe6d48bf814a9cfb3251b7149,6f91f990078e06181b67d16df3bfad13719f1c1f15dbaffd65ff9448dc3bd217
phase_archives/20261002T1841460430497_9136/phase_1_solo/console.merged.raw.log,64224,17e0942bad1ec0a3fb534a5bb3f8fa432cf3c125,1084d3f68bc9cf41aa8f27d1dee628bc78ee9e9f4097bc23ac2a9557fe802142
phase_archives/20261002T1841460430497_9136/phase_1_solo/godot.raw.log,63800,2c59bfb9b80c5e99343833410528a408ced92a30,0b9632342adf2b48b00297f09e118caf95bec83b62b35fd892d4677453e0e606
phase_archives/20261002T1841460430497_9136/phase_1_solo/phase.json,2030,5a49e0f55d49944a9b1b8688b5526eee271e20ba,f085210774f877865b30c433268208a41b7ae9de6da1176bcca833550669f96e
phase_archives/20261002T1847202810507_12676/phase_1_solo/console.merged.raw.log,64483,a2f2d8d63db115d979d610028f3a8f09734ace72,3721e18a92073ce0b389ddecff91f293fe82834eab0b4e8c7788616fe68a9989
phase_archives/20261002T1847202810507_12676/phase_1_solo/godot.raw.log,63810,7e1c06416a8504bb8d1c93f51e47870c83efcc94,f3edaad00d7640b588a6c8b356c0ff8b2b32dbbca2081b7eec07bef1de9ab3e7
phase_archives/20261002T1847202810507_12676/phase_1_solo/phase.json,2032,087096554d54f356ae87ec5c44c6cb2c5a3fe1ec,e2c2fa1981e9a6f319256068d5c3ed87928ceaf53f89f40bfef2c6d161d9acb1
phase_archives/20261002T1900211584601_6484/phase_1_solo/console.merged.raw.log,101762,d803e52bbe1491f9341f2e9338ba09b6836f52b1,a09cf460ad7fee060c04884d0dc6d56a2871c4183d3e10d6157db6fe69b46d19
phase_archives/20261002T1900211584601_6484/phase_1_solo/godot.raw.log,100836,397fdec0d65630de7f21933123a14d86c10186c6,21abaee1b8b3283729744f3e4b3339d8ce5005675e007f2af8896bdd62ecc8e3
phase_archives/20261002T1900211584601_6484/phase_1_solo/phase.json,2731,f9692415a611fef3527eb4d4ff5a43d31945d207,c8101d1e26e70723add38d269c8f0c49e118921ce78b4d9310eb61b920b48a75
phase_archives/20261002T1900211584601_6484/phase_2_shared/console.merged.raw.log,588959,ba68e5e58b3eccaf16456fe452196e6349feea5f,2cee030b0ef1b484abe9e454ef7bd9979d929d263d1ddbd3240d793895d326d0
phase_archives/20261002T1900211584601_6484/phase_2_shared/godot.raw.log,582309,97b612405d333f93fd3bbcd8b715efb12142fe72,7a881f4a882a19c2ae6409198fc4b45cf56ca4bf76a59de4424757107391e16b
phase_archives/20261002T1900211584601_6484/phase_2_shared/phase.json,2646,d808571dc85a85b54e26ad7c7a3b5fd4c65830ed,a5e3ea66798c9f28560c7866a495bf61e81787a195a5a74c4b144d8be3760382
work/REVIEW_READY.json,313,8846156e20e494a0f8780862f928580ba4a0cd4c,605364ee18d829bf078b5b685333243fa7acb05fb7fb94c8a76fc9123d9cb499
work/analysis/focused_1_vs_full_1/LAUNCH.json,945,4c13cf06a86992ea01d9ba3d7ce15130f2863c42,50eb13d9cce005eb17ec7fa3e666afd8026d75ef7a0e9485af93ebcf89ca8446
work/analysis/focused_1_vs_full_1/RUN.json,997,aa0055dba3e433453d6b276320fa01bc2f3bf7ca,8ad9e810a852013925cf792d40e3f0b3dae71b7a24519c88391bfaf7f120f435
work/analysis/focused_1_vs_full_1/comparison.json,30453,4993aeda7f1c34280ed4ca7effbcca64fb337759,d035a1bda2db2a4a9520a40382ea5e2bf570b4bdf6d95cf7d4b8f4e7ba6d6320
work/analysis/focused_1_vs_full_1/stderr.raw.log,0,e69de29bb2d1d6434b8b29ae775ad8c2e48c5391,e3b0c44298fc1c149afbf4c8996fb92427ae41e4649b934ca495991b7852b855
work/analysis/focused_1_vs_full_1/stdout.raw.log,177,42619e0b874c39fe4a5a194bf90bd8eeba5afc05,701df41e0b76446dafcb3231f415a371c380e112b2838ddae2ad068a9df3d798
work/analysis/focused_2_vs_full_1/LAUNCH.json,945,1eff22f092894a3f39578156459b98ed86d6e6de,621e6ffaed7aaa1b71d5f4aa9f42e0eb8aab56ac412531f4741708ed4bec407d
work/analysis/focused_2_vs_full_1/RUN.json,998,e83ea0a191923f6b41ae47d12865e280a9988c35,8a3378b811d266836063f1fa09e625147479fb6c49eb61400115be40fefc6ec7
work/analysis/focused_2_vs_full_1/comparison.json,30453,faddbb3a92279e9cb6e73e8eb53a554949921ea6,9b71a90d4bdd098a12a0ca15bc563727b288ebae0017aee17929f290862b04d3
work/analysis/focused_2_vs_full_1/stderr.raw.log,0,e69de29bb2d1d6434b8b29ae775ad8c2e48c5391,e3b0c44298fc1c149afbf4c8996fb92427ae41e4649b934ca495991b7852b855
work/analysis/focused_2_vs_full_1/stdout.raw.log,177,c0b5f239752f4a65d94aabe748fff0376a4ebe4d,bcd7331fae13108c2675575b5da1869b4fee2de45b5199a8b333a1ecbd8629b8
work/analysis/focused_pair/LAUNCH.json,931,0d8e5c4cd4d4f15ccf238ca06bd0539653126ea4,306b01bcf12e3c3a82c8b52c79b6eebef9db36b6c3f132793fd639afd42211c4
work/analysis/focused_pair/RUN.json,984,511f2e67ec6078246a401bcf5e40ee97c9c04912,8ac9a45d5e81382287a56a184cdb5d3b6def6d63c5845d55499de0b3789a5512
work/analysis/focused_pair/comparison.json,29404,56042ad07751bedd9993423fb0911601bd8f24d8,65166dad1b25388b65bf984f5112cd9e47528725e7acf5b63cc89f1f478ee8ff
work/analysis/focused_pair/stderr.raw.log,0,e69de29bb2d1d6434b8b29ae775ad8c2e48c5391,e3b0c44298fc1c149afbf4c8996fb92427ae41e4649b934ca495991b7852b855
work/analysis/focused_pair/stdout.raw.log,170,9e53119823c6d2aa5e381d3593105fc6ef10209f,07fb69bcc95268a7575a9a25db68301b474a5dd261576b178c36d0d4bdf0141b
work/analysis_round2/focused_1_vs_full_1/LAUNCH.json,951,18b4e52ade9c797248bd6eaefd4d127fab642d47,730e318182bb3b2b21601a259195f88e295bc46977ca43c43cd63cb3fe30b2b0
work/analysis_round2/focused_1_vs_full_1/RUN.json,1004,2e46c8307f39fd1bd86629011cd89014cbf85b93,8d1da2a7db3acd14e969ef1a3fac94a36ce5d8da305a1a9e04aff350cb61cc97
work/analysis_round2/focused_1_vs_full_1/comparison.json,30539,05ed6cb71839143b55952b90eed0db7f1aec1205,51f7a94144a139b2acffcba4a727b3bc0610d988702cd5da700964b367ddc8f5
work/analysis_round2/focused_1_vs_full_1/stderr.raw.log,0,e69de29bb2d1d6434b8b29ae775ad8c2e48c5391,e3b0c44298fc1c149afbf4c8996fb92427ae41e4649b934ca495991b7852b855
work/analysis_round2/focused_1_vs_full_1/stdout.raw.log,184,3b3f646c09a2aaddcb610bfe5bf5b96be8f8c085,efbbd7e786e5ddb2927a7f1a0b590be4b7d322432e585ac2acd3ffb2633d0ac8
work/analysis_round2/focused_2_vs_full_1/LAUNCH.json,950,528896f08f6ae34bfedd3c95917fb41a0aea6f8a,d8fd02aca0cc9f418b5ca461403043568ece4156bd734697ebf17b138c74e736
work/analysis_round2/focused_2_vs_full_1/RUN.json,1004,2230adb9f331da25ca05601dc4e52abf5bc26f22,edfe84599efdadce92ec279d4234fa3bd1e6772d3761aa3af5fb6670f7d963bb
work/analysis_round2/focused_2_vs_full_1/comparison.json,30923,41cef9559c16124bff652c197efb2c8ae6617cc1,d7fd77332019ec664dc24256acfa4fd55a20f4479b1bee91749ead42be3e1838
work/analysis_round2/focused_2_vs_full_1/stderr.raw.log,0,e69de29bb2d1d6434b8b29ae775ad8c2e48c5391,e3b0c44298fc1c149afbf4c8996fb92427ae41e4649b934ca495991b7852b855
work/analysis_round2/focused_2_vs_full_1/stdout.raw.log,184,6a4aaddf1b053c53b8d23a7ee12796368a713b15,8bdd55d5ed8d10389340aef3541d95899bf8ec6fbd4bbfe8b267d9959f5923c1
work/analysis_round2/focused_pair/LAUNCH.json,935,5ebe96b4a9f6071875a52933fd2477f5d1508e77,6540652444140b6f4f9ffa76863b75ebb2bcc661f86952fa1ddd200e942d3b89
work/analysis_round2/focused_pair/RUN.json,988,5c0b3d312476e0c566784545472446d4261d0f07,b2f3a30cda892ac993ca0c75f1dc0fc97c88655e092ca9c6c0b381bdb802f743
work/analysis_round2/focused_pair/comparison.json,29841,88772f23b633602c3c5b7f940b8b596c776754bd,b2adec58bf8cf89e5c783423ab7d8bc5df5153e8182de3010425d0d117f599df
work/analysis_round2/focused_pair/stderr.raw.log,0,e69de29bb2d1d6434b8b29ae775ad8c2e48c5391,e3b0c44298fc1c149afbf4c8996fb92427ae41e4649b934ca495991b7852b855
work/analysis_round2/focused_pair/stdout.raw.log,177,e5e244e004fa704091efdc1a437f69f821c405f2,f77d5a6757201eb0d3dfd0322f8d4e97d85cd798f57cb4b00e2d71cef8854c21
work/analysis_round3/focused_1_vs_full_1/LAUNCH.json,948,8ce9c40b479696616ac4f0149955ed50d50ce9f8,65d0ad0ddd8fd44ba48135da63ae13c70fccd505aeaa6adfbbbe4f4779b0c7ed
work/analysis_round3/focused_1_vs_full_1/RUN.json,1001,ef1444457008e1cb1a57de50cf98b91588cfa837,f87122af1d6bd5acc9006ab55697aa28a21d4d1e5f52de53d8a390a2e6e22916
work/analysis_round3/focused_1_vs_full_1/comparison.json,30502,872f1d7466ed35d291ecdde248052482b0432a66,9b94d49b5ad10b04845c3729321f59f9637c04d07854294569f2bad3185c1e79
work/analysis_round3/focused_1_vs_full_1/stderr.raw.log,0,e69de29bb2d1d6434b8b29ae775ad8c2e48c5391,e3b0c44298fc1c149afbf4c8996fb92427ae41e4649b934ca495991b7852b855
work/analysis_round3/focused_1_vs_full_1/stdout.raw.log,184,eabdd95005e9117f42bae0458d3918de238b4035,4058796b9c9314ff1db03db0e8d5a9da296edc8cfaeedad5e455e8af42839cbe
work/analysis_round3/focused_2_vs_full_1/LAUNCH.json,950,c0f6d7e07d8caf4836526719e8ca5eefc71a7232,e7cadc2dadb9dd9696cb4655a2bb896297e5961e9a8d6547abfa3a8bf30d4269
work/analysis_round3/focused_2_vs_full_1/RUN.json,1004,a42639b956d0ceaa262c04ac7e6585bc6ca6d0e2,e1fd2029292999063ccfa6e73de760ce8ab3056cfa30f95c66b56d077f3f76b0
work/analysis_round3/focused_2_vs_full_1/comparison.json,30900,e828faca9689042d94f97cb18a15f89e3bf79cc8,ec4a25bf430d7cbc9cfe21a7335cd3434ea2270a6fbf8278f52f42fb391f708a
work/analysis_round3/focused_2_vs_full_1/stderr.raw.log,0,e69de29bb2d1d6434b8b29ae775ad8c2e48c5391,e3b0c44298fc1c149afbf4c8996fb92427ae41e4649b934ca495991b7852b855
work/analysis_round3/focused_2_vs_full_1/stdout.raw.log,184,3e69d493b9cf0b47bbdfa02fadca3ae6e05fbec8,174565cd7fe60649c2b6a9149821be1f96a5459f541536e5013ce5cbe3ab5886
work/analysis_round3/focused_pair/LAUNCH.json,936,f734de2eb8cd2f327fb414e73169defa05229a8a,ae513f6204e68317de23dff290525a1d6d891d656b01cbb8c3269987f711695c
work/analysis_round3/focused_pair/RUN.json,989,935d51db9ade4efc8a5be81622729c6e1dcbb073,30e24152970bdede0abc117f83c28f69e70dd195b180b05aee76ffb6ac4e15a7
work/analysis_round3/focused_pair/comparison.json,30444,7f902446b62cfb4d801456248e725768b6eba055,1e3c236ff583d1b4cf3501248a748467728abbbbe20b839b7d3244adb2163184
work/analysis_round3/focused_pair/stderr.raw.log,0,e69de29bb2d1d6434b8b29ae775ad8c2e48c5391,e3b0c44298fc1c149afbf4c8996fb92427ae41e4649b934ca495991b7852b855
work/analysis_round3/focused_pair/stdout.raw.log,177,e855c8f850bf87e6ffc9d6d1cda213aa592d202e,3ecc6fa10ba34751345eaef57e84c91edbc2bf44faa83b53499ca5a95c11ccfa
work/cohort/PLAN.json,1173,afde0661853a972cff5b90502e7e98cd96c6a385,f8a17920dde990a0744baa4bb512c24e975f2e94c78acc0ed7477f60fea2bdf1
work/cohort/focused_1/LAUNCH.json,717,16ac680c5c98cee08032dd0563a2c5cd460d1f9d,f9936d82a2323b6a1454c08e26129e3bf5d9e43c3b000769483ddc11be7feb6c
work/cohort/focused_1/RUN.json,821,54acddbae6a1bafba916383f1d55af4697723c9a,72709f172af5fa7e5ae90e1276ffef2296f582e4269b25391a3c6f78d73f7c03
work/cohort/focused_1/stderr.raw.log,0,e69de29bb2d1d6434b8b29ae775ad8c2e48c5391,e3b0c44298fc1c149afbf4c8996fb92427ae41e4649b934ca495991b7852b855
work/cohort/focused_1/stdout.raw.log,53833,e29cca50a934b7baeda0c65abe14a239666f7653,41ed480930bafb3b4fd2cb5ec86a1fd532134b534c8322b7a3d1ee2279a2cb25
work/cohort/focused_1/traces/phase_1_55016/trace_25380_Lv3_attempt1.json,46891178,9a492cbe8c853d99e6453d6a86df4019ca16e56e,e955c6a18fe885c6b8729557f6e0fc63c92387a49e108da1ee4976f71c035884
work/cohort/focused_1/traces/phase_1_55016/trace_25380_Lv5_attempt1.json,38904732,2d6bf59e5cb481b2009d1dcb7a1fbbb003fd7a06,be9213edc665e76da4e78afd8a6c4230f2db9deec8f4c3bd5636fade1b18cd1a
work/cohort/focused_2/LAUNCH.json,717,8c996e200f81538f88b42bc95957fec2745b98dd,0e0c3531439e9b7d2835900acc570b6848bc2a06be02ee8cf0aa102924a6ece1
work/cohort/focused_2/RUN.json,822,a121664823e227ea194cbf93f2fe73de4a6f4872,75ccbd6891cd0e4bef3d7db1f796920a47e52ac187391f7ae2aae6d50e738060
work/cohort/focused_2/stderr.raw.log,0,e69de29bb2d1d6434b8b29ae775ad8c2e48c5391,e3b0c44298fc1c149afbf4c8996fb92427ae41e4649b934ca495991b7852b855
work/cohort/focused_2/stdout.raw.log,53833,043a4fe1da60a6b1097c145644e1e57e82e9fbf2,0fc4bcae9f8bb555d37bf7e7ac7d74bda0dfb321d42e921b4338111e95cec307
work/cohort/focused_2/traces/phase_1_35496/trace_35908_Lv3_attempt1.json,46895505,e68a42a2c4c9335cccdc727f242948d1af5f4e2e,b360bc1aaee7f058eeda7f83df3c9981c6e5e44fd2f3f0f9510cfebc3c5b65c3
work/cohort/focused_2/traces/phase_1_35496/trace_35908_Lv5_attempt1.json,38913500,5ce9acb515bb99d7295bd2f4d87a1adb963b220b,0ae395f9c6ce92ebdf4d7b9f12dc41a910b9864a72f5aca272ecd46d72bef709
work/cohort/full_1/LAUNCH.json,686,69fe34f04d491a8d8838bcf730e48e0d8aac0e1a,7e5d41136469b84cf9690f38489ce7ae68910bc12a78fa39c6fc44e6622de62e
work/cohort/full_1/RUN.json,793,4c65d5b7e8fba1a9a24752d2f897130b02cc4b80,70f1c976e5f99b562ae1a665a723f805a642add47e33c9678a34c116e00c9c27
work/cohort/full_1/stderr.raw.log,0,e69de29bb2d1d6434b8b29ae775ad8c2e48c5391,e3b0c44298fc1c149afbf4c8996fb92427ae41e4649b934ca495991b7852b855
work/cohort/full_1/stdout.raw.log,133118,88a98f97d465c2c622233341c39572f6f0ce5053,d4cc3d64cf23d801f0322ed1ec7590f73621fef3c371e9941b34eeccc0cfdc7b
work/cohort/full_1/traces/phase_1_28124/trace_52516_Lv3_attempt1.json,46988677,0af907dd83f5e8bd354b0f6e8a8718a733f1acd4,ae7dbc62eb021b1a26444a1fd7620f1d5c5fdf66fb9345f5550cdcf0677acb78
work/cohort/full_1/traces/phase_1_28124/trace_52516_Lv5_attempt1.json,38913685,6efcf9392d7e5ad729589057622c191dac6fcbf9,31871b5e6554ad347d6ae68ee4eb06cb91dd799735ce0bced681e4532bc76de3
work/cohort_round2/COORDINATOR.json,180,b71b4e79671ee1619ebd6eff776825cb79cf7dc5,55a5b70a89cc1005f0e28dfccf4a2b303e25cc6e0761120a3526e395ed598ade
work/cohort_round2/PLAN.json,1494,5545fb4cffdb6a014434a781199342e1f7dacd91,d43374052bc0816339217f299f8bda599d2f3b97eaa9f94f40d0845c317ca4a8
work/cohort_round2/focused_1/LAUNCH.json,723,acd591327fa4ad6db500e180233fc34e4edbfe4b,0c9a17032138cc9d0929c49e2e43ccb25f1464a0b3e7835b2b4b182d6b7a1a4f
work/cohort_round2/focused_1/RUN.json,829,aa3297cdc07fd35e1fbdc15ad02b2bedaff5d060,b1d7251ec26d8e8fedcbcb0913dcec7c44ac8458a596f396e5d6d72f45175cd7
work/cohort_round2/focused_1/stderr.raw.log,0,e69de29bb2d1d6434b8b29ae775ad8c2e48c5391,e3b0c44298fc1c149afbf4c8996fb92427ae41e4649b934ca495991b7852b855
work/cohort_round2/focused_1/stdout.raw.log,53853,b106019ddefc97c6f29f2316c7f3942b3c01a34d,ecc926d390c98e11a7f2a4d2bb95e12d3a96803dcd5974ff0718464159b56385
work/cohort_round2/focused_1/traces/phase_1_21804/trace_49464_Lv3_attempt1.json,46884775,90f65b5ca2e945df0fd6cbc743eb87d1461616e8,52fca7d40f86f70b3f1ce5a70e24abb9411461aa3ff24a80c8bc137e26b640a7
work/cohort_round2/focused_1/traces/phase_1_21804/trace_49464_Lv5_attempt1.json,38905674,a073ac3c8257f880f4fdc68ef2a265257273a1f4,85fef5dc9130e683bd6b0d2f38014d6a985fe0f1d1d6a1ba02ebd95e3b6d9fb4
work/cohort_round2/focused_2/LAUNCH.json,723,e64bdc049f732ccb7e9f83257f239baa30aec53f,c4b1d70393713eb1d5487913b403f145a0d35fd848e25e798d50c670b472cde6
work/cohort_round2/focused_2/RUN.json,829,8e596f7c645c828a88733eebc23be8892220166c,03cbac4188d13724371ecc48ecc20c05886343646b19ce3973538cef30d87876
work/cohort_round2/focused_2/stderr.raw.log,0,e69de29bb2d1d6434b8b29ae775ad8c2e48c5391,e3b0c44298fc1c149afbf4c8996fb92427ae41e4649b934ca495991b7852b855
work/cohort_round2/focused_2/stdout.raw.log,53839,59a163ecd4bcec4bf28965d6e622ba2993770352,50cacd053acda03c085c771571771d68ad6e4612b542aca64d4ad2be5a869ea9
work/cohort_round2/focused_2/traces/phase_1_7956/trace_40416_Lv3_attempt1.json,46891800,ff4898df3112ddeab8fe08c0ba4d6a3bf53c3774,91216c74d4133c5a9b335fe0ccf7eb225249a8b6f163cc89d65c90d3e6291adb
work/cohort_round2/focused_2/traces/phase_1_7956/trace_40416_Lv5_attempt1.json,38887638,0e88360b0deffca7d30bb860c034ce67bbb201f4,87c3e99e3967b73a359614ab0c348b71786b5ae76d0ec87785ed913a4af1a8f7
work/cohort_round2/full_1/LAUNCH.json,693,dcaf170c1f12e96789c8fa5defb592bc8f6fd8c9,54dea6a9e25ce71c965ca32ad838e9b6590103a096fe3e4f7c3df5093fb6e54f
work/cohort_round2/full_1/RUN.json,799,3011d0490940c8104a94fdbb9b7d42a8e1bc992f,104a9b692302c9eb00c4e55406a267b078b9ebb3e39837274c4e9d901e95d574
work/cohort_round2/full_1/stderr.raw.log,0,e69de29bb2d1d6434b8b29ae775ad8c2e48c5391,e3b0c44298fc1c149afbf4c8996fb92427ae41e4649b934ca495991b7852b855
work/cohort_round2/full_1/stdout.raw.log,133125,0f472d68b6936fc28e3ecd9f35d2732f674526d6,d72eb958a6ae0f23f679bccc0eacf25ed55689a0d4f72d8a8c6724a067785968
work/cohort_round2/full_1/traces/phase_1_64572/trace_64628_Lv3_attempt1.json,46526159,8861e457b20d47599838986b6ec68d3559f3023d,8cda4ae857895fa0e99aeadc3da4bbc6930f2fbfdbd9734e8cff4e339a1a1886
work/cohort_round2/full_1/traces/phase_1_64572/trace_64628_Lv5_attempt1.json,38433146,323ae9839ff5fb08ffb662d35785690f59e1d474,0bb06c0358321d4e52e3f015d8a9777323fca09e7761daa1b903d36644fd046b
work/cohort_round3/COORDINATOR.json,180,c0b79ba40f8a4fad6faccf12bb30597d0283f07b,8820fc6de5c4f9aad05262efe96990a242e8e92b954cc61878d875eea8618f03
work/cohort_round3/PLAN.json,1578,bfd2c58a89f065fff979e1391e7108bbeb437572,5268a1c29a834abe0fe5cc4ba7bad3442934dd871e2a3d494f2f1e4df0a1bac1
work/cohort_round3/focused_1/LAUNCH.json,723,d1c43f926d9b2afc26930f7f71447c2dbd3bdf07,0c1850dc758ecb41ba3c5428278e0b1843ffc1034792935494a3467c5dc8d529
work/cohort_round3/focused_1/RUN.json,830,d173ef2fe746c50a14a641976c4d2c26bf2ceb7e,d5b43e0728b4e0706f5be93f9ed77bb7b7baf4f1346e2aff01d680de7669e2e2
work/cohort_round3/focused_1/stderr.raw.log,0,e69de29bb2d1d6434b8b29ae775ad8c2e48c5391,e3b0c44298fc1c149afbf4c8996fb92427ae41e4649b934ca495991b7852b855
work/cohort_round3/focused_1/stdout.raw.log,54048,30532a5f6c62a9d43bd3be1300c898a75aba850f,acb38e60badd86ffe9f19b2763ff6b0faff7223cb34353b61c8f41271f17d4cf
work/cohort_round3/focused_1/traces/phase_1_9136/trace_42616_Lv3_attempt1.json,46308783,1ec0d2d8f7c62e6788a57300acb1bac8a923eb2e,2b273b407c7d40e0effba76bfe42d48d020e2818b507ff4a42e6b40c4f5af63b
work/cohort_round3/focused_1/traces/phase_1_9136/trace_42616_Lv5_attempt1.json,38517192,ec609527c4ab3bf1ad65d373ef6af7c51fcfe9b7,80086ab32408ffaac0a62c2145212e86ba55c48129c71cd21111d3faa360a9e3
work/cohort_round3/focused_2/LAUNCH.json,724,994cd8869fce4ca4a436d59e98e12f0c96503d9d,d6a673c5e061663a4a339fae0e1777f4c3d7407dcda73d74d79e414e8b5c8ec4
work/cohort_round3/focused_2/RUN.json,830,4922c42d37fb84c4ad42c40edb661fbbc2ffa428,d0f0626d2b87c9accc39ee29de9702950a065cd8029b08a540d4fad2ad927e17
work/cohort_round3/focused_2/stderr.raw.log,0,e69de29bb2d1d6434b8b29ae775ad8c2e48c5391,e3b0c44298fc1c149afbf4c8996fb92427ae41e4649b934ca495991b7852b855
work/cohort_round3/focused_2/stdout.raw.log,53842,77108390abd8082e14142dcefc806b3131711fc3,9cedc1367908bab27c3a44153027f91d2a16d8b5e4e844bb677fb88a3eef4e07
work/cohort_round3/focused_2/traces/phase_1_12676/trace_58196_Lv3_attempt1.json,46462333,f921680d82d1521990987dda6c7e3b8abb00fc42,150e109156b5f4caddf7beb68d63620e32359844964b11b7536c4b5160a3ab1e
work/cohort_round3/focused_2/traces/phase_1_12676/trace_58196_Lv5_attempt1.json,38471448,ebb46f9cac8c278e4f15269f2a56e3a6ce2815f1,cce1e6503413019e204a8cd6241546f6743a5e899ac661738118f57ddd85b86d
work/cohort_round3/full_1/LAUNCH.json,691,b0e4c7846e7771ea442c3c7d1c56a2f43ce56511,61daa91fb18b2e406169e9cf4a1ccf8badb64de509a5f1251e89ae468a3938b5
work/cohort_round3/full_1/RUN.json,797,8086f2d25c22d37102a126cfe7e9455dea4ab1f5,4ff92d737f4f033460a3a37d88d9f15ddfefe770247a0446db6484e14fa83e95
work/cohort_round3/full_1/stderr.raw.log,0,e69de29bb2d1d6434b8b29ae775ad8c2e48c5391,e3b0c44298fc1c149afbf4c8996fb92427ae41e4649b934ca495991b7852b855
work/cohort_round3/full_1/stdout.raw.log,133081,efb21f4b7916a95f86db395be6b65598dd40d25f,2b547c9763d2888e318e84b5773c4778ae1d1565290c612aa5d6874f00d06d01
work/cohort_round3/full_1/traces/phase_1_6484/trace_49496_Lv3_attempt1.json,46984504,9967eddf4210b0bbdbe2384ad84549317716c855,b4b10a9e362ee97f1bf28a3881adb345bb10017110d7ac98e07a6e997d87b2e3
work/cohort_round3/full_1/traces/phase_1_6484/trace_49496_Lv5_attempt1.json,38910152,730a1fda69fd34bc484f94fed6693d6d8662dbbd,153b74d8a58eaafe44dfeabacfddbf8cbd37369c0ae8c96ee905dbe6797d169c
work/consumable_fixture_fix/CHANGE.json,1562,f54b1871086cc84deabf14e620a3119ef3b7b7d0,a155d751fa0b7617eec07427aa2574fdf0c67e59a38179167fc677f0de2e23f0
work/consumable_fixture_fix/icon_intake.after.bytes,50079,5344b57ce44e67f8baf637bed7fdaf568ed4f002,9bcaa27ce463654a2acc50c22f748dc460951bd70b93886a815b05374ecd895d
work/consumable_fixture_fix/icon_intake.before.bytes,49523,ccd7365210c80dfad90788567828e54278b6a406,44c1caeffb031c38e1575c658edbb314e98960a93b664cbe35549a95560291ef
work/consumable_fixture_fix/item_ui.after.bytes,11802,dab2f1409d216adab4de79666de9041c683b54b3,769a3aed92bde60ed7accd319b69ed39301c562c42b11424ac342f9ef1747eac
work/consumable_fixture_fix/item_ui.before.bytes,11601,71622d96470a61ab28c10bf7102a2e9abcc5b851,a13f3f2f29c2f0702c9232bb53bf7aee6e72f9cabafcf649dcde1724518c1de9
work/consumable_fixture_fix/spec.after.bytes,8379,08c0ae4b69c2a4795c9dcd11b721ed2df9527700,75d0d28c6d1ebd03cbfef13a80430f689651343b74e866c9cd18a90de1db65f7
work/consumable_fixture_fix/spec.before.bytes,7682,eb4c913df69fbac4bf59a38faece4b4275debcc4,b840fae0050b2fa16074d26287d6386f5c3bfc4eae3f02cfe93c03b6ed919422
work/consumable_fixture_fix_attempt2/CHANGE.json,1358,42e6cae982a0ff3dfa3042a14ada36cfb2fb8505,222a1b85021ac2efe85174f6742f8a68ffd954b3497844b617a4a5d31bbdd16e
work/consumable_fixture_fix_attempt2/icon_intake.after.bytes,50022,27eec082a69620f87bd2aaae6b948de20056bbf7,7d0d107f0bce004685f474487c97a80d9ec5ab32775256aedceb4729de85f637
work/consumable_fixture_fix_attempt2/icon_intake.before.bytes,50079,5344b57ce44e67f8baf637bed7fdaf568ed4f002,9bcaa27ce463654a2acc50c22f748dc460951bd70b93886a815b05374ecd895d
work/consumable_fixture_fix_attempt2/spec.after.bytes,8555,58aa25c987073e4dbe92f143a03ad00014086670,4656a6604087c9e9719fcc2ecbc04b13afedd17d534df7fd46b094958521a793
work/consumable_fixture_fix_attempt2/spec.before.bytes,8379,08c0ae4b69c2a4795c9dcd11b721ed2df9527700,75d0d28c6d1ebd03cbfef13a80430f689651343b74e866c9cd18a90de1db65f7
work/fixture_verification/LAUNCH.json,417,2b7cf71cfb7d1b27db7bd637098a8444a24c2f64,5146bae7d4b4358833d63e771da8e9afdb7f6145d8abbf4b7c21927c37a74551
work/fixture_verification/RUN.json,59,696dcad8b4ba8ef7059339d196e273e67b024f83,434c6fd6de17729c233a55810a0bc3e22ee79b7d38c905abbe3573a767d68650
work/fixture_verification/stderr.raw.log,0,e69de29bb2d1d6434b8b29ae775ad8c2e48c5391,e3b0c44298fc1c149afbf4c8996fb92427ae41e4649b934ca495991b7852b855
work/fixture_verification/stdout.raw.log,1245,0189c7ce90c65bbc5b96866c4ce9af34443b169e,e6dc9f49df9ae1e8f9818c6fbe82ebd1c61acedc35f0d5913984a89a77dbb7be
work/fixture_verification_attempt2/LAUNCH.json,417,18903acefcede55015682101df0fbbc2ee466934,27278a8a736ad3551b94dc8fce62b1c518909705b83cbdd05f105ec0a676b9c4
work/fixture_verification_attempt2/RUN.json,59,06a976ff2dae227828ab92a06322d163e6d8f3b6,c2e5602b4f1c3502186f58f92c8d68b13118649a168582c7ec2f8a9160f721ad
work/fixture_verification_attempt2/stderr.raw.log,0,e69de29bb2d1d6434b8b29ae775ad8c2e48c5391,e3b0c44298fc1c149afbf4c8996fb92427ae41e4649b934ca495991b7852b855
work/fixture_verification_attempt2/stdout.raw.log,1172,6c76eb2c73b69bfba78a50d7968bece3d5545782,a47b367db8f90d20372cae8b82d9a7a5fae2001ac4077fb5fe9d8961a933a871
work/fixture_verification_attempt3/LAUNCH.json,474,38a0cb84a0d6ff1590680891847eac67a2022fa5,80192a1ce3291dd3d7ab67c695dcd78a52bc01f36874e7f6f5a078981f71231d
work/fixture_verification_attempt3/RUN.json,58,03df7732711c94f23ee073a9af614f9e522aa6be,aca7b78bdd1722450fc9056efbf8a61b708562c6fa7940370b75c82bb92e1e4e
work/fixture_verification_attempt3/stderr.raw.log,0,e69de29bb2d1d6434b8b29ae775ad8c2e48c5391,e3b0c44298fc1c149afbf4c8996fb92427ae41e4649b934ca495991b7852b855
work/fixture_verification_attempt3/stdout.raw.log,1809,7c2938ff03503213ad39a543e42df7d461b49ade,bb908f759872ddaef624b65fe4fe7f5167dac5c1baea9c07343f58de051a0a1d
work/fixture_verification_attempt4/LAUNCH.json,460,10a9fff4b409bbd28a07efc83790cc15e4e7a2d6,a10dcaa2969ec371a5b6794caec14634aa62667e9e82cd9777edbff4acb69522
work/fixture_verification_attempt4/RUN.json,58,de261d48c2e2bff0a7525ba316eac56c1d48e501,954926c75ae714309ce8fbbb2b30b58ed15c7f4ea0253657824ecf84943feeb2
work/fixture_verification_attempt4/stderr.raw.log,0,e69de29bb2d1d6434b8b29ae775ad8c2e48c5391,e3b0c44298fc1c149afbf4c8996fb92427ae41e4649b934ca495991b7852b855
work/fixture_verification_attempt4/stdout.raw.log,11240,4dc02a196baa293b2abe65e3d359077179dae5d3,8969ddc42667b13577d565b5638b7c172eca68dac1be78ff082ce38cd95dbbcf
work/guard_rng_readonly/DIRECT_EVENTS.json,25374,b2368a59198a7af2e05cfef1ec4c5dc6f9c61e69,b6a0db84499d8cfa279b74b42e4b4ac3c2ff8208e3ec4a898b3861a797043635
work/guard_rng_readonly/OBSERVED.json,142505,a4e79d19d4afb3f95fe28d9d84337f03f8399daa,1c3c0c40fc3d8f88b934cce4f8aad608e2f7acf512b8a04e6633d97d0a28fd9c
work/hud_fixture_fix/CHANGE.json,922,01975d6c0b930c15c39ffa232eadc9402a5ca57d,5f30797e55497d65450410fde62917029764cd91417fab26f1320f3921e71e30
work/hud_fixture_fix/after/docs/design/player_resource_clock_564.md,9490,21247135d8885b1667f62be3c011d074a9e9528d,3a1df6137873bc9581b48d8995a08fc522d5b11cbf63526fa32e8dc62de4481a
work/hud_fixture_fix/after/tests/e2e/scenarios/hud_hierarchy_view.gd,3716,10ebc946a6a2fc0fec943cabd99ee5fcaf8cad1f,dfdb1adf7d1b198130c3e7339565ac70fe45fb67629673b70ff62f25bd091e1f
work/hud_fixture_fix/after/tests/e2e/scenarios/hud_orb_fx.gd,9586,5deca5c51d092add9900338266b45746a94a0427,230f821b730d11d18684708f6549f810c14af059fe2aafdb95c2e27eda627d8c
work/hud_fixture_fix/before/docs/design/player_resource_clock_564.md,8555,58aa25c987073e4dbe92f143a03ad00014086670,4656a6604087c9e9719fcc2ecbc04b13afedd17d534df7fd46b094958521a793
work/hud_fixture_fix/before/tests/e2e/scenarios/hud_hierarchy_view.gd,3517,4b64b5c4fefcbe5dd8aba65bc0d5a94d9fc5439b,e39dac468124377cf1ebed91e5fc322dacc3990378d752b713418640980c9749
work/hud_fixture_fix/before/tests/e2e/scenarios/hud_orb_fx.gd,9387,89fa2389760c578156d7feb35396115bf5cc9e0f,235aefe6cc2006996827623ed0f6aea605a395576795dec7dcc46f26482e379d
work/hud_fixture_fix/board_note/BODY.md,1139,428f6b59a1d7fcda72d61f8bb84cbf6a2de8fe6e,60b7416deff23fda9bfcc604fae16b74ab48871a34872c03ce5f1a963b2307e9
work/hud_fixture_fix/board_note/RUN.json,94,c17cad28d9b216f900ce32b4f4da2b74442464be,1569af448d811ecb96b58dfa25ed95cf171b672eb55693a9f39bc645834f4262
work/hud_fixture_fix/board_note/stderr.raw.log,0,e69de29bb2d1d6434b8b29ae775ad8c2e48c5391,e3b0c44298fc1c149afbf4c8996fb92427ae41e4649b934ca495991b7852b855
work/hud_fixture_fix/board_note/stdout.raw.log,13,29e412c4c87378c786b113e369beeef7e05dd35a,93bb405d96439255c6ec4d5beb3c17af4028178ec79d9af56a471df9ae98c52e
work/hud_native/CAPTURES.json,20804,a675f0fcf3797f96b3ff90f3f72994b226b2b9d5,261fef0c70ad01ce84f1841630af28dd45c5f9bd1a1c7dd85773540fd5d22b5c
work/hud_native/hud_hierarchy_view_01_clean.png,1245294,c4e4df29d60013914ef38c00818b3946a5f82c4c,05bf4621172d18a97b9d88ff6cc52db7b854f4e24827afda0d97e59734be6f97
work/hud_native/hud_hierarchy_view_02_quest_notice.png,1247955,0dc1d56b424b274f19b35321ff4efa18b064386e,0380080d8940c7f7b940df9e79b3abf3ef6af5a321238be97edfabaa5ebeee24
work/hud_native/hud_hierarchy_view_03_points.png,1247357,c280675aafa53abdec3291eaa9c596e96f55b45a,447c9dd1dc268ae37dd41c0d1ef40706cfa913385018a471a50a8e28d61ea376
work/hud_native/hud_hierarchy_view_04_cooldown.png,1244637,65c72ece5be8b8fdd39f6533dfbc66eecd3cc357,c96311e060adcb72e3f384bdab58f0c07996bcd1298d78644d4503d522822027
work/hud_native/hud_hierarchy_view_05_mp_shortage.png,1238554,300a3c22b6367bbd2dfcca99467597a2448e4394,44474ba946472c3c17110216fd2036e81b97ed6dec77e98ea43866e16204a7f0
work/hud_native/hud_hierarchy_view_06_combat.png,444129,bfc412c66fba2924e0740c5fb01fe6fa38e8a24e,df7346a6b64c9be92dff71ffa0fe856f5a79ffa04965d0cebdf4beab26cceaf3
work/hud_native/hud_orb_fx_01_normal.png,1240389,60f2365d8067dddf21d66adf64a36cec8e0b2eb1,a90244bd87b95e373f228a068fe1923c65d661c6573cb902ba51760e83f2c9b2
work/hud_native/hud_orb_fx_02_hurt.png,1254830,11d81c34ec91dbf3716fc71bdd0580c70cd80743,ed896f2d7d636861963dd5fa0da2a1948b39ec1ae15430ef73f1200c27398288
work/hud_native/hud_orb_fx_03_low_health.png,1230101,af3423ba9cac8068e563a987f9338bb2cb19399a,f02f485fc8da2ad29b24edb80214ca20dc7325cb8e385b6603073354ebe55786
work/hud_native/hud_orb_fx_04_recovery.png,1248896,586fc64077c2f760f2f4e763d04c4c2e8e75b854,681c00d57bfa029b6abd7c8cee36be2797475c5899d3ba2d1b5f46e25e675467
work/hud_native/hud_orb_fx_05_cast.png,1243800,4ad4afa9d42d886bc20efcbd3a1f8f9c8960fc48,1eb5db383936e23467e9850da6a41949c6b49e4dfb6ecf5ea2a13c5aeba73bf1
work/hud_native/hud_orb_fx_06_fx_00.png,1229045,d644160587c18bc1688e022954d0a4f5fd4bcfcb,f327a401a0f368a68de10802cedabba037f76369f8bc3baf5c93b41020ce44d8
work/hud_native/hud_orb_fx_07_fx_01.png,1229184,37efe43389cd238a1f5026e19f040271e6677e80,9a363b7b394beb780bf964942e04148d83be885de74fc8bfaf156f23613ed851
work/hud_native/hud_orb_fx_08_fx_02.png,1230563,1792d1513160c880ef0d7f511a568f3b508ec14e,86fe1dcb1a62e92057f5ac44a61fa2b06e2dc64b59f2f107ef52e239e133bc1d
work/hud_native/hud_orb_fx_09_fx_03.png,1231320,525882d964bea30791ce3308395bf315d15b472e,7a209a9d47240b86506053ecc23811863cdb00f8c4164c3c1191f446dc380bb0
work/hud_native/hud_orb_fx_10_fx_04.png,1230794,77c70a8a0c421477ff074a5bfa17364bc5869fd7,ed802b1f50a2ab8397a950cf4e9c845deb35bb1e4b48e340f47635d3941d9731
work/hud_native/hud_orb_fx_11_fx_05.png,1230744,f90617115069734f0601c00c88446d690beb38b3,8664f8ea24ce1d8b1770337497198de9b1a9edd8e27a906d8733075b5d2a2ece
work/hud_native/hud_orb_fx_12_fx_06.png,1230503,2ef93cd3af9aa0647f79ccd6653474947fe73738,49f98a3e1389cf3b1736262018ce2547203adadfc107aad9630514789f823c3c
work/hud_native/hud_orb_fx_13_fx_07.png,1230283,0568e07e5e889cb0b6969e3968605333fb88038e,e1c859b44882e0117b89b5a79fd6f526eca07ddb8e2f3bf6ade28e9904098d7c
work/hud_native/hud_orb_fx_14_fx_08.png,1229935,dfc43182b2250c58941be007f08637fd7fd1387e,58a5e49742fe8518832fe6782244f6f0ee13df8a9d922f9600f4257455698f4a
work/hud_native/hud_orb_fx_15_fx_09.png,1229400,2df67b46d28601b0973812c9b261a1e85ebb8cfa,88b701af2a301cef6d9788170b092f1fa283bf59c7774eb128b1e523ad84dddf
work/hud_native/hud_orb_fx_16_fx_10.png,1228471,978b8b714e76f36089a7370de03033b7115f1733,90397280794ee288e7cbdff3c12c306f21fa041832d0c1cf7d08db34fad3baf8
work/hud_native/hud_orb_fx_17_fx_11.png,1226887,cec89a36e9a6cdf40ef891d2f57265161dae2aa4,c26b6cc24e9a5b40bea9da01fbf93d45be9c30b83c4bc0e2236f8069929c19da
work/hud_native/hud_orb_fx_18_fx_12.png,1247907,ceb4c5c802ead545040f470499f53ba9b8726fa3,dcb2ad4e3c342e088a2a88ea1d415ce65447b90a00f80162a75a0224cfb03877
work/hud_native/hud_orb_fx_19_fx_13.png,1246833,c2ddc842f85126d46c2adcf71e989e96216ba721,43583678490d98114776925d41ac012271eaa5bfc7ed2a1f53eb4143fec8a3bc
work/hud_native/hud_orb_fx_20_fx_14.png,1245645,e7e55257fc853c229a4565a4129f1fc7567bb164,8af25c575f94d629f7e3f19da669f4598d6d620da5b0090b63dc8461e730ac7d
work/hud_native/hud_orb_fx_21_fx_15.png,1245272,2e25ef4736829ba89ec134ff7438a1acd79bcf45,8d4c53e56d51617350333d73c915d0819f47f358571951dc34460354a0afe805
work/hud_native/hud_orb_fx_22_fx_16.png,1238538,a45d0efa3ee69e19e40a227f79aaf38a0ca21f52,29085553830bc5f3589a48d6bd2e2d36136f73d5b52540f53813a893582587af
work/hud_native/hud_orb_fx_23_fx_17.png,1237696,0c561eefefeab2b985e145102578c689df028129,646ba987571ea02ea3b003a7f1e358f2ba8d580af535f65a7f8cbdbbd41804b9
work/hud_native/hud_orb_fx_24_fx_18.png,1236840,933918ed74d818d27d85ab6ab22091a056098cc5,29115089c0cc03a1a25b62caa8ac0ff84bb69610e22109c61903c5b8f58c9e81
work/hud_native/hud_orb_fx_25_fx_19.png,1237721,9a0f479d3da94248ab78acf9e0ca41328ae2d7c1,ad42dfee73646f34f266e33e384de19026eb446f9f8c013a580fea00895c94c0
work/hud_native/hud_orb_fx_26_fx_20.png,1238444,023c2ad44bce0630ca8fda23fb66fdf720d91012,09d00598be402283042bb31ecac1ec624b92a4283148f502aa9f75e7ec6b8e4b
work/hud_native/hud_orb_fx_27_fx_21.png,1238188,11e8f56a6d7d83caa7c35b149ef921ca8ce87341,070cbf53f95625b25a37e700c625c262293ea04fa0328f8c8581ab11fc3a71a7
work/hud_native/hud_orb_fx_28_fx_22.png,1238429,97b1cf9320b6448c22270a264b92882355ec508b,92151514e5ad99e2973b7c7a709e2619f8eba4a042e3784d70c82a3160f8395f
work/hud_native/hud_orb_fx_29_fx_23.png,1238065,5593e1b3e2f28bfc1914ed7e874dbdc542a90279,9f005529e9869de4920dcf38af8590cf74fa9049bb0a7af415de3c1ad3742fc2
work/hud_native/hud_orb_fx_30_fx_24.png,1237178,85b43a991213dcad67095c7bc1ca18c3c544893d,8d934c921cf61c3066321abac7c9221ba9ddf04f5f8c77711d73b88281eb39ed
work/hud_native/hud_orb_fx_31_fx_25.png,1237201,8de6801e0c43e6d46cb92e11c8fab7b1897aa1c5,fd2b4920d55da6e593012dd3adb9a7c16cc54266bc935287b17ae0f2a3bf67e7
work/hud_native/hud_orb_fx_32_fx_26.png,1238889,17b584a7efafffeff91698fcbc0bbc5ddb2829c4,263efb039e174584f53388069ad2f993f0c7f6d2589e1148d122a7a3b166725a
work/hud_native/hud_orb_fx_33_fx_27.png,1239357,bade00ca1745f3faf17e9bc2d06fc252764e8019,7e2d8dea26b38ef127a59803241758217d15e4edeb9775b3cafed8f66640a211
work/hud_native/hud_orb_fx_34_fx_28.png,1242620,738d6471cdf050e3380bb621027edaa52e2876bd,1731f85febbdd35d8f08750e8f96fe80412ef0be0448c8e1e9e41bb5db50af3a
work/hud_native/hud_orb_fx_35_fx_29.png,1241409,ac5437f75265b4c598f8d0ab163df1de1056330f,83dfabb6f8efd1a8c7645d944ebb8289b8fa5e89b293cf4b582fe2c84dfa2e2b
work/hud_native/hud_orb_fx_36_fx_30.png,1241323,2520e337ba825b7ba775f077ce4cdf8a4f3d5d2b,9e161d17604061debdc23ceb8eed5a326533240b6bc5d1da4e8ba8f05788f838
work/hud_native/hud_orb_fx_37_fx_31.png,1240528,a9c4c6c47371b9fb233653bd2e63eee8b62f57a6,20f4bfc1d102b8a243bce47cf56894901050f6fc2fe3a29c9974479388c8d645
work/hud_native/hud_orb_fx_38_fx_32.png,1246217,f0ca14ec76f0cfb6b68fe6397016727f8ee6808b,722d024b20cf82702c865dd2e2288d392c1f289a6d6a9c99ec120b061068a63c
work/hud_native/hud_orb_fx_39_fx_33.png,1242930,be47fa4804853236b2414e18134d60bd61e5c61c,1d5916f88f665ce78df9867fb8fad1ec91ff4f2c6e703d277d059a96b5fa65d2
work/hud_native/hud_orb_fx_40_fx_34.png,1236697,d551e293d51a92d8c15ca075703520c0639868b1,130dc302c05374d9087740b4730638163d0e92138bd1243f11c60939264c52bb
work/hud_native/hud_orb_fx_41_fx_35.png,1234906,443effd86d9b31762fc7c1807cd6af66eaaaeb34,6c146c51edc4d08d89eb451bd7c460e0adde48faf92ece7d6fda276b6985b26a
work/hud_native/hud_orb_fx_42_fx_36.png,1234901,868ef32c5c6028d4df4f5fad2c73cdf60837ba32,429478460c8b390b5e9f7fb01ba6d1cb45e7cffbe0a70c8cf98bf65eacc3b566
work/hud_native/hud_orb_fx_43_fx_37.png,1235185,a62c4b3a7fe166f352173c02f2a6851e6164d93c,d03a2d21e44889eee7b5c3d1dd68510c879a49cd7bf282aab40ae56baab374a7
work/hud_native/hud_orb_fx_44_fx_38.png,1235292,0a3255bd0d5f70a01f62c17ca2d9269d69874a05,bdbcd4be4a0d346719856d7c6a6ddaf64806a0109b7939015d6534480cbb81fa
work/hud_native/hud_orb_fx_45_fx_39.png,1236410,c2993d2e12e8026593afc22a35e83bb787df66ce,73bbe4328a771fc8c39aa187030dda4411b80f8aa59fbc24cf4f4785e02bd189
work/hud_native/hud_orb_fx_46_fx_40.png,1236615,650e734ecedbd8d269fcf574a16dd0462df6957a,0e73086a9fdb8e21e1138cce5652a5c6373f444ae9101360348365f5a573ddfb
work/hud_native/hud_orb_fx_47_fx_41.png,1236270,816687806068a8629651968e785cbb5768792531,cb0bfc8cea1c75119ff42cf4b47a45df6ad73bfe5b355176eac8647aa79f2501
work/hud_native/hud_orb_fx_48_fx_42.png,1236117,a0c357c4a0dab443d888cf75a1185802ae0381b9,cd874fd96a954f20632b90f44a909d5d42b63e47dda2d21a5920f4dd57e67db1
work/hud_native/hud_orb_fx_49_fx_43.png,1236300,e3c5347bb80c4d6b2e4731ccf0de5e895437c34f,5094025e4cba953dfa337e8af6b8bb97b72fb229195cb719d5476086b5da5e93
work/hud_native/hud_orb_fx_50_fx_44.png,1236602,e536c4459d3c1b077bc6426b2e2ea36123c14379,f81708786766670fb8297efdacae3287e7852be3ef527202ac864e261abed817
work/hud_native/hud_orb_fx_51_fx_45.png,1236764,7433af3fb536110f494827942a62dd189cbbb77e,9b7c2ad02ecf0e50e9c77878832cafae5372ae90881b626efb7917452e2d295a
work/hud_native/hud_orb_fx_52_fx_46.png,1236708,4a16b4116fc792cdb49cb83f879a4772d81f8db6,0e745da2a831fb2958c36d5f2d828a70108092d35464b5600325d61066520f3f
work/hud_native/hud_orb_fx_53_fx_47.png,1236902,f618e9db49c50ab5997b7cccc20b52a5f911788f,873f6d50da4d7684a5b893df3b0cf7183be05d170e7fa2eafa198d6a9bf84123
work/hud_native/hud_orb_fx_54_windows_1280x720.png,838294,a92f5b406f12dc1cc0b0a5d15f543d2761a5f76c,aa50e5e643d48179169605324e470ff1d2bd887dd6120cc4f85c712afc7d5d16
work/hud_native/hud_orb_fx_55_windows_1920x1080.png,1688802,1eeb182fddf94f84fa80e73124fef45d6c50c4c0,b2699838fce8e246a1f26f5e88c311726d419f88d191ebfb62bb438a490913de
work/hud_native/hud_orb_fx_56_windows_2560x1440.png,2866432,5faaa5aa1832ca42a990ef5705548eca43c3ebad,f187a46545e177de0329be2ab1ba31b4891137cbc1308188ccf44c2e2baebb2d
work/hud_native/hud_orb_fx_57_empty.png,1219907,0dae6d724c3f3903dca8468e41ee113fc8c85261,5d7e88308d80d7be53a2a7c70fdf3b0aea17970979595bb3807a184c740a5999
work/hud_native/hud_orb_fx_58_full.png,1241319,5b25ee47b5393eed2d0d1fd379ac8ce3fa868ccb,dc72f9f64338923acbfe863c5a2f1744ef430ae6df00d62c22527b5484328aa1
work/integrated_verification/WRAPPER_ERROR_OBSERVED.json,383,fdf5b3b1e99bc1808bc40ce8c4d1ba63c7163de2,8da37b2931479f990db1bb74ab3b2df08493d2cd001d8b1879f26e226d2fe377
work/integrated_verification/WRAPPER_ERROR_OBSERVED.txt,943,5e41b1fbc92fd38a79cfec2f8883ddca4406c724,e1b581a79a4a5c479c0618d952de2e9a66db53b8254cf3a618628e44fbd60861
work/integrated_verification/import.stderr.raw.log,0,e69de29bb2d1d6434b8b29ae775ad8c2e48c5391,e3b0c44298fc1c149afbf4c8996fb92427ae41e4649b934ca495991b7852b855
work/integrated_verification/import.stdout.raw.log,0,e69de29bb2d1d6434b8b29ae775ad8c2e48c5391,e3b0c44298fc1c149afbf4c8996fb92427ae41e4649b934ca495991b7852b855
work/integrated_verification_attempt2/RESULTS.json,2346,921dc62cd55aa3b8f1cea2f739d48bf21a3aca5d,789351fabfce61e0e6a27217f986f74d8087cd95d25de5562aad541f7188daa3
work/integrated_verification_attempt2/import.LAUNCH.json,466,83c6acfaea5b72057276ce71d1825465da2b1438,bc0da4d8e74cee3a491b1a4f2db168f817808159965deac35a4dea10203e7126
work/integrated_verification_attempt2/import.godot.raw.log,1487,697dd5d81aa046b78f57feb5707ceb5bc2b2807a,ae0b3a944804c4a2ccbb5961d8f0fa804ce944ec25d9b3baccf2668cf3e6464a
work/integrated_verification_attempt2/import.stderr.raw.log,0,e69de29bb2d1d6434b8b29ae775ad8c2e48c5391,e3b0c44298fc1c149afbf4c8996fb92427ae41e4649b934ca495991b7852b855
work/integrated_verification_attempt2/import.stdout.raw.log,2141,aa0f2051c1ca430ad92775b5f6cd54aad1e64112,76ad2b925e4dd736d1d4b8e09368d18a68f6709b5460d71139474be9ff6c3ec8
work/integrated_verification_attempt2/parent_e2e.LAUNCH.json,407,5e507c85d8f621619106fb3a462e48ddc446eafe,11353b972a2451fe5732872a09f4a3f1a89afd65e34d00bc73232144aea40229
work/integrated_verification_attempt2/parent_e2e.stderr.raw.log,0,e69de29bb2d1d6434b8b29ae775ad8c2e48c5391,e3b0c44298fc1c149afbf4c8996fb92427ae41e4649b934ca495991b7852b855
work/integrated_verification_attempt2/parent_e2e.stdout.raw.log,982,cbc2166c6e8e5938892107662ec703059dc73fdf,0c74dd75741f3542e49179239daca787c15f1dcfd081f8fbf919b5430e403294
work/integrated_verification_attempt2/unit.LAUNCH.json,505,345ef81fd67faca3d2f1dab68a6e66bd95ad652c,3c2060dba760771b1fbe372dd9049db9a7086c03b14f11084c7efc21f8f49db5
work/integrated_verification_attempt2/unit.godot.raw.log,216,d8603bd89604e1a508a5fc832d1fdd4f8ba2d9ee,512743187d9d54d9467f8e2260c15a31eccd2b3aba6f7a9aa62042fa95980cd9
work/integrated_verification_attempt2/unit.stderr.raw.log,0,e69de29bb2d1d6434b8b29ae775ad8c2e48c5391,e3b0c44298fc1c149afbf4c8996fb92427ae41e4649b934ca495991b7852b855
work/integrated_verification_attempt2/unit.stdout.raw.log,221,d08ea4e5ed1f0381feccbbcbc71e85969a249ce0,fe55d25b8732e5fb770824c05778bc5089c56783df92d51ee2abb184ddae0c01
work/integration/20261002T163413_642802Z_rebase/COMMAND.json,285,d762c520978d1bf59ee8c9469ffa7adbfb74b269,9d3b6975a4bd95ea2b5c150a512e3f617aae3fa77f829e9a2b909faa0427d5aa
work/integration/20261002T163413_642802Z_rebase/stderr.raw.log,560,391159790ebce6db52e7591eff076b855b98d63b,581a6e1f8f0682e17f4a680d66cdfb5a6dd982aa513cebcc84e695b7870fb1a7
work/integration/20261002T163413_642802Z_rebase/stdout.raw.log,221,2ab1ab354daeb48136bedeedd1d083fccaf32647,d79e553df7b9cabbf00303f4c49aa9a338ce1e6f06e41a8cc6d6a3d68a90ecf2
work/integration/trace_resolution_01/RESOLUTION.json,526,047f142fe29b17b3ed594d55d3d3debe1184d40a,2a4fbeeb0103f0da9b32c8547f9d00ac0714ec9dc3199fbd117208984deeb16f
work/integration/trace_resolution_01/git_1.stderr.raw.log,0,e69de29bb2d1d6434b8b29ae775ad8c2e48c5391,e3b0c44298fc1c149afbf4c8996fb92427ae41e4649b934ca495991b7852b855
work/integration/trace_resolution_01/git_1.stdout.raw.log,41,5c6e1daeb99a8bcb1a40dec50ef7b33b923d383d,21e4527aa7e79662bfa50e021fe61fbe2e1197751023c692837815349831843d
work/integration/trace_resolution_01/git_10.stderr.raw.log,0,e69de29bb2d1d6434b8b29ae775ad8c2e48c5391,e3b0c44298fc1c149afbf4c8996fb92427ae41e4649b934ca495991b7852b855
work/integration/trace_resolution_01/git_10.stdout.raw.log,0,e69de29bb2d1d6434b8b29ae775ad8c2e48c5391,e3b0c44298fc1c149afbf4c8996fb92427ae41e4649b934ca495991b7852b855
work/integration/trace_resolution_01/git_11.stderr.raw.log,0,e69de29bb2d1d6434b8b29ae775ad8c2e48c5391,e3b0c44298fc1c149afbf4c8996fb92427ae41e4649b934ca495991b7852b855
work/integration/trace_resolution_01/git_11.stdout.raw.log,0,e69de29bb2d1d6434b8b29ae775ad8c2e48c5391,e3b0c44298fc1c149afbf4c8996fb92427ae41e4649b934ca495991b7852b855
work/integration/trace_resolution_01/git_12.stderr.raw.log,77,c59fe98fabad049171e0dc69a85a84baa2ecf30c,dc92b82fd2ac59c7c2c611a6d8ee73e75368551a0ae1c4f7f3e7ee5932ba33dd
work/integration/trace_resolution_01/git_12.stdout.raw.log,377,b35eddd24e9890317c471298775418a8c422346c,90898298bcac48cbd48b5e9aee1211cedb9c6c337f68e1b30c9eec0d89c24bf3
work/integration/trace_resolution_01/git_13.stderr.raw.log,0,e69de29bb2d1d6434b8b29ae775ad8c2e48c5391,e3b0c44298fc1c149afbf4c8996fb92427ae41e4649b934ca495991b7852b855
work/integration/trace_resolution_01/git_13.stdout.raw.log,0,e69de29bb2d1d6434b8b29ae775ad8c2e48c5391,e3b0c44298fc1c149afbf4c8996fb92427ae41e4649b934ca495991b7852b855
work/integration/trace_resolution_01/git_14.stderr.raw.log,0,e69de29bb2d1d6434b8b29ae775ad8c2e48c5391,e3b0c44298fc1c149afbf4c8996fb92427ae41e4649b934ca495991b7852b855
work/integration/trace_resolution_01/git_14.stdout.raw.log,41,cfa792a340e0d36a78280fd1d160c10d67cb2239,f17eb6c8ef86a83a6d8b2d010d6199145b3f61ee4e32ec865d79277b26ae593d
work/integration/trace_resolution_01/git_15.stderr.raw.log,0,e69de29bb2d1d6434b8b29ae775ad8c2e48c5391,e3b0c44298fc1c149afbf4c8996fb92427ae41e4649b934ca495991b7852b855
work/integration/trace_resolution_01/git_15.stdout.raw.log,9,ac933d3686b20a360b44f00322615cda79623474,3300011cd7957eea2b0c0cab8bdc6036b7e32267718c803ada1b433004871fe5
work/integration/trace_resolution_01/git_2.stderr.raw.log,0,e69de29bb2d1d6434b8b29ae775ad8c2e48c5391,e3b0c44298fc1c149afbf4c8996fb92427ae41e4649b934ca495991b7852b855
work/integration/trace_resolution_01/git_3.stderr.raw.log,0,e69de29bb2d1d6434b8b29ae775ad8c2e48c5391,e3b0c44298fc1c149afbf4c8996fb92427ae41e4649b934ca495991b7852b855
work/integration/trace_resolution_01/git_4.stderr.raw.log,0,e69de29bb2d1d6434b8b29ae775ad8c2e48c5391,e3b0c44298fc1c149afbf4c8996fb92427ae41e4649b934ca495991b7852b855
work/integration/trace_resolution_01/git_5.stderr.raw.log,0,e69de29bb2d1d6434b8b29ae775ad8c2e48c5391,e3b0c44298fc1c149afbf4c8996fb92427ae41e4649b934ca495991b7852b855
work/integration/trace_resolution_01/git_6.stderr.raw.log,0,e69de29bb2d1d6434b8b29ae775ad8c2e48c5391,e3b0c44298fc1c149afbf4c8996fb92427ae41e4649b934ca495991b7852b855
work/integration/trace_resolution_01/git_7.stderr.raw.log,0,e69de29bb2d1d6434b8b29ae775ad8c2e48c5391,e3b0c44298fc1c149afbf4c8996fb92427ae41e4649b934ca495991b7852b855
work/integration/trace_resolution_01/git_8.stderr.raw.log,0,e69de29bb2d1d6434b8b29ae775ad8c2e48c5391,e3b0c44298fc1c149afbf4c8996fb92427ae41e4649b934ca495991b7852b855
work/integration/trace_resolution_01/git_9.stderr.raw.log,0,e69de29bb2d1d6434b8b29ae775ad8c2e48c5391,e3b0c44298fc1c149afbf4c8996fb92427ae41e4649b934ca495991b7852b855
work/integration/trace_resolution_01/player.gd.conflict.bytes,37826,e6f1dc12ed7265c1b81bcd7e4d757b5b8ab6b163,8b3ad98bb4ee9ff1e63e9dc605c43a46ac3902711a4ebe98a51c6154a702c613
work/integration/trace_resolution_01/player.gd.resolved.bytes,37736,22faaf03d9fff280d47c8d908ee43c50ef2cd23f,26c05f3b295e79e1a4893519d94b4a84cf326245f522238d8d3545d7f8777f90
work/integration/trace_resolution_01/player.gd.stage1.git_blob,37348,300bc49c5b7535c3cd4c8e332cb5e6992f04afaa,bdf9754e16d1ccfd544c9880944b4b969417daca082059eb9dd619a5e38669c2
work/integration/trace_resolution_01/player.gd.stage2.git_blob,37605,e4b2c9814484c0bbea60a10cdd1fd557b55f29ea,9fac0b3ee47b11f5fbfe47f796b9ab4412ef9b025825c3832596da783e500f5e
work/integration/trace_resolution_01/player.gd.stage3.git_blob,37479,733ae4ea5fe68cd8ee38a38e466ff42ef9d48cfc,df5ca0cb163bbb914be34256dd58139390ce5bf5b4463b2bc8a279f351a84625
work/integration/trace_resolution_01/player_combat.gd.conflict.bytes,112561,373c5f8a3f873a03d3124c9ed6e529776f919ca3,2ee29891b8afcb75d96795122ca3467bb23105c134397bcfa4c89f336050a4f0
work/integration/trace_resolution_01/player_combat.gd.resolved.bytes,112356,088bd133274f51d173e1359bd5a44abd38579cca,8f12461030d5ee7aab66331cab635c115a2e2c2196f1ee2293d909a48fe60626
work/integration/trace_resolution_01/player_combat.gd.stage1.git_blob,109102,8d3ed999560d50ae50132c62be449058d32fcba7,5a9e551f55033eefa607dd6212c59640c2b01521e9151a90157cb1cac91ad086
work/integration/trace_resolution_01/player_combat.gd.stage2.git_blob,112068,bdc63041682e266d1cab21693cc001ae6089afa6,a2d868f15008b14f0377de085265d8cb40b976e6b4deca6e6b7558192c01ee16
work/integration/trace_resolution_01/player_combat.gd.stage3.git_blob,109378,7bd57844744ba85202e0f79d91a76e1f4b8f4b70,43182c4cf53a8bb5f4fb33443e33a730f484244255ef5fbeb015830880f9f9ee
work/native_after/CAPTURES.json,1715,a0a43ab68ec30ef60ed94350146f34c09569faca,30138282a4f248b96291a0c5e528e7d0b98903b2d343b68eb99241e070d91ee7
work/native_after/LAUNCH.json,1235,d1b4394b55465fa4385362a317e6fdf6b073bd49,48d17c50d01d1e5d5776fe4374c621e762b355a7b51d47d54ff1a9e8e7a4c1ee
work/native_after/anim_commit_01_attack_hit.png,733535,ef17c46204671686c00adbc47c46859c25f3ab22,b2ed93ab0f5432ada2fcc8e9ec240551c7a61c140308b4236abe4088f7c7eefb
work/native_after/anim_commit_02_slash_hit.png,740171,ea1ef69fdd03367d031909c5d199c1a52034e967,123bd09e5c27d5ad1d2012c0479ed66530f990d01c40ced30247477fcea702ac
work/native_after/anim_commit_03_whirl_hit.png,734471,4c7f7c40d3642cc1f0698a2f64c3026f09080a00,9bd91bcc2453fbc1909854e2076044f76751fe3ed54c606a85eda3c0baaad625
work/native_after/anim_commit_04_dash_hit.png,735097,97ce81a58717cefbd3a419f36be9c15fb65211f6,5de840fafa5d796f66bf20020c566c1f8998ef3431cb11406d9aaf32f65143af
work/native_after/anim_commit_05_thrust_hit.png,742558,0bf7092b3d1bf3a918a155693520c6a185413021,05316b14bc7d44c5b41041ba55b35e2607fafc1eb9b5d2d647fb5359cfff8323
work/native_after/anim_commit_06_leap_slash_hit.png,724110,0dc1867ede4bd14a54e8b73cdb9894c9a1ba03f5,78f332baa8138ec6afbb5958498d454b65739513caaf7f9a312c0d4e5b59ad4c
work/native_after/anim_commit_07_move_click.png,745927,3f2b8bcb568b61faf1a2848c8740cf550270ee59,8e91639f2ee85902fbb117698ae9628eb4d4bf6ee78123a51c9a4a158597cae6
work/native_after/attack_hit.jpg,145652,72047fb30a72dfbf3f6d562eafd063d40bc36395,e531ac6181895b5cd90ec934755eaeb727b2461c94349aec96c434b7c1d0baa1
work/native_after/godot.raw.log,14173,62d532049ad5f181f9188e33151178e25d7d78dd,349fc6ca6631dc936546f439c9324c514e865b17ca4ffaaf907e219271a1d222
work/native_after/slash_hit.jpg,146203,6140177aa95bca13cf91d4bfe54838e2d10bf1ec,74a1014e31a81610f46c10fcd6aae252fe48cee5e58a2a313e0aacaec8ef21dc
work/native_after/stderr.raw.log,0,e69de29bb2d1d6434b8b29ae775ad8c2e48c5391,e3b0c44298fc1c149afbf4c8996fb92427ae41e4649b934ca495991b7852b855
work/native_after/stdout.raw.log,10792,e288ec678e587b007873e16e5d0e48ed6a3d35c5,a51a071cd42786e52d6ad887d67c410d7bd784f53df809a4d3c7cac76f542be8
work/native_after/whirl_hit.jpg,146591,a76ccc8029d97060f0bf67a60fda037d5bee416d,bfc75703313b69c9c46ec1fdb9a74abc8982a5204712f7de186684fdb44bcb4a
work/native_before/CAPTURES.json,2031,933e1bf467006387dc9f2a9125cecc6506bd202c,54b1474956826d5aefb6fbf99c5585182c24844ecd6b91a2f916b02bbdb8abb2
work/native_before/LAUNCH.json,492,20501ea05d55738a202315e9f740c503dcf8e284,3f6af10cefb137d786043fb964bccb2a2984cf8972bb282f3320c0a333e47bc3
work/native_before/anim_commit_01_attack_hit.png,732727,f5d37eb2d054d69624ddcaa7f6cf290f70bc229d,2db6efbb539e35844068150a5c195b70557e66023e707c909e620ee994ad52e3
work/native_before/anim_commit_02_slash_hit.png,738110,218653cc8d1a8020772ae23d1f15b01f4c6a15b1,fd4af46f8075d8f09a34b41af5c2bc40353597fff72bcb42fd080d1137a4a2cb
work/native_before/anim_commit_03_whirl_hit.png,735584,aad4af8429345e7b692200fda8fdd16e802e5f90,ef8f0ffdee913dd7f0011d5e3be91bb9001c82231e23fccd5ab0eeb50786100e
work/native_before/anim_commit_04_dash_hit.png,736997,afad67e38463733eb5567f5954039ece56747aac,59142a613b8d8f89eb17ae3c3dafb8af90e2b61c828518f2f99de9433973c806
work/native_before/anim_commit_05_thrust_hit.png,741626,f4f1b7f69a58d69eb73d188d05bb2e3ae0097403,0fc73801ba69d221cac789b13c2d8f17baf01c403296205c7760833bac0e030b
work/native_before/anim_commit_06_leap_slash_hit.png,727310,720f4e0cbda8e772c502e2c46a14a286f6dde35d,4b75fd64015657460f526ec2538382417fe706cb3166304f2e00d79424e8a7e7
work/native_before/anim_commit_07_move_click.png,745803,94ac9b40dc7242a4b4a0cb7e21c5cea2a040dd8b,4c6e0370547e2882ccda1f69e2bc69291162632fed6cc804888e71924ac65ec0
work/native_before/attack_hit.jpg,145239,f499d20579444a9701465597062fc9c103e55d26,24394ee976863b0a70d71514e41fc6038a09db7344b1cd832ce4e76b66926a68
work/native_before/godot.raw.log,14101,2fda7f6c56b48cf669eb79f7fc26e940b464d2d2,8cadc8d9a90e971073ade6c21dbb0b14ec5d25ec3583ed5123a4aa4f891929e7
work/native_before/postprocess_error.tool_output.txt,634,d158ef3f138237eb71df9e063a50ae6f70ea759b,fe708952968172cc7eaebfc9135b0a94a5b2888b5f73c9020e8d756fa40807d3
work/native_before/slash_hit.jpg,146054,b774b07fcb8d0414de17b9b69f914f5b3f137456,41f1ed9149854397cfce93855fd77c61501860edf3c936cfdcc567ef35cd35d5
work/native_before/stderr.raw.log,0,e69de29bb2d1d6434b8b29ae775ad8c2e48c5391,e3b0c44298fc1c149afbf4c8996fb92427ae41e4649b934ca495991b7852b855
work/native_before/stdout.raw.log,10201,8b03bc78a9581c7267d6f89b1eb795137085344b,1482b2c43c4fde11a0bb6c153d2623a539c234c8323c7728f1421362661f69cb
work/native_before/whirl_hit.jpg,146635,6a990f2bb0d87ca37d894de0bf533e12ea53da82,2d2e53a915f7b0411d707701dda5e7221bb4d5ccb2a5b832d3102465b045df44
work/obs_review/INVENTORY_REVIEW_RUN.json,575,befd30fb53ff848390f6607c7254e35c463ea12d,7e806219d88e154ef04066edca6fada89d8394dc39825eaefba82f5896eda05c
work/obs_review/INVENTORY_RUN.json,628,837ff7dad762ef18a278ccdc959b168c2ab67eb1,b0b85a9fcae1496dc1e776b3d8ac6821ed28fe57d5f08b60b84bad0f98ff8f43
work/obs_review/INVENTORY_V2_RUN.json,544,3c78bfd2531bc99e9560117e1f49047f733c6dd6,eedcb356026a07fce38332c9e55e02b1a10f5095f74f9f2e480b1e414d72e915
work/obs_review/PORTABLE_PLAN.json,416645,e550e4a3d4a3cc088d60e91862414157b4472a4d,f3c7c976805a43324ea60b6f2497cd3b733c3f70ccc6cb59ead2ac3a19ffab5e
work/obs_review/PORTABLE_PLAN_V2.json,416650,a3c49d02396874e8de0a59235004c867c73417d3,55c2df87b37a7c0b7d2513f732c3da172bc746856b4594769770d9dcef928f03
work/obs_review/PRESERVATION_CHECK.json,1052,23d56d35fcfe96d0d2721550f44de544e22179ed,7b0d506959bff209e7eea9f42e386d9eea3ff9e57723a5ef69ec1b80e6ed4015
work/obs_review/README.md,10496,032b5a1d46a9e6f8887efb042423847ca19c3a6e,3d40098a1b6fd9faa82c0fd659d5197b219b7a2a3a9e3523b9489b7f67c7b90a
work/obs_review/VALIDATION_RUN.json,3045,b201795e521d4d5df8de20156006fa71d6174a61,22d41d5bc049efe63b4029b10a0f0151ccdaea923616d17b718fe185d3d3d132
work/obs_review/obs_websocket.disabled.json,128,dd02f55c100365e3a19e1a0b1be6d6f410d0de0b,1b2bd3beeb183db122e0d320f78d5c555be9cd4f0038067e2c6dfa9a12377322
work/obs_review/prepare_portable_plan.ps1,5668,fc39e36d34aa4c2519f2f5473acabe63c0c992ad,a5fcaa169b6b493dba2b73320f65cac46274ce448e6607a19df106fb0820622e
work/obs_review/primary_sources.json,6062,5472ace09140ffc2eabf83ad13ffce9949ac5190,1125a22f9b4dcbc376373ab3734e1578105fdd1c860c218ed67cf74cedfbbabc
work/obs_review/profile.basic.ini,622,7bf2c430204fd5f141f92b16cd3a09727fe1c0cb,03569ec6cd5733b77898b4a29c26605d7e42fd9863d55fea5b8d7548f24f4781
work/obs_review/rpc_plan.json,4101,5cae6fe974481fa04c5d1795f03068dfda7a2c6b,4a0ac1a4c0babfd39a26a89b2fcd818059f15ff117d434dabe2885428a5afa6b
work/obs_review/user.ini,246,1797dda41abf103991f08b86d2a609f346654731,f22c9fec9dcc951f7e159f4e0af0f323cf8976bbf3e9984a561eace30743bf73
work/obs_review/validate_prototype.py,3441,52e920dc159de434bbdf44a782b6732f4f2f02d1,183a057e6c23073740bea7fd96813ff2b8e18430b57e68feda6f9185c81e7e38
work/obs_review/window_source_contract.json,1488,0731b6fe0faeb2043399816cf61940f133e636da,f92efc33b53914a781e1948f1589cb14d72cc3f8288b2ee3d3147389cf2fe915
work/peer_review_01.md,1651,5e8db81c97ab68dc8ce454fe28109a9e63e26d78,0818d4934057f370fb7305338d2e5c01ba0bb3976f6f13fe9d42d544475865cf
work/review_media/564_attack_hit_after.jpg,145652,72047fb30a72dfbf3f6d562eafd063d40bc36395,e531ac6181895b5cd90ec934755eaeb727b2461c94349aec96c434b7c1d0baa1
work/review_media/564_attack_hit_before.jpg,145239,f499d20579444a9701465597062fc9c103e55d26,24394ee976863b0a70d71514e41fc6038a09db7344b1cd832ce4e76b66926a68
work/review_media/564_slash_hit_after.jpg,146203,6140177aa95bca13cf91d4bfe54838e2d10bf1ec,74a1014e31a81610f46c10fcd6aae252fe48cee5e58a2a313e0aacaec8ef21dc
work/review_media/564_slash_hit_before.jpg,146054,b774b07fcb8d0414de17b9b69f914f5b3f137456,41f1ed9149854397cfce93855fd77c61501860edf3c936cfdcc567ef35cd35d5
work/review_media/564_whirl_hit_after.jpg,146591,a76ccc8029d97060f0bf67a60fda037d5bee416d,bfc75703313b69c9c46ec1fdb9a74abc8982a5204712f7de186684fdb44bcb4a
work/review_media/564_whirl_hit_before.jpg,146635,6a990f2bb0d87ca37d894de0bf533e12ea53da82,2d2e53a915f7b0411d707701dda5e7221bb4d5ccb2a5b832d3102465b045df44
work/review_media/IMAGES.json,1233,99b868286f53d2e17be434a605e0cf4aa8abcbfd,7a8f6cb058cd26c615f7e4a09d0c4740f27da1a6c3f7b1388abcfca15503ff1b
work/review_media/after_frame_0.jpg,12923,e16b037cc15daf740086106f3c7d7be1471bec0d,87d45883dab94c3944ff34904b97be54362bd594f777fe7be7d5b6cb162fe2d5
work/review_media/after_frame_1.jpg,12934,24139e42b8ae91c1681c60e756520870c9f2da4b,087892c8a5e059604e1dc48e9371bd466fa866f4a3e5adb0d0504b98e4ccdca1
work/review_media/after_frame_2.jpg,12599,0b14ea325dddc7565c298f7ae048a5df74ee956e,52c1b83198b9823bf004aad4d415360b1ac9083dedb7d961c3521f713d9e2dc0
work/review_media/before_frame_0.jpg,12922,4f559339f604c67e1e67d17f2b7e6d554dc83524,f7b8b5560a88f968d7a66695d9e7f48bfeb8cfef9a8ef4095d4c463cdbbfe82d
work/review_media/before_frame_1.jpg,12896,26c6b3ee8c8c3c36d472868f60a05d28305c4a23,649b735d437061c4294558c1a7bcbd76cd51c868a8ebbaa5aef47b2a70fe5e69
work/review_media/before_frame_2.jpg,12621,858cd4333197a02005d91598f2b8eb18567c9698,9849a8578ec6e2bc1f35e0c68830ae99588d6344ac36b9564374ade8809ee6e5
work/review_media/video_after_contact.jpg,37957,bc2cdf38bf7b9e2fd89a643b80ff2a99369d23e6,3be14099a07d9da19c5b1f29805ef59d251e01e6f4e2109a34e5115b29e7beb7
work/review_media/video_before_contact.jpg,37966,15971f357080ecc1566f750cacb6885f15dc9866,5ce153f338598687ccdd5929a6ea713acafcdf0bd6299dae69c51584e3ca6173
work/review_publication/RESULT.json,1939,c576e24454db36c340a92e8f6a71e69324d1bd03,5cd440cf920ba32afe2b3236f70a9c70d677b277cf4cbd8d7d9ad6353d7b22f0
work/review_publication/STATE.before.bytes,15060,80b87729b46b09995273eb90a3cfb91566a2051b,16840dcc5d206481310d115c9f92d0dfa205b9c6cd85095e0cb0ca79dbe09775
work/review_publication/command_01.json,138,7689c16a90f73ca0495742a1ff1b90bafaec986a,e4774e9a8863de8b98ed6f5cb21dba32830d291eab9bbe0e25cbcb7e80957230
work/review_publication/command_01.stderr.raw.log,0,e69de29bb2d1d6434b8b29ae775ad8c2e48c5391,e3b0c44298fc1c149afbf4c8996fb92427ae41e4649b934ca495991b7852b855
work/review_publication/command_01.stdout.raw.log,84,dd6ddd2155ebd7d550e6aa214bdc086a87b117e4,8007a1207e91508616e0ab87de441e79e0d180178ea92bb27c5a4d8f72e00404
work/review_publication/command_02.json,235,ecbdd40ac175323627ce47f8ce85eb91c6f36f92,7d02e7b0ec899a6d67a1ea47e6cda6274b9ae99c5799445af904b2121c76738e
work/review_publication/command_02.stderr.raw.log,0,e69de29bb2d1d6434b8b29ae775ad8c2e48c5391,e3b0c44298fc1c149afbf4c8996fb92427ae41e4649b934ca495991b7852b855
work/review_publication/command_02.stdout.raw.log,0,e69de29bb2d1d6434b8b29ae775ad8c2e48c5391,e3b0c44298fc1c149afbf4c8996fb92427ae41e4649b934ca495991b7852b855
work/review_publication/command_03.json,121,be7bbfdb24153d0681b5a41aa1cf741ace65b63c,1b30d2a00d9804b7b19399c4cbfdf1cffc1cab38b6a25cc8a61a4258945a04ca
work/review_publication/command_03.stderr.raw.log,0,e69de29bb2d1d6434b8b29ae775ad8c2e48c5391,e3b0c44298fc1c149afbf4c8996fb92427ae41e4649b934ca495991b7852b855
work/review_publication/command_03.stdout.raw.log,1247,f31355f948a53f24565447bf39b2003bd9e1232c,5ad5bffe1976c88683b09252aa91fe35972041e61d61a2c7a64b997e20bee572
work/review_publication/command_04.json,214,c8256e86c06b0c3ad59a8e34ae88079e2d2afcf7,3d9f1aad7ba25eb4b41ad755f2a79c36a26807fc939c320dd6c71974832969dc
work/review_publication/command_04.stderr.raw.log,106,04a5fe98cbf38d062a1f29dd36f38ecdea71b1b1,9d8420a744b9fb334dcef672590f367ddf508ba8f4f80b1dead46129a80bc1c2
work/review_publication/command_04.stdout.raw.log,0,e69de29bb2d1d6434b8b29ae775ad8c2e48c5391,e3b0c44298fc1c149afbf4c8996fb92427ae41e4649b934ca495991b7852b855
work/review_publication/command_05.json,793,71702ff5261ec512592db012bd80bde291983280,b747b535205a3a8250bb704e7eeff0c01fa162c891a2821dbc388e0705499942
work/review_publication/command_05.stderr.raw.log,239,e7c77da9fbcb2e07bedf5908eec779c07b6d4df1,f414314c35d09cb12294cc0e7e42d722be4c9240d6b5ad2edae778234289f5c1
work/review_publication/command_05.stdout.raw.log,0,e69de29bb2d1d6434b8b29ae775ad8c2e48c5391,e3b0c44298fc1c149afbf4c8996fb92427ae41e4649b934ca495991b7852b855
work/review_publication/command_06.json,235,ecbdd40ac175323627ce47f8ce85eb91c6f36f92,7d02e7b0ec899a6d67a1ea47e6cda6274b9ae99c5799445af904b2121c76738e
work/review_publication/command_06.stderr.raw.log,0,e69de29bb2d1d6434b8b29ae775ad8c2e48c5391,e3b0c44298fc1c149afbf4c8996fb92427ae41e4649b934ca495991b7852b855
work/review_publication/command_06.stdout.raw.log,497,9079e50c0ae4b7ed576eccf257772e5c74aea558,fae61608cee890ebb9c977eacf0473a5ca39bf37da2842ec15a67b1eb393fdc3
work/review_publication/command_07.json,231,9051fd58bdf1fe79accb39c4127d1b8083315372,712bb92b42307f27996f56bc26a33e7a5c362348a5e4a8e315c80beb112afb21
work/review_publication/command_07.stderr.raw.log,0,e69de29bb2d1d6434b8b29ae775ad8c2e48c5391,e3b0c44298fc1c149afbf4c8996fb92427ae41e4649b934ca495991b7852b855
work/review_publication/command_07.stdout.raw.log,0,e69de29bb2d1d6434b8b29ae775ad8c2e48c5391,e3b0c44298fc1c149afbf4c8996fb92427ae41e4649b934ca495991b7852b855
work/review_publication/command_08.json,938,01e40cbf9b4faf8379a7aaf8bdaebc504bf5d902,c639b51f53556c6eebf37b3ba6701c416e3cfae05b7d6a5e8803d6fd0fd3e19b
work/review_publication/command_08.stderr.raw.log,239,e7c77da9fbcb2e07bedf5908eec779c07b6d4df1,f414314c35d09cb12294cc0e7e42d722be4c9240d6b5ad2edae778234289f5c1
work/review_publication/command_08.stdout.raw.log,820,b99af7a05abd38e1ba875b86a83a368024f8c002,22efa803491836beaba8792ff0e64e4e48ca934e2c84f31dadb03d0beb108020
work/review_publication/command_09.json,216,5f3dd3302ac3c1e9b4210e20d53233b08cf81426,090dc6716df38f12dae7d09ead3296bc58464eef7831b959d713af6e8eec7947
work/review_publication/command_09.stderr.raw.log,0,e69de29bb2d1d6434b8b29ae775ad8c2e48c5391,e3b0c44298fc1c149afbf4c8996fb92427ae41e4649b934ca495991b7852b855
work/review_publication/command_09.stdout.raw.log,41,b861eacd01a7d4311c003bc1185db97978eff553,470c7fb3fa6266570a4fb53a3dc6ee5942b8f5b1e305fcf53250240c18bf60a3
work/review_publication/command_10.json,138,7689c16a90f73ca0495742a1ff1b90bafaec986a,e4774e9a8863de8b98ed6f5cb21dba32830d291eab9bbe0e25cbcb7e80957230
work/review_publication/command_10.stderr.raw.log,0,e69de29bb2d1d6434b8b29ae775ad8c2e48c5391,e3b0c44298fc1c149afbf4c8996fb92427ae41e4649b934ca495991b7852b855
work/review_publication/command_10.stdout.raw.log,84,dd6ddd2155ebd7d550e6aa214bdc086a87b117e4,8007a1207e91508616e0ab87de441e79e0d180178ea92bb27c5a4d8f72e00404
work/scale_coverage/CHANGE.json,777,869165cdeafad3dcb17b4d49f8db0e4bdb28506d,4bb5a818e031431e6ccd88992221a28f6dc8c6ffe0faff1e63e146b427c5a982
work/scale_coverage/scenario.after.bytes,9670,39bf80003d89cdd36de145a9df055540b37629df,33a4b39072f2f028987ed8c963ba92868d966258f3118d341501c5b863cb10e5
work/scale_coverage/scenario.before.bytes,8943,4e38253e69dd7d4acf0021a90c8153689c87153f,1ffdf108bb2e00fe003a8009b6422d279e43b097fe11f88308068bece2c96f48
work/scale_coverage/spec.after.bytes,7642,92adaec781ddf0eb3ad6d1291a1bf22d8b4815c7,6e3efcd9cab209a61cdb4dfa2efb59316837ed80d31d4b816e804997b9a09767
work/scale_coverage/spec.before.bytes,7448,8fbcfe34eae38bad01be0f45c9dcd4816e32b61c,6f44cfa933f54ad330f25ef40abb6b7762e77d315ad918cfe10e6664c5a169a3
work/video_after/564_after_motion.mp4,395802,3802f5758eeeb9a7ebb1e67be5ccef1e1d39df58,fa0df3ac31e76f23d6e9109d6c8299080fe7db321864101c8c588543d351c850
work/video_after/LAUNCH.json,2004,aa05b165a7c4d06a85265976c69fee329db645cc,33dcd70ed3b2b93525a81e493053c1d3d3e126a897605c616e4707257ff97235
work/video_after/RUN.json,2187,4b9e0650a5b907e86c1957d744d054c30f69a634,98054881477cdb358940d56905d7456425861c1f844824652a7aebd7306c0c3e
work/video_after/VIDEO.json,31486,829b1d415fd5e6670ff85a70be1bc2bb3ca2038d,b58c27d272b08e63c95843248027b6ae0ae31ce8ef79b1ec5360c329858e6375
work/video_after/candidate_source/actors/player.gd,37736,22faaf03d9fff280d47c8d908ee43c50ef2cd23f,26c05f3b295e79e1a4893519d94b4a84cf326245f522238d8d3545d7f8777f90
work/video_after/candidate_source/actors/player_combat.gd,112356,088bd133274f51d173e1359bd5a44abd38579cca,8f12461030d5ee7aab66331cab635c115a2e2c2196f1ee2293d909a48fe60626
work/video_after/candidate_source/tests/e2e/e2e_runner.gd,24439,a1930fd4d3625d5cc96286140310604d94ccce83,dbd223982f5f8831ff3e77f6b96963e315a294b6fd3de254e61194ada39b7967
work/video_after/decode.COMMAND.json,377,e9ecd0768cd3af17f18c042f5f4940be36d4e753,7ec6ef992aebc09e3988b7eef9c33c8fa7e5bc709062643e8c31eeb8a6d03bb3
work/video_after/decode.stderr.raw.log,0,e69de29bb2d1d6434b8b29ae775ad8c2e48c5391,e3b0c44298fc1c149afbf4c8996fb92427ae41e4649b934ca495991b7852b855
work/video_after/decode.stdout.raw.log,0,e69de29bb2d1d6434b8b29ae775ad8c2e48c5391,e3b0c44298fc1c149afbf4c8996fb92427ae41e4649b934ca495991b7852b855
work/video_after/encode.COMMAND.json,642,192be09f73b565ea71ab814e19abf502db3ce947,72bf71d0585ccc0c7840b4fb12548bdeb521d0ebba682b49f542fa23d72a32ba
work/video_after/encode.stderr.raw.log,3453,9d940b568e501ff06080696687ddeaa6fad22237,8d2d686536439ab80686e804c6cd09442f9ab1455afb6959efa3638fee245cfd
work/video_after/encode.stdout.raw.log,0,e69de29bb2d1d6434b8b29ae775ad8c2e48c5391,e3b0c44298fc1c149afbf4c8996fb92427ae41e4649b934ca495991b7852b855
work/video_after/frames.ffconcat,11738,150c18bc91e697cc39cf367c602e1a31f59ad868,db8bba3f0532b1e37bef87850f9e24874c58c2325d43d7da2fa41135858f1fe2
work/video_after/frames/frame_000000.png,453306,8f0212d8b862d9e35fc99542c76d2d159a6afeee,fbac199d2495d4e0c15127fc327f84935c1dd8fc792e2e8115caefe46afb9aad
work/video_after/frames/frame_000001.png,451117,f37f12d394444bcf11ea0270770816966aa6501b,462f4d1a63a1f366c87277752de9b228599954ae9c925dcacb44536407d0ebfe
work/video_after/frames/frame_000002.png,448351,8551f3391ccb87d3b4d37996b9aafe7d2c5f5931,012d8f0525abeb9a8e822fd0dfe93e1955a2258614df6871cb09790455e33c45
work/video_after/frames/frame_000003.png,446475,f419f1026fbbd1246325be638c6210b313d6b802,c1170d3c1aef21f54f255681b8358c07856c9c8102fe26b99529f3d2ebf6e58a
work/video_after/frames/frame_000004.png,446945,c7859441a51d8ad27e8c5b684760f103f782de3a,59ca7def2872f5d5d8d200481dffb2b50003b8ac23456a1a3e026b6a6ed70b11
work/video_after/frames/frame_000005.png,451899,ff45f8ecac7eed47c0e008a99ef8c39db5490563,95a748eb14922d9582a10e7529249495ebb13cc84cf3d0afac1d49e5b36d3d38
work/video_after/frames/frame_000006.png,448615,267600e123d48e88509a1f7e32d2b71847cc7181,112ecee1f53b5a807a04fc3bd260ea7c598259270eb12519f174fd3150842033
work/video_after/frames/frame_000007.png,445112,e7afcdb82608f0d9482fffa89ecace2931cff3e5,606b3c29e7159ec61fef70c4315db78a3474ef99570f20ce5e0eb1ba9aedf797
work/video_after/frames/frame_000008.png,447514,f30e6051d56556aa400a1355ed0428422763c677,9317a8b5e7389ce165bf858ca28f9b373b80b99ac37900c2505c354664031a2e
work/video_after/frames/frame_000009.png,449866,a4c197d8f5aeb0a07eb6f24d10bdb51641f5ed23,20c961aac5a5b9068036fe82071ef1a589185873975c9b8db879dcd4e0f549a0
work/video_after/frames/frame_000010.png,454239,51b969ac724ea83668d00f06efd0e28fb597460b,18c798964868f53a6b077527f3d72880bde2b513ae017c2f71922c7bbc8be9c1
work/video_after/frames/frame_000011.png,452661,de131d44eb9b97b32e085a720a4d8a00add0fe18,12750cb991274cff905e4d05b8f54b9dc1b1c8737f71a87bf95b7d4e8aca7a39
work/video_after/frames/frame_000012.png,446854,76903e050631701033c83a037e5f1ce056a3fdce,f2c8473d0dbbea0f6d48008898eba2004652c8700bdba9f6692c583d94512bff
work/video_after/frames/frame_000013.png,450265,71242983105313ab959be29b05d928d9753b90ff,d59dbc3b1e13e5e1aea93a00f61c6fed7d838dd5d25d3cca678ef90a05413321
work/video_after/frames/frame_000014.png,452922,2e2028cddd579f944222b5ef7556ba43448d58c7,8d6b0e70cc77fd856ccf76db2da2cac6be2bc9c871443de7aae6f4acb9c772dc
work/video_after/frames/frame_000015.png,451366,3fe7c006c7e7e5406cec6580c91aadf53de73144,d5a918c3ed1ae2cf19d7299454ec448a3d7284b8a3ec2d34425ba4e59aa6ee4b
work/video_after/frames/frame_000016.png,448633,9c05458fd609da5633e968a0155d2e691277044f,94190cdbc208c1a8f765a4f9c8bce80af7d0b873adf86d7c88eebff907f16967
work/video_after/frames/frame_000017.png,442845,3f0ee65703f1ebad77a8d0e56718ae4dfeafa908,933626d0cd60037d9f0090241185e99c4f1d86bd065646f363929f9177f8bd13
work/video_after/frames/frame_000018.png,444003,e3f608c3d3a46546a541581d17e5e96c993aa9e3,bec5de0d06353d3e36c44d96b04e643789dd1cab30eaeaa18a96fa708e9d770d
work/video_after/frames/frame_000019.png,450040,7141126f2e0f291eb48f745cd398afbe8e7fa875,2ef22d3a96d8ae14145f5cbe0e2267f9b9a0ab5342d95fe244c2894a631957c8
work/video_after/frames/frame_000020.png,450146,c1a244844ca8af30f5409257c06f12dd1e99a0a6,531f9294475b78332f80420462c9ade361adbf77fd4728988d3ac16192eb5e2c
work/video_after/frames/frame_000021.png,447506,faa65db28c3831c397fc78945b1c0151cecb3c1c,0cb56c93548941422f742f58b347724e470a746d8a4082751618b5cfaad4c119
work/video_after/frames/frame_000022.png,447719,d15ee62884e57c2977de441bc4f9e6196cf1e82f,1aafa380c7e8258f423a2094527b753a54d0d4fbebcab88db19584aee12a189a
work/video_after/frames/frame_000023.png,447302,44a1f1a280be0ad0c9544c48f4ffd0846f8e8631,befc59a847ea1373e901337ed60119834e55257ba4b8f46a55967606fb0aa82e
work/video_after/frames/frame_000024.png,453618,3589bb4737e2297d840a59f5bd8eb039fdf4aa47,1d08a962bf7398c7b4bdcca7fa065de3e18a585d859a14afcd5394c90e7bc4c8
work/video_after/frames/frame_000025.png,455061,e3b6adeef70259390599e76eaa29518377b0ce41,9c25c95aa58c80749b6717aafc4b3451b9769148a8494372fe7161fbe575ffb7
work/video_after/frames/frame_000026.png,448993,be39f889a53d3fae265e061dcfb96f0a0a9a7492,c4e3df01a6a7348759e137b111787b53af1e754772b840b53430af2ca2ca8512
work/video_after/frames/frame_000027.png,447760,4fa258740ff8b071ad5c4d264984e10e3ae9ad21,77012dd0725e4e6c230942cea2e76e96df3c34ca3aed50e0f849b0093ee54e4b
work/video_after/frames/frame_000028.png,449693,add6cc467682475039a7c0387ffb476cdbc44378,e1f607e0a0613c36b8053cdb65e6fa542c9c5d9d02456eed1abaf104a1b6487c
work/video_after/frames/frame_000029.png,451613,cb682fb6432e100908038656cb56dfe5d51c5011,78469542712d1b7e53ef0d2852a53d19583d37cd61cb7cd0641512b06b9c263e
work/video_after/frames/frame_000030.png,455212,1f31d9603ca7cab3d317895362d2072b0357cdde,d18689f860ff405e06511b9778d64d8c1c8d2552c40bc0f53442103813af3727
work/video_after/frames/frame_000031.png,447367,7acda204405036c077da27c58ef590369f26b556,54147f19521fb80c67cabc16975cefea3553ab07af57e140ed78da5a0616722a
work/video_after/frames/frame_000032.png,448845,1f7cc7b72c04816f69ee2383bc537fcbb3a6c46d,46ce773fe02a79a76dd2ff19f79dbdfe53d69ccea7a36b741628908519be156b
work/video_after/frames/frame_000033.png,450336,4efd4d62df48f3aacaf596aefd800f01265ddd01,e55d75b5ec510ed17656cd09f55136f67f6ebab19c5784fb45cbcd6df5167c87
work/video_after/frames/frame_000034.png,449882,6a80b3b3760193d77940a00f7c75f0e521da42d8,78d8da11a9b6809b950ee9dfdc4f7202d19c0a9b7783d414e2b6601af1b87fce
work/video_after/frames/frame_000035.png,448864,7e7c9b54ad07b1006781c4c74ebaa23cfa1f8a6d,2b19d5e83db2fc2cffda019e2881e664d22411bbabd52c633f1b9a4ad90b068d
work/video_after/frames/frame_000036.png,445842,bd9fc39ee2ef9869260e1a6ea2dbf6a8d74098c2,e6c3f7cd661e3c4a2ee749524c9faea24d9b2d703a6091f63259689c1dbe8d4c
work/video_after/frames/frame_000037.png,450613,e4cb0bc742152defc9db9dbeab7a3ad1b6441cd3,4ddb218480d7cd454910ab92c3f8eac7e847b636c8056dc7d333eb4c321c9da2
work/video_after/frames/frame_000038.png,455202,40419eb27f82df7af1502967a362e53f4dffdc44,c2f9be79e465c94ea839e0997b511b0f91ee44a55328aa8e4e58db6fddf475a3
work/video_after/frames/frame_000039.png,451909,65ea3c18248493a909dace5e7cd2c62feb753f09,c613f68c275130a3e0ac64e84b40d5c0266a20508e2c0e06329a9255f406169e
work/video_after/frames/frame_000040.png,447922,03646859fdf9436f311eb5459a2a7b9d38a8e30c,2ce3575fe018ec6525710ec76bcf66b1bd42ecbb5b41cc5b98a1f9cbf3c06355
work/video_after/frames/frame_000041.png,447117,8a00575ad381d039099aba83a0d58cd6f2aedd3f,a9d76ae062e91713aa05b1a3c668f48befa1383c80230c62384230c32170f2f5
work/video_after/frames/frame_000042.png,449236,0109e37807ad422600687e93194a7f5bd0470a17,095e2ecb0e23d2a8102a7b76e7aa24c647915d83347bfea6aaa62a9e1af5745e
work/video_after/frames/frame_000043.png,452488,8e7708f17553e878d360e62ea136bab8eb976cc8,867443d6185a51e12fe2b4e9ad43479b524703db0714c456b89bd5847d5197d3
work/video_after/frames/frame_000044.png,447085,25e052812a7d037f4cffedcd0451911de6067142,a8b8a6d44f5e01424177658de739719937b8eeb62f88917927e7f189e9edc90a
work/video_after/frames/frame_000045.png,444203,88cc4f554ddeec3204971dc818276a2f3ca17811,6dcb8a4157b6129c4b05df60cf578b1c0c334485507e73d418a7dbfe9f5cb8b8
work/video_after/frames/frame_000046.png,448454,17f15cbcfe2d6737d9f9d0ab7ede4580e6e359f6,1f841b4528e5d8a7dbaf0965db573f80cb128340beedfc62ee7af29ee2a1bd8e
work/video_after/frames/frame_000047.png,451612,9e8d3977edc2789499a473a3c1c2190f7877b627,dbb35fe5b530af2d2916f869a04809db0fe4849ae11ac1bfc9db2f9a74ac76a5
work/video_after/frames/frame_000048.png,454215,a34a588e1b07ba268a41838a1d81127cf04966b5,bac10a67312ce27ff7838395c1b2bf346fe1038a85fffd252d57b5f991068270
work/video_after/frames/frame_000049.png,450550,ce4efe734dae5ee781d3c27c3a96522d42cbbfeb,9a22614c9a070123013f2ab78560959714b015836482c70cf24094c2cd23d1cc
work/video_after/frames/frame_000050.png,448620,c957e70a4c030e0c22b1e8781ca834f1493e23ca,ce6fcc6cdf163893a3192284db752aedb8402b05a451fa151565155925246f63
work/video_after/frames/frame_000051.png,454295,8b98b9a65a51f6e164bb6165cecf806657364343,8bf1087773ff8c3de52ef9923df53c072585ed154fa645a93769f43a8cb04a41
work/video_after/frames/frame_000052.png,455241,9f943f4231bf2336563be76596e21be7b18f669e,1a7837808d1b85b83de0c9026063fdfac8722776a342a5f446430e312a5c06f7
work/video_after/frames/frame_000053.png,452628,293fc3466cd633cc1f6e7524000726595977c4c5,d052a8e7c375f5180887116a1933df96b0456be3aae0b96660fff89918ba1fb9
work/video_after/frames/frame_000054.png,448696,582c1ad262411e3c3086a3a4c3101c55afc9119c,d73fb4c02b662cafee07df8d7302285f641f8bf959771519239c12acb60ce314
work/video_after/frames/frame_000055.png,445163,7f969bb678c29ad6438af4678b87062807f7d2b9,e35cd2a25bbbc8aab94a2679f86c2406f62c20705aba97ad21853182d3452bae
work/video_after/frames/frame_000056.png,447683,ac23524e458320b76696293522d47cd682400074,469c40b40d6c69079985c0e05fc4fb3602dd5879fc9b79554411ebdeaa776598
work/video_after/frames/frame_000057.png,451970,1edcd53312cf455a7b076da58d868df3c4b5e137,307850d48318d2e374bb486c2580777b5b8153dbe12158145f8fa12465c768e5
work/video_after/frames/frame_000058.png,446964,685fc0f2c91562ff690a71b26cdef33a2873b47a,99147af9cc072cfaf33ab9ee959f18ea822f379a0f453d3921ed52ef578cb747
work/video_after/frames/frame_000059.png,443896,19b88798de5b0f7178b403ce1ecca6668480d8ba,ee30f733123699931a777a48f597e7e9c04b519df22a4de1b9f3a363be1a80eb
work/video_after/frames/frame_000060.png,445969,15a0323dac280e3fbb19de2d453f139e9cb72897,65ac5366a39920fcc2671f68d3bdd5c71f9e24a0918843b6ffea166f8efbe732
work/video_after/frames/frame_000061.png,454968,cb752e3d5ffe690987d6adf75d3f0b315002376b,2bb8671dd8a332a057cd062dd4f7bd9d99cfd727ef5e1a0684ecf3a5224c0c99
work/video_after/frames/frame_000062.png,457628,0f972a6bdab60d1bb1610d4291f9bf723a959ae7,d6665e3e807c8dbcd2d982c76076de94e90e06106aa2677db226b45561243aa7
work/video_after/frames/frame_000063.png,455013,a72bf546da03504bc2f7ff71250588510a2bc070,0e94abd102b098bad4ade4d4ca3fd3a7a7e5d48f9bd430d0806eef89c2b4c65b
work/video_after/frames/frame_000064.png,451554,d665f1cf939a4b72d2db6e0300c96403565284af,a5c2db75b134abea478cec3300118ad34d4e2c713b61716f582ec636e35c2434
work/video_after/frames/frame_000065.png,451649,d01d91e0d701f12680e65e13cabeafa608660218,4b0ceab8c5251fc2ceccf58329618a64cce77823b0d8d0fa8440931f39a64cf2
work/video_after/frames/frame_000066.png,453111,dcff312a98d5c936c9b600263b7bba7040c6b48b,680aa180e0bed4cdfc932311d11c066ae1236de7d468511118232b26f6bb8433
work/video_after/frames/frame_000067.png,451650,c4db5cd5dd9b99e990e6d39ba15c2662b5cd32db,f189f547be81e403488162c3aea2c15a94b95472f5afc5578116337f6b17ed83
work/video_after/frames/frame_000068.png,447377,55b58347375b1f373a7cbcd2cebb3e1ed20ff28a,36502c9067ed3929f5fd0b886bdc898dcc1c614f390c154ca4e9742c4ff1f9f2
work/video_after/frames/frame_000069.png,444075,e3949a577ee10c98faa74ef83f3f175ecb2c65b2,3c1885bcb0540d55c4ba724e87bf9eb41bfefea158450e37ebb33f2dbca3c2b6
work/video_after/frames/frame_000070.png,449346,12eaea757ce6b22d58e64b05066fe31683085a07,e5639d6c095a8e6fe4160e682e4423309dccf7ff04dcca3933db01301c659307
work/video_after/frames/frame_000071.png,450142,dd90c000499000f8a2bb9ec2d08d7a3594baadf2,be4fe4e94af15fd1bc71bb8eb2a46e9b5c2fa24cb4aeec72e4602f6f0cc34394
work/video_after/frames/frame_000072.png,446410,4c68bfeb6c99cbf36cb050b5b08c6b7c79a51d74,7910860c5bf87ee63f918b6b6225e1bea32bdc40a91f7a87ce414a810057425f
work/video_after/frames/frame_000073.png,444890,f839c0c0d1145a8b317ce05e64eb4d0d55c868d3,02c27854cb40ac1432cfff7a5d412821b0698968b8f209b0b3b157453ac40407
work/video_after/frames/frame_000074.png,445715,b67fbf29f83d599faa54bda65dfa0a27095e836b,9d9f7329eb63abbc653dbf07004819cecc399df68b4ec77e35ac31dc2dc2a518
work/video_after/frames/frame_000075.png,451428,ef482d6f9f0e0757d80fa648b856e1748991ece4,86b18db7297530a798085a8620479db7e10ee6a342ef5a9fccb827185e5814b2
work/video_after/frames/frame_000076.png,453815,fa63f4e54b9b0fc501d26a3b363399dfd5caf73f,0ce5041516a5e102da7150ca9d16dec79cfc10c3374adc3a467fe52f71aa33a5
work/video_after/frames/frame_000077.png,451140,2f49d28f2bb45a11b8fc2a81cf92bb2002f9cec3,a6a7ee4e1c3649ab49cf0a497985f3bcdbd78e816a057902f7d0951964ce0c10
work/video_after/frames/frame_000078.png,450476,6670920c56da3ef1cdf2af505c5001cb79752371,2de905a77706b68741460625196b37cbf532f60e791b13246e73f0545e290f16
work/video_after/frames/frame_000079.png,451911,ac57d88f484fadd048258a2a1904e4af687e89a7,4cb99e64af09caeb1c8e91b01ed724327c8331efa409b88dad14cfe36a317ce3
work/video_after/frames/frame_000080.png,454610,53e193a5023d33dab9ae5810a9b5a780332fda8d,6cfc18edaad003e33d403345de5a453466195f8bf3da4cd038a40763094b2831
work/video_after/frames/frame_000081.png,456739,81a2981734911d32aaf6f28ee10cd40e6318e2ff,dae64f035df64bd38292f47045e1f320aa3b2fe925d8520544cd9770ff3371eb
work/video_after/frames/frame_000082.png,455680,9e0029c0b0bdff45ac4401c13db7c6b114fc8c02,39cad4f30fcef0df0e61a922d0fba0ebc4d8b4785c817186b40e678203adc934
work/video_after/frames/frame_000083.png,449698,1322663623e9ba1886556dbd938b9b5bd3baa489,54a943f284b167d6936c14a48833ec438863026589460176280816c3d3052f0a
work/video_after/frames/frame_000084.png,452749,f61452f280cea4da7a8147821859b0ca56491fc9,45551ac369a76a5d2a7ff22cec74ce7e4716dcfa6165a077e0720e77f8037c39
work/video_after/frames/frame_000085.png,450163,c6e0a1d35f4c6764ee44f21e3acdff0b96717f32,54a77ce63260f9d1261704d40e33d25377e234ea10052afb7c2560bc9d6abbfd
work/video_after/frames/frame_000086.png,448055,31b8a4a5e3cc8938d0bf1a980482ee7c4269b8e1,de409f5690a870f908b83d0dfd85d3edd928ede153f4358a5e10cd542f43b161
work/video_after/frames/frame_000087.png,444720,87f2c4789206fc84fdd48ede024b836d8cef2cb7,d65bf8ba38ea74b493c25dfa57dfd90d1c88fbc9a028d58e5a2ed109b443e4d5
work/video_after/frames/frame_000088.png,444484,904df409f0d2dad3d2cec7147303238dc8f29faa,cd9f8d3ffe1a0e8ec0c9c8b91c745d61df320c1dcdabfa1a873f19ae63169385
work/video_after/frames/frame_000089.png,452178,5cd1cdacab2e47e3b4a5ef082ab937c0922e2ce1,3b1707327f393aefa40762354c047a2beafe0f14f507b4886e7f6b0f4b54c0ea
work/video_after/frames/frame_000090.png,453533,9b55bc2752a3407245e9901112a80c545464312f,4a02829f9f2883a5acbd9bd75d5ec88cb1f72469d255641778fe3fbdcff19a71
work/video_after/frames/frame_000091.png,456315,dc2847da5126fac3703ddf7b93bbf594a9d7513f,9463c2361bcd80464d918ad0639f2409ccfed85084f9a59d5beaa4b2b144ce14
work/video_after/frames/frame_000092.png,452474,65150cf3d68afd9e7aa83b50676c1598ba81f663,04062216bd4e377eeaf013dee01675c2378a12597ed5fcafa087e5f87a3e3af1
work/video_after/frames/frame_000093.png,454138,be946a7a32ee39c04dbe9b4de023b551e87f0b33,197f2fa28c28ee9006672fb17f85224c08edb5340af10458c831acf27b7953ee
work/video_after/frames/frame_000094.png,454853,0bd7d6ab61016a76f9512e54fc911da94d30ef9e,6b383f0183847ef33949a1926ad6ec0241cd3644d7b9b2e895db7f79a173ae00
work/video_after/frames/frame_000095.png,450721,5ac48ec53e85efbdb616bfc454cd57f865de94db,549c196730f2dbd9218defe78d2757e71aa2e70b9cc62e0e57262c0a04543ea4
work/video_after/frames/frame_000096.png,443598,71033b724812d983f68e1e56ce8b98a274ffd143,5ddaf6d080084d920db68c3aafc2619271d15efceedfee7c5da5668bea78416b
work/video_after/frames/frames.jsonl,14906,de6b8cda51b24a13acdba3843628d42d98bbcf5a,4e54f4aff5d285e992170feed08c6a9efde915fe33c16bec7867eec28c2187f8
work/video_after/override.before.bytes,315,57a4db3f9d40e03b4b00f44ed147468034aed8c1,34076cb178e6e74bc0cce99328e44f147cc64fec2da1879c2bc0f64c645802b0
work/video_after/qa_source/actors/player.gd,37736,22faaf03d9fff280d47c8d908ee43c50ef2cd23f,26c05f3b295e79e1a4893519d94b4a84cf326245f522238d8d3545d7f8777f90
work/video_after/qa_source/actors/player_combat.gd,112356,088bd133274f51d173e1359bd5a44abd38579cca,8f12461030d5ee7aab66331cab635c115a2e2c2196f1ee2293d909a48fe60626
work/video_after/qa_source/tests/e2e/e2e_runner.gd,24439,a1930fd4d3625d5cc96286140310604d94ccce83,dbd223982f5f8831ff3e77f6b96963e315a294b6fd3de254e61194ada39b7967
work/video_after/recorder.gd,2077,c84878d905b86bc9421c2bf8a3059e885e458ece,30e47dc658dfbace6885c1d9cb1d9ede8672ae5f1514c0d4362a316b729e6ab6
work/video_after/stderr.raw.log,0,e69de29bb2d1d6434b8b29ae775ad8c2e48c5391,e3b0c44298fc1c149afbf4c8996fb92427ae41e4649b934ca495991b7852b855
work/video_after/stdout.raw.log,9565,37d0911af4715f7d9a4311c437e7f30ab7e2e609,16c1500f29b12911b966a9a7f908d6368930408fcba5eb05a7d74ff21590a53e
work/video_before/564_before_motion.mp4,394595,b60a890fb35d6a190a0790d694a4b11e8de7c65a,c82bea6e840b82adca32232a3382e3cbc8877ea466cb5f96b43163a4e4a96795
work/video_before/LAUNCH.json,1877,9fd272d0a00430748183fd0ba0cbef8ae97a38f9,27c70bbf55a7a9e6d46734fb2138cb5a02a1e2d421127b616a3da88619ca6c0c
work/video_before/POSTPROCESS_REPAIR.md,1327,0c8ba361f684ddb05c85a7d6971f28190a5c8197,321f2de6c3c5d302bd807d0d968d667aaa330f9fb1032e673f536a9de6e9c8a3
work/video_before/RUN.json,2060,1a5c57762375c7cb845f68174c0c67c1dfa6f187,e2ad1241a47782ff18f579cd47154fbf924b692f63795266792ff234aaf01544
work/video_before/VIDEO.json,31458,4dfaaf720788f48d31eb01a269dde9153886afd0,772ffe9d4a429088233a302ef3d33ecb7ce055ce953957793bd94f3e93280fdf
work/video_before/candidate_source/actors/player.gd,37736,22faaf03d9fff280d47c8d908ee43c50ef2cd23f,26c05f3b295e79e1a4893519d94b4a84cf326245f522238d8d3545d7f8777f90
work/video_before/candidate_source/actors/player_combat.gd,112356,088bd133274f51d173e1359bd5a44abd38579cca,8f12461030d5ee7aab66331cab635c115a2e2c2196f1ee2293d909a48fe60626
work/video_before/candidate_source/tests/e2e/e2e_runner.gd,24439,a1930fd4d3625d5cc96286140310604d94ccce83,dbd223982f5f8831ff3e77f6b96963e315a294b6fd3de254e61194ada39b7967
work/video_before/capture_wrapper_original.bytes,7995,c4a1225c799897f1f63629d129d64a35f9cdb652,68aeb1945937ffdb1d64e085e38e3ab5d6695aef110cb123830dc4ac223de1a9
work/video_before/decode.COMMAND.json,379,62438aeef8363c7d8faeef8d0c7c1f5b023c4715,234cdbaa1abe4e16b7c665e35223c63d5d7d290e73e2412332b853bf84cef5e5
work/video_before/decode.stderr.raw.log,0,e69de29bb2d1d6434b8b29ae775ad8c2e48c5391,e3b0c44298fc1c149afbf4c8996fb92427ae41e4649b934ca495991b7852b855
work/video_before/decode.stdout.raw.log,0,e69de29bb2d1d6434b8b29ae775ad8c2e48c5391,e3b0c44298fc1c149afbf4c8996fb92427ae41e4649b934ca495991b7852b855
work/video_before/encode.COMMAND.json,645,11fb548badd57e7ec2d5eda40735569f974b4da8,ac7b984f9839b745ed2dc09c6f72dfa000989424914c978931e2ad52c8cfa296
work/video_before/encode.stderr.raw.log,3456,846e0c8a2a30f7d817e8f1ad9e66b19bbac0913c,e61f117d6098598dd9e8287423dc2566b2ee09e98a018436fdca39637f0f0703
work/video_before/encode.stdout.raw.log,0,e69de29bb2d1d6434b8b29ae775ad8c2e48c5391,e3b0c44298fc1c149afbf4c8996fb92427ae41e4649b934ca495991b7852b855
work/video_before/frames.ffconcat,11836,314081d30b174ab8c544a845695b6be59006a4cb,0a62785ec27b44ed94306ece42b27d09e30409109f8271b7eb2aae150b21b7f4
work/video_before/frames/frame_000000.png,453459,3d0846716d727553466e0dd23db692905d1e66cf,102a985d367e1814fca3be9f47cfc5245eaa496e70f321be60c37b71726711ff
work/video_before/frames/frame_000001.png,449367,e9a59d24d243188057b82b0346c1110c7d57f649,86a41729445df828c50a044ed3c564329e70671624c8f5488544cc4c99cd2170
work/video_before/frames/frame_000002.png,447226,3ebda1e762b23b6c73bcc18aa917ee9c02189b00,56091fe24776cfda2e17d97802b9c87dd3762350bba3da983122c227c6773c83
work/video_before/frames/frame_000003.png,444978,f0e6f63e6fb4674a3b269d5e662eda536caef2e1,7cba4e0b309bd4f8ae1018cd40520f202d6d2319d8e9aecb20a20b968876e6c1
work/video_before/frames/frame_000004.png,448522,831d0ce8c5a80ef995bbe18c2bcbe623d6a0940f,18938fcdf748ccfae1fd5c10474bc6ce859c8833f079eec0357a40de3facd794
work/video_before/frames/frame_000005.png,451593,f3364e3756eb8cc5ef2a822df77b7084d85b214b,48327a91927adecf75c7f3c015fe62342f9e23e5c9fe643e032108474497e3e7
work/video_before/frames/frame_000006.png,447523,0a9ad83e5d8c27ac1558bbdb55e2a555932d34d7,5a30862962bfeb879f59e24b1446eba8139f1859944ba37b91d2e8ec96f757e6
work/video_before/frames/frame_000007.png,445242,242c06a89df22bb1eceda35cfb9d91aed0687821,a7b9fde1912114ea8b328e81d2b54d836d33f196f63a689c9df1a815b4f89003
work/video_before/frames/frame_000008.png,447660,846c01f1bc8b5a71362254061039d7e120042299,d12920a5482e40d5886659e9adfa2be4a356ae8863d5abc2868d8566c3cf8355
work/video_before/frames/frame_000009.png,450288,fb9aa1a72f34a3cf4a09d5c30e81de6305d35775,46affcb7f7db7a324ef3a71360ff2fc58b71bad80ae2491481d78287abb8b955
work/video_before/frames/frame_000010.png,454289,9543f383297379444049f316a75b019ccaf57f2b,0043400090a3dbfe34f1c91ce1f58a2c516329d4580e75bf431e6e6600125f76
work/video_before/frames/frame_000011.png,451943,3abdef32a3f63d274ba70fd4b2ef3ad36c1d67ad,4e90c8dfbe0528dbf7140857b23b53b643eb3cec156f9b82880b7c69b702c9cc
work/video_before/frames/frame_000012.png,447811,a60f0667c955953b11699c725757ef907d101dd2,003cdaf726b212ed6e5e57ea4c7fb2f7d6b1ef705f1ae009fdaa85cbd1d6c9cf
work/video_before/frames/frame_000013.png,449447,e132f94cf8dbadafc1d705d3b744cd5a56ff29c5,c3b3f2e6ae359dee039f6367753d4ccf40940f76258239dfcf5564e0ef85824a
work/video_before/frames/frame_000014.png,452662,42cfc1f33661d3a3d5d6c528f610e9e33eff1805,ca4c77577886ea494aee8d70ca5cd956c22bbb29ace2fb6f6eeda55e8d565e93
work/video_before/frames/frame_000015.png,452115,22fda02b12471526d1b8d06d1bc64432da5e310d,bf0a5085b8749e3b61b3c9f385a6f7db813d4712a99e6b316519c81c348cb356
work/video_before/frames/frame_000016.png,449999,524cc4ea3ba81cd0f7ad042883c84b63fe04af8e,ebdb383f764d4be15d73631f0ba772861da98644ae6a8dee42597b85a7a82d68
work/video_before/frames/frame_000017.png,444402,23eb98595d31a6d6274b8da71ae10b74bda1d62f,63ce5a1a46d3fd073608356d1fbd1dbdc10723f81a169bcfc1d2cfd506edf2b3
work/video_before/frames/frame_000018.png,443148,8c419df0ee96968f37b13b4ff1f7bfe2c0906854,0aceca30f7c0aebfd28a2dd67db8e38adc11b1a5417244578411209e8781af1e
work/video_before/frames/frame_000019.png,449009,7312b0712340f7ad1b9471b2ab87b12917eb42e8,4e50b2bed13de5fb047d141b7bff324d628e2d9622495f622b68be4c33e753ba
work/video_before/frames/frame_000020.png,450761,30882499c8cb97b40d76babe0cd9f9f19cfb2d50,14cf0e8a116916b7fc24718e058e1a8dfb2c371ec3ed3d834a1179189c72eac4
work/video_before/frames/frame_000021.png,448471,0dc6c10b96661367f3e9d6a2033b72ac851d8ad0,2bdcbbf15ac17d4f55834ed75f2fe5f76665b2521a6bfbe918d3c77999c5e880
work/video_before/frames/frame_000022.png,447795,8d11ecd53a6b000d463c33b6afe107272469ce05,a04019e58004d5e83bd5c9542b732d50c158fee2920444827d7a1bf8ab53c02c
work/video_before/frames/frame_000023.png,447318,9dfd39fa34f341786626b2398068c23e5c1fa2a4,5ca8558e71ca9e3e0562b37039993f8ae293d9c2d1fc0d12cce7ce98cdfb7eec
work/video_before/frames/frame_000024.png,452608,7d01b661f34a4c188399b451b748a776fd7f6324,400398a6bd1c7f23ce89062724acdff55d6c74b649c8b7992513874e88786d62
work/video_before/frames/frame_000025.png,455947,b652fba016b2e70a58d593566f3e9f64a9f8f192,728ce1e1441085bd97a8e5cee2f5888ebd5600781c8e5af55f72d270f16088e4
work/video_before/frames/frame_000026.png,449675,d594b84eeb654586cd2058d0f88c0201e224728a,452dadb25aff4565a5c0b0a06954bcfdd02123ad194fc12ba974bda89afedd37
work/video_before/frames/frame_000027.png,447332,43dd9f7fe0533b391ff88c0cb0647cdd23dd28f0,054ab7182530689c69e113a2ae0d95d95e61489d64373e1dc7721bb71d510fa3
work/video_before/frames/frame_000028.png,449594,8460f805aa98fcb03df6b382f9c76e229aed298e,e56eeecf4ad76982ffd3da3d5f4ac94eca70525ddd4b7d21c38a4190e78e4a86
work/video_before/frames/frame_000029.png,455653,e8d35cc9ccaa019d2ddf6d5a0b26634180edbaca,6db29310434af6b985cfa0cb76920672323fdd9e92d4f68d127860f0445bbe49
work/video_before/frames/frame_000030.png,454486,2c268253afb35921e5d3d9276d27531c1beb737f,d5db6b7e3fa308b8d045e687459cd0d0f6d3925e31258e1c69356e97014ce4d5
work/video_before/frames/frame_000031.png,449655,0a868b27ac7d67d305f01d4adf49439269de0cf7,0b991d1f7ab46345c9585acffd368867ab558578546670ee92b09373ab9cd818
work/video_before/frames/frame_000032.png,445422,705dfed50f89c7f3b0d679023532feef9d315762,cf9838fa05ef446c0e25cfb555c66ae5ca37fefc036848866871967c42527b74
work/video_before/frames/frame_000033.png,450038,d694e6019261236adfdf9c2319e8b2d466761f4f,21cc34dcb6af78c79dd6c11a7680e135839efbb293798e561642bfb83d913642
work/video_before/frames/frame_000034.png,450093,1ea9084c3e757136d74329c59c112c9bcb8ac605,e6f1a27f11883d61537963eab818446b7ad0787426aa2f2d98ba87c376503dfa
work/video_before/frames/frame_000035.png,449093,800614aaf875df6f43da60aaf2aea9d4b14e3281,4d25eb2243230cf8ef7efae521a9e766662f644ac141ce47933f5cd2e4387719
work/video_before/frames/frame_000036.png,446019,bc420c7dc8dc9ccbc1f310bdb5c66917c6efb225,0d01d8c798080840c23d75d93d72c5b2964fc395daacb16eab444b2481a1c326
work/video_before/frames/frame_000037.png,449546,76c0eba9f46c45ab2defb48d0aa78db83bef4ec9,7c51a33e3d03df32d0a504219b86950377c05c107a9551a5e5f01547440cf6ae
work/video_before/frames/frame_000038.png,455449,8822be9fb8a480cba1ecd09fd9316713e40bf724,84679600341a03a113df159596acca857f215d67a4b4396e53270c7bce436368
work/video_before/frames/frame_000039.png,452431,667a28613398ae051b32bac37fcc249a1c2d70ad,12cbe6d0da77a238613b4ab8a8ee59f01ba5ada804c26785c90d4810f03b1cd4
work/video_before/frames/frame_000040.png,448397,d04a9ac0bdb0f37ea5431f37015252558affa855,a6fd9d8465a97ab34625d7a1e3859424c355ea136ed3bb89e70c02b2a1800d32
work/video_before/frames/frame_000041.png,447257,198445cedac37764548b7268ac29e3644bafea41,fe627a335f0a1eb5ab65b306706aad3112f2b14ae7ec4654a8a2a9b01e43b18b
work/video_before/frames/frame_000042.png,448633,21f253f928d0d8c31a4dead8eeb260ef683f301d,995cc5aca82a635164d44f85aa33c65984aee815cf6d27cf8a1079169b90b6a7
work/video_before/frames/frame_000043.png,452422,8944ef766f540e663090deaa2099b30a577cb299,6dda3691c559aa2cb10c53b54dee48273905da7cc41fb5cfb1c048ba7473d2b2
work/video_before/frames/frame_000044.png,449988,94d71ccc09500ad048039254f77504bd7812413f,e4fdb14505e863c2f34236f00ef04e7fe509a4ec47ec4a4a19a256422a29aa40
work/video_before/frames/frame_000045.png,444294,0f8f1c2e54327f5a539c5819f88db816bca6b8cf,2058cd026feb8a2934304a9b82e9c692d640dd337e4d2f71f90b0a380eca9795
work/video_before/frames/frame_000046.png,447381,17fc6df9eaa53340a895774dbf35a747b1f924d4,2e01e01d40cc641a3c7ee7ce1cfa5b6729305e3b872d1349d2efa103d98086bd
work/video_before/frames/frame_000047.png,451395,39bf6b04b611bc0601c2fe98345be7e891fdda55,dc82dff3b303ddbe8f835162c806ac2201325f660c7c07119c8592c9081e0fd9
work/video_before/frames/frame_000048.png,452684,475474fb333d705b6fcefa670357adf3125a0ce8,4da14fd236429032a424848f9202ba96f7692d59edb83899db2021988c0f6ee0
work/video_before/frames/frame_000049.png,452495,a437180dc49967bc4d95d28512b5c2925c9ef6d0,247cc3a01bfd987d5ed61cc75b2efb6cfccd1f21ed1d3729ef7a074593491afa
work/video_before/frames/frame_000050.png,449521,d1ad276a08ef28bd447ab357f7518abb498eed1c,8566e2a6d2e9f97faaa920e1192064a57558f09c9c94f20276089985f8bb39aa
work/video_before/frames/frame_000051.png,453138,d6e539b4f2aca10e857e126fd4774c7c6711bcd4,8dfc1e961b98f80e3b935fe638c921eb57e98784541dbbd68a6d4b14ca6e8400
work/video_before/frames/frame_000052.png,454999,e413b561d8d0c36052f837d00daae0c2703a3787,7165ecfc1370f924c96b1d756d1888622db6e37ab5aa511b66038f4a663684f6
work/video_before/frames/frame_000053.png,452490,1341b0348d8d0a5b1118dd4af34883bc59d09a5a,e4f270e313b1f23ca61c3cd5acb8b6f6444cbe780c788dbaa98193c017d3f855
work/video_before/frames/frame_000054.png,449413,d0dd517cc5cf9683413d3fc57255f150d52171f9,5eaf8a1b42d468edac3c574f1a386c5e5929cff88f0d0b4981f05afab6109dde
work/video_before/frames/frame_000055.png,445623,b3588238bf4a5d1721088ab4edcaeb65827613a2,9b80cd2f3282431f15cf90846b0337f6c8101cef925553c17c7397db71d6286c
work/video_before/frames/frame_000056.png,446831,47bd2a31b45a138c266123e733e406e47196cf4c,44c9381fcbc4c37a8c72b335a2ee714a724ebfd3b25094bf0230a300fda244be
work/video_before/frames/frame_000057.png,452080,2c695d5a8a003a19b0fa9abcdd1dc56f1c0c46c0,dbd885ac0c787a9cd5729be8b74c0951c1e00491635f1c78eaa7cfef200faa7f
work/video_before/frames/frame_000058.png,448205,1c604f6ee2c6b0fab32fc8d9124a808f9ecfe8eb,cf8ba956e5af03d1ddc2b9a3c4464e534cf6d5b2ebecf3c3350cdcdb2ad876f0
work/video_before/frames/frame_000059.png,444361,b5ec8f2f7557a8759dd38e56ea26f0ae30ae3896,7442b6a0a631e48b30487970d0e334dd29e8dabc68d7d919296725b40d884f38
work/video_before/frames/frame_000060.png,451701,a84045a39f4f7cbfe164810c151e9ea7aef6746f,fe2b4def725195f877edd7cdddb8735763f8c290458fececf331b252654217eb
work/video_before/frames/frame_000061.png,452933,82d61a2b6e5611ea7f7a9a26d6babfa06f2757e4,9073c915fc1be89788d5352653b7732d65189e68a42d90dff22da8f5b193d89d
work/video_before/frames/frame_000062.png,457256,3944be0572ac34a4ce6e1ed579da91ad35263d22,8b15ec81ca4387b0a74835e72a9908cbd66ea98de124969133b4388f2be134e9
work/video_before/frames/frame_000063.png,457190,40a6e7d235690df6885df6cccb87862316a1b66a,ac148b094ad9bc3b3230183f1556d8ce2da99315fc0c929225b2facc0658602f
work/video_before/frames/frame_000064.png,446399,ec42db5b603b7ce21a3a665ce723a3a1c316a7ea,98fba99ffd6f1d883bcfe2714504349ce3efe9be8517395a5f97733d7028633a
work/video_before/frames/frame_000065.png,451197,0c2b29c99cf788acfa8ad44f5c1247fe4812e24c,99efcb4bbeb611f54ce22c738ae9c91420e045595bbc7512be4d831cf409ad86
work/video_before/frames/frame_000066.png,453309,a9e756ebeb342a7fdf0b5670076fdbef01f5a334,9a8bca2a5809792b657bade25d776fb2cf7ee778565dd51e85c0e66f8e4c82ad
work/video_before/frames/frame_000067.png,452026,fefac6e71906443a267dcdb72d54557382caa1d1,5da84f111be7172b6eb64cdaf0de058986dec01e78cab4c74faf0ae1baa0e7c9
work/video_before/frames/frame_000068.png,447700,a29fb34137b96c3623ce4d6ce86e317797308eb8,22982c5404544e2678ce5bf94b179d9897a3010bea4a811d6a0d4a679d5e2e1c
work/video_before/frames/frame_000069.png,443673,11905148f0623b4e102587fb1ad7940ca1469f4b,0ffd58407af198f1a03daba55299a117f007bb31309bdf1f77785e3c042db93c
work/video_before/frames/frame_000070.png,448315,779dae08ac30d9ec8e363f41fca683cc452787b3,4fb7d6132c29dce2a0d2abf95cd24a97edc6aa2149252600b300328d379de482
work/video_before/frames/frame_000071.png,450347,2d73f12b92caeb1ab12dd2fe6e8be363c7fed9ca,04f8052c194e24839d26a3e0a929324398566e2e77e75bdf349dca5cedb21889
work/video_before/frames/frame_000072.png,447121,7a788df58235ea0f6ae7425d5ae07635a79c557c,6a435563251ed5369049583f0babe8206025319dc42309b2341aed240eb15763
work/video_before/frames/frame_000073.png,445125,1f1a74e90d3b89dfecfaa4a9986026705f796729,de7543ce2e6ba93c761a8d2e11370854b5c0915c80e0ae93ec3608c0e6e96b0f
work/video_before/frames/frame_000074.png,445282,d460ef34ff04a50b542e73e9589ff3fdb12f19f8,260ad6bb08e22c0f9b4ae5fa6f8b9710422bc33a4c6ba9db985e527dcc1e89f4
work/video_before/frames/frame_000075.png,450155,790e45eeb7031e0c626bf723adc046fb86aaf5e2,c8957813dd0e26c5350a10107c83063d9bdcfbf5fa9a8d0f7cd3b669d1f342a8
work/video_before/frames/frame_000076.png,456353,8d4e68f77511da5e29d070ff3c891cc59cfe0f2f,8eb0cf166b0dbe124f05b289d92acfc844b37d7a2cdd53951d40dbbfbbb2df51
work/video_before/frames/frame_000077.png,451751,8fcc758fe51a89f386b5f282d977aa060f299e9c,37092b441a81c4e69ccb238e891d46fcb9653fc6cbabdb70a1405a945b3e4ec5
work/video_before/frames/frame_000078.png,450100,712d7d06ca87dbc8a968bd73b91c0d7ddc350c0e,3aeb4dfcc2515b314add728a2c8d54efdb2d3e3893a1098b2ed0d8bdb55dae66
work/video_before/frames/frame_000079.png,452538,b646cc183ca819feb093f3b260e3a1f6cbc2b365,39961978af482598db1f413ac6ab3b6d4fbebf1f1cdf4adca29f42a4c46ccbd9
work/video_before/frames/frame_000080.png,456500,c1ac31c998d3fd6c592a48d248e76f8e63466389,494a19d96ce2baf7f39b770e5ced26fe9b9c4cf8387fb1496f149c97cd09bee7
work/video_before/frames/frame_000081.png,462569,70bebfddcd2be26618db188ea430ace346bbe022,495b08133591315ccda81b3563f8826b0f6be4188a2b1b9f68cb2dd4cd6978cf
work/video_before/frames/frame_000082.png,452707,3f548480787a4d05f7f6d5b2189edfbe6a536348,231f15e41bb26458b4f4d00bb20ebcad1b3e96ff174766bd616c3f1a658e0e9a
work/video_before/frames/frame_000083.png,447471,4ea666db81cc949e7071c2cce4d00c07077bae3a,86cdd3283b604acf19e94aff16a18d3a64582866e699ede8307788a92ddc6e65
work/video_before/frames/frame_000084.png,448886,b337543f9b755d97bfc2eefbd64a7d7b2d651e02,2c5b27e377a45339e9bc475172ecdaa9eafc612e1eaab52aeb3d0e8c0ad742b2
work/video_before/frames/frame_000085.png,449246,d003b47f4966f288377d2337ea7585dfaa4219a4,6d64e67ceed037593da446ad90724a7dbd70cb9c11dc8749a233a0a0ca4e65d7
work/video_before/frames/frame_000086.png,447490,6816c8089ee6a3bdee422e87f26ec8dafe66236b,aa6db875852118c042cd17fcd8de442100db4684b48875ab31d4096ce8189bf7
work/video_before/frames/frame_000087.png,445987,7aea96abc93a1117c01ad0c726eb676cb2542267,070025b7040a7af79e6aeaa0e0efe1b55b34121b069c4af948fb9b5072ec5a50
work/video_before/frames/frame_000088.png,444250,493cba46a0447e73319012282e06ff861bcd59bb,02b528c972169fd1a7a84c2244a8756337a1e2aab4b1d05ea40d0a74dbecf601
work/video_before/frames/frame_000089.png,450595,c55d1a1e754ba0a0db02e954992aa7975117a0da,1471a0a43dfe05107491ccc28cd823fc0f0957cd9ec5e9ee42cc39fb4dc3043d
work/video_before/frames/frame_000090.png,460241,9c1d0cb15bccb498e3ba3f2cbf7dc7e6ebf8b95c,85606c468476a514ec597053b43b45a027e9d790f8f221134508c9037c4b0256
work/video_before/frames/frame_000091.png,454507,c5b383d08e5555edd48199b8d13815e3eb7d0e67,3de5f185e19b7926435c2e0f145c5df48d806b199ebf60b10ae320b92a0b38cc
work/video_before/frames/frame_000092.png,452737,bf544f1cf9650d141eea5e54be1c13a8c68a5bdb,4a42298d50429d6aa86b957c735ec293dc5932364f884650ad986206ae9e5a75
work/video_before/frames/frame_000093.png,453941,e4fe7c9c6367719fd0bf9fb4926d6f086fb25fcb,e7a0b55f394ea05e9184fc420ae09e76222f4646662544e3fa3c25603fe3cd4f
work/video_before/frames/frame_000094.png,453944,7837387dc121549aea7747d3cfc0435ba53a12af,b81b8d2d7d6499b9e5e90293f9c8b12621cc925269768896fbc40d9c8d30a16b
work/video_before/frames/frame_000095.png,450580,ed03f5cd4bb4111eafc7ad8ba6df4cf27e36c80f,8eca16f631507d2bd0aca3aadc47bf5e561d577361eb69f0814b343ce4d24968
work/video_before/frames/frame_000096.png,444021,cd6fe54b641558cf146e5947a8794d880a0c1983,146af21b8b6cf46d7d38239c065bdc0c444006604cdf48d551b57ca4ab596ec1
work/video_before/frames/frames.jsonl,14908,192d2f8f496e536c13a8d9c214d138373c7750b0,934e5c60bddf38c67029f0154910c960fbc8d7cce10ad452ea4781b6d73dbf1d
work/video_before/override.before.bytes,315,57a4db3f9d40e03b4b00f44ed147468034aed8c1,34076cb178e6e74bc0cce99328e44f147cc64fec2da1879c2bc0f64c645802b0
work/video_before/qa_source/actors/player.gd,37348,300bc49c5b7535c3cd4c8e332cb5e6992f04afaa,bdf9754e16d1ccfd544c9880944b4b969417daca082059eb9dd619a5e38669c2
work/video_before/qa_source/actors/player_combat.gd,109102,8d3ed999560d50ae50132c62be449058d32fcba7,5a9e551f55033eefa607dd6212c59640c2b01521e9151a90157cb1cac91ad086
work/video_before/qa_source/tests/e2e/e2e_runner.gd,24115,b9130ce559dd34918ec609c7f2538c11c2fba396,12e1d593b409972fffbf868a8e6692b52f6a0ffd26fa8b6256acb6723d5b820b
work/video_before/recorder.gd,2077,c84878d905b86bc9421c2bf8a3059e885e458ece,30e47dc658dfbace6885c1d9cb1d9ede8672ae5f1514c0d4362a316b729e6ab6
work/video_before/stderr.raw.log,0,e69de29bb2d1d6434b8b29ae775ad8c2e48c5391,e3b0c44298fc1c149afbf4c8996fb92427ae41e4649b934ca495991b7852b855
work/video_before/stdout.raw.log,9571,d79c700fd09be3de07334ad731e679fa907b9c3d,f156860b625c22876c46d534fd800ea81bbb47eeb13e3cfb5395472e2acc0aa3
work/worker/20261002T160425_660666Z_read_docs_design_combat_clock_536_md/launch.json,325,a27114786bcab97fe44eef2cf77c2102f3814c34,73a906336d24dc617a5af8a2ff5e5be241ae90db0294a736d7dfa12371551cee
work/worker/20261002T160425_660666Z_read_docs_design_combat_clock_536_md/result.json,198,9c8e540bdd0b70369d268d58c55d6086259c3690,42931b04476c786e9ccd98b142971f0ba3adcbc8587b553cff32e21e0ecbe5c7
work/worker/20261002T160425_660666Z_read_docs_design_combat_clock_536_md/stderr.raw.log,0,e69de29bb2d1d6434b8b29ae775ad8c2e48c5391,e3b0c44298fc1c149afbf4c8996fb92427ae41e4649b934ca495991b7852b855
work/worker/20261002T160425_660666Z_read_docs_design_combat_clock_536_md/stdout.raw.log,10354,dc2f5a919552e89cf67da38030388f512596131a,5d0949cbd2c1f42a8ed9b2ecc5c94e7255a1adc6f52d74ea54d3b431f0eecdce
work/worker/20261002T160437_764701Z_read_docs_design_combat_clock_536_md/launch.json,325,8b25cf994201b58ad2da69b6142bc80b5f9cec19,3d93aad296bf5de71de9e5f206c3b82290ee3d5493e8eb6f54b64eb3b41363a6
work/worker/20261002T160437_764701Z_read_docs_design_combat_clock_536_md/result.json,198,9c8e540bdd0b70369d268d58c55d6086259c3690,42931b04476c786e9ccd98b142971f0ba3adcbc8587b553cff32e21e0ecbe5c7
work/worker/20261002T160437_764701Z_read_docs_design_combat_clock_536_md/stderr.raw.log,0,e69de29bb2d1d6434b8b29ae775ad8c2e48c5391,e3b0c44298fc1c149afbf4c8996fb92427ae41e4649b934ca495991b7852b855
work/worker/20261002T160437_764701Z_read_docs_design_combat_clock_536_md/stdout.raw.log,10354,dc2f5a919552e89cf67da38030388f512596131a,5d0949cbd2c1f42a8ed9b2ecc5c94e7255a1adc6f52d74ea54d3b431f0eecdce
work/worker/20261002T160437_846353Z_read_actors_player_combat_gd/launch.json,317,85f997be72004b3e12985ad26f4ba5f4cc39d471,b35e90f8e5c05b001e6aa8111b9b4dd60ea453dfbca481bc45dae1f3aa63710a
work/worker/20261002T160437_846353Z_read_actors_player_combat_gd/result.json,198,9cce5b6fcebff6134143608bfe8e59e9bd00b9e2,397433d33257eb3d4ce24d7fefe1972900f044e92a7d1f4fb4e5517738a633f7
work/worker/20261002T160437_846353Z_read_actors_player_combat_gd/stderr.raw.log,0,e69de29bb2d1d6434b8b29ae775ad8c2e48c5391,e3b0c44298fc1c149afbf4c8996fb92427ae41e4649b934ca495991b7852b855
work/worker/20261002T160437_846353Z_read_actors_player_combat_gd/stdout.raw.log,109102,8d3ed999560d50ae50132c62be449058d32fcba7,5a9e551f55033eefa607dd6212c59640c2b01521e9151a90157cb1cac91ad086
work/worker/20261002T160437_939279Z_read_actors_player_gd/launch.json,310,d226c7994ece6aa3a1c2e2350d4451cd0d9bea16,a17ddd05020a04f4ae2d337d3e3d7bf683e8c8da722a4a347d59dadf55a75538
work/worker/20261002T160437_939279Z_read_actors_player_gd/result.json,198,af4ad84316b862d5c459ccd79fab3f08bef76afd,ad913878d9accdca186a12d328a0d096c4c55f3a531497994a70b482e7f5213e
work/worker/20261002T160437_939279Z_read_actors_player_gd/stderr.raw.log,0,e69de29bb2d1d6434b8b29ae775ad8c2e48c5391,e3b0c44298fc1c149afbf4c8996fb92427ae41e4649b934ca495991b7852b855
work/worker/20261002T160437_939279Z_read_actors_player_gd/stdout.raw.log,37348,300bc49c5b7535c3cd4c8e332cb5e6992f04afaa,bdf9754e16d1ccfd544c9880944b4b969417daca082059eb9dd619a5e38669c2
work/worker/20261002T160438_026528Z_read_tests_test_aoe_skills_gd/launch.json,318,62297dcbf307eeb45747e1cdacbbf451d2c95dd5,a5a40ec12f5030c7836f6fcf5b0ab946925b20b887f94db8171460225a893cbb
work/worker/20261002T160438_026528Z_read_tests_test_aoe_skills_gd/result.json,198,9fd9c22782441712dfdb75e5f7c9096072bc4a87,3d832994545ba70d01bf06dcdc89da1b7a547837dea32c45a52f89d128c76df8
work/worker/20261002T160438_026528Z_read_tests_test_aoe_skills_gd/stderr.raw.log,0,e69de29bb2d1d6434b8b29ae775ad8c2e48c5391,e3b0c44298fc1c149afbf4c8996fb92427ae41e4649b934ca495991b7852b855
work/worker/20261002T160438_026528Z_read_tests_test_aoe_skills_gd/stdout.raw.log,18338,0676b9c6a67a40d4bf8c056dc087b0db69faa389,bbb5655c27575e977e8b4456f1a3ef506bba3ebab0d0fecdd0e47d58b417e1a6
work/worker/20261002T160438_163760Z_read_tests_e2e_scenarios_anim_commit_gd/launch.json,328,0066ba3a0008cf431cb2dfac232caef856e12b2a,654d86be9c0f20cb3d1d7129ef5293b5bcec6e8b3aaafe7831e8f8b0e4038843
work/worker/20261002T160438_163760Z_read_tests_e2e_scenarios_anim_commit_gd/result.json,198,a097ea1beda492ec5fc160bbf39c8debab04842e,900d0bf89ef9358b54934abf06d69ce70ba0e7272911d355e4e86055778a0712
work/worker/20261002T160438_163760Z_read_tests_e2e_scenarios_anim_commit_gd/stderr.raw.log,0,e69de29bb2d1d6434b8b29ae775ad8c2e48c5391,e3b0c44298fc1c149afbf4c8996fb92427ae41e4649b934ca495991b7852b855
work/worker/20261002T160438_163760Z_read_tests_e2e_scenarios_anim_commit_gd/stdout.raw.log,53405,6176a32c559e95046c096fd988b38ccd0f313e0b,7897c0866211c9a309faa8b014bffe1c0012e600e483b548d5cbc2fcb44a5ab7
work/worker/20261002T160438_277614Z_read_tools_test_ps1/launch.json,308,04a7b0d5316d6d3c89311e32bd91517314b4797e,6b0f001bce6e512d23804d8418afa911e71e5a87415610d3134d57c65f750f1a
work/worker/20261002T160438_277614Z_read_tools_test_ps1/result.json,198,c8657b8c7c63b7e2d4c972daefb60d969b9fe529,272e73f066b0b3a4cd7756f0356db483784b579d72d21b670df112181ef00114
work/worker/20261002T160438_277614Z_read_tools_test_ps1/stderr.raw.log,0,e69de29bb2d1d6434b8b29ae775ad8c2e48c5391,e3b0c44298fc1c149afbf4c8996fb92427ae41e4649b934ca495991b7852b855
work/worker/20261002T160438_277614Z_read_tools_test_ps1/stdout.raw.log,94856,196dfbf742c9f5f4e823013ad56751de600abd5b,d6f9112162b6395b29e0dc4cd95c4785e43752fcd5d5234ca458be8868236bbc
work/worker/20261002T160500_440365Z_span_actors_player_gd/launch.json,310,db2386a1a031ac54586d4d6953e9ef4b7704eaa9,adda1abeb3a78692e3173b5bd1a0287b7be8e9e352b29a4ff9bcf180bb9e0777
work/worker/20261002T160500_440365Z_span_actors_player_gd/result.json,198,af4ad84316b862d5c459ccd79fab3f08bef76afd,ad913878d9accdca186a12d328a0d096c4c55f3a531497994a70b482e7f5213e
work/worker/20261002T160500_440365Z_span_actors_player_gd/stderr.raw.log,0,e69de29bb2d1d6434b8b29ae775ad8c2e48c5391,e3b0c44298fc1c149afbf4c8996fb92427ae41e4649b934ca495991b7852b855
work/worker/20261002T160500_440365Z_span_actors_player_gd/stdout.raw.log,37348,300bc49c5b7535c3cd4c8e332cb5e6992f04afaa,bdf9754e16d1ccfd544c9880944b4b969417daca082059eb9dd619a5e38669c2
work/worker/20261002T160500_892152Z_span_tests_test_aoe_skills_gd/launch.json,318,d86bfa532a07982b19466c88153927f310a135d6,87a2b4ef6364f0632854665913d5e67d1b124825da7b451200196700501d0789
work/worker/20261002T160500_892152Z_span_tests_test_aoe_skills_gd/result.json,198,9fd9c22782441712dfdb75e5f7c9096072bc4a87,3d832994545ba70d01bf06dcdc89da1b7a547837dea32c45a52f89d128c76df8
work/worker/20261002T160500_892152Z_span_tests_test_aoe_skills_gd/stderr.raw.log,0,e69de29bb2d1d6434b8b29ae775ad8c2e48c5391,e3b0c44298fc1c149afbf4c8996fb92427ae41e4649b934ca495991b7852b855
work/worker/20261002T160500_892152Z_span_tests_test_aoe_skills_gd/stdout.raw.log,18338,0676b9c6a67a40d4bf8c056dc087b0db69faa389,bbb5655c27575e977e8b4456f1a3ef506bba3ebab0d0fecdd0e47d58b417e1a6
work/worker/20261002T160501_250632Z_span_tests_e2e_scenarios_system_menu_gd/launch.json,328,4e851717803c8850bebe22b08f209aec15e1da43,bb1dedd9d44e12b9d1b992539b0c53baa93dcca97473690acc2906ea0a6b1fac
work/worker/20261002T160501_250632Z_span_tests_e2e_scenarios_system_menu_gd/result.json,198,f27e39232a7805a2cd44b4b395c842f4f1373da2,da83a071c0619352640aca89db3cffe30e9bce8f07440771b08272d5b846b1cb
work/worker/20261002T160501_250632Z_span_tests_e2e_scenarios_system_menu_gd/stderr.raw.log,0,e69de29bb2d1d6434b8b29ae775ad8c2e48c5391,e3b0c44298fc1c149afbf4c8996fb92427ae41e4649b934ca495991b7852b855
work/worker/20261002T160501_250632Z_span_tests_e2e_scenarios_system_menu_gd/stdout.raw.log,12960,f77c04df340510aefc88dbc545e2efc2c0732621,426cc302b81029490ee08ac3f7aa5de425b9dfb4b35e01bd1fe336cc73c46d2e
work/worker/20261002T160657_813063Z_spec_diff/launch.json,296,ed4d63d76b76ddc89f67a9ba4119c862d741ffdf,b77c5f565732cdac773584678a750c20fbef34c692cc1fa4f879ccfbff2967b8
work/worker/20261002T160657_813063Z_spec_diff/result.json,198,41a839e149de44052e1f461019f805d0685d6a6b,6bd7660498e857bf951ba59e343b6213da13a2d2f5ea40b38db1cfee5614ce48
work/worker/20261002T160657_813063Z_spec_diff/stderr.raw.log,0,e69de29bb2d1d6434b8b29ae775ad8c2e48c5391,e3b0c44298fc1c149afbf4c8996fb92427ae41e4649b934ca495991b7852b855
work/worker/20261002T160657_813063Z_spec_diff/stdout.raw.log,0,e69de29bb2d1d6434b8b29ae775ad8c2e48c5391,e3b0c44298fc1c149afbf4c8996fb92427ae41e4649b934ca495991b7852b855
work/worker/20261002T160657_913640Z_spec_add/launch.json,339,bc590dcf168413de5478a09ba967d3dc6e532a0d,2670e9c0dfe5ebe56a19a3deef5fcfc84eac3338b295e9725df77c05f95c96be
work/worker/20261002T160657_913640Z_spec_add/result.json,198,59b58be86706d479c27b40c7ee73d149b76fbcb1,a732c819aae33983df15175e42d7e1fce4ed6eab027597c60492fc077b44bf9d
work/worker/20261002T160657_913640Z_spec_add/stderr.raw.log,133,826689308783a9230a118093a96529f662f3f1e2,4d78b7cb6e9af1e2cd5605b77934a42c19212f89b373f291dcd4f41407a687f0
work/worker/20261002T160657_913640Z_spec_add/stdout.raw.log,0,e69de29bb2d1d6434b8b29ae775ad8c2e48c5391,e3b0c44298fc1c149afbf4c8996fb92427ae41e4649b934ca495991b7852b855
work/worker/20261002T160657_994235Z_spec_commit/launch.json,394,2c953daa62cc18dc9c73d4343f47e3f8ae5db80f,d4d0dc50067398a2507a0db663fa8e711f82be6444551178772137c97ca96d70
work/worker/20261002T160657_994235Z_spec_commit/result.json,198,faaf5a53cedfb94c6ff1188689d850f7ca9061f8,25601690793ccc74901eedc55738497d28a6fd9a13dd08b9cd6d74ded5242f37
work/worker/20261002T160657_994235Z_spec_commit/stderr.raw.log,0,e69de29bb2d1d6434b8b29ae775ad8c2e48c5391,e3b0c44298fc1c149afbf4c8996fb92427ae41e4649b934ca495991b7852b855
work/worker/20261002T160657_994235Z_spec_commit/stdout.raw.log,191,f33ff579a6b808e6053a96a4be4368aa0318a517,2ac0b86a111603ec167e07732ce96112e64ccc75c04aeb2c36e92aefca6e3f4b
work/worker/20261002T160658_131440Z_spec_status/launch.json,298,92ca9a8282b38ab280e140f41ed79de4e4a8d0d4,238d5b0177f84848003bd4df5ecfd51a1ccb1a59ede7905c8ecf4675029c5d0a
work/worker/20261002T160658_131440Z_spec_status/result.json,198,41a839e149de44052e1f461019f805d0685d6a6b,6bd7660498e857bf951ba59e343b6213da13a2d2f5ea40b38db1cfee5614ce48
work/worker/20261002T160658_131440Z_spec_status/stderr.raw.log,0,e69de29bb2d1d6434b8b29ae775ad8c2e48c5391,e3b0c44298fc1c149afbf4c8996fb92427ae41e4649b934ca495991b7852b855
work/worker/20261002T160658_131440Z_spec_status/stdout.raw.log,0,e69de29bb2d1d6434b8b29ae775ad8c2e48c5391,e3b0c44298fc1c149afbf4c8996fb92427ae41e4649b934ca495991b7852b855
work/worker/20261002T160658_177994Z_spec_head/launch.json,298,84f387ef4b064d76a371cbd4eeef928a02ac30f8,a07ab2893d9a1d43f1a37dc137a668a3837fb2a00856ba3120d9029165d66dee
work/worker/20261002T160658_177994Z_spec_head/result.json,198,195772f49f61edda9e0f429c89bbb00587a3f955,497e607a2a564bd00465206f305d287b767c7336a7b11cd8939b7fa3fc7b21de
work/worker/20261002T160658_177994Z_spec_head/stderr.raw.log,0,e69de29bb2d1d6434b8b29ae775ad8c2e48c5391,e3b0c44298fc1c149afbf4c8996fb92427ae41e4649b934ca495991b7852b855
work/worker/20261002T160658_177994Z_spec_head/stdout.raw.log,41,270ab951a8f963ded418fd7d5c4a6cc150c994e3,def8910e8fb9438c2d193300bfe2ba73fc3f30fa0c443de66cc9aa1350fb496d
work/worker/20261002T160749_194517Z_span_actors_player_gd/launch.json,310,ecccba2f766f33051a795aa3db562e8d0f4bb625,0f98627842a56c2cfd967a68fd76680d0a082edaa47d9f48e3cf0795e4f89889
work/worker/20261002T160749_194517Z_span_actors_player_gd/result.json,198,af4ad84316b862d5c459ccd79fab3f08bef76afd,ad913878d9accdca186a12d328a0d096c4c55f3a531497994a70b482e7f5213e
work/worker/20261002T160749_194517Z_span_actors_player_gd/stderr.raw.log,0,e69de29bb2d1d6434b8b29ae775ad8c2e48c5391,e3b0c44298fc1c149afbf4c8996fb92427ae41e4649b934ca495991b7852b855
work/worker/20261002T160749_194517Z_span_actors_player_gd/stdout.raw.log,37348,300bc49c5b7535c3cd4c8e332cb5e6992f04afaa,bdf9754e16d1ccfd544c9880944b4b969417daca082059eb9dd619a5e38669c2
work/worker/20261002T160749_652285Z_span_actors_player_gd/launch.json,310,267bf1cd9e58922beec6692e683d0aad15b2a2ca,823f4a32a11eff6dc88b9173e47869871dcc4df10c9d27bcac354fa44085fd58
work/worker/20261002T160749_652285Z_span_actors_player_gd/result.json,198,af4ad84316b862d5c459ccd79fab3f08bef76afd,ad913878d9accdca186a12d328a0d096c4c55f3a531497994a70b482e7f5213e
work/worker/20261002T160749_652285Z_span_actors_player_gd/stderr.raw.log,0,e69de29bb2d1d6434b8b29ae775ad8c2e48c5391,e3b0c44298fc1c149afbf4c8996fb92427ae41e4649b934ca495991b7852b855
work/worker/20261002T160749_652285Z_span_actors_player_gd/stdout.raw.log,37348,300bc49c5b7535c3cd4c8e332cb5e6992f04afaa,bdf9754e16d1ccfd544c9880944b4b969417daca082059eb9dd619a5e38669c2
work/worker/20261002T160750_214113Z_span_actors_player_tscn/launch.json,312,74e3ddfd2f54c2f5af6c85b441ca5335ddfc49e7,9e82370650171ab6358c6a9c7f711a5f4984b6da71ed59fc80df44a5a4e895a4
work/worker/20261002T160750_214113Z_span_actors_player_tscn/result.json,198,43540696f21b4b733860916b9d4cc1e31229be3c,a801c983f60d7fe806624174a1ebecec77b829733a79d5f638dcc270e07e6151
work/worker/20261002T160750_214113Z_span_actors_player_tscn/stderr.raw.log,0,e69de29bb2d1d6434b8b29ae775ad8c2e48c5391,e3b0c44298fc1c149afbf4c8996fb92427ae41e4649b934ca495991b7852b855
work/worker/20261002T160750_214113Z_span_actors_player_tscn/stdout.raw.log,2163,1dd0e7e4d23d1937ad790ac70e51cf7c3d6adda5,a791311162001ec1ea5874fa53e0de668051319c0abfbf740e0d98b658f048fe
work/worker/20261002T160750_617571Z_git_grep/launch.json,537,49ddf5bd73bc7a4681ae5ef3281b8304e468c272,061ca1a3b7b99548ef8280b0b7c707ad5285780baad9e8a5c54906940310c48b
work/worker/20261002T160750_617571Z_git_grep/result.json,198,4871dccca3468c3f67cf77c03dc45d4e7b454501,71c81a752468b8fed363ab1a15b40db41523e6fd0330af974fc58d9ba66702b5
work/worker/20261002T160750_617571Z_git_grep/stderr.raw.log,0,e69de29bb2d1d6434b8b29ae775ad8c2e48c5391,e3b0c44298fc1c149afbf4c8996fb92427ae41e4649b934ca495991b7852b855
work/worker/20261002T160750_617571Z_git_grep/stdout.raw.log,552,7661941f4eade7874a3da05fa556c09e30979831,70eed4a120aae56ddb8fd3f656e4fe691ab3f87054042425c09dc325b4b8884b
work/worker/20261002T160832_804765Z_span_tests_e2e_e2e_gd/launch.json,310,d2cc9470dbc6713a39602804ccdaab7705d5ea42,5f91436f9dc567fd143375ca1860a41cf94417ba24a2b696a117cbc4e9ec9e7f
work/worker/20261002T160832_804765Z_span_tests_e2e_e2e_gd/result.json,198,c03bac80b7e72b13a0d12bd08048f59631f6a776,21d1537dfc071a5a201296652df9fc6964712e8af28fdf16d1647527baec196a
work/worker/20261002T160832_804765Z_span_tests_e2e_e2e_gd/stderr.raw.log,0,e69de29bb2d1d6434b8b29ae775ad8c2e48c5391,e3b0c44298fc1c149afbf4c8996fb92427ae41e4649b934ca495991b7852b855
work/worker/20261002T160832_804765Z_span_tests_e2e_e2e_gd/stdout.raw.log,17012,957ba2e896d0594515ea8c56100c48a60d7538c6,8e565bb823f11d2f1566b3dbfc469d0567d7b6990ca3c8cf861c4ebaf7decde6
work/worker/20261002T160833_247082Z_span_tests_e2e_e2e_runner_gd/launch.json,317,fb312700f26e9d4ec762fb616cf0170872743e34,8b71e62786d9ee351cd6cd705a1cab047aa362fb3b20284b79e9681bfa08aeb4
work/worker/20261002T160833_247082Z_span_tests_e2e_e2e_runner_gd/result.json,198,05bcb2b331b8e34f566eeca4a20d682262a486c7,8b943262c34a94d8c230faf5f84bae9a025b90d48cdd30fc2d6afabde3cbf49a
work/worker/20261002T160833_247082Z_span_tests_e2e_e2e_runner_gd/stderr.raw.log,0,e69de29bb2d1d6434b8b29ae775ad8c2e48c5391,e3b0c44298fc1c149afbf4c8996fb92427ae41e4649b934ca495991b7852b855
work/worker/20261002T160833_247082Z_span_tests_e2e_e2e_runner_gd/stdout.raw.log,24115,b9130ce559dd34918ec609c7f2538c11c2fba396,12e1d593b409972fffbf868a8e6692b52f6a0ffd26fa8b6256acb6723d5b820b
work/worker/20261002T160833_687506Z_span_tests_e2e_scenarios_belt_unify_gd/launch.json,327,84933403a0bbbc6ba510a1f92af661649702b4d8,45d72d3c7caa7afa9b00e2883c35ad80142b7c8ff983a8c285ba6e7d4ad6a811
work/worker/20261002T160833_687506Z_span_tests_e2e_scenarios_belt_unify_gd/result.json,198,d61cf9fb24a28898fe6372ad9caffc54533ed689,98484018380d57dfee07359e60a12f569f9f04ab19f1eb2e7cbe319be47422a1
work/worker/20261002T160833_687506Z_span_tests_e2e_scenarios_belt_unify_gd/stderr.raw.log,0,e69de29bb2d1d6434b8b29ae775ad8c2e48c5391,e3b0c44298fc1c149afbf4c8996fb92427ae41e4649b934ca495991b7852b855
work/worker/20261002T160833_687506Z_span_tests_e2e_scenarios_belt_unify_gd/stdout.raw.log,4489,f8dc18efeb0226317b32acfe591f0440ff75133f,9d9ab193b33a2e513bcd7148f380cf585bfa08282463962735dc266e970f9be8
work/worker/20261002T160834_097927Z_git_grep/launch.json,562,acbb519f7e01adf7c9cb5dc19c15a68e4ad6ee14,5cc3ce743dade49293c0fefe73ceae46dd7eeb048c6d0d0478d36a1e431cb592
work/worker/20261002T160834_097927Z_git_grep/result.json,198,f4529129f3da7a83cb8d6c3be1f0ffac2cfd42f3,7d729e2b4b52bcaba5a8ea1e082f4c3f894f103f4c44f3e2269988ae6381f964
work/worker/20261002T160834_097927Z_git_grep/stderr.raw.log,0,e69de29bb2d1d6434b8b29ae775ad8c2e48c5391,e3b0c44298fc1c149afbf4c8996fb92427ae41e4649b934ca495991b7852b855
work/worker/20261002T160834_097927Z_git_grep/stdout.raw.log,231,e0e2c3df2255efb621e45345e1eeb48cfe705533,87ed0ee2bf823614f9f2fb0b7b7884c83c2400ddf02ed61deed3f366f5da9946
work/worker/20261002T160943_137256Z_git_grep/launch.json,634,cee87276dbe37f98e3cf10bfecf451bae23f68cd,6cda7729f14da935be98516a559b7074577c8e6577562c8ddd56f76c092217f9
work/worker/20261002T160943_137256Z_git_grep/result.json,198,50648169195fd94724f2b029aa02cc5305c2e3a6,560a62be3360fd8ec6bf2204ca46e04f60257f1917f849915b3a4e2db0014a26
work/worker/20261002T160943_137256Z_git_grep/stderr.raw.log,0,e69de29bb2d1d6434b8b29ae775ad8c2e48c5391,e3b0c44298fc1c149afbf4c8996fb92427ae41e4649b934ca495991b7852b855
work/worker/20261002T160943_137256Z_git_grep/stdout.raw.log,3262,f098c517ad927b3ef5902f3a910acca7ef115084,0e934bab73a7da4e4d261befc850017dea4afaaed0e9a013e0c091b444b1e33a
work/worker/20261002T160943_669380Z_git_grep/launch.json,496,ea9eaa72270727efe66a34f8833bd3d083d9aa22,76f4e58596eac336306c7ec552cb568b1e1beb8e373661427bd78b5e3656ca24
work/worker/20261002T160943_669380Z_git_grep/result.json,198,aa5f81c2f7fa74384a8cf53ea5d5beacdd5a4004,a830e83711fc5c2eb26466e2f7ac9215319d14d50cd18bd3199369de833a870e
work/worker/20261002T160943_669380Z_git_grep/stderr.raw.log,0,e69de29bb2d1d6434b8b29ae775ad8c2e48c5391,e3b0c44298fc1c149afbf4c8996fb92427ae41e4649b934ca495991b7852b855
work/worker/20261002T160943_669380Z_git_grep/stdout.raw.log,2275,da67b08514fba903fd3d987158c1878758e1bade,664671d5869e35ff929ba7885931f9023a2d269105cbc0ffdd1a4a83785e958c
work/worker/20261002T160944_071678Z_span_tests_e2e_e2e_scenario_gd/launch.json,319,bd38bdc5605b720f7f08e93bba5222f94ac2d562,2cbd2f9f8106434c2a299a2431eb10cca8b623615bce050c408b02060beac58f
work/worker/20261002T160944_071678Z_span_tests_e2e_e2e_scenario_gd/result.json,198,acbef7f1bdaab94169df00465eb5cc33e0a53802,1e8e0d6e84f06ecdf5b2373f06dfe389963a0d023b80cbf5e21b36aca5b5b006
work/worker/20261002T160944_071678Z_span_tests_e2e_e2e_scenario_gd/stderr.raw.log,0,e69de29bb2d1d6434b8b29ae775ad8c2e48c5391,e3b0c44298fc1c149afbf4c8996fb92427ae41e4649b934ca495991b7852b855
work/worker/20261002T160944_071678Z_span_tests_e2e_e2e_scenario_gd/stdout.raw.log,1231,17d863d6bab3c5b4053e8a70b9cb46fdaf3822a5,192d1cc6ddc44738705990f3a6c6237459e9a6ca1388274e238951cc5181ef9f
work/worker/20261002T161125_183120Z_span_actors_player_gd/launch.json,310,82f6a6c8d8011f369d19076c861097dcbf4d521b,5781a43f195616bfb2d099f06bfeacac89daec29467f3d42f5632d257f142327
work/worker/20261002T161125_183120Z_span_actors_player_gd/result.json,198,af4ad84316b862d5c459ccd79fab3f08bef76afd,ad913878d9accdca186a12d328a0d096c4c55f3a531497994a70b482e7f5213e
work/worker/20261002T161125_183120Z_span_actors_player_gd/stderr.raw.log,0,e69de29bb2d1d6434b8b29ae775ad8c2e48c5391,e3b0c44298fc1c149afbf4c8996fb92427ae41e4649b934ca495991b7852b855
work/worker/20261002T161125_183120Z_span_actors_player_gd/stdout.raw.log,37348,300bc49c5b7535c3cd4c8e332cb5e6992f04afaa,bdf9754e16d1ccfd544c9880944b4b969417daca082059eb9dd619a5e38669c2
work/worker/20261002T161125_617403Z_span_actors_player_gd/launch.json,310,a675ba870c4a3316fad022770e90de841611c547,4282eda868c57f1e6dc8efad41f77a92d43305fdc07153918c2a9181e2a6ee83
work/worker/20261002T161125_617403Z_span_actors_player_gd/result.json,198,af4ad84316b862d5c459ccd79fab3f08bef76afd,ad913878d9accdca186a12d328a0d096c4c55f3a531497994a70b482e7f5213e
work/worker/20261002T161125_617403Z_span_actors_player_gd/stderr.raw.log,0,e69de29bb2d1d6434b8b29ae775ad8c2e48c5391,e3b0c44298fc1c149afbf4c8996fb92427ae41e4649b934ca495991b7852b855
work/worker/20261002T161125_617403Z_span_actors_player_gd/stdout.raw.log,37348,300bc49c5b7535c3cd4c8e332cb5e6992f04afaa,bdf9754e16d1ccfd544c9880944b4b969417daca082059eb9dd619a5e38669c2
work/worker/20261002T161126_029560Z_span_actors_player_gd/launch.json,310,1c92417efde26e2ccfd424b155ab651154ea2fef,0e56421c675720c20761a62eb863476288f3a69096b8d4047ef3402d65c470c2
work/worker/20261002T161126_029560Z_span_actors_player_gd/result.json,198,af4ad84316b862d5c459ccd79fab3f08bef76afd,ad913878d9accdca186a12d328a0d096c4c55f3a531497994a70b482e7f5213e
work/worker/20261002T161126_029560Z_span_actors_player_gd/stderr.raw.log,0,e69de29bb2d1d6434b8b29ae775ad8c2e48c5391,e3b0c44298fc1c149afbf4c8996fb92427ae41e4649b934ca495991b7852b855
work/worker/20261002T161126_029560Z_span_actors_player_gd/stdout.raw.log,37348,300bc49c5b7535c3cd4c8e332cb5e6992f04afaa,bdf9754e16d1ccfd544c9880944b4b969417daca082059eb9dd619a5e38669c2
work/worker/20261002T161126_470908Z_span_actors_player_combat_gd/launch.json,317,4d01592842b7c82621361a848d3deb82734b4a52,3b2d5917103ffb401c9b1d18ba5f73e0cafdeb3a8de018b0331cfd30441017a7
work/worker/20261002T161126_470908Z_span_actors_player_combat_gd/result.json,198,9cce5b6fcebff6134143608bfe8e59e9bd00b9e2,397433d33257eb3d4ce24d7fefe1972900f044e92a7d1f4fb4e5517738a633f7
work/worker/20261002T161126_470908Z_span_actors_player_combat_gd/stderr.raw.log,0,e69de29bb2d1d6434b8b29ae775ad8c2e48c5391,e3b0c44298fc1c149afbf4c8996fb92427ae41e4649b934ca495991b7852b855
work/worker/20261002T161126_470908Z_span_actors_player_combat_gd/stdout.raw.log,109102,8d3ed999560d50ae50132c62be449058d32fcba7,5a9e551f55033eefa607dd6212c59640c2b01521e9151a90157cb1cac91ad086
work/worker/20261002T161443_715773Z_implementation_diff_check/launch.json,296,fda0675f1d0a8dd6d3cf3da1e8e7144219ae11f7,c42923fb9e82a3b137e42f4e85e004d7a8f3a116db86c0ff50e4643814391634
work/worker/20261002T161443_715773Z_implementation_diff_check/result.json,198,41a839e149de44052e1f461019f805d0685d6a6b,6bd7660498e857bf951ba59e343b6213da13a2d2f5ea40b38db1cfee5614ce48
work/worker/20261002T161443_715773Z_implementation_diff_check/stderr.raw.log,0,e69de29bb2d1d6434b8b29ae775ad8c2e48c5391,e3b0c44298fc1c149afbf4c8996fb92427ae41e4649b934ca495991b7852b855
work/worker/20261002T161443_715773Z_implementation_diff_check/stdout.raw.log,0,e69de29bb2d1d6434b8b29ae775ad8c2e48c5391,e3b0c44298fc1c149afbf4c8996fb92427ae41e4649b934ca495991b7852b855
work/worker/20261002T161443_761851Z_implementation_diff_stat/launch.json,295,b65b3a2bb0b6c7764a4363608928ba8506ec3511,19f7855065b4cb7bc4387d6aa672fc552f448313c00f00da8888576c9e8491ca
work/worker/20261002T161443_761851Z_implementation_diff_stat/result.json,198,a36b4f89cf8d95d09fb9cd31b34372696819cc28,bc375d7e2f4d2986d08cf9ba57a86472cd89c1ba0c8932a694b8cf2411f194df
work/worker/20261002T161443_761851Z_implementation_diff_stat/stderr.raw.log,0,e69de29bb2d1d6434b8b29ae775ad8c2e48c5391,e3b0c44298fc1c149afbf4c8996fb92427ae41e4649b934ca495991b7852b855
work/worker/20261002T161443_761851Z_implementation_diff_stat/stdout.raw.log,148,44809f6138d974774f08cc8bb17df5810759fd61,43effaafa4b78de7bad44741434140dd83c8cc8da9f2cec053785036eee24393
work/worker/20261002T161443_806953Z_implementation_status/launch.json,298,b12daf722c4bf691e7ddfffd24faca1482196056,36aa6c455220fe7bde1965fc431443e4a8bba1906482c03c85170a3742b68a50
work/worker/20261002T161443_806953Z_implementation_status/result.json,198,f6db92ec702d5e948a16c0cd7ba3c3c67aaf5a70,99ca8ee95b90bbe06cb7b84a4e1a79f39754b95225fa55978d858115450ed665
work/worker/20261002T161443_806953Z_implementation_status/stderr.raw.log,0,e69de29bb2d1d6434b8b29ae775ad8c2e48c5391,e3b0c44298fc1c149afbf4c8996fb92427ae41e4649b934ca495991b7852b855
work/worker/20261002T161443_806953Z_implementation_status/stdout.raw.log,161,7cd999bb4090bc817fd6af2b36e067ccd7deb4e5,1ef4493b6bc8373f7c71f12766ce930ac19ecf93fceb3c3e566fac4ae1d54fcc
work/worker/20261002T161605_518062Z_import.godot.raw.log,1186,dce509b1df1eb4c34a7097cd31ee7da3412d1852,6e50af0c5c89352fa6f95517bc5912014c67e2f4b9e118d47edbd03b2ec189dd
work/worker/20261002T161605_518062Z_import/launch.json,464,66e168b9fdafefb164f55995afa89c2ac0748a7a,b477855f2e0a30246d1dbdf9353099252909fc728e0284783300553bf8dc868c
work/worker/20261002T161605_518062Z_import/result.json,198,983f602fabad07d9be46ab24f0ae310ad70dba41,e5603f782cdae26c1b0b5cd6c8697770c18c43444b97247bb0027aa108b95dda
work/worker/20261002T161605_518062Z_import/stderr.raw.log,0,e69de29bb2d1d6434b8b29ae775ad8c2e48c5391,e3b0c44298fc1c149afbf4c8996fb92427ae41e4649b934ca495991b7852b855
work/worker/20261002T161605_518062Z_import/stdout.raw.log,1648,653ec601bb81ee397382cfa8e9280a1d2e29dd3f,658e27ab5562dae9718eca98b794135b6dcd1d6ae389693d24c27471f2f332f2
work/worker/20261002T161630_611159Z_unit.godot.raw.log,370,4981a7d08dc57c145920fab63005303260df92e4,e8f842937ec97041f1f5f3151dae504342808bbdb0b73e89054a2b16d59189f4
work/worker/20261002T161630_611159Z_unit/launch.json,506,5e26364330407a0f2fdb7dc1b1fb290946a1462b,633791fa4fc78933bbe624892bce077e82d7d65fe58fd9688750e04340c2a40f
work/worker/20261002T161630_611159Z_unit/result.json,198,4b731e98d13b9e3539d51f3bb3a86ab8b6298444,27eec0e9ff476ad8bbc276fcd93902fdacc084abd2f9ea12e9af720375e3884a
work/worker/20261002T161630_611159Z_unit/stderr.raw.log,304,ebaff40bed3012cca051a586b9e44af080283842,024dc6a33fc5659684ae475b3b5b83dec1e22741dbd1bebf85b119dc09a71d7d
work/worker/20261002T161630_611159Z_unit/stdout.raw.log,72,227574d83a08800b76e508b834155d364656bb31,0fb41bb7cc71b68a335c01d8f84a806304e1cc6bb173f34ca02cb913d0f62013
work/worker/20261002T161742_011829Z_tests_repair_diff/launch.json,296,6ce6263cc8e1fdefd4f022af7a350a6f166dbb7f,ee52ed1cf983957d41609e755a6086e13e08caa99d1b19e33c8658f17f558c6f
work/worker/20261002T161742_011829Z_tests_repair_diff/result.json,198,41a839e149de44052e1f461019f805d0685d6a6b,6bd7660498e857bf951ba59e343b6213da13a2d2f5ea40b38db1cfee5614ce48
work/worker/20261002T161742_011829Z_tests_repair_diff/stderr.raw.log,0,e69de29bb2d1d6434b8b29ae775ad8c2e48c5391,e3b0c44298fc1c149afbf4c8996fb92427ae41e4649b934ca495991b7852b855
work/worker/20261002T161742_011829Z_tests_repair_diff/stdout.raw.log,0,e69de29bb2d1d6434b8b29ae775ad8c2e48c5391,e3b0c44298fc1c149afbf4c8996fb92427ae41e4649b934ca495991b7852b855
work/worker/20261002T161747_181267Z_unit.godot.raw.log,216,d8603bd89604e1a508a5fc832d1fdd4f8ba2d9ee,512743187d9d54d9467f8e2260c15a31eccd2b3aba6f7a9aa62042fa95980cd9
work/worker/20261002T161747_181267Z_unit/launch.json,506,8e8a41342fd4bcc2a275846fc402ace98939ca17,43a68eaba0ced6e0b8152a7d9fc834d7b97fced1584fd52a3a1fd96a8e63a765
work/worker/20261002T161747_181267Z_unit/result.json,198,864c0c5c4e63a8376520c85f8949f474868e69f6,b61e694901aab7f5930d7234508a4e5b57327a43a5b7c9d660d809f269d52af7
work/worker/20261002T161747_181267Z_unit/stderr.raw.log,0,e69de29bb2d1d6434b8b29ae775ad8c2e48c5391,e3b0c44298fc1c149afbf4c8996fb92427ae41e4649b934ca495991b7852b855
work/worker/20261002T161747_181267Z_unit/stdout.raw.log,221,d08ea4e5ed1f0381feccbbcbc71e85969a249ce0,fe55d25b8732e5fb770824c05778bc5089c56783df92d51ee2abb184ddae0c01
work/worker/20261002T161813_612411Z_e2e_player_resource_clock/detailed_logs.json,2005,4c9b0157cd1c9ca4f670ff72109042f8a8acc4b1,cfb1aebacb5161b94f9bfd34fe1051de4a5872c04aa3dc82f70fd7df0ccfe6ca
work/worker/20261002T161813_612411Z_e2e_player_resource_clock/godot.log,1747,e5dd274c806a1d2e71a32c73f30174a652def27b,61aa497c0d045f7cd9e7f84a606c41e209a4f19926d45c8a5f8da7fa6d8818ac
work/worker/20261002T161813_612411Z_e2e_player_resource_clock/godot2026-10-03T01.01.35.log,279,b33d3b5af40a4a9bf672d97a6b85ee39d9e139e7,5db75ebdbed3bdebca30cdfef8d52e454076accf52a59bed29020ead61a66fcf
work/worker/20261002T161813_612411Z_e2e_player_resource_clock/godot2026-10-03T01.01.39.log,5833,69b0efa77d68dac6d69c8f9221bd05002fcb6e77,eb16337dd156f89b1db5603016fc925df92f7ed39e06ef71f6a26e854b51b0cc
work/worker/20261002T161813_612411Z_e2e_player_resource_clock/godot2026-10-03T01.18.14.log,14101,2fda7f6c56b48cf669eb79f7fc26e940b464d2d2,8cadc8d9a90e971073ade6c21dbb0b14ec5d25ec3583ed5123a4aa4f891929e7
work/worker/20261002T161813_612411Z_e2e_player_resource_clock/godot2026-10-03T01.18.18.log,5833,a1ed6f4d943d263c65a08a1b4281db2801e823a2,25c65fc52c568a1e23cdb76be5a1a19872a40d6f1bb7df4ed9d223123d091573
work/worker/20261002T161813_612411Z_e2e_player_resource_clock/run.ps1,213,51419093bd271d5e00fcaf5cfcab9c66120ff9c8,4c74ef43c8aadf2a6c1cd03dfd9fa3dc3fcf0d1d7c5bbcee76d56a72ee41ce21
work/worker/20261002T161813_613413Z_e2e_player_resource_clock/launch.json,372,34eb957c96834e958c1c3cc76e53d7d2b16dc235,6dbe2977d05c7111ee49ff59b4f51dbaaf70ad81b858e5ee4065e8c3f2ba55ea
work/worker/20261002T161813_613413Z_e2e_player_resource_clock/result.json,198,56f06447e3f73294b6dc39cb4be4b504d53cfc43,4bb291b7f5d0d87294fca8c74165c777fcac99067cdc6a893af17c43675e4954
work/worker/20261002T161813_613413Z_e2e_player_resource_clock/stderr.raw.log,0,e69de29bb2d1d6434b8b29ae775ad8c2e48c5391,e3b0c44298fc1c149afbf4c8996fb92427ae41e4649b934ca495991b7852b855
work/worker/20261002T161813_613413Z_e2e_player_resource_clock/stdout.raw.log,720,0eaa17ba39f3277419dbff16f643be491e214050,3aa627da0ab0c374dc8512b9587c91c940dda532449f70163ea1776369e8dd20
work/worker/20261002T161901_798086Z_e2e_parse_repair_02_diff/launch.json,296,a76803b01dffe0958e1dccc55a87a03d005d4b27,af76dfeea7211ccb12b6951cbdf5bc25ac98f5d5f15cf7638acd690d67276c3a
work/worker/20261002T161901_798086Z_e2e_parse_repair_02_diff/result.json,198,41a839e149de44052e1f461019f805d0685d6a6b,6bd7660498e857bf951ba59e343b6213da13a2d2f5ea40b38db1cfee5614ce48
work/worker/20261002T161901_798086Z_e2e_parse_repair_02_diff/stderr.raw.log,0,e69de29bb2d1d6434b8b29ae775ad8c2e48c5391,e3b0c44298fc1c149afbf4c8996fb92427ae41e4649b934ca495991b7852b855
work/worker/20261002T161901_798086Z_e2e_parse_repair_02_diff/stdout.raw.log,0,e69de29bb2d1d6434b8b29ae775ad8c2e48c5391,e3b0c44298fc1c149afbf4c8996fb92427ae41e4649b934ca495991b7852b855
work/worker/20261002T161904_851943Z_e2e_player_resource_clock/run.ps1,213,51419093bd271d5e00fcaf5cfcab9c66120ff9c8,4c74ef43c8aadf2a6c1cd03dfd9fa3dc3fcf0d1d7c5bbcee76d56a72ee41ce21
work/worker/20261002T161938_052630Z_e2e_player_resource_clock/detailed_logs.json,2006,6e89771c6607eab1d9a568f06a1bfe7608a6fb9b,1122e2be2455df533f559769678a787a16e2166db44bc6518b8499aadcbc0d03
work/worker/20261002T161938_052630Z_e2e_player_resource_clock/godot.log,1669,46d3fe71ec7643954915a5eb092cd3d7b845797f,84f5bf50d3b9edcf576b5535c61659b7dd6d4ebca31e5178497c12a4fe197616
work/worker/20261002T161938_052630Z_e2e_player_resource_clock/godot2026-10-03T01.18.14.log,14101,2fda7f6c56b48cf669eb79f7fc26e940b464d2d2,8cadc8d9a90e971073ade6c21dbb0b14ec5d25ec3583ed5123a4aa4f891929e7
work/worker/20261002T161938_052630Z_e2e_player_resource_clock/godot2026-10-03T01.18.18.log,5833,a1ed6f4d943d263c65a08a1b4281db2801e823a2,25c65fc52c568a1e23cdb76be5a1a19872a40d6f1bb7df4ed9d223123d091573
work/worker/20261002T161938_052630Z_e2e_player_resource_clock/godot2026-10-03T01.19.38.log,1747,e5dd274c806a1d2e71a32c73f30174a652def27b,61aa497c0d045f7cd9e7f84a606c41e209a4f19926d45c8a5f8da7fa6d8818ac
work/worker/20261002T161938_052630Z_e2e_player_resource_clock/godot2026-10-03T01.19.42.log,5833,ffc9d10334a45fcaa785065591dc8284c9647840,45f904709dc0a1da43700f12974af0978ac00abc1f0b766f3bf68f45a21732d1
work/worker/20261002T161938_052630Z_e2e_player_resource_clock/run.ps1,213,51419093bd271d5e00fcaf5cfcab9c66120ff9c8,4c74ef43c8aadf2a6c1cd03dfd9fa3dc3fcf0d1d7c5bbcee76d56a72ee41ce21
work/worker/20261002T161938_053630Z_e2e_player_resource_clock_2e277e62/launch.json,372,f23b6d171d805da8e508bbfe8d2c75c766384d1b,38251b2481ffcc51c0072135dcfa7884dcf4eb3d27db4d91bca8f05ba6020b4d
work/worker/20261002T161938_053630Z_e2e_player_resource_clock_2e277e62/result.json,198,c2c7dbde5892fe4bfa7af9eeb46c49ed3eabd65b,a14145503236f5304f9aa255d5f353a6446a0ebd367870e078d015a4d7ed00d9
work/worker/20261002T161938_053630Z_e2e_player_resource_clock_2e277e62/stderr.raw.log,0,e69de29bb2d1d6434b8b29ae775ad8c2e48c5391,e3b0c44298fc1c149afbf4c8996fb92427ae41e4649b934ca495991b7852b855
work/worker/20261002T161938_053630Z_e2e_player_resource_clock_2e277e62/stdout.raw.log,419,ec0531be41452fdadd3ba3a4cb313fe3edc10321,22d7db1ae0af712a8e610555859cdf4a942b5b69eb6e294c429b31e49fcfbd09
work/worker/20261002T162019_982551Z_span_actors_actor_visual_gd_6089f324/launch.json,316,66b631d47a5a5ef43585a170a22f378514dc246a,8aa5d4e11104e6d7d87159124f70c6c22385184a44fe7d8b569055f01b7f24d7
work/worker/20261002T162019_982551Z_span_actors_actor_visual_gd_6089f324/result.json,198,fe4eec9283f91cd52dc8082e9c92ef654608e2bb,8385599b09a0e874c77185f944704b84fff511f7ec676a7e6d7080078ed3bc1a
work/worker/20261002T162019_982551Z_span_actors_actor_visual_gd_6089f324/stderr.raw.log,0,e69de29bb2d1d6434b8b29ae775ad8c2e48c5391,e3b0c44298fc1c149afbf4c8996fb92427ae41e4649b934ca495991b7852b855
work/worker/20261002T162019_982551Z_span_actors_actor_visual_gd_6089f324/stdout.raw.log,94775,d70fcb615df0360779029bb8805227ae5171b968,f90debcb81de19a96433224235f8ae486ee4171d81e87ea1bc1bafb7eef46cfc
work/worker/20261002T162020_370747Z_git_status_c18c9dfb/launch.json,298,0987519df6f2d489a7a1391e4de22aea2d7c0cff,c9474914508c271579bcefbb889e7073c0cda435acce4156df8ca5548c6b9176
work/worker/20261002T162020_370747Z_git_status_c18c9dfb/result.json,198,db1798349ce13703b492d9a815020c052f2c2b23,f93299303e6f733afba0809aa63af6b48a3af39b08bdc012e1eb70b2bfbbb54f
work/worker/20261002T162020_370747Z_git_status_c18c9dfb/stderr.raw.log,170,0b27d5bd5347b69cca2723f84364510a8741fa9d,9a1f72268cadf802ae11494a58f31684e11b41128cbdf6108355dfb6495992e8
work/worker/20261002T162020_370747Z_git_status_c18c9dfb/stdout.raw.log,256,1d828674456a393e5672c8dd29f4159e54d4edf2,cc15e26d1e33f9837441ed05e5eeb530d86a9851a70d1d9b8a764c41313c3735
work/worker/20261002T162020_616529Z_span_actors_actor_visual_gd_35a79bee/launch.json,316,407c857299a632697840190604ca0305ccdd1a93,901573aa18540cca8dbe0baf01d8fb71f67fcf09361b23033fb6b63d3233e755
work/worker/20261002T162020_616529Z_span_actors_actor_visual_gd_35a79bee/result.json,198,fe4eec9283f91cd52dc8082e9c92ef654608e2bb,8385599b09a0e874c77185f944704b84fff511f7ec676a7e6d7080078ed3bc1a
work/worker/20261002T162020_616529Z_span_actors_actor_visual_gd_35a79bee/stderr.raw.log,0,e69de29bb2d1d6434b8b29ae775ad8c2e48c5391,e3b0c44298fc1c149afbf4c8996fb92427ae41e4649b934ca495991b7852b855
work/worker/20261002T162020_616529Z_span_actors_actor_visual_gd_35a79bee/stdout.raw.log,94775,d70fcb615df0360779029bb8805227ae5171b968,f90debcb81de19a96433224235f8ae486ee4171d81e87ea1bc1bafb7eef46cfc
work/worker/20261002T162029_181199Z_git_grep_00f4f680/launch.json,358,65690a89f41d0ef0e64fd2ec35afe3cafc128961,13d7fe560d8d44e0489fcbf22b5a0cf38dd19643b98406c1d3359f7d231d2be5
work/worker/20261002T162029_181199Z_git_grep_00f4f680/result.json,198,c461c7188931b0c3cc578ae60bf53f6c8311ff5f,7bc17dc9e4c44e0a70b8ea61e0d2dda83bac04a395f5a7072b7ee2002285277f
work/worker/20261002T162029_181199Z_git_grep_00f4f680/stderr.raw.log,0,e69de29bb2d1d6434b8b29ae775ad8c2e48c5391,e3b0c44298fc1c149afbf4c8996fb92427ae41e4649b934ca495991b7852b855
work/worker/20261002T162029_181199Z_git_grep_00f4f680/stdout.raw.log,55,dbcdf2f936587d68300d5b515b2b8284f2bf09e8,8f183574899f5426b670d9e8af86e2c57a455fdc6e713199496817b666955bc7
work/worker/20261002T162036_559089Z_span_actors_actor_visual_gd_57278e30/launch.json,316,8a68e62aced1247f76eba3bd07e3cd03d516e641,58af55a213103642d5010994b5543cea2753fcc5b697f9393c8d538b73e4ca95
work/worker/20261002T162036_559089Z_span_actors_actor_visual_gd_57278e30/result.json,198,fe4eec9283f91cd52dc8082e9c92ef654608e2bb,8385599b09a0e874c77185f944704b84fff511f7ec676a7e6d7080078ed3bc1a
work/worker/20261002T162036_559089Z_span_actors_actor_visual_gd_57278e30/stderr.raw.log,0,e69de29bb2d1d6434b8b29ae775ad8c2e48c5391,e3b0c44298fc1c149afbf4c8996fb92427ae41e4649b934ca495991b7852b855
work/worker/20261002T162036_559089Z_span_actors_actor_visual_gd_57278e30/stdout.raw.log,94775,d70fcb615df0360779029bb8805227ae5171b968,f90debcb81de19a96433224235f8ae486ee4171d81e87ea1bc1bafb7eef46cfc
work/worker/20261002T162230_532058Z_e2e_strengthening_03_diff_152eda38/launch.json,296,ada41bf69e1e77e157c1048f7068e4e1f348afa6,821c3db68e2006bec040c9c8eba239fc042a2ed8f6e9306aa88399fb5023cc5f
work/worker/20261002T162230_532058Z_e2e_strengthening_03_diff_152eda38/result.json,198,41a839e149de44052e1f461019f805d0685d6a6b,6bd7660498e857bf951ba59e343b6213da13a2d2f5ea40b38db1cfee5614ce48
work/worker/20261002T162230_532058Z_e2e_strengthening_03_diff_152eda38/stderr.raw.log,0,e69de29bb2d1d6434b8b29ae775ad8c2e48c5391,e3b0c44298fc1c149afbf4c8996fb92427ae41e4649b934ca495991b7852b855
work/worker/20261002T162230_532058Z_e2e_strengthening_03_diff_152eda38/stdout.raw.log,0,e69de29bb2d1d6434b8b29ae775ad8c2e48c5391,e3b0c44298fc1c149afbf4c8996fb92427ae41e4649b934ca495991b7852b855
work/worker/20261002T162235_774721Z_e2e_player_resource_clock/detailed_logs.json,2005,5e5755a6e3c4763b17d8084b3602311d68e06018,bf325995ae26bd5ca436afb627132c1a54148f861000fb06ef42fe24cc271f46
work/worker/20261002T162235_774721Z_e2e_player_resource_clock/godot.log,1698,d4d8310e62187df478b8abb14e788cfd60e4829c,41691be1bb4b4b0fbef45619b9f86976d28812204d600d8d477fde3ceabc89b1
work/worker/20261002T162235_774721Z_e2e_player_resource_clock/godot2026-10-03T01.19.38.log,1747,e5dd274c806a1d2e71a32c73f30174a652def27b,61aa497c0d045f7cd9e7f84a606c41e209a4f19926d45c8a5f8da7fa6d8818ac
work/worker/20261002T162235_774721Z_e2e_player_resource_clock/godot2026-10-03T01.19.42.log,5833,ffc9d10334a45fcaa785065591dc8284c9647840,45f904709dc0a1da43700f12974af0978ac00abc1f0b766f3bf68f45a21732d1
work/worker/20261002T162235_774721Z_e2e_player_resource_clock/godot2026-10-03T01.22.36.log,1669,46d3fe71ec7643954915a5eb092cd3d7b845797f,84f5bf50d3b9edcf576b5535c61659b7dd6d4ebca31e5178497c12a4fe197616
work/worker/20261002T162235_774721Z_e2e_player_resource_clock/godot2026-10-03T01.22.40.log,5833,1ab6816b8bb50c213eafa7ea7cdc6881f3f648bf,3caf9d81730e507d3d9697047d2fa1b1c3bbcf0214cbe02c75b27308d256bc37
work/worker/20261002T162235_774721Z_e2e_player_resource_clock/run.ps1,213,51419093bd271d5e00fcaf5cfcab9c66120ff9c8,4c74ef43c8aadf2a6c1cd03dfd9fa3dc3fcf0d1d7c5bbcee76d56a72ee41ce21
work/worker/20261002T162235_775721Z_e2e_player_resource_clock_e43fb5f0/launch.json,372,c72c6a7c30703f2ca6c91431d8801d138f286d47,c012dd3bd37438d7e3de3f4360da2461c22480c7e961c6ddcd75ba079c10e9f0
work/worker/20261002T162235_775721Z_e2e_player_resource_clock_e43fb5f0/result.json,198,4c64bc253c8380e6d0ee968a072cff9c523773c2,8b8169e1540db92bf33bafb70da0b525cb6a64a4d36fa100d535eff792a93771
work/worker/20261002T162235_775721Z_e2e_player_resource_clock_e43fb5f0/stderr.raw.log,0,e69de29bb2d1d6434b8b29ae775ad8c2e48c5391,e3b0c44298fc1c149afbf4c8996fb92427ae41e4649b934ca495991b7852b855
work/worker/20261002T162235_775721Z_e2e_player_resource_clock_e43fb5f0/stdout.raw.log,419,bf794e42e5aea54d0c4eeaad7d4b86fec98f3e88,2047b3f89926b880738def365d1473d2d5f3aef223839f7ca2a27b512d08de6b
work/worker/20261002T162508_477378Z__231ff2edc702/candidate_sources.json,519,47791514f0b1f0b07c3a29ce7481bba395e07211,94b4964cbe9acfc2faec03f3b917c3d12b8e9a622a5aff859dda1a91f8dc59f1
work/worker/20261002T162508_477378Z__231ff2edc702/completed_phase_logs/2c36c1dd37f659524f7d669866159f04b543b0482a17dc043f32036abd199913.godot.raw.log,5833,743b30e5197c720154c016fdab79ec4205395ef0,2c36c1dd37f659524f7d669866159f04b543b0482a17dc043f32036abd199913
work/worker/20261002T162508_477378Z__231ff2edc702/completed_phase_logs/2c36c1dd37f659524f7d669866159f04b543b0482a17dc043f32036abd199913.json,410,b228e36d68a0828f9de2751d9be0cb4f7598f5a2,3411b8da256b49d73be7f385f7fdf8d24c5f20c5625deebb3e0895df3071bc23
work/worker/20261002T162508_477378Z__231ff2edc702/completed_phase_logs/3caf9d81730e507d3d9697047d2fa1b1c3bbcf0214cbe02c75b27308d256bc37.godot.raw.log,5833,1ab6816b8bb50c213eafa7ea7cdc6881f3f648bf,3caf9d81730e507d3d9697047d2fa1b1c3bbcf0214cbe02c75b27308d256bc37
work/worker/20261002T162508_477378Z__231ff2edc702/completed_phase_logs/3caf9d81730e507d3d9697047d2fa1b1c3bbcf0214cbe02c75b27308d256bc37.json,410,dc2e270214d450f53b1f2afc40f75f6733b73d9e,cc12d2bae6444a3382623f07c5ef43fc8ffdfb252482fa2d4a4d7421fbebb490
work/worker/20261002T162508_477378Z__231ff2edc702/completed_phase_logs/41691be1bb4b4b0fbef45619b9f86976d28812204d600d8d477fde3ceabc89b1.godot.raw.log,1698,d4d8310e62187df478b8abb14e788cfd60e4829c,41691be1bb4b4b0fbef45619b9f86976d28812204d600d8d477fde3ceabc89b1
work/worker/20261002T162508_477378Z__231ff2edc702/completed_phase_logs/41691be1bb4b4b0fbef45619b9f86976d28812204d600d8d477fde3ceabc89b1.json,391,93fe59a2eae474948e67086e057797484b5de758,c1f1d7c6382c57a0010c9827cc754a6771231a56fce57bc336c0a7cb79f84ede
work/worker/20261002T162508_477378Z__231ff2edc702/completed_phase_logs/45f904709dc0a1da43700f12974af0978ac00abc1f0b766f3bf68f45a21732d1.godot.raw.log,5833,ffc9d10334a45fcaa785065591dc8284c9647840,45f904709dc0a1da43700f12974af0978ac00abc1f0b766f3bf68f45a21732d1
work/worker/20261002T162508_477378Z__231ff2edc702/completed_phase_logs/45f904709dc0a1da43700f12974af0978ac00abc1f0b766f3bf68f45a21732d1.json,410,f6b57f6ce54f3ba20632fcfa9fa511f6123e5bc1,144c4588fe8b73620c31d9d41e6af75f7f78770efe67e6f7c57378b3988a1d01
work/worker/20261002T162508_477378Z__231ff2edc702/completed_phase_logs/61aa497c0d045f7cd9e7f84a606c41e209a4f19926d45c8a5f8da7fa6d8818ac.godot.raw.log,1747,e5dd274c806a1d2e71a32c73f30174a652def27b,61aa497c0d045f7cd9e7f84a606c41e209a4f19926d45c8a5f8da7fa6d8818ac
work/worker/20261002T162508_477378Z__231ff2edc702/completed_phase_logs/61aa497c0d045f7cd9e7f84a606c41e209a4f19926d45c8a5f8da7fa6d8818ac.json,410,d6a459fa07b0c012c4cd1b6aa3d893769873f232,98d20b9c3d39eac8489c1c0b50e4b3888c85d779c0b6853d74b56c11452ca3b1
work/worker/20261002T162508_477378Z__231ff2edc702/completed_phase_logs/84f5bf50d3b9edcf576b5535c61659b7dd6d4ebca31e5178497c12a4fe197616.godot.raw.log,1669,46d3fe71ec7643954915a5eb092cd3d7b845797f,84f5bf50d3b9edcf576b5535c61659b7dd6d4ebca31e5178497c12a4fe197616
work/worker/20261002T162508_477378Z__231ff2edc702/completed_phase_logs/84f5bf50d3b9edcf576b5535c61659b7dd6d4ebca31e5178497c12a4fe197616.json,410,f167097ff30a4a8895fa0e3f7809bd21a498cea2,0ca648df4ba431a052093abb82fb91c5aefb5fd6f2d807fccd61b985339b4e2c
work/worker/20261002T162508_477378Z__231ff2edc702/completed_phase_logs/b3b9a72dd96e6550133b117ade2d4fe6d6c49c1f8b7c96a333d87fd702edb496.godot.raw.log,94465,bb0ac4f5a004bb0f53419d39713a5a867f42b6d5,b3b9a72dd96e6550133b117ade2d4fe6d6c49c1f8b7c96a333d87fd702edb496
work/worker/20261002T162508_477378Z__231ff2edc702/completed_phase_logs/b3b9a72dd96e6550133b117ade2d4fe6d6c49c1f8b7c96a333d87fd702edb496.json,392,f9bf02e44587259bec998205f3c7d9c075dbe8e6,61f77d4265643592847cb2c416f5a4ae1840c04dafd96ae6a3d3769d33c5ca4c
work/worker/20261002T162508_477378Z__231ff2edc702/completed_phase_logs/fcd73e53bf270003802fb6b4b163fe086425fd68b4f4fab359a476c4a380e8e9.godot.raw.log,3368,78dbae7324b494cbd865ac0c8d7d3b2fd6001b2b,fcd73e53bf270003802fb6b4b163fe086425fd68b4f4fab359a476c4a380e8e9
work/worker/20261002T162508_477378Z__231ff2edc702/completed_phase_logs/fcd73e53bf270003802fb6b4b163fe086425fd68b4f4fab359a476c4a380e8e9.json,391,7c0fbde2b40fd2fcc12cf318cbdd1b743195cf5c,9d5fa42a1091fda61a465dcbb254676be0ae69fd00cc8f5ec2ca76bf7c8fbb55
work/worker/20261002T162508_477378Z__231ff2edc702/detailed_logs.json,3161,07d886426e91bd5211997b5c649d756d123dfffc,952726db9ebd062fa1b01f03cd82cab557726888c7efd20186edb91e32db905e
work/worker/20261002T162508_477378Z__231ff2edc702/godot.log,3368,78dbae7324b494cbd865ac0c8d7d3b2fd6001b2b,fcd73e53bf270003802fb6b4b163fe086425fd68b4f4fab359a476c4a380e8e9
work/worker/20261002T162508_477378Z__231ff2edc702/godot2026-10-03T01.22.40.log,5833,1ab6816b8bb50c213eafa7ea7cdc6881f3f648bf,3caf9d81730e507d3d9697047d2fa1b1c3bbcf0214cbe02c75b27308d256bc37
work/worker/20261002T162508_477378Z__231ff2edc702/godot2026-10-03T01.25.09.log,1698,d4d8310e62187df478b8abb14e788cfd60e4829c,41691be1bb4b4b0fbef45619b9f86976d28812204d600d8d477fde3ceabc89b1
work/worker/20261002T162508_477378Z__231ff2edc702/godot2026-10-03T01.25.13.log,5833,743b30e5197c720154c016fdab79ec4205395ef0,2c36c1dd37f659524f7d669866159f04b543b0482a17dc043f32036abd199913
work/worker/20261002T162508_477378Z__231ff2edc702/godot2026-10-03T01.27.52.log,94465,bb0ac4f5a004bb0f53419d39713a5a867f42b6d5,b3b9a72dd96e6550133b117ade2d4fe6d6c49c1f8b7c96a333d87fd702edb496
work/worker/20261002T162508_477378Z__231ff2edc702/run.ps1,361,9db6d9336bd5024cb58155f06b7c46be6c86aa85,534cb3201149fa66d914201c0dd54d55fbd81988a0675f948d943790170400da
work/worker/20261002T162508_480379Z__e76604c033ba/launch.json,520,4223e8ca19832d9ae2d42c9136e9c081690918f0,1092fff51c125d6a3116d7f69919deb3e5a152a13a1f2e0ac601259c3da6c03a
work/worker/20261002T162508_480379Z__e76604c033ba/result.json,198,15ef470df3f43e6ee5255668c70769f2f6d97c1c,33d56a3cacf218070c374afc33ec2fb29f7162f7086012c15d12636b191002fc
work/worker/20261002T162508_480379Z__e76604c033ba/stderr.raw.log,0,e69de29bb2d1d6434b8b29ae775ad8c2e48c5391,e3b0c44298fc1c149afbf4c8996fb92427ae41e4649b934ca495991b7852b855
work/worker/20261002T162508_480379Z__e76604c033ba/stdout.raw.log,15938,3fc0e7ae198b3f2d896d93cfe846fbb5b26bce6a,1c47cfdde0e3f3b3314c7d5272073e8718ab251716d4f575009d541dd3869273
work/worker/20261002T162650_243371Z_spec_clarification_04_diff_ee3a349d/launch.json,296,ade15afc5bbbaac74d8e9fbc6eb3a46433e1b9bb,47459e5611b0ecb047de78c42454b962681d0394575aeb21d4d2055a97c3bbf3
work/worker/20261002T162650_243371Z_spec_clarification_04_diff_ee3a349d/result.json,198,59b58be86706d479c27b40c7ee73d149b76fbcb1,a732c819aae33983df15175e42d7e1fce4ed6eab027597c60492fc077b44bf9d
work/worker/20261002T162650_243371Z_spec_clarification_04_diff_ee3a349d/stderr.raw.log,133,826689308783a9230a118093a96529f662f3f1e2,4d78b7cb6e9af1e2cd5605b77934a42c19212f89b373f291dcd4f41407a687f0
work/worker/20261002T162650_243371Z_spec_clarification_04_diff_ee3a349d/stdout.raw.log,0,e69de29bb2d1d6434b8b29ae775ad8c2e48c5391,e3b0c44298fc1c149afbf4c8996fb92427ae41e4649b934ca495991b7852b855
work/worker/20261002T162754_128143Z_git_diff_d10d355b/launch.json,429,164683f8ddac08da70394fd1071e504d1e2e2c54,486a987e58e8cc735f21f2d4096d3fcea0744130a40f9c8a5afe076546debfc7
work/worker/20261002T162754_128143Z_git_diff_d10d355b/result.json,198,a084001775f276fa9925767d0f076af89fbbebff,ec62720af4e00a4527fb7f5c8593927638df390052af79981c11843604142407
work/worker/20261002T162754_128143Z_git_diff_d10d355b/stderr.raw.log,133,826689308783a9230a118093a96529f662f3f1e2,4d78b7cb6e9af1e2cd5605b77934a42c19212f89b373f291dcd4f41407a687f0
work/worker/20261002T162754_128143Z_git_diff_d10d355b/stdout.raw.log,6747,3356273fc81e3f7a63a58632e30aed02c1d5852d,5c1bc4cdb1990a456383bdf9228d202a081944be5f17770cf6d52067b6b4ddd7
work/worker/20261002T162948_826380Z_old_resource_source_c05b2559/launch.json,317,edd1d3edb38cd66f5f02106d8da86388d9788664,0264b7fa416b13349fd35c2219c4728e992f324e029d9d08554484f63f0c5d6a
work/worker/20261002T162948_826380Z_old_resource_source_c05b2559/result.json,198,9cce5b6fcebff6134143608bfe8e59e9bd00b9e2,397433d33257eb3d4ce24d7fefe1972900f044e92a7d1f4fb4e5517738a633f7
work/worker/20261002T162948_826380Z_old_resource_source_c05b2559/stderr.raw.log,0,e69de29bb2d1d6434b8b29ae775ad8c2e48c5391,e3b0c44298fc1c149afbf4c8996fb92427ae41e4649b934ca495991b7852b855
work/worker/20261002T162948_826380Z_old_resource_source_c05b2559/stdout.raw.log,109102,8d3ed999560d50ae50132c62be449058d32fcba7,5a9e551f55033eefa607dd6212c59640c2b01521e9151a90157cb1cac91ad086
work/worker/20261002T162948_865411Z_old_player_source_fbdc48c8/launch.json,310,fced6fab3164bf6c47982f178cdc90a08209822e,b493a703c07ace461a5e68f16a4b5ba78638335a17d90b568ecd4990c91020ec
work/worker/20261002T162948_865411Z_old_player_source_fbdc48c8/result.json,198,af4ad84316b862d5c459ccd79fab3f08bef76afd,ad913878d9accdca186a12d328a0d096c4c55f3a531497994a70b482e7f5213e
work/worker/20261002T162948_865411Z_old_player_source_fbdc48c8/stderr.raw.log,0,e69de29bb2d1d6434b8b29ae775ad8c2e48c5391,e3b0c44298fc1c149afbf4c8996fb92427ae41e4649b934ca495991b7852b855
work/worker/20261002T162948_865411Z_old_player_source_fbdc48c8/stdout.raw.log,37348,300bc49c5b7535c3cd4c8e332cb5e6992f04afaa,bdf9754e16d1ccfd544c9880944b4b969417daca082059eb9dd619a5e38669c2
work/worker/20261002T162948_905443Z_old_runner_source_f84b13c7/launch.json,317,3a626b164f262aeddf89ce0e158e1b241f6c2046,eb724c57ce778287a8445679d6f342617ae54d22ef77752b70c78a9c106af8de
work/worker/20261002T162948_905443Z_old_runner_source_f84b13c7/result.json,198,05bcb2b331b8e34f566eeca4a20d682262a486c7,8b943262c34a94d8c230faf5f84bae9a025b90d48cdd30fc2d6afabde3cbf49a
work/worker/20261002T162948_905443Z_old_runner_source_f84b13c7/stderr.raw.log,0,e69de29bb2d1d6434b8b29ae775ad8c2e48c5391,e3b0c44298fc1c149afbf4c8996fb92427ae41e4649b934ca495991b7852b855
work/worker/20261002T162948_905443Z_old_runner_source_f84b13c7/stdout.raw.log,24115,b9130ce559dd34918ec609c7f2538c11c2fba396,12e1d593b409972fffbf868a8e6692b52f6a0ffd26fa8b6256acb6723d5b820b
work/worker/20261002T162948_941226Z_doc_budget_30f88173/launch.json,189,ac02ed7e64983a8256cd91d7d9c8f65ff08defe5,8ea8e8ee5aba23d4bb8a98671995b0a908e48cff74e2a36cf3908be03460762b
work/worker/20261002T162948_941226Z_doc_budget_30f88173/result.json,198,0de6cbc2a79108e16c254b7863f7c73cd4164687,8462e32bb0c97991c1e6e7d76f35eb404fa6cabcaa07d73565e76955f2d8298d
work/worker/20261002T162948_941226Z_doc_budget_30f88173/stderr.raw.log,0,e69de29bb2d1d6434b8b29ae775ad8c2e48c5391,e3b0c44298fc1c149afbf4c8996fb92427ae41e4649b934ca495991b7852b855
work/worker/20261002T162948_941226Z_doc_budget_30f88173/stdout.raw.log,1247,352e0691e1e087faf383f57de1146e3b3b9fee5c,ba1202aeda3494ab9567313129956933348c1ae9de3c35135cc1824eb7ed3d69
work/worker/20261002T162949_041969Z_candidate_diff_check_3603848a/launch.json,296,b44366e75916c387c48732e97b8e0e1ffb91191a,74784ba6757aa51ff3fb701a67dfceeeda37d67e086df34ebf766b1441987859
work/worker/20261002T162949_041969Z_candidate_diff_check_3603848a/result.json,198,59b58be86706d479c27b40c7ee73d149b76fbcb1,a732c819aae33983df15175e42d7e1fce4ed6eab027597c60492fc077b44bf9d
work/worker/20261002T162949_041969Z_candidate_diff_check_3603848a/stderr.raw.log,133,826689308783a9230a118093a96529f662f3f1e2,4d78b7cb6e9af1e2cd5605b77934a42c19212f89b373f291dcd4f41407a687f0
work/worker/20261002T162949_041969Z_candidate_diff_check_3603848a/stdout.raw.log,0,e69de29bb2d1d6434b8b29ae775ad8c2e48c5391,e3b0c44298fc1c149afbf4c8996fb92427ae41e4649b934ca495991b7852b855
work/worker/20261002T162949_087001Z_candidate_status_before_13372299/launch.json,305,a1e403176a5914ad09cba3a9492f80ca22fbe69a,81b0f37476186f6e5147f4d4cc827a0bdee418eb5524e8a7b6bbdca6a418c522
work/worker/20261002T162949_087001Z_candidate_status_before_13372299/result.json,198,4720524a60690e234d2d2d78cb5ce1e53b346a36,9f0c86938c1bbc93b79f72e8d4033e1d0979fe3f947782280f202eded23edf49
work/worker/20261002T162949_087001Z_candidate_status_before_13372299/stderr.raw.log,0,e69de29bb2d1d6434b8b29ae775ad8c2e48c5391,e3b0c44298fc1c149afbf4c8996fb92427ae41e4649b934ca495991b7852b855
work/worker/20261002T162949_087001Z_candidate_status_before_13372299/stdout.raw.log,300,c502996159ecc010d10d2a3f7ea9459c825b6920,94efcaa33d69be1e762741dc02c3537fa074c126a723b6f0d23e2a776367e33e
work/worker/20261002T162949_134382Z_candidate_add_898d7805/launch.json,630,51426f39c4e8f8f6c07297592a60b655d888b31f,2a8f954a2cdf73375e2f70cc0b9afd3b5bf146cf125016bdc2f656ba534c04ab
work/worker/20261002T162949_134382Z_candidate_add_898d7805/result.json,198,59b58be86706d479c27b40c7ee73d149b76fbcb1,a732c819aae33983df15175e42d7e1fce4ed6eab027597c60492fc077b44bf9d
work/worker/20261002T162949_134382Z_candidate_add_898d7805/stderr.raw.log,133,826689308783a9230a118093a96529f662f3f1e2,4d78b7cb6e9af1e2cd5605b77934a42c19212f89b373f291dcd4f41407a687f0
work/worker/20261002T162949_134382Z_candidate_add_898d7805/stdout.raw.log,0,e69de29bb2d1d6434b8b29ae775ad8c2e48c5391,e3b0c44298fc1c149afbf4c8996fb92427ae41e4649b934ca495991b7852b855
work/worker/20261002T162949_201465Z_candidate_staged_diff_check_307a5c6f/launch.json,313,f37aba5c76036f831ec04e5cdcf6c7df2c089a6c,0a7945418f37693a13bd859391fbbdfda852796b48bafce583b323a46d481f8d
work/worker/20261002T162949_201465Z_candidate_staged_diff_check_307a5c6f/result.json,198,41a839e149de44052e1f461019f805d0685d6a6b,6bd7660498e857bf951ba59e343b6213da13a2d2f5ea40b38db1cfee5614ce48
work/worker/20261002T162949_201465Z_candidate_staged_diff_check_307a5c6f/stderr.raw.log,0,e69de29bb2d1d6434b8b29ae775ad8c2e48c5391,e3b0c44298fc1c149afbf4c8996fb92427ae41e4649b934ca495991b7852b855
work/worker/20261002T162949_201465Z_candidate_staged_diff_check_307a5c6f/stdout.raw.log,0,e69de29bb2d1d6434b8b29ae775ad8c2e48c5391,e3b0c44298fc1c149afbf4c8996fb92427ae41e4649b934ca495991b7852b855
work/worker/20261002T162949_240489Z_candidate_commit_12e9f71d/launch.json,563,f41751e0bd780c5cb7e43d20e42bb28c7a90da60,0940643b2b10ac395fe80a4a0431ae0c454373f8307246d2ea30bbb750ded555
work/worker/20261002T162949_240489Z_candidate_commit_12e9f71d/result.json,198,83a02005e9aaaf9781dd240e1b28522f71181b00,2eebd7ddb496d585bb9da8bcfbdc1a468712b35a992bcb5d505c669ee4ebafe3
work/worker/20261002T162949_240489Z_candidate_commit_12e9f71d/stderr.raw.log,0,e69de29bb2d1d6434b8b29ae775ad8c2e48c5391,e3b0c44298fc1c149afbf4c8996fb92427ae41e4649b934ca495991b7852b855
work/worker/20261002T162949_240489Z_candidate_commit_12e9f71d/stdout.raw.log,395,b108ca22b74bf482ab4192fa175b6b563eb8f696,3c7944c4241a8ff26fbbbdda16f73e031b7c3716336133f255efcfa4d8e79530
work/worker/20261002T162949_337416Z_candidate_status_after_8b5a7201/launch.json,305,4f9c07be64c767896b32fd0ac937023f9ac4e69d,6533f1b6914b30db66aab8713008e5fe252160368ad2fc4cf0d35b64b46e28c7
work/worker/20261002T162949_337416Z_candidate_status_after_8b5a7201/result.json,198,41a839e149de44052e1f461019f805d0685d6a6b,6bd7660498e857bf951ba59e343b6213da13a2d2f5ea40b38db1cfee5614ce48
work/worker/20261002T162949_337416Z_candidate_status_after_8b5a7201/stderr.raw.log,0,e69de29bb2d1d6434b8b29ae775ad8c2e48c5391,e3b0c44298fc1c149afbf4c8996fb92427ae41e4649b934ca495991b7852b855
work/worker/20261002T162949_337416Z_candidate_status_after_8b5a7201/stdout.raw.log,0,e69de29bb2d1d6434b8b29ae775ad8c2e48c5391,e3b0c44298fc1c149afbf4c8996fb92427ae41e4649b934ca495991b7852b855
work/worker/20261002T162949_431805Z_candidate_head_a70d7efd/launch.json,298,189c2898af8340b8c38fd20372343a714addc430,c4a2541cb4d6c5c1cf602a6c87b096fe77cb2012c624f88886d77e5cb3cd2c82
work/worker/20261002T162949_431805Z_candidate_head_a70d7efd/result.json,198,37743c96bbd2289797af7eaa99616c745b60f516,3e389ea3b182e82a25736b7ead12caeb7d5a696e495e06d409e5504edc86d972
work/worker/20261002T162949_431805Z_candidate_head_a70d7efd/stderr.raw.log,0,e69de29bb2d1d6434b8b29ae775ad8c2e48c5391,e3b0c44298fc1c149afbf4c8996fb92427ae41e4649b934ca495991b7852b855
work/worker/20261002T162949_431805Z_candidate_head_a70d7efd/stdout.raw.log,41,66333c62858c8c3d6522bfbdd1abe165742e1eec,9af9795fd02c652722df197a2ce9e5980d0ec0e0bd040752ed4ef988443f66c1
work/worker/CANDIDATE_01.json,1837,0988f6cdc83bc134f45563c14a649139155fcd8c,af87b3659c82dd8852470bcddcd50fd91c904d7ad0686d08e014f7f40ef53347
work/worker/RAW_AUDIT_01.json,66042,0af785593f63add467419f86931c63c96bee19cb,7bf998e9a80de65e302d4a6085c45087f36d504e439321bb5bffb9ccd52ac1ec
work/worker/RAW_AUDIT_02.json,66042,0af785593f63add467419f86931c63c96bee19cb,7bf998e9a80de65e302d4a6085c45087f36d504e439321bb5bffb9ccd52ac1ec
work/worker/TOOL_OBSERVED_AUDIT_PRINT_ERROR_01.json,737,2ac49bf604128822fe8d0a9c5fee01971654dcc2,94f0dc0220a062fda84acdec998825f2b1a1bd53366bf809a6b628efabcb8f16
work/worker/TOOL_OBSERVED_WRAPPER_ERRORS_01.json,2014,a8552c91314564253a1c99e4c47bf8cad22efd14,6f39a68480447a9139dfb19c43faf8bb7fd733bf24f690f2deaf09ba063ba11c
work/worker/before_e2e_parse_repair_02.gd,7636,35b77595d2422a2dbb68fc65bb0bccaa7075ee5e,45a433c38598ef9f7cb3be51a51d9bf2acffb2ddb965d08466136c62936e9623
work/worker/before_e2e_strengthening_03.gd,7649,ea2db54cd5ffb37a3b11226814f70bcf5a9abc31,983c29f315a26baa6628913ceae66292be256a86ea581cbff66971f27e68f7e6
work/worker/implementation_baseline_01.json,290,f46e4e708b259627ecb35d8b70177b97e128ee75,e2408f891f78849a1847a728d0b43ab18f2963457eae0f653efbd000892b1270
