path,category,approval_status,public_allowed,spoiler,storage,archive,download_url,bytes,sha256,source_repository,source_commit,source_context_commit,source_file_version,character,line,track,ui,width,height,fps,duration_seconds,capture_type,caption_ko,combat_hit_fixture,setup,editorial_note,hash_note
marketing/2026-10-10/.gitattributes,package_index,marketing_support,True,mixed_see_manifest,repository,,https://raw.githubusercontent.com/genesiskoo/joseon-assets/main/marketing/2026-10-10/.gitattributes,223,6735b7ed16b8ad9bb04cf64dc1438663f06b13d45df9c7bf18ed5935744caf85,,,,,,,,,,,,,,,,,,
marketing/2026-10-10/README.md,package_index,marketing_support,True,mixed_see_manifest,repository,,https://raw.githubusercontent.com/genesiskoo/joseon-assets/main/marketing/2026-10-10/README.md,9321,cdc06477fae1ad965d8cf93b98a466d58fdce0537248e7fa8fa7daf3c60bbb7c,,,,,,,,,,,,,,,,,,
marketing/2026-10-10/SHA256SUMS.txt,package_index,marketing_support,True,mixed_see_manifest,repository,,https://raw.githubusercontent.com/genesiskoo/joseon-assets/main/marketing/2026-10-10/SHA256SUMS.txt,527,2d30872939e651b3c10f3d8e9f686ceee0a8d6b9bbb7f9bba97eb22ac8a5dda7,,,,,,,,,,,,,,,,,,
marketing/2026-10-10/art/README.md,art_readme,informational,True,minor_setting,repository,,https://raw.githubusercontent.com/genesiskoo/joseon-assets/main/marketing/2026-10-10/art/README.md,3188,a6b14257c59b509657738d19f81fc3eb1b3867a2095cabb7e49f6ea0ebc3b1f9,genesiskoo/joseon-assets,33ee992580a404ae61e728d120c6d308da5067db,,,,,,,,,,,,SNS 아트 원본·후보·미보유 자료의 전달 안내. 후반 지역 배경 미리보기 포함.,,,,
marketing/2026-10-10/art/backgrounds/den_tunnel_confirmed_public_spoiler-none.png,background_concept,confirmed,True,none,release_zip,joseon-hunters-2026-10-10-art.zip,https://github.com/genesiskoo/joseon-assets/releases/download/marketing-2026-10-10/joseon-hunters-2026-10-10-art.zip,5802274,63d5c74927463977e52f7afaab7362a09335c73f39e96c3e17749ae7e2c5a9bb,genesiskoo/joseon-assets,,33ee992580a404ae61e728d120c6d308da5067db,approved_original_outside_git_tree_identified_by_sha256,,,,,2720,1536,,,,흑랑 굴 통로 컨셉아트 확정본,,,,
marketing/2026-10-10/art/backgrounds/mine_shaft_confirmed_public_spoiler-minor-setting.png,background_concept,confirmed,True,minor_setting,release_zip,joseon-hunters-2026-10-10-art.zip,https://github.com/genesiskoo/joseon-assets/releases/download/marketing-2026-10-10/joseon-hunters-2026-10-10-art.zip,6121038,83a9443d21bcea5086109212d1548c14c9589c24444d3b87507371df2fb4724a,genesiskoo/joseon-assets,,33ee992580a404ae61e728d120c6d308da5067db,approved_original_outside_git_tree_identified_by_sha256,,,,,2720,1536,,,,쇠부리 폐광 통로 컨셉아트 확정본 · 후반 지역 배경을 보여주는 경미한 장소 스포일러,,,,
marketing/2026-10-10/art/backgrounds/tiger_tunnel_confirmed_public_spoiler-minor-setting.png,background_concept,confirmed,True,minor_setting,release_zip,joseon-hunters-2026-10-10-art.zip,https://github.com/genesiskoo/joseon-assets/releases/download/marketing-2026-10-10/joseon-hunters-2026-10-10-art.zip,6946146,87b8e477f90993f1c80db9e49c0a000356feba6d29d2bf3af858d66bc40cbed3,genesiskoo/joseon-assets,,33ee992580a404ae61e728d120c6d308da5067db,approved_original_outside_git_tree_identified_by_sha256,,,,,2720,1536,,,,범굴 통로 컨셉아트 확정본 · 후반 지역 배경을 보여주는 경미한 장소 스포일러,,,,
marketing/2026-10-10/art/backgrounds/town_plaza_confirmed_public_spoiler-none.png,background_concept,confirmed,True,none,release_zip,joseon-hunters-2026-10-10-art.zip,https://github.com/genesiskoo/joseon-assets/releases/download/marketing-2026-10-10/joseon-hunters-2026-10-10-art.zip,7562152,9997f5ecdf6ff08c754154f50dd1b0b5679aa8e688d081d0ce20940ca07fbf3c,genesiskoo/joseon-assets,,33ee992580a404ae61e728d120c6d308da5067db,approved_original_outside_git_tree_identified_by_sha256,,,,,2720,1536,,,,못골 광장 컨셉아트 확정본,,,,
marketing/2026-10-10/art/backgrounds/town_pond_confirmed_public_spoiler-none.png,background_concept,confirmed,True,none,release_zip,joseon-hunters-2026-10-10-art.zip,https://github.com/genesiskoo/joseon-assets/releases/download/marketing-2026-10-10/joseon-hunters-2026-10-10-art.zip,6385069,28acd10a2633e2d6b4ad698f50bc2324ee143473ffa9704b97ab2c75dec8715e,genesiskoo/joseon-assets,,33ee992580a404ae61e728d120c6d308da5067db,approved_original_outside_git_tree_identified_by_sha256,,,,,2720,1536,,,,못골 연못 컨셉아트 확정본,,,,
marketing/2026-10-10/art/backgrounds/town_seal_gate_confirmed_public_spoiler-none.png,background_concept,confirmed,True,none,release_zip,joseon-hunters-2026-10-10-art.zip,https://github.com/genesiskoo/joseon-assets/releases/download/marketing-2026-10-10/joseon-hunters-2026-10-10-art.zip,6246435,63c82ecc5edce7fe49521b8042edfbb58674b60b4720bd7378cd00f9c5d8ae39,genesiskoo/joseon-assets,,33ee992580a404ae61e728d120c6d308da5067db,approved_original_outside_git_tree_identified_by_sha256,,,,,2720,1536,,,,못골 봉인문 컨셉아트 확정본,,,,
marketing/2026-10-10/art/backgrounds/town_shrine_confirmed_public_spoiler-none.png,background_concept,confirmed,True,none,release_zip,joseon-hunters-2026-10-10-art.zip,https://github.com/genesiskoo/joseon-assets/releases/download/marketing-2026-10-10/joseon-hunters-2026-10-10-art.zip,7262625,07334fc1635b44fa3bd6955282b88c79e53ad62e6181a968dd6b6d739bde1146,genesiskoo/joseon-assets,,33ee992580a404ae61e728d120c6d308da5067db,approved_original_outside_git_tree_identified_by_sha256,,,,,2720,1536,,,,못골 서낭당 컨셉아트 확정본,,,,
marketing/2026-10-10/art/brand_masters/title_galpil_confirmed_public_spoiler-none.png,brand_master,confirmed,True,none,release_zip,joseon-hunters-2026-10-10-art.zip,https://github.com/genesiskoo/joseon-assets/releases/download/marketing-2026-10-10/joseon-hunters-2026-10-10-art.zip,2033405,5d9655e7ef4371a21e5239c8b5e832f5c5b353619fea22dea60b592b546dc016,genesiskoo/joseon-assets,33ee992580a404ae61e728d120c6d308da5067db,,source_git_blob_sha256_verified,,,,,1536,1024,,,,"갈필 공식 브랜드 마스터 · 배경 포함 RGB, 투명 로고 아님",,,,
marketing/2026-10-10/art/brand_masters/title_nongmuk_confirmed_public_spoiler-none.png,brand_master,confirmed,True,none,release_zip,joseon-hunters-2026-10-10-art.zip,https://github.com/genesiskoo/joseon-assets/releases/download/marketing-2026-10-10/joseon-hunters-2026-10-10-art.zip,2643660,5e5aa39a5482633729ab286394fb9a31e274d5e2588538b44d68b899b45a0001,genesiskoo/joseon-assets,33ee992580a404ae61e728d120c6d308da5067db,,source_git_blob_sha256_verified,,,,,1536,1024,,,,"농묵 공식 브랜드 마스터 · 배경 포함 RGB, 투명 로고 아님",,,,
marketing/2026-10-10/art/cutouts/candidate/shaman_grandma_neutral_A_candidate_public_spoiler-none.png,portrait,candidate,True,none,release_zip,joseon-hunters-2026-10-10-art.zip,https://github.com/genesiskoo/joseon-assets/releases/download/marketing-2026-10-10/joseon-hunters-2026-10-10-art.zip,2119405,dba4c95ed7935f207467678886b4c6d7bf97f65b227a3d4cc5ee25a9cfdc4622,genesiskoo/joseon-assets,33ee992580a404ae61e728d120c6d308da5067db,,source_git_blob_sha256_verified,무당 할매,,,,1024,1536,,,,"무당 할매 · 기본 · 후보 A · 디자인 검토용, 게임 반입 미합격",,,,
marketing/2026-10-10/art/cutouts/candidate/shaman_grandma_neutral_B_candidate_public_spoiler-none.png,portrait,candidate,True,none,release_zip,joseon-hunters-2026-10-10-art.zip,https://github.com/genesiskoo/joseon-assets/releases/download/marketing-2026-10-10/joseon-hunters-2026-10-10-art.zip,2025729,82a844df76700e2bd22dbde5071e8c9c1879ecc610c830cb5abaef601b2e9c4c,genesiskoo/joseon-assets,33ee992580a404ae61e728d120c6d308da5067db,,source_git_blob_sha256_verified,무당 할매,,,,1024,1536,,,,"무당 할매 · 기본 · 후보 B · 디자인 검토용, 게임 반입 미합격",,,,
marketing/2026-10-10/art/cutouts/candidate/shaman_grandma_serious_A_candidate_public_spoiler-none.png,portrait,candidate,True,none,release_zip,joseon-hunters-2026-10-10-art.zip,https://github.com/genesiskoo/joseon-assets/releases/download/marketing-2026-10-10/joseon-hunters-2026-10-10-art.zip,2065739,25600ca74f493df55ae7bb5e15cf4e62a564530a794e3048168bc563cc294a87,genesiskoo/joseon-assets,33ee992580a404ae61e728d120c6d308da5067db,,source_git_blob_sha256_verified,무당 할매,,,,1024,1536,,,,"무당 할매 · 진지 · 후보 A · 디자인 검토용, 게임 반입 미합격",,,,
marketing/2026-10-10/art/cutouts/candidate/shaman_grandma_serious_B_candidate_public_spoiler-none.png,portrait,candidate,True,none,release_zip,joseon-hunters-2026-10-10-art.zip,https://github.com/genesiskoo/joseon-assets/releases/download/marketing-2026-10-10/joseon-hunters-2026-10-10-art.zip,2124232,d4f269098f829e4d92c7d996491cdd8a5dc25dde6915435e515a9bbe35bea582,genesiskoo/joseon-assets,33ee992580a404ae61e728d120c6d308da5067db,,source_git_blob_sha256_verified,무당 할매,,,,1024,1536,,,,"무당 할매 · 진지 · 후보 B · 디자인 검토용, 게임 반입 미합격",,,,
marketing/2026-10-10/art/cutouts/candidate/tavern_keeper_neutral_A_candidate_public_spoiler-none.png,portrait,candidate,True,none,release_zip,joseon-hunters-2026-10-10-art.zip,https://github.com/genesiskoo/joseon-assets/releases/download/marketing-2026-10-10/joseon-hunters-2026-10-10-art.zip,2035233,f0664d959e7cff40e361d9bd5d68d97232e6471c7f0c1e40de8c9523b721dfa8,genesiskoo/joseon-assets,33ee992580a404ae61e728d120c6d308da5067db,,source_git_blob_sha256_verified,주모,,,,1024,1536,,,,"주모 · 기본 · 후보 A · 디자인 검토용, 게임 반입 미합격",,,,
marketing/2026-10-10/art/cutouts/candidate/tavern_keeper_neutral_B_candidate_public_spoiler-none.png,portrait,candidate,True,none,release_zip,joseon-hunters-2026-10-10-art.zip,https://github.com/genesiskoo/joseon-assets/releases/download/marketing-2026-10-10/joseon-hunters-2026-10-10-art.zip,1973343,4fd948225c0641374676d8caf3755144c1da8ee63f99d9a91a239655f15eb85f,genesiskoo/joseon-assets,33ee992580a404ae61e728d120c6d308da5067db,,source_git_blob_sha256_verified,주모,,,,1024,1536,,,,"주모 · 기본 · 후보 B · 디자인 검토용, 게임 반입 미합격",,,,
marketing/2026-10-10/art/cutouts/candidate/tavern_keeper_smile_A_candidate_public_spoiler-none.png,portrait,candidate,True,none,release_zip,joseon-hunters-2026-10-10-art.zip,https://github.com/genesiskoo/joseon-assets/releases/download/marketing-2026-10-10/joseon-hunters-2026-10-10-art.zip,1979008,2b7b5c763081e068056dc681b92c9ceb2a996f3ff65f5d316c76e45167b0512c,genesiskoo/joseon-assets,33ee992580a404ae61e728d120c6d308da5067db,,source_git_blob_sha256_verified,주모,,,,1024,1536,,,,"주모 · 웃음 · 후보 A · 디자인 검토용, 게임 반입 미합격",,,,
marketing/2026-10-10/art/cutouts/candidate/tavern_keeper_smile_B_candidate_public_spoiler-none.png,portrait,candidate,True,none,release_zip,joseon-hunters-2026-10-10-art.zip,https://github.com/genesiskoo/joseon-assets/releases/download/marketing-2026-10-10/joseon-hunters-2026-10-10-art.zip,1918116,3a75eba59d7b8e19fb18f9854964b3ab1faa683d786b4cb1de8d3fc79b5bcda2,genesiskoo/joseon-assets,33ee992580a404ae61e728d120c6d308da5067db,,source_git_blob_sha256_verified,주모,,,,1024,1536,,,,"주모 · 웃음 · 후보 B · 디자인 검토용, 게임 반입 미합격",,,,
marketing/2026-10-10/art/cutouts/candidate/village_chief_neutral_A_candidate_public_spoiler-none.png,portrait,candidate,True,none,release_zip,joseon-hunters-2026-10-10-art.zip,https://github.com/genesiskoo/joseon-assets/releases/download/marketing-2026-10-10/joseon-hunters-2026-10-10-art.zip,1895386,81cb325d230bea82eb4e77556a3ff2d91c411468317346764d052d1c62b02813,genesiskoo/joseon-assets,33ee992580a404ae61e728d120c6d308da5067db,,source_git_blob_sha256_verified,촌장,,,,1024,1536,,,,"촌장 · 기본 · 후보 A · 디자인 검토용, 게임 반입 미합격",,,,
marketing/2026-10-10/art/cutouts/candidate/village_chief_neutral_B_candidate_public_spoiler-none.png,portrait,candidate,True,none,release_zip,joseon-hunters-2026-10-10-art.zip,https://github.com/genesiskoo/joseon-assets/releases/download/marketing-2026-10-10/joseon-hunters-2026-10-10-art.zip,1951219,1147179a94e19c6178ed0fcd0cc8b76c2fa658c8fab74f1dd99b6b32f12913b7,genesiskoo/joseon-assets,33ee992580a404ae61e728d120c6d308da5067db,,source_git_blob_sha256_verified,촌장,,,,1024,1536,,,,"촌장 · 기본 · 후보 B · 디자인 검토용, 게임 반입 미합격",,,,
marketing/2026-10-10/art/cutouts/candidate/village_chief_smile_A_candidate_public_spoiler-none.png,portrait,candidate,True,none,release_zip,joseon-hunters-2026-10-10-art.zip,https://github.com/genesiskoo/joseon-assets/releases/download/marketing-2026-10-10/joseon-hunters-2026-10-10-art.zip,1909573,784b9fa542846d61a5162bc94ad1e5086a619e251fc28046e2a8018a3b01ab9d,genesiskoo/joseon-assets,33ee992580a404ae61e728d120c6d308da5067db,,source_git_blob_sha256_verified,촌장,,,,1024,1536,,,,"촌장 · 웃음 · 후보 A · 디자인 검토용, 게임 반입 미합격",,,,
marketing/2026-10-10/art/cutouts/candidate/village_chief_smile_B_candidate_public_spoiler-none.png,portrait,candidate,True,none,release_zip,joseon-hunters-2026-10-10-art.zip,https://github.com/genesiskoo/joseon-assets/releases/download/marketing-2026-10-10/joseon-hunters-2026-10-10-art.zip,1892341,57edba35ced4506df5eba21b35c02d23106ca2cae1ab2af1c9da5e4c42959cf5,genesiskoo/joseon-assets,33ee992580a404ae61e728d120c6d308da5067db,,source_git_blob_sha256_verified,촌장,,,,1024,1536,,,,"촌장 · 웃음 · 후보 B · 디자인 검토용, 게임 반입 미합격",,,,
marketing/2026-10-10/art/cutouts/confirmed/doho_neutral_confirmed_public_spoiler-none.png,portrait,confirmed,True,none,release_zip,joseon-hunters-2026-10-10-art.zip,https://github.com/genesiskoo/joseon-assets/releases/download/marketing-2026-10-10/joseon-hunters-2026-10-10-art.zip,1607596,522b0357e833bb2aa3ac4974013fd809401f7356bb56bb9ec1bccd6527d4ddd1,genesiskoo/joseon-assets,33ee992580a404ae61e728d120c6d308da5067db,,source_git_blob_sha256_verified,도호,,,,1024,1536,,,,도호 · 기본 · 확정본,,,,
marketing/2026-10-10/art/cutouts/confirmed/doho_serious_confirmed_public_spoiler-none.png,portrait,confirmed,True,none,release_zip,joseon-hunters-2026-10-10-art.zip,https://github.com/genesiskoo/joseon-assets/releases/download/marketing-2026-10-10/joseon-hunters-2026-10-10-art.zip,1565371,24dfb5acbc0321f42277820dbee4f81e5334ac2aff8ece1b4f59ca87dc3daee7,genesiskoo/joseon-assets,33ee992580a404ae61e728d120c6d308da5067db,,source_git_blob_sha256_verified,도호,,,,1024,1536,,,,도호 · 진지 · 확정본,,,,
marketing/2026-10-10/art/cutouts/confirmed/doho_smug_confirmed_public_spoiler-none.png,portrait,confirmed,True,none,release_zip,joseon-hunters-2026-10-10-art.zip,https://github.com/genesiskoo/joseon-assets/releases/download/marketing-2026-10-10/joseon-hunters-2026-10-10-art.zip,1585410,e3dde31273a6ca964928e729e3d2268eaca9e4b7237ce254dbebadce6ab6ad57,genesiskoo/joseon-assets,33ee992580a404ae61e728d120c6d308da5067db,,source_git_blob_sha256_verified,도호,,,,1024,1536,,,,도호 · 능청 · 확정본,,,,
marketing/2026-10-10/art/cutouts/confirmed/eoksoe_neutral_confirmed_public_spoiler-none.png,portrait,confirmed,True,none,release_zip,joseon-hunters-2026-10-10-art.zip,https://github.com/genesiskoo/joseon-assets/releases/download/marketing-2026-10-10/joseon-hunters-2026-10-10-art.zip,2256873,964c516f3f98814d19dc36698932282b833e2670f13a69bd7c9987cb004d6435,genesiskoo/joseon-assets,33ee992580a404ae61e728d120c6d308da5067db,,source_git_blob_sha256_verified,억쇠,,,,1024,1536,,,,억쇠 · 기본 · 확정본,,,,
marketing/2026-10-10/art/cutouts/confirmed/eoksoe_smile_confirmed_public_spoiler-none.png,portrait,confirmed,True,none,release_zip,joseon-hunters-2026-10-10-art.zip,https://github.com/genesiskoo/joseon-assets/releases/download/marketing-2026-10-10/joseon-hunters-2026-10-10-art.zip,2144288,7dbfbcd28051b661a298d9c435bb93045166d3cdf54a1ac9188763a139864beb,genesiskoo/joseon-assets,33ee992580a404ae61e728d120c6d308da5067db,,source_git_blob_sha256_verified,억쇠,,,,1024,1536,,,,억쇠 · 웃음 · 확정본,,,,
marketing/2026-10-10/art/cutouts/confirmed/kim_elder_neutral_confirmed_public_spoiler-none.png,portrait,confirmed,True,none,release_zip,joseon-hunters-2026-10-10-art.zip,https://github.com/genesiskoo/joseon-assets/releases/download/marketing-2026-10-10/joseon-hunters-2026-10-10-art.zip,1588561,df61a1b15d7d18c9b5adc1ab1e434d6d47e8b8863386040a790e40cf092d9f79,genesiskoo/joseon-assets,33ee992580a404ae61e728d120c6d308da5067db,,source_git_blob_sha256_verified,김 영감,,,,1024,1536,,,,김 영감 · 기본 · 확정본,,,,
marketing/2026-10-10/art/cutouts/confirmed/kim_elder_smile_confirmed_public_spoiler-none.png,portrait,confirmed,True,none,release_zip,joseon-hunters-2026-10-10-art.zip,https://github.com/genesiskoo/joseon-assets/releases/download/marketing-2026-10-10/joseon-hunters-2026-10-10-art.zip,1545711,549a5f20f88e9c07612c87ec5dd85a05a4c1f8ae608ba37c723378714271970a,genesiskoo/joseon-assets,33ee992580a404ae61e728d120c6d308da5067db,,source_git_blob_sha256_verified,김 영감,,,,1024,1536,,,,김 영감 · 웃음 · 확정본,,,,
marketing/2026-10-10/art/illustrations/h1_keyart_confirmed_public_spoiler-none.png,key_visual,confirmed,True,none,release_zip,joseon-hunters-2026-10-10-art.zip,https://github.com/genesiskoo/joseon-assets/releases/download/marketing-2026-10-10/joseon-hunters-2026-10-10-art.zip,2638627,25fc995e23b3bfa098bde79e71d73086ef7ff0ddb254aa2f1ce93b631140e6c0,genesiskoo/joseon-assets,33ee992580a404ae61e728d120c6d308da5067db,,source_git_blob_sha256_verified,,,,,1671,941,,,,도호·귀새·청연 캐스트 키 비주얼. EA 플레이 캐릭터는 도호 1명입니다.,,,,
marketing/2026-10-10/art/illustrations/title_motgol_confirmed_public_spoiler-none.png,background_illustration,confirmed,True,none,release_zip,joseon-hunters-2026-10-10-art.zip,https://github.com/genesiskoo/joseon-assets/releases/download/marketing-2026-10-10/joseon-hunters-2026-10-10-art.zip,2027299,7be70f3edf62496febd086b02ff8647182bc6089c557553007b19e233d46b02e,genesiskoo/joseon-assets,33ee992580a404ae61e728d120c6d308da5067db,,source_git_blob_sha256_verified,,,,,1536,864,,,,못골 마을 타이틀 배경 확정본,,,,
marketing/2026-10-10/art/logos/logo_kr_en_candidate_public_spoiler-none.png,logo,candidate,True,none,release_zip,joseon-hunters-2026-10-10-art.zip,https://github.com/genesiskoo/joseon-assets/releases/download/marketing-2026-10-10/joseon-hunters-2026-10-10-art.zip,685946,9c19ddc69f53f31ec50092b75ad3eb4807d13323fe2245949a4038e146cfe8dd,genesiskoo/joseon-assets,33ee992580a404ae61e728d120c6d308da5067db,,source_git_blob_sha256_verified,,,,,1280,720,,,,한글·영문 결합 로고 후보 · 투명 배경,,,,
marketing/2026-10-10/art/logos/logo_kr_runtime_confirmed_public_spoiler-none.png,logo,confirmed,True,none,release_zip,joseon-hunters-2026-10-10-art.zip,https://github.com/genesiskoo/joseon-assets/releases/download/marketing-2026-10-10/joseon-hunters-2026-10-10-art.zip,828918,7d46106e309231f396ee7aa8f63b0e48a10b5d6d6089c2803df0ba73c55ae2e4,genesiskoo/joseon-assets,33ee992580a404ae61e728d120c6d308da5067db,,source_git_blob_sha256_verified,,,,,1315,356,,,,한글 확정 로고 · 투명 배경,,,,
marketing/2026-10-10/art/portrait_availability_public_spoiler-none.csv,availability_matrix,informational,True,none,repository,,https://raw.githubusercontent.com/genesiskoo/joseon-assets/main/marketing/2026-10-10/art/portrait_availability_public_spoiler-none.csv,4621,e946b233d1f6b1e0b7e681ebfc5da339035e906a88a3cc390ebb31a3ca2c70a7,genesiskoo/joseon-assets,33ee992580a404ae61e728d120c6d308da5067db,,,,,,,,,,,,캐릭터별 요청 표정 30칸의 실제 보유 현황. 미보유 표정을 표시합니다.,,,,
marketing/2026-10-10/art/previews/01_portraits_confirmed_public_spoiler-none.jpg,art_preview,confirmed,True,none,repository,,https://raw.githubusercontent.com/genesiskoo/joseon-assets/main/marketing/2026-10-10/art/previews/01_portraits_confirmed_public_spoiler-none.jpg,212105,455f966b3c6bc87afe45796ddc840e63fc64f00d0bf4efe37dcca5af51ae8868,genesiskoo/joseon-assets + genesiskoo/joseon-hunters,,,,,,,,1200,1202,,,,확정 초상 · native 1024×1536 · 공개용 미리보기,,,,
marketing/2026-10-10/art/previews/02_portraits_candidate_public_spoiler-none.jpg,art_preview,candidate,True,none,repository,,https://raw.githubusercontent.com/genesiskoo/joseon-assets/main/marketing/2026-10-10/art/previews/02_portraits_candidate_public_spoiler-none.jpg,187395,cb9094a86a8e1fbf5ff8c3d88e0ab0917c3e0121e2459526920b12b2ce74d851,genesiskoo/joseon-assets + genesiskoo/joseon-hunters,,,,,,,,1200,992,,,,마을 NPC 초상 후보 · native 1024×1536 · 공개용 미리보기,,,,
marketing/2026-10-10/art/previews/03_portraits_supplement_public_spoiler-none.jpg,art_preview,confirmed,True,none,repository,,https://raw.githubusercontent.com/genesiskoo/joseon-assets/main/marketing/2026-10-10/art/previews/03_portraits_supplement_public_spoiler-none.jpg,80672,10573da8abbc6d8e5732a3eada7846ec5f41c4b5e9a18b9e9f8756e9d6e56173,genesiskoo/joseon-assets + genesiskoo/joseon-hunters,,,,,,,,1200,552,,,,확정 idle 첫 프레임 · 저해상도 보충자료 · 공개용 미리보기,,,,
marketing/2026-10-10/art/previews/04_backgrounds_confirmed_public_spoiler-minor-setting.jpg,art_preview,confirmed,True,minor_setting,repository,,https://raw.githubusercontent.com/genesiskoo/joseon-assets/main/marketing/2026-10-10/art/previews/04_backgrounds_confirmed_public_spoiler-minor-setting.jpg,149930,5935cbbb47dc0e2a7faf7fc484770b37b4ef1f9fc73bed56c8677de5e6587c73,genesiskoo/joseon-assets + genesiskoo/joseon-hunters,,,,,,,,1200,1007,,,,못골 · 던전 컨셉아트 확정본 / 후반 지역 2장 포함 · 공개용 미리보기,,,,
marketing/2026-10-10/art/previews/05_illustrations_confirmed_public_spoiler-none.jpg,art_preview,confirmed,True,none,repository,,https://raw.githubusercontent.com/genesiskoo/joseon-assets/main/marketing/2026-10-10/art/previews/05_illustrations_confirmed_public_spoiler-none.jpg,200394,de35429fb81473a0d814a81454d185fcdfd4c8dc3bb32fddb1f4d19e39d13f88,genesiskoo/joseon-assets + genesiskoo/joseon-hunters,,,,,,,,1200,972,,,,키 비주얼 · 못골 배경 · 공식 먹 타이틀 마스터 · 공개용 미리보기,,,,
marketing/2026-10-10/art/previews/06_logos_public_spoiler-none.jpg,art_preview,mixed,True,none,repository,,https://raw.githubusercontent.com/genesiskoo/joseon-assets/main/marketing/2026-10-10/art/previews/06_logos_public_spoiler-none.jpg,146823,300993f65004a114260603bf497d575d00d0e1a8e319459af88d8fcd3c770caa,genesiskoo/joseon-assets + genesiskoo/joseon-hunters,,,,,,,,1200,1072,,,,투명 로고 · 한글 확정 / 한글·영문 결합 후보 · 공개용 미리보기,,,,
marketing/2026-10-10/art/supplements/low_resolution/doho_neutral_native480x864_confirmed_public_spoiler-none.png,portrait_supplement,confirmed,True,none,release_zip,joseon-hunters-2026-10-10-art.zip,https://github.com/genesiskoo/joseon-assets/releases/download/marketing-2026-10-10/joseon-hunters-2026-10-10-art.zip,285320,b75861a5c0b73900a736c9e8268f0dc0133d6896043bed8410421795061dc04f,genesiskoo/joseon-hunters,627061d8021ce3013afae09f3c1cc1abaccc858a,,source_git_blob_sha256_verified,도호,,,,480,864,,,,"도호 · 기본 · 확정본 · 저해상도 보충자료, 원본 480×864",,,,
marketing/2026-10-10/art/supplements/low_resolution/kim_elder_neutral_native480x864_confirmed_public_spoiler-none.png,portrait_supplement,confirmed,True,none,release_zip,joseon-hunters-2026-10-10-art.zip,https://github.com/genesiskoo/joseon-assets/releases/download/marketing-2026-10-10/joseon-hunters-2026-10-10-art.zip,379401,777343f662edef98dffac41e6076bb9af0ba5f0073e817cda64a3b6327d95d06,genesiskoo/joseon-hunters,627061d8021ce3013afae09f3c1cc1abaccc858a,,source_git_blob_sha256_verified,김 영감,,,,480,864,,,,"김 영감 · 기본 · 확정본 · 저해상도 보충자료, 원본 480×864",,,,
marketing/2026-10-10/art/supplements/low_resolution/shaman_grandma_neutral_native480x864_confirmed_public_spoiler-none.png,portrait_supplement,confirmed,True,none,release_zip,joseon-hunters-2026-10-10-art.zip,https://github.com/genesiskoo/joseon-assets/releases/download/marketing-2026-10-10/joseon-hunters-2026-10-10-art.zip,295996,d9d54da99c9975414b4ee94c948adcc6d7d24fc3a333bcb0392dea7fe4f63359,genesiskoo/joseon-hunters,627061d8021ce3013afae09f3c1cc1abaccc858a,,source_git_blob_sha256_verified,무당 할매,,,,480,864,,,,"무당 할매 · 기본 · 확정본 · 저해상도 보충자료, 원본 480×864",,,,
marketing/2026-10-10/art/supplements/low_resolution/tavern_keeper_neutral_native480x864_confirmed_public_spoiler-none.png,portrait_supplement,confirmed,True,none,release_zip,joseon-hunters-2026-10-10-art.zip,https://github.com/genesiskoo/joseon-assets/releases/download/marketing-2026-10-10/joseon-hunters-2026-10-10-art.zip,274884,b20e61faaa363ea96f741db26fca7ee4b29cecd0f1d436a1ee92c9158c5ef000,genesiskoo/joseon-hunters,627061d8021ce3013afae09f3c1cc1abaccc858a,,source_git_blob_sha256_verified,주모,,,,480,864,,,,"주모 · 기본 · 확정본 · 저해상도 보충자료, 원본 480×864",,,,
marketing/2026-10-10/art/supplements/low_resolution/village_chief_neutral_native480x864_confirmed_public_spoiler-none.png,portrait_supplement,confirmed,True,none,release_zip,joseon-hunters-2026-10-10-art.zip,https://github.com/genesiskoo/joseon-assets/releases/download/marketing-2026-10-10/joseon-hunters-2026-10-10-art.zip,290009,8ffd4c7ab90bdc38344f983d8ea6cb4a069db8004996706b03b5fe74804ceb3f,genesiskoo/joseon-hunters,627061d8021ce3013afae09f3c1cc1abaccc858a,,source_git_blob_sha256_verified,촌장,,,,480,864,,,,"촌장 · 기본 · 확정본 · 저해상도 보충자료, 원본 480×864",,,,
marketing/2026-10-10/audio/README.md,audio_metadata,confirmed,True,none,repository,,https://raw.githubusercontent.com/genesiskoo/joseon-assets/main/marketing/2026-10-10/audio/README.md,2165,da0d2344ab115493f665bf34c0dbf2794299036eda584eca60206d56a2915625,genesiskoo/joseon-hunters,627061d8021ce3013afae09f3c1cc1abaccc858a,,,,,,,,,,,,,,,,
marketing/2026-10-10/audio/bgm/dungeon_1_suno-original_confirmed_public_spoiler-none.mp3,bgm_suno_original,confirmed,True,none,release_zip,joseon-hunters-2026-10-10-audio.zip,https://github.com/genesiskoo/joseon-assets/releases/download/marketing-2026-10-10/joseon-hunters-2026-10-10-audio.zip,4501548,11cf1980a154ed8f8d8c11de771f94daed7d98492ffc0b50ae909976532c6292,genesiskoo/joseon-assets,,33ee992580a404ae61e728d120c6d308da5067db,approved_original_outside_git_tree_identified_by_sha256,,,,,,,,,,,,,,
marketing/2026-10-10/audio/bgm/dungeon_2_suno-original_confirmed_public_spoiler-none.mp3,bgm_suno_original,confirmed,True,none,release_zip,joseon-hunters-2026-10-10-audio.zip,https://github.com/genesiskoo/joseon-assets/releases/download/marketing-2026-10-10/joseon-hunters-2026-10-10-audio.zip,4564139,5e8af6d613937602a5f0b7b14ff9893c0cf0bee4de77079b3396350a20000e7f,genesiskoo/joseon-assets,,33ee992580a404ae61e728d120c6d308da5067db,approved_original_outside_git_tree_identified_by_sha256,,,,,,,,,,,,,,
marketing/2026-10-10/audio/bgm/dungeon_3_suno-original_confirmed_public_spoiler-none.mp3,bgm_suno_original,confirmed,True,none,release_zip,joseon-hunters-2026-10-10-audio.zip,https://github.com/genesiskoo/joseon-assets/releases/download/marketing-2026-10-10/joseon-hunters-2026-10-10-audio.zip,4628873,e2920f2c03c477c02bf55c7f1828b014199700dd36cb730e54fd16d6f69815fa,genesiskoo/joseon-assets,,33ee992580a404ae61e728d120c6d308da5067db,approved_original_outside_git_tree_identified_by_sha256,,,,,,,,,,,,,,
marketing/2026-10-10/audio/bgm/dungeon_4_suno-original_confirmed_public_spoiler-none.mp3,bgm_suno_original,confirmed,True,none,release_zip,joseon-hunters-2026-10-10-audio.zip,https://github.com/genesiskoo/joseon-assets/releases/download/marketing-2026-10-10/joseon-hunters-2026-10-10-audio.zip,4679363,51421912f233b349119dcac7a61b73c8bd2ffaa95af0c9d1b9080506b53165b2,genesiskoo/joseon-assets,,33ee992580a404ae61e728d120c6d308da5067db,approved_original_outside_git_tree_identified_by_sha256,,,,,,,,,,,,,,
marketing/2026-10-10/audio/bgm/dungeon_suno-original_confirmed_public_spoiler-none.m4a,bgm_suno_original,confirmed,True,none,release_zip,joseon-hunters-2026-10-10-audio.zip,https://github.com/genesiskoo/joseon-assets/releases/download/marketing-2026-10-10/joseon-hunters-2026-10-10-audio.zip,2190445,a80741201254fec2399070bace5c9e59b95a26c34bb0db537bd3cf9c0ece050b,genesiskoo/joseon-assets,33ee992580a404ae61e728d120c6d308da5067db,,source_git_blob_sha256_verified,,,,,,,,,,,,,,
marketing/2026-10-10/audio/bgm/opening_suno-original_confirmed_public_spoiler-opening-premise.mp3,bgm_suno_original,confirmed,True,opening_premise,release_zip,joseon-hunters-2026-10-10-audio.zip,https://github.com/genesiskoo/joseon-assets/releases/download/marketing-2026-10-10/joseon-hunters-2026-10-10-audio.zip,3683387,da1c46f41bf443ad8467b7afc2c660dcf1609ac8fb2ca944fd96d956319d7912,genesiskoo/joseon-assets,33ee992580a404ae61e728d120c6d308da5067db,,source_git_blob_sha256_verified,,,,,,,,,,,,,,
marketing/2026-10-10/audio/bgm_tracks.csv,audio_metadata,confirmed,True,none,repository,,https://raw.githubusercontent.com/genesiskoo/joseon-assets/main/marketing/2026-10-10/audio/bgm_tracks.csv,2296,700a3cd292e61574ec54c7287b6ebf3c134ea60cb842553a377fc76fa1789f0b,genesiskoo/joseon-hunters,627061d8021ce3013afae09f3c1cc1abaccc858a,,,,,,,,,,,,,,,,
marketing/2026-10-10/audio/sfx/combat/burn_1_confirmed_public_spoiler-none.wav,sfx,confirmed,True,none,release_zip,joseon-hunters-2026-10-10-audio.zip,https://github.com/genesiskoo/joseon-assets/releases/download/marketing-2026-10-10/joseon-hunters-2026-10-10-audio.zip,16724,1520eb33c68773b2ba9dbb4fbdd767fe108605afba20a9a5cd4e94b6d6651758,genesiskoo/joseon-hunters,627061d8021ce3013afae09f3c1cc1abaccc858a,,source_git_blob_sha256_verified,,,,,,,,,,,,,,
marketing/2026-10-10/audio/sfx/combat/freeze_1_confirmed_public_spoiler-none.wav,sfx,confirmed,True,none,release_zip,joseon-hunters-2026-10-10-audio.zip,https://github.com/genesiskoo/joseon-assets/releases/download/marketing-2026-10-10/joseon-hunters-2026-10-10-audio.zip,48980,5f511a8d72c88d536bff840dbeb19e0a4450bda62126ad9152304ecd7c70bc44,genesiskoo/joseon-hunters,627061d8021ce3013afae09f3c1cc1abaccc858a,,source_git_blob_sha256_verified,,,,,,,,,,,,,,
marketing/2026-10-10/audio/sfx/combat/hit_1_confirmed_public_spoiler-none.wav,sfx,confirmed,True,none,release_zip,joseon-hunters-2026-10-10-audio.zip,https://github.com/genesiskoo/joseon-assets/releases/download/marketing-2026-10-10/joseon-hunters-2026-10-10-audio.zip,32352,ffe7bbbbe037e16ae6308d97729520837a2fa464890afe33b5ff4706ec967009,genesiskoo/joseon-hunters,627061d8021ce3013afae09f3c1cc1abaccc858a,,source_git_blob_sha256_verified,,,,,,,,,,,,,,
marketing/2026-10-10/audio/sfx/combat/hit_2_confirmed_public_spoiler-none.wav,sfx,confirmed,True,none,release_zip,joseon-hunters-2026-10-10-audio.zip,https://github.com/genesiskoo/joseon-assets/releases/download/marketing-2026-10-10/joseon-hunters-2026-10-10-audio.zip,28048,5247d4dd35266bdb5f72cda482703b8c1c98996b219c8970937d5fa80e5e1715,genesiskoo/joseon-hunters,627061d8021ce3013afae09f3c1cc1abaccc858a,,source_git_blob_sha256_verified,,,,,,,,,,,,,,
marketing/2026-10-10/audio/sfx/combat/hit_3_confirmed_public_spoiler-none.wav,sfx,confirmed,True,none,release_zip,joseon-hunters-2026-10-10-audio.zip,https://github.com/genesiskoo/joseon-assets/releases/download/marketing-2026-10-10/joseon-hunters-2026-10-10-audio.zip,32352,ffe7bbbbe037e16ae6308d97729520837a2fa464890afe33b5ff4706ec967009,genesiskoo/joseon-hunters,627061d8021ce3013afae09f3c1cc1abaccc858a,,source_git_blob_sha256_verified,,,,,,,,,,,,,,
marketing/2026-10-10/audio/sfx/combat/hit_4_confirmed_public_spoiler-none.wav,sfx,confirmed,True,none,release_zip,joseon-hunters-2026-10-10-audio.zip,https://github.com/genesiskoo/joseon-assets/releases/download/marketing-2026-10-10/joseon-hunters-2026-10-10-audio.zip,32352,ffe7bbbbe037e16ae6308d97729520837a2fa464890afe33b5ff4706ec967009,genesiskoo/joseon-hunters,627061d8021ce3013afae09f3c1cc1abaccc858a,,source_git_blob_sha256_verified,,,,,,,,,,,,,,
marketing/2026-10-10/audio/sfx/combat/hit_crit_1_confirmed_public_spoiler-none.wav,sfx,confirmed,True,none,release_zip,joseon-hunters-2026-10-10-audio.zip,https://github.com/genesiskoo/joseon-assets/releases/download/marketing-2026-10-10/joseon-hunters-2026-10-10-audio.zip,30120,22c03f42b2db14048b882e76c70748330110c673d3b9928f7ad51eba5e9076ec,genesiskoo/joseon-hunters,627061d8021ce3013afae09f3c1cc1abaccc858a,,source_git_blob_sha256_verified,,,,,,,,,,,,,,
marketing/2026-10-10/audio/sfx/combat/hit_crit_2_confirmed_public_spoiler-none.wav,sfx,confirmed,True,none,release_zip,joseon-hunters-2026-10-10-audio.zip,https://github.com/genesiskoo/joseon-assets/releases/download/marketing-2026-10-10/joseon-hunters-2026-10-10-audio.zip,30120,22c03f42b2db14048b882e76c70748330110c673d3b9928f7ad51eba5e9076ec,genesiskoo/joseon-hunters,627061d8021ce3013afae09f3c1cc1abaccc858a,,source_git_blob_sha256_verified,,,,,,,,,,,,,,
marketing/2026-10-10/audio/sfx/combat/hit_crit_low_1_confirmed_public_spoiler-none.wav,sfx,confirmed,True,none,release_zip,joseon-hunters-2026-10-10-audio.zip,https://github.com/genesiskoo/joseon-assets/releases/download/marketing-2026-10-10/joseon-hunters-2026-10-10-audio.zip,26180,63e283cdeadc75101e07247d60e019243a479b5fc19174f41d960ae52efcf580,genesiskoo/joseon-hunters,627061d8021ce3013afae09f3c1cc1abaccc858a,,source_git_blob_sha256_verified,,,,,,,,,,,,,,
marketing/2026-10-10/audio/sfx/combat/shoot_1_confirmed_public_spoiler-none.wav,sfx,confirmed,True,none,release_zip,joseon-hunters-2026-10-10-audio.zip,https://github.com/genesiskoo/joseon-assets/releases/download/marketing-2026-10-10/joseon-hunters-2026-10-10-audio.zip,21902,6a7cbadfe973a98a4fe06915165befcaddd350b364088a410bf0593f2e67db4e,genesiskoo/joseon-hunters,627061d8021ce3013afae09f3c1cc1abaccc858a,,source_git_blob_sha256_verified,,,,,,,,,,,,,,
marketing/2026-10-10/audio/sfx/combat/shoot_2_confirmed_public_spoiler-none.wav,sfx,confirmed,True,none,release_zip,joseon-hunters-2026-10-10-audio.zip,https://github.com/genesiskoo/joseon-assets/releases/download/marketing-2026-10-10/joseon-hunters-2026-10-10-audio.zip,21902,6a7cbadfe973a98a4fe06915165befcaddd350b364088a410bf0593f2e67db4e,genesiskoo/joseon-hunters,627061d8021ce3013afae09f3c1cc1abaccc858a,,source_git_blob_sha256_verified,,,,,,,,,,,,,,
marketing/2026-10-10/audio/sfx/combat/skill_dash_strike_1_confirmed_public_spoiler-none.wav,sfx,confirmed,True,none,release_zip,joseon-hunters-2026-10-10-audio.zip,https://github.com/genesiskoo/joseon-assets/releases/download/marketing-2026-10-10/joseon-hunters-2026-10-10-audio.zip,32176,982b4b3e5e4ed11813aada9167df9220994a6837e3e8021809cedf47d0ff8c41,genesiskoo/joseon-hunters,627061d8021ce3013afae09f3c1cc1abaccc858a,,source_git_blob_sha256_verified,,,,,,,,,,,,,,
marketing/2026-10-10/audio/sfx/combat/skill_dash_strike_2_confirmed_public_spoiler-none.wav,sfx,confirmed,True,none,release_zip,joseon-hunters-2026-10-10-audio.zip,https://github.com/genesiskoo/joseon-assets/releases/download/marketing-2026-10-10/joseon-hunters-2026-10-10-audio.zip,32176,982b4b3e5e4ed11813aada9167df9220994a6837e3e8021809cedf47d0ff8c41,genesiskoo/joseon-hunters,627061d8021ce3013afae09f3c1cc1abaccc858a,,source_git_blob_sha256_verified,,,,,,,,,,,,,,
marketing/2026-10-10/audio/sfx/combat/skill_dash_strike_3_confirmed_public_spoiler-none.wav,sfx,confirmed,True,none,release_zip,joseon-hunters-2026-10-10-audio.zip,https://github.com/genesiskoo/joseon-assets/releases/download/marketing-2026-10-10/joseon-hunters-2026-10-10-audio.zip,32176,982b4b3e5e4ed11813aada9167df9220994a6837e3e8021809cedf47d0ff8c41,genesiskoo/joseon-hunters,627061d8021ce3013afae09f3c1cc1abaccc858a,,source_git_blob_sha256_verified,,,,,,,,,,,,,,
marketing/2026-10-10/audio/sfx/combat/skill_slash_1_confirmed_public_spoiler-none.wav,sfx,confirmed,True,none,release_zip,joseon-hunters-2026-10-10-audio.zip,https://github.com/genesiskoo/joseon-assets/releases/download/marketing-2026-10-10/joseon-hunters-2026-10-10-audio.zip,41008,dca8544fbd2a6096416d6f213c4c8211c0f49bd0ae7540a881f33bdbfb5f5d48,genesiskoo/joseon-hunters,627061d8021ce3013afae09f3c1cc1abaccc858a,,source_git_blob_sha256_verified,,,,,,,,,,,,,,
marketing/2026-10-10/audio/sfx/combat/skill_slash_2_confirmed_public_spoiler-none.wav,sfx,confirmed,True,none,release_zip,joseon-hunters-2026-10-10-audio.zip,https://github.com/genesiskoo/joseon-assets/releases/download/marketing-2026-10-10/joseon-hunters-2026-10-10-audio.zip,41008,dca8544fbd2a6096416d6f213c4c8211c0f49bd0ae7540a881f33bdbfb5f5d48,genesiskoo/joseon-hunters,627061d8021ce3013afae09f3c1cc1abaccc858a,,source_git_blob_sha256_verified,,,,,,,,,,,,,,
marketing/2026-10-10/audio/sfx/combat/skill_slash_3_confirmed_public_spoiler-none.wav,sfx,confirmed,True,none,release_zip,joseon-hunters-2026-10-10-audio.zip,https://github.com/genesiskoo/joseon-assets/releases/download/marketing-2026-10-10/joseon-hunters-2026-10-10-audio.zip,41008,dca8544fbd2a6096416d6f213c4c8211c0f49bd0ae7540a881f33bdbfb5f5d48,genesiskoo/joseon-hunters,627061d8021ce3013afae09f3c1cc1abaccc858a,,source_git_blob_sha256_verified,,,,,,,,,,,,,,
marketing/2026-10-10/audio/sfx/combat/skill_whirl_1_confirmed_public_spoiler-none.wav,sfx,confirmed,True,none,release_zip,joseon-hunters-2026-10-10-audio.zip,https://github.com/genesiskoo/joseon-assets/releases/download/marketing-2026-10-10/joseon-hunters-2026-10-10-audio.zip,105394,826743638f42c18888a21b2fe6f973faa6c6553bccada606de3a1076497a1cad,genesiskoo/joseon-hunters,627061d8021ce3013afae09f3c1cc1abaccc858a,,source_git_blob_sha256_verified,,,,,,,,,,,,,,
marketing/2026-10-10/audio/sfx/combat/skill_whirl_2_confirmed_public_spoiler-none.wav,sfx,confirmed,True,none,release_zip,joseon-hunters-2026-10-10-audio.zip,https://github.com/genesiskoo/joseon-assets/releases/download/marketing-2026-10-10/joseon-hunters-2026-10-10-audio.zip,102848,c58e4f3aeb4d569d3e1e5d0a6c01452f6eafb6d185af13db088eb3e3abda4864,genesiskoo/joseon-hunters,627061d8021ce3013afae09f3c1cc1abaccc858a,,source_git_blob_sha256_verified,,,,,,,,,,,,,,
marketing/2026-10-10/audio/sfx/combat/sword_swing_1_confirmed_public_spoiler-none.wav,sfx,confirmed,True,none,release_zip,joseon-hunters-2026-10-10-audio.zip,https://github.com/genesiskoo/joseon-assets/releases/download/marketing-2026-10-10/joseon-hunters-2026-10-10-audio.zip,21714,2b8154f539fc678a204944d82bbc47f2c63acb1cb0e14e48623bfdabe9538771,genesiskoo/joseon-hunters,627061d8021ce3013afae09f3c1cc1abaccc858a,,source_git_blob_sha256_verified,,,,,,,,,,,,,,
marketing/2026-10-10/audio/sfx/combat/sword_swing_2_confirmed_public_spoiler-none.wav,sfx,confirmed,True,none,release_zip,joseon-hunters-2026-10-10-audio.zip,https://github.com/genesiskoo/joseon-assets/releases/download/marketing-2026-10-10/joseon-hunters-2026-10-10-audio.zip,21714,2b8154f539fc678a204944d82bbc47f2c63acb1cb0e14e48623bfdabe9538771,genesiskoo/joseon-hunters,627061d8021ce3013afae09f3c1cc1abaccc858a,,source_git_blob_sha256_verified,,,,,,,,,,,,,,
marketing/2026-10-10/audio/sfx/combat/sword_swing_3_confirmed_public_spoiler-none.wav,sfx,confirmed,True,none,release_zip,joseon-hunters-2026-10-10-audio.zip,https://github.com/genesiskoo/joseon-assets/releases/download/marketing-2026-10-10/joseon-hunters-2026-10-10-audio.zip,21714,2b8154f539fc678a204944d82bbc47f2c63acb1cb0e14e48623bfdabe9538771,genesiskoo/joseon-hunters,627061d8021ce3013afae09f3c1cc1abaccc858a,,source_git_blob_sha256_verified,,,,,,,,,,,,,,
marketing/2026-10-10/audio/sfx/combat/sword_swing_4_confirmed_public_spoiler-none.wav,sfx,confirmed,True,none,release_zip,joseon-hunters-2026-10-10-audio.zip,https://github.com/genesiskoo/joseon-assets/releases/download/marketing-2026-10-10/joseon-hunters-2026-10-10-audio.zip,21714,2b8154f539fc678a204944d82bbc47f2c63acb1cb0e14e48623bfdabe9538771,genesiskoo/joseon-hunters,627061d8021ce3013afae09f3c1cc1abaccc858a,,source_git_blob_sha256_verified,,,,,,,,,,,,,,
marketing/2026-10-10/audio/sfx/combat/talisman_cold_burst_1_confirmed_public_spoiler-none.wav,sfx,confirmed,True,none,release_zip,joseon-hunters-2026-10-10-audio.zip,https://github.com/genesiskoo/joseon-assets/releases/download/marketing-2026-10-10/joseon-hunters-2026-10-10-audio.zip,50044,ad7fd7b7453e51c83a0cb300b7589f73cc96fd37a9c2c89469da57536d37b1d4,genesiskoo/joseon-hunters,627061d8021ce3013afae09f3c1cc1abaccc858a,,source_git_blob_sha256_verified,,,,,,,,,,,,,,
marketing/2026-10-10/audio/sfx/combat/talisman_cold_burst_2_confirmed_public_spoiler-none.wav,sfx,confirmed,True,none,release_zip,joseon-hunters-2026-10-10-audio.zip,https://github.com/genesiskoo/joseon-assets/releases/download/marketing-2026-10-10/joseon-hunters-2026-10-10-audio.zip,50044,ad7fd7b7453e51c83a0cb300b7589f73cc96fd37a9c2c89469da57536d37b1d4,genesiskoo/joseon-hunters,627061d8021ce3013afae09f3c1cc1abaccc858a,,source_git_blob_sha256_verified,,,,,,,,,,,,,,
marketing/2026-10-10/audio/sfx/combat/talisman_fire_hit_1_confirmed_public_spoiler-none.wav,sfx,confirmed,True,none,release_zip,joseon-hunters-2026-10-10-audio.zip,https://github.com/genesiskoo/joseon-assets/releases/download/marketing-2026-10-10/joseon-hunters-2026-10-10-audio.zip,39464,4270aff8a34c7877ff7876213b80d3839dc91a81d6a7681b8dd6cd2e8d384400,genesiskoo/joseon-hunters,627061d8021ce3013afae09f3c1cc1abaccc858a,,source_git_blob_sha256_verified,,,,,,,,,,,,,,
marketing/2026-10-10/audio/sfx/combat/talisman_throw_1_confirmed_public_spoiler-none.wav,sfx,confirmed,True,none,release_zip,joseon-hunters-2026-10-10-audio.zip,https://github.com/genesiskoo/joseon-assets/releases/download/marketing-2026-10-10/joseon-hunters-2026-10-10-audio.zip,10214,494b024a5a98d2c1ff58b46a7ddb966af2f7136ae4423b2c22594811ddd89bed,genesiskoo/joseon-hunters,627061d8021ce3013afae09f3c1cc1abaccc858a,,source_git_blob_sha256_verified,,,,,,,,,,,,,,
marketing/2026-10-10/audio/sfx/combat/talisman_throw_2_confirmed_public_spoiler-none.wav,sfx,confirmed,True,none,release_zip,joseon-hunters-2026-10-10-audio.zip,https://github.com/genesiskoo/joseon-assets/releases/download/marketing-2026-10-10/joseon-hunters-2026-10-10-audio.zip,38992,f048c4fa52e6d1c50c158de3c329cf0d4aea6be9efd243568367f9b561adf4b9,genesiskoo/joseon-hunters,627061d8021ce3013afae09f3c1cc1abaccc858a,,source_git_blob_sha256_verified,,,,,,,,,,,,,,
marketing/2026-10-10/audio/sfx/combat/talisman_throw_3_confirmed_public_spoiler-none.wav,sfx,confirmed,True,none,release_zip,joseon-hunters-2026-10-10-audio.zip,https://github.com/genesiskoo/joseon-assets/releases/download/marketing-2026-10-10/joseon-hunters-2026-10-10-audio.zip,34262,62a43e8d49f776aa214dea15f3e7d928df53a98a2f20b723ea2bf97b8d118dd3,genesiskoo/joseon-hunters,627061d8021ce3013afae09f3c1cc1abaccc858a,,source_git_blob_sha256_verified,,,,,,,,,,,,,,
marketing/2026-10-10/audio/sfx/ui/coin_1_confirmed_public_spoiler-none.wav,sfx,confirmed,True,none,release_zip,joseon-hunters-2026-10-10-audio.zip,https://github.com/genesiskoo/joseon-assets/releases/download/marketing-2026-10-10/joseon-hunters-2026-10-10-audio.zip,48188,27729dca0cee9ab1a432794483e331afde3615ee9c71f52027af226955847eb6,genesiskoo/joseon-hunters,627061d8021ce3013afae09f3c1cc1abaccc858a,,source_git_blob_sha256_verified,,,,,,,,,,,,,,
marketing/2026-10-10/audio/sfx/ui/coin_2_confirmed_public_spoiler-none.wav,sfx,confirmed,True,none,release_zip,joseon-hunters-2026-10-10-audio.zip,https://github.com/genesiskoo/joseon-assets/releases/download/marketing-2026-10-10/joseon-hunters-2026-10-10-audio.zip,37722,ea74dbb94b3b2fc20586cbaf4246d47f39bc738a82443e418086d360205fa35d,genesiskoo/joseon-hunters,627061d8021ce3013afae09f3c1cc1abaccc858a,,source_git_blob_sha256_verified,,,,,,,,,,,,,,
marketing/2026-10-10/audio/sfx/ui/equip_1_confirmed_public_spoiler-none.wav,sfx,confirmed,True,none,release_zip,joseon-hunters-2026-10-10-audio.zip,https://github.com/genesiskoo/joseon-assets/releases/download/marketing-2026-10-10/joseon-hunters-2026-10-10-audio.zip,52696,c3d954b8d3f3d9a2ff377272559ca833d526f5e7c924b14f212a5d8653a47f79,genesiskoo/joseon-hunters,627061d8021ce3013afae09f3c1cc1abaccc858a,,source_git_blob_sha256_verified,,,,,,,,,,,,,,
marketing/2026-10-10/audio/sfx/ui/equip_2_confirmed_public_spoiler-none.wav,sfx,confirmed,True,none,release_zip,joseon-hunters-2026-10-10-audio.zip,https://github.com/genesiskoo/joseon-assets/releases/download/marketing-2026-10-10/joseon-hunters-2026-10-10-audio.zip,20676,cdbcba4847af315a3a56786a8e054739747a2ace2c3c965d508f82e5924cf3fd,genesiskoo/joseon-hunters,627061d8021ce3013afae09f3c1cc1abaccc858a,,source_git_blob_sha256_verified,,,,,,,,,,,,,,
marketing/2026-10-10/audio/sfx/ui/ui_close_1_confirmed_public_spoiler-none.wav,sfx,confirmed,True,none,release_zip,joseon-hunters-2026-10-10-audio.zip,https://github.com/genesiskoo/joseon-assets/releases/download/marketing-2026-10-10/joseon-hunters-2026-10-10-audio.zip,26592,564b555c643b1d15e790bcdd3c6490ae977f0d207817ea8ab3cd1155e0ea6079,genesiskoo/joseon-hunters,627061d8021ce3013afae09f3c1cc1abaccc858a,,source_git_blob_sha256_verified,,,,,,,,,,,,,,
marketing/2026-10-10/audio/sfx/ui/ui_open_1_confirmed_public_spoiler-none.wav,sfx,confirmed,True,none,release_zip,joseon-hunters-2026-10-10-audio.zip,https://github.com/genesiskoo/joseon-assets/releases/download/marketing-2026-10-10/joseon-hunters-2026-10-10-audio.zip,36300,fbc83452a754f818ce7307652c9a6dfd4338006ebb3b98ec2fb402f1e8546593,genesiskoo/joseon-hunters,627061d8021ce3013afae09f3c1cc1abaccc858a,,source_git_blob_sha256_verified,,,,,,,,,,,,,,
marketing/2026-10-10/audio/sfx/world/drop_1_confirmed_public_spoiler-none.wav,sfx,confirmed,True,none,release_zip,joseon-hunters-2026-10-10-audio.zip,https://github.com/genesiskoo/joseon-assets/releases/download/marketing-2026-10-10/joseon-hunters-2026-10-10-audio.zip,35688,3e65a76d900d9adaea28312a49a164bccf159eb30d287bd12b09fa5a777137e1,genesiskoo/joseon-hunters,627061d8021ce3013afae09f3c1cc1abaccc858a,,source_git_blob_sha256_verified,,,,,,,,,,,,,,
marketing/2026-10-10/audio/sfx/world/drop_2_confirmed_public_spoiler-none.wav,sfx,confirmed,True,none,release_zip,joseon-hunters-2026-10-10-audio.zip,https://github.com/genesiskoo/joseon-assets/releases/download/marketing-2026-10-10/joseon-hunters-2026-10-10-audio.zip,35688,3e65a76d900d9adaea28312a49a164bccf159eb30d287bd12b09fa5a777137e1,genesiskoo/joseon-hunters,627061d8021ce3013afae09f3c1cc1abaccc858a,,source_git_blob_sha256_verified,,,,,,,,,,,,,,
marketing/2026-10-10/audio/sfx/world/drop_magic_1_confirmed_public_spoiler-none.wav,sfx,confirmed,True,none,release_zip,joseon-hunters-2026-10-10-audio.zip,https://github.com/genesiskoo/joseon-assets/releases/download/marketing-2026-10-10/joseon-hunters-2026-10-10-audio.zip,40654,cfc60196433fb8a14354484093c859c025fc1ac6c722e8b734f6c95235bd1384,genesiskoo/joseon-hunters,627061d8021ce3013afae09f3c1cc1abaccc858a,,source_git_blob_sha256_verified,,,,,,,,,,,,,,
marketing/2026-10-10/audio/sfx/world/drop_rare_1_confirmed_public_spoiler-none.wav,sfx,confirmed,True,none,release_zip,joseon-hunters-2026-10-10-audio.zip,https://github.com/genesiskoo/joseon-assets/releases/download/marketing-2026-10-10/joseon-hunters-2026-10-10-audio.zip,87132,aa1c8b1dd88700be1f12e0254a45a102285ee5d9e7aac69504b453b3b3d02908,genesiskoo/joseon-hunters,627061d8021ce3013afae09f3c1cc1abaccc858a,,source_git_blob_sha256_verified,,,,,,,,,,,,,,
marketing/2026-10-10/audio/sfx/world/drop_unique_1_confirmed_public_spoiler-none.wav,sfx,confirmed,True,none,release_zip,joseon-hunters-2026-10-10-audio.zip,https://github.com/genesiskoo/joseon-assets/releases/download/marketing-2026-10-10/joseon-hunters-2026-10-10-audio.zip,83266,491d980e15faa90eb38bebb02288f4422259e717a9c536c6ceb03d2a6ca03d65,genesiskoo/joseon-hunters,627061d8021ce3013afae09f3c1cc1abaccc858a,,source_git_blob_sha256_verified,,,,,,,,,,,,,,
marketing/2026-10-10/audio/sfx/world/pickup_1_confirmed_public_spoiler-none.wav,sfx,confirmed,True,none,release_zip,joseon-hunters-2026-10-10-audio.zip,https://github.com/genesiskoo/joseon-assets/releases/download/marketing-2026-10-10/joseon-hunters-2026-10-10-audio.zip,52696,c3d954b8d3f3d9a2ff377272559ca833d526f5e7c924b14f212a5d8653a47f79,genesiskoo/joseon-hunters,627061d8021ce3013afae09f3c1cc1abaccc858a,,source_git_blob_sha256_verified,,,,,,,,,,,,,,
marketing/2026-10-10/audio/sfx/world/pickup_2_confirmed_public_spoiler-none.wav,sfx,confirmed,True,none,release_zip,joseon-hunters-2026-10-10-audio.zip,https://github.com/genesiskoo/joseon-assets/releases/download/marketing-2026-10-10/joseon-hunters-2026-10-10-audio.zip,20676,cdbcba4847af315a3a56786a8e054739747a2ace2c3c965d508f82e5924cf3fd,genesiskoo/joseon-hunters,627061d8021ce3013afae09f3c1cc1abaccc858a,,source_git_blob_sha256_verified,,,,,,,,,,,,,,
marketing/2026-10-10/audio/sfx/world/pickup_coin_1_confirmed_public_spoiler-none.wav,sfx,confirmed,True,none,release_zip,joseon-hunters-2026-10-10-audio.zip,https://github.com/genesiskoo/joseon-assets/releases/download/marketing-2026-10-10/joseon-hunters-2026-10-10-audio.zip,48188,27729dca0cee9ab1a432794483e331afde3615ee9c71f52027af226955847eb6,genesiskoo/joseon-hunters,627061d8021ce3013afae09f3c1cc1abaccc858a,,source_git_blob_sha256_verified,,,,,,,,,,,,,,
marketing/2026-10-10/audio/sfx/world/pickup_coin_2_confirmed_public_spoiler-none.wav,sfx,confirmed,True,none,release_zip,joseon-hunters-2026-10-10-audio.zip,https://github.com/genesiskoo/joseon-assets/releases/download/marketing-2026-10-10/joseon-hunters-2026-10-10-audio.zip,37722,ea74dbb94b3b2fc20586cbaf4246d47f39bc738a82443e418086d360205fa35d,genesiskoo/joseon-hunters,627061d8021ce3013afae09f3c1cc1abaccc858a,,source_git_blob_sha256_verified,,,,,,,,,,,,,,
marketing/2026-10-10/audio/sfx_cues.csv,audio_metadata,confirmed,True,none,repository,,https://raw.githubusercontent.com/genesiskoo/joseon-assets/main/marketing/2026-10-10/audio/sfx_cues.csv,5349,1adb328c954f37e86ad25684d876f058ee259345c23267da94a7c4b9b8441bb9,genesiskoo/joseon-hunters,627061d8021ce3013afae09f3c1cc1abaccc858a,,,,,,,,,,,,,,,,
marketing/2026-10-10/audio/voice/doho/doho_001_confirmed_public_spoiler-none.wav,npc_voice,confirmed,True,none,release_zip,joseon-hunters-2026-10-10-audio.zip,https://github.com/genesiskoo/joseon-assets/releases/download/marketing-2026-10-10/joseon-hunters-2026-10-10-audio.zip,465774,85f188ea992af3e81d1faadda27f2c64968fc2ea330bf926a327558f4c17db89,genesiskoo/joseon-hunters,627061d8021ce3013afae09f3c1cc1abaccc858a,,source_git_blob_sha256_verified,도호,"할매, 술부터… 아, 분위기 아니구먼.",,,,,,,,,,,,
marketing/2026-10-10/audio/voice/doho/doho_002_confirmed_public_spoiler-none.wav,npc_voice,confirmed,True,none,release_zip,joseon-hunters-2026-10-10-audio.zip,https://github.com/genesiskoo/joseon-assets/releases/download/marketing-2026-10-10/joseon-hunters-2026-10-10-audio.zip,134142,a82e45adfdba2032205a0b9dae0b7c2107ccc9d8b744f26fb1dcd2443396e4ab,genesiskoo/joseon-hunters,627061d8021ce3013afae09f3c1cc1abaccc858a,,source_git_blob_sha256_verified,도호,…또 봉인이여.,,,,,,,,,,,,
marketing/2026-10-10/audio/voice/doho/doho_003_confirmed_public_spoiler-none.wav,npc_voice,confirmed,True,none,release_zip,joseon-hunters-2026-10-10-audio.zip,https://github.com/genesiskoo/joseon-assets/releases/download/marketing-2026-10-10/joseon-hunters-2026-10-10-audio.zip,134142,51ba7321fcc6c41b3e28829373e0dc84f42ec6403f5923706946ac9b2d2ad1b3,genesiskoo/joseon-hunters,627061d8021ce3013afae09f3c1cc1abaccc858a,,source_git_blob_sha256_verified,도호,술값은—,,,,,,,,,,,,
marketing/2026-10-10/audio/voice/doho/doho_004_confirmed_public_spoiler-none.wav,npc_voice,confirmed,True,none,release_zip,joseon-hunters-2026-10-10-audio.zip,https://github.com/genesiskoo/joseon-assets/releases/download/marketing-2026-10-10/joseon-hunters-2026-10-10-audio.zip,204702,b82d089a3d0efdc2806bf30e24a5c5c5a29065e2dc633d4d2eb6a4f8bc8276e5,genesiskoo/joseon-hunters,627061d8021ce3013afae09f3c1cc1abaccc858a,,source_git_blob_sha256_verified,도호,…허. 하는 김에.,,,,,,,,,,,,
marketing/2026-10-10/audio/voice/doho/doho_005_confirmed_public_spoiler-none.wav,npc_voice,confirmed,True,none,release_zip,joseon-hunters-2026-10-10-audio.zip,https://github.com/genesiskoo/joseon-assets/releases/download/marketing-2026-10-10/joseon-hunters-2026-10-10-audio.zip,289374,3e3dccce370d8a4674df937b8e0cc7967dfdeb652810379370b220e3b6d95ed0,genesiskoo/joseon-hunters,627061d8021ce3013afae09f3c1cc1abaccc858a,,source_git_blob_sha256_verified,도호,도깨비도 이사를 다니는 줄은 몰랐구먼.,,,,,,,,,,,,
marketing/2026-10-10/audio/voice/doho/doho_006_confirmed_public_spoiler-none.wav,npc_voice,confirmed,True,none,release_zip,joseon-hunters-2026-10-10-audio.zip,https://github.com/genesiskoo/joseon-assets/releases/download/marketing-2026-10-10/joseon-hunters-2026-10-10-audio.zip,451662,5d16d36f782ab8b28e0d6aacb39b0d4694ad9a7d3f649aef98c004dbec85cbb2,genesiskoo/joseon-hunters,627061d8021ce3013afae09f3c1cc1abaccc858a,,source_git_blob_sha256_verified,도호,"바꿔 준다… 방망이로 금 나와라 뚝딱, 그건가?",,,,,,,,,,,,
marketing/2026-10-10/audio/voice/doho/doho_007_confirmed_public_spoiler-none.wav,npc_voice,confirmed,True,none,release_zip,joseon-hunters-2026-10-10-audio.zip,https://github.com/genesiskoo/joseon-assets/releases/download/marketing-2026-10-10/joseon-hunters-2026-10-10-audio.zip,254094,50acaa86b6eb7e414381f6b043ef325570858859b1bb0afcca8c045023dea293,genesiskoo/joseon-hunters,627061d8021ce3013afae09f3c1cc1abaccc858a,,source_git_blob_sha256_verified,도호,아무거나? 값은 안 따지고?,,,,,,,,,,,,
marketing/2026-10-10/audio/voice/doho/doho_008_confirmed_public_spoiler-none.wav,npc_voice,confirmed,True,none,release_zip,joseon-hunters-2026-10-10-audio.zip,https://github.com/genesiskoo/joseon-assets/releases/download/marketing-2026-10-10/joseon-hunters-2026-10-10-audio.zip,183534,1299f3c56f33b04c6f04cabb1bf989d7ebb389e7a831f05489e253e55d228cee,genesiskoo/joseon-hunters,627061d8021ce3013afae09f3c1cc1abaccc858a,,source_git_blob_sha256_verified,도호,안 쓰는 걸 내놓으면 되겠구먼.,,,,,,,,,,,,
marketing/2026-10-10/audio/voice/doho/doho_009_confirmed_public_spoiler-none.wav,npc_voice,confirmed,True,none,release_zip,joseon-hunters-2026-10-10-audio.zip,https://github.com/genesiskoo/joseon-assets/releases/download/marketing-2026-10-10/joseon-hunters-2026-10-10-audio.zip,359934,cad28507ffc4e709bbb74cb51eacd72e28610519139d10a5d0c8ba3c5f3a5260,genesiskoo/joseon-hunters,627061d8021ce3013afae09f3c1cc1abaccc858a,,source_git_blob_sha256_verified,도호,순서대로 박으면 뭐가 되는지는 안 가르쳐 주고?,,,,,,,,,,,,
marketing/2026-10-10/audio/voice/doho/doho_010_confirmed_public_spoiler-minor-quest.wav,npc_voice,confirmed,True,minor_quest,release_zip,joseon-hunters-2026-10-10-audio.zip,https://github.com/genesiskoo/joseon-assets/releases/download/marketing-2026-10-10/joseon-hunters-2026-10-10-audio.zip,112974,a61e210e14920d37176ebdb8d16fd5734903da0398fb1595578646c5ce0d4930,genesiskoo/joseon-hunters,627061d8021ce3013afae09f3c1cc1abaccc858a,,source_git_blob_sha256_verified,도호,산책 좀 했지.,,,,,,,,,,,,
marketing/2026-10-10/audio/voice/doho/doho_011_confirmed_public_spoiler-none.wav,npc_voice,confirmed,True,none,release_zip,joseon-hunters-2026-10-10-audio.zip,https://github.com/genesiskoo/joseon-assets/releases/download/marketing-2026-10-10/joseon-hunters-2026-10-10-audio.zip,254094,d2d16cd87ce20983e1d95cc6851b1ca5bc952ac8e49c7451c66d473645d2b98f,genesiskoo/joseon-hunters,627061d8021ce3013afae09f3c1cc1abaccc858a,,source_git_blob_sha256_verified,도호,첫 층만? 그럼 산책이구먼.,,,,,,,,,,,,
marketing/2026-10-10/audio/voice/doho/doho_012_confirmed_public_spoiler-minor-quest.wav,npc_voice,confirmed,True,minor_quest,release_zip,joseon-hunters-2026-10-10-audio.zip,https://github.com/genesiskoo/joseon-assets/releases/download/marketing-2026-10-10/joseon-hunters-2026-10-10-audio.zip,155310,b7b1bfb57310af4f1c589c15408e6633ccdf653755cb7991718c1efc25d08dbc,genesiskoo/joseon-hunters,627061d8021ce3013afae09f3c1cc1abaccc858a,,source_git_blob_sha256_verified,도호,글은 내가 좀 읽지.,,,,,,,,,,,,
marketing/2026-10-10/audio/voice/doho/doho_013_confirmed_public_spoiler-none.wav,npc_voice,confirmed,True,none,release_zip,joseon-hunters-2026-10-10-audio.zip,https://github.com/genesiskoo/joseon-assets/releases/download/marketing-2026-10-10/joseon-hunters-2026-10-10-audio.zip,296430,4983dbcccd43641f60685f71d6a701f6b1efe8734711e7b1316d6dd44dba2ce2,genesiskoo/joseon-hunters,627061d8021ce3013afae09f3c1cc1abaccc858a,,source_git_blob_sha256_verified,도호,촌장 솜씨보다 도깨비 솜씨가 낫다는 얘기구먼.,,,,,,,,,,,,
marketing/2026-10-10/audio/voice/doho/doho_014_confirmed_public_spoiler-none.wav,npc_voice,confirmed,True,none,release_zip,joseon-hunters-2026-10-10-audio.zip,https://github.com/genesiskoo/joseon-assets/releases/download/marketing-2026-10-10/joseon-hunters-2026-10-10-audio.zip,296430,8c2fff57bac7736987ad65c6b3a6889f194c94c7151b47a071690088917ec2b1,genesiskoo/joseon-hunters,627061d8021ce3013afae09f3c1cc1abaccc858a,,source_git_blob_sha256_verified,도호,국물이면 됐지. 외상도 되나?,,,,,,,,,,,,
marketing/2026-10-10/audio/voice/doho/doho_015_confirmed_public_spoiler-none.wav,npc_voice,confirmed,True,none,release_zip,joseon-hunters-2026-10-10-audio.zip,https://github.com/genesiskoo/joseon-assets/releases/download/marketing-2026-10-10/joseon-hunters-2026-10-10-audio.zip,388158,c53bda0c69479bed773fea631a948bf2fd4789172b26938b3694f225b2c5abf2,genesiskoo/joseon-hunters,627061d8021ce3013afae09f3c1cc1abaccc858a,,source_git_blob_sha256_verified,도호,봉인이 무너져서 괴질이 돈다는 건 대충 들었지.,,,,,,,,,,,,
marketing/2026-10-10/audio/voice/doho/doho_016_confirmed_public_spoiler-none.wav,npc_voice,confirmed,True,none,release_zip,joseon-hunters-2026-10-10-audio.zip,https://github.com/genesiskoo/joseon-assets/releases/download/marketing-2026-10-10/joseon-hunters-2026-10-10-audio.zip,282318,28e572d51c94cbf4ef54f90e7d1b2d3313fb179e2de4a27f3dde118625cc8faa,genesiskoo/joseon-hunters,627061d8021ce3013afae09f3c1cc1abaccc858a,,source_git_blob_sha256_verified,도호,소문치곤 번지수까지 친절하구먼.,,,,,,,,,,,,
marketing/2026-10-10/audio/voice/doho/doho_017_confirmed_public_spoiler-none.wav,npc_voice,confirmed,True,none,release_zip,joseon-hunters-2026-10-10-audio.zip,https://github.com/genesiskoo/joseon-assets/releases/download/marketing-2026-10-10/joseon-hunters-2026-10-10-audio.zip,289374,df8dc49be72d24935aac539165250bd14125addead826f1dd70171899c0be09a,genesiskoo/joseon-hunters,627061d8021ce3013afae09f3c1cc1abaccc858a,,source_git_blob_sha256_verified,도호,뿌리라… 구미호 말이지.,,,,,,,,,,,,
marketing/2026-10-10/audio/voice/doho/doho_018_confirmed_public_spoiler-none.wav,npc_voice,confirmed,True,none,release_zip,joseon-hunters-2026-10-10-audio.zip,https://github.com/genesiskoo/joseon-assets/releases/download/marketing-2026-10-10/joseon-hunters-2026-10-10-audio.zip,310542,fcb931e45cbeb1baae256334d92f0eae2ad9d80dc6a003fa48b5ed5d8fe72c1c,genesiskoo/joseon-hunters,627061d8021ce3013afae09f3c1cc1abaccc858a,,source_git_blob_sha256_verified,도호,국물값치곤 일이 크네. 외상으로 달아 두시오.,,,,,,,,,,,,
marketing/2026-10-10/audio/voice/doho/doho_019_confirmed_public_spoiler-none.wav,npc_voice,confirmed,True,none,release_zip,joseon-hunters-2026-10-10-audio.zip,https://github.com/genesiskoo/joseon-assets/releases/download/marketing-2026-10-10/joseon-hunters-2026-10-10-audio.zip,254094,f8a903f364aa589cbaf704f5e5420ca6fe2b139ff614939bd0d490e72390600b,genesiskoo/joseon-hunters,627061d8021ce3013afae09f3c1cc1abaccc858a,,source_git_blob_sha256_verified,도호,우는 사람 달래는 거라면 내가 좀 하지.,,,,,,,,,,,,
marketing/2026-10-10/audio/voice/doho/doho_020_confirmed_public_spoiler-none.wav,npc_voice,confirmed,True,none,release_zip,joseon-hunters-2026-10-10-audio.zip,https://github.com/genesiskoo/joseon-assets/releases/download/marketing-2026-10-10/joseon-hunters-2026-10-10-audio.zip,317598,7d227a34cb0e0fee210ff1f9d127e1e63f83a791d06e6f763dfc95423fc604cb,genesiskoo/joseon-hunters,627061d8021ce3013afae09f3c1cc1abaccc858a,,source_git_blob_sha256_verified,도호,되게 해 드리지. 대신 값은 좀 깎고.,,,,,,,,,,,,
marketing/2026-10-10/audio/voice/doho/doho_021_confirmed_public_spoiler-none.wav,npc_voice,confirmed,True,none,release_zip,joseon-hunters-2026-10-10-audio.zip,https://github.com/genesiskoo/joseon-assets/releases/download/marketing-2026-10-10/joseon-hunters-2026-10-10-audio.zip,254094,537b809bfb080bd4591157b79dd0ed0b8d34c71566720c68b88db8752ca82ce0,genesiskoo/joseon-hunters,627061d8021ce3013afae09f3c1cc1abaccc858a,,source_git_blob_sha256_verified,도호,영감 장사엔 해로운 얘기구먼.,,,,,,,,,,,,
marketing/2026-10-10/audio/voice/doho/doho_022_confirmed_public_spoiler-none.wav,npc_voice,confirmed,True,none,release_zip,joseon-hunters-2026-10-10-audio.zip,https://github.com/genesiskoo/joseon-assets/releases/download/marketing-2026-10-10/joseon-hunters-2026-10-10-audio.zip,451662,aa3c5a5cc0d7422c6cea6a7bc4e0bdc2ee3653de5f0f0ed35c23a301575ea190,genesiskoo/joseon-hunters,627061d8021ce3013afae09f3c1cc1abaccc858a,,source_git_blob_sha256_verified,도호,"할매, 술부터… 아, 분위기 아니구먼.",,,,,,,,,,,,
marketing/2026-10-10/audio/voice/doho/doho_023_confirmed_public_spoiler-none.wav,npc_voice,confirmed,True,none,release_zip,joseon-hunters-2026-10-10-audio.zip,https://github.com/genesiskoo/joseon-assets/releases/download/marketing-2026-10-10/joseon-hunters-2026-10-10-audio.zip,134142,5966d27e2164d1b56d296f6a4fd92adefb787f3de89ceadea80fed2f175c331a,genesiskoo/joseon-hunters,627061d8021ce3013afae09f3c1cc1abaccc858a,,source_git_blob_sha256_verified,도호,…또 봉인이여.,,,,,,,,,,,,
marketing/2026-10-10/audio/voice/doho/doho_024_confirmed_public_spoiler-none.wav,npc_voice,confirmed,True,none,release_zip,joseon-hunters-2026-10-10-audio.zip,https://github.com/genesiskoo/joseon-assets/releases/download/marketing-2026-10-10/joseon-hunters-2026-10-10-audio.zip,141198,e506f216bc977bef28da742a3429a857213b6f0ca1445630dec1b7a2544af04a,genesiskoo/joseon-hunters,627061d8021ce3013afae09f3c1cc1abaccc858a,,source_git_blob_sha256_verified,도호,술값은—,,,,,,,,,,,,
marketing/2026-10-10/audio/voice/doho/doho_025_confirmed_public_spoiler-none.wav,npc_voice,confirmed,True,none,release_zip,joseon-hunters-2026-10-10-audio.zip,https://github.com/genesiskoo/joseon-assets/releases/download/marketing-2026-10-10/joseon-hunters-2026-10-10-audio.zip,176478,cfedb60d7b027f78d1f2cd88c273938a10a47eff3cc24f6edc33af892548930b,genesiskoo/joseon-hunters,627061d8021ce3013afae09f3c1cc1abaccc858a,,source_git_blob_sha256_verified,도호,…허. 하는 김에.,,,,,,,,,,,,
marketing/2026-10-10/audio/voice/doho/doho_026_confirmed_public_spoiler-minor-quest.wav,npc_voice,confirmed,True,minor_quest,release_zip,joseon-hunters-2026-10-10-audio.zip,https://github.com/genesiskoo/joseon-assets/releases/download/marketing-2026-10-10/joseon-hunters-2026-10-10-audio.zip,190590,8fe5c7e2247f7b3a1abe76bd19d841f7528dd7472c22bbe0d2c1e55f9a1ae89f,genesiskoo/joseon-hunters,627061d8021ce3013afae09f3c1cc1abaccc858a,,source_git_blob_sha256_verified,도호,끝낸 것 같기도 하고.,,,,,,,,,,,,
marketing/2026-10-10/audio/voice/doho/doho_027_confirmed_public_spoiler-minor-quest.wav,npc_voice,confirmed,True,minor_quest,release_zip,joseon-hunters-2026-10-10-audio.zip,https://github.com/genesiskoo/joseon-assets/releases/download/marketing-2026-10-10/joseon-hunters-2026-10-10-audio.zip,197646,09fb82893e2d92ac41cd9956d82d332e6d7ddda9cd95eb2ab3501841c0c6a2c2,genesiskoo/joseon-hunters,627061d8021ce3013afae09f3c1cc1abaccc858a,,source_git_blob_sha256_verified,도호,그래 봐야 강아지 한 마리구먼.,,,,,,,,,,,,
marketing/2026-10-10/audio/voice/doho/doho_028_confirmed_public_spoiler-minor-quest.wav,npc_voice,confirmed,True,minor_quest,release_zip,joseon-hunters-2026-10-10-audio.zip,https://github.com/genesiskoo/joseon-assets/releases/download/marketing-2026-10-10/joseon-hunters-2026-10-10-audio.zip,247038,7a09b5b19afb76cbefd49b629a6b25fdb299749c9c45d2b4facaf0977c528318,genesiskoo/joseon-hunters,627061d8021ce3013afae09f3c1cc1abaccc858a,,source_git_blob_sha256_verified,도호,내 이름 부를 사람이 이 동네에 또 있었나.,,,,,,,,,,,,
marketing/2026-10-10/audio/voice/doho/doho_029_confirmed_public_spoiler-minor-quest.wav,npc_voice,confirmed,True,minor_quest,release_zip,joseon-hunters-2026-10-10-audio.zip,https://github.com/genesiskoo/joseon-assets/releases/download/marketing-2026-10-10/joseon-hunters-2026-10-10-audio.zip,345822,bfdc66c5f5d25043936227ac2c5b9635b5d7e0f2b6bdbaa2f37d4de4d05345cf,genesiskoo/joseon-hunters,627061d8021ce3013afae09f3c1cc1abaccc858a,,source_git_blob_sha256_verified,도호,검 대신 불이라… 부적값이 또 나가겠구먼.,,,,,,,,,,,,
marketing/2026-10-10/audio/voice/doho/doho_030_confirmed_public_spoiler-none.wav,npc_voice,confirmed,True,none,release_zip,joseon-hunters-2026-10-10-audio.zip,https://github.com/genesiskoo/joseon-assets/releases/download/marketing-2026-10-10/joseon-hunters-2026-10-10-audio.zip,331710,5691a434904bc4df2c8fa1135f40300dfaa851a017bcb0c57878b2b301f103f5,genesiskoo/joseon-hunters,627061d8021ce3013afae09f3c1cc1abaccc858a,,source_git_blob_sha256_verified,도호,칼에 소원을 새기라… 팔자 좋은 칼이구먼.,,,,,,,,,,,,
marketing/2026-10-10/audio/voice/dokkaebi/dokkaebi_001_confirmed_public_spoiler-none.wav,npc_voice,confirmed,True,none,release_zip,joseon-hunters-2026-10-10-audio.zip,https://github.com/genesiskoo/joseon-assets/releases/download/marketing-2026-10-10/joseon-hunters-2026-10-10-audio.zip,628062,76702b174bee803e1a1281f74f136a51d9f3f52448fb7e518b4c0de2069b1cdf,genesiskoo/joseon-hunters,627061d8021ce3013afae09f3c1cc1abaccc858a,,source_git_blob_sha256_verified,도깨비,"오, 개 잡은 도사 양반이로군. 개 있는 동네엔 이사를 못 오는데, 덕분에 눌러앉게 됐지.",,,,,,,,,,,,
marketing/2026-10-10/audio/voice/dokkaebi/dokkaebi_002_confirmed_public_spoiler-none.wav,npc_voice,confirmed,True,none,release_zip,joseon-hunters-2026-10-10-audio.zip,https://github.com/genesiskoo/joseon-assets/releases/download/marketing-2026-10-10/joseon-hunters-2026-10-10-audio.zip,479886,cd8679a8c84d5fa3c73ccea9844ba172bbc95e9eacd30ecdd5967ba6f85023f8,genesiskoo/joseon-hunters,627061d8021ce3013afae09f3c1cc1abaccc858a,,source_git_blob_sha256_verified,도깨비,장터 뒤 대장간 터가 마음에 들어서 말이야. 나는 바꿔 주는 일을 해.,,,,,,,,,,,,
marketing/2026-10-10/audio/voice/dokkaebi/dokkaebi_003_confirmed_public_spoiler-none.wav,npc_voice,confirmed,True,none,release_zip,joseon-hunters-2026-10-10-audio.zip,https://github.com/genesiskoo/joseon-assets/releases/download/marketing-2026-10-10/joseon-hunters-2026-10-10-audio.zip,493998,ac5c03cfed3b81c599246e79991829ad854d5f74bf0648d9d94c9be117411d9b,genesiskoo/joseon-hunters,627061d8021ce3013afae09f3c1cc1abaccc858a,,source_git_blob_sha256_verified,도깨비,물건을 맡기면 다른 물건으로 바꿔 줘. 값은 그때그때 달라.,,,,,,,,,,,,
marketing/2026-10-10/audio/voice/dokkaebi/dokkaebi_004_confirmed_public_spoiler-none.wav,npc_voice,confirmed,True,none,release_zip,joseon-hunters-2026-10-10-audio.zip,https://github.com/genesiskoo/joseon-assets/releases/download/marketing-2026-10-10/joseon-hunters-2026-10-10-audio.zip,451662,2e3886532a7210fa55a56ec75694c88c16db4d5f1704c56f6bb9e4e7767b586b,genesiskoo/joseon-hunters,627061d8021ce3013afae09f3c1cc1abaccc858a,,source_git_blob_sha256_verified,도깨비,뚝딱은 광고야. 실은 손으로 해. 그러니 값이 붙는 거고.,,,,,,,,,,,,
marketing/2026-10-10/audio/voice/dokkaebi/dokkaebi_005_confirmed_public_spoiler-none.wav,npc_voice,confirmed,True,none,release_zip,joseon-hunters-2026-10-10-audio.zip,https://github.com/genesiskoo/joseon-assets/releases/download/marketing-2026-10-10/joseon-hunters-2026-10-10-audio.zip,698622,32813d0935bbc9ffab50c37e0fc08d784eef3dd7c048baf6eafa18ec0497e771,genesiskoo/joseon-hunters,627061d8021ce3013afae09f3c1cc1abaccc858a,,source_git_blob_sha256_verified,도깨비,첫 거래는 인사로 하지. 가방에서 쓰던 장비 아무거나 하나 내놔. 홈 둘 난 누비옷으로 바꿔 줄게.,,,,,,,,,,,,
marketing/2026-10-10/audio/voice/dokkaebi/dokkaebi_006_confirmed_public_spoiler-none.wav,npc_voice,confirmed,True,none,release_zip,joseon-hunters-2026-10-10-audio.zip,https://github.com/genesiskoo/joseon-assets/releases/download/marketing-2026-10-10/joseon-hunters-2026-10-10-audio.zip,769182,8e89ee58f8bf1e3186ca430e4b27a4e811fc578d890010a1a690c299c83c3962,genesiskoo/joseon-hunters,627061d8021ce3013afae09f3c1cc1abaccc858a,,source_git_blob_sha256_verified,도깨비,"도깨비는 값을 안 따져. 비싼 걸 내놔도 누비옷, 싼 걸 내놔도 누비옷이야. 한 번뿐이니 잘 골라.",,,,,,,,,,,,
marketing/2026-10-10/audio/voice/dokkaebi/dokkaebi_007_confirmed_public_spoiler-none.wav,npc_voice,confirmed,True,none,release_zip,joseon-hunters-2026-10-10-audio.zip,https://github.com/genesiskoo/joseon-assets/releases/download/marketing-2026-10-10/joseon-hunters-2026-10-10-audio.zip,493998,7e0627dabb54695a9060c86aed5426ad735374acc3797da6e0b15b13b54c6912,genesiskoo/joseon-hunters,627061d8021ce3013afae09f3c1cc1abaccc858a,,source_git_blob_sha256_verified,도깨비,그 말이야. 옷을 받으면 홈에 글자 부적을 박아. 순서가 중요해.,,,,,,,,,,,,
marketing/2026-10-10/audio/voice/dokkaebi/dokkaebi_008_confirmed_public_spoiler-none.wav,npc_voice,confirmed,True,none,release_zip,joseon-hunters-2026-10-10-audio.zip,https://github.com/genesiskoo/joseon-assets/releases/download/marketing-2026-10-10/joseon-hunters-2026-10-10-audio.zip,479886,babacae519872cee67495efa43af8e8bb48af78395af186ee59d59d89046c882,genesiskoo/joseon-hunters,627061d8021ce3013afae09f3c1cc1abaccc858a,,source_git_blob_sha256_verified,도깨비,"수복 먼저, 강녕 다음이야. 거꾸로 박으면 아무 일도 안 일어나.",,,,,,,,,,,,
marketing/2026-10-10/audio/voice/dokkaebi/dokkaebi_009_confirmed_public_spoiler-none.wav,npc_voice,confirmed,True,none,release_zip,joseon-hunters-2026-10-10-audio.zip,https://github.com/genesiskoo/joseon-assets/releases/download/marketing-2026-10-10/joseon-hunters-2026-10-10-audio.zip,345822,a3ed05f077a73d1bab267313210e3be3e91de39bd9d9251fe1a42509b84b892f,genesiskoo/joseon-hunters,627061d8021ce3013afae09f3c1cc1abaccc858a,,source_git_blob_sha256_verified,도깨비,글자 부적은 촌장네서 사례로 줄 거야. 먼저 받아 가.,,,,,,,,,,,,
marketing/2026-10-10/audio/voice/dokkaebi/dokkaebi_010_confirmed_public_spoiler-none.wav,npc_voice,confirmed,True,none,release_zip,joseon-hunters-2026-10-10-audio.zip,https://github.com/genesiskoo/joseon-assets/releases/download/marketing-2026-10-10/joseon-hunters-2026-10-10-audio.zip,120030,eea388708c0fa5468f9a179ff52bdc2dc9d007a57b85b03b8d8cd93f3d2e2755,genesiskoo/joseon-hunters,627061d8021ce3013afae09f3c1cc1abaccc858a,,source_git_blob_sha256_verified,도깨비,"자, 골라 봐.",,,,,,,,,,,,
marketing/2026-10-10/audio/voice/dokkaebi/dokkaebi_011_confirmed_public_spoiler-none.wav,npc_voice,confirmed,True,none,release_zip,joseon-hunters-2026-10-10-audio.zip,https://github.com/genesiskoo/joseon-assets/releases/download/marketing-2026-10-10/joseon-hunters-2026-10-10-audio.zip,232926,dbb51132cc6297ff3d99c8a5b909a9b5f3e09bd9589245ba22eef3d8abd66fc1,genesiskoo/joseon-hunters,627061d8021ce3013afae09f3c1cc1abaccc858a,,source_git_blob_sha256_verified,도깨비,왔어? 오늘은 뭘 바꿔 볼까.,,,,,,,,,,,,
marketing/2026-10-10/audio/voice/dokkaebi/dokkaebi_012_confirmed_public_spoiler-none.wav,npc_voice,confirmed,True,none,release_zip,joseon-hunters-2026-10-10-audio.zip,https://github.com/genesiskoo/joseon-assets/releases/download/marketing-2026-10-10/joseon-hunters-2026-10-10-audio.zip,515166,ef41f3fc8377fda953e890d124723ff960789701c9002975dfd4fcc8739ae8d2,genesiskoo/joseon-hunters,627061d8021ce3013afae09f3c1cc1abaccc858a,,source_git_blob_sha256_verified,도깨비,"쓰던 물건, 못 쓰는 물건, 주워 온 물건. 도깨비한텐 다 밑천이야.",,,,,,,,,,,,
marketing/2026-10-10/audio/voice/dokkaebi/dokkaebi_013_confirmed_public_spoiler-none.wav,npc_voice,confirmed,True,none,release_zip,joseon-hunters-2026-10-10-audio.zip,https://github.com/genesiskoo/joseon-assets/releases/download/marketing-2026-10-10/joseon-hunters-2026-10-10-audio.zip,239982,2b6b6e02ad31de71986c10f9f6c9483723d8b7983a38394c975d3db1fb8cc591,genesiskoo/joseon-hunters,627061d8021ce3013afae09f3c1cc1abaccc858a,,source_git_blob_sha256_verified,도깨비,틀려도 안 뺏어. 마음 놓고 올려 봐.,,,,,,,,,,,,
marketing/2026-10-10/audio/voice/dokkaebi/dokkaebi_014_confirmed_public_spoiler-none.wav,npc_voice,confirmed,True,none,release_zip,joseon-hunters-2026-10-10-audio.zip,https://github.com/genesiskoo/joseon-assets/releases/download/marketing-2026-10-10/joseon-hunters-2026-10-10-audio.zip,578670,b18a43f020ad827b01606ed60ef381705d3f920c4786f28e512628518767c138,genesiskoo/joseon-hunters,627061d8021ce3013afae09f3c1cc1abaccc858a,,source_git_blob_sha256_verified,도깨비,메밀묵 한 사발 곁들이면 마음이 너그러워지긴 해. …농담이야. 엽전이면 돼.,,,,,,,,,,,,
marketing/2026-10-10/audio/voice/dokkaebi/dokkaebi_015_confirmed_public_spoiler-none.wav,npc_voice,confirmed,True,none,release_zip,joseon-hunters-2026-10-10-audio.zip,https://github.com/genesiskoo/joseon-assets/releases/download/marketing-2026-10-10/joseon-hunters-2026-10-10-audio.zip,529278,99ae8026a245e1620415fa045de3bfd3870af160983ce6390aab45af146c9ce7,genesiskoo/joseon-hunters,627061d8021ce3013afae09f3c1cc1abaccc858a,,source_git_blob_sha256_verified,도깨비,이 동네에서 내가 제일 한가한 장사꾼이야. 손님이라곤 도사 양반뿐이니.,,,,,,,,,,,,
marketing/2026-10-10/audio/voice/dokkaebi/dokkaebi_016_confirmed_public_spoiler-none.wav,npc_voice,confirmed,True,none,release_zip,joseon-hunters-2026-10-10-audio.zip,https://github.com/genesiskoo/joseon-assets/releases/download/marketing-2026-10-10/joseon-hunters-2026-10-10-audio.zip,444606,90f406d7a11e0b644627ae80e6ecf78148a6a8d8262c5c9b02691003b135115e,genesiskoo/joseon-hunters,627061d8021ce3013afae09f3c1cc1abaccc858a,,source_git_blob_sha256_verified,도깨비,바꿀 거 있으면 올려 봐. 없으면 구경만 해도 돼. 구경값은 안 받아.,,,,,,,,,,,,
marketing/2026-10-10/audio/voice/dokkaebi/dokkaebi_017_confirmed_public_spoiler-none.wav,npc_voice,confirmed,True,none,release_zip,joseon-hunters-2026-10-10-audio.zip,https://github.com/genesiskoo/joseon-assets/releases/download/marketing-2026-10-10/joseon-hunters-2026-10-10-audio.zip,225870,cba39e2ba16599269b9341cbd286a12e08b94f916f9f41482a296aa0148c7a60,genesiskoo/joseon-hunters,627061d8021ce3013afae09f3c1cc1abaccc858a,,source_git_blob_sha256_verified,도깨비,어디 보자. 뭘 가져왔어?,,,,,,,,,,,,
marketing/2026-10-10/audio/voice/dokkaebi/dokkaebi_018_confirmed_public_spoiler-none.wav,npc_voice,confirmed,True,none,release_zip,joseon-hunters-2026-10-10-audio.zip,https://github.com/genesiskoo/joseon-assets/releases/download/marketing-2026-10-10/joseon-hunters-2026-10-10-audio.zip,359934,d5cbd2158412e6fac79d8e4696714ebfa043537d499c8c14be3f8e4c42586665,genesiskoo/joseon-hunters,627061d8021ce3013afae09f3c1cc1abaccc858a,,source_git_blob_sha256_verified,도깨비,"그래, 장비 하나 내놔 봐. 누비옷은 어디 안 갔어.",,,,,,,,,,,,
marketing/2026-10-10/audio/voice/dokkaebi/dokkaebi_019_confirmed_public_spoiler-none.wav,npc_voice,confirmed,True,none,release_zip,joseon-hunters-2026-10-10-audio.zip,https://github.com/genesiskoo/joseon-assets/releases/download/marketing-2026-10-10/joseon-hunters-2026-10-10-audio.zip,232926,f9e8b130b30fbc570c67777a56b20bf373d83cf21d0cf40065bb862b53c26846,genesiskoo/joseon-hunters,627061d8021ce3013afae09f3c1cc1abaccc858a,,source_git_blob_sha256_verified,도깨비,뭐가 궁금해? 말은 공짜야.,,,,,,,,,,,,
marketing/2026-10-10/audio/voice/dokkaebi/dokkaebi_020_confirmed_public_spoiler-none.wav,npc_voice,confirmed,True,none,release_zip,joseon-hunters-2026-10-10-audio.zip,https://github.com/genesiskoo/joseon-assets/releases/download/marketing-2026-10-10/joseon-hunters-2026-10-10-audio.zip,691566,9b56e650920afbed6e7a04dc90f60f42e900f37dd18122a658e04bc53a95aee0,genesiskoo/joseon-hunters,627061d8021ce3013afae09f3c1cc1abaccc858a,,source_git_blob_sha256_verified,도깨비,"글자 부적은 옷 홈에 박는 거야. 수복 먼저, 강녕 다음. 거꾸로 박으면 아무 일도 안 일어나.",,,,,,,,,,,,
marketing/2026-10-10/audio/voice/dokkaebi/dokkaebi_021_confirmed_public_spoiler-none.wav,npc_voice,confirmed,True,none,release_zip,joseon-hunters-2026-10-10-audio.zip,https://github.com/genesiskoo/joseon-assets/releases/download/marketing-2026-10-10/joseon-hunters-2026-10-10-audio.zip,564558,0db22fa7ac376125cb8580e7026a75e950c27eca05edfec50e83f95c152a457f,genesiskoo/joseon-hunters,627061d8021ce3013afae09f3c1cc1abaccc858a,,source_git_blob_sha256_verified,도깨비,그건 박아 보면 알아. 틀려도 글자는 도로 빼 줄 수 있어. 장비는 내 몫이지만.,,,,,,,,,,,,
marketing/2026-10-10/audio/voice/dokkaebi/dokkaebi_022_confirmed_public_spoiler-none.wav,npc_voice,confirmed,True,none,release_zip,joseon-hunters-2026-10-10-audio.zip,https://github.com/genesiskoo/joseon-assets/releases/download/marketing-2026-10-10/joseon-hunters-2026-10-10-audio.zip,740958,24367fb506a24cc72d0272eef69147fbcdf11aeed186aab5ece8f75a0f15c659,genesiskoo/joseon-hunters,627061d8021ce3013afae09f3c1cc1abaccc858a,,source_git_blob_sha256_verified,도깨비,옥은 같은 걸 셋 모아 오면 한 단 위 옥으로 바꿔 줘. 글자 부적도 같은 글자 셋이면 다음 글자로 바꿔 주지.,,,,,,,,,,,,
marketing/2026-10-10/audio/voice/dokkaebi/dokkaebi_023_confirmed_public_spoiler-none.wav,npc_voice,confirmed,True,none,release_zip,joseon-hunters-2026-10-10-audio.zip,https://github.com/genesiskoo/joseon-assets/releases/download/marketing-2026-10-10/joseon-hunters-2026-10-10-audio.zip,557502,70f5a9fc2c00f36150e4a58d704fadbfa4034bb7dc9f3ecf9197ac1b719be276,genesiskoo/joseon-hunters,627061d8021ce3013afae09f3c1cc1abaccc858a,,source_git_blob_sha256_verified,도깨비,박아 둔 걸 도로 빼고 싶으면 장비째로 맡겨. 알맹이는 돌려주고 껍데기는 내가 먹지.,,,,,,,,,,,,
marketing/2026-10-10/audio/voice/dokkaebi/dokkaebi_024_confirmed_public_spoiler-none.wav,npc_voice,confirmed,True,none,release_zip,joseon-hunters-2026-10-10-audio.zip,https://github.com/genesiskoo/joseon-assets/releases/download/marketing-2026-10-10/joseon-hunters-2026-10-10-audio.zip,444606,12f9d512c738e4caea482d2eaf8f81a8f30cf116f240a7e5604f0d5da8ab7245,genesiskoo/joseon-hunters,627061d8021ce3013afae09f3c1cc1abaccc858a,,source_git_blob_sha256_verified,도깨비,틀리게 맡겨도 물건은 도로 줘. 도깨비는 값 치른 것만 먹거든.,,,,,,,,,,,,
marketing/2026-10-10/audio/voice/dokkaebi/dokkaebi_025_confirmed_public_spoiler-none.wav,npc_voice,confirmed,True,none,release_zip,joseon-hunters-2026-10-10-audio.zip,https://github.com/genesiskoo/joseon-assets/releases/download/marketing-2026-10-10/joseon-hunters-2026-10-10-audio.zip,564558,290b9c7af6558170557303cc1f8051b7c43f4b1167ef7050cfbaa282542088cb,genesiskoo/joseon-hunters,627061d8021ce3013afae09f3c1cc1abaccc858a,,source_git_blob_sha256_verified,도깨비,글자 부적은 순서가 반이야. 같은 글자도 순서가 틀리면 그냥 부적 종이일 뿐이지.,,,,,,,,,,,,
marketing/2026-10-10/audio/voice/dokkaebi/dokkaebi_026_confirmed_public_spoiler-none.wav,npc_voice,confirmed,True,none,release_zip,joseon-hunters-2026-10-10-audio.zip,https://github.com/genesiskoo/joseon-assets/releases/download/marketing-2026-10-10/joseon-hunters-2026-10-10-audio.zip,635118,aca1805946dd75ef12655dd9a4a0f92692e5962f988eb1599c1893fff37987b3,genesiskoo/joseon-hunters,627061d8021ce3013afae09f3c1cc1abaccc858a,,source_git_blob_sha256_verified,도깨비,요괴 몸에서 떨어진 건 함부로 팔지 마. 장사꾼 눈엔 잡동사니라도 내 눈엔 아닐 때가 있거든.,,,,,,,,,,,,
marketing/2026-10-10/audio/voice/dokkaebi/dokkaebi_027_confirmed_public_spoiler-none.wav,npc_voice,confirmed,True,none,release_zip,joseon-hunters-2026-10-10-audio.zip,https://github.com/genesiskoo/joseon-assets/releases/download/marketing-2026-10-10/joseon-hunters-2026-10-10-audio.zip,621006,e33c1fc2488cb608f0558b1080a2f687d41a92ccd45ebe957b22aff4435a4245,genesiskoo/joseon-hunters,627061d8021ce3013afae09f3c1cc1abaccc858a,,source_git_blob_sha256_verified,도깨비,"옛 도사들 곁에서 먹 갈던 몸이라 글귀를 좀 알지. 어깨너머로 배웠는데, 어깨가 높았거든.",,,,,,,,,,,,
marketing/2026-10-10/audio/voice/dokkaebi/dokkaebi_028_confirmed_public_spoiler-none.wav,npc_voice,confirmed,True,none,release_zip,joseon-hunters-2026-10-10-audio.zip,https://github.com/genesiskoo/joseon-assets/releases/download/marketing-2026-10-10/joseon-hunters-2026-10-10-audio.zip,705678,942a1aa7ede4e1073ee268e6d21ee709acfaba190e7f29bf4f54f4dd1321de3a,genesiskoo/joseon-hunters,627061d8021ce3013afae09f3c1cc1abaccc858a,,source_git_blob_sha256_verified,도깨비,무당 할매는 날 볼 때마다 눈을 가늘게 떠. 해코지 안 한다니까. 오래 산 것끼리 좀 봐줘도 될 텐데.,,,,,,,,,,,,
marketing/2026-10-10/audio/voice/dokkaebi/dokkaebi_029_confirmed_public_spoiler-none.wav,npc_voice,confirmed,True,none,release_zip,joseon-hunters-2026-10-10-audio.zip,https://github.com/genesiskoo/joseon-assets/releases/download/marketing-2026-10-10/joseon-hunters-2026-10-10-audio.zip,543390,14fd238b956cf7808d3e20661c88af0252e49594c0606a903ff7a04f1341e8e6,genesiskoo/joseon-hunters,627061d8021ce3013afae09f3c1cc1abaccc858a,,source_git_blob_sha256_verified,도깨비,비결서 쪽이 주워지거든 버리지 말고 챙겨 둬. 옛 도사들 글씨는 쓸 데가 있는 법이야.,,,,,,,,,,,,
marketing/2026-10-10/audio/voice/dokkaebi/dokkaebi_030_confirmed_public_spoiler-none.wav,npc_voice,confirmed,True,none,release_zip,joseon-hunters-2026-10-10-audio.zip,https://github.com/genesiskoo/joseon-assets/releases/download/marketing-2026-10-10/joseon-hunters-2026-10-10-audio.zip,352878,697745ecc14bbb2dfd7cbc40cdc730ab92f725657060e2a4b7ab12fb8c82f795,genesiskoo/joseon-hunters,627061d8021ce3013afae09f3c1cc1abaccc858a,,source_git_blob_sha256_verified,도깨비,"자, 바꿔 줬어. 잘 봐, 속임수는 없어.",,,,,,,,,,,,
marketing/2026-10-10/audio/voice/dokkaebi/dokkaebi_031_confirmed_public_spoiler-none.wav,npc_voice,confirmed,True,none,release_zip,joseon-hunters-2026-10-10-audio.zip,https://github.com/genesiskoo/joseon-assets/releases/download/marketing-2026-10-10/joseon-hunters-2026-10-10-audio.zip,275262,4e6fd8e558d6392aa9e50d16f85b3bd11182d150ef7bc0aabf568096ea0d0d8a,genesiskoo/joseon-hunters,627061d8021ce3013afae09f3c1cc1abaccc858a,,source_git_blob_sha256_verified,도깨비,됐네. 도깨비 솜씨는 믿을 만하지.,,,,,,,,,,,,
marketing/2026-10-10/audio/voice/dokkaebi/dokkaebi_032_confirmed_public_spoiler-none.wav,npc_voice,confirmed,True,none,release_zip,joseon-hunters-2026-10-10-audio.zip,https://github.com/genesiskoo/joseon-assets/releases/download/marketing-2026-10-10/joseon-hunters-2026-10-10-audio.zip,261150,ffab18a4ac6561c00a39623d50a3ec308c69debd1bfc2fb463e416c5a2fc860a,genesiskoo/joseon-hunters,627061d8021ce3013afae09f3c1cc1abaccc858a,,source_git_blob_sha256_verified,도깨비,뚝딱은 아니고 좀 걸렸어. 받아 가.,,,,,,,,,,,,
marketing/2026-10-10/audio/voice/dokkaebi/dokkaebi_033_confirmed_public_spoiler-none.wav,npc_voice,confirmed,True,none,release_zip,joseon-hunters-2026-10-10-audio.zip,https://github.com/genesiskoo/joseon-assets/releases/download/marketing-2026-10-10/joseon-hunters-2026-10-10-audio.zip,585726,faca127c29de66da913989fa1e6d0bb00c72281658da9b7db9bfec6b54419780,genesiskoo/joseon-hunters,627061d8021ce3013afae09f3c1cc1abaccc858a,,source_git_blob_sha256_verified,도깨비,"이야, 손맛 나는 물건이 나왔네. 아무 데나 굴러다니는 물건이 아니야. 간수 잘해.",,,,,,,,,,,,
marketing/2026-10-10/audio/voice/dokkaebi/dokkaebi_034_confirmed_public_spoiler-none.wav,npc_voice,confirmed,True,none,release_zip,joseon-hunters-2026-10-10-audio.zip,https://github.com/genesiskoo/joseon-assets/releases/download/marketing-2026-10-10/joseon-hunters-2026-10-10-audio.zip,366990,e36b4d6eb34d118206bff922106c80fe565f3bf7bed0c4f651b931b3a541b039,genesiskoo/joseon-hunters,627061d8021ce3013afae09f3c1cc1abaccc858a,,source_git_blob_sha256_verified,도깨비,내 솜씨 중에서도 상등품이야. 팔아먹을 생각은 접어 둬.,,,,,,,,,,,,
marketing/2026-10-10/audio/voice/dokkaebi/dokkaebi_035_confirmed_public_spoiler-none.wav,npc_voice,confirmed,True,none,release_zip,joseon-hunters-2026-10-10-audio.zip,https://github.com/genesiskoo/joseon-assets/releases/download/marketing-2026-10-10/joseon-hunters-2026-10-10-audio.zip,536334,b401e8a6fa51415a51eec28dc2e8a7d6a7c8599e1f4ce6a408e7cb9524c80bba,genesiskoo/joseon-hunters,627061d8021ce3013afae09f3c1cc1abaccc858a,,source_git_blob_sha256_verified,도깨비,좋은 재료를 가져왔으니 좋은 물건이 나오지. 도깨비 눈은 틀리는 법이 없거든.,,,,,,,,,,,,
marketing/2026-10-10/audio/voice/dokkaebi/dokkaebi_036_confirmed_public_spoiler-none.wav,npc_voice,confirmed,True,none,release_zip,joseon-hunters-2026-10-10-audio.zip,https://github.com/genesiskoo/joseon-assets/releases/download/marketing-2026-10-10/joseon-hunters-2026-10-10-audio.zip,395214,3cb01fcfe7a64a40b477cf32fa753d21b64ebb43a4709911469c796b8c3fccb4,genesiskoo/joseon-hunters,627061d8021ce3013afae09f3c1cc1abaccc858a,,source_git_blob_sha256_verified,도깨비,"이걸론 아무것도 안 돼. 도로 가져가, 손해 본 건 없으니까.",,,,,,,,,,,,
marketing/2026-10-10/audio/voice/dokkaebi/dokkaebi_037_confirmed_public_spoiler-none.wav,npc_voice,confirmed,True,none,release_zip,joseon-hunters-2026-10-10-audio.zip,https://github.com/genesiskoo/joseon-assets/releases/download/marketing-2026-10-10/joseon-hunters-2026-10-10-audio.zip,254094,363247d3f3ea1baed5cf5228163022c0c5cf3ff0bf0d60116ad6d0d737a331cf,genesiskoo/joseon-hunters,627061d8021ce3013afae09f3c1cc1abaccc858a,,source_git_blob_sha256_verified,도깨비,한 상에 올릴 물건들이 아니야. 도로 가져가.,,,,,,,,,,,,
marketing/2026-10-10/audio/voice/dokkaebi/dokkaebi_038_confirmed_public_spoiler-none.wav,npc_voice,confirmed,True,none,release_zip,joseon-hunters-2026-10-10-audio.zip,https://github.com/genesiskoo/joseon-assets/releases/download/marketing-2026-10-10/joseon-hunters-2026-10-10-audio.zip,374046,bd4571db02708c4568d182f65b38378ab175e92a5207960fac562dc65b1f2bf1,genesiskoo/joseon-hunters,627061d8021ce3013afae09f3c1cc1abaccc858a,,source_git_blob_sha256_verified,도깨비,재주를 부리라면서 재료가 이래? 도로 가져가. 안 뺏어.,,,,,,,,,,,,
marketing/2026-10-10/audio/voice/dokkaebi/dokkaebi_039_confirmed_public_spoiler-none.wav,npc_voice,confirmed,True,none,release_zip,joseon-hunters-2026-10-10-audio.zip,https://github.com/genesiskoo/joseon-assets/releases/download/marketing-2026-10-10/joseon-hunters-2026-10-10-audio.zip,515166,ab00e6ecc30186c0ca6a3ce45e449231f5198cbf299f7a4db91fa05b9fefa9f4,genesiskoo/joseon-hunters,627061d8021ce3013afae09f3c1cc1abaccc858a,,source_git_blob_sha256_verified,도깨비,"이치는 맞는데 내줄 게 없어. 더 올릴 데도, 바꿔 줄 짝도 바닥이네.",,,,,,,,,,,,
marketing/2026-10-10/audio/voice/dokkaebi/dokkaebi_040_confirmed_public_spoiler-none.wav,npc_voice,confirmed,True,none,release_zip,joseon-hunters-2026-10-10-audio.zip,https://github.com/genesiskoo/joseon-assets/releases/download/marketing-2026-10-10/joseon-hunters-2026-10-10-audio.zip,437550,774b6cbf843b6f0f8ae305a6d8df4b76c1ed03b137d27afa4e650f8d4133dec8,genesiskoo/joseon-hunters,627061d8021ce3013afae09f3c1cc1abaccc858a,,source_git_blob_sha256_verified,도깨비,재주가 모자란 게 아니라 판이 바닥이야. 맡긴 건 도로 가져가.,,,,,,,,,,,,
marketing/2026-10-10/audio/voice/dokkaebi/dokkaebi_041_confirmed_public_spoiler-none.wav,npc_voice,confirmed,True,none,release_zip,joseon-hunters-2026-10-10-audio.zip,https://github.com/genesiskoo/joseon-assets/releases/download/marketing-2026-10-10/joseon-hunters-2026-10-10-audio.zip,402270,cd214eaf1cd8493182fe966fd201b877d428a3a604248e138c5388460f475639,genesiskoo/joseon-hunters,627061d8021ce3013afae09f3c1cc1abaccc858a,,source_git_blob_sha256_verified,도깨비,"맞게 가져왔는데 만들 게 없다니, 서로 민망하게 됐네.",,,,,,,,,,,,
marketing/2026-10-10/audio/voice/dokkaebi/dokkaebi_042_confirmed_public_spoiler-none.wav,npc_voice,confirmed,True,none,release_zip,joseon-hunters-2026-10-10-audio.zip,https://github.com/genesiskoo/joseon-assets/releases/download/marketing-2026-10-10/joseon-hunters-2026-10-10-audio.zip,416382,2840cf18dc35eaae1d4421bdd630e14cdd90e957bb540381e1031881a5fc18e2,genesiskoo/joseon-hunters,627061d8021ce3013afae09f3c1cc1abaccc858a,,source_git_blob_sha256_verified,도깨비,엽전이 모자라. 도깨비 장사도 공짜는 아니야. 채워서 와.,,,,,,,,,,,,
marketing/2026-10-10/audio/voice/dokkaebi/dokkaebi_043_confirmed_public_spoiler-none.wav,npc_voice,confirmed,True,none,release_zip,joseon-hunters-2026-10-10-audio.zip,https://github.com/genesiskoo/joseon-assets/releases/download/marketing-2026-10-10/joseon-hunters-2026-10-10-audio.zip,437550,3a647705aae17151102f92a04948bef5b39f5a3908a2f8465079fbcf244d6c5b,genesiskoo/joseon-hunters,627061d8021ce3013afae09f3c1cc1abaccc858a,,source_git_blob_sha256_verified,도깨비,재료는 맞는데 값이 모자라. 나중에 주겠다는 말은 안 믿어.,,,,,,,,,,,,
marketing/2026-10-10/audio/voice/dokkaebi/dokkaebi_044_confirmed_public_spoiler-none.wav,npc_voice,confirmed,True,none,release_zip,joseon-hunters-2026-10-10-audio.zip,https://github.com/genesiskoo/joseon-assets/releases/download/marketing-2026-10-10/joseon-hunters-2026-10-10-audio.zip,366990,40bf877f7caf3783255ae58146fdbf0798ad0afbc4908de0c625573c05203187,genesiskoo/joseon-hunters,627061d8021ce3013afae09f3c1cc1abaccc858a,,source_git_blob_sha256_verified,도깨비,주머니가 가볍네. 값은 값이야. 채워서 다시 와.,,,,,,,,,,,,
marketing/2026-10-10/audio/voice/dokkaebi/dokkaebi_045_confirmed_public_spoiler-none.wav,npc_voice,confirmed,True,none,release_zip,joseon-hunters-2026-10-10-audio.zip,https://github.com/genesiskoo/joseon-assets/releases/download/marketing-2026-10-10/joseon-hunters-2026-10-10-audio.zip,275262,789eb98c76362b223544ebcac2691e13d7227516cd408591b4576eb7efbf86b0,genesiskoo/joseon-hunters,627061d8021ce3013afae09f3c1cc1abaccc858a,,source_git_blob_sha256_verified,도깨비,받아 갈 자리가 없잖아. 가방부터 비워 와.,,,,,,,,,,,,
marketing/2026-10-10/audio/voice/dokkaebi/dokkaebi_046_confirmed_public_spoiler-none.wav,npc_voice,confirmed,True,none,release_zip,joseon-hunters-2026-10-10-audio.zip,https://github.com/genesiskoo/joseon-assets/releases/download/marketing-2026-10-10/joseon-hunters-2026-10-10-audio.zip,423438,f8bde49c48b7177135dddb8107c6242a7f0d9783d53f0a7e55a9a580d4bf4712,genesiskoo/joseon-hunters,627061d8021ce3013afae09f3c1cc1abaccc858a,,source_git_blob_sha256_verified,도깨비,바꿔 주는 것도 좋지만 받아 갈 손은 비워 둬야지. 가방 좀 정리해.,,,,,,,,,,,,
marketing/2026-10-10/audio/voice/dokkaebi/dokkaebi_047_confirmed_public_spoiler-none.wav,npc_voice,confirmed,True,none,release_zip,joseon-hunters-2026-10-10-audio.zip,https://github.com/genesiskoo/joseon-assets/releases/download/marketing-2026-10-10/joseon-hunters-2026-10-10-audio.zip,331710,98542c7ec249ab9d7d478b0dec7548881922a9fe373ce92019a5da774ee68689,genesiskoo/joseon-hunters,627061d8021ce3013afae09f3c1cc1abaccc858a,,source_git_blob_sha256_verified,도깨비,내줄 물건 놓을 데가 없어. 가방 비우고 다시 와.,,,,,,,,,,,,
marketing/2026-10-10/audio/voice/dokkaebi/dokkaebi_048_confirmed_public_spoiler-none.wav,npc_voice,confirmed,True,none,release_zip,joseon-hunters-2026-10-10-audio.zip,https://github.com/genesiskoo/joseon-assets/releases/download/marketing-2026-10-10/joseon-hunters-2026-10-10-audio.zip,289374,85ff54bfb7d33448db1f9a609474b519d026aca2ad7ae326c678895faa06f500,genesiskoo/joseon-hunters,627061d8021ce3013afae09f3c1cc1abaccc858a,,source_git_blob_sha256_verified,도깨비,빈손으로 뭘 바꾸라는 거야. 올려 놓고 말해.,,,,,,,,,,,,
marketing/2026-10-10/audio/voice/dokkaebi/dokkaebi_049_confirmed_public_spoiler-none.wav,npc_voice,confirmed,True,none,release_zip,joseon-hunters-2026-10-10-audio.zip,https://github.com/genesiskoo/joseon-assets/releases/download/marketing-2026-10-10/joseon-hunters-2026-10-10-audio.zip,366990,8ba42285ba104cd0d9431ca52069c515e38fdf46758cb275448b8b2549da288e,genesiskoo/joseon-hunters,627061d8021ce3013afae09f3c1cc1abaccc858a,,source_git_blob_sha256_verified,도깨비,칸이 텅 비었잖아. 도깨비도 없는 걸론 못 바꿔 줘.,,,,,,,,,,,,
marketing/2026-10-10/audio/voice/dokkaebi/dokkaebi_050_confirmed_public_spoiler-minor-quest.wav,npc_voice,confirmed,True,minor_quest,release_zip,joseon-hunters-2026-10-10-audio.zip,https://github.com/genesiskoo/joseon-assets/releases/download/marketing-2026-10-10/joseon-hunters-2026-10-10-audio.zip,515166,2a51af690788e8c44611e243076636f5a604481f395def2b02e109b1afa731fc,genesiskoo/joseon-hunters,627061d8021ce3013afae09f3c1cc1abaccc858a,,source_git_blob_sha256_verified,도깨비,"옜다, 누비옷. 홈 둘이야. 수복 먼저, 강녕 다음, 잊지 마.",,,,,,,,,,,,
marketing/2026-10-10/audio/voice/dokkaebi/dokkaebi_051_confirmed_public_spoiler-minor-quest.wav,npc_voice,confirmed,True,minor_quest,release_zip,joseon-hunters-2026-10-10-audio.zip,https://github.com/genesiskoo/joseon-assets/releases/download/marketing-2026-10-10/joseon-hunters-2026-10-10-audio.zip,402270,2d484fb229953f61026ee6d5ebfd98434dd23dc55eb371b95916406a1338301d,genesiskoo/joseon-hunters,627061d8021ce3013afae09f3c1cc1abaccc858a,,source_git_blob_sha256_verified,도깨비,"거래 성사. 옷은 잘 입고, 준 장비는 내가 잘 쓸게.",,,,,,,,,,,,
marketing/2026-10-10/audio/voice/dokkaebi/dokkaebi_052_confirmed_public_spoiler-none.wav,npc_voice,confirmed,True,none,release_zip,joseon-hunters-2026-10-10-audio.zip,https://github.com/genesiskoo/joseon-assets/releases/download/marketing-2026-10-10/joseon-hunters-2026-10-10-audio.zip,451662,66f0adfbf403aacfefe128fbca15ba05e6f4e90465f960b89c773928901de957,genesiskoo/joseon-hunters,627061d8021ce3013afae09f3c1cc1abaccc858a,,source_git_blob_sha256_verified,도깨비,빈손이네. 쓰던 장비 하나 들고 다시 와. 누비옷은 어디 안 가.,,,,,,,,,,,,
marketing/2026-10-10/audio/voice/dokkaebi/dokkaebi_053_confirmed_public_spoiler-none.wav,npc_voice,confirmed,True,none,release_zip,joseon-hunters-2026-10-10-audio.zip,https://github.com/genesiskoo/joseon-assets/releases/download/marketing-2026-10-10/joseon-hunters-2026-10-10-audio.zip,444606,59d3cd05ae6d1d785e3db95cd2158a8b76eab75e7dd62705c4de3912fa5140a7,genesiskoo/joseon-hunters,627061d8021ce3013afae09f3c1cc1abaccc858a,,source_git_blob_sha256_verified,도깨비,마음이 안 내키나 보네. 하고 싶을 때 와. 누비옷은 안 도망가.,,,,,,,,,,,,
marketing/2026-10-10/audio/voice/dokkaebi/dokkaebi_054_confirmed_public_spoiler-none.wav,npc_voice,confirmed,True,none,release_zip,joseon-hunters-2026-10-10-audio.zip,https://github.com/genesiskoo/joseon-assets/releases/download/marketing-2026-10-10/joseon-hunters-2026-10-10-audio.zip,388158,79c3a8f82e2ac800a8cf19b8422eb7f6ffae1ac473ad1d92e773908998ac724e,genesiskoo/joseon-hunters,627061d8021ce3013afae09f3c1cc1abaccc858a,,source_git_blob_sha256_verified,도깨비,거의 다 왔는데 어딘가 하나가 어긋났어. 다시 살펴봐.,,,,,,,,,,,,
marketing/2026-10-10/audio/voice/dokkaebi/dokkaebi_055_confirmed_public_spoiler-none.wav,npc_voice,confirmed,True,none,release_zip,joseon-hunters-2026-10-10-audio.zip,https://github.com/genesiskoo/joseon-assets/releases/download/marketing-2026-10-10/joseon-hunters-2026-10-10-audio.zip,543390,a5a32c85711deee9d3f4ac78e0c69514133dce02dd1865bda40c67165e44a0bf,genesiskoo/joseon-hunters,627061d8021ce3013afae09f3c1cc1abaccc858a,,source_git_blob_sha256_verified,도깨비,옥 셋이 한 빛깔이네. 한 가족끼리만 모이면 안 돼. 빛깔이 서로 달라야 해.,,,,,,,,,,,,
marketing/2026-10-10/audio/voice/dokkaebi/dokkaebi_056_confirmed_public_spoiler-none.wav,npc_voice,confirmed,True,none,release_zip,joseon-hunters-2026-10-10-audio.zip,https://github.com/genesiskoo/joseon-assets/releases/download/marketing-2026-10-10/joseon-hunters-2026-10-10-audio.zip,388158,d5e107347430e46760789f2489100e6d650b53711c7242c877877a5e32f22e07,genesiskoo/joseon-hunters,627061d8021ce3013afae09f3c1cc1abaccc858a,,source_git_blob_sha256_verified,도깨비,거의 다 왔는데 어딘가 하나가 어긋났어. 다시 살펴봐.,,,,,,,,,,,,
marketing/2026-10-10/audio/voice/dokkaebi/dokkaebi_057_confirmed_public_spoiler-none.wav,npc_voice,confirmed,True,none,release_zip,joseon-hunters-2026-10-10-audio.zip,https://github.com/genesiskoo/joseon-assets/releases/download/marketing-2026-10-10/joseon-hunters-2026-10-10-audio.zip,395214,d6e7f0181193f67c646a303a0777baa6d7f70c07da77f56d04875469d9c4fa05,genesiskoo/joseon-hunters,627061d8021ce3013afae09f3c1cc1abaccc858a,,source_git_blob_sha256_verified,도깨비,거의 다 왔는데 어딘가 하나가 어긋났어. 다시 살펴봐.,,,,,,,,,,,,
marketing/2026-10-10/audio/voice/dokkaebi/dokkaebi_058_confirmed_public_spoiler-none.wav,npc_voice,confirmed,True,none,release_zip,joseon-hunters-2026-10-10-audio.zip,https://github.com/genesiskoo/joseon-assets/releases/download/marketing-2026-10-10/joseon-hunters-2026-10-10-audio.zip,402270,36ebf6c7dc804f9181fdd155f3626bad7d703f1a858d9ee0c9644ceee822bfdd,genesiskoo/joseon-hunters,627061d8021ce3013afae09f3c1cc1abaccc858a,,source_git_blob_sha256_verified,도깨비,거의 다 왔는데 어딘가 하나가 어긋났어. 다시 살펴봐.,,,,,,,,,,,,
marketing/2026-10-10/audio/voice/dokkaebi/dokkaebi_059_confirmed_public_spoiler-none.wav,npc_voice,confirmed,True,none,release_zip,joseon-hunters-2026-10-10-audio.zip,https://github.com/genesiskoo/joseon-assets/releases/download/marketing-2026-10-10/joseon-hunters-2026-10-10-audio.zip,395214,2439d864ed83d60b58633a16b3b4357df3ac927eec9712ef8c7cfb5d643cc002,genesiskoo/joseon-hunters,627061d8021ce3013afae09f3c1cc1abaccc858a,,source_git_blob_sha256_verified,도깨비,옥이 한 빛깔이야. 다듬으려면 빛깔이 서로 달라야 해.,,,,,,,,,,,,
marketing/2026-10-10/audio/voice/dokkaebi/dokkaebi_060_confirmed_public_spoiler-none.wav,npc_voice,confirmed,True,none,release_zip,joseon-hunters-2026-10-10-audio.zip,https://github.com/genesiskoo/joseon-assets/releases/download/marketing-2026-10-10/joseon-hunters-2026-10-10-audio.zip,395214,ed7f7b765ff9c14581923a01d61b3ea2443620489a04723103ca650677139190,genesiskoo/joseon-hunters,627061d8021ce3013afae09f3c1cc1abaccc858a,,source_git_blob_sha256_verified,도깨비,거의 다 왔는데 어딘가 하나가 어긋났어. 다시 살펴봐.,,,,,,,,,,,,
marketing/2026-10-10/audio/voice/dokkaebi/dokkaebi_061_confirmed_public_spoiler-none.wav,npc_voice,confirmed,True,none,release_zip,joseon-hunters-2026-10-10-audio.zip,https://github.com/genesiskoo/joseon-assets/releases/download/marketing-2026-10-10/joseon-hunters-2026-10-10-audio.zip,409326,485c819cf79acdad629c8b1dae51bd0833c49618352eb0322a23feeb0dba4dac,genesiskoo/joseon-hunters,627061d8021ce3013afae09f3c1cc1abaccc858a,,source_git_blob_sha256_verified,도깨비,조각 둘이 서로 다른 벌이야. 같은 벌끼리 가져와야 바꿔 줘.,,,,,,,,,,,,
marketing/2026-10-10/audio/voice/dokkaebi/dokkaebi_062_confirmed_public_spoiler-none.wav,npc_voice,confirmed,True,none,release_zip,joseon-hunters-2026-10-10-audio.zip,https://github.com/genesiskoo/joseon-assets/releases/download/marketing-2026-10-10/joseon-hunters-2026-10-10-audio.zip,381102,c81c1b67fa55677ae88e4b99347676d036916f9299473db572739313d39f4f53,genesiskoo/joseon-hunters,627061d8021ce3013afae09f3c1cc1abaccc858a,,source_git_blob_sha256_verified,도깨비,거의 다 왔는데 어딘가 하나가 어긋났어. 다시 살펴봐.,,,,,,,,,,,,
marketing/2026-10-10/audio/voice/dokkaebi/dokkaebi_063_confirmed_public_spoiler-none.wav,npc_voice,confirmed,True,none,release_zip,joseon-hunters-2026-10-10-audio.zip,https://github.com/genesiskoo/joseon-assets/releases/download/marketing-2026-10-10/joseon-hunters-2026-10-10-audio.zip,388158,ef741dde243a07f798da02447131476a6a5e6547885df257a6e3e0df16ca7388,genesiskoo/joseon-hunters,627061d8021ce3013afae09f3c1cc1abaccc858a,,source_git_blob_sha256_verified,도깨비,거의 다 왔는데 어딘가 하나가 어긋났어. 다시 살펴봐.,,,,,,,,,,,,
marketing/2026-10-10/audio/voice/dokkaebi/dokkaebi_064_confirmed_public_spoiler-none.wav,npc_voice,confirmed,True,none,release_zip,joseon-hunters-2026-10-10-audio.zip,https://github.com/genesiskoo/joseon-assets/releases/download/marketing-2026-10-10/joseon-hunters-2026-10-10-audio.zip,402270,3b6321bab3615beb19de0194864fcf6bbbeb43274be83601a78804abec93539d,genesiskoo/joseon-hunters,627061d8021ce3013afae09f3c1cc1abaccc858a,,source_git_blob_sha256_verified,도깨비,거의 다 왔는데 어딘가 하나가 어긋났어. 다시 살펴봐.,,,,,,,,,,,,
marketing/2026-10-10/audio/voice/elder/elder_001_confirmed_public_spoiler-none.wav,npc_voice,confirmed,True,none,release_zip,joseon-hunters-2026-10-10-audio.zip,https://github.com/genesiskoo/joseon-assets/releases/download/marketing-2026-10-10/joseon-hunters-2026-10-10-audio.zip,176478,d66d37e19a1f146e5f32554b5bd4a5beccbfa0232213273e3310edd74219694a,genesiskoo/joseon-hunters,627061d8021ce3013afae09f3c1cc1abaccc858a,,source_git_blob_sha256_verified,촌장,떠돌이 도사가 웬일이오.,,,,,,,,,,,,
marketing/2026-10-10/audio/voice/elder/elder_002_confirmed_public_spoiler-none.wav,npc_voice,confirmed,True,none,release_zip,joseon-hunters-2026-10-10-audio.zip,https://github.com/genesiskoo/joseon-assets/releases/download/marketing-2026-10-10/joseon-hunters-2026-10-10-audio.zip,232926,a7821588f66e51dc2639424f5677f9c49eecd090477b832038ed21503540de5f,genesiskoo/joseon-hunters,627061d8021ce3013afae09f3c1cc1abaccc858a,,source_git_blob_sha256_verified,촌장,못골 장터가 닫힌 지 석 달이오.,,,,,,,,,,,,
marketing/2026-10-10/audio/voice/elder/elder_003_confirmed_public_spoiler-minor-quest.wav,npc_voice,confirmed,True,minor_quest,release_zip,joseon-hunters-2026-10-10-audio.zip,https://github.com/genesiskoo/joseon-assets/releases/download/marketing-2026-10-10/joseon-hunters-2026-10-10-audio.zip,352878,6bb52a6bf85885f69d626dc6d58cbe4cdf57bf767d0d3d38caaa3dfced5e7822,genesiskoo/joseon-hunters,627061d8021ce3013afae09f3c1cc1abaccc858a,,source_git_blob_sha256_verified,촌장,베었구려! 못골이 오랜만에 숨을 쉬겠소.,,,,,,,,,,,,
marketing/2026-10-10/audio/voice/elder/elder_004_confirmed_public_spoiler-none.wav,npc_voice,confirmed,True,none,release_zip,joseon-hunters-2026-10-10-audio.zip,https://github.com/genesiskoo/joseon-assets/releases/download/marketing-2026-10-10/joseon-hunters-2026-10-10-audio.zip,444606,f08c9de00406639c6f787ed1c389723dfb2eadc49cc21306948cfefe35320ab6,genesiskoo/joseon-hunters,627061d8021ce3013afae09f3c1cc1abaccc858a,,source_git_blob_sha256_verified,촌장,사례는 받아 가시오. 빈손으로 보내면 내 잠자리가 편치 않소.,,,,,,,,,,,,
marketing/2026-10-10/audio/voice/elder/elder_005_confirmed_public_spoiler-minor-quest.wav,npc_voice,confirmed,True,minor_quest,release_zip,joseon-hunters-2026-10-10-audio.zip,https://github.com/genesiskoo/joseon-assets/releases/download/marketing-2026-10-10/joseon-hunters-2026-10-10-audio.zip,416382,5babf6c422893c99d409812458be8cdda3a5687471079b312cc53066fb34f826,genesiskoo/joseon-hunters,627061d8021ce3013afae09f3c1cc1abaccc858a,,source_git_blob_sha256_verified,촌장,간밤엔 굴 쪽이 조용했소. …도사 양반 솜씨요?,,,,,,,,,,,,
marketing/2026-10-10/audio/voice/elder/elder_006_confirmed_public_spoiler-none.wav,npc_voice,confirmed,True,none,release_zip,joseon-hunters-2026-10-10-audio.zip,https://github.com/genesiskoo/joseon-assets/releases/download/marketing-2026-10-10/joseon-hunters-2026-10-10-audio.zip,409326,277c6e5659ebc31ccf54e1b258ac6071d6f0f2dc9102a992c4bca8587638f014,genesiskoo/joseon-hunters,627061d8021ce3013afae09f3c1cc1abaccc858a,,source_git_blob_sha256_verified,촌장,간밤에도 굴 어귀에서 뭔가 울었소. 아직 남았구려.,,,,,,,,,,,,
marketing/2026-10-10/audio/voice/elder/elder_007_confirmed_public_spoiler-none.wav,npc_voice,confirmed,True,none,release_zip,joseon-hunters-2026-10-10-audio.zip,https://github.com/genesiskoo/joseon-assets/releases/download/marketing-2026-10-10/joseon-hunters-2026-10-10-audio.zip,324654,99d324cb8d72cf5f0cb5554af137dcf3df3140c41b108a65af34184be281b612,genesiskoo/joseon-hunters,627061d8021ce3013afae09f3c1cc1abaccc858a,,source_git_blob_sha256_verified,촌장,어귀만 비우면 되오. 끝까지 가란 말이 아니오.,,,,,,,,,,,,
marketing/2026-10-10/audio/voice/elder/elder_008_confirmed_public_spoiler-none.wav,npc_voice,confirmed,True,none,release_zip,joseon-hunters-2026-10-10-audio.zip,https://github.com/genesiskoo/joseon-assets/releases/download/marketing-2026-10-10/joseon-hunters-2026-10-10-audio.zip,261150,f05e0a1a8fa9a95ccab5378e36cc3f0e2e1ac153fb9c289a2fffe465b3e19c24,genesiskoo/joseon-hunters,627061d8021ce3013afae09f3c1cc1abaccc858a,,source_git_blob_sha256_verified,촌장,"굴 어귀 일, 생각해 보셨소?",,,,,,,,,,,,
marketing/2026-10-10/audio/voice/elder/elder_009_confirmed_public_spoiler-none.wav,npc_voice,confirmed,True,none,release_zip,joseon-hunters-2026-10-10-audio.zip,https://github.com/genesiskoo/joseon-assets/releases/download/marketing-2026-10-10/joseon-hunters-2026-10-10-audio.zip,374046,b7e6887021322a18c02726e648c39831e3b9417223be12f8b1d48e56fe31b90a,genesiskoo/joseon-hunters,627061d8021ce3013afae09f3c1cc1abaccc858a,,source_git_blob_sha256_verified,촌장,무당 할매 말씀은 믿어도 되오. 그분이 틀린 적은 없소.,,,,,,,,,,,,
marketing/2026-10-10/audio/voice/elder/elder_010_confirmed_public_spoiler-none.wav,npc_voice,confirmed,True,none,release_zip,joseon-hunters-2026-10-10-audio.zip,https://github.com/genesiskoo/joseon-assets/releases/download/marketing-2026-10-10/joseon-hunters-2026-10-10-audio.zip,345822,46ea0e65a1cda2caa6ef5fd19de4c67ab87b9274dcdefbbd9fe4666f82f17ff8,genesiskoo/joseon-hunters,627061d8021ce3013afae09f3c1cc1abaccc858a,,source_git_blob_sha256_verified,촌장,굴 끝까지 가신다니… 부디 무리하지 마시오.,,,,,,,,,,,,
marketing/2026-10-10/audio/voice/elder/elder_011_confirmed_public_spoiler-none.wav,npc_voice,confirmed,True,none,release_zip,joseon-hunters-2026-10-10-audio.zip,https://github.com/genesiskoo/joseon-assets/releases/download/marketing-2026-10-10/joseon-hunters-2026-10-10-audio.zip,317598,666c0d5563178e852b53f01750fe32a156eab73487cf80854f6f4c77a2e3c1c2,genesiskoo/joseon-hunters,627061d8021ce3013afae09f3c1cc1abaccc858a,,source_git_blob_sha256_verified,촌장,부탁이 하나 있소. 흑랑 굴 말이오.,,,,,,,,,,,,
marketing/2026-10-10/audio/voice/elder/elder_012_confirmed_public_spoiler-none.wav,npc_voice,confirmed,True,none,release_zip,joseon-hunters-2026-10-10-audio.zip,https://github.com/genesiskoo/joseon-assets/releases/download/marketing-2026-10-10/joseon-hunters-2026-10-10-audio.zip,479886,cf5a7e8d197e15eae75f777165830e6c9a359f2d4d5fa20fe849151326fa9635,genesiskoo/joseon-hunters,627061d8021ce3013afae09f3c1cc1abaccc858a,,source_git_blob_sha256_verified,촌장,밤마다 어귀에서 것들이 기어 나와 밭을 헤집고 외양간을 비우오.,,,,,,,,,,,,
marketing/2026-10-10/audio/voice/elder/elder_013_confirmed_public_spoiler-none.wav,npc_voice,confirmed,True,none,release_zip,joseon-hunters-2026-10-10-audio.zip,https://github.com/genesiskoo/joseon-assets/releases/download/marketing-2026-10-10/joseon-hunters-2026-10-10-audio.zip,486942,11cf641f4d6a2fc800dbfd513a7fd57a8e22bab6f184e0efbd920b8eca11ae94,genesiskoo/joseon-hunters,627061d8021ce3013afae09f3c1cc1abaccc858a,,source_git_blob_sha256_verified,촌장,끝까지는 바라지도 않소. 첫 층만… 비워 주시오.,,,,,,,,,,,,
marketing/2026-10-10/audio/voice/elder/elder_014_confirmed_public_spoiler-none.wav,npc_voice,confirmed,True,none,release_zip,joseon-hunters-2026-10-10-audio.zip,https://github.com/genesiskoo/joseon-assets/releases/download/marketing-2026-10-10/joseon-hunters-2026-10-10-audio.zip,176478,202232ccdcd038e4ff73a63c67311a978a9d102da97b445ae02d06f2077e4ad3,genesiskoo/joseon-hunters,627061d8021ce3013afae09f3c1cc1abaccc858a,,source_git_blob_sha256_verified,촌장,떠돌이 도사가 웬일이오.,,,,,,,,,,,,
marketing/2026-10-10/audio/voice/elder/elder_015_confirmed_public_spoiler-none.wav,npc_voice,confirmed,True,none,release_zip,joseon-hunters-2026-10-10-audio.zip,https://github.com/genesiskoo/joseon-assets/releases/download/marketing-2026-10-10/joseon-hunters-2026-10-10-audio.zip,239982,b332b68aae1d9f887c7176aef70a127a67e38607db70a5fcd7a398ecc7de824a,genesiskoo/joseon-hunters,627061d8021ce3013afae09f3c1cc1abaccc858a,,source_git_blob_sha256_verified,촌장,못골 장터가 닫힌 지 석 달이오.,,,,,,,,,,,,
marketing/2026-10-10/audio/voice/elder/elder_016_confirmed_public_spoiler-none.wav,npc_voice,confirmed,True,none,release_zip,joseon-hunters-2026-10-10-audio.zip,https://github.com/genesiskoo/joseon-assets/releases/download/marketing-2026-10-10/joseon-hunters-2026-10-10-audio.zip,239982,285b559cc256ae4ce4d4cab5f36e90558ad3cebb46dc0ec38b928b97ae4268a0,genesiskoo/joseon-hunters,627061d8021ce3013afae09f3c1cc1abaccc858a,,source_git_blob_sha256_verified,촌장,요괴병에 장정 셋을 잃었소.,,,,,,,,,,,,
marketing/2026-10-10/audio/voice/elder/elder_017_confirmed_public_spoiler-none.wav,npc_voice,confirmed,True,none,release_zip,joseon-hunters-2026-10-10-audio.zip,https://github.com/genesiskoo/joseon-assets/releases/download/marketing-2026-10-10/joseon-hunters-2026-10-10-audio.zip,331710,99f6fb4098545b3f5c0a308e25e4746c1fc7da771d6ff3f0827d2f7d2d310be5,genesiskoo/joseon-hunters,627061d8021ce3013afae09f3c1cc1abaccc858a,,source_git_blob_sha256_verified,촌장,"젊은이들은 떠났고, 남은 건 걱정뿐이오.",,,,,,,,,,,,
marketing/2026-10-10/audio/voice/elder/elder_018_confirmed_public_spoiler-none.wav,npc_voice,confirmed,True,none,release_zip,joseon-hunters-2026-10-10-audio.zip,https://github.com/genesiskoo/joseon-assets/releases/download/marketing-2026-10-10/joseon-hunters-2026-10-10-audio.zip,289374,54538f178aa215672bcae35f271900a57f4256123d891ae39479fd48405af769,genesiskoo/joseon-hunters,627061d8021ce3013afae09f3c1cc1abaccc858a,,source_git_blob_sha256_verified,촌장,"그 산책, 부디 무사히 끝내시오.",,,,,,,,,,,,
marketing/2026-10-10/audio/voice/elder/elder_019_confirmed_public_spoiler-minor-quest.wav,npc_voice,confirmed,True,minor_quest,release_zip,joseon-hunters-2026-10-10-audio.zip,https://github.com/genesiskoo/joseon-assets/releases/download/marketing-2026-10-10/joseon-hunters-2026-10-10-audio.zip,571614,cd1f730486461b33eeba85a59f96b3ad9790b85ff7e400baaa414d17457b2fb4,genesiskoo/joseon-hunters,627061d8021ce3013afae09f3c1cc1abaccc858a,,source_git_blob_sha256_verified,촌장,몇 해 전 묵어 간 도사가 두고 간 책이 한 권 있소. 우리 집안은 까막눈이라…,,,,,,,,,,,,
marketing/2026-10-10/audio/voice/elder/elder_020_confirmed_public_spoiler-minor-quest.wav,npc_voice,confirmed,True,minor_quest,release_zip,joseon-hunters-2026-10-10-audio.zip,https://github.com/genesiskoo/joseon-assets/releases/download/marketing-2026-10-10/joseon-hunters-2026-10-10-audio.zip,239982,e6cf3c72082d0f9d53134149889198fe24859770fc89b98a9687025813aa30c9,genesiskoo/joseon-hunters,627061d8021ce3013afae09f3c1cc1abaccc858a,,source_git_blob_sha256_verified,촌장,가져가시오. 굴 어귀 값이오.,,,,,,,,,,,,
marketing/2026-10-10/audio/voice/elder/elder_021_confirmed_public_spoiler-none.wav,npc_voice,confirmed,True,none,release_zip,joseon-hunters-2026-10-10-audio.zip,https://github.com/genesiskoo/joseon-assets/releases/download/marketing-2026-10-10/joseon-hunters-2026-10-10-audio.zip,239982,3fa203088ca7a93bd7742d4e194590de712b632864798ba7dd200e814d5fc696,genesiskoo/joseon-hunters,627061d8021ce3013afae09f3c1cc1abaccc858a,,source_git_blob_sha256_verified,촌장,약소하지만… 받으시오.,,,,,,,,,,,,
marketing/2026-10-10/audio/voice/elder/elder_022_confirmed_public_spoiler-minor-quest.wav,npc_voice,confirmed,True,minor_quest,release_zip,joseon-hunters-2026-10-10-audio.zip,https://github.com/genesiskoo/joseon-assets/releases/download/marketing-2026-10-10/joseon-hunters-2026-10-10-audio.zip,740958,341bb7b9768b7108f26d55dfdf8e697fce8e40f96176402146df86c7b350b5aa,genesiskoo/joseon-hunters,627061d8021ce3013afae09f3c1cc1abaccc858a,,source_git_blob_sha256_verified,촌장,"고맙소. …구미호는 아직 북쪽 산길 끝, 봉밀굴 문 너머에 있소. 잊지 마시오.",,,,,,,,,,,,
marketing/2026-10-10/audio/voice/elder/elder_023_confirmed_public_spoiler-none.wav,npc_voice,confirmed,True,none,release_zip,joseon-hunters-2026-10-10-audio.zip,https://github.com/genesiskoo/joseon-assets/releases/download/marketing-2026-10-10/joseon-hunters-2026-10-10-audio.zip,310542,a69c36e77e981e58339d42b38634006edfd7ad5ebca3d650d9716d7b79b63d65,genesiskoo/joseon-hunters,627061d8021ce3013afae09f3c1cc1abaccc858a,,source_git_blob_sha256_verified,촌장,짐이 많구려. 가방을 비우고 다시 오시오.,,,,,,,,,,,,
marketing/2026-10-10/audio/voice/elder/elder_024_confirmed_public_spoiler-none.wav,npc_voice,confirmed,True,none,release_zip,joseon-hunters-2026-10-10-audio.zip,https://github.com/genesiskoo/joseon-assets/releases/download/marketing-2026-10-10/joseon-hunters-2026-10-10-audio.zip,635118,4992def95b907ed06924b64298096cf04737e97831e21b8193f77af5810c7b54,genesiskoo/joseon-hunters,627061d8021ce3013afae09f3c1cc1abaccc858a,,source_git_blob_sha256_verified,촌장,주모 만나셨소? 그 사람은 이 장터를 혼자 지켰소. 손님 없는 날도 솥은 안 내렸지.,,,,,,,,,,,,
marketing/2026-10-10/audio/voice/elder/elder_025_confirmed_public_spoiler-none.wav,npc_voice,confirmed,True,none,release_zip,joseon-hunters-2026-10-10-audio.zip,https://github.com/genesiskoo/joseon-assets/releases/download/marketing-2026-10-10/joseon-hunters-2026-10-10-audio.zip,522222,73bc864d3b426b6536f898e140c61f7ea80de50e7282da03cd8ec2382b5fb2aa,genesiskoo/joseon-hunters,627061d8021ce3013afae09f3c1cc1abaccc858a,,source_git_blob_sha256_verified,촌장,내가 뚫어 드린 건 이번 한 번뿐이오. 늙은이 솜씨에도 한도가 있소.,,,,,,,,,,,,
marketing/2026-10-10/audio/voice/elder/elder_026_confirmed_public_spoiler-none.wav,npc_voice,confirmed,True,none,release_zip,joseon-hunters-2026-10-10-audio.zip,https://github.com/genesiskoo/joseon-assets/releases/download/marketing-2026-10-10/joseon-hunters-2026-10-10-audio.zip,825630,8c8f57d7b4414fc71257fddc50bf38184a3428bd165a77da4e3669a2f3a56696,genesiskoo/joseon-hunters,627061d8021ce3013afae09f3c1cc1abaccc858a,,source_git_blob_sha256_verified,촌장,더 뚫고 싶거든 장터 뒤 도깨비를 찾아가 보시오. 빛깔 다른 온전한 옥 셋과 엽전이면 뚫어 준다 하오.,,,,,,,,,,,,
marketing/2026-10-10/audio/voice/jumo/jumo_001_confirmed_public_spoiler-none.wav,npc_voice,confirmed,True,none,release_zip,joseon-hunters-2026-10-10-audio.zip,https://github.com/genesiskoo/joseon-assets/releases/download/marketing-2026-10-10/joseon-hunters-2026-10-10-audio.zip,642174,5f4c077c6788fcd0963e39a22ac4acf24e5ae11188fe935461cf222647bdf56e,genesiskoo/joseon-hunters,627061d8021ce3013afae09f3c1cc1abaccc858a,,source_git_blob_sha256_verified,주모,"도사 양반, 목이나 축이고 가시구려. 술은… 없어도 국물은 있지.",,,,,,,,,,,,
marketing/2026-10-10/audio/voice/jumo/jumo_002_confirmed_public_spoiler-none.wav,npc_voice,confirmed,True,none,release_zip,joseon-hunters-2026-10-10-audio.zip,https://github.com/genesiskoo/joseon-assets/releases/download/marketing-2026-10-10/joseon-hunters-2026-10-10-audio.zip,296430,cfa900373021f4c668c9267699b0ef29e08cdd5848d5d729890a8d13553fecbe,genesiskoo/joseon-hunters,627061d8021ce3013afae09f3c1cc1abaccc858a,,source_git_blob_sha256_verified,주모,외상은 살아서 돌아오는 사람한테만 놓수.,,,,,,,,,,,,
marketing/2026-10-10/audio/voice/jumo/jumo_003_confirmed_public_spoiler-none.wav,npc_voice,confirmed,True,none,release_zip,joseon-hunters-2026-10-10-audio.zip,https://github.com/genesiskoo/joseon-assets/releases/download/marketing-2026-10-10/joseon-hunters-2026-10-10-audio.zip,465774,ceae1df94a81f9e35e5fcd9c8872c811ffd687737eb29ad3ee6ff99cdec70884,genesiskoo/joseon-hunters,627061d8021ce3013afae09f3c1cc1abaccc858a,,source_git_blob_sha256_verified,주모,"그나저나 도사 양반, 이 장터가 왜 닫혔는지는 아시우?",,,,,,,,,,,,
marketing/2026-10-10/audio/voice/jumo/jumo_004_confirmed_public_spoiler-none.wav,npc_voice,confirmed,True,none,release_zip,joseon-hunters-2026-10-10-audio.zip,https://github.com/genesiskoo/joseon-assets/releases/download/marketing-2026-10-10/joseon-hunters-2026-10-10-audio.zip,550446,4e8de84c707e23fd0caf5e99365b26ef9ef58508b751476133fe45f689c882bf,genesiskoo/joseon-hunters,627061d8021ce3013afae09f3c1cc1abaccc858a,,source_git_blob_sha256_verified,주모,마을 북쪽 산길 끝에 봉밀굴 문 있잖우. 돌문 말이우.,,,,,,,,,,,,
marketing/2026-10-10/audio/voice/jumo/jumo_005_confirmed_public_spoiler-none.wav,npc_voice,confirmed,True,none,release_zip,joseon-hunters-2026-10-10-audio.zip,https://github.com/genesiskoo/joseon-assets/releases/download/marketing-2026-10-10/joseon-hunters-2026-10-10-audio.zip,592782,8176d6e1cea1591bb2e6f1df997fe6834c9eb19577f1bdc6606d5900506dc65b,genesiskoo/joseon-hunters,627061d8021ce3013afae09f3c1cc1abaccc858a,,source_git_blob_sha256_verified,주모,"그 문 열쇠가 세 조각으로 쪼개져서, 굴마다 하나씩 박혀 있다우.",,,,,,,,,,,,
marketing/2026-10-10/audio/voice/jumo/jumo_006_confirmed_public_spoiler-none.wav,npc_voice,confirmed,True,none,release_zip,joseon-hunters-2026-10-10-audio.zip,https://github.com/genesiskoo/joseon-assets/releases/download/marketing-2026-10-10/joseon-hunters-2026-10-10-audio.zip,698622,99ab3e5f68316845f771c61dba7bfd6c265b39e4d10694b7a485dad315e250fe,genesiskoo/joseon-hunters,627061d8021ce3013afae09f3c1cc1abaccc858a,,source_git_blob_sha256_verified,주모,"개가 하나, 들녘 흑랑 굴이우. 범이 하나, 고개 너머 범굴이우.",,,,,,,,,,,,
marketing/2026-10-10/audio/voice/jumo/jumo_007_confirmed_public_spoiler-none.wav,npc_voice,confirmed,True,none,release_zip,joseon-hunters-2026-10-10-audio.zip,https://github.com/genesiskoo/joseon-assets/releases/download/marketing-2026-10-10/joseon-hunters-2026-10-10-audio.zip,571614,14017a758db23fc5df1e0148129964da2c7d8204424ced0c08a3fb8484df2347,genesiskoo/joseon-hunters,627061d8021ce3013afae09f3c1cc1abaccc858a,,source_git_blob_sha256_verified,주모,"쇠 먹는 놈 뱃속에 하나는, 같은 고개 너머 쇠부리 폐광이우.",,,,,,,,,,,,
marketing/2026-10-10/audio/voice/jumo/jumo_008_confirmed_public_spoiler-none.wav,npc_voice,confirmed,True,none,release_zip,joseon-hunters-2026-10-10-audio.zip,https://github.com/genesiskoo/joseon-assets/releases/download/marketing-2026-10-10/joseon-hunters-2026-10-10-audio.zip,677454,0d9af046247bb3b6d0327c9af5cb57acaae6386dcc8a81cb587afbcedd83dee3,genesiskoo/joseon-hunters,627061d8021ce3013afae09f3c1cc1abaccc858a,,source_git_blob_sha256_verified,주모,목로에 앉아 있으면 소문이 다 들어오우. 값은 국물에 쳐서 받지.,,,,,,,,,,,,
marketing/2026-10-10/audio/voice/jumo/jumo_009_confirmed_public_spoiler-none.wav,npc_voice,confirmed,True,none,release_zip,joseon-hunters-2026-10-10-audio.zip,https://github.com/genesiskoo/joseon-assets/releases/download/marketing-2026-10-10/joseon-hunters-2026-10-10-audio.zip,917358,ac913b0d67fda8ef65a7f00a91e058d48c487bc6037b6631f238b093fd5c59bd,genesiskoo/joseon-hunters,627061d8021ce3013afae09f3c1cc1abaccc858a,,source_git_blob_sha256_verified,주모,"열쇠를 모아 문을 열어야 이 병의 뿌리를 뽑을 수 있고, 뿌리를 뽑아야 닫힌 장터가 다시 열리지.",,,,,,,,,,,,
marketing/2026-10-10/audio/voice/jumo/jumo_010_confirmed_public_spoiler-none.wav,npc_voice,confirmed,True,none,release_zip,joseon-hunters-2026-10-10-audio.zip,https://github.com/genesiskoo/joseon-assets/releases/download/marketing-2026-10-10/joseon-hunters-2026-10-10-audio.zip,797406,b7574946fe34a94d9529487346f3471ad671ac46f328e63ad15f59b72d82a0a2,genesiskoo/joseon-hunters,627061d8021ce3013afae09f3c1cc1abaccc858a,,source_git_blob_sha256_verified,주모,가까운 데부터 가시구려. 동쪽 문 밖 들녘에 흑랑 굴이 있수. …국물은 식어도 외상은 안 식수.,,,,,,,,,,,,
marketing/2026-10-10/audio/voice/jumo/jumo_011_confirmed_public_spoiler-minor-quest.wav,npc_voice,confirmed,True,minor_quest,release_zip,joseon-hunters-2026-10-10-audio.zip,https://github.com/genesiskoo/joseon-assets/releases/download/marketing-2026-10-10/joseon-hunters-2026-10-10-audio.zip,84750,fcb5bc03b591ff512b8a8a1ead7b7612ae1c497ccc966dc51052adca74b0e7ce,genesiskoo/joseon-hunters,627061d8021ce3013afae09f3c1cc1abaccc858a,,source_git_blob_sha256_verified,주모,…끝났소?,,,,,,,,,,,,
marketing/2026-10-10/audio/voice/jumo/jumo_012_confirmed_public_spoiler-minor-quest.wav,npc_voice,confirmed,True,minor_quest,release_zip,joseon-hunters-2026-10-10-audio.zip,https://github.com/genesiskoo/joseon-assets/releases/download/marketing-2026-10-10/joseon-hunters-2026-10-10-audio.zip,522222,77b6b61b3df378b1fa0c20c13c965d65c70387e2fe8b1d02319fc22d34c307e6,genesiskoo/joseon-hunters,627061d8021ce3013afae09f3c1cc1abaccc858a,,source_git_blob_sha256_verified,주모,"잘했소, 도사 양반. 그 집 얘기는 이제, 그만합시다.",,,,,,,,,,,,
marketing/2026-10-10/audio/voice/jumo/jumo_013_confirmed_public_spoiler-none.wav,npc_voice,confirmed,True,none,release_zip,joseon-hunters-2026-10-10-audio.zip,https://github.com/genesiskoo/joseon-assets/releases/download/marketing-2026-10-10/joseon-hunters-2026-10-10-audio.zip,317598,bca44a702fe4f5c147b5c1d01a50c7880b8b954efe33c1f9e8f436446e461fcc,genesiskoo/joseon-hunters,627061d8021ce3013afae09f3c1cc1abaccc858a,,source_git_blob_sha256_verified,주모,어서 오시구려. 국물은 식기 전에 드시우.,,,,,,,,,,,,
marketing/2026-10-10/audio/voice/jumo/jumo_014_confirmed_public_spoiler-none.wav,npc_voice,confirmed,True,none,release_zip,joseon-hunters-2026-10-10-audio.zip,https://github.com/genesiskoo/joseon-assets/releases/download/marketing-2026-10-10/joseon-hunters-2026-10-10-audio.zip,338766,ba777ed402623e8617d7f05bf1fe3a63949de58df920538033096ec4b68a7679,genesiskoo/joseon-hunters,627061d8021ce3013afae09f3c1cc1abaccc858a,,source_git_blob_sha256_verified,주모,또 오셨수? 산 사람 얼굴 보니 반갑구먼.,,,,,,,,,,,,
marketing/2026-10-10/audio/voice/jumo/jumo_015_confirmed_public_spoiler-none.wav,npc_voice,confirmed,True,none,release_zip,joseon-hunters-2026-10-10-audio.zip,https://github.com/genesiskoo/joseon-assets/releases/download/marketing-2026-10-10/joseon-hunters-2026-10-10-audio.zip,310542,74f82c8fef04e245b3e07fa3d4794b636067f93de797318174a760bd6a268cdc,genesiskoo/joseon-hunters,627061d8021ce3013afae09f3c1cc1abaccc858a,,source_git_blob_sha256_verified,주모,"도사 양반, 목이나 축이고 가시구려.",,,,,,,,,,,,
marketing/2026-10-10/audio/voice/jumo/jumo_016_confirmed_public_spoiler-none.wav,npc_voice,confirmed,True,none,release_zip,joseon-hunters-2026-10-10-audio.zip,https://github.com/genesiskoo/joseon-assets/releases/download/marketing-2026-10-10/joseon-hunters-2026-10-10-audio.zip,606894,754c7ecf00f43de59c10c7e1e74aa0a1d756f43706875885b6dbe0d5e4387da2,genesiskoo/joseon-hunters,627061d8021ce3013afae09f3c1cc1abaccc858a,,source_git_blob_sha256_verified,주모,들녘 쪽엔 함부로 가지 마시오. 옛 주막 터에 뭔가 있다는 게 나만 하는 말이 아니오.,,,,,,,,,,,,
marketing/2026-10-10/audio/voice/jumo/jumo_017_confirmed_public_spoiler-none.wav,npc_voice,confirmed,True,none,release_zip,joseon-hunters-2026-10-10-audio.zip,https://github.com/genesiskoo/joseon-assets/releases/download/marketing-2026-10-10/joseon-hunters-2026-10-10-audio.zip,465774,029d71505bd6fbda702c36ec64b6b700d5c5598102f4fe830212427c8289dba9,genesiskoo/joseon-hunters,627061d8021ce3013afae09f3c1cc1abaccc858a,,source_git_blob_sha256_verified,주모,흑랑 굴 개들은 떼로 다니우. 한 놈 보이면 열 놈이라 치시구려.,,,,,,,,,,,,
marketing/2026-10-10/audio/voice/jumo/jumo_018_confirmed_public_spoiler-none.wav,npc_voice,confirmed,True,none,release_zip,joseon-hunters-2026-10-10-audio.zip,https://github.com/genesiskoo/joseon-assets/releases/download/marketing-2026-10-10/joseon-hunters-2026-10-10-audio.zip,712734,4bd4c0722f4880f211ba087cd08c4bad3f76e15f82dfb9a49593a53ecdd4ef3e,genesiskoo/joseon-hunters,627061d8021ce3013afae09f3c1cc1abaccc858a,,source_git_blob_sha256_verified,주모,"고개 너머 쇠부리 폐광 사람들, 다 어디 갔는지… 밤마다 망치 소리만 난다우.",,,,,,,,,,,,
marketing/2026-10-10/audio/voice/jumo/jumo_019_confirmed_public_spoiler-none.wav,npc_voice,confirmed,True,none,release_zip,joseon-hunters-2026-10-10-audio.zip,https://github.com/genesiskoo/joseon-assets/releases/download/marketing-2026-10-10/joseon-hunters-2026-10-10-audio.zip,550446,aaf3a809d8b9a97071887706347ba08cbe2766ca9306a61eca71cd05dd78b7a4,genesiskoo/joseon-hunters,627061d8021ce3013afae09f3c1cc1abaccc858a,,source_git_blob_sha256_verified,주모,흑랑 굴 맨 끝엔 불개 한 마리가 산다우. 달려들 땐 비켜서시구려.,,,,,,,,,,,,
marketing/2026-10-10/audio/voice/jumo/jumo_020_confirmed_public_spoiler-none.wav,npc_voice,confirmed,True,none,release_zip,joseon-hunters-2026-10-10-audio.zip,https://github.com/genesiskoo/joseon-assets/releases/download/marketing-2026-10-10/joseon-hunters-2026-10-10-audio.zip,338766,17a291d5e91e4965f2cc82a09f619fb8071d9d7153eba96c8cec0314754c15ab,genesiskoo/joseon-hunters,627061d8021ce3013afae09f3c1cc1abaccc858a,,source_git_blob_sha256_verified,주모,범굴에선 누가 이름을 불러도 대답 마시우.,,,,,,,,,,,,
marketing/2026-10-10/audio/voice/jumo/jumo_021_confirmed_public_spoiler-none.wav,npc_voice,confirmed,True,none,release_zip,joseon-hunters-2026-10-10-audio.zip,https://github.com/genesiskoo/joseon-assets/releases/download/marketing-2026-10-10/joseon-hunters-2026-10-10-audio.zip,550446,942952e112f8e565e29ec6bb0258990afb8b47493c286dd0e491382dd311db64,genesiskoo/joseon-hunters,627061d8021ce3013afae09f3c1cc1abaccc858a,,source_git_blob_sha256_verified,주모,쇠부리 폐광엔 쇠 먹는 놈이 산다우. 칼이 안 들거든 불을 쓰시구려.,,,,,,,,,,,,
marketing/2026-10-10/audio/voice/jumo/jumo_022_confirmed_public_spoiler-none.wav,npc_voice,confirmed,True,none,release_zip,joseon-hunters-2026-10-10-audio.zip,https://github.com/genesiskoo/joseon-assets/releases/download/marketing-2026-10-10/joseon-hunters-2026-10-10-audio.zip,522222,0afa2649d224322cba6edc61a6c9b6a0dda8a751ecbf76521fadda79176ac1b3,genesiskoo/joseon-hunters,627061d8021ce3013afae09f3c1cc1abaccc858a,,source_git_blob_sha256_verified,주모,들녘 옛 주막 터 말이우. 밤이면 거기서 각시 하나가 운다오.,,,,,,,,,,,,
marketing/2026-10-10/audio/voice/jumo/jumo_023_confirmed_public_spoiler-none.wav,npc_voice,confirmed,True,none,release_zip,joseon-hunters-2026-10-10-audio.zip,https://github.com/genesiskoo/joseon-assets/releases/download/marketing-2026-10-10/joseon-hunters-2026-10-10-audio.zip,755070,e1d61d267854b3a32ee7efbe395d791eccda3eb1ee6296ba06b941bdeaf922bb,genesiskoo/joseon-hunters,627061d8021ce3013afae09f3c1cc1abaccc858a,,source_git_blob_sha256_verified,주모,…각시 울음이나 그치게 해 주시오. 베든 달래든. 그 집 얘긴 그것만 하면 됐수.,,,,,,,,,,,,
marketing/2026-10-10/audio/voice/merchant/merchant_001_confirmed_public_spoiler-none.wav,npc_voice,confirmed,True,none,release_zip,joseon-hunters-2026-10-10-audio.zip,https://github.com/genesiskoo/joseon-assets/releases/download/marketing-2026-10-10/joseon-hunters-2026-10-10-audio.zip,409326,572d754d654cc0408a03db1c1f7dc3873c7899dca6ac03ab92e73bbec85b17bc,genesiskoo/joseon-hunters,627061d8021ce3013afae09f3c1cc1abaccc858a,,source_git_blob_sha256_verified,김 영감,"어이구, 도사 양반. 이 난리 통에 장사가 되겠수?",,,,,,,,,,,,
marketing/2026-10-10/audio/voice/merchant/merchant_002_confirmed_public_spoiler-none.wav,npc_voice,confirmed,True,none,release_zip,joseon-hunters-2026-10-10-audio.zip,https://github.com/genesiskoo/joseon-assets/releases/download/marketing-2026-10-10/joseon-hunters-2026-10-10-audio.zip,162366,73c9374adec403d8ca1e19169eb8e6b0724b95a5abe1bb67a78f12c3962648f4,genesiskoo/joseon-hunters,627061d8021ce3013afae09f3c1cc1abaccc858a,,source_git_blob_sha256_verified,김 영감,"허허, 벌써부터?",,,,,,,,,,,,
marketing/2026-10-10/audio/voice/merchant/merchant_003_confirmed_public_spoiler-none.wav,npc_voice,confirmed,True,none,release_zip,joseon-hunters-2026-10-10-audio.zip,https://github.com/genesiskoo/joseon-assets/releases/download/marketing-2026-10-10/joseon-hunters-2026-10-10-audio.zip,381102,7aff345f87013d42a1cefa8417ad81d875a04cdec8c6ce746bf7d36a53750d73,genesiskoo/joseon-hunters,627061d8021ce3013afae09f3c1cc1abaccc858a,,source_git_blob_sha256_verified,김 영감,굴에 드실 채비는 하셨수? 탕약 두 병은 챙겨 가시오.,,,,,,,,,,,,
marketing/2026-10-10/audio/voice/merchant/merchant_004_confirmed_public_spoiler-none.wav,npc_voice,confirmed,True,none,release_zip,joseon-hunters-2026-10-10-audio.zip,https://github.com/genesiskoo/joseon-assets/releases/download/marketing-2026-10-10/joseon-hunters-2026-10-10-audio.zip,359934,c0c666332e285675361821a0e283d5bafc3fafa5c411787ae6bc18aa1415f6de,genesiskoo/joseon-hunters,627061d8021ce3013afae09f3c1cc1abaccc858a,,source_git_blob_sha256_verified,김 영감,다녀오시면 내가 한잔 사리다. …장터가 열리면.,,,,,,,,,,,,
marketing/2026-10-10/audio/voice/merchant/merchant_005_confirmed_public_spoiler-minor-quest.wav,npc_voice,confirmed,True,minor_quest,release_zip,joseon-hunters-2026-10-10-audio.zip,https://github.com/genesiskoo/joseon-assets/releases/download/marketing-2026-10-10/joseon-hunters-2026-10-10-audio.zip,423438,4f835be310bb9f7550b3ae22e35310ce3fa49fd77a630cbb669baf64433d0772,genesiskoo/joseon-hunters,627061d8021ce3013afae09f3c1cc1abaccc858a,,source_git_blob_sha256_verified,김 영감,"장터가 다시 열릴 기미가… 보이네. 고맙수, 도사.",,,,,,,,,,,,
marketing/2026-10-10/audio/voice/merchant/merchant_006_confirmed_public_spoiler-none.wav,npc_voice,confirmed,True,none,release_zip,joseon-hunters-2026-10-10-audio.zip,https://github.com/genesiskoo/joseon-assets/releases/download/marketing-2026-10-10/joseon-hunters-2026-10-10-audio.zip,345822,69121fb7a09fa90b2709303b6068ef9b73889867e9dd35fb321830f32d1f805c,genesiskoo/joseon-hunters,627061d8021ce3013afae09f3c1cc1abaccc858a,,source_git_blob_sha256_verified,김 영감,"도사 양반, 갓끈이 풀렸수. 한 번 봐드릴까?",,,,,,,,,,,,
marketing/2026-10-10/audio/voice/merchant/merchant_007_confirmed_public_spoiler-none.wav,npc_voice,confirmed,True,none,release_zip,joseon-hunters-2026-10-10-audio.zip,https://github.com/genesiskoo/joseon-assets/releases/download/marketing-2026-10-10/joseon-hunters-2026-10-10-audio.zip,444606,d296721a2c3558d2e6f684c1fbac8bc9488d4dfb08a5e1e1a59bef5524d8c64d,genesiskoo/joseon-hunters,627061d8021ce3013afae09f3c1cc1abaccc858a,,source_git_blob_sha256_verified,김 영감,오늘은 부적이 잘 안 팔리네. 도사 양반이라도 한 장…,,,,,,,,,,,,
marketing/2026-10-10/audio/voice/merchant/merchant_008_confirmed_public_spoiler-none.wav,npc_voice,confirmed,True,none,release_zip,joseon-hunters-2026-10-10-audio.zip,https://github.com/genesiskoo/joseon-assets/releases/download/marketing-2026-10-10/joseon-hunters-2026-10-10-audio.zip,465774,c4f284c25a7633069f6b4d0858ae20c8bfa1d18cf1616920d1e7b920f9d574bf,genesiskoo/joseon-hunters,627061d8021ce3013afae09f3c1cc1abaccc858a,,source_git_blob_sha256_verified,김 영감,"굴에서 건진 건 다 사 드리우. 값은… 뭐, 시세대로.",,,,,,,,,,,,
marketing/2026-10-10/audio/voice/merchant/merchant_009_confirmed_public_spoiler-none.wav,npc_voice,confirmed,True,none,release_zip,joseon-hunters-2026-10-10-audio.zip,https://github.com/genesiskoo/joseon-assets/releases/download/marketing-2026-10-10/joseon-hunters-2026-10-10-audio.zip,578670,e7c6c00d1f5eafbfbaf43ba9040eb93acd8b19dbb2fea741236eda3fe2e17266,genesiskoo/joseon-hunters,627061d8021ce3013afae09f3c1cc1abaccc858a,,source_git_blob_sha256_verified,김 영감,술 찾으시우? 장터가 닫혀서 술은 없수. 물은 있지. …물은 공짜여.,,,,,,,,,,,,
marketing/2026-10-10/audio/voice/merchant/merchant_010_confirmed_public_spoiler-none.wav,npc_voice,confirmed,True,none,release_zip,joseon-hunters-2026-10-10-audio.zip,https://github.com/genesiskoo/joseon-assets/releases/download/marketing-2026-10-10/joseon-hunters-2026-10-10-audio.zip,437550,7e0c4e32ce0515aa5679da5c186f0000a406cccc8e8fd3d731d8983712fcf19a,genesiskoo/joseon-hunters,627061d8021ce3013afae09f3c1cc1abaccc858a,,source_git_blob_sha256_verified,김 영감,갓이야 덤으로 줘도 검 값은 못 깎아 주우. 목숨값이니.,,,,,,,,,,,,
marketing/2026-10-10/audio/voice/merchant/merchant_011_confirmed_public_spoiler-none.wav,npc_voice,confirmed,True,none,release_zip,joseon-hunters-2026-10-10-audio.zip,https://github.com/genesiskoo/joseon-assets/releases/download/marketing-2026-10-10/joseon-hunters-2026-10-10-audio.zip,755070,ba146e87e720f05f95d4122a27f0dd5e612f82198f233ae488a5ad78a685be02,genesiskoo/joseon-hunters,627061d8021ce3013afae09f3c1cc1abaccc858a,,source_git_blob_sha256_verified,김 영감,"주모 만나셨수? 그 사람 국밥이 못골에서 제일이우. 그 사람 없었으면 이 장터, 석 달 전에 죽었수.",,,,,,,,,,,,
marketing/2026-10-10/audio/voice/merchant/merchant_012_confirmed_public_spoiler-none.wav,npc_voice,confirmed,True,none,release_zip,joseon-hunters-2026-10-10-audio.zip,https://github.com/genesiskoo/joseon-assets/releases/download/marketing-2026-10-10/joseon-hunters-2026-10-10-audio.zip,818574,472bffc3d83dad1595ffb51c0fb67c0ec95e7b27f26a94adf064f1d96da7d158,genesiskoo/joseon-hunters,627061d8021ce3013afae09f3c1cc1abaccc858a,,source_git_blob_sha256_verified,김 영감,괴황지를 주우셨수? 부적 쓰는 누런 종이우. 두 장에 붉은 경면주사 하나를 얹어 도깨비한테 맡겨 보시우.,,,,,,,,,,,,
marketing/2026-10-10/audio/voice/merchant/merchant_013_confirmed_public_spoiler-none.wav,npc_voice,confirmed,True,none,release_zip,joseon-hunters-2026-10-10-audio.zip,https://github.com/genesiskoo/joseon-assets/releases/download/marketing-2026-10-10/joseon-hunters-2026-10-10-audio.zip,882078,82433ea732dfef443aff15191c3510b7b046acaddcbea2290979348b5acca821,genesiskoo/joseon-hunters,627061d8021ce3013afae09f3c1cc1abaccc858a,,source_git_blob_sha256_verified,김 영감,석 장짜리 식별부든 한 장짜리 귀환부든 고르기는 도사 양반 마음이우. 내 밥줄 걸린 소리니 소문은 내지 마시우.,,,,,,,,,,,,
marketing/2026-10-10/audio/voice/shaman/shaman_001_confirmed_public_spoiler-none.wav,npc_voice,confirmed,True,none,release_zip,joseon-hunters-2026-10-10-audio.zip,https://github.com/genesiskoo/joseon-assets/releases/download/marketing-2026-10-10/joseon-hunters-2026-10-10-audio.zip,395214,5427a8d8aba14dae6c9b7d5738440d1b64f8661444668533716daf8f8182c211,genesiskoo/joseon-hunters,627061d8021ce3013afae09f3c1cc1abaccc858a,,source_git_blob_sha256_verified,무당 할매,"도사 양반, 늦었소. 못골이 석 달째 이 꼴이오.",,,,,,,,,,,,
marketing/2026-10-10/audio/voice/shaman/shaman_002_confirmed_public_spoiler-none.wav,npc_voice,confirmed,True,none,release_zip,joseon-hunters-2026-10-10-audio.zip,https://github.com/genesiskoo/joseon-assets/releases/download/marketing-2026-10-10/joseon-hunters-2026-10-10-audio.zip,543390,6284d10c21a01060a2d3d0ba6d6425e9c8869b2debdc916ddf91e8991de6162f,genesiskoo/joseon-hunters,627061d8021ce3013afae09f3c1cc1abaccc858a,,source_git_blob_sha256_verified,무당 할매,봉인이 흔들리오. 요사한 기운이 못골로 새고 있소.,,,,,,,,,,,,
marketing/2026-10-10/audio/voice/shaman/shaman_003_confirmed_public_spoiler-none.wav,npc_voice,confirmed,True,none,release_zip,joseon-hunters-2026-10-10-audio.zip,https://github.com/genesiskoo/joseon-assets/releases/download/marketing-2026-10-10/joseon-hunters-2026-10-10-audio.zip,493998,0e1e169acd1863a9d442c1e9c6642da50b46b9a98e4b0b4ec6a3345789a4f396,genesiskoo/joseon-hunters,627061d8021ce3013afae09f3c1cc1abaccc858a,,source_git_blob_sha256_verified,무당 할매,"꼬리 아홉 달린 천 년 묵은 여우, 구미호가 깨어났소.",,,,,,,,,,,,
marketing/2026-10-10/audio/voice/shaman/shaman_004_confirmed_public_spoiler-none.wav,npc_voice,confirmed,True,none,release_zip,joseon-hunters-2026-10-10-audio.zip,https://github.com/genesiskoo/joseon-assets/releases/download/marketing-2026-10-10/joseon-hunters-2026-10-10-audio.zip,409326,4ee683dd8276a8a470f62ca0791a8a218abc455baabc3de1aec2e3c84cb3eebd,genesiskoo/joseon-hunters,627061d8021ce3013afae09f3c1cc1abaccc858a,,source_git_blob_sha256_verified,무당 할매,그 수하가 들녘 너머 흑랑 굴에 들어앉았소.,,,,,,,,,,,,
marketing/2026-10-10/audio/voice/shaman/shaman_005_confirmed_public_spoiler-none.wav,npc_voice,confirmed,True,none,release_zip,joseon-hunters-2026-10-10-audio.zip,https://github.com/genesiskoo/joseon-assets/releases/download/marketing-2026-10-10/joseon-hunters-2026-10-10-audio.zip,748014,cbf7c995db26585039b3db7103f48a47f5b3c676b561228b1fbfe56882129d77,genesiskoo/joseon-hunters,627061d8021ce3013afae09f3c1cc1abaccc858a,,source_git_blob_sha256_verified,무당 할매,마을 북쪽 산길 끝 봉밀굴 문 안엔 구미호가 갇혀 있소. …아직 열 때가 아니오.,,,,,,,,,,,,
marketing/2026-10-10/audio/voice/shaman/shaman_006_confirmed_public_spoiler-none.wav,npc_voice,confirmed,True,none,release_zip,joseon-hunters-2026-10-10-audio.zip,https://github.com/genesiskoo/joseon-assets/releases/download/marketing-2026-10-10/joseon-hunters-2026-10-10-audio.zip,705678,6e11e187a09d212251a1cf5e1d47aaae26b88884a5d9543ea82243b31a463290,genesiskoo/joseon-hunters,627061d8021ce3013afae09f3c1cc1abaccc858a,,source_git_blob_sha256_verified,무당 할매,도사 양반밖에 없소. 장터 어귀에 주모가 있소. 길은 그 사람이 아오.,,,,,,,,,,,,
marketing/2026-10-10/audio/voice/shaman/shaman_007_confirmed_public_spoiler-none.wav,npc_voice,confirmed,True,none,release_zip,joseon-hunters-2026-10-10-audio.zip,https://github.com/genesiskoo/joseon-assets/releases/download/marketing-2026-10-10/joseon-hunters-2026-10-10-audio.zip,275262,b08294f184dd5465388197b38c093cbb80d83b2d5fd5a94598b5092c5759509b,genesiskoo/joseon-hunters,627061d8021ce3013afae09f3c1cc1abaccc858a,,source_git_blob_sha256_verified,무당 할매,살아서 돌아오면 쳐 드리리다.,,,,,,,,,,,,
marketing/2026-10-10/audio/voice/shaman/shaman_008_confirmed_public_spoiler-none.wav,npc_voice,confirmed,True,none,release_zip,joseon-hunters-2026-10-10-audio.zip,https://github.com/genesiskoo/joseon-assets/releases/download/marketing-2026-10-10/joseon-hunters-2026-10-10-audio.zip,423438,ae0446e2ae2ac1d5beca45912fc6603ba2ef4b562ddb756be16ff529d3d9c2d7,genesiskoo/joseon-hunters,627061d8021ce3013afae09f3c1cc1abaccc858a,,source_git_blob_sha256_verified,무당 할매,"도사 양반, 늦었소. 못골이 석 달째 이 꼴이오.",,,,,,,,,,,,
marketing/2026-10-10/audio/voice/shaman/shaman_009_confirmed_public_spoiler-none.wav,npc_voice,confirmed,True,none,release_zip,joseon-hunters-2026-10-10-audio.zip,https://github.com/genesiskoo/joseon-assets/releases/download/marketing-2026-10-10/joseon-hunters-2026-10-10-audio.zip,543390,41d95900d8a4b6066ec7abbe7b0d1c3e8a0f05b36b87cb9420f212e94885c736,genesiskoo/joseon-hunters,627061d8021ce3013afae09f3c1cc1abaccc858a,,source_git_blob_sha256_verified,무당 할매,봉인이 흔들리오. 요사한 기운이 못골로 새고 있소.,,,,,,,,,,,,
marketing/2026-10-10/audio/voice/shaman/shaman_010_confirmed_public_spoiler-none.wav,npc_voice,confirmed,True,none,release_zip,joseon-hunters-2026-10-10-audio.zip,https://github.com/genesiskoo/joseon-assets/releases/download/marketing-2026-10-10/joseon-hunters-2026-10-10-audio.zip,515166,4e533dd2647def5da5db2b849029617c42a952e45ec52938d8f4c4bb6eaf30f8,genesiskoo/joseon-hunters,627061d8021ce3013afae09f3c1cc1abaccc858a,,source_git_blob_sha256_verified,무당 할매,"꼬리 아홉 달린 천 년 묵은 여우, 구미호가 깨어났소.",,,,,,,,,,,,
marketing/2026-10-10/audio/voice/shaman/shaman_011_confirmed_public_spoiler-none.wav,npc_voice,confirmed,True,none,release_zip,joseon-hunters-2026-10-10-audio.zip,https://github.com/genesiskoo/joseon-assets/releases/download/marketing-2026-10-10/joseon-hunters-2026-10-10-audio.zip,395214,dd99c8d3365b3ed2a0445f7a07062bea37f5e964d0236222ab2dc08f713f0e99,genesiskoo/joseon-hunters,627061d8021ce3013afae09f3c1cc1abaccc858a,,source_git_blob_sha256_verified,무당 할매,그 수하가 들녘 너머 흑랑 굴에 들어앉았소.,,,,,,,,,,,,
marketing/2026-10-10/audio/voice/shaman/shaman_012_confirmed_public_spoiler-none.wav,npc_voice,confirmed,True,none,release_zip,joseon-hunters-2026-10-10-audio.zip,https://github.com/genesiskoo/joseon-assets/releases/download/marketing-2026-10-10/joseon-hunters-2026-10-10-audio.zip,740958,4e23eb63fd28a670ea1d480a48b0dd45c2f78dd030d02a8de9935e45a8b0688b,genesiskoo/joseon-hunters,627061d8021ce3013afae09f3c1cc1abaccc858a,,source_git_blob_sha256_verified,무당 할매,마을 북쪽 산길 끝 봉밀굴 문 안엔 구미호가 갇혀 있소. …아직 열 때가 아니오.,,,,,,,,,,,,
marketing/2026-10-10/audio/voice/shaman/shaman_013_confirmed_public_spoiler-none.wav,npc_voice,confirmed,True,none,release_zip,joseon-hunters-2026-10-10-audio.zip,https://github.com/genesiskoo/joseon-assets/releases/download/marketing-2026-10-10/joseon-hunters-2026-10-10-audio.zip,712734,849601339cf7056d7298d057a2981558ca0ed672db5c3481eb3c1a99a5714640,genesiskoo/joseon-hunters,627061d8021ce3013afae09f3c1cc1abaccc858a,,source_git_blob_sha256_verified,무당 할매,도사 양반밖에 없소. 장터 어귀에 주모가 있소. 길은 그 사람이 아오.,,,,,,,,,,,,
marketing/2026-10-10/audio/voice/shaman/shaman_014_confirmed_public_spoiler-none.wav,npc_voice,confirmed,True,none,release_zip,joseon-hunters-2026-10-10-audio.zip,https://github.com/genesiskoo/joseon-assets/releases/download/marketing-2026-10-10/joseon-hunters-2026-10-10-audio.zip,275262,f9a5935bbeecd20208bf2185f5ad2db0ee270cf2be7e836319d36774b40a9f36,genesiskoo/joseon-hunters,627061d8021ce3013afae09f3c1cc1abaccc858a,,source_git_blob_sha256_verified,무당 할매,살아서 돌아오면 쳐 드리리다.,,,,,,,,,,,,
marketing/2026-10-10/audio/voice/shaman/shaman_015_confirmed_public_spoiler-none.wav,npc_voice,confirmed,True,none,release_zip,joseon-hunters-2026-10-10-audio.zip,https://github.com/genesiskoo/joseon-assets/releases/download/marketing-2026-10-10/joseon-hunters-2026-10-10-audio.zip,493998,f677875749565444a3a651aeef51e29b59aba376cb67f0eab5f4e3394879f307,genesiskoo/joseon-hunters,627061d8021ce3013afae09f3c1cc1abaccc858a,,source_git_blob_sha256_verified,무당 할매,가기 전에 몸부터 채워 드리리다. 말만 걸면 되오. 값은 안 받소.,,,,,,,,,,,,
marketing/2026-10-10/audio/voice/shaman/shaman_016_confirmed_public_spoiler-none.wav,npc_voice,confirmed,True,none,release_zip,joseon-hunters-2026-10-10-audio.zip,https://github.com/genesiskoo/joseon-assets/releases/download/marketing-2026-10-10/joseon-hunters-2026-10-10-audio.zip,366990,546a074a0775b3e902fec354f621d1bbe6ff267e0978187d8e8da7b9d7684146,genesiskoo/joseon-hunters,627061d8021ce3013afae09f3c1cc1abaccc858a,,source_git_blob_sha256_verified,무당 할매,아직이오? 길은 주모가 알려 주었을 터인데.,,,,,,,,,,,,
marketing/2026-10-10/audio/voice/shaman/shaman_017_confirmed_public_spoiler-none.wav,npc_voice,confirmed,True,none,release_zip,joseon-hunters-2026-10-10-audio.zip,https://github.com/genesiskoo/joseon-assets/releases/download/marketing-2026-10-10/joseon-hunters-2026-10-10-audio.zip,338766,09beceac16f88fa2e2c2a6ec7e0ddb09b3a9f557d7351e050f223098b6da7603,genesiskoo/joseon-hunters,627061d8021ce3013afae09f3c1cc1abaccc858a,,source_git_blob_sha256_verified,무당 할매,탕약은 챙겼소? 김 영감네 가보시오.,,,,,,,,,,,,
marketing/2026-10-10/audio/voice/shaman/shaman_018_confirmed_public_spoiler-none.wav,npc_voice,confirmed,True,none,release_zip,joseon-hunters-2026-10-10-audio.zip,https://github.com/genesiskoo/joseon-assets/releases/download/marketing-2026-10-10/joseon-hunters-2026-10-10-audio.zip,366990,2194a48408223829dcfea14ef09556b3d335838ffb5583f52bf61309f01ac849,genesiskoo/joseon-hunters,627061d8021ce3013afae09f3c1cc1abaccc858a,,source_git_blob_sha256_verified,무당 할매,주모는 만나 보았소? 길은 그 사람한테 물으시오.,,,,,,,,,,,,
marketing/2026-10-10/audio/voice/shaman/shaman_019_confirmed_public_spoiler-minor-quest.wav,npc_voice,confirmed,True,minor_quest,release_zip,joseon-hunters-2026-10-10-audio.zip,https://github.com/genesiskoo/joseon-assets/releases/download/marketing-2026-10-10/joseon-hunters-2026-10-10-audio.zip,77694,78b658760f28a4f542b53932ce18d7eae03efa4dadf665984edc77d2ac6db76d,genesiskoo/joseon-hunters,627061d8021ce3013afae09f3c1cc1abaccc858a,,source_git_blob_sha256_verified,무당 할매,…왔구려.,,,,,,,,,,,,
marketing/2026-10-10/audio/voice/shaman/shaman_020_confirmed_public_spoiler-minor-quest.wav,npc_voice,confirmed,True,minor_quest,release_zip,joseon-hunters-2026-10-10-audio.zip,https://github.com/genesiskoo/joseon-assets/releases/download/marketing-2026-10-10/joseon-hunters-2026-10-10-audio.zip,409326,7330811bfd59989a1cf9565c3ffcab22ec6b495e5ec337bf4dc58d194596e6d3,genesiskoo/joseon-hunters,627061d8021ce3013afae09f3c1cc1abaccc858a,,source_git_blob_sha256_verified,무당 할매,"봉인 기운이 달라졌소. 고맙소, 도사 양반.",,,,,,,,,,,,
marketing/2026-10-10/audio/voice/shaman/shaman_021_confirmed_public_spoiler-minor-quest.wav,npc_voice,confirmed,True,minor_quest,release_zip,joseon-hunters-2026-10-10-audio.zip,https://github.com/genesiskoo/joseon-assets/releases/download/marketing-2026-10-10/joseon-hunters-2026-10-10-audio.zip,388158,bcff55170b1c947ffe510a400cd5898b901c35a39b4d69a9154d3a8c8996fdeb,genesiskoo/joseon-hunters,627061d8021ce3013afae09f3c1cc1abaccc858a,,source_git_blob_sha256_verified,무당 할매,봉인의 금이 두 군데 아물었소. 한동안은 버틸 거요.,,,,,,,,,,,,
marketing/2026-10-10/audio/voice/shaman/shaman_022_confirmed_public_spoiler-none.wav,npc_voice,confirmed,True,none,release_zip,joseon-hunters-2026-10-10-audio.zip,https://github.com/genesiskoo/joseon-assets/releases/download/marketing-2026-10-10/joseon-hunters-2026-10-10-audio.zip,536334,045c1174deedfe4b2066e45e80152bd717befd36df91f3b784e854bf5548ca88,genesiskoo/joseon-hunters,627061d8021ce3013afae09f3c1cc1abaccc858a,,source_git_blob_sha256_verified,무당 할매,들녘 옛 주막 터 일이오? 주모가 맡긴 일이라 들었소. 내가 대신 듣겠소.,,,,,,,,,,,,
marketing/2026-10-10/audio/voice/shaman/shaman_023_confirmed_public_spoiler-none.wav,npc_voice,confirmed,True,none,release_zip,joseon-hunters-2026-10-10-audio.zip,https://github.com/genesiskoo/joseon-assets/releases/download/marketing-2026-10-10/joseon-hunters-2026-10-10-audio.zip,508110,e456308cd883699f08659d0f58dd075f471faf5f30eebc888b427f5a452b594d,genesiskoo/joseon-hunters,627061d8021ce3013afae09f3c1cc1abaccc858a,,source_git_blob_sha256_verified,무당 할매,"…그 터 울음이 그쳤다니, 잘했소. 오래 시끄러운 자리였지.",,,,,,,,,,,,
marketing/2026-10-10/audio/voice/shaman/shaman_024_confirmed_public_spoiler-minor-quest.wav,npc_voice,confirmed,True,minor_quest,release_zip,joseon-hunters-2026-10-10-audio.zip,https://github.com/genesiskoo/joseon-assets/releases/download/marketing-2026-10-10/joseon-hunters-2026-10-10-audio.zip,331710,594fcac1f5108b7c53493fe5a34b1a04016e22059db63ae2f4245d7862a7a242,genesiskoo/joseon-hunters,627061d8021ce3013afae09f3c1cc1abaccc858a,,source_git_blob_sha256_verified,무당 할매,이제 남은 건 들녘 흑랑 굴 하나요.,,,,,,,,,,,,
marketing/2026-10-10/audio/voice/shaman/shaman_025_confirmed_public_spoiler-minor-quest.wav,npc_voice,confirmed,True,minor_quest,release_zip,joseon-hunters-2026-10-10-audio.zip,https://github.com/genesiskoo/joseon-assets/releases/download/marketing-2026-10-10/joseon-hunters-2026-10-10-audio.zip,726846,099e28eaefab0d730625f16cddb07c0d462431a8f5c6b8c629f1d5443c71c9d6,genesiskoo/joseon-hunters,627061d8021ce3013afae09f3c1cc1abaccc858a,,source_git_blob_sha256_verified,무당 할매,"흑랑은 불개요. 해와 달도 물어 삼키려던 놈이니, 달려드는 걸 조심하시오.",,,,,,,,,,,,
marketing/2026-10-10/audio/voice/shaman/shaman_026_confirmed_public_spoiler-minor-quest.wav,npc_voice,confirmed,True,minor_quest,release_zip,joseon-hunters-2026-10-10-audio.zip,https://github.com/genesiskoo/joseon-assets/releases/download/marketing-2026-10-10/joseon-hunters-2026-10-10-audio.zip,317598,8c6170adae8703feaac27024e01e5fc00a0ca8ba1a2c8837e99eede84d4c1a7e,genesiskoo/joseon-hunters,627061d8021ce3013afae09f3c1cc1abaccc858a,,source_git_blob_sha256_verified,무당 할매,이제 남은 건 정령재 범굴 하나요.,,,,,,,,,,,,
marketing/2026-10-10/audio/voice/shaman/shaman_027_confirmed_public_spoiler-minor-quest.wav,npc_voice,confirmed,True,minor_quest,release_zip,joseon-hunters-2026-10-10-audio.zip,https://github.com/genesiskoo/joseon-assets/releases/download/marketing-2026-10-10/joseon-hunters-2026-10-10-audio.zip,557502,cd3f2e1daa4533aa3794a0a15b9a635e9f3c8817d11fcfd6489c66e18a98888f,genesiskoo/joseon-hunters,627061d8021ce3013afae09f3c1cc1abaccc858a,,source_git_blob_sha256_verified,무당 할매,"굴 안에서 누가 도사 양반 이름을 부르거든, 그건 사람이 아니오.",,,,,,,,,,,,
marketing/2026-10-10/audio/voice/shaman/shaman_028_confirmed_public_spoiler-minor-quest.wav,npc_voice,confirmed,True,minor_quest,release_zip,joseon-hunters-2026-10-10-audio.zip,https://github.com/genesiskoo/joseon-assets/releases/download/marketing-2026-10-10/joseon-hunters-2026-10-10-audio.zip,366990,da64d0342dd7badf2593352f75170d5b495423ee9ef645dea206056f2b338acd,genesiskoo/joseon-hunters,627061d8021ce3013afae09f3c1cc1abaccc858a,,source_git_blob_sha256_verified,무당 할매,이제 남은 건 정령재 쇠부리 폐광 하나요.,,,,,,,,,,,,
marketing/2026-10-10/audio/voice/shaman/shaman_029_confirmed_public_spoiler-minor-quest.wav,npc_voice,confirmed,True,minor_quest,release_zip,joseon-hunters-2026-10-10-audio.zip,https://github.com/genesiskoo/joseon-assets/releases/download/marketing-2026-10-10/joseon-hunters-2026-10-10-audio.zip,755070,36d1f9237867d67d792fd9f250b57d2f2a27bafc8e6ec660522a33c3f4896538,genesiskoo/joseon-hunters,627061d8021ce3013afae09f3c1cc1abaccc858a,,source_git_blob_sha256_verified,무당 할매,쇠 냄새가 짙은 곳이오. 검이 안 들거든 불을 쓰시오. 내 좌판에 화염부가 있소.,,,,,,,,,,,,
marketing/2026-10-10/audio/voice/shaman/shaman_030_confirmed_public_spoiler-none.wav,npc_voice,confirmed,True,none,release_zip,joseon-hunters-2026-10-10-audio.zip,https://github.com/genesiskoo/joseon-assets/releases/download/marketing-2026-10-10/joseon-hunters-2026-10-10-audio.zip,522222,71424ec2d3c6ee3d7aaac13a203a9171ef7b4ab9737e05de814324da938230cf,genesiskoo/joseon-hunters,627061d8021ce3013afae09f3c1cc1abaccc858a,,source_git_blob_sha256_verified,무당 할매,"도사 양반, 봉인이 또 흔들렸소. 길은 주모네 목로에서 물으시오.",,,,,,,,,,,,
marketing/2026-10-10/audio/voice/shaman/shaman_031_confirmed_public_spoiler-none.wav,npc_voice,confirmed,True,none,release_zip,joseon-hunters-2026-10-10-audio.zip,https://github.com/genesiskoo/joseon-assets/releases/download/marketing-2026-10-10/joseon-hunters-2026-10-10-audio.zip,557502,1b56b31af41f755e4eeac17b09cb9ed5d8eaa995e3b39b35950866fcae0390a1,genesiskoo/joseon-hunters,627061d8021ce3013afae09f3c1cc1abaccc858a,,source_git_blob_sha256_verified,무당 할매,못골 공기가 무겁소. 말만 하다 갈 때가 아니오. 주모네 목로부터 들르시오.,,,,,,,,,,,,
marketing/2026-10-10/audio/voice/shaman/shaman_032_confirmed_public_spoiler-none.wav,npc_voice,confirmed,True,none,release_zip,joseon-hunters-2026-10-10-audio.zip,https://github.com/genesiskoo/joseon-assets/releases/download/marketing-2026-10-10/joseon-hunters-2026-10-10-audio.zip,606894,bffe11612d462f28884329ce44ff9220df733a515c325fdb26d4d5fa3626027e,genesiskoo/joseon-hunters,627061d8021ce3013afae09f3c1cc1abaccc858a,,source_git_blob_sha256_verified,무당 할매,구미호 일은 아직 끝나지 않았소. 방심 마시오. 주모네 목로에서 길을 물으시오.,,,,,,,,,,,,
marketing/2026-10-10/audio/voice/shaman/shaman_033_confirmed_public_spoiler-none.wav,npc_voice,confirmed,True,none,release_zip,joseon-hunters-2026-10-10-audio.zip,https://github.com/genesiskoo/joseon-assets/releases/download/marketing-2026-10-10/joseon-hunters-2026-10-10-audio.zip,571614,810d0d981ebf44ad362a47d465b7df008b82c95f2451a63d972179b734ea3994,genesiskoo/joseon-hunters,627061d8021ce3013afae09f3c1cc1abaccc858a,,source_git_blob_sha256_verified,무당 할매,굴에서 건져 온 물건은 기운을 읽어야 쓸 수 있소. 감정은 내가 해 주리다.,,,,,,,,,,,,
marketing/2026-10-10/audio/voice/shaman/shaman_034_confirmed_public_spoiler-none.wav,npc_voice,confirmed,True,none,release_zip,joseon-hunters-2026-10-10-audio.zip,https://github.com/genesiskoo/joseon-assets/releases/download/marketing-2026-10-10/joseon-hunters-2026-10-10-audio.zip,366990,9ae3cdf5c66a43d40a100071ede52016d062678fb14a8d033cba6fc7f910470f,genesiskoo/joseon-hunters,627061d8021ce3013afae09f3c1cc1abaccc858a,,source_git_blob_sha256_verified,무당 할매,"남은 굴 하나가 기다리오. 말은 그만, 가시오.",,,,,,,,,,,,
marketing/2026-10-10/audio/voice/shaman/shaman_035_confirmed_public_spoiler-none.wav,npc_voice,confirmed,True,none,release_zip,joseon-hunters-2026-10-10-audio.zip,https://github.com/genesiskoo/joseon-assets/releases/download/marketing-2026-10-10/joseon-hunters-2026-10-10-audio.zip,197646,ca3dd157c7831655c3aed200f4afd471de639c7c6e9d92920fd2716b4b565b73,genesiskoo/joseon-hunters,627061d8021ce3013afae09f3c1cc1abaccc858a,,source_git_blob_sha256_verified,무당 할매,말은 그만. 굴로 가시오.,,,,,,,,,,,,
marketing/2026-10-10/audio/voice/shaman/shaman_036_confirmed_public_spoiler-none.wav,npc_voice,confirmed,True,none,release_zip,joseon-hunters-2026-10-10-audio.zip,https://github.com/genesiskoo/joseon-assets/releases/download/marketing-2026-10-10/joseon-hunters-2026-10-10-audio.zip,176478,e5ac836b84ac9c1e0e8ffd380d247f49d045be0c2952c49108469f28ef6494ef,genesiskoo/joseon-hunters,627061d8021ce3013afae09f3c1cc1abaccc858a,,source_git_blob_sha256_verified,무당 할매,…술 이야기는 나중에.,,,,,,,,,,,,
marketing/2026-10-10/audio/voice/shaman/shaman_037_confirmed_public_spoiler-none.wav,npc_voice,confirmed,True,none,release_zip,joseon-hunters-2026-10-10-audio.zip,https://github.com/genesiskoo/joseon-assets/releases/download/marketing-2026-10-10/joseon-hunters-2026-10-10-audio.zip,331710,d3c41127a3e71b14c8dc92c1ff777994a661905d972947ee168ce33687fdaf1d,genesiskoo/joseon-hunters,627061d8021ce3013afae09f3c1cc1abaccc858a,,source_git_blob_sha256_verified,무당 할매,이건… 봉인 너머의 기운이 묻어 있구먼.,,,,,,,,,,,,
marketing/2026-10-10/audio/voice/shaman/shaman_038_confirmed_public_spoiler-none.wav,npc_voice,confirmed,True,none,release_zip,joseon-hunters-2026-10-10-audio.zip,https://github.com/genesiskoo/joseon-assets/releases/download/marketing-2026-10-10/joseon-hunters-2026-10-10-audio.zip,649230,4598fffae5fa93f889e78780e972e09e20c485bf355053ca1ffe5a56d2475051,genesiskoo/joseon-hunters,627061d8021ce3013afae09f3c1cc1abaccc858a,,source_git_blob_sha256_verified,무당 할매,엽전이 모자라오. 수수료는 식별부보다 싸도 공짜는 아니오. 잔소리는 덤이오.,,,,,,,,,,,,
marketing/2026-10-10/audio/voice/shaman/shaman_039_confirmed_public_spoiler-none.wav,npc_voice,confirmed,True,none,release_zip,joseon-hunters-2026-10-10-audio.zip,https://github.com/genesiskoo/joseon-assets/releases/download/marketing-2026-10-10/joseon-hunters-2026-10-10-audio.zip,839742,2dca6261de6387bb7aac18753630d773f3a0a50e2e23626c2312c0b4bc23a9b9,genesiskoo/joseon-hunters,627061d8021ce3013afae09f3c1cc1abaccc858a,,source_git_blob_sha256_verified,무당 할매,만사와 형통이라… 글귀를 반으로 쪼갠 것이오. 만사가 형통하라는 말은 칼에 새기는 거요.,,,,,,,,,,,,
marketing/2026-10-10/audio/voice/shaman/shaman_040_confirmed_public_spoiler-none.wav,npc_voice,confirmed,True,none,release_zip,joseon-hunters-2026-10-10-audio.zip,https://github.com/genesiskoo/joseon-assets/releases/download/marketing-2026-10-10/joseon-hunters-2026-10-10-audio.zip,543390,d59c5595793d491e0b9b6fc46f9f1596974f6b9222fcc5f7e89e9263fae3c06c,genesiskoo/joseon-hunters,627061d8021ce3013afae09f3c1cc1abaccc858a,,source_git_blob_sha256_verified,무당 할매,앞뒤를 바꾸면 글이 아니라 낙서가 되오. 순서를 지키시오.,,,,,,,,,,,,
marketing/2026-10-10/audio/voice_lines.csv,audio_metadata,confirmed,True,none,repository,,https://raw.githubusercontent.com/genesiskoo/joseon-assets/main/marketing/2026-10-10/audio/voice_lines.csv,35162,68cb94fb51250e282697bfc85e101bab698439e1b0b0452425aecca1d04bd5a6,genesiskoo/joseon-hunters,627061d8021ce3013afae09f3c1cc1abaccc858a,,,,,,,,,,,,,,,,
marketing/2026-10-10/capture_tools/MARKETING_CAPTURE_SPEC.md,capture_tool,marketing_support,True,mixed_see_manifest,repository,,https://raw.githubusercontent.com/genesiskoo/joseon-assets/main/marketing/2026-10-10/capture_tools/MARKETING_CAPTURE_SPEC.md,1855,75b494615768b45bf7aef16d7b88c96e18654bdbf065ed351cfff52ebf531b12,,,,,,,,,,,,,,,,,,
marketing/2026-10-10/capture_tools/README.md,capture_tool,marketing_support,True,mixed_see_manifest,repository,,https://raw.githubusercontent.com/genesiskoo/joseon-assets/main/marketing/2026-10-10/capture_tools/README.md,3858,c4ee9da40d532b8dbbef5e2da17e2a933b69edd2128bd6c87b0c56ea55adbb5d,,,,,,,,,,,,,,,,,,
marketing/2026-10-10/capture_tools/_marketing_capture.gd,capture_tool,marketing_support,True,mixed_see_manifest,repository,,https://raw.githubusercontent.com/genesiskoo/joseon-assets/main/marketing/2026-10-10/capture_tools/_marketing_capture.gd,16639,5f3030be7aeee044b8419f7bf54fcc5d33177866115c0fed1c117c37a69a1470,,,,,,,,,,,,,,,,,,
marketing/2026-10-10/capture_tools/_marketing_effects.gd,capture_tool,marketing_support,True,mixed_see_manifest,repository,,https://raw.githubusercontent.com/genesiskoo/joseon-assets/main/marketing/2026-10-10/capture_tools/_marketing_effects.gd,1511,d851fce5207bb80e187fb20fb947c26f2eaf1b94942005d98a8d0cbc64e18de9,,,,,,,,,,,,,,,,,,
marketing/2026-10-10/capture_tools/capture_marketing.py,capture_tool,marketing_support,True,mixed_see_manifest,repository,,https://raw.githubusercontent.com/genesiskoo/joseon-assets/main/marketing/2026-10-10/capture_tools/capture_marketing.py,14644,909441ce2b074b50be3d9c815306542c125b02ca89fc08757be1554ceb984b92,,,,,,,,,,,,,,,,,,
marketing/2026-10-10/english_copy_public_spoiler-none.txt,english_copy,project_direction_english_draft,True,none,repository,,https://raw.githubusercontent.com/genesiskoo/joseon-assets/main/marketing/2026-10-10/english_copy_public_spoiler-none.txt,1862,4d23ba9835c814adb13b00cf378acf37f5a9542d831c336f8b212287694f6bc4,,,,,,,,,,,,,,,,,,
marketing/2026-10-10/manifest.csv,package_manifest,marketing_support,True,mixed_see_manifest,repository,,https://raw.githubusercontent.com/genesiskoo/joseon-assets/main/marketing/2026-10-10/manifest.csv,,,,,,,,,,,,,,,,,,,,Self-referential manifests omit size and hash.
marketing/2026-10-10/manifest.json,package_manifest,marketing_support,True,mixed_see_manifest,repository,,https://raw.githubusercontent.com/genesiskoo/joseon-assets/main/marketing/2026-10-10/manifest.json,,,,,,,,,,,,,,,,,,,,Self-referential manifests omit size and hash.
marketing/2026-10-10/player_changes_public.csv,player_changes,landed,True,none,repository,,https://raw.githubusercontent.com/genesiskoo/joseon-assets/main/marketing/2026-10-10/player_changes_public.csv,1616,d48484217d6e17b5bfea05ab41a702fa467fd10dd11faa6b099fab10a3b6e827,,,,,,,,,,,,,,,,,,
marketing/2026-10-10/release_archives.json,package_index,marketing_support,True,mixed_see_manifest,repository,,https://raw.githubusercontent.com/genesiskoo/joseon-assets/main/marketing/2026-10-10/release_archives.json,2036,162b6eaa3d0938f3c32afbff0bedfe55164ade510c8901fbf8e01559b2b3e153,,,,,,,,,,,,,,,,,,
marketing/2026-10-10/screenshots/01_town_plaza_4k_no_ui_current_public_nosp.png,screenshot,current_game_capture,True,none,release_zip,joseon-hunters-2026-10-10-screenshots.zip,https://github.com/genesiskoo/joseon-assets/releases/download/marketing-2026-10-10/joseon-hunters-2026-10-10-screenshots.zip,9992864,da9a112475816a06afbfc2e4a0987a4fbcc9bd8932d0a5c08df78e14caf4c6d1,,627061d8021ce3013afae09f3c1cc1abaccc858a,,,,,screenshots,off,3840,2160,,,composed_game_screenshot,현재 게임 렌더 / 장면 배치 캡처,E2E guaranteed player hits (sure_hit); not a normal hit-rate demonstration.,"Current rendered game; camera and scenes composed for capture; cave/boss enemies held for stills. Action images 12–16 use stationary showcase enemies and deliberate damage/crit fixtures. UI and developer markers excluded; native 4K, no resizing.",,
marketing/2026-10-10/screenshots/02_town_shrine_4k_no_ui_current_public_nosp.png,screenshot,current_game_capture,True,none,release_zip,joseon-hunters-2026-10-10-screenshots.zip,https://github.com/genesiskoo/joseon-assets/releases/download/marketing-2026-10-10/joseon-hunters-2026-10-10-screenshots.zip,10419830,b69494a9bece7c6cf1dbcccb1e27cb2868fff421aaa7dffe10878bea1cc94f42,,627061d8021ce3013afae09f3c1cc1abaccc858a,,,,,screenshots,off,3840,2160,,,composed_game_screenshot,현재 게임 렌더 / 장면 배치 캡처,E2E guaranteed player hits (sure_hit); not a normal hit-rate demonstration.,"Current rendered game; camera and scenes composed for capture; cave/boss enemies held for stills. Action images 12–16 use stationary showcase enemies and deliberate damage/crit fixtures. UI and developer markers excluded; native 4K, no resizing.",,
marketing/2026-10-10/screenshots/03_town_chief_4k_no_ui_current_public_nosp.png,screenshot,current_game_capture,True,none,release_zip,joseon-hunters-2026-10-10-screenshots.zip,https://github.com/genesiskoo/joseon-assets/releases/download/marketing-2026-10-10/joseon-hunters-2026-10-10-screenshots.zip,9948907,805e722f412e5e6eef658b87d991bc996aceb54026976e12ea98d74d2ba1027d,,627061d8021ce3013afae09f3c1cc1abaccc858a,,,,,screenshots,off,3840,2160,,,composed_game_screenshot,현재 게임 렌더 / 장면 배치 캡처,E2E guaranteed player hits (sure_hit); not a normal hit-rate demonstration.,"Current rendered game; camera and scenes composed for capture; cave/boss enemies held for stills. Action images 12–16 use stationary showcase enemies and deliberate damage/crit fixtures. UI and developer markers excluded; native 4K, no resizing.",,
marketing/2026-10-10/screenshots/04_town_pond_4k_no_ui_current_public_nosp.png,screenshot,current_game_capture,True,none,release_zip,joseon-hunters-2026-10-10-screenshots.zip,https://github.com/genesiskoo/joseon-assets/releases/download/marketing-2026-10-10/joseon-hunters-2026-10-10-screenshots.zip,8550691,f6d53c77cfe59d01089bec4c57fc63f5f5fa525fe89a2b6259e5c0e38c658ff4,,627061d8021ce3013afae09f3c1cc1abaccc858a,,,,,screenshots,off,3840,2160,,,composed_game_screenshot,현재 게임 렌더 / 장면 배치 캡처,E2E guaranteed player hits (sure_hit); not a normal hit-rate demonstration.,"Current rendered game; camera and scenes composed for capture; cave/boss enemies held for stills. Action images 12–16 use stationary showcase enemies and deliberate damage/crit fixtures. UI and developer markers excluded; native 4K, no resizing.",,
marketing/2026-10-10/screenshots/05_field_cart_4k_no_ui_current_public_nosp.png,screenshot,current_game_capture,True,none,release_zip,joseon-hunters-2026-10-10-screenshots.zip,https://github.com/genesiskoo/joseon-assets/releases/download/marketing-2026-10-10/joseon-hunters-2026-10-10-screenshots.zip,10246017,ebe4d8703b56712dbde676b38ec663c3480619f70768bd076b038c4d4eb98d63,,627061d8021ce3013afae09f3c1cc1abaccc858a,,,,,screenshots,off,3840,2160,,,composed_game_screenshot,현재 게임 렌더 / 장면 배치 캡처,E2E guaranteed player hits (sure_hit); not a normal hit-rate demonstration.,"Current rendered game; camera and scenes composed for capture; cave/boss enemies held for stills. Action images 12–16 use stationary showcase enemies and deliberate damage/crit fixtures. UI and developer markers excluded; native 4K, no resizing.",,
marketing/2026-10-10/screenshots/06_field_junction_4k_no_ui_current_public_nosp.png,screenshot,current_game_capture,True,none,release_zip,joseon-hunters-2026-10-10-screenshots.zip,https://github.com/genesiskoo/joseon-assets/releases/download/marketing-2026-10-10/joseon-hunters-2026-10-10-screenshots.zip,11352631,d17da708b154d869d48c3946dc85d21c3b20bfa180e9629e6f74623be152c408,,627061d8021ce3013afae09f3c1cc1abaccc858a,,,,,screenshots,off,3840,2160,,,composed_game_screenshot,현재 게임 렌더 / 장면 배치 캡처,E2E guaranteed player hits (sure_hit); not a normal hit-rate demonstration.,"Current rendered game; camera and scenes composed for capture; cave/boss enemies held for stills. Action images 12–16 use stationary showcase enemies and deliberate damage/crit fixtures. UI and developer markers excluded; native 4K, no resizing.",,
marketing/2026-10-10/screenshots/07_field_cave_entrance_4k_no_ui_current_public_nosp.png,screenshot,current_game_capture,True,none,release_zip,joseon-hunters-2026-10-10-screenshots.zip,https://github.com/genesiskoo/joseon-assets/releases/download/marketing-2026-10-10/joseon-hunters-2026-10-10-screenshots.zip,9506756,55d7f55b30c47467ea44d98f6bc9ac446027edb4c3f54c39691f1a0fa0b77bbe,,627061d8021ce3013afae09f3c1cc1abaccc858a,,,,,screenshots,off,3840,2160,,,composed_game_screenshot,현재 게임 렌더 / 장면 배치 캡처,E2E guaranteed player hits (sure_hit); not a normal hit-rate demonstration.,"Current rendered game; camera and scenes composed for capture; cave/boss enemies held for stills. Action images 12–16 use stationary showcase enemies and deliberate damage/crit fixtures. UI and developer markers excluded; native 4K, no resizing.",,
marketing/2026-10-10/screenshots/08_cave_arrival_4k_no_ui_current_public_nosp.png,screenshot,current_game_capture,True,none,release_zip,joseon-hunters-2026-10-10-screenshots.zip,https://github.com/genesiskoo/joseon-assets/releases/download/marketing-2026-10-10/joseon-hunters-2026-10-10-screenshots.zip,2494615,3c5d92a2ed453b0a79dd71de43beaae40526c83195daf436098c8b5170992fa2,,627061d8021ce3013afae09f3c1cc1abaccc858a,,,,,screenshots,off,3840,2160,,,composed_game_screenshot,현재 게임 렌더 / 장면 배치 캡처,E2E guaranteed player hits (sure_hit); not a normal hit-rate demonstration.,"Current rendered game; camera and scenes composed for capture; cave/boss enemies held for stills. Action images 12–16 use stationary showcase enemies and deliberate damage/crit fixtures. UI and developer markers excluded; native 4K, no resizing.",,
marketing/2026-10-10/screenshots/09_cave_room_4k_no_ui_current_public_nosp.png,screenshot,current_game_capture,True,none,release_zip,joseon-hunters-2026-10-10-screenshots.zip,https://github.com/genesiskoo/joseon-assets/releases/download/marketing-2026-10-10/joseon-hunters-2026-10-10-screenshots.zip,4083603,3a457459a6644ade776283d5821ee3935cef1da601ca50803b098c41c75e3b06,,627061d8021ce3013afae09f3c1cc1abaccc858a,,,,,screenshots,off,3840,2160,,,composed_game_screenshot,현재 게임 렌더 / 장면 배치 캡처,E2E guaranteed player hits (sure_hit); not a normal hit-rate demonstration.,"Current rendered game; camera and scenes composed for capture; cave/boss enemies held for stills. Action images 12–16 use stationary showcase enemies and deliberate damage/crit fixtures. UI and developer markers excluded; native 4K, no resizing.",,
marketing/2026-10-10/screenshots/10_heukrang_boss_4k_no_ui_current_public_gameplay.png,screenshot,current_game_capture,True,minor_enemy,release_zip,joseon-hunters-2026-10-10-screenshots.zip,https://github.com/genesiskoo/joseon-assets/releases/download/marketing-2026-10-10/joseon-hunters-2026-10-10-screenshots.zip,3468008,8b228fd22de36a3c30d9a8ea8eb8b982fbaf9d9b512f74757bbf33196b6a4cf4,,627061d8021ce3013afae09f3c1cc1abaccc858a,,,,,screenshots,off,3840,2160,,,composed_game_screenshot,현재 게임 렌더 / 장면 배치 캡처,E2E guaranteed player hits (sure_hit); not a normal hit-rate demonstration.,"Current rendered game; camera and scenes composed for capture; cave/boss enemies held for stills. Action images 12–16 use stationary showcase enemies and deliberate damage/crit fixtures. UI and developer markers excluded; native 4K, no resizing.",흑랑 조우 분위기용 정지 장면. 전투 하이라이트나 대표 썸네일로는 권장하지 않음.,
marketing/2026-10-10/screenshots/11_imugi_surface_4k_no_ui_current_public_gameplay.png,screenshot,current_game_capture,True,minor_enemy,release_zip,joseon-hunters-2026-10-10-screenshots.zip,https://github.com/genesiskoo/joseon-assets/releases/download/marketing-2026-10-10/joseon-hunters-2026-10-10-screenshots.zip,9519812,bcbb66598bf6840f28c90e3a4198bce73bb7b89eb7dafb43311093cdda806a29,,627061d8021ce3013afae09f3c1cc1abaccc858a,,,,,screenshots,off,3840,2160,,,composed_game_screenshot,현재 게임 렌더 / 장면 배치 캡처,E2E guaranteed player hits (sure_hit); not a normal hit-rate demonstration.,"Current rendered game; camera and scenes composed for capture; cave/boss enemies held for stills. Action images 12–16 use stationary showcase enemies and deliberate damage/crit fixtures. UI and developer markers excluded; native 4K, no resizing.",,
marketing/2026-10-10/screenshots/12_fire_action_4k_no_ui_current_public_nosp.png,screenshot,current_game_capture,True,none,release_zip,joseon-hunters-2026-10-10-screenshots.zip,https://github.com/genesiskoo/joseon-assets/releases/download/marketing-2026-10-10/joseon-hunters-2026-10-10-screenshots.zip,10966618,19b504f78d90f5d5db05a7863c19137673139e8914ae3b0d4474053a584edd2b,,627061d8021ce3013afae09f3c1cc1abaccc858a,,,,,screenshots,off,3840,2160,,,fixed_target_effect_showcase,현재 에셋 이펙트 시연 / 고정 표적 연출 캡처,E2E guaranteed player hits (sure_hit); not a normal hit-rate demonstration.,"Current rendered game; camera and scenes composed for capture; cave/boss enemies held for stills. Action images 12–16 use stationary showcase enemies and deliberate damage/crit fixtures. UI and developer markers excluded; native 4K, no resizing.",,
marketing/2026-10-10/screenshots/13_freeze_action_4k_no_ui_current_public_nosp.png,screenshot,current_game_capture,True,none,release_zip,joseon-hunters-2026-10-10-screenshots.zip,https://github.com/genesiskoo/joseon-assets/releases/download/marketing-2026-10-10/joseon-hunters-2026-10-10-screenshots.zip,11039182,22aad11912c75bc578a1f3579d63b41c7578f1eafb1538cf3e69db28b8f1f3a6,,627061d8021ce3013afae09f3c1cc1abaccc858a,,,,,screenshots,off,3840,2160,,,fixed_target_effect_showcase,현재 에셋 이펙트 시연 / 고정 표적 연출 캡처,E2E guaranteed player hits (sure_hit); not a normal hit-rate demonstration.,"Current rendered game; camera and scenes composed for capture; cave/boss enemies held for stills. Action images 12–16 use stationary showcase enemies and deliberate damage/crit fixtures. UI and developer markers excluded; native 4K, no resizing.",,
marketing/2026-10-10/screenshots/14_lightning_action_4k_no_ui_current_public_nosp.png,screenshot,current_game_capture,True,none,release_zip,joseon-hunters-2026-10-10-screenshots.zip,https://github.com/genesiskoo/joseon-assets/releases/download/marketing-2026-10-10/joseon-hunters-2026-10-10-screenshots.zip,10945787,9f5fe8bcd156ef07d621cb2a8b432ada4f509118ff6a3b59da4f0deb2867fd58,,627061d8021ce3013afae09f3c1cc1abaccc858a,,,,,screenshots,off,3840,2160,,,fixed_target_effect_showcase,현재 에셋 이펙트 시연 / 고정 표적 연출 캡처,E2E guaranteed player hits (sure_hit); not a normal hit-rate demonstration.,"Current rendered game; camera and scenes composed for capture; cave/boss enemies held for stills. Action images 12–16 use stationary showcase enemies and deliberate damage/crit fixtures. UI and developer markers excluded; native 4K, no resizing.",,
marketing/2026-10-10/screenshots/15_flurry_action_4k_no_ui_current_public_nosp.png,screenshot,current_game_capture,True,none,release_zip,joseon-hunters-2026-10-10-screenshots.zip,https://github.com/genesiskoo/joseon-assets/releases/download/marketing-2026-10-10/joseon-hunters-2026-10-10-screenshots.zip,11012296,e92f92b82f45f97e53fc5bde9e10a41d4dedbbb53b81fe6cc7e1e8c26b201ed5,,627061d8021ce3013afae09f3c1cc1abaccc858a,,,,,screenshots,off,3840,2160,,,fixed_target_effect_showcase,현재 에셋 이펙트 시연 / 고정 표적 연출 캡처,E2E guaranteed player hits (sure_hit); not a normal hit-rate demonstration.,"Current rendered game; camera and scenes composed for capture; cave/boss enemies held for stills. Action images 12–16 use stationary showcase enemies and deliberate damage/crit fixtures. UI and developer markers excluded; native 4K, no resizing.",,
marketing/2026-10-10/screenshots/16_critical_action_4k_no_ui_current_public_nosp.png,screenshot,current_game_capture,True,none,release_zip,joseon-hunters-2026-10-10-screenshots.zip,https://github.com/genesiskoo/joseon-assets/releases/download/marketing-2026-10-10/joseon-hunters-2026-10-10-screenshots.zip,10994775,ab5b7e7cbb8a80940bd6147c4f793c3d295ce73ededced9a4eff2436ec01392f,,627061d8021ce3013afae09f3c1cc1abaccc858a,,,,,screenshots,off,3840,2160,,,fixed_target_effect_showcase,현재 에셋 이펙트 시연 / 고정 표적 연출 캡처,E2E guaranteed player hits (sure_hit); not a normal hit-rate demonstration.,"Current rendered game; camera and scenes composed for capture; cave/boss enemies held for stills. Action images 12–16 use stationary showcase enemies and deliberate damage/crit fixtures. UI and developer markers excluded; native 4K, no resizing.",치명타 순간의 밝은 섬광. 금빛 색감은 치명타 영상에서 확인.,
marketing/2026-10-10/screenshots/previews/01_4k_preview_public_spoiler-minor-enemy.jpg,screenshot_preview,current_game_capture,True,minor_enemy,repository,,https://raw.githubusercontent.com/genesiskoo/joseon-assets/main/marketing/2026-10-10/screenshots/previews/01_4k_preview_public_spoiler-minor-enemy.jpg,132292,5e49d903c3a441f0c6228f7fae5651db8ed7b739210c6d175bae05ab8d022049,,,,,,,,,,,,,,,,,,
marketing/2026-10-10/screenshots/previews/02_4k_preview_public_spoiler-minor-enemy.jpg,screenshot_preview,current_game_capture,True,minor_enemy,repository,,https://raw.githubusercontent.com/genesiskoo/joseon-assets/main/marketing/2026-10-10/screenshots/previews/02_4k_preview_public_spoiler-minor-enemy.jpg,86358,f82e294d2b36d3487cb8e4021a8f7028bdb8bf04cc4b502b72bad8afc8ad342a,,,,,,,,,,,,,,,,,,
marketing/2026-10-10/screenshots/previews/03_4k_preview_public_spoiler-minor-enemy.jpg,screenshot_preview,current_game_capture,True,minor_enemy,repository,,https://raw.githubusercontent.com/genesiskoo/joseon-assets/main/marketing/2026-10-10/screenshots/previews/03_4k_preview_public_spoiler-minor-enemy.jpg,86028,7a0882fc46119fa2650aad9877d5df21adda31a74af9240e6404ba6ce317881f,,,,,,,,,,,,,,,,,,
marketing/2026-10-10/screenshots/previews/04_4k_preview_public_spoiler-minor-enemy.jpg,screenshot_preview,current_game_capture,True,minor_enemy,repository,,https://raw.githubusercontent.com/genesiskoo/joseon-assets/main/marketing/2026-10-10/screenshots/previews/04_4k_preview_public_spoiler-minor-enemy.jpg,94045,34481d87a1f52cd89ac21854517f87dfe5625bdd3a6e4696e3cb922dc6c0b3a8,,,,,,,,,,,,,,,,,,
marketing/2026-10-10/screenshots/screenshots_public.csv,package_index,marketing_support,True,mixed_see_manifest,repository,,https://raw.githubusercontent.com/genesiskoo/joseon-assets/main/marketing/2026-10-10/screenshots/screenshots_public.csv,5053,c32a78ed58db78ac366bab7a04d83c1152b61df395eb5f4626a1be0295ef1442,,,,,,,,,,,,,,,,,,
marketing/2026-10-10/verification_public.json,package_index,marketing_support,True,mixed_see_manifest,repository,,https://raw.githubusercontent.com/genesiskoo/joseon-assets/main/marketing/2026-10-10/verification_public.json,1022,a264212a1663694e3604089231f7e315476dcc6fa0715f697b8bd44a77c4100b,,,,,,,,,,,,,,,,,,
marketing/2026-10-10/video/clips_public.csv,package_index,marketing_support,True,mixed_see_manifest,repository,,https://raw.githubusercontent.com/genesiskoo/joseon-assets/main/marketing/2026-10-10/video/clips_public.csv,15281,a21d2d99e08b41519343f4df96693faa409da17baa20b6daafb64600d27ef22a,,,,,,,,,,,,,,,,,,
marketing/2026-10-10/video/ui_off/02_crit_ui_off_current_public_nosp.mp4,gameplay_video,current_game_capture,True,none,release_zip,joseon-hunters-2026-10-10-video-ui-off.zip,https://github.com/genesiskoo/joseon-assets/releases/download/marketing-2026-10-10/joseon-hunters-2026-10-10-video-ui-off.zip,4087393,e51d6f4cdadf78bd83c1b9d2008aea8cabc3b13d189980149c2b85450b921e36,,627061d8021ce3013afae09f3c1cc1abaccc858a,,,,,effect_crit,off,1920,1080,60.0,3.733333,fixed_target_effect_showcase,현재 에셋 이펙트 시연 / 고정 표적 연출 캡처,E2E guaranteed player hits (sure_hit); not a normal hit-rate demonstration.,"Existing _feel_numbers_demo plate A: stationary showcase enemies, prepared skills/paper, fixed combat RNG, deliberate damage/crit fixtures; current production VFX paths.",,
marketing/2026-10-10/video/ui_off/03_fire_ui_off_current_public_nosp.mp4,gameplay_video,current_game_capture,True,none,release_zip,joseon-hunters-2026-10-10-video-ui-off.zip,https://github.com/genesiskoo/joseon-assets/releases/download/marketing-2026-10-10/joseon-hunters-2026-10-10-video-ui-off.zip,4927815,e58353024f237c371d93fd418ed0311c25d5fbcd957db6bc12b607ac8623d93d,,627061d8021ce3013afae09f3c1cc1abaccc858a,,,,,effect_fire,off,1920,1080,60.0,7.266667,fixed_target_effect_showcase,현재 에셋 이펙트 시연 / 고정 표적 연출 캡처,E2E guaranteed player hits (sure_hit); not a normal hit-rate demonstration.,"Existing _feel_numbers_demo plate A: stationary showcase enemies, prepared skills/paper, fixed combat RNG, deliberate damage/crit fixtures; current production VFX paths.",,
marketing/2026-10-10/video/ui_off/04_cave_entry_ui_off_current_public_nosp.mp4,gameplay_video,current_game_capture,True,none,release_zip,joseon-hunters-2026-10-10-video-ui-off.zip,https://github.com/genesiskoo/joseon-assets/releases/download/marketing-2026-10-10/joseon-hunters-2026-10-10-video-ui-off.zip,8348414,f2d60c0d38c41482d1e64278f511bcaff386afb69da13dd23c248c18a3882ce5,,627061d8021ce3013afae09f3c1cc1abaccc858a,,,,,cave,off,1920,1080,60.0,7.816667,prepared_gameplay_capture,현재 게임 플레이 / 촬영용 준비·자동 조작,E2E guaranteed player hits (sure_hit); not a normal hit-rate demonstration.,"Existing slice Lv6 prepared character, learned sword skills and potion belt; real cave click and floor-one combat; normal enemy stats.",,
marketing/2026-10-10/video/ui_off/04_cold_ui_off_current_public_nosp.mp4,gameplay_video,current_game_capture,True,none,release_zip,joseon-hunters-2026-10-10-video-ui-off.zip,https://github.com/genesiskoo/joseon-assets/releases/download/marketing-2026-10-10/joseon-hunters-2026-10-10-video-ui-off.zip,4806969,fdf639a42658bb19cf42be1ea5789785a853c90815b19480c30e7832a144b3b6,,627061d8021ce3013afae09f3c1cc1abaccc858a,,,,,effect_cold,off,1920,1080,60.0,7.216667,fixed_target_effect_showcase,현재 에셋 이펙트 시연 / 고정 표적 연출 캡처,E2E guaranteed player hits (sure_hit); not a normal hit-rate demonstration.,"Existing _feel_numbers_demo plate A: stationary showcase enemies, prepared skills/paper, fixed combat RNG, deliberate damage/crit fixtures; current production VFX paths.",,
marketing/2026-10-10/video/ui_off/08_lightning_ui_off_current_public_nosp.mp4,gameplay_video,current_game_capture,True,none,release_zip,joseon-hunters-2026-10-10-video-ui-off.zip,https://github.com/genesiskoo/joseon-assets/releases/download/marketing-2026-10-10/joseon-hunters-2026-10-10-video-ui-off.zip,4276056,1aa272a26342c1504789b6156a9cd575e3dedb52c8b28c041f9558460fade0db,,627061d8021ce3013afae09f3c1cc1abaccc858a,,,,,effect_lightning,off,1920,1080,60.0,7.083333,fixed_target_effect_showcase,현재 에셋 이펙트 시연 / 고정 표적 연출 캡처,E2E guaranteed player hits (sure_hit); not a normal hit-rate demonstration.,"Existing _feel_numbers_demo plate A: stationary showcase enemies, prepared skills/paper, fixed combat RNG, deliberate damage/crit fixtures; current production VFX paths.",,
marketing/2026-10-10/video/ui_off/09_flurry_ui_off_current_public_nosp.mp4,gameplay_video,current_game_capture,True,none,release_zip,joseon-hunters-2026-10-10-video-ui-off.zip,https://github.com/genesiskoo/joseon-assets/releases/download/marketing-2026-10-10/joseon-hunters-2026-10-10-video-ui-off.zip,8323442,36823fbc4ce3eb9b4e5d934e490802b7418e34d86c54373f1482276de388adeb,,627061d8021ce3013afae09f3c1cc1abaccc858a,,,,,effect_flurry,off,1920,1080,60.0,4.7,fixed_target_effect_showcase,현재 에셋 이펙트 시연 / 고정 표적 연출 캡처,E2E guaranteed player hits (sure_hit); not a normal hit-rate demonstration.,"Existing _feel_numbers_demo plate A: stationary showcase enemies, prepared skills/paper, fixed combat RNG, deliberate damage/crit fixtures; current production VFX paths.",,
marketing/2026-10-10/video/ui_off/attack_chain_current_ui_off_current_public_nosp.mp4,gameplay_video,current_game_capture,True,none,release_zip,joseon-hunters-2026-10-10-video-ui-off.zip,https://github.com/genesiskoo/joseon-assets/releases/download/marketing-2026-10-10/joseon-hunters-2026-10-10-video-ui-off.zip,10952482,96f0a0afac7329f154c928ae6f3af83eaf7d19c3381c996d35cac0b61f43dfa1,,627061d8021ce3013afae09f3c1cc1abaccc858a,,,,,attack,off,1920,1080,60.0,8.666667,prepared_gameplay_capture,현재 게임 플레이 / 촬영용 준비·자동 조작,E2E guaranteed player hits (sure_hit); not a normal hit-rate demonstration.,Current production recomputed player stats; stationary high-health dummy; production attack timing and animation; no timing override.,,
marketing/2026-10-10/video/ui_off/boss_fight_highlight_ui_off_current_public_boss_gameplay.mp4,gameplay_video,current_game_capture,True,minor_enemy,release_zip,joseon-hunters-2026-10-10-video-ui-off.zip,https://github.com/genesiskoo/joseon-assets/releases/download/marketing-2026-10-10/joseon-hunters-2026-10-10-video-ui-off.zip,16533479,9272b517164cb893077afab766af5a2e40b0967c60e7f374da5d4a1870d8b407,,627061d8021ce3013afae09f3c1cc1abaccc858a,,,,,boss,off,1920,1080,60.0,17.5,prepared_gameplay_capture,현재 게임 플레이 / 촬영용 준비·자동 조작,E2E guaranteed player hits (sure_hit); not a normal hit-rate demonstration.,Same prepared character; real boss-floor body and production AI/telegraph; initial charge cooldown set ready as existing heukrang_pounce scenario; normal boss stats.,,
marketing/2026-10-10/video/ui_off/boss_telegraph_ui_off_current_public_boss_gameplay.mp4,gameplay_video,current_game_capture,True,minor_enemy,release_zip,joseon-hunters-2026-10-10-video-ui-off.zip,https://github.com/genesiskoo/joseon-assets/releases/download/marketing-2026-10-10/joseon-hunters-2026-10-10-video-ui-off.zip,2314737,581ad631dabe4eef233467b0d195e5790fd50192bc796b4b6aae015427222011,,627061d8021ce3013afae09f3c1cc1abaccc858a,,,,,boss,off,1920,1080,60.0,3.1,prepared_gameplay_capture,현재 게임 플레이 / 촬영용 준비·자동 조작,E2E guaranteed player hits (sure_hit); not a normal hit-rate demonstration.,Same prepared character; real boss-floor body and production AI/telegraph; initial charge cooldown set ready as existing heukrang_pounce scenario; normal boss stats.,,
marketing/2026-10-10/video/ui_off/cave_floor1_combat_ui_off_current_public_nosp.mp4,gameplay_video,current_game_capture,True,none,release_zip,joseon-hunters-2026-10-10-video-ui-off.zip,https://github.com/genesiskoo/joseon-assets/releases/download/marketing-2026-10-10/joseon-hunters-2026-10-10-video-ui-off.zip,24657255,4024e4c3fc8531de57cb8472f3fb1475736ab3e41f1d870df5eba0f8dafce3bf,,627061d8021ce3013afae09f3c1cc1abaccc858a,,,,,cave,off,1920,1080,60.0,15.633333,prepared_gameplay_capture,현재 게임 플레이 / 촬영용 준비·자동 조작,E2E guaranteed player hits (sure_hit); not a normal hit-rate demonstration.,"Existing slice Lv6 prepared character, learned sword skills and potion belt; real cave click and floor-one combat; normal enemy stats.",,
marketing/2026-10-10/video/ui_off/identify_unidentified_unique_ui_off_current_public_nosp.mp4,gameplay_video,current_game_capture,True,none,release_zip,joseon-hunters-2026-10-10-video-ui-off.zip,https://github.com/genesiskoo/joseon-assets/releases/download/marketing-2026-10-10/joseon-hunters-2026-10-10-video-ui-off.zip,2520971,9c6f0028c2f2fb746279d3d857964cc0a95b7473851ed08e4135b0bb4e925ef0,,627061d8021ce3013afae09f3c1cc1abaccc858a,,,,,loot,off,1920,1080,60.0,6.366667,prepared_gameplay_capture,현재 게임 플레이 / 촬영용 준비·자동 조작,E2E guaranteed player hits (sure_hit); not a normal hit-rate demonstration.,"Representative magic/rare/unique items prepared using ItemInstance and ItemGen; production loot emission/landing/beams, ground pickup and identification input. Drops are staged, not presented as a random outcome.",,
marketing/2026-10-10/video/ui_off/imugi_surface_dive_resurface_ui_off_current_public_optional_enemy_gameplay.mp4,gameplay_video,current_game_capture,True,minor_enemy,release_zip,joseon-hunters-2026-10-10-video-ui-off.zip,https://github.com/genesiskoo/joseon-assets/releases/download/marketing-2026-10-10/joseon-hunters-2026-10-10-video-ui-off.zip,5507952,36748486300898dbecaff54d4ebec243c6bd3d929f047bf7ccca132d927480e3,,627061d8021ce3013afae09f3c1cc1abaccc858a,,,,,imugi,off,1920,1080,60.0,16.616667,prepared_gameplay_capture,현재 게임 플레이 / 촬영용 준비·자동 조작,E2E guaranteed player hits (sure_hit); not a normal hit-rate demonstration.,Native optional named imugi in actual deep pool; other enemies removed; natural full dive cooldown and normal dive values; prepared character uses actual belt potions.,,
marketing/2026-10-10/video/ui_off/loot_beams_ui_off_current_public_nosp.mp4,gameplay_video,current_game_capture,True,none,release_zip,joseon-hunters-2026-10-10-video-ui-off.zip,https://github.com/genesiskoo/joseon-assets/releases/download/marketing-2026-10-10/joseon-hunters-2026-10-10-video-ui-off.zip,2283516,f4db7384b7258d1300b8c3e0bb425a65ba99b2b2f35bde99e03ce245377cbca7,,627061d8021ce3013afae09f3c1cc1abaccc858a,,,,,loot,off,1920,1080,60.0,5.05,prepared_gameplay_capture,현재 게임 플레이 / 촬영용 준비·자동 조작,E2E guaranteed player hits (sure_hit); not a normal hit-rate demonstration.,"Representative magic/rare/unique items prepared using ItemInstance and ItemGen; production loot emission/landing/beams, ground pickup and identification input. Drops are staged, not presented as a random outcome.",,
marketing/2026-10-10/video/ui_off/quest_accept_ui_off_current_public_nosp.mp4,gameplay_video,current_game_capture,True,none,release_zip,joseon-hunters-2026-10-10-video-ui-off.zip,https://github.com/genesiskoo/joseon-assets/releases/download/marketing-2026-10-10/joseon-hunters-2026-10-10-video-ui-off.zip,18631476,33686d0723b3fba575bb245f4bad4042efa76a75496e014a098f4d9a65ce9504,,627061d8021ce3013afae09f3c1cc1abaccc858a,,,,,quest_accept,off,1920,1080,60.0,32.883333,prepared_gameplay_capture,현재 게임 플레이 / 촬영용 준비·자동 조작,E2E guaranteed player hits (sure_hit); not a normal hit-rate demonstration.,New E2E character; all captured dialogue waits for complete voice playback.,,
marketing/2026-10-10/video/ui_off/quest_report_ui_off_current_public_quest_completion.mp4,gameplay_video,current_game_capture,True,minor_quest,release_zip,joseon-hunters-2026-10-10-video-ui-off.zip,https://github.com/genesiskoo/joseon-assets/releases/download/marketing-2026-10-10/joseon-hunters-2026-10-10-video-ui-off.zip,14560886,0d93de3d06da3454f00c037d000b72fb6a641a06ed22f63430ca5006e20737c3,,627061d8021ce3013afae09f3c1cc1abaccc858a,,,,,quest_report,off,1920,1080,60.0,24.183333,prepared_gameplay_capture,현재 게임 플레이 / 촬영용 준비·자동 조작,E2E guaranteed player hits (sure_hit); not a normal hit-rate demonstration.,Quest acceptance and cave clear prepared through existing damage path outside captured report; voiced report uses actual input.,,
marketing/2026-10-10/video/ui_on/02_crit_ui_on_current_public_nosp.mp4,gameplay_video,current_game_capture,True,none,release_zip,joseon-hunters-2026-10-10-video-ui-on.zip,https://github.com/genesiskoo/joseon-assets/releases/download/marketing-2026-10-10/joseon-hunters-2026-10-10-video-ui-on.zip,3940801,1e84ab89930b4c185deb44dd8bc7391a8d3d31af52b72f4105de154e23793140,,627061d8021ce3013afae09f3c1cc1abaccc858a,,,,,effect_crit,on,1920,1080,60.0,3.733333,fixed_target_effect_showcase,현재 에셋 이펙트 시연 / 고정 표적 연출 캡처,E2E guaranteed player hits (sure_hit); not a normal hit-rate demonstration.,"Existing _feel_numbers_demo plate A: stationary showcase enemies, prepared skills/paper, fixed combat RNG, deliberate damage/crit fixtures; current production VFX paths.",,
marketing/2026-10-10/video/ui_on/03_fire_ui_on_current_public_nosp.mp4,gameplay_video,current_game_capture,True,none,release_zip,joseon-hunters-2026-10-10-video-ui-on.zip,https://github.com/genesiskoo/joseon-assets/releases/download/marketing-2026-10-10/joseon-hunters-2026-10-10-video-ui-on.zip,5042342,4e2f2be0644a08c1b29f91cc6455de023d62e9f9858d71808d37e11c8606700e,,627061d8021ce3013afae09f3c1cc1abaccc858a,,,,,effect_fire,on,1920,1080,60.0,7.266667,fixed_target_effect_showcase,현재 에셋 이펙트 시연 / 고정 표적 연출 캡처,E2E guaranteed player hits (sure_hit); not a normal hit-rate demonstration.,"Existing _feel_numbers_demo plate A: stationary showcase enemies, prepared skills/paper, fixed combat RNG, deliberate damage/crit fixtures; current production VFX paths.",,
marketing/2026-10-10/video/ui_on/04_cave_entry_ui_on_current_public_nosp.mp4,gameplay_video,current_game_capture,True,none,release_zip,joseon-hunters-2026-10-10-video-ui-on.zip,https://github.com/genesiskoo/joseon-assets/releases/download/marketing-2026-10-10/joseon-hunters-2026-10-10-video-ui-on.zip,7248071,2f77a720ffb45306cf10e61d407a0b9685f463ba04c9ca723cbf0e213ae1c3f3,,627061d8021ce3013afae09f3c1cc1abaccc858a,,,,,cave,on,1920,1080,60.0,7.816667,prepared_gameplay_capture,현재 게임 플레이 / 촬영용 준비·자동 조작,E2E guaranteed player hits (sure_hit); not a normal hit-rate demonstration.,"Existing slice Lv6 prepared character, learned sword skills and potion belt; real cave click and floor-one combat; normal enemy stats.",,
marketing/2026-10-10/video/ui_on/04_cold_ui_on_current_public_nosp.mp4,gameplay_video,current_game_capture,True,none,release_zip,joseon-hunters-2026-10-10-video-ui-on.zip,https://github.com/genesiskoo/joseon-assets/releases/download/marketing-2026-10-10/joseon-hunters-2026-10-10-video-ui-on.zip,4862500,f915794d139928c2de41b720abd61c9d536ea168d4c01c73db64ba74b3c83ef3,,627061d8021ce3013afae09f3c1cc1abaccc858a,,,,,effect_cold,on,1920,1080,60.0,7.216667,fixed_target_effect_showcase,현재 에셋 이펙트 시연 / 고정 표적 연출 캡처,E2E guaranteed player hits (sure_hit); not a normal hit-rate demonstration.,"Existing _feel_numbers_demo plate A: stationary showcase enemies, prepared skills/paper, fixed combat RNG, deliberate damage/crit fixtures; current production VFX paths.",,
marketing/2026-10-10/video/ui_on/08_lightning_ui_on_current_public_nosp.mp4,gameplay_video,current_game_capture,True,none,release_zip,joseon-hunters-2026-10-10-video-ui-on.zip,https://github.com/genesiskoo/joseon-assets/releases/download/marketing-2026-10-10/joseon-hunters-2026-10-10-video-ui-on.zip,4274727,e2fa1a22b573507ecd8754b85794d3dd2b6a568d4f5d6c99ac542a43aec9ceb9,,627061d8021ce3013afae09f3c1cc1abaccc858a,,,,,effect_lightning,on,1920,1080,60.0,7.083333,fixed_target_effect_showcase,현재 에셋 이펙트 시연 / 고정 표적 연출 캡처,E2E guaranteed player hits (sure_hit); not a normal hit-rate demonstration.,"Existing _feel_numbers_demo plate A: stationary showcase enemies, prepared skills/paper, fixed combat RNG, deliberate damage/crit fixtures; current production VFX paths.",,
marketing/2026-10-10/video/ui_on/09_flurry_ui_on_current_public_nosp.mp4,gameplay_video,current_game_capture,True,none,release_zip,joseon-hunters-2026-10-10-video-ui-on.zip,https://github.com/genesiskoo/joseon-assets/releases/download/marketing-2026-10-10/joseon-hunters-2026-10-10-video-ui-on.zip,8021037,1e651dde3e596f3e55e08ce03cc65ca4bdbff44b4d143d1fc604ddd3dd5c0688,,627061d8021ce3013afae09f3c1cc1abaccc858a,,,,,effect_flurry,on,1920,1080,60.0,4.7,fixed_target_effect_showcase,현재 에셋 이펙트 시연 / 고정 표적 연출 캡처,E2E guaranteed player hits (sure_hit); not a normal hit-rate demonstration.,"Existing _feel_numbers_demo plate A: stationary showcase enemies, prepared skills/paper, fixed combat RNG, deliberate damage/crit fixtures; current production VFX paths.",,
marketing/2026-10-10/video/ui_on/attack_chain_current_ui_on_current_public_nosp.mp4,gameplay_video,current_game_capture,True,none,release_zip,joseon-hunters-2026-10-10-video-ui-on.zip,https://github.com/genesiskoo/joseon-assets/releases/download/marketing-2026-10-10/joseon-hunters-2026-10-10-video-ui-on.zip,9942317,f2cb4c5e4af5d73ac18500a953e0e1dc4d2190fc8ba05014b8bfac9634340a54,,627061d8021ce3013afae09f3c1cc1abaccc858a,,,,,attack,on,1920,1080,60.0,8.666667,prepared_gameplay_capture,현재 게임 플레이 / 촬영용 준비·자동 조작,E2E guaranteed player hits (sure_hit); not a normal hit-rate demonstration.,Current production recomputed player stats; stationary high-health dummy; production attack timing and animation; no timing override.,,
marketing/2026-10-10/video/ui_on/boss_fight_highlight_ui_on_current_public_boss_gameplay.mp4,gameplay_video,current_game_capture,True,minor_enemy,release_zip,joseon-hunters-2026-10-10-video-ui-on.zip,https://github.com/genesiskoo/joseon-assets/releases/download/marketing-2026-10-10/joseon-hunters-2026-10-10-video-ui-on.zip,17724301,1615373898ae019f0e29fe04c89e72a89bc1dcda68df09eab6c46c7d5465f96a,,627061d8021ce3013afae09f3c1cc1abaccc858a,,,,,boss,on,1920,1080,60.0,17.5,prepared_gameplay_capture,현재 게임 플레이 / 촬영용 준비·자동 조작,E2E guaranteed player hits (sure_hit); not a normal hit-rate demonstration.,Same prepared character; real boss-floor body and production AI/telegraph; initial charge cooldown set ready as existing heukrang_pounce scenario; normal boss stats.,,
marketing/2026-10-10/video/ui_on/boss_telegraph_ui_on_current_public_boss_gameplay.mp4,gameplay_video,current_game_capture,True,minor_enemy,release_zip,joseon-hunters-2026-10-10-video-ui-on.zip,https://github.com/genesiskoo/joseon-assets/releases/download/marketing-2026-10-10/joseon-hunters-2026-10-10-video-ui-on.zip,2597947,7a10d453d57d102bcd4af1807cdefa7316ad3adc0f42d12b75d023fd3a4fc89a,,627061d8021ce3013afae09f3c1cc1abaccc858a,,,,,boss,on,1920,1080,60.0,3.1,prepared_gameplay_capture,현재 게임 플레이 / 촬영용 준비·자동 조작,E2E guaranteed player hits (sure_hit); not a normal hit-rate demonstration.,Same prepared character; real boss-floor body and production AI/telegraph; initial charge cooldown set ready as existing heukrang_pounce scenario; normal boss stats.,,
marketing/2026-10-10/video/ui_on/cave_floor1_combat_ui_on_current_public_nosp.mp4,gameplay_video,current_game_capture,True,none,release_zip,joseon-hunters-2026-10-10-video-ui-on.zip,https://github.com/genesiskoo/joseon-assets/releases/download/marketing-2026-10-10/joseon-hunters-2026-10-10-video-ui-on.zip,23323068,886c31a6b1f2d5a9ca62480a28c638e4c64c79532278676bb7a3742db0079ae4,,627061d8021ce3013afae09f3c1cc1abaccc858a,,,,,cave,on,1920,1080,60.0,15.633333,prepared_gameplay_capture,현재 게임 플레이 / 촬영용 준비·자동 조작,E2E guaranteed player hits (sure_hit); not a normal hit-rate demonstration.,"Existing slice Lv6 prepared character, learned sword skills and potion belt; real cave click and floor-one combat; normal enemy stats.",,
marketing/2026-10-10/video/ui_on/identify_unidentified_unique_ui_on_current_public_nosp.mp4,gameplay_video,current_game_capture,True,none,release_zip,joseon-hunters-2026-10-10-video-ui-on.zip,https://github.com/genesiskoo/joseon-assets/releases/download/marketing-2026-10-10/joseon-hunters-2026-10-10-video-ui-on.zip,2929465,e57370d10c99906d651e1d4cce068d123efb44770369f2936ced053a94c722c0,,627061d8021ce3013afae09f3c1cc1abaccc858a,,,,,loot,on,1920,1080,60.0,6.366667,prepared_gameplay_capture,현재 게임 플레이 / 촬영용 준비·자동 조작,E2E guaranteed player hits (sure_hit); not a normal hit-rate demonstration.,"Representative magic/rare/unique items prepared using ItemInstance and ItemGen; production loot emission/landing/beams, ground pickup and identification input. Drops are staged, not presented as a random outcome.",,
marketing/2026-10-10/video/ui_on/imugi_surface_dive_resurface_ui_on_current_public_optional_enemy_gameplay.mp4,gameplay_video,current_game_capture,True,minor_enemy,release_zip,joseon-hunters-2026-10-10-video-ui-on.zip,https://github.com/genesiskoo/joseon-assets/releases/download/marketing-2026-10-10/joseon-hunters-2026-10-10-video-ui-on.zip,6623908,c762f9fcc76b069085a286fd80b5cf5a401cc8db4ddd1aa8e9b8345490a0e502,,627061d8021ce3013afae09f3c1cc1abaccc858a,,,,,imugi,on,1920,1080,60.0,16.616667,prepared_gameplay_capture,현재 게임 플레이 / 촬영용 준비·자동 조작,E2E guaranteed player hits (sure_hit); not a normal hit-rate demonstration.,Native optional named imugi in actual deep pool; other enemies removed; natural full dive cooldown and normal dive values; prepared character uses actual belt potions.,,
marketing/2026-10-10/video/ui_on/loot_beams_ui_on_current_public_nosp.mp4,gameplay_video,current_game_capture,True,none,release_zip,joseon-hunters-2026-10-10-video-ui-on.zip,https://github.com/genesiskoo/joseon-assets/releases/download/marketing-2026-10-10/joseon-hunters-2026-10-10-video-ui-on.zip,2701301,8e7d01fa7f68331fc249a1048f800c9a89a413ee8c2c9d771e447c68c416bffb,,627061d8021ce3013afae09f3c1cc1abaccc858a,,,,,loot,on,1920,1080,60.0,5.05,prepared_gameplay_capture,현재 게임 플레이 / 촬영용 준비·자동 조작,E2E guaranteed player hits (sure_hit); not a normal hit-rate demonstration.,"Representative magic/rare/unique items prepared using ItemInstance and ItemGen; production loot emission/landing/beams, ground pickup and identification input. Drops are staged, not presented as a random outcome.",,
marketing/2026-10-10/video/ui_on/quest_accept_ui_on_current_public_nosp.mp4,gameplay_video,current_game_capture,True,none,release_zip,joseon-hunters-2026-10-10-video-ui-on.zip,https://github.com/genesiskoo/joseon-assets/releases/download/marketing-2026-10-10/joseon-hunters-2026-10-10-video-ui-on.zip,15470711,e4d0519e0ecc6555e696f36274b804f9932b544c393c7d307616ee7c550b057a,,627061d8021ce3013afae09f3c1cc1abaccc858a,,,,,quest_accept,on,1920,1080,60.0,32.883333,prepared_gameplay_capture,현재 게임 플레이 / 촬영용 준비·자동 조작,E2E guaranteed player hits (sure_hit); not a normal hit-rate demonstration.,New E2E character; all captured dialogue waits for complete voice playback.,,
marketing/2026-10-10/video/ui_on/quest_report_ui_on_current_public_quest_completion.mp4,gameplay_video,current_game_capture,True,minor_quest,release_zip,joseon-hunters-2026-10-10-video-ui-on.zip,https://github.com/genesiskoo/joseon-assets/releases/download/marketing-2026-10-10/joseon-hunters-2026-10-10-video-ui-on.zip,12057230,06839c2088f15d9d32375d1079ad6513065fc9796adeffba1d78dd5e13026560,,627061d8021ce3013afae09f3c1cc1abaccc858a,,,,,quest_report,on,1920,1080,60.0,24.183333,prepared_gameplay_capture,현재 게임 플레이 / 촬영용 준비·자동 조작,E2E guaranteed player hits (sure_hit); not a normal hit-rate demonstration.,Quest acceptance and cave clear prepared through existing damage path outside captured report; voiced report uses actual input.,,
