WorkerThreadPool: 24 threads, 7 max low-priority.
Godot Engine v4.7.2.stable.steam.ed1daf0bf - https://godotengine.org
TextServer: Added interface "Dummy"
TextServer: Added interface "ICU / HarfBuzz / Graphite (Built-in)"
Using "default" pen tablet driver...

TextServer: Primary interface set to: "ICU / HarfBuzz / Graphite (Built-in)".
Loading resource: res://assets/sprites/ui/skin/cursor.svg remapped: res://assets/sprites/ui/skin/cursor.svg
Loading resource: res://.godot/imported/cursor.svg-c8d5d94f117d34c8e7838564fb6182e1.ctex remapped: res://.godot/imported/cursor.svg-c8d5d94f117d34c8e7838564fb6182e1.ctex
Completed load for: 'res://assets/sprites/ui/skin/cursor.svg' remapped 'res://assets/sprites/ui/skin/cursor.svg' at thread -1
CORE API HASH: 2004498165
EDITOR API HASH: 1696660745
Loading resource: res://tests/test_balance_rng.gd remapped: res://tests/test_balance_rng.gd
Completed load for: 'res://tests/test_balance_rng.gd' remapped 'res://tests/test_balance_rng.gd' at thread -1
SceneTreeFTI: traversal method DEFAULT
Loading resource: res://core/event_bus.gd remapped: res://core/event_bus.gd
Completed load for: 'res://core/event_bus.gd' remapped 'res://core/event_bus.gd' at thread -1
Loading resource: res://core/game_state.gd remapped: res://core/game_state.gd
Completed load for: 'res://core/game_state.gd' remapped 'res://core/game_state.gd' at thread -1
Loading resource: res://data/skill_trees/doho.tres remapped: res://data/skill_trees/doho.tres
Loading resource: res://data/skills/slash.tres remapped: res://data/skills/slash.tres
Loading resource: res://assets/sprites/ui/icons_a/skills/slash.png remapped: res://assets/sprites/ui/icons_a/skills/slash.png
Loading resource: res://.godot/imported/slash.png-4b4657e3bc7694acd5d221d0c1f6bbb4.ctex remapped: res://.godot/imported/slash.png-4b4657e3bc7694acd5d221d0c1f6bbb4.ctex
Completed load for: 'res://assets/sprites/ui/icons_a/skills/slash.png' remapped 'res://assets/sprites/ui/icons_a/skills/slash.png' at thread -1
Completed load for: 'res://data/skills/slash.tres' remapped 'res://data/skills/slash.tres' at thread -1
Loading resource: res://data/skills/dash_strike.tres remapped: res://data/skills/dash_strike.tres
Loading resource: res://assets/sprites/ui/icons_a/skills/lunge.png remapped: res://assets/sprites/ui/icons_a/skills/lunge.png
Loading resource: res://.godot/imported/lunge.png-0f5df73cd5afeccd86e45960e82b4e56.ctex remapped: res://.godot/imported/lunge.png-0f5df73cd5afeccd86e45960e82b4e56.ctex
Completed load for: 'res://assets/sprites/ui/icons_a/skills/lunge.png' remapped 'res://assets/sprites/ui/icons_a/skills/lunge.png' at thread -1
Completed load for: 'res://data/skills/dash_strike.tres' remapped 'res://data/skills/dash_strike.tres' at thread -1
Loading resource: res://data/skills/whirl.tres remapped: res://data/skills/whirl.tres
Loading resource: res://assets/sprites/ui/icons_a/skills/whirlwind.png remapped: res://assets/sprites/ui/icons_a/skills/whirlwind.png
Loading resource: res://.godot/imported/whirlwind.png-27b6997291427351335c9eafb2ec441f.ctex remapped: res://.godot/imported/whirlwind.png-27b6997291427351335c9eafb2ec441f.ctex
Completed load for: 'res://assets/sprites/ui/icons_a/skills/whirlwind.png' remapped 'res://assets/sprites/ui/icons_a/skills/whirlwind.png' at thread -1
Completed load for: 'res://data/skills/whirl.tres' remapped 'res://data/skills/whirl.tres' at thread -1
Loading resource: res://data/skills/sword_mastery.tres remapped: res://data/skills/sword_mastery.tres
Completed load for: 'res://data/skills/sword_mastery.tres' remapped 'res://data/skills/sword_mastery.tres' at thread -1
Loading resource: res://data/skills/breath.tres remapped: res://data/skills/breath.tres
Completed load for: 'res://data/skills/breath.tres' remapped 'res://data/skills/breath.tres' at thread -1
Loading resource: res://data/skills/combo.tres remapped: res://data/skills/combo.tres
Completed load for: 'res://data/skills/combo.tres' remapped 'res://data/skills/combo.tres' at thread -1
Loading resource: res://data/skills/thrust.tres remapped: res://data/skills/thrust.tres
Completed load for: 'res://data/skills/thrust.tres' remapped 'res://data/skills/thrust.tres' at thread -1
Loading resource: res://data/skills/leap_slash.tres remapped: res://data/skills/leap_slash.tres
Completed load for: 'res://data/skills/leap_slash.tres' remapped 'res://data/skills/leap_slash.tres' at thread -1
Loading resource: res://data/skills/first_cut.tres remapped: res://data/skills/first_cut.tres
Completed load for: 'res://data/skills/first_cut.tres' remapped 'res://data/skills/first_cut.tres' at thread -1
Loading resource: res://data/skills/blade_storm.tres remapped: res://data/skills/blade_storm.tres
Completed load for: 'res://data/skills/blade_storm.tres' remapped 'res://data/skills/blade_storm.tres' at thread -1
Loading resource: res://data/skills/blink.tres remapped: res://data/skills/blink.tres
Completed load for: 'res://data/skills/blink.tres' remapped 'res://data/skills/blink.tres' at thread -1
Loading resource: res://data/skills/mana_shield.tres remapped: res://data/skills/mana_shield.tres
Loading resource: res://assets/sprites/ui/icons_a/skills/power_shield.png remapped: res://assets/sprites/ui/icons_a/skills/power_shield.png
Loading resource: res://.godot/imported/power_shield.png-6be5792d4ce823c2c4ca24564de581d6.ctex remapped: res://.godot/imported/power_shield.png-6be5792d4ce823c2c4ca24564de581d6.ctex
Completed load for: 'res://assets/sprites/ui/icons_a/skills/power_shield.png' remapped 'res://assets/sprites/ui/icons_a/skills/power_shield.png' at thread -1
Completed load for: 'res://data/skills/mana_shield.tres' remapped 'res://data/skills/mana_shield.tres' at thread -1
Loading resource: res://data/skills/clone.tres remapped: res://data/skills/clone.tres
Completed load for: 'res://data/skills/clone.tres' remapped 'res://data/skills/clone.tres' at thread -1
Loading resource: res://data/skills/light_step.tres remapped: res://data/skills/light_step.tres
Completed load for: 'res://data/skills/light_step.tres' remapped 'res://data/skills/light_step.tres' at thread -1
Loading resource: res://data/skills/iron_body.tres remapped: res://data/skills/iron_body.tres
Completed load for: 'res://data/skills/iron_body.tres' remapped 'res://data/skills/iron_body.tres' at thread -1
Loading resource: res://data/skills/hide.tres remapped: res://data/skills/hide.tres
Completed load for: 'res://data/skills/hide.tres' remapped 'res://data/skills/hide.tres' at thread -1
Loading resource: res://data/skills/fire_lore.tres remapped: res://data/skills/fire_lore.tres
Loading resource: res://assets/sprites/ui/icons_a/skills/fire_talisman.png remapped: res://assets/sprites/ui/icons_a/skills/fire_talisman.png
Loading resource: res://.godot/imported/fire_talisman.png-bc56fe8ce4b508c62fddc91b81340928.ctex remapped: res://.godot/imported/fire_talisman.png-bc56fe8ce4b508c62fddc91b81340928.ctex
Completed load for: 'res://assets/sprites/ui/icons_a/skills/fire_talisman.png' remapped 'res://assets/sprites/ui/icons_a/skills/fire_talisman.png' at thread -1
Completed load for: 'res://data/skills/fire_lore.tres' remapped 'res://data/skills/fire_lore.tres' at thread -1
Loading resource: res://data/skills/ice_lore.tres remapped: res://data/skills/ice_lore.tres
Loading resource: res://assets/sprites/ui/icons_a/skills/frost_talisman.png remapped: res://assets/sprites/ui/icons_a/skills/frost_talisman.png
Loading resource: res://.godot/imported/frost_talisman.png-1959dd6f99a0066d7da5fdffcce9e463.ctex remapped: res://.godot/imported/frost_talisman.png-1959dd6f99a0066d7da5fdffcce9e463.ctex
Completed load for: 'res://assets/sprites/ui/icons_a/skills/frost_talisman.png' remapped 'res://assets/sprites/ui/icons_a/skills/frost_talisman.png' at thread -1
Completed load for: 'res://data/skills/ice_lore.tres' remapped 'res://data/skills/ice_lore.tres' at thread -1
Loading resource: res://data/skills/pouch.tres remapped: res://data/skills/pouch.tres
Completed load for: 'res://data/skills/pouch.tres' remapped 'res://data/skills/pouch.tres' at thread -1
Loading resource: res://data/skills/seal_array.tres remapped: res://data/skills/seal_array.tres
Completed load for: 'res://data/skills/seal_array.tres' remapped 'res://data/skills/seal_array.tres' at thread -1
Loading resource: res://data/skills/thunder_lore.tres remapped: res://data/skills/thunder_lore.tres
Completed load for: 'res://data/skills/thunder_lore.tres' remapped 'res://data/skills/thunder_lore.tres' at thread -1
Loading resource: res://data/skills/scatter.tres remapped: res://data/skills/scatter.tres
Completed load for: 'res://data/skills/scatter.tres' remapped 'res://data/skills/scatter.tres' at thread -1
Loading resource: res://data/skills/talisman_rain.tres remapped: res://data/skills/talisman_rain.tres
Completed load for: 'res://data/skills/talisman_rain.tres' remapped 'res://data/skills/talisman_rain.tres' at thread -1
Completed load for: 'res://data/skill_trees/doho.tres' remapped 'res://data/skill_trees/doho.tres' at thread -1
Loading resource: res://core/dev_mode.gd remapped: res://core/dev_mode.gd
Completed load for: 'res://core/dev_mode.gd' remapped 'res://core/dev_mode.gd' at thread -1
Loading resource: res://core/audio.gd remapped: res://core/audio.gd
Completed load for: 'res://core/audio.gd' remapped 'res://core/audio.gd' at thread -1
Loading resource: res://core/game_settings.gd remapped: res://core/game_settings.gd
Completed load for: 'res://core/game_settings.gd' remapped 'res://core/game_settings.gd' at thread -1
Loading resource: res://core/vfx.gd remapped: res://core/vfx.gd
Completed load for: 'res://core/vfx.gd' remapped 'res://core/vfx.gd' at thread -1
Loading resource: res://core/save_system.gd remapped: res://core/save_system.gd
Completed load for: 'res://core/save_system.gd' remapped 'res://core/save_system.gd' at thread -1
Loading resource: res://addons/dialogue_manager/dialogue_manager.gd remapped: res://addons/dialogue_manager/dialogue_manager.gd
Loading resource: res://addons/dialogue_manager/test_scene.tscn remapped: res://addons/dialogue_manager/test_scene.tscn
Loading resource: res://addons/dialogue_manager/test_scene.gd remapped: res://addons/dialogue_manager/test_scene.gd
Completed load for: 'res://addons/dialogue_manager/test_scene.gd' remapped 'res://addons/dialogue_manager/test_scene.gd' at thread -1
Completed load for: 'res://addons/dialogue_manager/test_scene.tscn' remapped 'res://addons/dialogue_manager/test_scene.tscn' at thread -1
Completed load for: 'res://addons/dialogue_manager/dialogue_manager.gd' remapped 'res://addons/dialogue_manager/dialogue_manager.gd' at thread -1
Loading resource: res://addons/godot_ai/runtime/game_helper.gd remapped: res://addons/godot_ai/runtime/game_helper.gd
Completed load for: 'res://addons/godot_ai/runtime/game_helper.gd' remapped 'res://addons/godot_ai/runtime/game_helper.gd' at thread -1
Loading resource: res://tests/e2e/e2e_runner.gd remapped: res://tests/e2e/e2e_runner.gd
Loading resource: res://actors/projectile.tscn remapped: res://actors/projectile.tscn
Loading resource: res://actors/projectile.gd remapped: res://actors/projectile.gd
Completed load for: 'res://actors/projectile.gd' remapped 'res://actors/projectile.gd' at thread -1
Completed load for: 'res://actors/projectile.tscn' remapped 'res://actors/projectile.tscn' at thread -1
Loading resource: res://world/floor_item.tscn remapped: res://world/floor_item.tscn
Loading resource: res://world/floor_item.gd remapped: res://world/floor_item.gd
Completed load for: 'res://world/floor_item.gd' remapped 'res://world/floor_item.gd' at thread -1
Completed load for: 'res://world/floor_item.tscn' remapped 'res://world/floor_item.tscn' at thread -1
Loading resource: res://world/portal.tscn remapped: res://world/portal.tscn
Loading resource: res://world/portal.gd remapped: res://world/portal.gd
Completed load for: 'res://world/portal.gd' remapped 'res://world/portal.gd' at thread -1
Completed load for: 'res://world/portal.tscn' remapped 'res://world/portal.tscn' at thread -1
Loading resource: res://actors/shaders/float_robe.gdshader remapped: res://actors/shaders/float_robe.gdshader
Loading resource: res://actors/shaders/float_robe.gdshaderinc remapped: res://actors/shaders/float_robe.gdshaderinc
Completed load for: 'res://actors/shaders/float_robe.gdshaderinc' remapped 'res://actors/shaders/float_robe.gdshaderinc' at thread -1
Completed load for: 'res://actors/shaders/float_robe.gdshader' remapped 'res://actors/shaders/float_robe.gdshader' at thread -1
Loading resource: res://actors/shaders/float_robe_outline.gdshader remapped: res://actors/shaders/float_robe_outline.gdshader
Completed load for: 'res://actors/shaders/float_robe_outline.gdshader' remapped 'res://actors/shaders/float_robe_outline.gdshader' at thread -1
Loading resource: res://actors/shaders/bisect_cut.gdshader remapped: res://actors/shaders/bisect_cut.gdshader
Completed load for: 'res://actors/shaders/bisect_cut.gdshader' remapped 'res://actors/shaders/bisect_cut.gdshader' at thread -1
Loading resource: res://actors/shaders/bisect_outline.gdshader remapped: res://actors/shaders/bisect_outline.gdshader
Completed load for: 'res://actors/shaders/bisect_outline.gdshader' remapped 'res://actors/shaders/bisect_outline.gdshader' at thread -1
Loading resource: res://actors/shaders/ink_dissolve.gdshader remapped: res://actors/shaders/ink_dissolve.gdshader
Loading resource: res://actors/shaders/ink_noise.gdshaderinc remapped: res://actors/shaders/ink_noise.gdshaderinc
Completed load for: 'res://actors/shaders/ink_noise.gdshaderinc' remapped 'res://actors/shaders/ink_noise.gdshaderinc' at thread -1
Completed load for: 'res://actors/shaders/ink_dissolve.gdshader' remapped 'res://actors/shaders/ink_dissolve.gdshader' at thread -1
Loading resource: res://actors/shaders/ink_dissolve_outline.gdshader remapped: res://actors/shaders/ink_dissolve_outline.gdshader
Completed load for: 'res://actors/shaders/ink_dissolve_outline.gdshader' remapped 'res://actors/shaders/ink_dissolve_outline.gdshader' at thread -1
Loading resource: res://ui/shaders/dialogue_band.gdshader remapped: res://ui/shaders/dialogue_band.gdshader
Completed load for: 'res://ui/shaders/dialogue_band.gdshader' remapped 'res://ui/shaders/dialogue_band.gdshader' at thread -1
Loading resource: res://ui/shaders/dialogue_dim.gdshader remapped: res://ui/shaders/dialogue_dim.gdshader
Completed load for: 'res://ui/shaders/dialogue_dim.gdshader' remapped 'res://ui/shaders/dialogue_dim.gdshader' at thread -1
Loading resource: res://ui/shaders/dialogue_portrait.gdshader remapped: res://ui/shaders/dialogue_portrait.gdshader
Completed load for: 'res://ui/shaders/dialogue_portrait.gdshader' remapped 'res://ui/shaders/dialogue_portrait.gdshader' at thread -1
Completed load for: 'res://tests/e2e/e2e_runner.gd' remapped 'res://tests/e2e/e2e_runner.gd' at thread -1
MbedTLS: Some X509 certificates could not be parsed (1 certificates skipped).
Loaded system CA certificates
Loading resource: res://data/items/_index.tres remapped: res://data/items/_index.tres
Completed load for: 'res://data/items/_index.tres' remapped 'res://data/items/_index.tres' at thread -1
Loading resource: res://data/items/wooden_sword.tres remapped: res://data/items/wooden_sword.tres
Loading resource: res://assets/sprites/ui/icons_h1/wooden_sword.png remapped: res://assets/sprites/ui/icons_h1/wooden_sword.png
Loading resource: res://.godot/imported/wooden_sword.png-04d228c72ad2ff8dfe8b364c65a14870.ctex remapped: res://.godot/imported/wooden_sword.png-04d228c72ad2ff8dfe8b364c65a14870.ctex
Completed load for: 'res://assets/sprites/ui/icons_h1/wooden_sword.png' remapped 'res://assets/sprites/ui/icons_h1/wooden_sword.png' at thread -1
Completed load for: 'res://data/items/wooden_sword.tres' remapped 'res://data/items/wooden_sword.tres' at thread -1
Loading resource: res://data/items/iron_sword.tres remapped: res://data/items/iron_sword.tres
Loading resource: res://assets/sprites/ui/icons_h1/iron_sword.png remapped: res://assets/sprites/ui/icons_h1/iron_sword.png
Loading resource: res://.godot/imported/iron_sword.png-7c409af881641dc73d06263644e762c5.ctex remapped: res://.godot/imported/iron_sword.png-7c409af881641dc73d06263644e762c5.ctex
Completed load for: 'res://assets/sprites/ui/icons_h1/iron_sword.png' remapped 'res://assets/sprites/ui/icons_h1/iron_sword.png' at thread -1
Completed load for: 'res://data/items/iron_sword.tres' remapped 'res://data/items/iron_sword.tres' at thread -1
Loading resource: res://data/items/hwando.tres remapped: res://data/items/hwando.tres
Loading resource: res://assets/sprites/ui/icons_a/items/hwando.png remapped: res://assets/sprites/ui/icons_a/items/hwando.png
Loading resource: res://.godot/imported/hwando.png-752ed054ae256c069aba7313fc3be423.ctex remapped: res://.godot/imported/hwando.png-752ed054ae256c069aba7313fc3be423.ctex
Completed load for: 'res://assets/sprites/ui/icons_a/items/hwando.png' remapped 'res://assets/sprites/ui/icons_a/items/hwando.png' at thread -1
Completed load for: 'res://data/items/hwando.tres' remapped 'res://data/items/hwando.tres' at thread -1
Loading resource: res://data/items/long_sword.tres remapped: res://data/items/long_sword.tres
Loading resource: res://assets/sprites/ui/icons_h1/long_sword.png remapped: res://assets/sprites/ui/icons_h1/long_sword.png
Loading resource: res://.godot/imported/long_sword.png-efca0f2d939327717e884a66d069f035.ctex remapped: res://.godot/imported/long_sword.png-efca0f2d939327717e884a66d069f035.ctex
Completed load for: 'res://assets/sprites/ui/icons_h1/long_sword.png' remapped 'res://assets/sprites/ui/icons_h1/long_sword.png' at thread -1
Completed load for: 'res://data/items/long_sword.tres' remapped 'res://data/items/long_sword.tres' at thread -1
Loading resource: res://data/items/cotton_robe.tres remapped: res://data/items/cotton_robe.tres
Loading resource: res://assets/sprites/ui/icons_a/items/cotton_dopo.png remapped: res://assets/sprites/ui/icons_a/items/cotton_dopo.png
Loading resource: res://.godot/imported/cotton_dopo.png-99856206740f2137050d75415ab7271d.ctex remapped: res://.godot/imported/cotton_dopo.png-99856206740f2137050d75415ab7271d.ctex
Completed load for: 'res://assets/sprites/ui/icons_a/items/cotton_dopo.png' remapped 'res://assets/sprites/ui/icons_a/items/cotton_dopo.png' at thread -1
Completed load for: 'res://data/items/cotton_robe.tres' remapped 'res://data/items/cotton_robe.tres' at thread -1
Loading resource: res://data/items/quilted_robe.tres remapped: res://data/items/quilted_robe.tres
Loading resource: res://assets/sprites/ui/icons_h1/quilted_robe.png remapped: res://assets/sprites/ui/icons_h1/quilted_robe.png
Loading resource: res://.godot/imported/quilted_robe.png-9f57e35f2ad056aea500c30f8096ad8c.ctex remapped: res://.godot/imported/quilted_robe.png-9f57e35f2ad056aea500c30f8096ad8c.ctex
Completed load for: 'res://assets/sprites/ui/icons_h1/quilted_robe.png' remapped 'res://assets/sprites/ui/icons_h1/quilted_robe.png' at thread -1
Completed load for: 'res://data/items/quilted_robe.tres' remapped 'res://data/items/quilted_robe.tres' at thread -1
Loading resource: res://data/items/leather_armor.tres remapped: res://data/items/leather_armor.tres
Loading resource: res://assets/sprites/ui/icons_h1/leather_armor.png remapped: res://assets/sprites/ui/icons_h1/leather_armor.png
Loading resource: res://.godot/imported/leather_armor.png-38c12edc10cfa5aa29826b5140771225.ctex remapped: res://.godot/imported/leather_armor.png-38c12edc10cfa5aa29826b5140771225.ctex
Completed load for: 'res://assets/sprites/ui/icons_h1/leather_armor.png' remapped 'res://assets/sprites/ui/icons_h1/leather_armor.png' at thread -1
Completed load for: 'res://data/items/leather_armor.tres' remapped 'res://data/items/leather_armor.tres' at thread -1
Loading resource: res://data/items/jade_charm.tres remapped: res://data/items/jade_charm.tres
Loading resource: res://assets/sprites/ui/icons_a/items/jade_charm.png remapped: res://assets/sprites/ui/icons_a/items/jade_charm.png
Loading resource: res://.godot/imported/jade_charm.png-b8f39519ad5e201a3d74f7c5448e759c.ctex remapped: res://.godot/imported/jade_charm.png-b8f39519ad5e201a3d74f7c5448e759c.ctex
Completed load for: 'res://assets/sprites/ui/icons_a/items/jade_charm.png' remapped 'res://assets/sprites/ui/icons_a/items/jade_charm.png' at thread -1
Completed load for: 'res://data/items/jade_charm.tres' remapped 'res://data/items/jade_charm.tres' at thread -1
Loading resource: res://data/items/silver_ring.tres remapped: res://data/items/silver_ring.tres
Loading resource: res://assets/sprites/ui/icons_a/items/silver_ring.png remapped: res://assets/sprites/ui/icons_a/items/silver_ring.png
Loading resource: res://.godot/imported/silver_ring.png-d4803e7136edcf9a553077384f9ab194.ctex remapped: res://.godot/imported/silver_ring.png-d4803e7136edcf9a553077384f9ab194.ctex
Completed load for: 'res://assets/sprites/ui/icons_a/items/silver_ring.png' remapped 'res://assets/sprites/ui/icons_a/items/silver_ring.png' at thread -1
Completed load for: 'res://data/items/silver_ring.tres' remapped 'res://data/items/silver_ring.tres' at thread -1
Loading resource: res://data/items/cotton_belt.tres remapped: res://data/items/cotton_belt.tres
Loading resource: res://assets/sprites/ui/icons_a/items/cotton_belt.png remapped: res://assets/sprites/ui/icons_a/items/cotton_belt.png
Loading resource: res://.godot/imported/cotton_belt.png-0bfa2984a0133253eef387b21628609a.ctex remapped: res://.godot/imported/cotton_belt.png-0bfa2984a0133253eef387b21628609a.ctex
Completed load for: 'res://assets/sprites/ui/icons_a/items/cotton_belt.png' remapped 'res://assets/sprites/ui/icons_a/items/cotton_belt.png' at thread -1
Completed load for: 'res://data/items/cotton_belt.tres' remapped 'res://data/items/cotton_belt.tres' at thread -1
Loading resource: res://data/items/straw_shoes.tres remapped: res://data/items/straw_shoes.tres
Loading resource: res://assets/sprites/ui/icons_h1/straw_shoes.png remapped: res://assets/sprites/ui/icons_h1/straw_shoes.png
Loading resource: res://.godot/imported/straw_shoes.png-5908854a8d309c995f0799d1018d487b.ctex remapped: res://.godot/imported/straw_shoes.png-5908854a8d309c995f0799d1018d487b.ctex
Completed load for: 'res://assets/sprites/ui/icons_h1/straw_shoes.png' remapped 'res://assets/sprites/ui/icons_h1/straw_shoes.png' at thread -1
Completed load for: 'res://data/items/straw_shoes.tres' remapped 'res://data/items/straw_shoes.tres' at thread -1
Loading resource: res://data/items/leather_shoes.tres remapped: res://data/items/leather_shoes.tres
Loading resource: res://assets/sprites/ui/icons_a/items/leather_shoes.png remapped: res://assets/sprites/ui/icons_a/items/leather_shoes.png
Loading resource: res://.godot/imported/leather_shoes.png-5cfe44210b8c58cacd7570383d60da30.ctex remapped: res://.godot/imported/leather_shoes.png-5cfe44210b8c58cacd7570383d60da30.ctex
Completed load for: 'res://assets/sprites/ui/icons_a/items/leather_shoes.png' remapped 'res://assets/sprites/ui/icons_a/items/leather_shoes.png' at thread -1
Completed load for: 'res://data/items/leather_shoes.tres' remapped 'res://data/items/leather_shoes.tres' at thread -1
Loading resource: res://data/items/hp_potion.tres remapped: res://data/items/hp_potion.tres
Loading resource: res://assets/sprites/ui/icons_a/items/hp_potion.png remapped: res://assets/sprites/ui/icons_a/items/hp_potion.png
Loading resource: res://.godot/imported/hp_potion.png-17bfd83b9bc859338d3e32bc046ada31.ctex remapped: res://.godot/imported/hp_potion.png-17bfd83b9bc859338d3e32bc046ada31.ctex
Completed load for: 'res://assets/sprites/ui/icons_a/items/hp_potion.png' remapped 'res://assets/sprites/ui/icons_a/items/hp_potion.png' at thread -1
Completed load for: 'res://data/items/hp_potion.tres' remapped 'res://data/items/hp_potion.tres' at thread -1
Loading resource: res://data/items/mp_potion.tres remapped: res://data/items/mp_potion.tres
Loading resource: res://assets/sprites/ui/icons_a/items/mp_potion.png remapped: res://assets/sprites/ui/icons_a/items/mp_potion.png
Loading resource: res://.godot/imported/mp_potion.png-cf8992e9d9148471f6b6fb0984690fcd.ctex remapped: res://.godot/imported/mp_potion.png-cf8992e9d9148471f6b6fb0984690fcd.ctex
Completed load for: 'res://assets/sprites/ui/icons_a/items/mp_potion.png' remapped 'res://assets/sprites/ui/icons_a/items/mp_potion.png' at thread -1
Completed load for: 'res://data/items/mp_potion.tres' remapped 'res://data/items/mp_potion.tres' at thread -1
Loading resource: res://data/items/ident_scroll.tres remapped: res://data/items/ident_scroll.tres
Loading resource: res://assets/sprites/ui/icons_h1/ident_scroll.png remapped: res://assets/sprites/ui/icons_h1/ident_scroll.png
Loading resource: res://.godot/imported/ident_scroll.png-dc34bcc510f4adc156322accd74022f5.ctex remapped: res://.godot/imported/ident_scroll.png-dc34bcc510f4adc156322accd74022f5.ctex
Completed load for: 'res://assets/sprites/ui/icons_h1/ident_scroll.png' remapped 'res://assets/sprites/ui/icons_h1/ident_scroll.png' at thread -1
Completed load for: 'res://data/items/ident_scroll.tres' remapped 'res://data/items/ident_scroll.tres' at thread -1
Loading resource: res://data/items/town_portal.tres remapped: res://data/items/town_portal.tres
Loading resource: res://assets/sprites/ui/icons_h1/town_portal.png remapped: res://assets/sprites/ui/icons_h1/town_portal.png
Loading resource: res://.godot/imported/town_portal.png-54a7eb10ff8d0db2b4c38ddc70259f62.ctex remapped: res://.godot/imported/town_portal.png-54a7eb10ff8d0db2b4c38ddc70259f62.ctex
Completed load for: 'res://assets/sprites/ui/icons_h1/town_portal.png' remapped 'res://assets/sprites/ui/icons_h1/town_portal.png' at thread -1
Completed load for: 'res://data/items/town_portal.tres' remapped 'res://data/items/town_portal.tres' at thread -1
Loading resource: res://data/items/coin.tres remapped: res://data/items/coin.tres
Loading resource: res://assets/sprites/ui/icons_h1/coin.png remapped: res://assets/sprites/ui/icons_h1/coin.png
Loading resource: res://.godot/imported/coin.png-0c6204d39d74d5e4c270a69c7ea90ee1.ctex remapped: res://.godot/imported/coin.png-0c6204d39d74d5e4c270a69c7ea90ee1.ctex
Completed load for: 'res://assets/sprites/ui/icons_h1/coin.png' remapped 'res://assets/sprites/ui/icons_h1/coin.png' at thread -1
Completed load for: 'res://data/items/coin.tres' remapped 'res://data/items/coin.tres' at thread -1
Loading resource: res://data/items/cotton_dopo.tres remapped: res://data/items/cotton_dopo.tres
Completed load for: 'res://data/items/cotton_dopo.tres' remapped 'res://data/items/cotton_dopo.tres' at thread -1
Loading resource: res://data/items/jeondae.tres remapped: res://data/items/jeondae.tres
Loading resource: res://assets/sprites/ui/icons_a/items/jeondae.png remapped: res://assets/sprites/ui/icons_a/items/jeondae.png
Loading resource: res://.godot/imported/jeondae.png-e4501b01c1e9a43100be4038b25e9d4a.ctex remapped: res://.godot/imported/jeondae.png-e4501b01c1e9a43100be4038b25e9d4a.ctex
Completed load for: 'res://assets/sprites/ui/icons_a/items/jeondae.png' remapped 'res://assets/sprites/ui/icons_a/items/jeondae.png' at thread -1
Completed load for: 'res://data/items/jeondae.tres' remapped 'res://data/items/jeondae.tres' at thread -1
Loading resource: res://data/items/mituri.tres remapped: res://data/items/mituri.tres
Loading resource: res://assets/sprites/ui/icons_a/items/mituri.png remapped: res://assets/sprites/ui/icons_a/items/mituri.png
Loading resource: res://.godot/imported/mituri.png-26704d78eaa99dddf375d92e08f2cc03.ctex remapped: res://.godot/imported/mituri.png-26704d78eaa99dddf375d92e08f2cc03.ctex
Completed load for: 'res://assets/sprites/ui/icons_a/items/mituri.png' remapped 'res://assets/sprites/ui/icons_a/items/mituri.png' at thread -1
Completed load for: 'res://data/items/mituri.tres' remapped 'res://data/items/mituri.tres' at thread -1
Loading resource: res://data/items/yedo.tres remapped: res://data/items/yedo.tres
Loading resource: res://assets/sprites/ui/icons_a/items/yedo.png remapped: res://assets/sprites/ui/icons_a/items/yedo.png
Loading resource: res://.godot/imported/yedo.png-92af896c9707a20be8a9e41a270202f2.ctex remapped: res://.godot/imported/yedo.png-92af896c9707a20be8a9e41a270202f2.ctex
Completed load for: 'res://assets/sprites/ui/icons_a/items/yedo.png' remapped 'res://assets/sprites/ui/icons_a/items/yedo.png' at thread -1
Completed load for: 'res://data/items/yedo.tres' remapped 'res://data/items/yedo.tres' at thread -1
Loading resource: res://data/items/talisman_fire.tres remapped: res://data/items/talisman_fire.tres
Loading resource: res://assets/sprites/ui/icons_a/items/talisman_fire.png remapped: res://assets/sprites/ui/icons_a/items/talisman_fire.png
Loading resource: res://.godot/imported/talisman_fire.png-0afcfa1013e92a92e10c9f705d108bcb.ctex remapped: res://.godot/imported/talisman_fire.png-0afcfa1013e92a92e10c9f705d108bcb.ctex
Completed load for: 'res://assets/sprites/ui/icons_a/items/talisman_fire.png' remapped 'res://assets/sprites/ui/icons_a/items/talisman_fire.png' at thread -1
Completed load for: 'res://data/items/talisman_fire.tres' remapped 'res://data/items/talisman_fire.tres' at thread -1
Loading resource: res://data/items/talisman_ice.tres remapped: res://data/items/talisman_ice.tres
Loading resource: res://assets/sprites/ui/icons_h1/talisman_ice.png remapped: res://assets/sprites/ui/icons_h1/talisman_ice.png
Loading resource: res://.godot/imported/talisman_ice.png-5762f7625fb9efe127bf5dba0eb7fd40.ctex remapped: res://.godot/imported/talisman_ice.png-5762f7625fb9efe127bf5dba0eb7fd40.ctex
Completed load for: 'res://assets/sprites/ui/icons_h1/talisman_ice.png' remapped 'res://assets/sprites/ui/icons_h1/talisman_ice.png' at thread -1
Completed load for: 'res://data/items/talisman_ice.tres' remapped 'res://data/items/talisman_ice.tres' at thread -1
Loading resource: res://data/items/injang.tres remapped: res://data/items/injang.tres
Loading resource: res://assets/sprites/ui/icons_a/items/injang.png remapped: res://assets/sprites/ui/icons_a/items/injang.png
Loading resource: res://.godot/imported/injang.png-10045310662536f59aab70b1e2cf7296.ctex remapped: res://.godot/imported/injang.png-10045310662536f59aab70b1e2cf7296.ctex
Completed load for: 'res://assets/sprites/ui/icons_a/items/injang.png' remapped 'res://assets/sprites/ui/icons_a/items/injang.png' at thread -1
Completed load for: 'res://data/items/injang.tres' remapped 'res://data/items/injang.tres' at thread -1
Loading resource: res://data/items/mukham.tres remapped: res://data/items/mukham.tres
Loading resource: res://assets/sprites/ui/icons_a/items/mukham.png remapped: res://assets/sprites/ui/icons_a/items/mukham.png
Loading resource: res://.godot/imported/mukham.png-f4793db10323e5a0c14d243c12cec2da.ctex remapped: res://.godot/imported/mukham.png-f4793db10323e5a0c14d243c12cec2da.ctex
Completed load for: 'res://assets/sprites/ui/icons_a/items/mukham.png' remapped 'res://assets/sprites/ui/icons_a/items/mukham.png' at thread -1
Completed load for: 'res://data/items/mukham.tres' remapped 'res://data/items/mukham.tres' at thread -1
Loading resource: res://data/items/paeraengi.tres remapped: res://data/items/paeraengi.tres
Loading resource: res://assets/sprites/ui/icons_a/items/paeraengi.png remapped: res://assets/sprites/ui/icons_a/items/paeraengi.png
Loading resource: res://.godot/imported/paeraengi.png-e12fa1566a6e88d10ca1e01ca1efc312.ctex remapped: res://.godot/imported/paeraengi.png-e12fa1566a6e88d10ca1e01ca1efc312.ctex
Completed load for: 'res://assets/sprites/ui/icons_a/items/paeraengi.png' remapped 'res://assets/sprites/ui/icons_a/items/paeraengi.png' at thread -1
Completed load for: 'res://data/items/paeraengi.tres' remapped 'res://data/items/paeraengi.tres' at thread -1
Loading resource: res://data/items/piju.tres remapped: res://data/items/piju.tres
Loading resource: res://assets/sprites/ui/icons_a/items/piju.png remapped: res://assets/sprites/ui/icons_a/items/piju.png
Loading resource: res://.godot/imported/piju.png-306e9b1a87d149e0dd3bf563a445da0a.ctex remapped: res://.godot/imported/piju.png-306e9b1a87d149e0dd3bf563a445da0a.ctex
Completed load for: 'res://assets/sprites/ui/icons_a/items/piju.png' remapped 'res://assets/sprites/ui/icons_a/items/piju.png' at thread -1
Completed load for: 'res://data/items/piju.tres' remapped 'res://data/items/piju.tres' at thread -1
Loading resource: res://data/items/satgat.tres remapped: res://data/items/satgat.tres
Loading resource: res://assets/sprites/ui/icons_a/items/satgat.png remapped: res://assets/sprites/ui/icons_a/items/satgat.png
Loading resource: res://.godot/imported/satgat.png-e6d81b29e1ec484b2b0f6b29817a8f2d.ctex remapped: res://.godot/imported/satgat.png-e6d81b29e1ec484b2b0f6b29817a8f2d.ctex
Completed load for: 'res://assets/sprites/ui/icons_a/items/satgat.png' remapped 'res://assets/sprites/ui/icons_a/items/satgat.png' at thread -1
Completed load for: 'res://data/items/satgat.tres' remapped 'res://data/items/satgat.tres' at thread -1
Loading resource: res://data/items/jade_ring.tres remapped: res://data/items/jade_ring.tres
Loading resource: res://assets/sprites/ui/icons_h1/silver_ring.png remapped: res://assets/sprites/ui/icons_h1/silver_ring.png
Loading resource: res://.godot/imported/silver_ring.png-be48995b788533e82cc251d9cf4a07a2.ctex remapped: res://.godot/imported/silver_ring.png-be48995b788533e82cc251d9cf4a07a2.ctex
Completed load for: 'res://assets/sprites/ui/icons_h1/silver_ring.png' remapped 'res://assets/sprites/ui/icons_h1/silver_ring.png' at thread -1
Completed load for: 'res://data/items/jade_ring.tres' remapped 'res://data/items/jade_ring.tres' at thread -1
Loading resource: res://data/items/bongukgeom.tres remapped: res://data/items/bongukgeom.tres
Loading resource: res://assets/sprites/ui/icons_a/items/bongukgeom.png remapped: res://assets/sprites/ui/icons_a/items/bongukgeom.png
Loading resource: res://.godot/imported/bongukgeom.png-5691b50e832833dbeb0efac6aa933d4e.ctex remapped: res://.godot/imported/bongukgeom.png-5691b50e832833dbeb0efac6aa933d4e.ctex
Completed load for: 'res://assets/sprites/ui/icons_a/items/bongukgeom.png' remapped 'res://assets/sprites/ui/icons_a/items/bongukgeom.png' at thread -1
Completed load for: 'res://data/items/bongukgeom.tres' remapped 'res://data/items/bongukgeom.tres' at thread -1
Loading resource: res://data/items/bujeok_mokpan.tres remapped: res://data/items/bujeok_mokpan.tres
Loading resource: res://assets/sprites/ui/icons_a/items/bujeok_mokpan.png remapped: res://assets/sprites/ui/icons_a/items/bujeok_mokpan.png
Loading resource: res://.godot/imported/bujeok_mokpan.png-e61ed45777d3a6fce658ec5b0249c3d4.ctex remapped: res://.godot/imported/bujeok_mokpan.png-e61ed45777d3a6fce658ec5b0249c3d4.ctex
Completed load for: 'res://assets/sprites/ui/icons_a/items/bujeok_mokpan.png' remapped 'res://assets/sprites/ui/icons_a/items/bujeok_mokpan.png' at thread -1
Completed load for: 'res://data/items/bujeok_mokpan.tres' remapped 'res://data/items/bujeok_mokpan.tres' at thread -1
Loading resource: res://data/items/cheomju.tres remapped: res://data/items/cheomju.tres
Loading resource: res://assets/sprites/ui/icons_a/items/cheomju.png remapped: res://assets/sprites/ui/icons_a/items/cheomju.png
Loading resource: res://.godot/imported/cheomju.png-f5da7394e3415e2259948307a17f5cac.ctex remapped: res://.godot/imported/cheomju.png-f5da7394e3415e2259948307a17f5cac.ctex
Completed load for: 'res://assets/sprites/ui/icons_a/items/cheomju.png' remapped 'res://assets/sprites/ui/icons_a/items/cheomju.png' at thread -1
Completed load for: 'res://data/items/cheomju.tres' remapped 'res://data/items/cheomju.tres' at thread -1
Loading resource: res://data/items/dujeonggap.tres remapped: res://data/items/dujeonggap.tres
Completed load for: 'res://data/items/dujeonggap.tres' remapped 'res://data/items/dujeonggap.tres' at thread -1
Loading resource: res://data/items/gold_ring.tres remapped: res://data/items/gold_ring.tres
Completed load for: 'res://data/items/gold_ring.tres' remapped 'res://data/items/gold_ring.tres' at thread -1
Loading resource: res://data/items/gwangdahoe.tres remapped: res://data/items/gwangdahoe.tres
Loading resource: res://assets/sprites/ui/icons_h1/cotton_belt.png remapped: res://assets/sprites/ui/icons_h1/cotton_belt.png
Loading resource: res://.godot/imported/cotton_belt.png-b45675e5d8a50cd74f39b5cb2a2d6707.ctex remapped: res://.godot/imported/cotton_belt.png-b45675e5d8a50cd74f39b5cb2a2d6707.ctex
Completed load for: 'res://assets/sprites/ui/icons_h1/cotton_belt.png' remapped 'res://assets/sprites/ui/icons_h1/cotton_belt.png' at thread -1
Completed load for: 'res://data/items/gwangdahoe.tres' remapped 'res://data/items/gwangdahoe.tres' at thread -1
Loading resource: res://data/items/gyeongbeongap.tres remapped: res://data/items/gyeongbeongap.tres
Completed load for: 'res://data/items/gyeongbeongap.tres' remapped 'res://data/items/gyeongbeongap.tres' at thread -1
Loading resource: res://data/items/hakchangui.tres remapped: res://data/items/hakchangui.tres
Loading resource: res://assets/sprites/ui/icons_h1/cotton_robe.png remapped: res://assets/sprites/ui/icons_h1/cotton_robe.png
Loading resource: res://.godot/imported/cotton_robe.png-a8c3bb2587c0f5ad805dbe42097b6e77.ctex remapped: res://.godot/imported/cotton_robe.png-a8c3bb2587c0f5ad805dbe42097b6e77.ctex
Completed load for: 'res://assets/sprites/ui/icons_h1/cotton_robe.png' remapped 'res://assets/sprites/ui/icons_h1/cotton_robe.png' at thread -1
Completed load for: 'res://data/items/hakchangui.tres' remapped 'res://data/items/hakchangui.tres' at thread -1
Loading resource: res://data/items/jedokgeom.tres remapped: res://data/items/jedokgeom.tres
Loading resource: res://assets/sprites/ui/icons_a/items/jedokgeom.png remapped: res://assets/sprites/ui/icons_a/items/jedokgeom.png
Loading resource: res://.godot/imported/jedokgeom.png-a72665e5d7e74960d9bd884ac28a374d.ctex remapped: res://.godot/imported/jedokgeom.png-a72665e5d7e74960d9bd884ac28a374d.ctex
Completed load for: 'res://assets/sprites/ui/icons_a/items/jedokgeom.png' remapped 'res://assets/sprites/ui/icons_a/items/jedokgeom.png' at thread -1
Completed load for: 'res://data/items/jedokgeom.tres' remapped 'res://data/items/jedokgeom.tres' at thread -1
Loading resource: res://data/items/jeongjagwan.tres remapped: res://data/items/jeongjagwan.tres
Loading resource: res://assets/sprites/ui/icons_a/items/jeongjagwan.png remapped: res://assets/sprites/ui/icons_a/items/jeongjagwan.png
Loading resource: res://.godot/imported/jeongjagwan.png-21dd0b6d4225d440e4181652a4c5291b.ctex remapped: res://.godot/imported/jeongjagwan.png-21dd0b6d4225d440e4181652a4c5291b.ctex
Completed load for: 'res://assets/sprites/ui/icons_a/items/jeongjagwan.png' remapped 'res://assets/sprites/ui/icons_a/items/jeongjagwan.png' at thread -1
Completed load for: 'res://data/items/jeongjagwan.tres' remapped 'res://data/items/jeongjagwan.tres' at thread -1
Loading resource: res://data/items/jigap.tres remapped: res://data/items/jigap.tres
Completed load for: 'res://data/items/jigap.tres' remapped 'res://data/items/jigap.tres' at thread -1
Loading resource: res://data/items/mokhwa.tres remapped: res://data/items/mokhwa.tres
Loading resource: res://assets/sprites/ui/icons_h1/leather_shoes.png remapped: res://assets/sprites/ui/icons_h1/leather_shoes.png
Loading resource: res://.godot/imported/leather_shoes.png-88c6fed9ead9541920e23b375b9e23d7.ctex remapped: res://.godot/imported/leather_shoes.png-88c6fed9ead9541920e23b375b9e23d7.ctex
Completed load for: 'res://assets/sprites/ui/icons_h1/leather_shoes.png' remapped 'res://assets/sprites/ui/icons_h1/leather_shoes.png' at thread -1
Completed load for: 'res://data/items/mokhwa.tres' remapped 'res://data/items/mokhwa.tres' at thread -1
Loading resource: res://data/items/myeongdu.tres remapped: res://data/items/myeongdu.tres
Loading resource: res://assets/sprites/ui/icons_h1/jade_charm.png remapped: res://assets/sprites/ui/icons_h1/jade_charm.png
Loading resource: res://.godot/imported/jade_charm.png-59a1b1d64dc2b171e14f051ffc4a405c.ctex remapped: res://.godot/imported/jade_charm.png-59a1b1d64dc2b171e14f051ffc4a405c.ctex
Completed load for: 'res://assets/sprites/ui/icons_h1/jade_charm.png' remapped 'res://assets/sprites/ui/icons_h1/jade_charm.png' at thread -1
Completed load for: 'res://data/items/myeongdu.tres' remapped 'res://data/items/myeongdu.tres' at thread -1
Loading resource: res://data/items/pouch.tres remapped: res://data/items/pouch.tres
Completed load for: 'res://data/items/pouch.tres' remapped 'res://data/items/pouch.tres' at thread -1
Loading resource: res://data/items/saingeom.tres remapped: res://data/items/saingeom.tres
Loading resource: res://assets/sprites/ui/icons_a/items/saingeom.png remapped: res://assets/sprites/ui/icons_a/items/saingeom.png
Loading resource: res://.godot/imported/saingeom.png-986b7a160eaf21a821af3043b0799ce5.ctex remapped: res://.godot/imported/saingeom.png-986b7a160eaf21a821af3043b0799ce5.ctex
Completed load for: 'res://assets/sprites/ui/icons_a/items/saingeom.png' remapped 'res://assets/sprites/ui/icons_a/items/saingeom.png' at thread -1
Completed load for: 'res://data/items/saingeom.tres' remapped 'res://data/items/saingeom.tres' at thread -1
Loading resource: res://data/items/silk_dopo.tres remapped: res://data/items/silk_dopo.tres
Completed load for: 'res://data/items/silk_dopo.tres' remapped 'res://data/items/silk_dopo.tres' at thread -1
Loading resource: res://data/items/ssangsudo.tres remapped: res://data/items/ssangsudo.tres
Loading resource: res://assets/sprites/ui/icons_a/items/ssangsudo.png remapped: res://assets/sprites/ui/icons_a/items/ssangsudo.png
Loading resource: res://.godot/imported/ssangsudo.png-c6265af47b95df5f26673b2c1cdceeaf.ctex remapped: res://.godot/imported/ssangsudo.png-c6265af47b95df5f26673b2c1cdceeaf.ctex
Completed load for: 'res://assets/sprites/ui/icons_a/items/ssangsudo.png' remapped 'res://assets/sprites/ui/icons_a/items/ssangsudo.png' at thread -1
Completed load for: 'res://data/items/ssangsudo.tres' remapped 'res://data/items/ssangsudo.tres' at thread -1
Loading resource: res://data/items/swaejagap.tres remapped: res://data/items/swaejagap.tres
Completed load for: 'res://data/items/swaejagap.tres' remapped 'res://data/items/swaejagap.tres' at thread -1
Loading resource: res://data/items/yagwangju.tres remapped: res://data/items/yagwangju.tres
Completed load for: 'res://data/items/yagwangju.tres' remapped 'res://data/items/yagwangju.tres' at thread -1
Loading resource: res://data/items/yundo.tres remapped: res://data/items/yundo.tres
Loading resource: res://assets/sprites/ui/icons_a/items/yundo.png remapped: res://assets/sprites/ui/icons_a/items/yundo.png
Loading resource: res://.godot/imported/yundo.png-b82dbdc9a4b48b169dc6303567734d29.ctex remapped: res://.godot/imported/yundo.png-b82dbdc9a4b48b169dc6303567734d29.ctex
Completed load for: 'res://assets/sprites/ui/icons_a/items/yundo.png' remapped 'res://assets/sprites/ui/icons_a/items/yundo.png' at thread -1
Completed load for: 'res://data/items/yundo.tres' remapped 'res://data/items/yundo.tres' at thread -1
Loading resource: res://data/items/bulgasari_scale.tres remapped: res://data/items/bulgasari_scale.tres
Loading resource: res://assets/sprites/ui/icons_a/items/bulgasari_scale.png remapped: res://assets/sprites/ui/icons_a/items/bulgasari_scale.png
Loading resource: res://.godot/imported/bulgasari_scale.png-11e03c54dbbf162384f1a6954d18657f.ctex remapped: res://.godot/imported/bulgasari_scale.png-11e03c54dbbf162384f1a6954d18657f.ctex
Completed load for: 'res://assets/sprites/ui/icons_a/items/bulgasari_scale.png' remapped 'res://assets/sprites/ui/icons_a/items/bulgasari_scale.png' at thread -1
Completed load for: 'res://data/items/bulgasari_scale.tres' remapped 'res://data/items/bulgasari_scale.tres' at thread -1
Loading resource: res://data/items/goehwangji.tres remapped: res://data/items/goehwangji.tres
Loading resource: res://assets/sprites/ui/icons_a/items/goehwangji.png remapped: res://assets/sprites/ui/icons_a/items/goehwangji.png
Loading resource: res://.godot/imported/goehwangji.png-0113f1f96eaa2ca52f622197c782abbf.ctex remapped: res://.godot/imported/goehwangji.png-0113f1f96eaa2ca52f622197c782abbf.ctex
Completed load for: 'res://assets/sprites/ui/icons_a/items/goehwangji.png' remapped 'res://assets/sprites/ui/icons_a/items/goehwangji.png' at thread -1
Completed load for: 'res://data/items/goehwangji.tres' remapped 'res://data/items/goehwangji.tres' at thread -1
Loading resource: res://data/items/gumiho_tail.tres remapped: res://data/items/gumiho_tail.tres
Loading resource: res://assets/sprites/ui/icons_a/items/gumiho_tail.png remapped: res://assets/sprites/ui/icons_a/items/gumiho_tail.png
Loading resource: res://.godot/imported/gumiho_tail.png-1b2e0c7abf41f55879c75fb9ed421788.ctex remapped: res://.godot/imported/gumiho_tail.png-1b2e0c7abf41f55879c75fb9ed421788.ctex
Completed load for: 'res://assets/sprites/ui/icons_a/items/gumiho_tail.png' remapped 'res://assets/sprites/ui/icons_a/items/gumiho_tail.png' at thread -1
Completed load for: 'res://data/items/gumiho_tail.tres' remapped 'res://data/items/gumiho_tail.tres' at thread -1
Loading resource: res://data/items/gyeongmyeonjusa.tres remapped: res://data/items/gyeongmyeonjusa.tres
Loading resource: res://assets/sprites/ui/icons_a/items/gyeongmyeonjusa.png remapped: res://assets/sprites/ui/icons_a/items/gyeongmyeonjusa.png
Loading resource: res://.godot/imported/gyeongmyeonjusa.png-4000073840ee069ac28d2775420c5172.ctex remapped: res://.godot/imported/gyeongmyeonjusa.png-4000073840ee069ac28d2775420c5172.ctex
Completed load for: 'res://assets/sprites/ui/icons_a/items/gyeongmyeonjusa.png' remapped 'res://assets/sprites/ui/icons_a/items/gyeongmyeonjusa.png' at thread -1
Completed load for: 'res://data/items/gyeongmyeonjusa.tres' remapped 'res://data/items/gyeongmyeonjusa.tres' at thread -1
Loading resource: res://data/items/heukrang_tooth.tres remapped: res://data/items/heukrang_tooth.tres
Loading resource: res://assets/sprites/ui/icons_a/items/heukrang_tooth.png remapped: res://assets/sprites/ui/icons_a/items/heukrang_tooth.png
Loading resource: res://.godot/imported/heukrang_tooth.png-83051dc72f02e4f2d94959e8403ef0fa.ctex remapped: res://.godot/imported/heukrang_tooth.png-83051dc72f02e4f2d94959e8403ef0fa.ctex
Completed load for: 'res://assets/sprites/ui/icons_a/items/heukrang_tooth.png' remapped 'res://assets/sprites/ui/icons_a/items/heukrang_tooth.png' at thread -1
Completed load for: 'res://data/items/heukrang_tooth.tres' remapped 'res://data/items/heukrang_tooth.tres' at thread -1
Loading resource: res://data/items/hp_potion_2.tres remapped: res://data/items/hp_potion_2.tres
Loading resource: res://assets/sprites/ui/icons_a/items/hp_potion_2.png remapped: res://assets/sprites/ui/icons_a/items/hp_potion_2.png
Loading resource: res://.godot/imported/hp_potion_2.png-b292a2199dfbbd06f2e9e33245d6a270.ctex remapped: res://.godot/imported/hp_potion_2.png-b292a2199dfbbd06f2e9e33245d6a270.ctex
Completed load for: 'res://assets/sprites/ui/icons_a/items/hp_potion_2.png' remapped 'res://assets/sprites/ui/icons_a/items/hp_potion_2.png' at thread -1
Completed load for: 'res://data/items/hp_potion_2.tres' remapped 'res://data/items/hp_potion_2.tres' at thread -1
Loading resource: res://data/items/hp_potion_3.tres remapped: res://data/items/hp_potion_3.tres
Loading resource: res://assets/sprites/ui/icons_a/items/hp_potion_3.png remapped: res://assets/sprites/ui/icons_a/items/hp_potion_3.png
Loading resource: res://.godot/imported/hp_potion_3.png-f69c5b85dbe0586a88880ec902855b96.ctex remapped: res://.godot/imported/hp_potion_3.png-f69c5b85dbe0586a88880ec902855b96.ctex
Completed load for: 'res://assets/sprites/ui/icons_a/items/hp_potion_3.png' remapped 'res://assets/sprites/ui/icons_a/items/hp_potion_3.png' at thread -1
Completed load for: 'res://data/items/hp_potion_3.tres' remapped 'res://data/items/hp_potion_3.tres' at thread -1
Loading resource: res://data/items/ident_tome.tres remapped: res://data/items/ident_tome.tres
Completed load for: 'res://data/items/ident_tome.tres' remapped 'res://data/items/ident_tome.tres' at thread -1
Loading resource: res://data/items/jangsanbeom_fur.tres remapped: res://data/items/jangsanbeom_fur.tres
Loading resource: res://assets/sprites/ui/icons_a/items/jangsanbeom_fur.png remapped: res://assets/sprites/ui/icons_a/items/jangsanbeom_fur.png
Loading resource: res://.godot/imported/jangsanbeom_fur.png-849244e7726922e56af47d5133f5a535.ctex remapped: res://.godot/imported/jangsanbeom_fur.png-849244e7726922e56af47d5133f5a535.ctex
Completed load for: 'res://assets/sprites/ui/icons_a/items/jangsanbeom_fur.png' remapped 'res://assets/sprites/ui/icons_a/items/jangsanbeom_fur.png' at thread -1
Completed load for: 'res://data/items/jangsanbeom_fur.tres' remapped 'res://data/items/jangsanbeom_fur.tres' at thread -1
Loading resource: res://data/items/mp_potion_2.tres remapped: res://data/items/mp_potion_2.tres
Loading resource: res://assets/sprites/ui/icons_a/items/mp_potion_2.png remapped: res://assets/sprites/ui/icons_a/items/mp_potion_2.png
Loading resource: res://.godot/imported/mp_potion_2.png-ff8b93e683e2a128f0c8a51afae835da.ctex remapped: res://.godot/imported/mp_potion_2.png-ff8b93e683e2a128f0c8a51afae835da.ctex
Completed load for: 'res://assets/sprites/ui/icons_a/items/mp_potion_2.png' remapped 'res://assets/sprites/ui/icons_a/items/mp_potion_2.png' at thread -1
Completed load for: 'res://data/items/mp_potion_2.tres' remapped 'res://data/items/mp_potion_2.tres' at thread -1
Loading resource: res://data/items/mp_potion_3.tres remapped: res://data/items/mp_potion_3.tres
Loading resource: res://assets/sprites/ui/icons_a/items/mp_potion_3.png remapped: res://assets/sprites/ui/icons_a/items/mp_potion_3.png
Loading resource: res://.godot/imported/mp_potion_3.png-92f96e59aa0470e0c0107d6d64658716.ctex remapped: res://.godot/imported/mp_potion_3.png-92f96e59aa0470e0c0107d6d64658716.ctex
Completed load for: 'res://assets/sprites/ui/icons_a/items/mp_potion_3.png' remapped 'res://assets/sprites/ui/icons_a/items/mp_potion_3.png' at thread -1
Completed load for: 'res://data/items/mp_potion_3.tres' remapped 'res://data/items/mp_potion_3.tres' at thread -1
Loading resource: res://data/items/portal_tome.tres remapped: res://data/items/portal_tome.tres
Completed load for: 'res://data/items/portal_tome.tres' remapped 'res://data/items/portal_tome.tres' at thread -1
Loading resource: res://data/items/rejuv.tres remapped: res://data/items/rejuv.tres
Loading resource: res://assets/sprites/ui/icons_a/items/rejuv.png remapped: res://assets/sprites/ui/icons_a/items/rejuv.png
Loading resource: res://.godot/imported/rejuv.png-9bd5b46eb1cded7491d4739795fffe5f.ctex remapped: res://.godot/imported/rejuv.png-9bd5b46eb1cded7491d4739795fffe5f.ctex
Completed load for: 'res://assets/sprites/ui/icons_a/items/rejuv.png' remapped 'res://assets/sprites/ui/icons_a/items/rejuv.png' at thread -1
Completed load for: 'res://data/items/rejuv.tres' remapped 'res://data/items/rejuv.tres' at thread -1
Loading resource: res://data/items/seal_bulgasari.tres remapped: res://data/items/seal_bulgasari.tres
Loading resource: res://assets/sprites/ui/icons_a/items/seal_bulgasari.png remapped: res://assets/sprites/ui/icons_a/items/seal_bulgasari.png
Loading resource: res://.godot/imported/seal_bulgasari.png-cc4d48b331fb0b6041250d959bc710ec.ctex remapped: res://.godot/imported/seal_bulgasari.png-cc4d48b331fb0b6041250d959bc710ec.ctex
Completed load for: 'res://assets/sprites/ui/icons_a/items/seal_bulgasari.png' remapped 'res://assets/sprites/ui/icons_a/items/seal_bulgasari.png' at thread -1
Completed load for: 'res://data/items/seal_bulgasari.tres' remapped 'res://data/items/seal_bulgasari.tres' at thread -1
Loading resource: res://data/items/seal_heukrang.tres remapped: res://data/items/seal_heukrang.tres
Loading resource: res://assets/sprites/ui/icons_a/items/seal_heukrang.png remapped: res://assets/sprites/ui/icons_a/items/seal_heukrang.png
Loading resource: res://.godot/imported/seal_heukrang.png-c706a084a723c99e20ee8e5ad9946e4b.ctex remapped: res://.godot/imported/seal_heukrang.png-c706a084a723c99e20ee8e5ad9946e4b.ctex
Completed load for: 'res://assets/sprites/ui/icons_a/items/seal_heukrang.png' remapped 'res://assets/sprites/ui/icons_a/items/seal_heukrang.png' at thread -1
Completed load for: 'res://data/items/seal_heukrang.tres' remapped 'res://data/items/seal_heukrang.tres' at thread -1
Loading resource: res://data/items/seal_jangsanbeom.tres remapped: res://data/items/seal_jangsanbeom.tres
Loading resource: res://assets/sprites/ui/icons_a/items/seal_jangsanbeom.png remapped: res://assets/sprites/ui/icons_a/items/seal_jangsanbeom.png
Loading resource: res://.godot/imported/seal_jangsanbeom.png-985e0a5bc73639ef0cfd597f4d3f5d8b.ctex remapped: res://.godot/imported/seal_jangsanbeom.png-985e0a5bc73639ef0cfd597f4d3f5d8b.ctex
Completed load for: 'res://assets/sprites/ui/icons_a/items/seal_jangsanbeom.png' remapped 'res://assets/sprites/ui/icons_a/items/seal_jangsanbeom.png' at thread -1
Completed load for: 'res://data/items/seal_jangsanbeom.tres' remapped 'res://data/items/seal_jangsanbeom.tres' at thread -1
Loading resource: res://data/items/talisman_thunder.tres remapped: res://data/items/talisman_thunder.tres
Loading resource: res://assets/sprites/ui/icons_a/items/talisman_thunder.png remapped: res://assets/sprites/ui/icons_a/items/talisman_thunder.png
Loading resource: res://.godot/imported/talisman_thunder.png-649891685f5b9cfa1432a27c448a5682.ctex remapped: res://.godot/imported/talisman_thunder.png-649891685f5b9cfa1432a27c448a5682.ctex
Completed load for: 'res://assets/sprites/ui/icons_a/items/talisman_thunder.png' remapped 'res://assets/sprites/ui/icons_a/items/talisman_thunder.png' at thread -1
Completed load for: 'res://data/items/talisman_thunder.tres' remapped 'res://data/items/talisman_thunder.tres' at thread -1
Loading resource: res://data/affixes/affix_db.tres remapped: res://data/affixes/affix_db.tres
Completed load for: 'res://data/affixes/affix_db.tres' remapped 'res://data/affixes/affix_db.tres' at thread -1
Loading resource: res://data/uniques/_index.tres remapped: res://data/uniques/_index.tres
Completed load for: 'res://data/uniques/_index.tres' remapped 'res://data/uniques/_index.tres' at thread -1
Loading resource: res://data/uniques/u_doroni.tres remapped: res://data/uniques/u_doroni.tres
Completed load for: 'res://data/uniques/u_doroni.tres' remapped 'res://data/uniques/u_doroni.tres' at thread -1
Loading resource: res://data/uniques/u_heukrang_fang.tres remapped: res://data/uniques/u_heukrang_fang.tres
Completed load for: 'res://data/uniques/u_heukrang_fang.tres' remapped 'res://data/uniques/u_heukrang_fang.tres' at thread -1
Loading resource: res://data/uniques/u_hunjang_whip.tres remapped: res://data/uniques/u_hunjang_whip.tres
Completed load for: 'res://data/uniques/u_hunjang_whip.tres' remapped 'res://data/uniques/u_hunjang_whip.tres' at thread -1
Loading resource: res://data/uniques/u_magpie_ring.tres remapped: res://data/uniques/u_magpie_ring.tres
Completed load for: 'res://data/uniques/u_magpie_ring.tres' remapped 'res://data/uniques/u_magpie_ring.tres' at thread -1
Loading resource: res://data/uniques/u_rotten_rope.tres remapped: res://data/uniques/u_rotten_rope.tres
Completed load for: 'res://data/uniques/u_rotten_rope.tres' remapped 'res://data/uniques/u_rotten_rope.tres' at thread -1
Loading resource: res://data/uniques/u_imugi_scale.tres remapped: res://data/uniques/u_imugi_scale.tres
Completed load for: 'res://data/uniques/u_imugi_scale.tres' remapped 'res://data/uniques/u_imugi_scale.tres' at thread -1
Loading resource: res://data/uniques/u_chukji_shoes.tres remapped: res://data/uniques/u_chukji_shoes.tres
Completed load for: 'res://data/uniques/u_chukji_shoes.tres' remapped 'res://data/uniques/u_chukji_shoes.tres' at thread -1
Loading resource: res://data/uniques/u_dokkaebi_fire.tres remapped: res://data/uniques/u_dokkaebi_fire.tres
Completed load for: 'res://data/uniques/u_dokkaebi_fire.tres' remapped 'res://data/uniques/u_dokkaebi_fire.tres' at thread -1
Loading resource: res://data/uniques/u_fox_bead.tres remapped: res://data/uniques/u_fox_bead.tres
Completed load for: 'res://data/uniques/u_fox_bead.tres' remapped 'res://data/uniques/u_fox_bead.tres' at thread -1
Loading resource: res://data/uniques/u_heungbu_seed.tres remapped: res://data/uniques/u_heungbu_seed.tres
Completed load for: 'res://data/uniques/u_heungbu_seed.tres' remapped 'res://data/uniques/u_heungbu_seed.tres' at thread -1
Loading resource: res://data/uniques/u_jangsanbeom_eye.tres remapped: res://data/uniques/u_jangsanbeom_eye.tres
Completed load for: 'res://data/uniques/u_jangsanbeom_eye.tres' remapped 'res://data/uniques/u_jangsanbeom_eye.tres' at thread -1
Loading resource: res://data/uniques/u_mangnani.tres remapped: res://data/uniques/u_mangnani.tres
Completed load for: 'res://data/uniques/u_mangnani.tres' remapped 'res://data/uniques/u_mangnani.tres' at thread -1
Loading resource: res://data/uniques/u_nameless_general.tres remapped: res://data/uniques/u_nameless_general.tres
Completed load for: 'res://data/uniques/u_nameless_general.tres' remapped 'res://data/uniques/u_nameless_general.tres' at thread -1
Loading resource: res://data/uniques/u_new_rope.tres remapped: res://data/uniques/u_new_rope.tres
Completed load for: 'res://data/uniques/u_new_rope.tres' remapped 'res://data/uniques/u_new_rope.tres' at thread -1
Loading resource: res://data/uniques/u_sain_sword.tres remapped: res://data/uniques/u_sain_sword.tres
Completed load for: 'res://data/uniques/u_sain_sword.tres' remapped 'res://data/uniques/u_sain_sword.tres' at thread -1
Loading resource: res://data/uniques/u_seonnyeo_robe.tres remapped: res://data/uniques/u_seonnyeo_robe.tres
Completed load for: 'res://data/uniques/u_seonnyeo_robe.tres' remapped 'res://data/uniques/u_seonnyeo_robe.tres' at thread -1
Loading resource: res://data/uniques/u_soe_eater.tres remapped: res://data/uniques/u_soe_eater.tres
Completed load for: 'res://data/uniques/u_soe_eater.tres' remapped 'res://data/uniques/u_soe_eater.tres' at thread -1
Loading resource: res://data/uniques/u_yonggung_ring.tres remapped: res://data/uniques/u_yonggung_ring.tres
Completed load for: 'res://data/uniques/u_yonggung_ring.tres' remapped 'res://data/uniques/u_yonggung_ring.tres' at thread -1
Loading resource: res://data/sets/_index.tres remapped: res://data/sets/_index.tres
Completed load for: 'res://data/sets/_index.tres' remapped 'res://data/sets/_index.tres' at thread -1
Loading resource: res://data/sets/set_ojakgyo.tres remapped: res://data/sets/set_ojakgyo.tres
Completed load for: 'res://data/sets/set_ojakgyo.tres' remapped 'res://data/sets/set_ojakgyo.tres' at thread -1
Loading resource: res://data/sets/set_dosa.tres remapped: res://data/sets/set_dosa.tres
Completed load for: 'res://data/sets/set_dosa.tres' remapped 'res://data/sets/set_dosa.tres' at thread -1
Loading resource: res://data/sets/set_mugwan.tres remapped: res://data/sets/set_mugwan.tres
Completed load for: 'res://data/sets/set_mugwan.tres' remapped 'res://data/sets/set_mugwan.tres' at thread -1
Loading resource: res://data/sets/set_chilseong.tres remapped: res://data/sets/set_chilseong.tres
Completed load for: 'res://data/sets/set_chilseong.tres' remapped 'res://data/sets/set_chilseong.tres' at thread -1
[DevMode] ON
[godot_ai game_helper] registered mcp capture (debugger active=false, logger=true)
Loading resource: res://world/dungeon_level.gd remapped: res://world/dungeon_level.gd
Loading resource: res://actors/enemy.tscn remapped: res://actors/enemy.tscn
Completed load for: 'res://actors/enemy.tscn' remapped 'res://actors/enemy.tscn' at thread -1
Loading resource: res://world/waypoint.tscn remapped: res://world/waypoint.tscn
Loading resource: res://world/waypoint.gd remapped: res://world/waypoint.gd
Completed load for: 'res://world/waypoint.gd' remapped 'res://world/waypoint.gd' at thread -1
Completed load for: 'res://world/waypoint.tscn' remapped 'res://world/waypoint.tscn' at thread -1
Loading resource: res://actors/boss.tscn remapped: res://actors/boss.tscn
Loading resource: res://actors/boss.gd remapped: res://actors/boss.gd
Loading resource: res://data/enemies/bat.tres remapped: res://data/enemies/bat.tres
Loading resource: res://data/models/bat.tres remapped: res://data/models/bat.tres
Completed load for: 'res://data/models/bat.tres' remapped 'res://data/models/bat.tres' at thread -1
Completed load for: 'res://data/enemies/bat.tres' remapped 'res://data/enemies/bat.tres' at thread -1
Completed load for: 'res://actors/boss.gd' remapped 'res://actors/boss.gd' at thread -1
Completed load for: 'res://actors/boss.tscn' remapped 'res://actors/boss.tscn' at thread -1
Loading resource: res://world/stairs.tscn remapped: res://world/stairs.tscn
Loading resource: res://world/stairs.gd remapped: res://world/stairs.gd
Completed load for: 'res://world/stairs.gd' remapped 'res://world/stairs.gd' at thread -1
Completed load for: 'res://world/stairs.tscn' remapped 'res://world/stairs.tscn' at thread -1
Loading resource: res://world/shaders/wall_cutaway.gdshader remapped: res://world/shaders/wall_cutaway.gdshader
Completed load for: 'res://world/shaders/wall_cutaway.gdshader' remapped 'res://world/shaders/wall_cutaway.gdshader' at thread -1
Completed load for: 'res://world/dungeon_level.gd' remapped 'res://world/dungeon_level.gd' at thread -1
Loading resource: res://tests/e2e/scenarios/balance_boss.gd remapped: res://tests/e2e/scenarios/balance_boss.gd
Completed load for: 'res://tests/e2e/scenarios/balance_boss.gd' remapped 'res://tests/e2e/scenarios/balance_boss.gd' at thread -1
Loading resource: res://actors/player.tscn remapped: res://actors/player.tscn
Loading resource: res://actors/player.gd remapped: res://actors/player.gd
Completed load for: 'res://actors/player.gd' remapped 'res://actors/player.gd' at thread -1
Loading resource: res://data/models/doho.tres remapped: res://data/models/doho.tres
Completed load for: 'res://data/models/doho.tres' remapped 'res://data/models/doho.tres' at thread -1
Completed load for: 'res://actors/player.tscn' remapped 'res://actors/player.tscn' at thread -1
Loading resource: res://assets/models/doho/doho.glb remapped: res://assets/models/doho/doho.glb
Loading resource: res://.godot/imported/doho.glb-902122359665e0b85c86deef397adff7.scn remapped: res://.godot/imported/doho.glb-902122359665e0b85c86deef397adff7.scn
Loading resource: res://assets/models/doho/doho_OriginalTripoPBR_Restored_albedo.jpg remapped: res://assets/models/doho/doho_OriginalTripoPBR_Restored_albedo.jpg
Loading resource: res://.godot/imported/doho_OriginalTripoPBR_Restored_albedo.jpg-894a7febb720a8ccc481744f4082820d.ctex remapped: res://.godot/imported/doho_OriginalTripoPBR_Restored_albedo.jpg-894a7febb720a8ccc481744f4082820d.ctex
Completed load for: 'res://assets/models/doho/doho_OriginalTripoPBR_Restored_albedo.jpg' remapped 'res://assets/models/doho/doho_OriginalTripoPBR_Restored_albedo.jpg' at thread -1
Loading resource: res://assets/models/doho/doho_OriginalTripoPBR_Restored_orm.jpg remapped: res://assets/models/doho/doho_OriginalTripoPBR_Restored_orm.jpg
Loading resource: res://.godot/imported/doho_OriginalTripoPBR_Restored_orm.jpg-02213a3447c130b8b6369443f977fa53.s3tc.ctex remapped: res://.godot/imported/doho_OriginalTripoPBR_Restored_orm.jpg-02213a3447c130b8b6369443f977fa53.s3tc.ctex
Completed load for: 'res://assets/models/doho/doho_OriginalTripoPBR_Restored_orm.jpg' remapped 'res://assets/models/doho/doho_OriginalTripoPBR_Restored_orm.jpg' at thread -1
Loading resource: res://assets/models/doho/doho_OriginalTripoPBR_Restored_normal.jpg remapped: res://assets/models/doho/doho_OriginalTripoPBR_Restored_normal.jpg
Loading resource: res://.godot/imported/doho_OriginalTripoPBR_Restored_normal.jpg-414f91c410b2f2f86d37a0661e70057b.ctex remapped: res://.godot/imported/doho_OriginalTripoPBR_Restored_normal.jpg-414f91c410b2f2f86d37a0661e70057b.ctex
Completed load for: 'res://assets/models/doho/doho_OriginalTripoPBR_Restored_normal.jpg' remapped 'res://assets/models/doho/doho_OriginalTripoPBR_Restored_normal.jpg' at thread -1
Completed load for: 'res://assets/models/doho/doho.glb' remapped 'res://assets/models/doho/doho.glb' at thread -1
Loading resource: res://assets/models/weapons/doho_sword_held.glb remapped: res://assets/models/weapons/doho_sword_held.glb
Loading resource: res://.godot/imported/doho_sword_held.glb-b7123cb968b13e774d3f98a38fceae94.scn remapped: res://.godot/imported/doho_sword_held.glb-b7123cb968b13e774d3f98a38fceae94.scn
Completed load for: 'res://assets/models/weapons/doho_sword_held.glb' remapped 'res://assets/models/weapons/doho_sword_held.glb' at thread -1
Loading resource: res://assets/models/weapons/doho_sheath.glb remapped: res://assets/models/weapons/doho_sheath.glb
Loading resource: res://.godot/imported/doho_sheath.glb-533a694bd5cf0105f58719019cdd1e72.scn remapped: res://.godot/imported/doho_sheath.glb-533a694bd5cf0105f58719019cdd1e72.scn
Completed load for: 'res://assets/models/weapons/doho_sheath.glb' remapped 'res://assets/models/weapons/doho_sheath.glb' at thread -1
Loading resource: res://assets/models/weapons/doho_sword_held.glb remapped: res://assets/models/weapons/doho_sword_held.glb
Loading resource: res://.godot/imported/doho_sword_held.glb-b7123cb968b13e774d3f98a38fceae94.scn remapped: res://.godot/imported/doho_sword_held.glb-b7123cb968b13e774d3f98a38fceae94.scn
Completed load for: 'res://assets/models/weapons/doho_sword_held.glb' remapped 'res://assets/models/weapons/doho_sword_held.glb' at thread -1
Loading resource: res://assets/models/weapons/doho_cast_hand.glb remapped: res://assets/models/weapons/doho_cast_hand.glb
Loading resource: res://.godot/imported/doho_cast_hand.glb-6dcf132770a29e55b3bdbcb9f9f9e855.scn remapped: res://.godot/imported/doho_cast_hand.glb-6dcf132770a29e55b3bdbcb9f9f9e855.scn
Completed load for: 'res://assets/models/weapons/doho_cast_hand.glb' remapped 'res://assets/models/weapons/doho_cast_hand.glb' at thread -1
Loading resource: res://data/areas/heukrang_gul.tres remapped: res://data/areas/heukrang_gul.tres
Loading resource: res://world/dungeon_level.tscn remapped: res://world/dungeon_level.tscn
Loading resource: res://data/models/tilekit_stone.tres remapped: res://data/models/tilekit_stone.tres
Completed load for: 'res://data/models/tilekit_stone.tres' remapped 'res://data/models/tilekit_stone.tres' at thread -1
Completed load for: 'res://world/dungeon_level.tscn' remapped 'res://world/dungeon_level.tscn' at thread -1
Loading resource: res://data/dungeons/heukrang_gul.tres remapped: res://data/dungeons/heukrang_gul.tres
Loading resource: res://data/enemies/bandit.tres remapped: res://data/enemies/bandit.tres
Loading resource: res://data/models/bandit_v2.tres remapped: res://data/models/bandit_v2.tres
Completed load for: 'res://data/models/bandit_v2.tres' remapped 'res://data/models/bandit_v2.tres' at thread -1
Loading resource: res://data/models/bandit_v2_dagger.tres remapped: res://data/models/bandit_v2_dagger.tres
Completed load for: 'res://data/models/bandit_v2_dagger.tres' remapped 'res://data/models/bandit_v2_dagger.tres' at thread -1
Completed load for: 'res://data/enemies/bandit.tres' remapped 'res://data/enemies/bandit.tres' at thread -1
Loading resource: res://data/enemies/talisman_master.tres remapped: res://data/enemies/talisman_master.tres
Loading resource: res://data/models/talisman_master_v2.tres remapped: res://data/models/talisman_master_v2.tres
Completed load for: 'res://data/models/talisman_master_v2.tres' remapped 'res://data/models/talisman_master_v2.tres' at thread -1
Completed load for: 'res://data/enemies/talisman_master.tres' remapped 'res://data/enemies/talisman_master.tres' at thread -1
Loading resource: res://data/enemies/boss_heukrang.tres remapped: res://data/enemies/boss_heukrang.tres
Loading resource: res://data/models/boss_heukrang.tres remapped: res://data/models/boss_heukrang.tres
Completed load for: 'res://data/models/boss_heukrang.tres' remapped 'res://data/models/boss_heukrang.tres' at thread -1
Completed load for: 'res://data/enemies/boss_heukrang.tres' remapped 'res://data/enemies/boss_heukrang.tres' at thread -1
Completed load for: 'res://data/dungeons/heukrang_gul.tres' remapped 'res://data/dungeons/heukrang_gul.tres' at thread -1
Completed load for: 'res://data/areas/heukrang_gul.tres' remapped 'res://data/areas/heukrang_gul.tres' at thread -1
Loading resource: res://assets/models/tilekit_stone/floor.glb remapped: res://assets/models/tilekit_stone/floor.glb
Loading resource: res://.godot/imported/floor.glb-f293aced19c5b89c69808b8bfc17b417.scn remapped: res://.godot/imported/floor.glb-f293aced19c5b89c69808b8bfc17b417.scn
Loading resource: res://assets/models/tilekit_stone/floor_floor_tex_raw.png remapped: res://assets/models/tilekit_stone/floor_floor_tex_raw.png
Loading resource: res://.godot/imported/floor_floor_tex_raw.png-5c14c00c2a83d6a2e62c039f0d0b257e.s3tc.ctex remapped: res://.godot/imported/floor_floor_tex_raw.png-5c14c00c2a83d6a2e62c039f0d0b257e.s3tc.ctex
Completed load for: 'res://assets/models/tilekit_stone/floor_floor_tex_raw.png' remapped 'res://assets/models/tilekit_stone/floor_floor_tex_raw.png' at thread -1
Completed load for: 'res://assets/models/tilekit_stone/floor.glb' remapped 'res://assets/models/tilekit_stone/floor.glb' at thread -1
Loading resource: res://assets/models/tilekit_stone/wall.glb remapped: res://assets/models/tilekit_stone/wall.glb
Loading resource: res://.godot/imported/wall.glb-84a9cbfd9a28b01b7c2199940e4675de.scn remapped: res://.godot/imported/wall.glb-84a9cbfd9a28b01b7c2199940e4675de.scn
Loading resource: res://assets/models/tilekit_stone/wall_wall_tex_raw.png remapped: res://assets/models/tilekit_stone/wall_wall_tex_raw.png
Loading resource: res://.godot/imported/wall_wall_tex_raw.png-510130a6b5af195ad6fae98fea329d2d.s3tc.ctex remapped: res://.godot/imported/wall_wall_tex_raw.png-510130a6b5af195ad6fae98fea329d2d.s3tc.ctex
Completed load for: 'res://assets/models/tilekit_stone/wall_wall_tex_raw.png' remapped 'res://assets/models/tilekit_stone/wall_wall_tex_raw.png' at thread -1
Completed load for: 'res://assets/models/tilekit_stone/wall.glb' remapped 'res://assets/models/tilekit_stone/wall.glb' at thread -1
Loading resource: res://assets/models/tilekit_stone/stairs_up.glb remapped: res://assets/models/tilekit_stone/stairs_up.glb
Loading resource: res://.godot/imported/stairs_up.glb-302a3118435847b81233c52a85cdd4f0.scn remapped: res://.godot/imported/stairs_up.glb-302a3118435847b81233c52a85cdd4f0.scn
Loading resource: res://assets/models/tilekit_stone/stairs_up_0.png remapped: res://assets/models/tilekit_stone/stairs_up_0.png
Loading resource: res://.godot/imported/stairs_up_0.png-ebf6d5ae05573ef21414fcfd7903e6e5.s3tc.ctex remapped: res://.godot/imported/stairs_up_0.png-ebf6d5ae05573ef21414fcfd7903e6e5.s3tc.ctex
Completed load for: 'res://assets/models/tilekit_stone/stairs_up_0.png' remapped 'res://assets/models/tilekit_stone/stairs_up_0.png' at thread -1
Completed load for: 'res://assets/models/tilekit_stone/stairs_up.glb' remapped 'res://assets/models/tilekit_stone/stairs_up.glb' at thread -1
Loading resource: res://assets/models/props/wall_torch.glb remapped: res://assets/models/props/wall_torch.glb
Loading resource: res://.godot/imported/wall_torch.glb-d4ebebf385fa130e8254d573ca940703.scn remapped: res://.godot/imported/wall_torch.glb-d4ebebf385fa130e8254d573ca940703.scn
Loading resource: res://assets/models/props/wall_torch_Material_0_001_albedo.jpg remapped: res://assets/models/props/wall_torch_Material_0_001_albedo.jpg
Loading resource: res://.godot/imported/wall_torch_Material_0_001_albedo.jpg-0beeb468be484f7ae5f0a937843c15b2.s3tc.ctex remapped: res://.godot/imported/wall_torch_Material_0_001_albedo.jpg-0beeb468be484f7ae5f0a937843c15b2.s3tc.ctex
Completed load for: 'res://assets/models/props/wall_torch_Material_0_001_albedo.jpg' remapped 'res://assets/models/props/wall_torch_Material_0_001_albedo.jpg' at thread -1
Completed load for: 'res://assets/models/props/wall_torch.glb' remapped 'res://assets/models/props/wall_torch.glb' at thread -1
Loading resource: res://assets/vfx/torch_flame/torch_flame_meta.json remapped: res://assets/vfx/torch_flame/torch_flame_meta.json
Completed load for: 'res://assets/vfx/torch_flame/torch_flame_meta.json' remapped 'res://assets/vfx/torch_flame/torch_flame_meta.json' at thread -1
Loading resource: res://assets/vfx/torch_flame/torch_flame_sheet.png remapped: res://assets/vfx/torch_flame/torch_flame_sheet.png
Loading resource: res://.godot/imported/torch_flame_sheet.png-2f850eda4b889d47fe103a3996b399c5.ctex remapped: res://.godot/imported/torch_flame_sheet.png-2f850eda4b889d47fe103a3996b399c5.ctex
Completed load for: 'res://assets/vfx/torch_flame/torch_flame_sheet.png' remapped 'res://assets/vfx/torch_flame/torch_flame_sheet.png' at thread -1
Loading resource: res://assets/models/props/onggi_jar.glb remapped: res://assets/models/props/onggi_jar.glb
Loading resource: res://.godot/imported/onggi_jar.glb-6582bbf7601b56f67baaedf60071a68f.scn remapped: res://.godot/imported/onggi_jar.glb-6582bbf7601b56f67baaedf60071a68f.scn
Completed load for: 'res://assets/models/props/onggi_jar.glb' remapped 'res://assets/models/props/onggi_jar.glb' at thread -1
Loading resource: res://assets/models/bat/bat.glb remapped: res://assets/models/bat/bat.glb
Loading resource: res://.godot/imported/bat.glb-391f1bd0f714ca6c9bc0fa16b2e25407.scn remapped: res://.godot/imported/bat.glb-391f1bd0f714ca6c9bc0fa16b2e25407.scn
Loading resource: res://assets/models/bat/bat_0.jpg remapped: res://assets/models/bat/bat_0.jpg
Loading resource: res://.godot/imported/bat_0.jpg-8ffe1fbb0f7c61101041b4327b6fc08e.ctex remapped: res://.godot/imported/bat_0.jpg-8ffe1fbb0f7c61101041b4327b6fc08e.ctex
Completed load for: 'res://assets/models/bat/bat_0.jpg' remapped 'res://assets/models/bat/bat_0.jpg' at thread -1
Completed load for: 'res://assets/models/bat/bat.glb' remapped 'res://assets/models/bat/bat.glb' at thread -1
Loading resource: res://assets/models/bat/bat.glb remapped: res://assets/models/bat/bat.glb
Loading resource: res://.godot/imported/bat.glb-391f1bd0f714ca6c9bc0fa16b2e25407.scn remapped: res://.godot/imported/bat.glb-391f1bd0f714ca6c9bc0fa16b2e25407.scn
Completed load for: 'res://assets/models/bat/bat.glb' remapped 'res://assets/models/bat/bat.glb' at thread -1
Loading resource: res://assets/models/boss_heukrang/boss_heukrang.glb remapped: res://assets/models/boss_heukrang/boss_heukrang.glb
Loading resource: res://.godot/imported/boss_heukrang.glb-88f9aedd3b4901e27a88d18992648bce.scn remapped: res://.godot/imported/boss_heukrang.glb-88f9aedd3b4901e27a88d18992648bce.scn
Loading resource: res://assets/models/boss_heukrang/boss_heukrang_Material_001_albedo.jpg remapped: res://assets/models/boss_heukrang/boss_heukrang_Material_001_albedo.jpg
Loading resource: res://.godot/imported/boss_heukrang_Material_001_albedo.jpg-ce2874a25955651ec30a2d4923d4d9ff.ctex remapped: res://.godot/imported/boss_heukrang_Material_001_albedo.jpg-ce2874a25955651ec30a2d4923d4d9ff.ctex
Completed load for: 'res://assets/models/boss_heukrang/boss_heukrang_Material_001_albedo.jpg' remapped 'res://assets/models/boss_heukrang/boss_heukrang_Material_001_albedo.jpg' at thread -1
Completed load for: 'res://assets/models/boss_heukrang/boss_heukrang.glb' remapped 'res://assets/models/boss_heukrang/boss_heukrang.glb' at thread -1
[Dungeon] heukrang_gul 2층 lv=3 seed=2841676711 preset 28x28 rooms=2 up=(22, 23) down=(-1, -1) enemies=2 roster=bat elites=[] named=-
Loading resource: res://assets/audio/sfx/combat/boss_roar_1.wav remapped: res://assets/audio/sfx/combat/boss_roar_1.wav
Loading resource: res://.godot/imported/boss_roar_1.wav-d513a1c84eb0d88b0d379d8ee48336e0.sample remapped: res://.godot/imported/boss_roar_1.wav-d513a1c84eb0d88b0d379d8ee48336e0.sample
Completed load for: 'res://assets/audio/sfx/combat/boss_roar_1.wav' remapped 'res://assets/audio/sfx/combat/boss_roar_1.wav' at thread -1
Loading resource: res://assets/vfx/boss_roar/boss_roar_meta.json remapped: res://assets/vfx/boss_roar/boss_roar_meta.json
Completed load for: 'res://assets/vfx/boss_roar/boss_roar_meta.json' remapped 'res://assets/vfx/boss_roar/boss_roar_meta.json' at thread -1
Loading resource: res://assets/vfx/boss_roar/boss_roar_sheet.png remapped: res://assets/vfx/boss_roar/boss_roar_sheet.png
Loading resource: res://.godot/imported/boss_roar_sheet.png-53e533ccd609b143e29717e89bdbd886.ctex remapped: res://.godot/imported/boss_roar_sheet.png-53e533ccd609b143e29717e89bdbd886.ctex
Completed load for: 'res://assets/vfx/boss_roar/boss_roar_sheet.png' remapped 'res://assets/vfx/boss_roar/boss_roar_sheet.png' at thread -1
Loading resource: res://assets/models/bat/bat.glb remapped: res://assets/models/bat/bat.glb
Loading resource: res://.godot/imported/bat.glb-391f1bd0f714ca6c9bc0fa16b2e25407.scn remapped: res://.godot/imported/bat.glb-391f1bd0f714ca6c9bc0fa16b2e25407.scn
Completed load for: 'res://assets/models/bat/bat.glb' remapped 'res://assets/models/bat/bat.glb' at thread -1
Loading resource: res://assets/models/bat/bat.glb remapped: res://assets/models/bat/bat.glb
Loading resource: res://.godot/imported/bat.glb-391f1bd0f714ca6c9bc0fa16b2e25407.scn remapped: res://.godot/imported/bat.glb-391f1bd0f714ca6c9bc0fa16b2e25407.scn
Completed load for: 'res://assets/models/bat/bat.glb' remapped 'res://assets/models/bat/bat.glb' at thread -1
Loading resource: res://assets/audio/sfx/combat/hit_1.wav remapped: res://assets/audio/sfx/combat/hit_1.wav
Loading resource: res://.godot/imported/hit_1.wav-45cf3f3eb65d7781b63b784fe71c6166.sample remapped: res://.godot/imported/hit_1.wav-45cf3f3eb65d7781b63b784fe71c6166.sample
Completed load for: 'res://assets/audio/sfx/combat/hit_1.wav' remapped 'res://assets/audio/sfx/combat/hit_1.wav' at thread -1
Loading resource: res://assets/audio/sfx/combat/enemy_hurt_2.wav remapped: res://assets/audio/sfx/combat/enemy_hurt_2.wav
Loading resource: res://.godot/imported/enemy_hurt_2.wav-8d23a32089a6658195f4fb607bb29b06.sample remapped: res://.godot/imported/enemy_hurt_2.wav-8d23a32089a6658195f4fb607bb29b06.sample
Completed load for: 'res://assets/audio/sfx/combat/enemy_hurt_2.wav' remapped 'res://assets/audio/sfx/combat/enemy_hurt_2.wav' at thread -1
Loading resource: res://assets/vfx/hit/hit_meta.json remapped: res://assets/vfx/hit/hit_meta.json
Completed load for: 'res://assets/vfx/hit/hit_meta.json' remapped 'res://assets/vfx/hit/hit_meta.json' at thread -1
Loading resource: res://assets/vfx/hit/hit_sheet.png remapped: res://assets/vfx/hit/hit_sheet.png
Loading resource: res://.godot/imported/hit_sheet.png-d690a8647f1441bbf9c814b9450bc401.ctex remapped: res://.godot/imported/hit_sheet.png-d690a8647f1441bbf9c814b9450bc401.ctex
Completed load for: 'res://assets/vfx/hit/hit_sheet.png' remapped 'res://assets/vfx/hit/hit_sheet.png' at thread -1
Loading resource: res://assets/audio/sfx/combat/player_hurt_1.wav remapped: res://assets/audio/sfx/combat/player_hurt_1.wav
Loading resource: res://.godot/imported/player_hurt_1.wav-2505e0a37cf9b2a946282f63b463cf38.sample remapped: res://.godot/imported/player_hurt_1.wav-2505e0a37cf9b2a946282f63b463cf38.sample
Completed load for: 'res://assets/audio/sfx/combat/player_hurt_1.wav' remapped 'res://assets/audio/sfx/combat/player_hurt_1.wav' at thread -1
Loading resource: res://assets/audio/sfx/combat/doho_hurt_2.wav remapped: res://assets/audio/sfx/combat/doho_hurt_2.wav
Loading resource: res://.godot/imported/doho_hurt_2.wav-120cffcd15130ec044c5b2f447c2113a.sample remapped: res://.godot/imported/doho_hurt_2.wav-120cffcd15130ec044c5b2f447c2113a.sample
Completed load for: 'res://assets/audio/sfx/combat/doho_hurt_2.wav' remapped 'res://assets/audio/sfx/combat/doho_hurt_2.wav' at thread -1
Loading resource: res://assets/audio/sfx/combat/player_hurt_3.wav remapped: res://assets/audio/sfx/combat/player_hurt_3.wav
Loading resource: res://.godot/imported/player_hurt_3.wav-1c6868087c2cf79ac5d30bd6e9e81951.sample remapped: res://.godot/imported/player_hurt_3.wav-1c6868087c2cf79ac5d30bd6e9e81951.sample
Completed load for: 'res://assets/audio/sfx/combat/player_hurt_3.wav' remapped 'res://assets/audio/sfx/combat/player_hurt_3.wav' at thread -1
Loading resource: res://assets/audio/sfx/combat/doho_hurt_1.wav remapped: res://assets/audio/sfx/combat/doho_hurt_1.wav
Loading resource: res://.godot/imported/doho_hurt_1.wav-bc1074d84bd97e810e70e32720c14484.sample remapped: res://.godot/imported/doho_hurt_1.wav-bc1074d84bd97e810e70e32720c14484.sample
Completed load for: 'res://assets/audio/sfx/combat/doho_hurt_1.wav' remapped 'res://assets/audio/sfx/combat/doho_hurt_1.wav' at thread -1
Loading resource: res://assets/audio/sfx/combat/hit_2.wav remapped: res://assets/audio/sfx/combat/hit_2.wav
Loading resource: res://.godot/imported/hit_2.wav-5e431681d3388ec1b90858e54b7aadf0.sample remapped: res://.godot/imported/hit_2.wav-5e431681d3388ec1b90858e54b7aadf0.sample
Completed load for: 'res://assets/audio/sfx/combat/hit_2.wav' remapped 'res://assets/audio/sfx/combat/hit_2.wav' at thread -1
Loading resource: res://assets/audio/sfx/combat/enemy_hurt_1.wav remapped: res://assets/audio/sfx/combat/enemy_hurt_1.wav
Loading resource: res://.godot/imported/enemy_hurt_1.wav-46057ac030dc1f6057d26e1d3231b8ab.sample remapped: res://.godot/imported/enemy_hurt_1.wav-46057ac030dc1f6057d26e1d3231b8ab.sample
Completed load for: 'res://assets/audio/sfx/combat/enemy_hurt_1.wav' remapped 'res://assets/audio/sfx/combat/enemy_hurt_1.wav' at thread -1
Loading resource: res://assets/audio/sfx/combat/hit_3.wav remapped: res://assets/audio/sfx/combat/hit_3.wav
Loading resource: res://.godot/imported/hit_3.wav-ac7d64f6bd7bbb64bdbbcfb63cab5bee.sample remapped: res://.godot/imported/hit_3.wav-ac7d64f6bd7bbb64bdbbcfb63cab5bee.sample
Completed load for: 'res://assets/audio/sfx/combat/hit_3.wav' remapped 'res://assets/audio/sfx/combat/hit_3.wav' at thread -1
Loading resource: res://assets/audio/sfx/combat/whiff_1.wav remapped: res://assets/audio/sfx/combat/whiff_1.wav
Loading resource: res://.godot/imported/whiff_1.wav-ca5f540308ccf935b5d60399a59e41ba.sample remapped: res://.godot/imported/whiff_1.wav-ca5f540308ccf935b5d60399a59e41ba.sample
Completed load for: 'res://assets/audio/sfx/combat/whiff_1.wav' remapped 'res://assets/audio/sfx/combat/whiff_1.wav' at thread -1
Loading resource: res://assets/audio/sfx/combat/whiff_2.wav remapped: res://assets/audio/sfx/combat/whiff_2.wav
Loading resource: res://.godot/imported/whiff_2.wav-bebfaf3c43ee7f51cb7d12b0617014a8.sample remapped: res://.godot/imported/whiff_2.wav-bebfaf3c43ee7f51cb7d12b0617014a8.sample
Completed load for: 'res://assets/audio/sfx/combat/whiff_2.wav' remapped 'res://assets/audio/sfx/combat/whiff_2.wav' at thread -1
BALANCE_TRACE_FILE {"attempt":1,"events":217,"level":3,"observe_usec":"8317","path":"C:/Users/FORYOUCOM/AppData/Roaming/Godot/app_userdata/Joseon Hunters/wt/codex-558-combat-clock-trace/balance_trace_unit_28428_2089407/trace_28428_Lv3_attempt1.json","pid":28428,"reason":"actual_attack_unit","saved":true,"serialization_usec":"6038"}
Loading resource: res://assets/models/bat/bat.glb remapped: res://assets/models/bat/bat.glb
Loading resource: res://.godot/imported/bat.glb-391f1bd0f714ca6c9bc0fa16b2e25407.scn remapped: res://.godot/imported/bat.glb-391f1bd0f714ca6c9bc0fa16b2e25407.scn
Completed load for: 'res://assets/models/bat/bat.glb' remapped 'res://assets/models/bat/bat.glb' at thread -1
Loading resource: res://assets/models/tilekit_stone/floor.glb remapped: res://assets/models/tilekit_stone/floor.glb
Loading resource: res://.godot/imported/floor.glb-f293aced19c5b89c69808b8bfc17b417.scn remapped: res://.godot/imported/floor.glb-f293aced19c5b89c69808b8bfc17b417.scn
Loading resource: res://assets/models/tilekit_stone/floor_floor_tex_raw.png remapped: res://assets/models/tilekit_stone/floor_floor_tex_raw.png
Loading resource: res://.godot/imported/floor_floor_tex_raw.png-5c14c00c2a83d6a2e62c039f0d0b257e.s3tc.ctex remapped: res://.godot/imported/floor_floor_tex_raw.png-5c14c00c2a83d6a2e62c039f0d0b257e.s3tc.ctex
Completed load for: 'res://assets/models/tilekit_stone/floor_floor_tex_raw.png' remapped 'res://assets/models/tilekit_stone/floor_floor_tex_raw.png' at thread -1
Completed load for: 'res://assets/models/tilekit_stone/floor.glb' remapped 'res://assets/models/tilekit_stone/floor.glb' at thread -1
Loading resource: res://assets/models/tilekit_stone/wall.glb remapped: res://assets/models/tilekit_stone/wall.glb
Loading resource: res://.godot/imported/wall.glb-84a9cbfd9a28b01b7c2199940e4675de.scn remapped: res://.godot/imported/wall.glb-84a9cbfd9a28b01b7c2199940e4675de.scn
Loading resource: res://assets/models/tilekit_stone/wall_wall_tex_raw.png remapped: res://assets/models/tilekit_stone/wall_wall_tex_raw.png
Loading resource: res://.godot/imported/wall_wall_tex_raw.png-510130a6b5af195ad6fae98fea329d2d.s3tc.ctex remapped: res://.godot/imported/wall_wall_tex_raw.png-510130a6b5af195ad6fae98fea329d2d.s3tc.ctex
Completed load for: 'res://assets/models/tilekit_stone/wall_wall_tex_raw.png' remapped 'res://assets/models/tilekit_stone/wall_wall_tex_raw.png' at thread -1
Completed load for: 'res://assets/models/tilekit_stone/wall.glb' remapped 'res://assets/models/tilekit_stone/wall.glb' at thread -1
Loading resource: res://assets/models/tilekit_stone/stairs_up.glb remapped: res://assets/models/tilekit_stone/stairs_up.glb
Loading resource: res://.godot/imported/stairs_up.glb-302a3118435847b81233c52a85cdd4f0.scn remapped: res://.godot/imported/stairs_up.glb-302a3118435847b81233c52a85cdd4f0.scn
Loading resource: res://assets/models/tilekit_stone/stairs_up_0.png remapped: res://assets/models/tilekit_stone/stairs_up_0.png
Loading resource: res://.godot/imported/stairs_up_0.png-ebf6d5ae05573ef21414fcfd7903e6e5.s3tc.ctex remapped: res://.godot/imported/stairs_up_0.png-ebf6d5ae05573ef21414fcfd7903e6e5.s3tc.ctex
Completed load for: 'res://assets/models/tilekit_stone/stairs_up_0.png' remapped 'res://assets/models/tilekit_stone/stairs_up_0.png' at thread -1
Completed load for: 'res://assets/models/tilekit_stone/stairs_up.glb' remapped 'res://assets/models/tilekit_stone/stairs_up.glb' at thread -1
Loading resource: res://assets/models/bat/bat.glb remapped: res://assets/models/bat/bat.glb
Loading resource: res://.godot/imported/bat.glb-391f1bd0f714ca6c9bc0fa16b2e25407.scn remapped: res://.godot/imported/bat.glb-391f1bd0f714ca6c9bc0fa16b2e25407.scn
Loading resource: res://assets/models/bat/bat_0.jpg remapped: res://assets/models/bat/bat_0.jpg
Loading resource: res://.godot/imported/bat_0.jpg-8ffe1fbb0f7c61101041b4327b6fc08e.ctex remapped: res://.godot/imported/bat_0.jpg-8ffe1fbb0f7c61101041b4327b6fc08e.ctex
Completed load for: 'res://assets/models/bat/bat_0.jpg' remapped 'res://assets/models/bat/bat_0.jpg' at thread -1
Completed load for: 'res://assets/models/bat/bat.glb' remapped 'res://assets/models/bat/bat.glb' at thread -1
Loading resource: res://assets/models/bat/bat.glb remapped: res://assets/models/bat/bat.glb
Loading resource: res://.godot/imported/bat.glb-391f1bd0f714ca6c9bc0fa16b2e25407.scn remapped: res://.godot/imported/bat.glb-391f1bd0f714ca6c9bc0fa16b2e25407.scn
Completed load for: 'res://assets/models/bat/bat.glb' remapped 'res://assets/models/bat/bat.glb' at thread -1
Loading resource: res://assets/models/boss_heukrang/boss_heukrang.glb remapped: res://assets/models/boss_heukrang/boss_heukrang.glb
Loading resource: res://.godot/imported/boss_heukrang.glb-88f9aedd3b4901e27a88d18992648bce.scn remapped: res://.godot/imported/boss_heukrang.glb-88f9aedd3b4901e27a88d18992648bce.scn
Loading resource: res://assets/models/boss_heukrang/boss_heukrang_Material_001_albedo.jpg remapped: res://assets/models/boss_heukrang/boss_heukrang_Material_001_albedo.jpg
Loading resource: res://.godot/imported/boss_heukrang_Material_001_albedo.jpg-ce2874a25955651ec30a2d4923d4d9ff.ctex remapped: res://.godot/imported/boss_heukrang_Material_001_albedo.jpg-ce2874a25955651ec30a2d4923d4d9ff.ctex
Completed load for: 'res://assets/models/boss_heukrang/boss_heukrang_Material_001_albedo.jpg' remapped 'res://assets/models/boss_heukrang/boss_heukrang_Material_001_albedo.jpg' at thread -1
Completed load for: 'res://assets/models/boss_heukrang/boss_heukrang.glb' remapped 'res://assets/models/boss_heukrang/boss_heukrang.glb' at thread -1
[Dungeon] heukrang_gul 2층 lv=3 seed=2841676711 preset 28x28 rooms=2 up=(22, 23) down=(-1, -1) enemies=2 roster=bat elites=[] named=-
Loading resource: res://assets/audio/sfx/combat/boss_roar_2.wav remapped: res://assets/audio/sfx/combat/boss_roar_2.wav
Loading resource: res://.godot/imported/boss_roar_2.wav-12210d92ab98600ff2ad61e110e05947.sample remapped: res://.godot/imported/boss_roar_2.wav-12210d92ab98600ff2ad61e110e05947.sample
Completed load for: 'res://assets/audio/sfx/combat/boss_roar_2.wav' remapped 'res://assets/audio/sfx/combat/boss_roar_2.wav' at thread -1
Loading resource: res://assets/models/bat/bat.glb remapped: res://assets/models/bat/bat.glb
Loading resource: res://.godot/imported/bat.glb-391f1bd0f714ca6c9bc0fa16b2e25407.scn remapped: res://.godot/imported/bat.glb-391f1bd0f714ca6c9bc0fa16b2e25407.scn
Completed load for: 'res://assets/models/bat/bat.glb' remapped 'res://assets/models/bat/bat.glb' at thread -1
Loading resource: res://assets/models/bat/bat.glb remapped: res://assets/models/bat/bat.glb
Loading resource: res://.godot/imported/bat.glb-391f1bd0f714ca6c9bc0fa16b2e25407.scn remapped: res://.godot/imported/bat.glb-391f1bd0f714ca6c9bc0fa16b2e25407.scn
Completed load for: 'res://assets/models/bat/bat.glb' remapped 'res://assets/models/bat/bat.glb' at thread -1
Loading resource: res://assets/models/tilekit_stone/floor.glb remapped: res://assets/models/tilekit_stone/floor.glb
Loading resource: res://.godot/imported/floor.glb-f293aced19c5b89c69808b8bfc17b417.scn remapped: res://.godot/imported/floor.glb-f293aced19c5b89c69808b8bfc17b417.scn
Loading resource: res://assets/models/tilekit_stone/floor_floor_tex_raw.png remapped: res://assets/models/tilekit_stone/floor_floor_tex_raw.png
Loading resource: res://.godot/imported/floor_floor_tex_raw.png-5c14c00c2a83d6a2e62c039f0d0b257e.s3tc.ctex remapped: res://.godot/imported/floor_floor_tex_raw.png-5c14c00c2a83d6a2e62c039f0d0b257e.s3tc.ctex
Completed load for: 'res://assets/models/tilekit_stone/floor_floor_tex_raw.png' remapped 'res://assets/models/tilekit_stone/floor_floor_tex_raw.png' at thread -1
Completed load for: 'res://assets/models/tilekit_stone/floor.glb' remapped 'res://assets/models/tilekit_stone/floor.glb' at thread -1
Loading resource: res://assets/models/tilekit_stone/wall.glb remapped: res://assets/models/tilekit_stone/wall.glb
Loading resource: res://.godot/imported/wall.glb-84a9cbfd9a28b01b7c2199940e4675de.scn remapped: res://.godot/imported/wall.glb-84a9cbfd9a28b01b7c2199940e4675de.scn
Loading resource: res://assets/models/tilekit_stone/wall_wall_tex_raw.png remapped: res://assets/models/tilekit_stone/wall_wall_tex_raw.png
Loading resource: res://.godot/imported/wall_wall_tex_raw.png-510130a6b5af195ad6fae98fea329d2d.s3tc.ctex remapped: res://.godot/imported/wall_wall_tex_raw.png-510130a6b5af195ad6fae98fea329d2d.s3tc.ctex
Completed load for: 'res://assets/models/tilekit_stone/wall_wall_tex_raw.png' remapped 'res://assets/models/tilekit_stone/wall_wall_tex_raw.png' at thread -1
Completed load for: 'res://assets/models/tilekit_stone/wall.glb' remapped 'res://assets/models/tilekit_stone/wall.glb' at thread -1
Loading resource: res://assets/models/tilekit_stone/stairs_up.glb remapped: res://assets/models/tilekit_stone/stairs_up.glb
Loading resource: res://.godot/imported/stairs_up.glb-302a3118435847b81233c52a85cdd4f0.scn remapped: res://.godot/imported/stairs_up.glb-302a3118435847b81233c52a85cdd4f0.scn
Loading resource: res://assets/models/tilekit_stone/stairs_up_0.png remapped: res://assets/models/tilekit_stone/stairs_up_0.png
Loading resource: res://.godot/imported/stairs_up_0.png-ebf6d5ae05573ef21414fcfd7903e6e5.s3tc.ctex remapped: res://.godot/imported/stairs_up_0.png-ebf6d5ae05573ef21414fcfd7903e6e5.s3tc.ctex
Completed load for: 'res://assets/models/tilekit_stone/stairs_up_0.png' remapped 'res://assets/models/tilekit_stone/stairs_up_0.png' at thread -1
Completed load for: 'res://assets/models/tilekit_stone/stairs_up.glb' remapped 'res://assets/models/tilekit_stone/stairs_up.glb' at thread -1
Loading resource: res://assets/models/bat/bat.glb remapped: res://assets/models/bat/bat.glb
Loading resource: res://.godot/imported/bat.glb-391f1bd0f714ca6c9bc0fa16b2e25407.scn remapped: res://.godot/imported/bat.glb-391f1bd0f714ca6c9bc0fa16b2e25407.scn
Loading resource: res://assets/models/bat/bat_0.jpg remapped: res://assets/models/bat/bat_0.jpg
Loading resource: res://.godot/imported/bat_0.jpg-8ffe1fbb0f7c61101041b4327b6fc08e.ctex remapped: res://.godot/imported/bat_0.jpg-8ffe1fbb0f7c61101041b4327b6fc08e.ctex
Completed load for: 'res://assets/models/bat/bat_0.jpg' remapped 'res://assets/models/bat/bat_0.jpg' at thread -1
Completed load for: 'res://assets/models/bat/bat.glb' remapped 'res://assets/models/bat/bat.glb' at thread -1
Loading resource: res://assets/models/bat/bat.glb remapped: res://assets/models/bat/bat.glb
Loading resource: res://.godot/imported/bat.glb-391f1bd0f714ca6c9bc0fa16b2e25407.scn remapped: res://.godot/imported/bat.glb-391f1bd0f714ca6c9bc0fa16b2e25407.scn
Completed load for: 'res://assets/models/bat/bat.glb' remapped 'res://assets/models/bat/bat.glb' at thread -1
Loading resource: res://assets/models/boss_heukrang/boss_heukrang.glb remapped: res://assets/models/boss_heukrang/boss_heukrang.glb
Loading resource: res://.godot/imported/boss_heukrang.glb-88f9aedd3b4901e27a88d18992648bce.scn remapped: res://.godot/imported/boss_heukrang.glb-88f9aedd3b4901e27a88d18992648bce.scn
Loading resource: res://assets/models/boss_heukrang/boss_heukrang_Material_001_albedo.jpg remapped: res://assets/models/boss_heukrang/boss_heukrang_Material_001_albedo.jpg
Loading resource: res://.godot/imported/boss_heukrang_Material_001_albedo.jpg-ce2874a25955651ec30a2d4923d4d9ff.ctex remapped: res://.godot/imported/boss_heukrang_Material_001_albedo.jpg-ce2874a25955651ec30a2d4923d4d9ff.ctex
Completed load for: 'res://assets/models/boss_heukrang/boss_heukrang_Material_001_albedo.jpg' remapped 'res://assets/models/boss_heukrang/boss_heukrang_Material_001_albedo.jpg' at thread -1
Completed load for: 'res://assets/models/boss_heukrang/boss_heukrang.glb' remapped 'res://assets/models/boss_heukrang/boss_heukrang.glb' at thread -1
[Dungeon] heukrang_gul 2층 lv=3 seed=2841676711 preset 28x28 rooms=2 up=(22, 23) down=(-1, -1) enemies=2 roster=bat elites=[] named=-
[Audio] 같은 순간 같은 큐 상한(3) 넘침 — player_hurt ×59 · hit ×19 · enemy_hurt ×19 · doho_hurt ×31 (버림 누계 128)
Loading resource: res://world/town.tscn remapped: res://world/town.tscn
Loading resource: res://world/town_ground.gd remapped: res://world/town_ground.gd
Completed load for: 'res://world/town_ground.gd' remapped 'res://world/town_ground.gd' at thread -1
Loading resource: res://world/hanok.gd remapped: res://world/hanok.gd
Completed load for: 'res://world/hanok.gd' remapped 'res://world/hanok.gd' at thread -1
Loading resource: res://world/town_dressing.gd remapped: res://world/town_dressing.gd
Completed load for: 'res://world/town_dressing.gd' remapped 'res://world/town_dressing.gd' at thread -1
Loading resource: res://world/motgol_environment.gd remapped: res://world/motgol_environment.gd
Completed load for: 'res://world/motgol_environment.gd' remapped 'res://world/motgol_environment.gd' at thread -1
Loading resource: res://assets/models/props/market_bay.glb remapped: res://assets/models/props/market_bay.glb
Loading resource: res://.godot/imported/market_bay.glb-e3a741f79ddbee35383c44bc3071c783.scn remapped: res://.godot/imported/market_bay.glb-e3a741f79ddbee35383c44bc3071c783.scn
Loading resource: res://assets/models/props/market_bay_source_wall_albedo.png remapped: res://assets/models/props/market_bay_source_wall_albedo.png
Loading resource: res://.godot/imported/market_bay_source_wall_albedo.png-f983811da23896809875d954b1f44f8b.s3tc.ctex remapped: res://.godot/imported/market_bay_source_wall_albedo.png-f983811da23896809875d954b1f44f8b.s3tc.ctex
Completed load for: 'res://assets/models/props/market_bay_source_wall_albedo.png' remapped 'res://assets/models/props/market_bay_source_wall_albedo.png' at thread -1
Loading resource: res://assets/models/props/market_bay_h1_atlas_plaster_albedo.png remapped: res://assets/models/props/market_bay_h1_atlas_plaster_albedo.png
Loading resource: res://.godot/imported/market_bay_h1_atlas_plaster_albedo.png-1cccb600763bf7af9326e8d126f8b37a.s3tc.ctex remapped: res://.godot/imported/market_bay_h1_atlas_plaster_albedo.png-1cccb600763bf7af9326e8d126f8b37a.s3tc.ctex
Completed load for: 'res://assets/models/props/market_bay_h1_atlas_plaster_albedo.png' remapped 'res://assets/models/props/market_bay_h1_atlas_plaster_albedo.png' at thread -1
Completed load for: 'res://assets/models/props/market_bay.glb' remapped 'res://assets/models/props/market_bay.glb' at thread -1
Loading resource: res://actors/npc.tscn remapped: res://actors/npc.tscn
Loading resource: res://actors/npc.gd remapped: res://actors/npc.gd
Completed load for: 'res://actors/npc.gd' remapped 'res://actors/npc.gd' at thread -1
Completed load for: 'res://actors/npc.tscn' remapped 'res://actors/npc.tscn' at thread -1
Loading resource: res://data/npcs/merchant.tres remapped: res://data/npcs/merchant.tres
Loading resource: res://data/models/merchant_v2.tres remapped: res://data/models/merchant_v2.tres
Completed load for: 'res://data/models/merchant_v2.tres' remapped 'res://data/models/merchant_v2.tres' at thread -1
Loading resource: res://data/portraits/merchant.tres remapped: res://data/portraits/merchant.tres
Completed load for: 'res://data/portraits/merchant.tres' remapped 'res://data/portraits/merchant.tres' at thread -1
Completed load for: 'res://data/npcs/merchant.tres' remapped 'res://data/npcs/merchant.tres' at thread -1
Loading resource: res://data/npcs/shaman.tres remapped: res://data/npcs/shaman.tres
Loading resource: res://data/models/shaman_v2.tres remapped: res://data/models/shaman_v2.tres
Completed load for: 'res://data/models/shaman_v2.tres' remapped 'res://data/models/shaman_v2.tres' at thread -1
Loading resource: res://data/portraits/shaman.tres remapped: res://data/portraits/shaman.tres
Completed load for: 'res://data/portraits/shaman.tres' remapped 'res://data/portraits/shaman.tres' at thread -1
Completed load for: 'res://data/npcs/shaman.tres' remapped 'res://data/npcs/shaman.tres' at thread -1
Loading resource: res://data/npcs/elder.tres remapped: res://data/npcs/elder.tres
Loading resource: res://data/models/elder_v2.tres remapped: res://data/models/elder_v2.tres
Completed load for: 'res://data/models/elder_v2.tres' remapped 'res://data/models/elder_v2.tres' at thread -1
Loading resource: res://data/portraits/elder.tres remapped: res://data/portraits/elder.tres
Completed load for: 'res://data/portraits/elder.tres' remapped 'res://data/portraits/elder.tres' at thread -1
Completed load for: 'res://data/npcs/elder.tres' remapped 'res://data/npcs/elder.tres' at thread -1
Loading resource: res://world/area_exit.gd remapped: res://world/area_exit.gd
Completed load for: 'res://world/area_exit.gd' remapped 'res://world/area_exit.gd' at thread -1
Loading resource: res://data/npcs/jumo.tres remapped: res://data/npcs/jumo.tres
Loading resource: res://data/models/jumo.tres remapped: res://data/models/jumo.tres
Completed load for: 'res://data/models/jumo.tres' remapped 'res://data/models/jumo.tres' at thread -1
Loading resource: res://data/portraits/jumo.tres remapped: res://data/portraits/jumo.tres
Completed load for: 'res://data/portraits/jumo.tres' remapped 'res://data/portraits/jumo.tres' at thread -1
Completed load for: 'res://data/npcs/jumo.tres' remapped 'res://data/npcs/jumo.tres' at thread -1
Loading resource: res://world/jumo_stall.gd remapped: res://world/jumo_stall.gd
Completed load for: 'res://world/jumo_stall.gd' remapped 'res://world/jumo_stall.gd' at thread -1
Completed load for: 'res://world/town.tscn' remapped 'res://world/town.tscn' at thread -1
Loading resource: res://assets/audio/bgm/town.ogg remapped: res://assets/audio/bgm/town.ogg
Loading resource: res://.godot/imported/town.ogg-7922da912c6d04f4e562ff84e7d62ff7.oggvorbisstr remapped: res://.godot/imported/town.ogg-7922da912c6d04f4e562ff84e7d62ff7.oggvorbisstr
Completed load for: 'res://assets/audio/bgm/town.ogg' remapped 'res://assets/audio/bgm/town.ogg' at thread -1
[Audio] BGM town → town.ogg
Loading resource: res://assets/audio/amb/amb_town.ogg remapped: res://assets/audio/amb/amb_town.ogg
Loading resource: res://.godot/imported/amb_town.ogg-892cefed6da06574b90afd551e76b4c7.oggvorbisstr remapped: res://.godot/imported/amb_town.ogg-892cefed6da06574b90afd551e76b4c7.oggvorbisstr
Completed load for: 'res://assets/audio/amb/amb_town.ogg' remapped 'res://assets/audio/amb/amb_town.ogg' at thread -1
  · 흑랑 준비 key=4194343 physics=6 expected=6
  · 흑랑 준비 key=4194342 physics=5 expected=5
BALANCE_RNG_INPUT_PROBE [{ "key": 4194343, "pressed": true, "tick": 18 }, { "key": 4194343, "pressed": false, "tick": 19 }, { "key": 4194342, "pressed": true, "tick": 25 }, { "key": 4194342, "pressed": false, "tick": 26 }, { "key": 4194343, "pressed": true, "tick": 30 }, { "key": 4194343, "pressed": false, "tick": 36 }]
Loading resource: res://world/main.tscn remapped: res://world/main.tscn
Loading resource: res://world/main.gd remapped: res://world/main.gd
Loading resource: res://assets/sprites/ui/cursor/cursor_attack.png remapped: res://assets/sprites/ui/cursor/cursor_attack.png
Loading resource: res://.godot/imported/cursor_attack.png-066e036b3bfd58f8affaa4aee03a3210.ctex remapped: res://.godot/imported/cursor_attack.png-066e036b3bfd58f8affaa4aee03a3210.ctex
Completed load for: 'res://assets/sprites/ui/cursor/cursor_attack.png' remapped 'res://assets/sprites/ui/cursor/cursor_attack.png' at thread -1
Loading resource: res://assets/sprites/ui/cursor/cursor_pickup.png remapped: res://assets/sprites/ui/cursor/cursor_pickup.png
Loading resource: res://.godot/imported/cursor_pickup.png-23134f195d5b8a8c9f4dbc48e417653c.ctex remapped: res://.godot/imported/cursor_pickup.png-23134f195d5b8a8c9f4dbc48e417653c.ctex
Completed load for: 'res://assets/sprites/ui/cursor/cursor_pickup.png' remapped 'res://assets/sprites/ui/cursor/cursor_pickup.png' at thread -1
Loading resource: res://assets/sprites/ui/cursor/cursor_talk.png remapped: res://assets/sprites/ui/cursor/cursor_talk.png
Loading resource: res://.godot/imported/cursor_talk.png-78845637bc4b7ccf05866e42d6c4c8cc.ctex remapped: res://.godot/imported/cursor_talk.png-78845637bc4b7ccf05866e42d6c4c8cc.ctex
Completed load for: 'res://assets/sprites/ui/cursor/cursor_talk.png' remapped 'res://assets/sprites/ui/cursor/cursor_talk.png' at thread -1
Loading resource: res://assets/sprites/cutins/opening_motgol.png remapped: res://assets/sprites/cutins/opening_motgol.png
Loading resource: res://.godot/imported/opening_motgol.png-3a97046441335c58feea584fecbdeb7e.ctex remapped: res://.godot/imported/opening_motgol.png-3a97046441335c58feea584fecbdeb7e.ctex
Completed load for: 'res://assets/sprites/cutins/opening_motgol.png' remapped 'res://assets/sprites/cutins/opening_motgol.png' at thread -1
Loading resource: res://assets/sprites/cutins/opening_seal.png remapped: res://assets/sprites/cutins/opening_seal.png
Loading resource: res://.godot/imported/opening_seal.png-20e1506b69cf415994725088bb2e58c5.ctex remapped: res://.godot/imported/opening_seal.png-20e1506b69cf415994725088bb2e58c5.ctex
Completed load for: 'res://assets/sprites/cutins/opening_seal.png' remapped 'res://assets/sprites/cutins/opening_seal.png' at thread -1
Loading resource: res://assets/sprites/ui/title_h1_keyart.png remapped: res://assets/sprites/ui/title_h1_keyart.png
Loading resource: res://.godot/imported/title_h1_keyart.png-9ac84b2f588c73878f39f490664d53c6.ctex remapped: res://.godot/imported/title_h1_keyart.png-9ac84b2f588c73878f39f490664d53c6.ctex
Completed load for: 'res://assets/sprites/ui/title_h1_keyart.png' remapped 'res://assets/sprites/ui/title_h1_keyart.png' at thread -1
Loading resource: res://assets/sprites/cutins/boss_heukrang.png remapped: res://assets/sprites/cutins/boss_heukrang.png
Loading resource: res://.godot/imported/boss_heukrang.png-75d89e394cdaff8f7960ad401f361ae0.ctex remapped: res://.godot/imported/boss_heukrang.png-75d89e394cdaff8f7960ad401f361ae0.ctex
Completed load for: 'res://assets/sprites/cutins/boss_heukrang.png' remapped 'res://assets/sprites/cutins/boss_heukrang.png' at thread -1
Loading resource: res://assets/sprites/cutins/boss_jangsanbeom.png remapped: res://assets/sprites/cutins/boss_jangsanbeom.png
Loading resource: res://.godot/imported/boss_jangsanbeom.png-5e9314328ef6a812aeeaf3661ce432d9.ctex remapped: res://.godot/imported/boss_jangsanbeom.png-5e9314328ef6a812aeeaf3661ce432d9.ctex
Completed load for: 'res://assets/sprites/cutins/boss_jangsanbeom.png' remapped 'res://assets/sprites/cutins/boss_jangsanbeom.png' at thread -1
Loading resource: res://assets/sprites/cutins/boss_bulgasari.png remapped: res://assets/sprites/cutins/boss_bulgasari.png
Loading resource: res://.godot/imported/boss_bulgasari.png-d75c7046be5f5600b9e1dbe14f207164.ctex remapped: res://.godot/imported/boss_bulgasari.png-d75c7046be5f5600b9e1dbe14f207164.ctex
Completed load for: 'res://assets/sprites/cutins/boss_bulgasari.png' remapped 'res://assets/sprites/cutins/boss_bulgasari.png' at thread -1
Completed load for: 'res://world/main.gd' remapped 'res://world/main.gd' at thread -1
Loading resource: res://world/iso_camera.gd remapped: res://world/iso_camera.gd
Completed load for: 'res://world/iso_camera.gd' remapped 'res://world/iso_camera.gd' at thread -1
Loading resource: res://actors/player.tscn remapped: res://actors/player.tscn
Loading resource: res://data/models/doho.tres remapped: res://data/models/doho.tres
Completed load for: 'res://data/models/doho.tres' remapped 'res://data/models/doho.tres' at thread -1
Completed load for: 'res://actors/player.tscn' remapped 'res://actors/player.tscn' at thread -1
Loading resource: res://ui/inventory_ui.gd remapped: res://ui/inventory_ui.gd
Completed load for: 'res://ui/inventory_ui.gd' remapped 'res://ui/inventory_ui.gd' at thread -1
Loading resource: res://ui/character_ui.gd remapped: res://ui/character_ui.gd
Loading resource: res://assets/portraits/idle/doho_h1_idle_sheet.webp remapped: res://assets/portraits/idle/doho_h1_idle_sheet.webp
Loading resource: res://.godot/imported/doho_h1_idle_sheet.webp-569c4d7d5420ee6eb1cc8a23ac93b06d.bptc.ctex remapped: res://.godot/imported/doho_h1_idle_sheet.webp-569c4d7d5420ee6eb1cc8a23ac93b06d.bptc.ctex
Completed load for: 'res://assets/portraits/idle/doho_h1_idle_sheet.webp' remapped 'res://assets/portraits/idle/doho_h1_idle_sheet.webp' at thread -1
Completed load for: 'res://ui/character_ui.gd' remapped 'res://ui/character_ui.gd' at thread -1
Loading resource: res://ui/skill_tree_ui.gd remapped: res://ui/skill_tree_ui.gd
Completed load for: 'res://ui/skill_tree_ui.gd' remapped 'res://ui/skill_tree_ui.gd' at thread -1
Loading resource: res://ui/hud.gd remapped: res://ui/hud.gd
Loading resource: res://ui/shaders/resource_orb.gdshader remapped: res://ui/shaders/resource_orb.gdshader
Completed load for: 'res://ui/shaders/resource_orb.gdshader' remapped 'res://ui/shaders/resource_orb.gdshader' at thread -1
Completed load for: 'res://ui/hud.gd' remapped 'res://ui/hud.gd' at thread -1
Loading resource: res://ui/vendor_ui.gd remapped: res://ui/vendor_ui.gd
Completed load for: 'res://ui/vendor_ui.gd' remapped 'res://ui/vendor_ui.gd' at thread -1
Loading resource: res://ui/waypoint_ui.gd remapped: res://ui/waypoint_ui.gd
Completed load for: 'res://ui/waypoint_ui.gd' remapped 'res://ui/waypoint_ui.gd' at thread -1
Loading resource: res://ui/title_ui.gd remapped: res://ui/title_ui.gd
Loading resource: res://assets/portraits/idle/doho_h1_idle_frame0_alpha.png remapped: res://assets/portraits/idle/doho_h1_idle_frame0_alpha.png
Loading resource: res://.godot/imported/doho_h1_idle_frame0_alpha.png-bb179f03d00273c24df0aa9a35d46dee.ctex remapped: res://.godot/imported/doho_h1_idle_frame0_alpha.png-bb179f03d00273c24df0aa9a35d46dee.ctex
Completed load for: 'res://assets/portraits/idle/doho_h1_idle_frame0_alpha.png' remapped 'res://assets/portraits/idle/doho_h1_idle_frame0_alpha.png' at thread -1
Loading resource: res://assets/sprites/ui/title_545/motgol.png remapped: res://assets/sprites/ui/title_545/motgol.png
Loading resource: res://.godot/imported/motgol.png-eed0f4496e04fdc92a7d39075b6651a3.ctex remapped: res://.godot/imported/motgol.png-eed0f4496e04fdc92a7d39075b6651a3.ctex
Completed load for: 'res://assets/sprites/ui/title_545/motgol.png' remapped 'res://assets/sprites/ui/title_545/motgol.png' at thread -1
Loading resource: res://assets/sprites/ui/title_545/dungeon.png remapped: res://assets/sprites/ui/title_545/dungeon.png
Loading resource: res://.godot/imported/dungeon.png-da85029036d782a3232d94c529178e0d.ctex remapped: res://.godot/imported/dungeon.png-da85029036d782a3232d94c529178e0d.ctex
Completed load for: 'res://assets/sprites/ui/title_545/dungeon.png' remapped 'res://assets/sprites/ui/title_545/dungeon.png' at thread -1
Loading resource: res://assets/sprites/ui/title_545/logo.png remapped: res://assets/sprites/ui/title_545/logo.png
Loading resource: res://.godot/imported/logo.png-9edde905e7c3aa4d335323ae5833f36d.ctex remapped: res://.godot/imported/logo.png-9edde905e7c3aa4d335323ae5833f36d.ctex
Completed load for: 'res://assets/sprites/ui/title_545/logo.png' remapped 'res://assets/sprites/ui/title_545/logo.png' at thread -1
Completed load for: 'res://ui/title_ui.gd' remapped 'res://ui/title_ui.gd' at thread -1
Loading resource: res://ui/ui_tooltip.gd remapped: res://ui/ui_tooltip.gd
Completed load for: 'res://ui/ui_tooltip.gd' remapped 'res://ui/ui_tooltip.gd' at thread -1
Loading resource: res://ui/automap.gd remapped: res://ui/automap.gd
Completed load for: 'res://ui/automap.gd' remapped 'res://ui/automap.gd' at thread -1
Loading resource: res://ui/skill_picker_ui.gd remapped: res://ui/skill_picker_ui.gd
Completed load for: 'res://ui/skill_picker_ui.gd' remapped 'res://ui/skill_picker_ui.gd' at thread -1
Loading resource: res://ui/quest_journal_ui.gd remapped: res://ui/quest_journal_ui.gd
Loading resource: res://assets/sprites/ui/quest/heukrang.svg remapped: res://assets/sprites/ui/quest/heukrang.svg
Loading resource: res://.godot/imported/heukrang.svg-80c0b697ed11d9501fe071b34e025087.ctex remapped: res://.godot/imported/heukrang.svg-80c0b697ed11d9501fe071b34e025087.ctex
Completed load for: 'res://assets/sprites/ui/quest/heukrang.svg' remapped 'res://assets/sprites/ui/quest/heukrang.svg' at thread -1
Loading resource: res://assets/sprites/ui/quest/jangsanbeom.svg remapped: res://assets/sprites/ui/quest/jangsanbeom.svg
Loading resource: res://.godot/imported/jangsanbeom.svg-4342e304df99d0b9088885884af53d9e.ctex remapped: res://.godot/imported/jangsanbeom.svg-4342e304df99d0b9088885884af53d9e.ctex
Completed load for: 'res://assets/sprites/ui/quest/jangsanbeom.svg' remapped 'res://assets/sprites/ui/quest/jangsanbeom.svg' at thread -1
Loading resource: res://assets/sprites/ui/quest/bulgasari.svg remapped: res://assets/sprites/ui/quest/bulgasari.svg
Loading resource: res://.godot/imported/bulgasari.svg-6998eab1640003bf7b0a7d9f700e5331.ctex remapped: res://.godot/imported/bulgasari.svg-6998eab1640003bf7b0a7d9f700e5331.ctex
Completed load for: 'res://assets/sprites/ui/quest/bulgasari.svg' remapped 'res://assets/sprites/ui/quest/bulgasari.svg' at thread -1
Loading resource: res://assets/sprites/ui/quest/gumiho.svg remapped: res://assets/sprites/ui/quest/gumiho.svg
Loading resource: res://.godot/imported/gumiho.svg-c7bfbab73b879b96130c0345d4e3d7cf.ctex remapped: res://.godot/imported/gumiho.svg-c7bfbab73b879b96130c0345d4e3d7cf.ctex
Completed load for: 'res://assets/sprites/ui/quest/gumiho.svg' remapped 'res://assets/sprites/ui/quest/gumiho.svg' at thread -1
Completed load for: 'res://ui/quest_journal_ui.gd' remapped 'res://ui/quest_journal_ui.gd' at thread -1
Completed load for: 'res://world/main.tscn' remapped 'res://world/main.tscn' at thread -1
Loading resource: res://assets/models/doho/doho.glb remapped: res://assets/models/doho/doho.glb
Loading resource: res://.godot/imported/doho.glb-902122359665e0b85c86deef397adff7.scn remapped: res://.godot/imported/doho.glb-902122359665e0b85c86deef397adff7.scn
Loading resource: res://assets/models/doho/doho_OriginalTripoPBR_Restored_albedo.jpg remapped: res://assets/models/doho/doho_OriginalTripoPBR_Restored_albedo.jpg
Loading resource: res://.godot/imported/doho_OriginalTripoPBR_Restored_albedo.jpg-894a7febb720a8ccc481744f4082820d.ctex remapped: res://.godot/imported/doho_OriginalTripoPBR_Restored_albedo.jpg-894a7febb720a8ccc481744f4082820d.ctex
Completed load for: 'res://assets/models/doho/doho_OriginalTripoPBR_Restored_albedo.jpg' remapped 'res://assets/models/doho/doho_OriginalTripoPBR_Restored_albedo.jpg' at thread -1
Loading resource: res://assets/models/doho/doho_OriginalTripoPBR_Restored_orm.jpg remapped: res://assets/models/doho/doho_OriginalTripoPBR_Restored_orm.jpg
Loading resource: res://.godot/imported/doho_OriginalTripoPBR_Restored_orm.jpg-02213a3447c130b8b6369443f977fa53.s3tc.ctex remapped: res://.godot/imported/doho_OriginalTripoPBR_Restored_orm.jpg-02213a3447c130b8b6369443f977fa53.s3tc.ctex
Completed load for: 'res://assets/models/doho/doho_OriginalTripoPBR_Restored_orm.jpg' remapped 'res://assets/models/doho/doho_OriginalTripoPBR_Restored_orm.jpg' at thread -1
Loading resource: res://assets/models/doho/doho_OriginalTripoPBR_Restored_normal.jpg remapped: res://assets/models/doho/doho_OriginalTripoPBR_Restored_normal.jpg
Loading resource: res://.godot/imported/doho_OriginalTripoPBR_Restored_normal.jpg-414f91c410b2f2f86d37a0661e70057b.ctex remapped: res://.godot/imported/doho_OriginalTripoPBR_Restored_normal.jpg-414f91c410b2f2f86d37a0661e70057b.ctex
Completed load for: 'res://assets/models/doho/doho_OriginalTripoPBR_Restored_normal.jpg' remapped 'res://assets/models/doho/doho_OriginalTripoPBR_Restored_normal.jpg' at thread -1
Completed load for: 'res://assets/models/doho/doho.glb' remapped 'res://assets/models/doho/doho.glb' at thread -1
Loading resource: res://assets/models/weapons/doho_sword_held.glb remapped: res://assets/models/weapons/doho_sword_held.glb
Loading resource: res://.godot/imported/doho_sword_held.glb-b7123cb968b13e774d3f98a38fceae94.scn remapped: res://.godot/imported/doho_sword_held.glb-b7123cb968b13e774d3f98a38fceae94.scn
Completed load for: 'res://assets/models/weapons/doho_sword_held.glb' remapped 'res://assets/models/weapons/doho_sword_held.glb' at thread -1
Loading resource: res://assets/models/weapons/doho_sheath.glb remapped: res://assets/models/weapons/doho_sheath.glb
Loading resource: res://.godot/imported/doho_sheath.glb-533a694bd5cf0105f58719019cdd1e72.scn remapped: res://.godot/imported/doho_sheath.glb-533a694bd5cf0105f58719019cdd1e72.scn
Completed load for: 'res://assets/models/weapons/doho_sheath.glb' remapped 'res://assets/models/weapons/doho_sheath.glb' at thread -1
Loading resource: res://assets/models/weapons/doho_sword_held.glb remapped: res://assets/models/weapons/doho_sword_held.glb
Loading resource: res://.godot/imported/doho_sword_held.glb-b7123cb968b13e774d3f98a38fceae94.scn remapped: res://.godot/imported/doho_sword_held.glb-b7123cb968b13e774d3f98a38fceae94.scn
Completed load for: 'res://assets/models/weapons/doho_sword_held.glb' remapped 'res://assets/models/weapons/doho_sword_held.glb' at thread -1
Loading resource: res://assets/models/weapons/doho_cast_hand.glb remapped: res://assets/models/weapons/doho_cast_hand.glb
Loading resource: res://.godot/imported/doho_cast_hand.glb-6dcf132770a29e55b3bdbcb9f9f9e855.scn remapped: res://.godot/imported/doho_cast_hand.glb-6dcf132770a29e55b3bdbcb9f9f9e855.scn
Completed load for: 'res://assets/models/weapons/doho_cast_hand.glb' remapped 'res://assets/models/weapons/doho_cast_hand.glb' at thread -1
Loading resource: res://assets/fonts/gungsuh/Gungsuh-Regular.ttf remapped: res://assets/fonts/gungsuh/Gungsuh-Regular.ttf
Loading resource: res://.godot/imported/Gungsuh-Regular.ttf-43973f5dcc6b953600ca3e33f710080b.fontdata remapped: res://.godot/imported/Gungsuh-Regular.ttf-43973f5dcc6b953600ca3e33f710080b.fontdata
Completed load for: 'res://assets/fonts/gungsuh/Gungsuh-Regular.ttf' remapped 'res://assets/fonts/gungsuh/Gungsuh-Regular.ttf' at thread -1
Loading resource: res://assets/sprites/ui/skin/slot.png remapped: res://assets/sprites/ui/skin/slot.png
Loading resource: res://.godot/imported/slot.png-dfc308a3bf84ab52c0a39b64253f65f7.ctex remapped: res://.godot/imported/slot.png-dfc308a3bf84ab52c0a39b64253f65f7.ctex
Completed load for: 'res://assets/sprites/ui/skin/slot.png' remapped 'res://assets/sprites/ui/skin/slot.png' at thread -1
Joseon Hunters dev
Loading resource: res://assets/audio/sfx/ui/ui_open_1.wav remapped: res://assets/audio/sfx/ui/ui_open_1.wav
Loading resource: res://.godot/imported/ui_open_1.wav-6be949e36585d4e8fa237d3d491f40eb.sample remapped: res://.godot/imported/ui_open_1.wav-6be949e36585d4e8fa237d3d491f40eb.sample
Completed load for: 'res://assets/audio/sfx/ui/ui_open_1.wav' remapped 'res://assets/audio/sfx/ui/ui_open_1.wav' at thread -1
Loading resource: res://assets/audio/sfx/ui/ui_close_1.wav remapped: res://assets/audio/sfx/ui/ui_close_1.wav
Loading resource: res://.godot/imported/ui_close_1.wav-098eb5e0ad37e03490ee82fa72ba3e91.sample remapped: res://.godot/imported/ui_close_1.wav-098eb5e0ad37e03490ee82fa72ba3e91.sample
Completed load for: 'res://assets/audio/sfx/ui/ui_close_1.wav' remapped 'res://assets/audio/sfx/ui/ui_close_1.wav' at thread -1
Loading resource: res://data/areas/motgol.tres remapped: res://data/areas/motgol.tres
Loading resource: res://world/town.tscn remapped: res://world/town.tscn
Loading resource: res://assets/models/props/market_bay.glb remapped: res://assets/models/props/market_bay.glb
Loading resource: res://.godot/imported/market_bay.glb-e3a741f79ddbee35383c44bc3071c783.scn remapped: res://.godot/imported/market_bay.glb-e3a741f79ddbee35383c44bc3071c783.scn
Loading resource: res://assets/models/props/market_bay_source_wall_albedo.png remapped: res://assets/models/props/market_bay_source_wall_albedo.png
Loading resource: res://.godot/imported/market_bay_source_wall_albedo.png-f983811da23896809875d954b1f44f8b.s3tc.ctex remapped: res://.godot/imported/market_bay_source_wall_albedo.png-f983811da23896809875d954b1f44f8b.s3tc.ctex
Completed load for: 'res://assets/models/props/market_bay_source_wall_albedo.png' remapped 'res://assets/models/props/market_bay_source_wall_albedo.png' at thread -1
Loading resource: res://assets/models/props/market_bay_h1_atlas_plaster_albedo.png remapped: res://assets/models/props/market_bay_h1_atlas_plaster_albedo.png
Loading resource: res://.godot/imported/market_bay_h1_atlas_plaster_albedo.png-1cccb600763bf7af9326e8d126f8b37a.s3tc.ctex remapped: res://.godot/imported/market_bay_h1_atlas_plaster_albedo.png-1cccb600763bf7af9326e8d126f8b37a.s3tc.ctex
Completed load for: 'res://assets/models/props/market_bay_h1_atlas_plaster_albedo.png' remapped 'res://assets/models/props/market_bay_h1_atlas_plaster_albedo.png' at thread -1
Completed load for: 'res://assets/models/props/market_bay.glb' remapped 'res://assets/models/props/market_bay.glb' at thread -1
Loading resource: res://actors/npc.tscn remapped: res://actors/npc.tscn
Completed load for: 'res://actors/npc.tscn' remapped 'res://actors/npc.tscn' at thread -1
Loading resource: res://data/npcs/merchant.tres remapped: res://data/npcs/merchant.tres
Loading resource: res://data/models/merchant_v2.tres remapped: res://data/models/merchant_v2.tres
Completed load for: 'res://data/models/merchant_v2.tres' remapped 'res://data/models/merchant_v2.tres' at thread -1
Loading resource: res://data/portraits/merchant.tres remapped: res://data/portraits/merchant.tres
Completed load for: 'res://data/portraits/merchant.tres' remapped 'res://data/portraits/merchant.tres' at thread -1
Completed load for: 'res://data/npcs/merchant.tres' remapped 'res://data/npcs/merchant.tres' at thread -1
Loading resource: res://data/npcs/shaman.tres remapped: res://data/npcs/shaman.tres
Loading resource: res://data/models/shaman_v2.tres remapped: res://data/models/shaman_v2.tres
Completed load for: 'res://data/models/shaman_v2.tres' remapped 'res://data/models/shaman_v2.tres' at thread -1
Loading resource: res://data/portraits/shaman.tres remapped: res://data/portraits/shaman.tres
Completed load for: 'res://data/portraits/shaman.tres' remapped 'res://data/portraits/shaman.tres' at thread -1
Completed load for: 'res://data/npcs/shaman.tres' remapped 'res://data/npcs/shaman.tres' at thread -1
Loading resource: res://data/npcs/elder.tres remapped: res://data/npcs/elder.tres
Loading resource: res://data/models/elder_v2.tres remapped: res://data/models/elder_v2.tres
Completed load for: 'res://data/models/elder_v2.tres' remapped 'res://data/models/elder_v2.tres' at thread -1
Loading resource: res://data/portraits/elder.tres remapped: res://data/portraits/elder.tres
Completed load for: 'res://data/portraits/elder.tres' remapped 'res://data/portraits/elder.tres' at thread -1
Completed load for: 'res://data/npcs/elder.tres' remapped 'res://data/npcs/elder.tres' at thread -1
Loading resource: res://data/npcs/jumo.tres remapped: res://data/npcs/jumo.tres
Loading resource: res://data/models/jumo.tres remapped: res://data/models/jumo.tres
Completed load for: 'res://data/models/jumo.tres' remapped 'res://data/models/jumo.tres' at thread -1
Loading resource: res://data/portraits/jumo.tres remapped: res://data/portraits/jumo.tres
Completed load for: 'res://data/portraits/jumo.tres' remapped 'res://data/portraits/jumo.tres' at thread -1
Completed load for: 'res://data/npcs/jumo.tres' remapped 'res://data/npcs/jumo.tres' at thread -1
Completed load for: 'res://world/town.tscn' remapped 'res://world/town.tscn' at thread -1
Completed load for: 'res://data/areas/motgol.tres' remapped 'res://data/areas/motgol.tres' at thread -1
Loading resource: res://assets/textures/ground/ground_packed.png remapped: res://assets/textures/ground/ground_packed.png
Loading resource: res://.godot/imported/ground_packed.png-dba098095231d657932f9f9b8bd45355.s3tc.ctex remapped: res://.godot/imported/ground_packed.png-dba098095231d657932f9f9b8bd45355.s3tc.ctex
Completed load for: 'res://assets/textures/ground/ground_packed.png' remapped 'res://assets/textures/ground/ground_packed.png' at thread -1
Loading resource: res://assets/textures/ground/ground_road.png remapped: res://assets/textures/ground/ground_road.png
Loading resource: res://.godot/imported/ground_road.png-0fd633d02281b754953d9abd34a4d960.s3tc.ctex remapped: res://.godot/imported/ground_road.png-0fd633d02281b754953d9abd34a4d960.s3tc.ctex
Completed load for: 'res://assets/textures/ground/ground_road.png' remapped 'res://assets/textures/ground/ground_road.png' at thread -1
Loading resource: res://assets/textures/ground/ground_grass.png remapped: res://assets/textures/ground/ground_grass.png
Loading resource: res://.godot/imported/ground_grass.png-fcc23d688c5cd30f672338b0ce1e8580.s3tc.ctex remapped: res://.godot/imported/ground_grass.png-fcc23d688c5cd30f672338b0ce1e8580.s3tc.ctex
Completed load for: 'res://assets/textures/ground/ground_grass.png' remapped 'res://assets/textures/ground/ground_grass.png' at thread -1
Loading resource: res://assets/textures/ground/ground_damp.png remapped: res://assets/textures/ground/ground_damp.png
Loading resource: res://.godot/imported/ground_damp.png-7b4279d90ba6179ff320ccdfe3956ee0.s3tc.ctex remapped: res://.godot/imported/ground_damp.png-7b4279d90ba6179ff320ccdfe3956ee0.s3tc.ctex
Completed load for: 'res://assets/textures/ground/ground_damp.png' remapped 'res://assets/textures/ground/ground_damp.png' at thread -1
Loading resource: res://assets/models/tilekit_stone/stairs_down.glb remapped: res://assets/models/tilekit_stone/stairs_down.glb
Loading resource: res://.godot/imported/stairs_down.glb-345f07b8642e8fc0d2cf84f36210206b.scn remapped: res://.godot/imported/stairs_down.glb-345f07b8642e8fc0d2cf84f36210206b.scn
Loading resource: res://assets/models/tilekit_stone/stairs_down_0.png remapped: res://assets/models/tilekit_stone/stairs_down_0.png
Loading resource: res://.godot/imported/stairs_down_0.png-bf5f0835af3911b15edbe14a554e8f2d.s3tc.ctex remapped: res://.godot/imported/stairs_down_0.png-bf5f0835af3911b15edbe14a554e8f2d.s3tc.ctex
Completed load for: 'res://assets/models/tilekit_stone/stairs_down_0.png' remapped 'res://assets/models/tilekit_stone/stairs_down_0.png' at thread -1
Completed load for: 'res://assets/models/tilekit_stone/stairs_down.glb' remapped 'res://assets/models/tilekit_stone/stairs_down.glb' at thread -1
Loading resource: res://data/areas/bongmil_gul.tres remapped: res://data/areas/bongmil_gul.tres
Loading resource: res://data/dungeons/bongmil_gul.tres remapped: res://data/dungeons/bongmil_gul.tres
Loading resource: res://data/enemies/hollin_saram.tres remapped: res://data/enemies/hollin_saram.tres
Loading resource: res://data/models/plague_miner.tres remapped: res://data/models/plague_miner.tres
Completed load for: 'res://data/models/plague_miner.tres' remapped 'res://data/models/plague_miner.tres' at thread -1
Completed load for: 'res://data/enemies/hollin_saram.tres' remapped 'res://data/enemies/hollin_saram.tres' at thread -1
Loading resource: res://data/enemies/honbureum_sulsa.tres remapped: res://data/enemies/honbureum_sulsa.tres
Completed load for: 'res://data/enemies/honbureum_sulsa.tres' remapped 'res://data/enemies/honbureum_sulsa.tres' at thread -1
Loading resource: res://data/enemies/hollin_yeogung_bow2.tres remapped: res://data/enemies/hollin_yeogung_bow2.tres
Loading resource: res://data/models/hollin_yeogung.tres remapped: res://data/models/hollin_yeogung.tres
Completed load for: 'res://data/models/hollin_yeogung.tres' remapped 'res://data/models/hollin_yeogung.tres' at thread -1
Completed load for: 'res://data/enemies/hollin_yeogung_bow2.tres' remapped 'res://data/enemies/hollin_yeogung_bow2.tres' at thread -1
Loading resource: res://data/enemies/hollin_yeogung_spear.tres remapped: res://data/enemies/hollin_yeogung_spear.tres
Loading resource: res://data/models/hollin_yeogung_spear.tres remapped: res://data/models/hollin_yeogung_spear.tres
Completed load for: 'res://data/models/hollin_yeogung_spear.tres' remapped 'res://data/models/hollin_yeogung_spear.tres' at thread -1
Completed load for: 'res://data/enemies/hollin_yeogung_spear.tres' remapped 'res://data/enemies/hollin_yeogung_spear.tres' at thread -1
Loading resource: res://data/enemies/yeou.tres remapped: res://data/enemies/yeou.tres
Loading resource: res://data/models/fox.tres remapped: res://data/models/fox.tres
Completed load for: 'res://data/models/fox.tres' remapped 'res://data/models/fox.tres' at thread -1
Completed load for: 'res://data/enemies/yeou.tres' remapped 'res://data/enemies/yeou.tres' at thread -1
Loading resource: res://data/enemies/dungap_yeou.tres remapped: res://data/enemies/dungap_yeou.tres
Completed load for: 'res://data/enemies/dungap_yeou.tres' remapped 'res://data/enemies/dungap_yeou.tres' at thread -1
Loading resource: res://data/enemies/yeoubul.tres remapped: res://data/enemies/yeoubul.tres
Loading resource: res://data/models/honbul.tres remapped: res://data/models/honbul.tres
Completed load for: 'res://data/models/honbul.tres' remapped 'res://data/models/honbul.tres' at thread -1
Completed load for: 'res://data/enemies/yeoubul.tres' remapped 'res://data/enemies/yeoubul.tres' at thread -1
Loading resource: res://data/enemies/geomeun_yacha.tres remapped: res://data/enemies/geomeun_yacha.tres
Loading resource: res://data/models/yacha.tres remapped: res://data/models/yacha.tres
Completed load for: 'res://data/models/yacha.tres' remapped 'res://data/models/yacha.tres' at thread -1
Completed load for: 'res://data/enemies/geomeun_yacha.tres' remapped 'res://data/enemies/geomeun_yacha.tres' at thread -1
Loading resource: res://data/enemies/pitbit_nachalnyeo.tres remapped: res://data/enemies/pitbit_nachalnyeo.tres
Loading resource: res://data/models/nachalnyeo.tres remapped: res://data/models/nachalnyeo.tres
Completed load for: 'res://data/models/nachalnyeo.tres' remapped 'res://data/models/nachalnyeo.tres' at thread -1
Completed load for: 'res://data/enemies/pitbit_nachalnyeo.tres' remapped 'res://data/enemies/pitbit_nachalnyeo.tres' at thread -1
Loading resource: res://data/enemies/gumjurin_agwi.tres remapped: res://data/enemies/gumjurin_agwi.tres
Loading resource: res://data/models/agwi.tres remapped: res://data/models/agwi.tres
Completed load for: 'res://data/models/agwi.tres' remapped 'res://data/models/agwi.tres' at thread -1
Completed load for: 'res://data/enemies/gumjurin_agwi.tres' remapped 'res://data/enemies/gumjurin_agwi.tres' at thread -1
Loading resource: res://data/enemies/maegu.tres remapped: res://data/enemies/maegu.tres
Completed load for: 'res://data/enemies/maegu.tres' remapped 'res://data/enemies/maegu.tres' at thread -1
Loading resource: res://data/enemies/wang_geomi.tres remapped: res://data/enemies/wang_geomi.tres
Loading resource: res://data/models/spider.tres remapped: res://data/models/spider.tres
Completed load for: 'res://data/models/spider.tres' remapped 'res://data/models/spider.tres' at thread -1
Completed load for: 'res://data/enemies/wang_geomi.tres' remapped 'res://data/enemies/wang_geomi.tres' at thread -1
Loading resource: res://data/enemies/yeounui.tres remapped: res://data/enemies/yeounui.tres
Completed load for: 'res://data/enemies/yeounui.tres' remapped 'res://data/enemies/yeounui.tres' at thread -1
Loading resource: res://data/enemies/boss_gumiho.tres remapped: res://data/enemies/boss_gumiho.tres
Loading resource: res://data/models/boss_gumiho.tres remapped: res://data/models/boss_gumiho.tres
Completed load for: 'res://data/models/boss_gumiho.tres' remapped 'res://data/models/boss_gumiho.tres' at thread -1
Completed load for: 'res://data/enemies/boss_gumiho.tres' remapped 'res://data/enemies/boss_gumiho.tres' at thread -1
Loading resource: res://data/models/tilekit_cave.tres remapped: res://data/models/tilekit_cave.tres
Completed load for: 'res://data/models/tilekit_cave.tres' remapped 'res://data/models/tilekit_cave.tres' at thread -1
Completed load for: 'res://data/dungeons/bongmil_gul.tres' remapped 'res://data/dungeons/bongmil_gul.tres' at thread -1
Completed load for: 'res://data/areas/bongmil_gul.tres' remapped 'res://data/areas/bongmil_gul.tres' at thread -1
Loading resource: res://assets/models/buildings/giwa.glb remapped: res://assets/models/buildings/giwa.glb
Loading resource: res://.godot/imported/giwa.glb-fe705f9639f6c6ede75b7cd091b06c6b.scn remapped: res://.godot/imported/giwa.glb-fe705f9639f6c6ede75b7cd091b06c6b.scn
Loading resource: res://assets/models/buildings/giwa_Material_0_001_albedo.jpg remapped: res://assets/models/buildings/giwa_Material_0_001_albedo.jpg
Loading resource: res://.godot/imported/giwa_Material_0_001_albedo.jpg-ef35304ebb65bc5b6d86796cd4fcac03.s3tc.ctex remapped: res://.godot/imported/giwa_Material_0_001_albedo.jpg-ef35304ebb65bc5b6d86796cd4fcac03.s3tc.ctex
Completed load for: 'res://assets/models/buildings/giwa_Material_0_001_albedo.jpg' remapped 'res://assets/models/buildings/giwa_Material_0_001_albedo.jpg' at thread -1
Completed load for: 'res://assets/models/buildings/giwa.glb' remapped 'res://assets/models/buildings/giwa.glb' at thread -1
Loading resource: res://assets/models/buildings/giwa.glb remapped: res://assets/models/buildings/giwa.glb
Loading resource: res://.godot/imported/giwa.glb-fe705f9639f6c6ede75b7cd091b06c6b.scn remapped: res://.godot/imported/giwa.glb-fe705f9639f6c6ede75b7cd091b06c6b.scn
Completed load for: 'res://assets/models/buildings/giwa.glb' remapped 'res://assets/models/buildings/giwa.glb' at thread -1
Loading resource: res://assets/models/buildings/giwa.glb remapped: res://assets/models/buildings/giwa.glb
Loading resource: res://.godot/imported/giwa.glb-fe705f9639f6c6ede75b7cd091b06c6b.scn remapped: res://.godot/imported/giwa.glb-fe705f9639f6c6ede75b7cd091b06c6b.scn
Completed load for: 'res://assets/models/buildings/giwa.glb' remapped 'res://assets/models/buildings/giwa.glb' at thread -1
Loading resource: res://assets/models/merchant_v2/merchant_v2.glb remapped: res://assets/models/merchant_v2/merchant_v2.glb
Loading resource: res://.godot/imported/merchant_v2.glb-502f4ef3c7dbafcfd31d67818cfbbf17.scn remapped: res://.godot/imported/merchant_v2.glb-502f4ef3c7dbafcfd31d67818cfbbf17.scn
Loading resource: res://assets/models/merchant_v2/merchant_v2_merchant_tripo_anim_basecolor.png remapped: res://assets/models/merchant_v2/merchant_v2_merchant_tripo_anim_basecolor.png
Loading resource: res://.godot/imported/merchant_v2_merchant_tripo_anim_basecolor.png-1cb150bb4477faa746be645910b45e3b.ctex remapped: res://.godot/imported/merchant_v2_merchant_tripo_anim_basecolor.png-1cb150bb4477faa746be645910b45e3b.ctex
Completed load for: 'res://assets/models/merchant_v2/merchant_v2_merchant_tripo_anim_basecolor.png' remapped 'res://assets/models/merchant_v2/merchant_v2_merchant_tripo_anim_basecolor.png' at thread -1
Completed load for: 'res://assets/models/merchant_v2/merchant_v2.glb' remapped 'res://assets/models/merchant_v2/merchant_v2.glb' at thread -1
Loading resource: res://assets/models/shaman_v2/shaman_v2.glb remapped: res://assets/models/shaman_v2/shaman_v2.glb
Loading resource: res://.godot/imported/shaman_v2.glb-7ba1f77af1da10341b520694bf59a87b.scn remapped: res://.godot/imported/shaman_v2.glb-7ba1f77af1da10341b520694bf59a87b.scn
Loading resource: res://assets/models/shaman_v2/shaman_v2_shaman_tripo_anim_basecolor.png remapped: res://assets/models/shaman_v2/shaman_v2_shaman_tripo_anim_basecolor.png
Loading resource: res://.godot/imported/shaman_v2_shaman_tripo_anim_basecolor.png-9f6a74f0dabfe5345390fd30e5151dd0.ctex remapped: res://.godot/imported/shaman_v2_shaman_tripo_anim_basecolor.png-9f6a74f0dabfe5345390fd30e5151dd0.ctex
Completed load for: 'res://assets/models/shaman_v2/shaman_v2_shaman_tripo_anim_basecolor.png' remapped 'res://assets/models/shaman_v2/shaman_v2_shaman_tripo_anim_basecolor.png' at thread -1
Completed load for: 'res://assets/models/shaman_v2/shaman_v2.glb' remapped 'res://assets/models/shaman_v2/shaman_v2.glb' at thread -1
Loading resource: res://assets/models/elder_v2/elder_v2.glb remapped: res://assets/models/elder_v2/elder_v2.glb
Loading resource: res://.godot/imported/elder_v2.glb-9e1394c8f8a6ef4eec8a3774a68bd902.scn remapped: res://.godot/imported/elder_v2.glb-9e1394c8f8a6ef4eec8a3774a68bd902.scn
Loading resource: res://assets/models/elder_v2/elder_v2_elder_tripo_anim_basecolor.png remapped: res://assets/models/elder_v2/elder_v2_elder_tripo_anim_basecolor.png
Loading resource: res://.godot/imported/elder_v2_elder_tripo_anim_basecolor.png-a70eeba04ae059e39f64601b90a90d29.ctex remapped: res://.godot/imported/elder_v2_elder_tripo_anim_basecolor.png-a70eeba04ae059e39f64601b90a90d29.ctex
Completed load for: 'res://assets/models/elder_v2/elder_v2_elder_tripo_anim_basecolor.png' remapped 'res://assets/models/elder_v2/elder_v2_elder_tripo_anim_basecolor.png' at thread -1
Completed load for: 'res://assets/models/elder_v2/elder_v2.glb' remapped 'res://assets/models/elder_v2/elder_v2.glb' at thread -1
Loading resource: res://assets/models/jumo/jumo.glb remapped: res://assets/models/jumo/jumo.glb
Loading resource: res://.godot/imported/jumo.glb-6d89cd0e149d66a65239b41395362caa.scn remapped: res://.godot/imported/jumo.glb-6d89cd0e149d66a65239b41395362caa.scn
Loading resource: res://assets/models/jumo/jumo_basecolor.png remapped: res://assets/models/jumo/jumo_basecolor.png
Loading resource: res://.godot/imported/jumo_basecolor.png-05ef277ae8f20dfe367891d50a280bee.ctex remapped: res://.godot/imported/jumo_basecolor.png-05ef277ae8f20dfe367891d50a280bee.ctex
Completed load for: 'res://assets/models/jumo/jumo_basecolor.png' remapped 'res://assets/models/jumo/jumo_basecolor.png' at thread -1
Completed load for: 'res://assets/models/jumo/jumo.glb' remapped 'res://assets/models/jumo/jumo.glb' at thread -1
Loading resource: res://assets/models/props/wooden_platform.glb remapped: res://assets/models/props/wooden_platform.glb
Loading resource: res://.godot/imported/wooden_platform.glb-720725ccc64a25f5f193c9dc5debf0d2.scn remapped: res://.godot/imported/wooden_platform.glb-720725ccc64a25f5f193c9dc5debf0d2.scn
Loading resource: res://assets/models/props/wooden_platform_BakedMaterial_albedo.jpg remapped: res://assets/models/props/wooden_platform_BakedMaterial_albedo.jpg
Loading resource: res://.godot/imported/wooden_platform_BakedMaterial_albedo.jpg-c02ae8d3ee8970c3daf255e9a0d7f585.s3tc.ctex remapped: res://.godot/imported/wooden_platform_BakedMaterial_albedo.jpg-c02ae8d3ee8970c3daf255e9a0d7f585.s3tc.ctex
Completed load for: 'res://assets/models/props/wooden_platform_BakedMaterial_albedo.jpg' remapped 'res://assets/models/props/wooden_platform_BakedMaterial_albedo.jpg' at thread -1
Loading resource: res://assets/models/props/wooden_platform_BakedMaterial_orm.jpg remapped: res://assets/models/props/wooden_platform_BakedMaterial_orm.jpg
Loading resource: res://.godot/imported/wooden_platform_BakedMaterial_orm.jpg-e9ac69e76e15224689d6b8a883857a3a.s3tc.ctex remapped: res://.godot/imported/wooden_platform_BakedMaterial_orm.jpg-e9ac69e76e15224689d6b8a883857a3a.s3tc.ctex
Completed load for: 'res://assets/models/props/wooden_platform_BakedMaterial_orm.jpg' remapped 'res://assets/models/props/wooden_platform_BakedMaterial_orm.jpg' at thread -1
Loading resource: res://assets/models/props/wooden_platform_BakedMaterial_normal.jpg remapped: res://assets/models/props/wooden_platform_BakedMaterial_normal.jpg
Loading resource: res://.godot/imported/wooden_platform_BakedMaterial_normal.jpg-93dda34e6990f2a444e163fb610103c3.s3tc.ctex remapped: res://.godot/imported/wooden_platform_BakedMaterial_normal.jpg-93dda34e6990f2a444e163fb610103c3.s3tc.ctex
Completed load for: 'res://assets/models/props/wooden_platform_BakedMaterial_normal.jpg' remapped 'res://assets/models/props/wooden_platform_BakedMaterial_normal.jpg' at thread -1
Completed load for: 'res://assets/models/props/wooden_platform.glb' remapped 'res://assets/models/props/wooden_platform.glb' at thread -1
Loading resource: res://assets/models/props/cairn.glb remapped: res://assets/models/props/cairn.glb
Loading resource: res://.godot/imported/cairn.glb-25b09ae329f74e59efdf0a18ca54ec90.scn remapped: res://.godot/imported/cairn.glb-25b09ae329f74e59efdf0a18ca54ec90.scn
Loading resource: res://assets/models/props/cairn_Material_0_001_albedo.jpg remapped: res://assets/models/props/cairn_Material_0_001_albedo.jpg
Loading resource: res://.godot/imported/cairn_Material_0_001_albedo.jpg-ae7d6f7fa4e68c745d3c7190a78e0982.s3tc.ctex remapped: res://.godot/imported/cairn_Material_0_001_albedo.jpg-ae7d6f7fa4e68c745d3c7190a78e0982.s3tc.ctex
Completed load for: 'res://assets/models/props/cairn_Material_0_001_albedo.jpg' remapped 'res://assets/models/props/cairn_Material_0_001_albedo.jpg' at thread -1
Completed load for: 'res://assets/models/props/cairn.glb' remapped 'res://assets/models/props/cairn.glb' at thread -1
Loading resource: res://assets/models/buildings/well.glb remapped: res://assets/models/buildings/well.glb
Loading resource: res://.godot/imported/well.glb-760296561da66e01cffc2d4b3f09f0bd.scn remapped: res://.godot/imported/well.glb-760296561da66e01cffc2d4b3f09f0bd.scn
Loading resource: res://assets/models/buildings/well_Material_0_001_albedo.jpg remapped: res://assets/models/buildings/well_Material_0_001_albedo.jpg
Loading resource: res://.godot/imported/well_Material_0_001_albedo.jpg-945046caa3e65f019aee21b67ae26be7.s3tc.ctex remapped: res://.godot/imported/well_Material_0_001_albedo.jpg-945046caa3e65f019aee21b67ae26be7.s3tc.ctex
Completed load for: 'res://assets/models/buildings/well_Material_0_001_albedo.jpg' remapped 'res://assets/models/buildings/well_Material_0_001_albedo.jpg' at thread -1
Completed load for: 'res://assets/models/buildings/well.glb' remapped 'res://assets/models/buildings/well.glb' at thread -1
Loading resource: res://assets/models/props/fire_pit.glb remapped: res://assets/models/props/fire_pit.glb
Loading resource: res://.godot/imported/fire_pit.glb-980f83d990a72f36845788a9fe0f228d.scn remapped: res://.godot/imported/fire_pit.glb-980f83d990a72f36845788a9fe0f228d.scn
Loading resource: res://assets/models/props/fire_pit_Material_0_006_albedo.jpg remapped: res://assets/models/props/fire_pit_Material_0_006_albedo.jpg
Loading resource: res://.godot/imported/fire_pit_Material_0_006_albedo.jpg-c579680b15faa20043be343770117f4c.s3tc.ctex remapped: res://.godot/imported/fire_pit_Material_0_006_albedo.jpg-c579680b15faa20043be343770117f4c.s3tc.ctex
Completed load for: 'res://assets/models/props/fire_pit_Material_0_006_albedo.jpg' remapped 'res://assets/models/props/fire_pit_Material_0_006_albedo.jpg' at thread -1
Completed load for: 'res://assets/models/props/fire_pit.glb' remapped 'res://assets/models/props/fire_pit.glb' at thread -1
Loading resource: res://assets/models/props/shrine_tree.glb remapped: res://assets/models/props/shrine_tree.glb
Loading resource: res://.godot/imported/shrine_tree.glb-7acad578acab45dcb90eaa5a40e0e936.scn remapped: res://.godot/imported/shrine_tree.glb-7acad578acab45dcb90eaa5a40e0e936.scn
Loading resource: res://assets/models/props/shrine_tree_Material_0_albedo.jpg remapped: res://assets/models/props/shrine_tree_Material_0_albedo.jpg
Loading resource: res://.godot/imported/shrine_tree_Material_0_albedo.jpg-448b796911d43442edd527ef07c3bbc5.s3tc.ctex remapped: res://.godot/imported/shrine_tree_Material_0_albedo.jpg-448b796911d43442edd527ef07c3bbc5.s3tc.ctex
Completed load for: 'res://assets/models/props/shrine_tree_Material_0_albedo.jpg' remapped 'res://assets/models/props/shrine_tree_Material_0_albedo.jpg' at thread -1
Completed load for: 'res://assets/models/props/shrine_tree.glb' remapped 'res://assets/models/props/shrine_tree.glb' at thread -1
Loading resource: res://assets/models/props/wood_crate.glb remapped: res://assets/models/props/wood_crate.glb
Loading resource: res://.godot/imported/wood_crate.glb-bd7f1edff3561e46401b9c4e863d67bc.scn remapped: res://.godot/imported/wood_crate.glb-bd7f1edff3561e46401b9c4e863d67bc.scn
Loading resource: res://assets/models/props/wood_crate_h1_atlas_plaster_albedo.png remapped: res://assets/models/props/wood_crate_h1_atlas_plaster_albedo.png
Loading resource: res://.godot/imported/wood_crate_h1_atlas_plaster_albedo.png-16eff89344889e2d128879fb91f9d214.ctex remapped: res://.godot/imported/wood_crate_h1_atlas_plaster_albedo.png-16eff89344889e2d128879fb91f9d214.ctex
Completed load for: 'res://assets/models/props/wood_crate_h1_atlas_plaster_albedo.png' remapped 'res://assets/models/props/wood_crate_h1_atlas_plaster_albedo.png' at thread -1
Completed load for: 'res://assets/models/props/wood_crate.glb' remapped 'res://assets/models/props/wood_crate.glb' at thread -1
Loading resource: res://assets/models/props/mortar.glb remapped: res://assets/models/props/mortar.glb
Loading resource: res://.godot/imported/mortar.glb-1e49ada138a2ff6e3e1a715532946757.scn remapped: res://.godot/imported/mortar.glb-1e49ada138a2ff6e3e1a715532946757.scn
Loading resource: res://assets/models/props/mortar_Material_0_001_albedo.jpg remapped: res://assets/models/props/mortar_Material_0_001_albedo.jpg
Loading resource: res://.godot/imported/mortar_Material_0_001_albedo.jpg-295d8901d520053ec7ff77aaa14c39c4.s3tc.ctex remapped: res://.godot/imported/mortar_Material_0_001_albedo.jpg-295d8901d520053ec7ff77aaa14c39c4.s3tc.ctex
Completed load for: 'res://assets/models/props/mortar_Material_0_001_albedo.jpg' remapped 'res://assets/models/props/mortar_Material_0_001_albedo.jpg' at thread -1
Completed load for: 'res://assets/models/props/mortar.glb' remapped 'res://assets/models/props/mortar.glb' at thread -1
Loading resource: res://assets/models/props/woodpile.glb remapped: res://assets/models/props/woodpile.glb
Loading resource: res://.godot/imported/woodpile.glb-7e822919e7ed7a0c6dab60d870f1b3e3.scn remapped: res://.godot/imported/woodpile.glb-7e822919e7ed7a0c6dab60d870f1b3e3.scn
Loading resource: res://assets/models/props/woodpile_BakedMaterial_albedo.jpg remapped: res://assets/models/props/woodpile_BakedMaterial_albedo.jpg
Loading resource: res://.godot/imported/woodpile_BakedMaterial_albedo.jpg-a893b7edffacd40a951fcd2e8bd36e04.s3tc.ctex remapped: res://.godot/imported/woodpile_BakedMaterial_albedo.jpg-a893b7edffacd40a951fcd2e8bd36e04.s3tc.ctex
Completed load for: 'res://assets/models/props/woodpile_BakedMaterial_albedo.jpg' remapped 'res://assets/models/props/woodpile_BakedMaterial_albedo.jpg' at thread -1
Loading resource: res://assets/models/props/woodpile_BakedMaterial_orm.jpg remapped: res://assets/models/props/woodpile_BakedMaterial_orm.jpg
Loading resource: res://.godot/imported/woodpile_BakedMaterial_orm.jpg-94f14e005a3a3b81e7122fb32a370be7.s3tc.ctex remapped: res://.godot/imported/woodpile_BakedMaterial_orm.jpg-94f14e005a3a3b81e7122fb32a370be7.s3tc.ctex
Completed load for: 'res://assets/models/props/woodpile_BakedMaterial_orm.jpg' remapped 'res://assets/models/props/woodpile_BakedMaterial_orm.jpg' at thread -1
Loading resource: res://assets/models/props/woodpile_BakedMaterial_normal.jpg remapped: res://assets/models/props/woodpile_BakedMaterial_normal.jpg
Loading resource: res://.godot/imported/woodpile_BakedMaterial_normal.jpg-3e9885e29aa08eef011db32a612ec8de.s3tc.ctex remapped: res://.godot/imported/woodpile_BakedMaterial_normal.jpg-3e9885e29aa08eef011db32a612ec8de.s3tc.ctex
Completed load for: 'res://assets/models/props/woodpile_BakedMaterial_normal.jpg' remapped 'res://assets/models/props/woodpile_BakedMaterial_normal.jpg' at thread -1
Completed load for: 'res://assets/models/props/woodpile.glb' remapped 'res://assets/models/props/woodpile.glb' at thread -1
Loading resource: res://assets/models/props/jige.glb remapped: res://assets/models/props/jige.glb
Loading resource: res://.godot/imported/jige.glb-973a19c6fe200457342168743f12f296.scn remapped: res://.godot/imported/jige.glb-973a19c6fe200457342168743f12f296.scn
Loading resource: res://assets/models/props/jige_Material_0_002_albedo.jpg remapped: res://assets/models/props/jige_Material_0_002_albedo.jpg
Loading resource: res://.godot/imported/jige_Material_0_002_albedo.jpg-ebbed2c61121db88407a43e3faa42792.s3tc.ctex remapped: res://.godot/imported/jige_Material_0_002_albedo.jpg-ebbed2c61121db88407a43e3faa42792.s3tc.ctex
Completed load for: 'res://assets/models/props/jige_Material_0_002_albedo.jpg' remapped 'res://assets/models/props/jige_Material_0_002_albedo.jpg' at thread -1
Completed load for: 'res://assets/models/props/jige.glb' remapped 'res://assets/models/props/jige.glb' at thread -1
Loading resource: res://assets/models/props/jangdokdae.glb remapped: res://assets/models/props/jangdokdae.glb
Loading resource: res://.godot/imported/jangdokdae.glb-a3fbf8cbfb514abcac9be0203dfbe3b0.scn remapped: res://.godot/imported/jangdokdae.glb-a3fbf8cbfb514abcac9be0203dfbe3b0.scn
Loading resource: res://assets/models/props/jangdokdae_BakedMaterial_albedo.jpg remapped: res://assets/models/props/jangdokdae_BakedMaterial_albedo.jpg
Loading resource: res://.godot/imported/jangdokdae_BakedMaterial_albedo.jpg-475de2ad8fc285470f9068cbd508ff16.s3tc.ctex remapped: res://.godot/imported/jangdokdae_BakedMaterial_albedo.jpg-475de2ad8fc285470f9068cbd508ff16.s3tc.ctex
Completed load for: 'res://assets/models/props/jangdokdae_BakedMaterial_albedo.jpg' remapped 'res://assets/models/props/jangdokdae_BakedMaterial_albedo.jpg' at thread -1
Loading resource: res://assets/models/props/jangdokdae_BakedMaterial_orm.jpg remapped: res://assets/models/props/jangdokdae_BakedMaterial_orm.jpg
Loading resource: res://.godot/imported/jangdokdae_BakedMaterial_orm.jpg-199f9ae7f28d48301831482cf806146e.s3tc.ctex remapped: res://.godot/imported/jangdokdae_BakedMaterial_orm.jpg-199f9ae7f28d48301831482cf806146e.s3tc.ctex
Completed load for: 'res://assets/models/props/jangdokdae_BakedMaterial_orm.jpg' remapped 'res://assets/models/props/jangdokdae_BakedMaterial_orm.jpg' at thread -1
Loading resource: res://assets/models/props/jangdokdae_BakedMaterial_normal.jpg remapped: res://assets/models/props/jangdokdae_BakedMaterial_normal.jpg
Loading resource: res://.godot/imported/jangdokdae_BakedMaterial_normal.jpg-35b934175cd2bce4cc156b4966f4bfea.s3tc.ctex remapped: res://.godot/imported/jangdokdae_BakedMaterial_normal.jpg-35b934175cd2bce4cc156b4966f4bfea.s3tc.ctex
Completed load for: 'res://assets/models/props/jangdokdae_BakedMaterial_normal.jpg' remapped 'res://assets/models/props/jangdokdae_BakedMaterial_normal.jpg' at thread -1
Completed load for: 'res://assets/models/props/jangdokdae.glb' remapped 'res://assets/models/props/jangdokdae.glb' at thread -1
Loading resource: res://assets/models/props/wooden_platform.glb remapped: res://assets/models/props/wooden_platform.glb
Loading resource: res://.godot/imported/wooden_platform.glb-720725ccc64a25f5f193c9dc5debf0d2.scn remapped: res://.godot/imported/wooden_platform.glb-720725ccc64a25f5f193c9dc5debf0d2.scn
Completed load for: 'res://assets/models/props/wooden_platform.glb' remapped 'res://assets/models/props/wooden_platform.glb' at thread -1
Loading resource: res://assets/models/props/straw_mat.glb remapped: res://assets/models/props/straw_mat.glb
Loading resource: res://.godot/imported/straw_mat.glb-a9807a23a9fab2ec65dc68a528c4c73a.scn remapped: res://.godot/imported/straw_mat.glb-a9807a23a9fab2ec65dc68a528c4c73a.scn
Loading resource: res://assets/models/props/straw_mat_BakedMaterial_albedo.jpg remapped: res://assets/models/props/straw_mat_BakedMaterial_albedo.jpg
Loading resource: res://.godot/imported/straw_mat_BakedMaterial_albedo.jpg-902a236245a59dd10f534cfe71799b30.s3tc.ctex remapped: res://.godot/imported/straw_mat_BakedMaterial_albedo.jpg-902a236245a59dd10f534cfe71799b30.s3tc.ctex
Completed load for: 'res://assets/models/props/straw_mat_BakedMaterial_albedo.jpg' remapped 'res://assets/models/props/straw_mat_BakedMaterial_albedo.jpg' at thread -1
Loading resource: res://assets/models/props/straw_mat_BakedMaterial_orm.jpg remapped: res://assets/models/props/straw_mat_BakedMaterial_orm.jpg
Loading resource: res://.godot/imported/straw_mat_BakedMaterial_orm.jpg-6f0625a62c8aaae02d599261c5d5a880.s3tc.ctex remapped: res://.godot/imported/straw_mat_BakedMaterial_orm.jpg-6f0625a62c8aaae02d599261c5d5a880.s3tc.ctex
Completed load for: 'res://assets/models/props/straw_mat_BakedMaterial_orm.jpg' remapped 'res://assets/models/props/straw_mat_BakedMaterial_orm.jpg' at thread -1
Loading resource: res://assets/models/props/straw_mat_BakedMaterial_normal.jpg remapped: res://assets/models/props/straw_mat_BakedMaterial_normal.jpg
Loading resource: res://.godot/imported/straw_mat_BakedMaterial_normal.jpg-9aa16f8e7946cb1ae989424ed4e8bb2f.s3tc.ctex remapped: res://.godot/imported/straw_mat_BakedMaterial_normal.jpg-9aa16f8e7946cb1ae989424ed4e8bb2f.s3tc.ctex
Completed load for: 'res://assets/models/props/straw_mat_BakedMaterial_normal.jpg' remapped 'res://assets/models/props/straw_mat_BakedMaterial_normal.jpg' at thread -1
Completed load for: 'res://assets/models/props/straw_mat.glb' remapped 'res://assets/models/props/straw_mat.glb' at thread -1
Loading resource: res://assets/models/props/straw_stack.glb remapped: res://assets/models/props/straw_stack.glb
Loading resource: res://.godot/imported/straw_stack.glb-523e749f066d2b3160771b45d72ee043.scn remapped: res://.godot/imported/straw_stack.glb-523e749f066d2b3160771b45d72ee043.scn
Loading resource: res://assets/models/props/straw_stack_Material_0_001_albedo.jpg remapped: res://assets/models/props/straw_stack_Material_0_001_albedo.jpg
Loading resource: res://.godot/imported/straw_stack_Material_0_001_albedo.jpg-9a175ee889ab8dc7bcd6efe3e89b6d1a.s3tc.ctex remapped: res://.godot/imported/straw_stack_Material_0_001_albedo.jpg-9a175ee889ab8dc7bcd6efe3e89b6d1a.s3tc.ctex
Completed load for: 'res://assets/models/props/straw_stack_Material_0_001_albedo.jpg' remapped 'res://assets/models/props/straw_stack_Material_0_001_albedo.jpg' at thread -1
Completed load for: 'res://assets/models/props/straw_stack.glb' remapped 'res://assets/models/props/straw_stack.glb' at thread -1
Loading resource: res://assets/models/props/mossy_boulder.glb remapped: res://assets/models/props/mossy_boulder.glb
Loading resource: res://.godot/imported/mossy_boulder.glb-e377aa907010c07ea35376e16e75b530.scn remapped: res://.godot/imported/mossy_boulder.glb-e377aa907010c07ea35376e16e75b530.scn
Loading resource: res://assets/models/props/mossy_boulder_Material_0_014_albedo.jpg remapped: res://assets/models/props/mossy_boulder_Material_0_014_albedo.jpg
Loading resource: res://.godot/imported/mossy_boulder_Material_0_014_albedo.jpg-f145cbf540335bebd1c35b7be751ad64.s3tc.ctex remapped: res://.godot/imported/mossy_boulder_Material_0_014_albedo.jpg-f145cbf540335bebd1c35b7be751ad64.s3tc.ctex
Completed load for: 'res://assets/models/props/mossy_boulder_Material_0_014_albedo.jpg' remapped 'res://assets/models/props/mossy_boulder_Material_0_014_albedo.jpg' at thread -1
Completed load for: 'res://assets/models/props/mossy_boulder.glb' remapped 'res://assets/models/props/mossy_boulder.glb' at thread -1
Loading resource: res://assets/models/props/hand_cart.glb remapped: res://assets/models/props/hand_cart.glb
Loading resource: res://.godot/imported/hand_cart.glb-05d018bd2b509ea85908ca93d8be0b58.scn remapped: res://.godot/imported/hand_cart.glb-05d018bd2b509ea85908ca93d8be0b58.scn
Loading resource: res://assets/models/props/hand_cart_Material_0_001_albedo.jpg remapped: res://assets/models/props/hand_cart_Material_0_001_albedo.jpg
Loading resource: res://.godot/imported/hand_cart_Material_0_001_albedo.jpg-c1804196d0a2152719addef4f4dda713.s3tc.ctex remapped: res://.godot/imported/hand_cart_Material_0_001_albedo.jpg-c1804196d0a2152719addef4f4dda713.s3tc.ctex
Completed load for: 'res://assets/models/props/hand_cart_Material_0_001_albedo.jpg' remapped 'res://assets/models/props/hand_cart_Material_0_001_albedo.jpg' at thread -1
Completed load for: 'res://assets/models/props/hand_cart.glb' remapped 'res://assets/models/props/hand_cart.glb' at thread -1
Loading resource: res://assets/models/props/sotdae.glb remapped: res://assets/models/props/sotdae.glb
Loading resource: res://.godot/imported/sotdae.glb-43dc0a476d2273f3fd3c5d3239736b08.scn remapped: res://.godot/imported/sotdae.glb-43dc0a476d2273f3fd3c5d3239736b08.scn
Loading resource: res://assets/models/props/sotdae_Material_0_003_albedo.jpg remapped: res://assets/models/props/sotdae_Material_0_003_albedo.jpg
Loading resource: res://.godot/imported/sotdae_Material_0_003_albedo.jpg-6b15e93537f8e542a4ebc1e508f8c0e1.s3tc.ctex remapped: res://.godot/imported/sotdae_Material_0_003_albedo.jpg-6b15e93537f8e542a4ebc1e508f8c0e1.s3tc.ctex
Completed load for: 'res://assets/models/props/sotdae_Material_0_003_albedo.jpg' remapped 'res://assets/models/props/sotdae_Material_0_003_albedo.jpg' at thread -1
Completed load for: 'res://assets/models/props/sotdae.glb' remapped 'res://assets/models/props/sotdae.glb' at thread -1
Loading resource: res://assets/models/props/bent_pine.glb remapped: res://assets/models/props/bent_pine.glb
Loading resource: res://.godot/imported/bent_pine.glb-3934902b075bc1a4409e2ffb9f538ae2.scn remapped: res://.godot/imported/bent_pine.glb-3934902b075bc1a4409e2ffb9f538ae2.scn
Loading resource: res://assets/models/props/bent_pine_BakedMaterial_albedo.jpg remapped: res://assets/models/props/bent_pine_BakedMaterial_albedo.jpg
Loading resource: res://.godot/imported/bent_pine_BakedMaterial_albedo.jpg-9b48318d51141087b9a7ef070fa554c7.s3tc.ctex remapped: res://.godot/imported/bent_pine_BakedMaterial_albedo.jpg-9b48318d51141087b9a7ef070fa554c7.s3tc.ctex
Completed load for: 'res://assets/models/props/bent_pine_BakedMaterial_albedo.jpg' remapped 'res://assets/models/props/bent_pine_BakedMaterial_albedo.jpg' at thread -1
Loading resource: res://assets/models/props/bent_pine_BakedMaterial_orm.jpg remapped: res://assets/models/props/bent_pine_BakedMaterial_orm.jpg
Loading resource: res://.godot/imported/bent_pine_BakedMaterial_orm.jpg-eebe628569c649baf167cb0da0095370.s3tc.ctex remapped: res://.godot/imported/bent_pine_BakedMaterial_orm.jpg-eebe628569c649baf167cb0da0095370.s3tc.ctex
Completed load for: 'res://assets/models/props/bent_pine_BakedMaterial_orm.jpg' remapped 'res://assets/models/props/bent_pine_BakedMaterial_orm.jpg' at thread -1
Loading resource: res://assets/models/props/bent_pine_BakedMaterial_normal.jpg remapped: res://assets/models/props/bent_pine_BakedMaterial_normal.jpg
Loading resource: res://.godot/imported/bent_pine_BakedMaterial_normal.jpg-32d997319528559f335e1d1410b4b6fb.s3tc.ctex remapped: res://.godot/imported/bent_pine_BakedMaterial_normal.jpg-32d997319528559f335e1d1410b4b6fb.s3tc.ctex
Completed load for: 'res://assets/models/props/bent_pine_BakedMaterial_normal.jpg' remapped 'res://assets/models/props/bent_pine_BakedMaterial_normal.jpg' at thread -1
Completed load for: 'res://assets/models/props/bent_pine.glb' remapped 'res://assets/models/props/bent_pine.glb' at thread -1
Loading resource: res://assets/models/props/seal_door.glb remapped: res://assets/models/props/seal_door.glb
Loading resource: res://.godot/imported/seal_door.glb-1dfbd85c4c079c921401d8ae7e940369.scn remapped: res://.godot/imported/seal_door.glb-1dfbd85c4c079c921401d8ae7e940369.scn
Loading resource: res://assets/models/props/seal_door_source_wall_albedo.png remapped: res://assets/models/props/seal_door_source_wall_albedo.png
Loading resource: res://.godot/imported/seal_door_source_wall_albedo.png-00cd14db94c55af0534bd15303c17a04.ctex remapped: res://.godot/imported/seal_door_source_wall_albedo.png-00cd14db94c55af0534bd15303c17a04.ctex
Completed load for: 'res://assets/models/props/seal_door_source_wall_albedo.png' remapped 'res://assets/models/props/seal_door_source_wall_albedo.png' at thread -1
Completed load for: 'res://assets/models/props/seal_door.glb' remapped 'res://assets/models/props/seal_door.glb' at thread -1
Loading resource: res://assets/models/props/jangseung.glb remapped: res://assets/models/props/jangseung.glb
Loading resource: res://.godot/imported/jangseung.glb-8c8482cc1c23ced4a2598956e704ab3f.scn remapped: res://.godot/imported/jangseung.glb-8c8482cc1c23ced4a2598956e704ab3f.scn
Loading resource: res://assets/models/props/jangseung_Material_0_003_albedo.jpg remapped: res://assets/models/props/jangseung_Material_0_003_albedo.jpg
Loading resource: res://.godot/imported/jangseung_Material_0_003_albedo.jpg-b06fef066bddb900f5c6f11f0fe84f69.s3tc.ctex remapped: res://.godot/imported/jangseung_Material_0_003_albedo.jpg-b06fef066bddb900f5c6f11f0fe84f69.s3tc.ctex
Completed load for: 'res://assets/models/props/jangseung_Material_0_003_albedo.jpg' remapped 'res://assets/models/props/jangseung_Material_0_003_albedo.jpg' at thread -1
Completed load for: 'res://assets/models/props/jangseung.glb' remapped 'res://assets/models/props/jangseung.glb' at thread -1
Loading resource: res://assets/models/props/lantern_post.glb remapped: res://assets/models/props/lantern_post.glb
Loading resource: res://.godot/imported/lantern_post.glb-f4e4bc88b736ff9dfdc01f52b630a181.scn remapped: res://.godot/imported/lantern_post.glb-f4e4bc88b736ff9dfdc01f52b630a181.scn
Loading resource: res://assets/models/props/lantern_post_Material_0_albedo.jpg remapped: res://assets/models/props/lantern_post_Material_0_albedo.jpg
Loading resource: res://.godot/imported/lantern_post_Material_0_albedo.jpg-6d4d642634022ba5ce6e15e168da6489.s3tc.ctex remapped: res://.godot/imported/lantern_post_Material_0_albedo.jpg-6d4d642634022ba5ce6e15e168da6489.s3tc.ctex
Completed load for: 'res://assets/models/props/lantern_post_Material_0_albedo.jpg' remapped 'res://assets/models/props/lantern_post_Material_0_albedo.jpg' at thread -1
Completed load for: 'res://assets/models/props/lantern_post.glb' remapped 'res://assets/models/props/lantern_post.glb' at thread -1
Loading resource: res://assets/models/props/square_paper_lantern.glb remapped: res://assets/models/props/square_paper_lantern.glb
Loading resource: res://.godot/imported/square_paper_lantern.glb-3764f0d6db268df9d6ac273670f5f5cd.scn remapped: res://.godot/imported/square_paper_lantern.glb-3764f0d6db268df9d6ac273670f5f5cd.scn
Loading resource: res://assets/models/props/square_paper_lantern_h1_atlas_plaster_albedo.png remapped: res://assets/models/props/square_paper_lantern_h1_atlas_plaster_albedo.png
Loading resource: res://.godot/imported/square_paper_lantern_h1_atlas_plaster_albedo.png-372181fdf7b3018abe46973909d216fe.ctex remapped: res://.godot/imported/square_paper_lantern_h1_atlas_plaster_albedo.png-372181fdf7b3018abe46973909d216fe.ctex
Completed load for: 'res://assets/models/props/square_paper_lantern_h1_atlas_plaster_albedo.png' remapped 'res://assets/models/props/square_paper_lantern_h1_atlas_plaster_albedo.png' at thread -1
Completed load for: 'res://assets/models/props/square_paper_lantern.glb' remapped 'res://assets/models/props/square_paper_lantern.glb' at thread -1
Loading resource: res://assets/models/props/brush_fence.glb remapped: res://assets/models/props/brush_fence.glb
Loading resource: res://.godot/imported/brush_fence.glb-509ecaf8583a9053785c83a8d3176dd0.scn remapped: res://.godot/imported/brush_fence.glb-509ecaf8583a9053785c83a8d3176dd0.scn
Loading resource: res://assets/models/props/brush_fence_Material_0_albedo.jpg remapped: res://assets/models/props/brush_fence_Material_0_albedo.jpg
Loading resource: res://.godot/imported/brush_fence_Material_0_albedo.jpg-fe13fa08f6c92168650ec8d563a6e6f5.s3tc.ctex remapped: res://.godot/imported/brush_fence_Material_0_albedo.jpg-fe13fa08f6c92168650ec8d563a6e6f5.s3tc.ctex
Completed load for: 'res://assets/models/props/brush_fence_Material_0_albedo.jpg' remapped 'res://assets/models/props/brush_fence_Material_0_albedo.jpg' at thread -1
Completed load for: 'res://assets/models/props/brush_fence.glb' remapped 'res://assets/models/props/brush_fence.glb' at thread -1
Loading resource: res://assets/models/props/rock_outcrop.glb remapped: res://assets/models/props/rock_outcrop.glb
Loading resource: res://.godot/imported/rock_outcrop.glb-3ffce290a7681ae48dbe7b368b24b035.scn remapped: res://.godot/imported/rock_outcrop.glb-3ffce290a7681ae48dbe7b368b24b035.scn
Loading resource: res://assets/models/props/rock_outcrop_Material_0_004_albedo.jpg remapped: res://assets/models/props/rock_outcrop_Material_0_004_albedo.jpg
Loading resource: res://.godot/imported/rock_outcrop_Material_0_004_albedo.jpg-241f1d1726245097aa96746b4cddf15a.s3tc.ctex remapped: res://.godot/imported/rock_outcrop_Material_0_004_albedo.jpg-241f1d1726245097aa96746b4cddf15a.s3tc.ctex
Completed load for: 'res://assets/models/props/rock_outcrop_Material_0_004_albedo.jpg' remapped 'res://assets/models/props/rock_outcrop_Material_0_004_albedo.jpg' at thread -1
Completed load for: 'res://assets/models/props/rock_outcrop.glb' remapped 'res://assets/models/props/rock_outcrop.glb' at thread -1
Loading resource: res://assets/models/buildings/choga.glb remapped: res://assets/models/buildings/choga.glb
Loading resource: res://.godot/imported/choga.glb-bb0a809ba110183a6d8d5a96239abdb8.scn remapped: res://.godot/imported/choga.glb-bb0a809ba110183a6d8d5a96239abdb8.scn
Loading resource: res://assets/models/buildings/choga_Material_0_002_albedo.jpg remapped: res://assets/models/buildings/choga_Material_0_002_albedo.jpg
Loading resource: res://.godot/imported/choga_Material_0_002_albedo.jpg-4eb0fb3d402f7d49c4e3d7d6bec91bae.s3tc.ctex remapped: res://.godot/imported/choga_Material_0_002_albedo.jpg-4eb0fb3d402f7d49c4e3d7d6bec91bae.s3tc.ctex
Completed load for: 'res://assets/models/buildings/choga_Material_0_002_albedo.jpg' remapped 'res://assets/models/buildings/choga_Material_0_002_albedo.jpg' at thread -1
Completed load for: 'res://assets/models/buildings/choga.glb' remapped 'res://assets/models/buildings/choga.glb' at thread -1
Loading resource: res://assets/models/buildings/choga.glb remapped: res://assets/models/buildings/choga.glb
Loading resource: res://.godot/imported/choga.glb-bb0a809ba110183a6d8d5a96239abdb8.scn remapped: res://.godot/imported/choga.glb-bb0a809ba110183a6d8d5a96239abdb8.scn
Completed load for: 'res://assets/models/buildings/choga.glb' remapped 'res://assets/models/buildings/choga.glb' at thread -1
Loading resource: res://assets/models/buildings/choga.glb remapped: res://assets/models/buildings/choga.glb
Loading resource: res://.godot/imported/choga.glb-bb0a809ba110183a6d8d5a96239abdb8.scn remapped: res://.godot/imported/choga.glb-bb0a809ba110183a6d8d5a96239abdb8.scn
Completed load for: 'res://assets/models/buildings/choga.glb' remapped 'res://assets/models/buildings/choga.glb' at thread -1
Loading resource: res://assets/models/buildings/choga.glb remapped: res://assets/models/buildings/choga.glb
Loading resource: res://.godot/imported/choga.glb-bb0a809ba110183a6d8d5a96239abdb8.scn remapped: res://.godot/imported/choga.glb-bb0a809ba110183a6d8d5a96239abdb8.scn
Completed load for: 'res://assets/models/buildings/choga.glb' remapped 'res://assets/models/buildings/choga.glb' at thread -1
Loading resource: res://assets/models/buildings/choga.glb remapped: res://assets/models/buildings/choga.glb
Loading resource: res://.godot/imported/choga.glb-bb0a809ba110183a6d8d5a96239abdb8.scn remapped: res://.godot/imported/choga.glb-bb0a809ba110183a6d8d5a96239abdb8.scn
Completed load for: 'res://assets/models/buildings/choga.glb' remapped 'res://assets/models/buildings/choga.glb' at thread -1
Loading resource: res://assets/models/buildings/giwa.glb remapped: res://assets/models/buildings/giwa.glb
Loading resource: res://.godot/imported/giwa.glb-fe705f9639f6c6ede75b7cd091b06c6b.scn remapped: res://.godot/imported/giwa.glb-fe705f9639f6c6ede75b7cd091b06c6b.scn
Completed load for: 'res://assets/models/buildings/giwa.glb' remapped 'res://assets/models/buildings/giwa.glb' at thread -1
Loading resource: res://assets/models/props/chimney.glb remapped: res://assets/models/props/chimney.glb
Loading resource: res://.godot/imported/chimney.glb-74ede3b7c0cc283676664775f251234e.scn remapped: res://.godot/imported/chimney.glb-74ede3b7c0cc283676664775f251234e.scn
Loading resource: res://assets/models/props/chimney_Material_0_003_albedo.jpg remapped: res://assets/models/props/chimney_Material_0_003_albedo.jpg
Loading resource: res://.godot/imported/chimney_Material_0_003_albedo.jpg-2781a6b545c7d677de42ca81d717193f.s3tc.ctex remapped: res://.godot/imported/chimney_Material_0_003_albedo.jpg-2781a6b545c7d677de42ca81d717193f.s3tc.ctex
Completed load for: 'res://assets/models/props/chimney_Material_0_003_albedo.jpg' remapped 'res://assets/models/props/chimney_Material_0_003_albedo.jpg' at thread -1
Completed load for: 'res://assets/models/props/chimney.glb' remapped 'res://assets/models/props/chimney.glb' at thread -1
Loading resource: res://assets/models/props/drying_line.glb remapped: res://assets/models/props/drying_line.glb
Loading resource: res://.godot/imported/drying_line.glb-fe0027ecf3f63fa5409ab5ecddae6663.scn remapped: res://.godot/imported/drying_line.glb-fe0027ecf3f63fa5409ab5ecddae6663.scn
Loading resource: res://assets/models/props/drying_line_Material_0_002_albedo.jpg remapped: res://assets/models/props/drying_line_Material_0_002_albedo.jpg
Loading resource: res://.godot/imported/drying_line_Material_0_002_albedo.jpg-8739fd16ec0e56f8d4ebaf75cac46b06.s3tc.ctex remapped: res://.godot/imported/drying_line_Material_0_002_albedo.jpg-8739fd16ec0e56f8d4ebaf75cac46b06.s3tc.ctex
Completed load for: 'res://assets/models/props/drying_line_Material_0_002_albedo.jpg' remapped 'res://assets/models/props/drying_line_Material_0_002_albedo.jpg' at thread -1
Completed load for: 'res://assets/models/props/drying_line.glb' remapped 'res://assets/models/props/drying_line.glb' at thread -1
Loading resource: res://assets/models/props/river_stones.glb remapped: res://assets/models/props/river_stones.glb
Loading resource: res://.godot/imported/river_stones.glb-ea42eefdd7cf528fff2db262e1726009.scn remapped: res://.godot/imported/river_stones.glb-ea42eefdd7cf528fff2db262e1726009.scn
Loading resource: res://assets/models/props/river_stones_Material_0_albedo.jpg remapped: res://assets/models/props/river_stones_Material_0_albedo.jpg
Loading resource: res://.godot/imported/river_stones_Material_0_albedo.jpg-96ef6f31475566b18d6370a2ac2387db.s3tc.ctex remapped: res://.godot/imported/river_stones_Material_0_albedo.jpg-96ef6f31475566b18d6370a2ac2387db.s3tc.ctex
Completed load for: 'res://assets/models/props/river_stones_Material_0_albedo.jpg' remapped 'res://assets/models/props/river_stones_Material_0_albedo.jpg' at thread -1
Completed load for: 'res://assets/models/props/river_stones.glb' remapped 'res://assets/models/props/river_stones.glb' at thread -1
Loading resource: res://assets/models/props/plank_bridge.glb remapped: res://assets/models/props/plank_bridge.glb
Loading resource: res://.godot/imported/plank_bridge.glb-07c34a582bec8b4890f5bf87f74d6a79.scn remapped: res://.godot/imported/plank_bridge.glb-07c34a582bec8b4890f5bf87f74d6a79.scn
Loading resource: res://assets/models/props/plank_bridge_Material_0_002_albedo.jpg remapped: res://assets/models/props/plank_bridge_Material_0_002_albedo.jpg
Loading resource: res://.godot/imported/plank_bridge_Material_0_002_albedo.jpg-364af4b7697b6736f595025e6fd7f85c.s3tc.ctex remapped: res://.godot/imported/plank_bridge_Material_0_002_albedo.jpg-364af4b7697b6736f595025e6fd7f85c.s3tc.ctex
Completed load for: 'res://assets/models/props/plank_bridge_Material_0_002_albedo.jpg' remapped 'res://assets/models/props/plank_bridge_Material_0_002_albedo.jpg' at thread -1
Completed load for: 'res://assets/models/props/plank_bridge.glb' remapped 'res://assets/models/props/plank_bridge.glb' at thread -1
Loading resource: res://assets/models/props/stone_wall.glb remapped: res://assets/models/props/stone_wall.glb
Loading resource: res://.godot/imported/stone_wall.glb-f75e96a206a2b8467f7024923adc06e3.scn remapped: res://.godot/imported/stone_wall.glb-f75e96a206a2b8467f7024923adc06e3.scn
Loading resource: res://assets/models/props/stone_wall_Material_0_005_albedo.jpg remapped: res://assets/models/props/stone_wall_Material_0_005_albedo.jpg
Loading resource: res://.godot/imported/stone_wall_Material_0_005_albedo.jpg-11007645f94be7b24cf7d5a543f99ab9.s3tc.ctex remapped: res://.godot/imported/stone_wall_Material_0_005_albedo.jpg-11007645f94be7b24cf7d5a543f99ab9.s3tc.ctex
Completed load for: 'res://assets/models/props/stone_wall_Material_0_005_albedo.jpg' remapped 'res://assets/models/props/stone_wall_Material_0_005_albedo.jpg' at thread -1
Completed load for: 'res://assets/models/props/stone_wall.glb' remapped 'res://assets/models/props/stone_wall.glb' at thread -1
Loading resource: res://assets/models/props/seal_post.glb remapped: res://assets/models/props/seal_post.glb
Loading resource: res://.godot/imported/seal_post.glb-c8c11f48c83724abfce652ec144581b4.scn remapped: res://.godot/imported/seal_post.glb-c8c11f48c83724abfce652ec144581b4.scn
Loading resource: res://assets/models/props/seal_post_Material_0_009_albedo.jpg remapped: res://assets/models/props/seal_post_Material_0_009_albedo.jpg
Loading resource: res://.godot/imported/seal_post_Material_0_009_albedo.jpg-e1ca5bcd4cfae3b30e3890ce8ee9e787.s3tc.ctex remapped: res://.godot/imported/seal_post_Material_0_009_albedo.jpg-e1ca5bcd4cfae3b30e3890ce8ee9e787.s3tc.ctex
Completed load for: 'res://assets/models/props/seal_post_Material_0_009_albedo.jpg' remapped 'res://assets/models/props/seal_post_Material_0_009_albedo.jpg' at thread -1
Completed load for: 'res://assets/models/props/seal_post.glb' remapped 'res://assets/models/props/seal_post.glb' at thread -1
Loading resource: res://assets/models/props/gate_posts.glb remapped: res://assets/models/props/gate_posts.glb
Loading resource: res://.godot/imported/gate_posts.glb-2905f30ce1699ee6e78551093598874b.scn remapped: res://.godot/imported/gate_posts.glb-2905f30ce1699ee6e78551093598874b.scn
Loading resource: res://assets/models/props/gate_posts_Material_0_002_albedo.jpg remapped: res://assets/models/props/gate_posts_Material_0_002_albedo.jpg
Loading resource: res://.godot/imported/gate_posts_Material_0_002_albedo.jpg-2e68498b8dd94d8a1ddc253cfb97b49d.s3tc.ctex remapped: res://.godot/imported/gate_posts_Material_0_002_albedo.jpg-2e68498b8dd94d8a1ddc253cfb97b49d.s3tc.ctex
Completed load for: 'res://assets/models/props/gate_posts_Material_0_002_albedo.jpg' remapped 'res://assets/models/props/gate_posts_Material_0_002_albedo.jpg' at thread -1
Completed load for: 'res://assets/models/props/gate_posts.glb' remapped 'res://assets/models/props/gate_posts.glb' at thread -1
Loading resource: res://data/quests/_index.tres remapped: res://data/quests/_index.tres
Completed load for: 'res://data/quests/_index.tres' remapped 'res://data/quests/_index.tres' at thread -1
Loading resource: res://data/quests/heukrang_clear.tres remapped: res://data/quests/heukrang_clear.tres
Completed load for: 'res://data/quests/heukrang_clear.tres' remapped 'res://data/quests/heukrang_clear.tres' at thread -1
Loading resource: res://data/quests/heukrang_seal.tres remapped: res://data/quests/heukrang_seal.tres
Completed load for: 'res://data/quests/heukrang_seal.tres' remapped 'res://data/quests/heukrang_seal.tres' at thread -1
Loading resource: res://data/quests/heukrang_thanks.tres remapped: res://data/quests/heukrang_thanks.tres
Completed load for: 'res://data/quests/heukrang_thanks.tres' remapped 'res://data/quests/heukrang_thanks.tres' at thread -1
Loading resource: res://data/areas/deulnyeok.tres remapped: res://data/areas/deulnyeok.tres
Loading resource: res://world/field_level.tscn remapped: res://world/field_level.tscn
Loading resource: res://world/field_level.gd remapped: res://world/field_level.gd
Completed load for: 'res://world/field_level.gd' remapped 'res://world/field_level.gd' at thread -1
Completed load for: 'res://world/field_level.tscn' remapped 'res://world/field_level.tscn' at thread -1
Loading resource: res://data/fields/deulnyeok.tres remapped: res://data/fields/deulnyeok.tres
Completed load for: 'res://data/fields/deulnyeok.tres' remapped 'res://data/fields/deulnyeok.tres' at thread -1
Completed load for: 'res://data/areas/deulnyeok.tres' remapped 'res://data/areas/deulnyeok.tres' at thread -1
[Save] level 못골 마을 → user://save_e2e.json (C:/Users/FORYOUCOM/AppData/Roaming/Godot/app_userdata/Joseon Hunters/wt/codex-558-combat-clock-trace/save_e2e.json)
Loading resource: res://assets/sprites/ui/skin/button.png remapped: res://assets/sprites/ui/skin/button.png
Loading resource: res://.godot/imported/button.png-74c30a6ecb008aac5d7da2e7b8a5a76b.ctex remapped: res://.godot/imported/button.png-74c30a6ecb008aac5d7da2e7b8a5a76b.ctex
Completed load for: 'res://assets/sprites/ui/skin/button.png' remapped 'res://assets/sprites/ui/skin/button.png' at thread -1
Loading resource: res://assets/sprites/ui/skin/orb.png remapped: res://assets/sprites/ui/skin/orb.png
Loading resource: res://.godot/imported/orb.png-d9d7d6540c540c1130a2426240d45573.ctex remapped: res://.godot/imported/orb.png-d9d7d6540c540c1130a2426240d45573.ctex
Completed load for: 'res://assets/sprites/ui/skin/orb.png' remapped 'res://assets/sprites/ui/skin/orb.png' at thread -1
[Dev] stairs DungeonEntrance dir=1 world=(0.0, 0.0, -31.0) screen=(2121.067, -492.4143)
[Dev] interact Merchant world=(5.4, 0.0, -2.4) screen=(1047.293, 368.0158)
[Dev] interact Shaman world=(-5.6, 0.0, 0.4) screen=(408.5833, 148.8999)
[Dev] interact Elder world=(2.0, 0.0, -5.6) screen=(1038.037, 191.6542)
[Dev] interact Jumo world=(7.1, 0.0, -1.4) screen=(1079.692, 440.1637)
[Dev] interact Waypoint world=(-4.2, 0.0, 2.2) screen=(390.0698, 234.4085)
Loading resource: res://assets/models/tilekit_stone/floor.glb remapped: res://assets/models/tilekit_stone/floor.glb
Loading resource: res://.godot/imported/floor.glb-f293aced19c5b89c69808b8bfc17b417.scn remapped: res://.godot/imported/floor.glb-f293aced19c5b89c69808b8bfc17b417.scn
Loading resource: res://assets/models/tilekit_stone/floor_floor_tex_raw.png remapped: res://assets/models/tilekit_stone/floor_floor_tex_raw.png
Loading resource: res://.godot/imported/floor_floor_tex_raw.png-5c14c00c2a83d6a2e62c039f0d0b257e.s3tc.ctex remapped: res://.godot/imported/floor_floor_tex_raw.png-5c14c00c2a83d6a2e62c039f0d0b257e.s3tc.ctex
Completed load for: 'res://assets/models/tilekit_stone/floor_floor_tex_raw.png' remapped 'res://assets/models/tilekit_stone/floor_floor_tex_raw.png' at thread -1
Completed load for: 'res://assets/models/tilekit_stone/floor.glb' remapped 'res://assets/models/tilekit_stone/floor.glb' at thread -1
Loading resource: res://assets/models/tilekit_stone/wall.glb remapped: res://assets/models/tilekit_stone/wall.glb
Loading resource: res://.godot/imported/wall.glb-84a9cbfd9a28b01b7c2199940e4675de.scn remapped: res://.godot/imported/wall.glb-84a9cbfd9a28b01b7c2199940e4675de.scn
Loading resource: res://assets/models/tilekit_stone/wall_wall_tex_raw.png remapped: res://assets/models/tilekit_stone/wall_wall_tex_raw.png
Loading resource: res://.godot/imported/wall_wall_tex_raw.png-510130a6b5af195ad6fae98fea329d2d.s3tc.ctex remapped: res://.godot/imported/wall_wall_tex_raw.png-510130a6b5af195ad6fae98fea329d2d.s3tc.ctex
Completed load for: 'res://assets/models/tilekit_stone/wall_wall_tex_raw.png' remapped 'res://assets/models/tilekit_stone/wall_wall_tex_raw.png' at thread -1
Completed load for: 'res://assets/models/tilekit_stone/wall.glb' remapped 'res://assets/models/tilekit_stone/wall.glb' at thread -1
Loading resource: res://assets/models/tilekit_stone/stairs_up.glb remapped: res://assets/models/tilekit_stone/stairs_up.glb
Loading resource: res://.godot/imported/stairs_up.glb-302a3118435847b81233c52a85cdd4f0.scn remapped: res://.godot/imported/stairs_up.glb-302a3118435847b81233c52a85cdd4f0.scn
Loading resource: res://assets/models/tilekit_stone/stairs_up_0.png remapped: res://assets/models/tilekit_stone/stairs_up_0.png
Loading resource: res://.godot/imported/stairs_up_0.png-ebf6d5ae05573ef21414fcfd7903e6e5.s3tc.ctex remapped: res://.godot/imported/stairs_up_0.png-ebf6d5ae05573ef21414fcfd7903e6e5.s3tc.ctex
Completed load for: 'res://assets/models/tilekit_stone/stairs_up_0.png' remapped 'res://assets/models/tilekit_stone/stairs_up_0.png' at thread -1
Completed load for: 'res://assets/models/tilekit_stone/stairs_up.glb' remapped 'res://assets/models/tilekit_stone/stairs_up.glb' at thread -1
Loading resource: res://assets/models/tilekit_stone/stairs_down.glb remapped: res://assets/models/tilekit_stone/stairs_down.glb
Loading resource: res://.godot/imported/stairs_down.glb-345f07b8642e8fc0d2cf84f36210206b.scn remapped: res://.godot/imported/stairs_down.glb-345f07b8642e8fc0d2cf84f36210206b.scn
Completed load for: 'res://assets/models/tilekit_stone/stairs_down.glb' remapped 'res://assets/models/tilekit_stone/stairs_down.glb' at thread -1
Loading resource: res://data/elites/_index.tres remapped: res://data/elites/_index.tres
Completed load for: 'res://data/elites/_index.tres' remapped 'res://data/elites/_index.tres' at thread -1
Loading resource: res://data/elites/cold_enchanted.tres remapped: res://data/elites/cold_enchanted.tres
Completed load for: 'res://data/elites/cold_enchanted.tres' remapped 'res://data/elites/cold_enchanted.tres' at thread -1
Loading resource: res://data/elites/commanding.tres remapped: res://data/elites/commanding.tres
Completed load for: 'res://data/elites/commanding.tres' remapped 'res://data/elites/commanding.tres' at thread -1
Loading resource: res://data/elites/cursed.tres remapped: res://data/elites/cursed.tres
Completed load for: 'res://data/elites/cursed.tres' remapped 'res://data/elites/cursed.tres' at thread -1
Loading resource: res://data/elites/extra_fast.tres remapped: res://data/elites/extra_fast.tres
Completed load for: 'res://data/elites/extra_fast.tres' remapped 'res://data/elites/extra_fast.tres' at thread -1
Loading resource: res://data/elites/extra_strong.tres remapped: res://data/elites/extra_strong.tres
Completed load for: 'res://data/elites/extra_strong.tres' remapped 'res://data/elites/extra_strong.tres' at thread -1
Loading resource: res://data/elites/fierce.tres remapped: res://data/elites/fierce.tres
Completed load for: 'res://data/elites/fierce.tres' remapped 'res://data/elites/fierce.tres' at thread -1
Loading resource: res://data/elites/fire_enchanted.tres remapped: res://data/elites/fire_enchanted.tres
Completed load for: 'res://data/elites/fire_enchanted.tres' remapped 'res://data/elites/fire_enchanted.tres' at thread -1
Loading resource: res://data/elites/ghostly.tres remapped: res://data/elites/ghostly.tres
Completed load for: 'res://data/elites/ghostly.tres' remapped 'res://data/elites/ghostly.tres' at thread -1
Loading resource: res://data/elites/leech.tres remapped: res://data/elites/leech.tres
Completed load for: 'res://data/elites/leech.tres' remapped 'res://data/elites/leech.tres' at thread -1
Loading resource: res://data/elites/lightning_enchanted.tres remapped: res://data/elites/lightning_enchanted.tres
Completed load for: 'res://data/elites/lightning_enchanted.tres' remapped 'res://data/elites/lightning_enchanted.tres' at thread -1
Loading resource: res://data/elites/magic_resistant.tres remapped: res://data/elites/magic_resistant.tres
Completed load for: 'res://data/elites/magic_resistant.tres' remapped 'res://data/elites/magic_resistant.tres' at thread -1
Loading resource: res://data/elites/mana_burn.tres remapped: res://data/elites/mana_burn.tres
Completed load for: 'res://data/elites/mana_burn.tres' remapped 'res://data/elites/mana_burn.tres' at thread -1
Loading resource: res://data/elites/multishot.tres remapped: res://data/elites/multishot.tres
Completed load for: 'res://data/elites/multishot.tres' remapped 'res://data/elites/multishot.tres' at thread -1
Loading resource: res://data/elites/possessed.tres remapped: res://data/elites/possessed.tres
Completed load for: 'res://data/elites/possessed.tres' remapped 'res://data/elites/possessed.tres' at thread -1
Loading resource: res://data/elites/sal_spreading.tres remapped: res://data/elites/sal_spreading.tres
Completed load for: 'res://data/elites/sal_spreading.tres' remapped 'res://data/elites/sal_spreading.tres' at thread -1
Loading resource: res://data/elites/spectral_hit.tres remapped: res://data/elites/spectral_hit.tres
Completed load for: 'res://data/elites/spectral_hit.tres' remapped 'res://data/elites/spectral_hit.tres' at thread -1
Loading resource: res://data/elites/stone_skin.tres remapped: res://data/elites/stone_skin.tres
Completed load for: 'res://data/elites/stone_skin.tres' remapped 'res://data/elites/stone_skin.tres' at thread -1
Loading resource: res://data/elites/summoner.tres remapped: res://data/elites/summoner.tres
Completed load for: 'res://data/elites/summoner.tres' remapped 'res://data/elites/summoner.tres' at thread -1
Loading resource: res://data/elites/swift.tres remapped: res://data/elites/swift.tres
Completed load for: 'res://data/elites/swift.tres' remapped 'res://data/elites/swift.tres' at thread -1
Loading resource: res://data/elites/teleport.tres remapped: res://data/elites/teleport.tres
Completed load for: 'res://data/elites/teleport.tres' remapped 'res://data/elites/teleport.tres' at thread -1
Loading resource: res://data/elites/tough.tres remapped: res://data/elites/tough.tres
Completed load for: 'res://data/elites/tough.tres' remapped 'res://data/elites/tough.tres' at thread -1
Loading resource: res://data/monsters/leader_names.tres remapped: res://data/monsters/leader_names.tres
Completed load for: 'res://data/monsters/leader_names.tres' remapped 'res://data/monsters/leader_names.tres' at thread -1
Loading resource: res://assets/models/bandit_v2/bandit_v2.glb remapped: res://assets/models/bandit_v2/bandit_v2.glb
Loading resource: res://.godot/imported/bandit_v2.glb-92a1b16d0958641ad2a6634535f21142.scn remapped: res://.godot/imported/bandit_v2.glb-92a1b16d0958641ad2a6634535f21142.scn
Loading resource: res://assets/models/bandit_v2/bandit_v2_bandit_tripo_anim_basecolor.png remapped: res://assets/models/bandit_v2/bandit_v2_bandit_tripo_anim_basecolor.png
Loading resource: res://.godot/imported/bandit_v2_bandit_tripo_anim_basecolor.png-d6213aad167284b47b3fe9d58759c35e.ctex remapped: res://.godot/imported/bandit_v2_bandit_tripo_anim_basecolor.png-d6213aad167284b47b3fe9d58759c35e.ctex
Completed load for: 'res://assets/models/bandit_v2/bandit_v2_bandit_tripo_anim_basecolor.png' remapped 'res://assets/models/bandit_v2/bandit_v2_bandit_tripo_anim_basecolor.png' at thread -1
Completed load for: 'res://assets/models/bandit_v2/bandit_v2.glb' remapped 'res://assets/models/bandit_v2/bandit_v2.glb' at thread -1
Loading resource: res://assets/models/weapons/bandit_club.glb remapped: res://assets/models/weapons/bandit_club.glb
Loading resource: res://.godot/imported/bandit_club.glb-7d9f64b6c425c41a8bd3edc1bb3aeb17.scn remapped: res://.godot/imported/bandit_club.glb-7d9f64b6c425c41a8bd3edc1bb3aeb17.scn
Completed load for: 'res://assets/models/weapons/bandit_club.glb' remapped 'res://assets/models/weapons/bandit_club.glb' at thread -1
Loading resource: res://assets/models/bandit_v2/bandit_v2.glb remapped: res://assets/models/bandit_v2/bandit_v2.glb
Loading resource: res://.godot/imported/bandit_v2.glb-92a1b16d0958641ad2a6634535f21142.scn remapped: res://.godot/imported/bandit_v2.glb-92a1b16d0958641ad2a6634535f21142.scn
Completed load for: 'res://assets/models/bandit_v2/bandit_v2.glb' remapped 'res://assets/models/bandit_v2/bandit_v2.glb' at thread -1
Loading resource: res://assets/models/weapons/bandit_dagger.glb remapped: res://assets/models/weapons/bandit_dagger.glb
Loading resource: res://.godot/imported/bandit_dagger.glb-83c1a21f1cfc6d4fa06aa32e4fda0b38.scn remapped: res://.godot/imported/bandit_dagger.glb-83c1a21f1cfc6d4fa06aa32e4fda0b38.scn
Completed load for: 'res://assets/models/weapons/bandit_dagger.glb' remapped 'res://assets/models/weapons/bandit_dagger.glb' at thread -1
Loading resource: res://assets/models/bandit_v2/bandit_v2.glb remapped: res://assets/models/bandit_v2/bandit_v2.glb
Loading resource: res://.godot/imported/bandit_v2.glb-92a1b16d0958641ad2a6634535f21142.scn remapped: res://.godot/imported/bandit_v2.glb-92a1b16d0958641ad2a6634535f21142.scn
Completed load for: 'res://assets/models/bandit_v2/bandit_v2.glb' remapped 'res://assets/models/bandit_v2/bandit_v2.glb' at thread -1
Loading resource: res://assets/models/weapons/bandit_dagger.glb remapped: res://assets/models/weapons/bandit_dagger.glb
Loading resource: res://.godot/imported/bandit_dagger.glb-83c1a21f1cfc6d4fa06aa32e4fda0b38.scn remapped: res://.godot/imported/bandit_dagger.glb-83c1a21f1cfc6d4fa06aa32e4fda0b38.scn
Completed load for: 'res://assets/models/weapons/bandit_dagger.glb' remapped 'res://assets/models/weapons/bandit_dagger.glb' at thread -1
Loading resource: res://assets/models/bandit_v2/bandit_v2.glb remapped: res://assets/models/bandit_v2/bandit_v2.glb
Loading resource: res://.godot/imported/bandit_v2.glb-92a1b16d0958641ad2a6634535f21142.scn remapped: res://.godot/imported/bandit_v2.glb-92a1b16d0958641ad2a6634535f21142.scn
Completed load for: 'res://assets/models/bandit_v2/bandit_v2.glb' remapped 'res://assets/models/bandit_v2/bandit_v2.glb' at thread -1
Loading resource: res://assets/models/weapons/bandit_club.glb remapped: res://assets/models/weapons/bandit_club.glb
Loading resource: res://.godot/imported/bandit_club.glb-7d9f64b6c425c41a8bd3edc1bb3aeb17.scn remapped: res://.godot/imported/bandit_club.glb-7d9f64b6c425c41a8bd3edc1bb3aeb17.scn
Completed load for: 'res://assets/models/weapons/bandit_club.glb' remapped 'res://assets/models/weapons/bandit_club.glb' at thread -1
Loading resource: res://assets/models/bandit_v2/bandit_v2.glb remapped: res://assets/models/bandit_v2/bandit_v2.glb
Loading resource: res://.godot/imported/bandit_v2.glb-92a1b16d0958641ad2a6634535f21142.scn remapped: res://.godot/imported/bandit_v2.glb-92a1b16d0958641ad2a6634535f21142.scn
Completed load for: 'res://assets/models/bandit_v2/bandit_v2.glb' remapped 'res://assets/models/bandit_v2/bandit_v2.glb' at thread -1
Loading resource: res://assets/models/weapons/bandit_club.glb remapped: res://assets/models/weapons/bandit_club.glb
Loading resource: res://.godot/imported/bandit_club.glb-7d9f64b6c425c41a8bd3edc1bb3aeb17.scn remapped: res://.godot/imported/bandit_club.glb-7d9f64b6c425c41a8bd3edc1bb3aeb17.scn
Completed load for: 'res://assets/models/weapons/bandit_club.glb' remapped 'res://assets/models/weapons/bandit_club.glb' at thread -1
Loading resource: res://assets/models/bandit_v2/bandit_v2.glb remapped: res://assets/models/bandit_v2/bandit_v2.glb
Loading resource: res://.godot/imported/bandit_v2.glb-92a1b16d0958641ad2a6634535f21142.scn remapped: res://.godot/imported/bandit_v2.glb-92a1b16d0958641ad2a6634535f21142.scn
Completed load for: 'res://assets/models/bandit_v2/bandit_v2.glb' remapped 'res://assets/models/bandit_v2/bandit_v2.glb' at thread -1
Loading resource: res://assets/models/weapons/bandit_dagger.glb remapped: res://assets/models/weapons/bandit_dagger.glb
Loading resource: res://.godot/imported/bandit_dagger.glb-83c1a21f1cfc6d4fa06aa32e4fda0b38.scn remapped: res://.godot/imported/bandit_dagger.glb-83c1a21f1cfc6d4fa06aa32e4fda0b38.scn
Completed load for: 'res://assets/models/weapons/bandit_dagger.glb' remapped 'res://assets/models/weapons/bandit_dagger.glb' at thread -1
Loading resource: res://assets/models/bat/bat.glb remapped: res://assets/models/bat/bat.glb
Loading resource: res://.godot/imported/bat.glb-391f1bd0f714ca6c9bc0fa16b2e25407.scn remapped: res://.godot/imported/bat.glb-391f1bd0f714ca6c9bc0fa16b2e25407.scn
Loading resource: res://assets/models/bat/bat_0.jpg remapped: res://assets/models/bat/bat_0.jpg
Loading resource: res://.godot/imported/bat_0.jpg-8ffe1fbb0f7c61101041b4327b6fc08e.ctex remapped: res://.godot/imported/bat_0.jpg-8ffe1fbb0f7c61101041b4327b6fc08e.ctex
Completed load for: 'res://assets/models/bat/bat_0.jpg' remapped 'res://assets/models/bat/bat_0.jpg' at thread -1
Completed load for: 'res://assets/models/bat/bat.glb' remapped 'res://assets/models/bat/bat.glb' at thread -1
Loading resource: res://assets/models/bat/bat.glb remapped: res://assets/models/bat/bat.glb
Loading resource: res://.godot/imported/bat.glb-391f1bd0f714ca6c9bc0fa16b2e25407.scn remapped: res://.godot/imported/bat.glb-391f1bd0f714ca6c9bc0fa16b2e25407.scn
Completed load for: 'res://assets/models/bat/bat.glb' remapped 'res://assets/models/bat/bat.glb' at thread -1
Loading resource: res://assets/models/bat/bat.glb remapped: res://assets/models/bat/bat.glb
Loading resource: res://.godot/imported/bat.glb-391f1bd0f714ca6c9bc0fa16b2e25407.scn remapped: res://.godot/imported/bat.glb-391f1bd0f714ca6c9bc0fa16b2e25407.scn
Completed load for: 'res://assets/models/bat/bat.glb' remapped 'res://assets/models/bat/bat.glb' at thread -1
Loading resource: res://assets/models/bat/bat.glb remapped: res://assets/models/bat/bat.glb
Loading resource: res://.godot/imported/bat.glb-391f1bd0f714ca6c9bc0fa16b2e25407.scn remapped: res://.godot/imported/bat.glb-391f1bd0f714ca6c9bc0fa16b2e25407.scn
Completed load for: 'res://assets/models/bat/bat.glb' remapped 'res://assets/models/bat/bat.glb' at thread -1
Loading resource: res://assets/models/bat/bat.glb remapped: res://assets/models/bat/bat.glb
Loading resource: res://.godot/imported/bat.glb-391f1bd0f714ca6c9bc0fa16b2e25407.scn remapped: res://.godot/imported/bat.glb-391f1bd0f714ca6c9bc0fa16b2e25407.scn
Completed load for: 'res://assets/models/bat/bat.glb' remapped 'res://assets/models/bat/bat.glb' at thread -1
Loading resource: res://assets/models/bandit_v2/bandit_v2.glb remapped: res://assets/models/bandit_v2/bandit_v2.glb
Loading resource: res://.godot/imported/bandit_v2.glb-92a1b16d0958641ad2a6634535f21142.scn remapped: res://.godot/imported/bandit_v2.glb-92a1b16d0958641ad2a6634535f21142.scn
Completed load for: 'res://assets/models/bandit_v2/bandit_v2.glb' remapped 'res://assets/models/bandit_v2/bandit_v2.glb' at thread -1
Loading resource: res://assets/models/weapons/bandit_dagger.glb remapped: res://assets/models/weapons/bandit_dagger.glb
Loading resource: res://.godot/imported/bandit_dagger.glb-83c1a21f1cfc6d4fa06aa32e4fda0b38.scn remapped: res://.godot/imported/bandit_dagger.glb-83c1a21f1cfc6d4fa06aa32e4fda0b38.scn
Completed load for: 'res://assets/models/weapons/bandit_dagger.glb' remapped 'res://assets/models/weapons/bandit_dagger.glb' at thread -1
Loading resource: res://assets/models/bandit_v2/bandit_v2.glb remapped: res://assets/models/bandit_v2/bandit_v2.glb
Loading resource: res://.godot/imported/bandit_v2.glb-92a1b16d0958641ad2a6634535f21142.scn remapped: res://.godot/imported/bandit_v2.glb-92a1b16d0958641ad2a6634535f21142.scn
Completed load for: 'res://assets/models/bandit_v2/bandit_v2.glb' remapped 'res://assets/models/bandit_v2/bandit_v2.glb' at thread -1
Loading resource: res://assets/models/weapons/bandit_club.glb remapped: res://assets/models/weapons/bandit_club.glb
Loading resource: res://.godot/imported/bandit_club.glb-7d9f64b6c425c41a8bd3edc1bb3aeb17.scn remapped: res://.godot/imported/bandit_club.glb-7d9f64b6c425c41a8bd3edc1bb3aeb17.scn
Completed load for: 'res://assets/models/weapons/bandit_club.glb' remapped 'res://assets/models/weapons/bandit_club.glb' at thread -1
Loading resource: res://assets/models/bandit_v2/bandit_v2.glb remapped: res://assets/models/bandit_v2/bandit_v2.glb
Loading resource: res://.godot/imported/bandit_v2.glb-92a1b16d0958641ad2a6634535f21142.scn remapped: res://.godot/imported/bandit_v2.glb-92a1b16d0958641ad2a6634535f21142.scn
Completed load for: 'res://assets/models/bandit_v2/bandit_v2.glb' remapped 'res://assets/models/bandit_v2/bandit_v2.glb' at thread -1
Loading resource: res://assets/models/weapons/bandit_dagger.glb remapped: res://assets/models/weapons/bandit_dagger.glb
Loading resource: res://.godot/imported/bandit_dagger.glb-83c1a21f1cfc6d4fa06aa32e4fda0b38.scn remapped: res://.godot/imported/bandit_dagger.glb-83c1a21f1cfc6d4fa06aa32e4fda0b38.scn
Completed load for: 'res://assets/models/weapons/bandit_dagger.glb' remapped 'res://assets/models/weapons/bandit_dagger.glb' at thread -1
Loading resource: res://assets/models/bandit_v2/bandit_v2.glb remapped: res://assets/models/bandit_v2/bandit_v2.glb
Loading resource: res://.godot/imported/bandit_v2.glb-92a1b16d0958641ad2a6634535f21142.scn remapped: res://.godot/imported/bandit_v2.glb-92a1b16d0958641ad2a6634535f21142.scn
Completed load for: 'res://assets/models/bandit_v2/bandit_v2.glb' remapped 'res://assets/models/bandit_v2/bandit_v2.glb' at thread -1
Loading resource: res://assets/models/weapons/bandit_club.glb remapped: res://assets/models/weapons/bandit_club.glb
Loading resource: res://.godot/imported/bandit_club.glb-7d9f64b6c425c41a8bd3edc1bb3aeb17.scn remapped: res://.godot/imported/bandit_club.glb-7d9f64b6c425c41a8bd3edc1bb3aeb17.scn
Completed load for: 'res://assets/models/weapons/bandit_club.glb' remapped 'res://assets/models/weapons/bandit_club.glb' at thread -1
Loading resource: res://assets/models/bandit_v2/bandit_v2.glb remapped: res://assets/models/bandit_v2/bandit_v2.glb
Loading resource: res://.godot/imported/bandit_v2.glb-92a1b16d0958641ad2a6634535f21142.scn remapped: res://.godot/imported/bandit_v2.glb-92a1b16d0958641ad2a6634535f21142.scn
Completed load for: 'res://assets/models/bandit_v2/bandit_v2.glb' remapped 'res://assets/models/bandit_v2/bandit_v2.glb' at thread -1
Loading resource: res://assets/models/weapons/bandit_dagger.glb remapped: res://assets/models/weapons/bandit_dagger.glb
Loading resource: res://.godot/imported/bandit_dagger.glb-83c1a21f1cfc6d4fa06aa32e4fda0b38.scn remapped: res://.godot/imported/bandit_dagger.glb-83c1a21f1cfc6d4fa06aa32e4fda0b38.scn
Completed load for: 'res://assets/models/weapons/bandit_dagger.glb' remapped 'res://assets/models/weapons/bandit_dagger.glb' at thread -1
Loading resource: res://assets/models/bandit_v2/bandit_v2.glb remapped: res://assets/models/bandit_v2/bandit_v2.glb
Loading resource: res://.godot/imported/bandit_v2.glb-92a1b16d0958641ad2a6634535f21142.scn remapped: res://.godot/imported/bandit_v2.glb-92a1b16d0958641ad2a6634535f21142.scn
Completed load for: 'res://assets/models/bandit_v2/bandit_v2.glb' remapped 'res://assets/models/bandit_v2/bandit_v2.glb' at thread -1
Loading resource: res://assets/models/weapons/bandit_club.glb remapped: res://assets/models/weapons/bandit_club.glb
Loading resource: res://.godot/imported/bandit_club.glb-7d9f64b6c425c41a8bd3edc1bb3aeb17.scn remapped: res://.godot/imported/bandit_club.glb-7d9f64b6c425c41a8bd3edc1bb3aeb17.scn
Completed load for: 'res://assets/models/weapons/bandit_club.glb' remapped 'res://assets/models/weapons/bandit_club.glb' at thread -1
Loading resource: res://assets/models/bandit_v2/bandit_v2.glb remapped: res://assets/models/bandit_v2/bandit_v2.glb
Loading resource: res://.godot/imported/bandit_v2.glb-92a1b16d0958641ad2a6634535f21142.scn remapped: res://.godot/imported/bandit_v2.glb-92a1b16d0958641ad2a6634535f21142.scn
Completed load for: 'res://assets/models/bandit_v2/bandit_v2.glb' remapped 'res://assets/models/bandit_v2/bandit_v2.glb' at thread -1
Loading resource: res://assets/models/weapons/bandit_club.glb remapped: res://assets/models/weapons/bandit_club.glb
Loading resource: res://.godot/imported/bandit_club.glb-7d9f64b6c425c41a8bd3edc1bb3aeb17.scn remapped: res://.godot/imported/bandit_club.glb-7d9f64b6c425c41a8bd3edc1bb3aeb17.scn
Completed load for: 'res://assets/models/weapons/bandit_club.glb' remapped 'res://assets/models/weapons/bandit_club.glb' at thread -1
Loading resource: res://assets/models/bandit_v2/bandit_v2.glb remapped: res://assets/models/bandit_v2/bandit_v2.glb
Loading resource: res://.godot/imported/bandit_v2.glb-92a1b16d0958641ad2a6634535f21142.scn remapped: res://.godot/imported/bandit_v2.glb-92a1b16d0958641ad2a6634535f21142.scn
Completed load for: 'res://assets/models/bandit_v2/bandit_v2.glb' remapped 'res://assets/models/bandit_v2/bandit_v2.glb' at thread -1
Loading resource: res://assets/models/weapons/bandit_dagger.glb remapped: res://assets/models/weapons/bandit_dagger.glb
Loading resource: res://.godot/imported/bandit_dagger.glb-83c1a21f1cfc6d4fa06aa32e4fda0b38.scn remapped: res://.godot/imported/bandit_dagger.glb-83c1a21f1cfc6d4fa06aa32e4fda0b38.scn
Completed load for: 'res://assets/models/weapons/bandit_dagger.glb' remapped 'res://assets/models/weapons/bandit_dagger.glb' at thread -1
Loading resource: res://assets/models/bandit_v2/bandit_v2.glb remapped: res://assets/models/bandit_v2/bandit_v2.glb
Loading resource: res://.godot/imported/bandit_v2.glb-92a1b16d0958641ad2a6634535f21142.scn remapped: res://.godot/imported/bandit_v2.glb-92a1b16d0958641ad2a6634535f21142.scn
Completed load for: 'res://assets/models/bandit_v2/bandit_v2.glb' remapped 'res://assets/models/bandit_v2/bandit_v2.glb' at thread -1
Loading resource: res://assets/models/weapons/bandit_dagger.glb remapped: res://assets/models/weapons/bandit_dagger.glb
Loading resource: res://.godot/imported/bandit_dagger.glb-83c1a21f1cfc6d4fa06aa32e4fda0b38.scn remapped: res://.godot/imported/bandit_dagger.glb-83c1a21f1cfc6d4fa06aa32e4fda0b38.scn
Completed load for: 'res://assets/models/weapons/bandit_dagger.glb' remapped 'res://assets/models/weapons/bandit_dagger.glb' at thread -1
Loading resource: res://actors/pus_jar.tscn remapped: res://actors/pus_jar.tscn
Completed load for: 'res://actors/pus_jar.tscn' remapped 'res://actors/pus_jar.tscn' at thread -1
Loading resource: res://actors/pus_jar.tscn remapped: res://actors/pus_jar.tscn
Completed load for: 'res://actors/pus_jar.tscn' remapped 'res://actors/pus_jar.tscn' at thread -1
Loading resource: res://actors/pus_jar.tscn remapped: res://actors/pus_jar.tscn
Completed load for: 'res://actors/pus_jar.tscn' remapped 'res://actors/pus_jar.tscn' at thread -1
[Dungeon] heukrang_gul 1층 lv=2 seed=403727558 gen 64x64 rooms=6 up=(44, 56) down=(7, 23) enemies=20 roster=bandit,bat,talisman_master elites=["방2:금색×3(깊이 0.50)"] named=-
Loading resource: res://actors/loot_chest.tscn remapped: res://actors/loot_chest.tscn
Loading resource: res://actors/loot_prop.gd remapped: res://actors/loot_prop.gd
Completed load for: 'res://actors/loot_prop.gd' remapped 'res://actors/loot_prop.gd' at thread -1
Completed load for: 'res://actors/loot_chest.tscn' remapped 'res://actors/loot_chest.tscn' at thread -1
Loading resource: res://actors/loot_chest.tscn remapped: res://actors/loot_chest.tscn
Completed load for: 'res://actors/loot_chest.tscn' remapped 'res://actors/loot_chest.tscn' at thread -1
Loading resource: res://actors/loot_pot.tscn remapped: res://actors/loot_pot.tscn
Completed load for: 'res://actors/loot_pot.tscn' remapped 'res://actors/loot_pot.tscn' at thread -1
Loading resource: res://actors/loot_pot.tscn remapped: res://actors/loot_pot.tscn
Completed load for: 'res://actors/loot_pot.tscn' remapped 'res://actors/loot_pot.tscn' at thread -1
Loading resource: res://actors/loot_pot.tscn remapped: res://actors/loot_pot.tscn
Completed load for: 'res://actors/loot_pot.tscn' remapped 'res://actors/loot_pot.tscn' at thread -1
Loading resource: res://actors/loot_pot.tscn remapped: res://actors/loot_pot.tscn
Completed load for: 'res://actors/loot_pot.tscn' remapped 'res://actors/loot_pot.tscn' at thread -1
Loading resource: res://actors/loot_pot.tscn remapped: res://actors/loot_pot.tscn
Completed load for: 'res://actors/loot_pot.tscn' remapped 'res://actors/loot_pot.tscn' at thread -1
Loading resource: res://actors/loot_pot.tscn remapped: res://actors/loot_pot.tscn
Completed load for: 'res://actors/loot_pot.tscn' remapped 'res://actors/loot_pot.tscn' at thread -1
Loading resource: res://actors/loot_pot.tscn remapped: res://actors/loot_pot.tscn
Completed load for: 'res://actors/loot_pot.tscn' remapped 'res://actors/loot_pot.tscn' at thread -1
Loading resource: res://assets/audio/bgm/dungeon_4.ogg remapped: res://assets/audio/bgm/dungeon_4.ogg
Loading resource: res://.godot/imported/dungeon_4.ogg-5c96e9ef08dae1354ee9d9395a57c36d.oggvorbisstr remapped: res://.godot/imported/dungeon_4.ogg-5c96e9ef08dae1354ee9d9395a57c36d.oggvorbisstr
Completed load for: 'res://assets/audio/bgm/dungeon_4.ogg' remapped 'res://assets/audio/bgm/dungeon_4.ogg' at thread -1
[Audio] BGM dungeon → dungeon_4.ogg
Loading resource: res://assets/audio/amb/amb_dungeon.ogg remapped: res://assets/audio/amb/amb_dungeon.ogg
Loading resource: res://.godot/imported/amb_dungeon.ogg-fe814e3197d7d6f8ec6d2b41a02cbba5.oggvorbisstr remapped: res://.godot/imported/amb_dungeon.ogg-fe814e3197d7d6f8ec6d2b41a02cbba5.oggvorbisstr
Completed load for: 'res://assets/audio/amb/amb_dungeon.ogg' remapped 'res://assets/audio/amb/amb_dungeon.ogg' at thread -1
[Quest] heukrang_gul 1층 — 싹쓸이 셈 시작 20 (heukrang_clear:none)
[Save] level 흑랑 굴 1층 → user://save_e2e.json (C:/Users/FORYOUCOM/AppData/Roaming/Godot/app_userdata/Joseon Hunters/wt/codex-558-combat-clock-trace/save_e2e.json)
[Dev] stairs StairsUp dir=-1 world=(44.5, 0.0, 56.5) screen=(593.7165, 335.9509)
[Dev] stairs StairsDown dir=1 world=(7.5, 0.0, 23.5) screen=(408.583, -1534.551)
[Dev] interact PusJar world=(29.5, 0.0, 42.5) screen=(547.433, -487.0705)
[Dev] interact @Area3D@604 world=(14.5, 0.0, 24.5) screen=(686.2831, -1368.878)
[Dev] interact @Area3D@605 world=(23.5, 0.0, 18.5) screen=(1380.534, -1288.714)
[Dev] interact LootChest world=(29.5, 0.0, 39.5) screen=(686.2831, -567.2349)
[Dev] interact @Area3D@606 world=(40.5, 0.0, 38.5) screen=(1241.683, -300.0204)
[Dev] interact LootPot world=(21.5, 0.0, 43.5) screen=(130.8828, -674.1207)
[Dev] interact @Area3D@607 world=(22.5, 0.0, 44.5) screen=(130.8829, -620.6779)
[Dev] interact @Area3D@608 world=(19.5, 0.0, 9.5) screen=(1611.95, -1636.093)
[Dev] interact @Area3D@609 world=(20.5, 0.0, 9.5) screen=(1658.234, -1609.372)
[Dev] interact @Area3D@610 world=(44.5, 0.0, 51.5) screen=(825.1333, 154.2443)
[Dev] interact @Area3D@611 world=(44.5, 0.0, 52.5) screen=(778.8499, 180.9657)
[Dev] interact @Area3D@612 world=(21.5, 0.0, 39.5) screen=(316.0163, -781.0065)
  · 흑랑 준비 key=93 physics=6 expected=6
Loading resource: res://assets/models/tilekit_stone/floor.glb remapped: res://assets/models/tilekit_stone/floor.glb
Loading resource: res://.godot/imported/floor.glb-f293aced19c5b89c69808b8bfc17b417.scn remapped: res://.godot/imported/floor.glb-f293aced19c5b89c69808b8bfc17b417.scn
Completed load for: 'res://assets/models/tilekit_stone/floor.glb' remapped 'res://assets/models/tilekit_stone/floor.glb' at thread -1
Loading resource: res://assets/models/tilekit_stone/wall.glb remapped: res://assets/models/tilekit_stone/wall.glb
Loading resource: res://.godot/imported/wall.glb-84a9cbfd9a28b01b7c2199940e4675de.scn remapped: res://.godot/imported/wall.glb-84a9cbfd9a28b01b7c2199940e4675de.scn
Completed load for: 'res://assets/models/tilekit_stone/wall.glb' remapped 'res://assets/models/tilekit_stone/wall.glb' at thread -1
Loading resource: res://assets/models/tilekit_stone/stairs_up.glb remapped: res://assets/models/tilekit_stone/stairs_up.glb
Loading resource: res://.godot/imported/stairs_up.glb-302a3118435847b81233c52a85cdd4f0.scn remapped: res://.godot/imported/stairs_up.glb-302a3118435847b81233c52a85cdd4f0.scn
Completed load for: 'res://assets/models/tilekit_stone/stairs_up.glb' remapped 'res://assets/models/tilekit_stone/stairs_up.glb' at thread -1
Loading resource: res://assets/models/bat/bat.glb remapped: res://assets/models/bat/bat.glb
Loading resource: res://.godot/imported/bat.glb-391f1bd0f714ca6c9bc0fa16b2e25407.scn remapped: res://.godot/imported/bat.glb-391f1bd0f714ca6c9bc0fa16b2e25407.scn
Completed load for: 'res://assets/models/bat/bat.glb' remapped 'res://assets/models/bat/bat.glb' at thread -1
Loading resource: res://assets/models/bat/bat.glb remapped: res://assets/models/bat/bat.glb
Loading resource: res://.godot/imported/bat.glb-391f1bd0f714ca6c9bc0fa16b2e25407.scn remapped: res://.godot/imported/bat.glb-391f1bd0f714ca6c9bc0fa16b2e25407.scn
Completed load for: 'res://assets/models/bat/bat.glb' remapped 'res://assets/models/bat/bat.glb' at thread -1
Loading resource: res://assets/models/boss_heukrang/boss_heukrang.glb remapped: res://assets/models/boss_heukrang/boss_heukrang.glb
Loading resource: res://.godot/imported/boss_heukrang.glb-88f9aedd3b4901e27a88d18992648bce.scn remapped: res://.godot/imported/boss_heukrang.glb-88f9aedd3b4901e27a88d18992648bce.scn
Loading resource: res://assets/models/boss_heukrang/boss_heukrang_Material_001_albedo.jpg remapped: res://assets/models/boss_heukrang/boss_heukrang_Material_001_albedo.jpg
Loading resource: res://.godot/imported/boss_heukrang_Material_001_albedo.jpg-ce2874a25955651ec30a2d4923d4d9ff.ctex remapped: res://.godot/imported/boss_heukrang_Material_001_albedo.jpg-ce2874a25955651ec30a2d4923d4d9ff.ctex
Completed load for: 'res://assets/models/boss_heukrang/boss_heukrang_Material_001_albedo.jpg' remapped 'res://assets/models/boss_heukrang/boss_heukrang_Material_001_albedo.jpg' at thread -1
Completed load for: 'res://assets/models/boss_heukrang/boss_heukrang.glb' remapped 'res://assets/models/boss_heukrang/boss_heukrang.glb' at thread -1
[Dungeon] heukrang_gul 2층 lv=3 seed=3189434797 preset 28x28 rooms=2 up=(22, 23) down=(-1, -1) enemies=2 roster=bat elites=[] named=-
Loading resource: res://assets/audio/bgm/boss.ogg remapped: res://assets/audio/bgm/boss.ogg
Loading resource: res://.godot/imported/boss.ogg-09c36540d1730eadef446ffb02f2f5df.oggvorbisstr remapped: res://.godot/imported/boss.ogg-09c36540d1730eadef446ffb02f2f5df.oggvorbisstr
Completed load for: 'res://assets/audio/bgm/boss.ogg' remapped 'res://assets/audio/bgm/boss.ogg' at thread -1
[Audio] BGM boss → boss.ogg
[Save] level 흑랑 굴 2층 → user://save_e2e.json (C:/Users/FORYOUCOM/AppData/Roaming/Godot/app_userdata/Joseon Hunters/wt/codex-558-combat-clock-trace/save_e2e.json)
[Dev] stairs StairsUp dir=-1 world=(22.5, 0.0, 23.5) screen=(593.7167, 335.9507)
  · 흑랑 준비 key=93 physics=6 expected=6
[Dev] near boss hp=195/195
  · 흑랑 준비 key=86 physics=5 expected=5
BALANCE_RNG_LEVEL_TICKS loads=[{ "floor": 1, "tick": 36 }, { "floor": 2, "tick": 44 }] events=[{ "key": 93, "pressed": true, "tick": 36 }, { "key": 93, "pressed": false, "tick": 37 }, { "key": 93, "pressed": true, "tick": 44 }, { "key": 93, "pressed": false, "tick": 45 }, { "key": 86, "pressed": true, "tick": 51 }, { "key": 86, "pressed": false, "tick": 52 }]
BALANCE_RNG_TEST checks=48 fails=0 PASS
XR: Clearing primary interface
XR: Removed interface "Native mobile"
XR: Removed interface "OpenXR"
Leaked instance: OggPacketSequencePlayback:9223372505408868306 - Reference count: 1
Leaked instance: AudioStreamPlaybackOggVorbis:9223372505392091098 - Reference count: 1
Leaked instance: AudioStreamOggVorbis:9223372505291427803 - Reference count: 1
Leaked instance: OggPacketSequence:9223372505274650588 - Reference count: 3
Leaked instance: AudioStreamPlaybackOggVorbis:9223372490980465149 - Reference count: 1
Leaked instance: OggPacketSequencePlayback:9223372490997242366 - Reference count: 1
Leaked instance: OggPacketSequence:9223372490896579071 - Reference count: 3
Leaked instance: AudioStreamOggVorbis:9223372490913356288 - Reference count: 1
Hint: Leaked instances typically happen when nodes are removed from the scene tree (with `remove_child()`) but not freed (with `free()` or `queue_free()`).
Resource still in use: res://assets/audio/amb/amb_dungeon.ogg::OggPacketSequence_wnvuu (OggPacketSequence)
Resource still in use: res://assets/audio/amb/amb_dungeon.ogg (AudioStreamOggVorbis)
Resource still in use: res://assets/audio/bgm/boss.ogg::OggPacketSequence_4nyhb (OggPacketSequence)
Resource still in use: res://assets/audio/bgm/boss.ogg (AudioStreamOggVorbis)
Orphan StringName: Music (static: 0, total: 4)
StringName: 1 unclaimed string names at exit.
