Godot Engine v4.7.2.stable.steam.ed1daf0bf - https://godotengine.org

[DevMode] ON
[godot_ai game_helper] registered mcp capture (debugger active=false, logger=true)
Joseon Hunters dev
[Audio] BGM town → town.ogg
[Save] level 못골 마을 → user://save_e2e.json (C:/Users/FORYOUCOM/AppData/Roaming/Godot/app_userdata/Joseon Hunters/wt/codex-554-item-window-contract/save_e2e.json)
[Dev] stairs DungeonEntrance dir=1 world=(0.0, 0.0, -31.0) screen=(2121.067, -492.4143)
[Dev] interact Merchant world=(5.4, 0.0, -2.4) screen=(1047.293, 368.0158)
[Dev] interact Shaman world=(-5.6, 0.0, 0.4) screen=(408.5833, 148.8999)
[Dev] interact Elder world=(2.0, 0.0, -5.6) screen=(1038.037, 191.6542)
[Dev] interact Jumo world=(7.1, 0.0, -1.4) screen=(1079.692, 440.1637)
[Dev] interact Waypoint world=(-4.2, 0.0, 2.2) screen=(390.0698, 234.4085)
E2E start: character_profiles, quest_journal, hud_orb_fx, npc_hover_view, elite_ui_view, hud_hierarchy_view, pickup_feedback_view, icon_intake, automap, pickup_equip, equipment_ui, inactive_gear, portal_roundtrip, waypoint, vendor_quest, vendor_prices, chief_quest, shaman_heal, save_continue, boss_floor, boss_bulgasari, bulgasari_path, boss_jangsanbeom, heukrang_look, heukrang_pounce, visual_swap, run_upright, teleport_settle, hit_feel, element_affix, affix_combat, attack_chain, aspd_steps, skill_then_attack, anim_commit, invisible_sword, heavy_react, pack_ai, kill_slump, kill_bisect, slice_deaths, monster_motion_gallery, element_status, element_ui, talisman_targeting, talisman_throw, talisman_aoe, loot_drop, potion_icons, potion_tiers, loot_props, elite_pack, elite_slots, flee_chase, verify_flows, player_death, wall_cutaway, floor_seams, char_light, town_layout, town_approach, ui_windows, story_cutin, dialogue_band, dialogue_event, ui_docks, ui_tooltips, belt_unify, item_ui, skill_picker, skill_icons, vfx_cues, vfx_cap_blood, skill_area, skill_tiers, aoe_skills, aoe_skills_2, build_changers, dungeon_layout, beomgul_walk, mine_walk, bongmil_walk, town_exits, field_layout, field2_layout, gate_hover, pack_density, slice_loop, plaza_light, town_tour, aoe_field, long_body, named_imugi, serpent_models, pus_jar, roles, roster_swap, gimmicks_m10, behaviors_m9, female_f1, female_float, m14_models, leader_options, surround, weapon_visibility, first_magic, hover_target, system_menu
E2E skip: balance_room, balance_boss, hit_stagger, pack_perf, bodies_cap, gimmicks, item_showcase, footsteps, audio_cues, sfx_limiter (단독 묶음 — 다른 실행이 따로 돈다, #553)
[Save] level 못골 마을 → user://save_e2e.json (C:/Users/FORYOUCOM/AppData/Roaming/Godot/app_userdata/Joseon Hunters/wt/codex-554-item-window-contract/save_e2e.json)
[Dev] stairs DungeonEntrance dir=1 world=(0.0, 0.0, -31.0) screen=(2121.067, -492.4143)
[Dev] interact Merchant world=(5.4, 0.0, -2.4) screen=(1047.293, 368.0158)
[Dev] interact Shaman world=(-5.6, 0.0, 0.4) screen=(408.5833, 148.8999)
[Dev] interact Elder world=(2.0, 0.0, -5.6) screen=(1038.037, 191.6542)
[Dev] interact Jumo world=(7.1, 0.0, -1.4) screen=(1079.692, 440.1637)
[Dev] interact Waypoint world=(-4.2, 0.0, 2.2) screen=(390.0698, 234.4085)
E2E ▶ character_profiles
[Load] lv=1 gold=0 flags={ "opening_pending": false } portal=<null> wps=[]
[Save] level 못골 마을 → user://profiles_e2e_550_3351897.json.characters/doho_dfe9e18d6693d5ecb817a57c.json (C:/Users/FORYOUCOM/AppData/Roaming/Godot/app_userdata/Joseon Hunters/wt/codex-554-item-window-contract/profiles_e2e_550_3351897.json.characters/doho_dfe9e18d6693d5ecb817a57c.json)
[Dev] stairs DungeonEntrance dir=1 world=(0.0, 0.0, -31.0) screen=(2121.067, -492.4143)
[Dev] interact Merchant world=(5.4, 0.0, -2.4) screen=(1047.293, 368.0158)
[Dev] interact Shaman world=(-5.6, 0.0, 0.4) screen=(408.5833, 148.8999)
[Dev] interact Elder world=(2.0, 0.0, -5.6) screen=(1038.037, 191.6542)
[Dev] interact Jumo world=(7.1, 0.0, -1.4) screen=(1079.692, 440.1637)
[Dev] interact Waypoint world=(-4.2, 0.0, 2.2) screen=(390.0698, 234.4085)
[Dev] item 화염부 world=(32.5, 0.0, 70.5) screen=(-1072.484, 3070.205)
[Dev] item 빙결부 world=(33.5, 0.0, 69.5) screen=(-979.9173, 3070.205)
[Field] deulnyeok seed=2770444907 128x128 props=2375 packs=17 enemies=64 waypoint=(60, 60) roster=bandit,bat,talisman_master elites=["8:파란×4@구간2"]
[Audio] BGM dungeon → dungeon_1.ogg
[Save] level 못골 들녘 → user://profiles_e2e_550_3351897.json.characters/doho_dfe9e18d6693d5ecb817a57c.json (C:/Users/FORYOUCOM/AppData/Roaming/Godot/app_userdata/Joseon Hunters/wt/codex-554-item-window-contract/profiles_e2e_550_3351897.json.characters/doho_dfe9e18d6693d5ecb817a57c.json)
[Dev] stairs Down_cave dir=1 world=(88.5, 0.0, 3.5) screen=(7212.236, 897.1014)
[Dev] interact Waypoint world=(60.5, 0.0, 60.5) screen=(3278.151, 1623.924)
[Dev] interact FloorItem world=(32.5, 0.0, 70.5) screen=(1519.384, 1142.938)
[Dev] interact @Area3D@1037 world=(33.5, 0.0, 69.5) screen=(1611.95, 1142.938)
[Dev] interact PusJar world=(95.5, 0.0, 103.5) screen=(2907.884, 3708.197)
[Dev] interact @Area3D@1164 world=(101.5, 0.0, 105.5) screen=(3093.018, 3921.969)
[Dev] interact @Area3D@1165 world=(98.5, 0.0, 107.5) screen=(2861.601, 3895.247)
[Dev] interact LootChest world=(29.5, 0.0, 72.5) screen=(1287.967, 1116.216)
[Dev] interact @Area3D@1166 world=(101.5, 0.0, 103.5) screen=(3185.585, 3868.526)
[Dev] interact @Area3D@1167 world=(61.5, 0.0, 53.5) screen=(3648.418, 1463.595)
[Dev] interact LootPot world=(101.5, 0.0, 100.5) screen=(3324.435, 3788.362)
[Dev] interact @Area3D@1168 world=(76.5, 0.0, 86.5) screen=(2815.317, 2746.225)
[Dev] interact @Area3D@1169 world=(64.5, 0.0, 69.5) screen=(3046.734, 1971.303)
[Dev] interact @Area3D@1170 world=(88.5, 0.0, 98.5) screen=(2815.317, 3387.54)
[Dev] interact @Area3D@1171 world=(14.5, 0.0, 62.5) screen=(1056.55, 448.1802)
[Dev] interact @Area3D@1172 world=(51.5, 0.0, 75.5) screen=(2167.351, 1784.253)
[Dev] interact @Area3D@1173 world=(59.5, 0.0, 65.5) screen=(3000.451, 1730.81)
[Dev] interact @Area3D@1174 world=(32.5, 0.0, 62.5) screen=(1889.65, 929.1664)
[Dev] interact @Area3D@1175 world=(75.5, 0.0, 18.5) screen=(5916.302, 902.4449)
[Dev] interact @Area3D@1176 world=(74.5, 0.0, 38.5) screen=(4944.352, 1410.152)
[Dev] interact @Area3D@1177 world=(92.5, 0.0, 6.5) screen=(7258.52, 1036.052)
[Dev] interact @Area3D@1178 world=(27.5, 0.0, 70.5) screen=(1287.967, 1009.331)
[Dev] interact @Area3D@1179 world=(57.5, 0.0, 48.5) screen=(3694.701, 1223.102)
[Dev] interact @Area3D@1180 world=(112.5, 0.0, 47.5) screen=(6286.569, 2666.061)
[Save] system menu → user://profiles_e2e_550_3351897.json.characters/doho_dfe9e18d6693d5ecb817a57c.json (C:/Users/FORYOUCOM/AppData/Roaming/Godot/app_userdata/Joseon Hunters/wt/codex-554-item-window-contract/profiles_e2e_550_3351897.json.characters/doho_dfe9e18d6693d5ecb817a57c.json)
WARNING: SaveSystem: 같은 이름의 캐릭터가 있습니다
   at: push_warning (core/variant/variant_utility.cpp:1033)
   GDScript backtrace (most recent call first):
       [0] _failed (res://core/save_system.gd:206)
       [1] create_profile (res://core/save_system.gd:59)
       [2] _on_character_created (res://world/main.gd:106)
       [3] _create (res://ui/title_ui.gd:210)
       [4] _on_click (res://ui/title_ui.gd:261)
       [5] _input (res://ui/panel_ui.gd:128)
       [6] _input (res://ui/title_ui.gd:237)
[Load] lv=1 gold=0 flags={ "opening_pending": false } portal=<null> wps=[]
[Audio] BGM town → town.ogg
[Save] level 못골 마을 → user://profiles_e2e_550_3351897.json.characters/doho_c391015403f623e888dac7b1.json (C:/Users/FORYOUCOM/AppData/Roaming/Godot/app_userdata/Joseon Hunters/wt/codex-554-item-window-contract/profiles_e2e_550_3351897.json.characters/doho_c391015403f623e888dac7b1.json)
[Dev] stairs DungeonEntrance dir=1 world=(0.0, 0.0, -31.0) screen=(2121.067, -492.4143)
[Dev] interact Merchant world=(5.4, 0.0, -2.4) screen=(1047.293, 368.0158)
[Dev] interact Shaman world=(-5.6, 0.0, 0.4) screen=(408.5833, 148.8999)
[Dev] interact Elder world=(2.0, 0.0, -5.6) screen=(1038.037, 191.6542)
[Dev] interact Jumo world=(7.1, 0.0, -1.4) screen=(1079.692, 440.1637)
[Dev] interact Waypoint world=(-4.2, 0.0, 2.2) screen=(390.0698, 234.4085)
[Save] system menu → user://profiles_e2e_550_3351897.json.characters/doho_c391015403f623e888dac7b1.json (C:/Users/FORYOUCOM/AppData/Roaming/Godot/app_userdata/Joseon Hunters/wt/codex-554-item-window-contract/profiles_e2e_550_3351897.json.characters/doho_c391015403f623e888dac7b1.json)
[Load] lv=4 gold=7777 flags={ "opening_pending": false, "profile550": "A" } portal=<null> wps=[]
[Dev] item 화염부 world=(32.5, 0.0, 70.5) screen=(-1067.574, 3085.22)
[Dev] item 빙결부 world=(33.5, 0.0, 69.5) screen=(-975.0079, 3085.22)
[Field] deulnyeok seed=2770444907 128x128 props=2375 packs=17 enemies=64 waypoint=(60, 60) roster=bandit,bat,talisman_master elites=["8:파란×4@구간2"]
[Audio] BGM dungeon → dungeon_3.ogg
[Save] level 못골 들녘 → user://profiles_e2e_550_3351897.json.characters/doho_dfe9e18d6693d5ecb817a57c.json (C:/Users/FORYOUCOM/AppData/Roaming/Godot/app_userdata/Joseon Hunters/wt/codex-554-item-window-contract/profiles_e2e_550_3351897.json.characters/doho_dfe9e18d6693d5ecb817a57c.json)
[Dev] stairs Down_cave dir=1 world=(88.5, 0.0, 3.5) screen=(7212.236, 897.1014)
[Dev] interact Waypoint world=(60.5, 0.0, 60.5) screen=(3278.151, 1623.924)
[Dev] interact FloorItem world=(32.5, 0.0, 70.5) screen=(1519.384, 1142.938)
[Dev] interact @Area3D@1888 world=(33.5, 0.0, 69.5) screen=(1611.95, 1142.938)
[Dev] interact PusJar world=(95.5, 0.0, 103.5) screen=(2907.884, 3708.197)
[Dev] interact @Area3D@2015 world=(101.5, 0.0, 105.5) screen=(3093.018, 3921.969)
[Dev] interact @Area3D@2016 world=(98.5, 0.0, 107.5) screen=(2861.601, 3895.247)
[Dev] interact LootChest world=(29.5, 0.0, 72.5) screen=(1287.967, 1116.216)
[Dev] interact @Area3D@2017 world=(101.5, 0.0, 103.5) screen=(3185.585, 3868.526)
[Dev] interact @Area3D@2018 world=(61.5, 0.0, 53.5) screen=(3648.418, 1463.595)
[Dev] interact LootPot world=(101.5, 0.0, 100.5) screen=(3324.435, 3788.362)
[Dev] interact @Area3D@2019 world=(76.5, 0.0, 86.5) screen=(2815.317, 2746.225)
[Dev] interact @Area3D@2020 world=(64.5, 0.0, 69.5) screen=(3046.734, 1971.303)
[Dev] interact @Area3D@2021 world=(88.5, 0.0, 98.5) screen=(2815.317, 3387.54)
[Dev] interact @Area3D@2022 world=(14.5, 0.0, 62.5) screen=(1056.55, 448.1802)
[Dev] interact @Area3D@2023 world=(51.5, 0.0, 75.5) screen=(2167.351, 1784.253)
[Dev] interact @Area3D@2024 world=(59.5, 0.0, 65.5) screen=(3000.451, 1730.81)
[Dev] interact @Area3D@2025 world=(32.5, 0.0, 62.5) screen=(1889.65, 929.1664)
[Dev] interact @Area3D@2026 world=(75.5, 0.0, 18.5) screen=(5916.302, 902.4449)
[Dev] interact @Area3D@2027 world=(74.5, 0.0, 38.5) screen=(4944.352, 1410.152)
[Dev] interact @Area3D@2028 world=(92.5, 0.0, 6.5) screen=(7258.52, 1036.052)
[Dev] interact @Area3D@2029 world=(27.5, 0.0, 70.5) screen=(1287.967, 1009.331)
[Dev] interact @Area3D@2030 world=(57.5, 0.0, 48.5) screen=(3694.701, 1223.102)
[Dev] interact @Area3D@2031 world=(112.5, 0.0, 47.5) screen=(6286.569, 2666.061)
[Save] system menu → user://profiles_e2e_550_3351897.json.characters/doho_dfe9e18d6693d5ecb817a57c.json (C:/Users/FORYOUCOM/AppData/Roaming/Godot/app_userdata/Joseon Hunters/wt/codex-554-item-window-contract/profiles_e2e_550_3351897.json.characters/doho_dfe9e18d6693d5ecb817a57c.json)
[Load] lv=2 gold=2200 flags={ "opening_pending": false, "profile550": "B" } portal=<null> wps=[]
[Audio] BGM town → town.ogg
[Save] level 못골 마을 → user://profiles_e2e_550_3351897.json.characters/doho_c391015403f623e888dac7b1.json (C:/Users/FORYOUCOM/AppData/Roaming/Godot/app_userdata/Joseon Hunters/wt/codex-554-item-window-contract/profiles_e2e_550_3351897.json.characters/doho_c391015403f623e888dac7b1.json)
[Dev] stairs DungeonEntrance dir=1 world=(0.0, 0.0, -31.0) screen=(2121.067, -492.4143)
[Dev] interact Merchant world=(5.4, 0.0, -2.4) screen=(1047.293, 368.0158)
[Dev] interact Shaman world=(-5.6, 0.0, 0.4) screen=(408.5833, 148.8999)
[Dev] interact Elder world=(2.0, 0.0, -5.6) screen=(1038.037, 191.6542)
[Dev] interact Jumo world=(7.1, 0.0, -1.4) screen=(1079.692, 440.1637)
[Dev] interact Waypoint world=(-4.2, 0.0, 2.2) screen=(390.0698, 234.4085)
[Save] system menu → user://profiles_e2e_550_3351897.json.characters/doho_c391015403f623e888dac7b1.json (C:/Users/FORYOUCOM/AppData/Roaming/Godot/app_userdata/Joseon Hunters/wt/codex-554-item-window-contract/profiles_e2e_550_3351897.json.characters/doho_c391015403f623e888dac7b1.json)
[Load] lv=4 gold=7777 flags={ "opening_pending": false, "profile550": "A" } portal=<null> wps=[]
[Dev] item 화염부 world=(32.5, 0.0, 70.5) screen=(-1067.574, 3085.22)
[Dev] item 빙결부 world=(33.5, 0.0, 69.5) screen=(-975.0079, 3085.22)
[Field] deulnyeok seed=2770444907 128x128 props=2375 packs=17 enemies=64 waypoint=(60, 60) roster=bandit,bat,talisman_master elites=["8:파란×4@구간2"]
[Audio] BGM dungeon → dungeon_4.ogg
[Save] level 못골 들녘 → user://profiles_e2e_550_3351897.json.characters/doho_dfe9e18d6693d5ecb817a57c.json (C:/Users/FORYOUCOM/AppData/Roaming/Godot/app_userdata/Joseon Hunters/wt/codex-554-item-window-contract/profiles_e2e_550_3351897.json.characters/doho_dfe9e18d6693d5ecb817a57c.json)
[Dev] stairs Down_cave dir=1 world=(88.5, 0.0, 3.5) screen=(7212.236, 897.1014)
[Dev] interact Waypoint world=(60.5, 0.0, 60.5) screen=(3278.151, 1623.924)
[Dev] interact FloorItem world=(32.5, 0.0, 70.5) screen=(1519.384, 1142.938)
[Dev] interact @Area3D@2739 world=(33.5, 0.0, 69.5) screen=(1611.95, 1142.938)
[Dev] interact PusJar world=(95.5, 0.0, 103.5) screen=(2907.884, 3708.197)
[Dev] interact @Area3D@2866 world=(101.5, 0.0, 105.5) screen=(3093.018, 3921.969)
[Dev] interact @Area3D@2867 world=(98.5, 0.0, 107.5) screen=(2861.601, 3895.247)
[Dev] interact LootChest world=(29.5, 0.0, 72.5) screen=(1287.967, 1116.216)
[Dev] interact @Area3D@2868 world=(101.5, 0.0, 103.5) screen=(3185.585, 3868.526)
[Dev] interact @Area3D@2869 world=(61.5, 0.0, 53.5) screen=(3648.418, 1463.595)
[Dev] interact LootPot world=(101.5, 0.0, 100.5) screen=(3324.435, 3788.362)
[Dev] interact @Area3D@2870 world=(76.5, 0.0, 86.5) screen=(2815.317, 2746.225)
[Dev] interact @Area3D@2871 world=(64.5, 0.0, 69.5) screen=(3046.734, 1971.303)
[Dev] interact @Area3D@2872 world=(88.5, 0.0, 98.5) screen=(2815.317, 3387.54)
[Dev] interact @Area3D@2873 world=(14.5, 0.0, 62.5) screen=(1056.55, 448.1802)
[Dev] interact @Area3D@2874 world=(51.5, 0.0, 75.5) screen=(2167.351, 1784.253)
[Dev] interact @Area3D@2875 world=(59.5, 0.0, 65.5) screen=(3000.451, 1730.81)
[Dev] interact @Area3D@2876 world=(32.5, 0.0, 62.5) screen=(1889.65, 929.1664)
[Dev] interact @Area3D@2877 world=(75.5, 0.0, 18.5) screen=(5916.302, 902.4449)
[Dev] interact @Area3D@2878 world=(74.5, 0.0, 38.5) screen=(4944.352, 1410.152)
[Dev] interact @Area3D@2879 world=(92.5, 0.0, 6.5) screen=(7258.52, 1036.052)
[Dev] interact @Area3D@2880 world=(27.5, 0.0, 70.5) screen=(1287.967, 1009.331)
[Dev] interact @Area3D@2881 world=(57.5, 0.0, 48.5) screen=(3694.701, 1223.102)
[Dev] interact @Area3D@2882 world=(112.5, 0.0, 47.5) screen=(6286.569, 2666.061)
[Save] system menu → user://profiles_e2e_550_3351897.json.characters/doho_dfe9e18d6693d5ecb817a57c.json (C:/Users/FORYOUCOM/AppData/Roaming/Godot/app_userdata/Joseon Hunters/wt/codex-554-item-window-contract/profiles_e2e_550_3351897.json.characters/doho_dfe9e18d6693d5ecb817a57c.json)
[Audio] BGM town → town.ogg
[Save] level 못골 마을 → user://save_e2e.json (C:/Users/FORYOUCOM/AppData/Roaming/Godot/app_userdata/Joseon Hunters/wt/codex-554-item-window-contract/save_e2e.json)
E2E character_profiles PASS (검사 38)
[Save] level 못골 마을 → user://save_e2e.json (C:/Users/FORYOUCOM/AppData/Roaming/Godot/app_userdata/Joseon Hunters/wt/codex-554-item-window-contract/save_e2e.json)
[Dev] stairs DungeonEntrance dir=1 world=(0.0, 0.0, -31.0) screen=(2121.067, -492.4143)
[Dev] interact Merchant world=(5.4, 0.0, -2.4) screen=(1047.293, 368.0158)
[Dev] interact Shaman world=(-5.6, 0.0, 0.4) screen=(408.5833, 148.8999)
[Dev] interact Elder world=(2.0, 0.0, -5.6) screen=(1038.037, 191.6542)
[Dev] interact Jumo world=(7.1, 0.0, -1.4) screen=(1079.692, 440.1637)
[Dev] interact Waypoint world=(-4.2, 0.0, 2.2) screen=(390.0698, 234.4085)
[Dev] stairs DungeonEntrance dir=1 world=(0.0, 0.0, -31.0) screen=(2121.067, -492.4143)
[Dev] interact Merchant world=(5.4, 0.0, -2.4) screen=(1047.293, 368.0158)
[Dev] interact Shaman world=(-5.6, 0.0, 0.4) screen=(408.5833, 148.8999)
[Dev] interact Elder world=(2.0, 0.0, -5.6) screen=(1038.037, 191.6542)
[Dev] interact Jumo world=(7.1, 0.0, -1.4) screen=(1079.692, 440.1637)
[Dev] interact Waypoint world=(-4.2, 0.0, 2.2) screen=(390.0698, 234.4085)
E2E ▶ quest_journal
[Click] world=(-5.6, 0.0, 0.4) cell=(-6, 0)
[Save] quest → user://save_e2e.json (C:/Users/FORYOUCOM/AppData/Roaming/Godot/app_userdata/Joseon Hunters/wt/codex-554-item-window-contract/save_e2e.json)
[Save] quest_log_dialogue → user://save_e2e.json (C:/Users/FORYOUCOM/AppData/Roaming/Godot/app_userdata/Joseon Hunters/wt/codex-554-item-window-contract/save_e2e.json)
[Save] quest_log_read → user://save_e2e.json (C:/Users/FORYOUCOM/AppData/Roaming/Godot/app_userdata/Joseon Hunters/wt/codex-554-item-window-contract/save_e2e.json)
[Save] boss → user://save_e2e.json (C:/Users/FORYOUCOM/AppData/Roaming/Godot/app_userdata/Joseon Hunters/wt/codex-554-item-window-contract/save_e2e.json)
[Save] quest_log_read → user://save_e2e.json (C:/Users/FORYOUCOM/AppData/Roaming/Godot/app_userdata/Joseon Hunters/wt/codex-554-item-window-contract/save_e2e.json)
[Click] world=(-5.6, 0.0, 0.4) cell=(-6, 0)
[Save] quest → user://save_e2e.json (C:/Users/FORYOUCOM/AppData/Roaming/Godot/app_userdata/Joseon Hunters/wt/codex-554-item-window-contract/save_e2e.json)
[Save] quest_log_dialogue → user://save_e2e.json (C:/Users/FORYOUCOM/AppData/Roaming/Godot/app_userdata/Joseon Hunters/wt/codex-554-item-window-contract/save_e2e.json)
[Save] quest_log_read → user://save_e2e.json (C:/Users/FORYOUCOM/AppData/Roaming/Godot/app_userdata/Joseon Hunters/wt/codex-554-item-window-contract/save_e2e.json)
[Save] quest_log_test → user://save_e2e.json (C:/Users/FORYOUCOM/AppData/Roaming/Godot/app_userdata/Joseon Hunters/wt/codex-554-item-window-contract/save_e2e.json)
[Load] lv=1 gold=0 flags={ "opening_pending": false, "quest": { "heukrang_seal": { "state": "done" }, "heukrang_thanks": { "state": "killed" } }, "quest_log": { "history": { "heukrang_seal": [{ "name": "무당 할매", "source": "npc/shaman", "speaker": "shaman", "static_id": "NPC_SHAMAN_OFFER_1", "text": "도사 양반, 늦었소.", "uid": "npc/shaman/NPC_SHAMAN_OFFER_1" }, { "name": "도호", "source": "npc/shaman", "speaker": "doho", "static_id": "NPC_SHAMAN_OFFER_2", "text": "할매, 술부터… 아, 분위기 아니구먼.", "uid": "npc/shaman/NPC_SHAMAN_OFFER_2" }, { "name": "무당 할매", "source": "npc/shaman", "speaker": "shaman", "static_id": "NPC_SHAMAN_OFFER_3", "text": "봉인이 흔들리오. 못골 아래로 요기가 새고 있소.", "uid": "npc/shaman/NPC_SHAMAN_OFFER_3" }, { "name": "무당 할매", "source": "npc/shaman", "speaker": "shaman", "static_id": "NPC_SHAMAN_OFFER_4", "text": "흑랑 굴 끝에 구미호의 수하가 자리를 잡았고, 봉밀굴 안은… 아직 잠든 것이 낫소.", "uid": "npc/shaman/NPC_SHAMAN_OFFER_4" }, { "name": "도호", "source": "npc/shaman", "speaker": "doho", "static_id": "NPC_SHAMAN_OFFER_5", "text": "…또 봉인이여.", "uid": "npc/shaman/NPC_SHAMAN_OFFER_5" }, { "name": "무당 할매", "source": "npc/shaman", "speaker": "shaman", "static_id": "NPC_SHAMAN_OFFER_6", "text": "도사 양반밖에 없소. 내려가 베어 주시오.", "uid": "npc/shaman/NPC_SHAMAN_OFFER_6" }, { "name": "도호", "source": "npc/shaman", "speaker": "doho", "static_id": "NPC_SHAMAN_OFFER_7", "text": "술값은—", "uid": "npc/shaman/NPC_SHAMAN_OFFER_7" }, { "name": "무당 할매", "source": "npc/shaman", "speaker": "shaman", "static_id": "NPC_SHAMAN_OFFER_8", "text": "살아서 돌아오면 쳐 드리리다.", "uid": "npc/shaman/NPC_SHAMAN_OFFER_8" }, { "name": "도호", "source": "npc/shaman", "speaker": "doho", "static_id": "NPC_SHAMAN_OFFER_9", "text": "…허. 하는 김에.", "uid": "npc/shaman/NPC_SHAMAN_OFFER_9" }, { "name": "무당 할매", "source": "npc/shaman", "speaker": "shaman", "static_id": "NPC_SHAMAN_DONE_1", "text": "…왔구려.", "uid": "npc/shaman/NPC_SHAMAN_DONE_1" }, { "name": "도호", "source": "npc/shaman", "speaker": "doho", "static_id": "NPC_SHAMAN_DONE_2", "text": "끝낸 것 같기도 하고.", "uid": "npc/shaman/NPC_SHAMAN_DONE_2" }, { "name": "무당 할매", "source": "npc/shaman", "speaker": "shaman", "static_id": "NPC_SHAMAN_DONE_3", "text": "봉인 기운이 달라졌소. 고맙소, 도사 양반.", "uid": "npc/shaman/NPC_SHAMAN_DONE_3" }, { "name": "무당 할매", "source": "npc/shaman", "speaker": "shaman", "static_id": "NPC_SHAMAN_REPORT_1", "text": "봉인 첫 자락은 다시 여몄소. 한동안은 버틸 거요.", "uid": "npc/shaman/NPC_SHAMAN_REPORT_1" }] }, "read": { "heukrang_seal": "done/13" }, "revisions": { "heukrang_seal": 13.0 } }, "seen": { "npc/shaman/start": 2.0 }, "story": { "shaman_heal_intro": true, "shaman_offer": true } } portal=<null> wps=[]
[Save] level 못골 마을 → user://save_e2e.json (C:/Users/FORYOUCOM/AppData/Roaming/Godot/app_userdata/Joseon Hunters/wt/codex-554-item-window-contract/save_e2e.json)
[Dev] stairs DungeonEntrance dir=1 world=(0.0, 0.0, -31.0) screen=(2121.067, -492.4143)
[Dev] interact Merchant world=(5.4, 0.0, -2.4) screen=(1047.293, 368.0158)
[Dev] interact Shaman world=(-5.6, 0.0, 0.4) screen=(408.5833, 148.8999)
[Dev] interact Elder world=(2.0, 0.0, -5.6) screen=(1038.037, 191.6542)
[Dev] interact Jumo world=(7.1, 0.0, -1.4) screen=(1079.692, 440.1637)
[Dev] interact Waypoint world=(-4.2, 0.0, 2.2) screen=(390.0698, 234.4085)
  · revision 타입: 저장 전 2 · JSON 복원 3
[Save] level 못골 마을 → user://save_e2e.json (C:/Users/FORYOUCOM/AppData/Roaming/Godot/app_userdata/Joseon Hunters/wt/codex-554-item-window-contract/save_e2e.json)
[Dev] stairs DungeonEntrance dir=1 world=(0.0, 0.0, -31.0) screen=(2121.067, -492.4143)
[Dev] interact Merchant world=(5.4, 0.0, -2.4) screen=(1047.293, 368.0158)
[Dev] interact Shaman world=(-5.6, 0.0, 0.4) screen=(408.5833, 148.8999)
[Dev] interact Elder world=(2.0, 0.0, -5.6) screen=(1038.037, 191.6542)
[Dev] interact Jumo world=(7.1, 0.0, -1.4) screen=(1079.692, 440.1637)
[Dev] interact Waypoint world=(-4.2, 0.0, 2.2) screen=(390.0698, 234.4085)
[Dev] 역할 — 여기엔 적을 세울 자리가 없다
E2E quest_journal PASS (검사 48)
[Save] level 못골 마을 → user://save_e2e.json (C:/Users/FORYOUCOM/AppData/Roaming/Godot/app_userdata/Joseon Hunters/wt/codex-554-item-window-contract/save_e2e.json)
[Dev] stairs DungeonEntrance dir=1 world=(0.0, 0.0, -31.0) screen=(2121.067, -492.4143)
[Dev] interact Merchant world=(5.4, 0.0, -2.4) screen=(1047.293, 368.0158)
[Dev] interact Shaman world=(-5.6, 0.0, 0.4) screen=(408.5833, 148.8999)
[Dev] interact Elder world=(2.0, 0.0, -5.6) screen=(1038.037, 191.6542)
[Dev] interact Jumo world=(7.1, 0.0, -1.4) screen=(1079.692, 440.1637)
[Dev] interact Waypoint world=(-4.2, 0.0, 2.2) screen=(390.0698, 234.4085)
E2E ▶ hud_orb_fx
[Skill] 회오리베기 → mp 48/56
E2E hud_orb_fx PASS (검사 30)
[Save] level 못골 마을 → user://save_e2e.json (C:/Users/FORYOUCOM/AppData/Roaming/Godot/app_userdata/Joseon Hunters/wt/codex-554-item-window-contract/save_e2e.json)
[Dev] stairs DungeonEntrance dir=1 world=(0.0, 0.0, -31.0) screen=(2121.067, -492.4143)
[Dev] interact Merchant world=(5.4, 0.0, -2.4) screen=(1047.293, 368.0158)
[Dev] interact Shaman world=(-5.6, 0.0, 0.4) screen=(408.5833, 148.8999)
[Dev] interact Elder world=(2.0, 0.0, -5.6) screen=(1038.037, 191.6542)
[Dev] interact Jumo world=(7.1, 0.0, -1.4) screen=(1079.692, 440.1637)
[Dev] interact Waypoint world=(-4.2, 0.0, 2.2) screen=(390.0698, 234.4085)
E2E ▶ npc_hover_view
[Click] world=(5.4, 0.0, -2.4) cell=(5, -3)
[Click] world=(-5.6, 0.0, 0.4) cell=(-6, 0)
[Save] quest_log_dialogue → user://save_e2e.json (C:/Users/FORYOUCOM/AppData/Roaming/Godot/app_userdata/Joseon Hunters/wt/codex-554-item-window-contract/save_e2e.json)
[Click] world=(2.0, 0.0, -5.6) cell=(2, -6)
[Click] world=(7.1, 0.0, -1.4) cell=(7, -2)
[Save] level 못골 마을 → user://save_e2e.json (C:/Users/FORYOUCOM/AppData/Roaming/Godot/app_userdata/Joseon Hunters/wt/codex-554-item-window-contract/save_e2e.json)
[Dev] stairs DungeonEntrance dir=1 world=(0.0, 0.0, -31.0) screen=(2121.067, -492.4143)
[Dev] interact Merchant world=(5.4, 0.0, -2.4) screen=(1047.293, 368.0158)
[Dev] interact Shaman world=(-5.6, 0.0, 0.4) screen=(408.5833, 148.8999)
[Dev] interact Elder world=(2.0, 0.0, -5.6) screen=(1038.037, 191.6542)
[Dev] interact Jumo world=(7.1, 0.0, -1.4) screen=(1079.692, 440.1637)
[Dev] interact Waypoint world=(-4.2, 0.0, 2.2) screen=(390.0698, 234.4085)
[Save] level 못골 마을 → user://save_e2e.json (C:/Users/FORYOUCOM/AppData/Roaming/Godot/app_userdata/Joseon Hunters/wt/codex-554-item-window-contract/save_e2e.json)
[Dev] stairs DungeonEntrance dir=1 world=(0.0, 0.0, -31.0) screen=(2121.067, -492.4143)
[Dev] interact Merchant world=(5.4, 0.0, -2.4) screen=(1047.293, 368.0158)
[Dev] interact Shaman world=(-5.6, 0.0, 0.4) screen=(408.5833, 148.8999)
[Dev] interact Elder world=(2.0, 0.0, -5.6) screen=(1038.037, 191.6542)
[Dev] interact Jumo world=(7.1, 0.0, -1.4) screen=(1079.692, 440.1637)
[Dev] interact Waypoint world=(-4.2, 0.0, 2.2) screen=(390.0698, 234.4085)
[Click] world=(7.1, 0.0, -1.4) cell=(7, -2)
[Save] level 못골 마을 → user://save_e2e.json (C:/Users/FORYOUCOM/AppData/Roaming/Godot/app_userdata/Joseon Hunters/wt/codex-554-item-window-contract/save_e2e.json)
[Dev] stairs DungeonEntrance dir=1 world=(0.0, 0.0, -31.0) screen=(2121.067, -492.4143)
[Dev] interact Merchant world=(5.4, 0.0, -2.4) screen=(1047.293, 368.0158)
[Dev] interact Shaman world=(-5.6, 0.0, 0.4) screen=(408.5833, 148.8999)
[Dev] interact Elder world=(2.0, 0.0, -5.6) screen=(1038.037, 191.6542)
[Dev] interact Jumo world=(7.1, 0.0, -1.4) screen=(1079.692, 440.1637)
[Dev] interact Waypoint world=(-4.2, 0.0, 2.2) screen=(390.0698, 234.4085)
E2E npc_hover_view PASS (검사 76)
[Save] level 못골 마을 → user://save_e2e.json (C:/Users/FORYOUCOM/AppData/Roaming/Godot/app_userdata/Joseon Hunters/wt/codex-554-item-window-contract/save_e2e.json)
[Dev] stairs DungeonEntrance dir=1 world=(0.0, 0.0, -31.0) screen=(2121.067, -492.4143)
[Dev] interact Merchant world=(5.4, 0.0, -2.4) screen=(1047.293, 368.0158)
[Dev] interact Shaman world=(-5.6, 0.0, 0.4) screen=(408.5833, 148.8999)
[Dev] interact Elder world=(2.0, 0.0, -5.6) screen=(1038.037, 191.6542)
[Dev] interact Jumo world=(7.1, 0.0, -1.4) screen=(1079.692, 440.1637)
[Dev] interact Waypoint world=(-4.2, 0.0, 2.2) screen=(390.0698, 234.4085)
E2E ▶ elite_ui_view
[Dungeon] heukrang_gul 1층 lv=2 seed=403727558 gen 64x64 rooms=6 up=(44, 56) down=(7, 23) enemies=20 roster=bandit,bat,talisman_master elites=["방2:금색×3(깊이 0.50)"] named=-
[Quest] heukrang_gul 1층 — 싹쓸이 셈 시작 20 (heukrang_clear:none)
[Audio] BGM dungeon → dungeon_2.ogg
[Save] level 흑랑 굴 1층 → user://save_e2e.json (C:/Users/FORYOUCOM/AppData/Roaming/Godot/app_userdata/Joseon Hunters/wt/codex-554-item-window-contract/save_e2e.json)
[Dev] stairs StairsUp dir=-1 world=(44.5, 0.0, 56.5) screen=(593.7165, 335.9509)
[Dev] stairs StairsDown dir=1 world=(7.5, 0.0, 23.5) screen=(408.583, -1534.551)
[Dev] interact PusJar world=(29.5, 0.0, 42.5) screen=(547.433, -487.0705)
[Dev] interact @Area3D@4661 world=(14.5, 0.0, 24.5) screen=(686.2831, -1368.878)
[Dev] interact @Area3D@4662 world=(23.5, 0.0, 18.5) screen=(1380.534, -1288.714)
[Dev] interact LootChest world=(29.5, 0.0, 39.5) screen=(686.2831, -567.2349)
[Dev] interact @Area3D@4663 world=(40.5, 0.0, 38.5) screen=(1241.683, -300.0204)
[Dev] interact LootPot world=(21.5, 0.0, 43.5) screen=(130.8828, -674.1207)
[Dev] interact @Area3D@4664 world=(22.5, 0.0, 44.5) screen=(130.8829, -620.6779)
[Dev] interact @Area3D@4665 world=(19.5, 0.0, 9.5) screen=(1611.95, -1636.093)
[Dev] interact @Area3D@4666 world=(20.5, 0.0, 9.5) screen=(1658.234, -1609.372)
[Dev] interact @Area3D@4667 world=(44.5, 0.0, 51.5) screen=(825.1333, 154.2443)
[Dev] interact @Area3D@4668 world=(44.5, 0.0, 52.5) screen=(778.8499, 180.9657)
[Dev] interact @Area3D@4669 world=(21.5, 0.0, 39.5) screen=(316.0163, -781.0065)
[Dev] removed 20 enemies
[Dev] removed 3 enemies
[Dev] removed 5 enemies
[Dev] item 붉은 문턱 (환도) world=(24.5, 0.000391, 49.5) screen=(732.5665, 397.41)
E2E elite_ui_view PASS (검사 6)
[Audio] BGM town → town.ogg
[Save] level 못골 마을 → user://save_e2e.json (C:/Users/FORYOUCOM/AppData/Roaming/Godot/app_userdata/Joseon Hunters/wt/codex-554-item-window-contract/save_e2e.json)
[Dev] stairs DungeonEntrance dir=1 world=(0.0, 0.0, -31.0) screen=(2121.067, -492.4143)
[Dev] interact Merchant world=(5.4, 0.0, -2.4) screen=(1047.293, 368.0158)
[Dev] interact Shaman world=(-5.6, 0.0, 0.4) screen=(408.5833, 148.8999)
[Dev] interact Elder world=(2.0, 0.0, -5.6) screen=(1038.037, 191.6542)
[Dev] interact Jumo world=(7.1, 0.0, -1.4) screen=(1079.692, 440.1637)
[Dev] interact Waypoint world=(-4.2, 0.0, 2.2) screen=(390.0698, 234.4085)
E2E ▶ hud_hierarchy_view
[Dungeon] heukrang_gul 1층 lv=2 seed=403727558 gen 64x64 rooms=6 up=(44, 56) down=(7, 23) enemies=20 roster=bandit,bat,talisman_master elites=["방2:금색×3(깊이 0.50)"] named=-
[Quest] heukrang_gul 1층 — 싹쓸이 셈 시작 20 (heukrang_clear:none)
[Audio] BGM dungeon → dungeon_3.ogg
[Save] level 흑랑 굴 1층 → user://save_e2e.json (C:/Users/FORYOUCOM/AppData/Roaming/Godot/app_userdata/Joseon Hunters/wt/codex-554-item-window-contract/save_e2e.json)
[Dev] stairs StairsUp dir=-1 world=(44.5, 0.0, 56.5) screen=(593.7165, 335.9509)
[Dev] stairs StairsDown dir=1 world=(7.5, 0.0, 23.5) screen=(408.583, -1534.551)
[Dev] interact PusJar world=(29.5, 0.0, 42.5) screen=(547.433, -487.0705)
[Dev] interact @Area3D@5025 world=(14.5, 0.0, 24.5) screen=(686.2831, -1368.878)
[Dev] interact @Area3D@5026 world=(23.5, 0.0, 18.5) screen=(1380.534, -1288.714)
[Dev] interact LootChest world=(29.5, 0.0, 39.5) screen=(686.2831, -567.2349)
[Dev] interact @Area3D@5027 world=(40.5, 0.0, 38.5) screen=(1241.683, -300.0204)
[Dev] interact LootPot world=(21.5, 0.0, 43.5) screen=(130.8828, -674.1207)
[Dev] interact @Area3D@5028 world=(22.5, 0.0, 44.5) screen=(130.8829, -620.6779)
[Dev] interact @Area3D@5029 world=(19.5, 0.0, 9.5) screen=(1611.95, -1636.093)
[Dev] interact @Area3D@5030 world=(20.5, 0.0, 9.5) screen=(1658.234, -1609.372)
[Dev] interact @Area3D@5031 world=(44.5, 0.0, 51.5) screen=(825.1333, 154.2443)
[Dev] interact @Area3D@5032 world=(44.5, 0.0, 52.5) screen=(778.8499, 180.9657)
[Dev] interact @Area3D@5033 world=(21.5, 0.0, 39.5) screen=(316.0163, -781.0065)
[Dev] removed 20 enemies
E2E hud_hierarchy_view PASS (검사 4)
[Audio] BGM town → town.ogg
[Save] level 못골 마을 → user://save_e2e.json (C:/Users/FORYOUCOM/AppData/Roaming/Godot/app_userdata/Joseon Hunters/wt/codex-554-item-window-contract/save_e2e.json)
[Dev] stairs DungeonEntrance dir=1 world=(0.0, 0.0, -31.0) screen=(2121.067, -492.4143)
[Dev] interact Merchant world=(5.4, 0.0, -2.4) screen=(1047.293, 368.0158)
[Dev] interact Shaman world=(-5.6, 0.0, 0.4) screen=(408.5833, 148.8999)
[Dev] interact Elder world=(2.0, 0.0, -5.6) screen=(1038.037, 191.6542)
[Dev] interact Jumo world=(7.1, 0.0, -1.4) screen=(1079.692, 440.1637)
[Dev] interact Waypoint world=(-4.2, 0.0, 2.2) screen=(390.0698, 234.4085)
E2E ▶ pickup_feedback_view
E2E pickup_feedback_view PASS (검사 3)
[Save] level 못골 마을 → user://save_e2e.json (C:/Users/FORYOUCOM/AppData/Roaming/Godot/app_userdata/Joseon Hunters/wt/codex-554-item-window-contract/save_e2e.json)
[Dev] stairs DungeonEntrance dir=1 world=(0.0, 0.0, -31.0) screen=(2121.067, -492.4143)
[Dev] interact Merchant world=(5.4, 0.0, -2.4) screen=(1047.293, 368.0158)
[Dev] interact Shaman world=(-5.6, 0.0, 0.4) screen=(408.5833, 148.8999)
[Dev] interact Elder world=(2.0, 0.0, -5.6) screen=(1038.037, 191.6542)
[Dev] interact Jumo world=(7.1, 0.0, -1.4) screen=(1079.692, 440.1637)
[Dev] interact Waypoint world=(-4.2, 0.0, 2.2) screen=(390.0698, 234.4085)
E2E ▶ icon_intake
[Click] world=(5.4, 0.0, -2.4) cell=(5, -3)
[Click] world=(5.4, 0.0, -2.4) cell=(5, -3)
[Dungeon] heukrang_gul 1층 lv=2 seed=403727558 gen 64x64 rooms=6 up=(44, 56) down=(7, 23) enemies=20 roster=bandit,bat,talisman_master elites=["방2:금색×3(깊이 0.50)"] named=-
[Quest] heukrang_gul 1층 — 싹쓸이 셈 시작 20 (heukrang_clear:none)
[Audio] BGM dungeon → dungeon_4.ogg
[Save] level 흑랑 굴 1층 → user://save_e2e.json (C:/Users/FORYOUCOM/AppData/Roaming/Godot/app_userdata/Joseon Hunters/wt/codex-554-item-window-contract/save_e2e.json)
[Dev] stairs StairsUp dir=-1 world=(44.5, 0.0, 56.5) screen=(593.7165, 335.9509)
[Dev] stairs StairsDown dir=1 world=(7.5, 0.0, 23.5) screen=(408.583, -1534.551)
[Dev] interact PusJar world=(29.5, 0.0, 42.5) screen=(547.433, -487.0705)
[Dev] interact @Area3D@5540 world=(14.5, 0.0, 24.5) screen=(686.2831, -1368.878)
[Dev] interact @Area3D@5541 world=(23.5, 0.0, 18.5) screen=(1380.534, -1288.714)
[Dev] interact LootChest world=(29.5, 0.0, 39.5) screen=(686.2831, -567.2349)
[Dev] interact @Area3D@5542 world=(40.5, 0.0, 38.5) screen=(1241.683, -300.0204)
[Dev] interact LootPot world=(21.5, 0.0, 43.5) screen=(130.8828, -674.1207)
[Dev] interact @Area3D@5543 world=(22.5, 0.0, 44.5) screen=(130.8829, -620.6779)
[Dev] interact @Area3D@5544 world=(19.5, 0.0, 9.5) screen=(1611.95, -1636.093)
[Dev] interact @Area3D@5545 world=(20.5, 0.0, 9.5) screen=(1658.234, -1609.372)
[Dev] interact @Area3D@5546 world=(44.5, 0.0, 51.5) screen=(825.1333, 154.2443)
[Dev] interact @Area3D@5547 world=(44.5, 0.0, 52.5) screen=(778.8499, 180.9657)
[Dev] interact @Area3D@5548 world=(21.5, 0.0, 39.5) screen=(316.0163, -781.0065)
[Dev] removed 20 enemies
[Click] world=(-5.6, 0.0, 0.4) cell=(-6, 0)
[Click] world=(1.72969, 0.0, 2.026486) cell=(1, 2)
[Click] world=(5.4, 0.0, -2.4) cell=(5, -3)
[Click] world=(1.142134, 0.0, 2.577593) cell=(1, 2)
[Click] world=(2.054921, 0.0, 2.999449) cell=(2, 2)
[Click] world=(1.72969, 0.0, 2.026486) cell=(1, 2)
[Click] world=(1.933486, 0.0, 2.855147) cell=(1, 2)
[Click] world=(5.4, 0.0, -2.4) cell=(5, -3)
[Click] world=(1.142134, 0.0, 2.577593) cell=(1, 2)
[Click] world=(2.054921, 0.0, 2.999449) cell=(2, 2)
[Click] world=(1.72969, 0.0, 2.026486) cell=(1, 2)
[Click] world=(1.165086, 0.0, 2.971338) cell=(1, 2)
E2E icon_intake PASS (검사 315)
[Save] level 못골 마을 → user://save_e2e.json (C:/Users/FORYOUCOM/AppData/Roaming/Godot/app_userdata/Joseon Hunters/wt/codex-554-item-window-contract/save_e2e.json)
[Dev] stairs DungeonEntrance dir=1 world=(0.0, 0.0, -31.0) screen=(2121.067, -492.4143)
[Dev] interact Merchant world=(5.4, 0.0, -2.4) screen=(1047.293, 368.0158)
[Dev] interact Shaman world=(-5.6, 0.0, 0.4) screen=(408.5833, 148.8999)
[Dev] interact Elder world=(2.0, 0.0, -5.6) screen=(1038.037, 191.6542)
[Dev] interact Jumo world=(7.1, 0.0, -1.4) screen=(1079.692, 440.1637)
[Dev] interact Waypoint world=(-4.2, 0.0, 2.2) screen=(390.0698, 234.4085)
E2E ▶ automap
[Click] world=(-2.499533, 0.0, 2.500467) cell=(-3, 2)
[Skill] 참격 → mp 46/50
[Dev] item 화염부 world=(32.5, 0.0, 70.5) screen=(-922.3065, 3077.18)
[Dev] item 빙결부 world=(33.5, 0.0, 69.5) screen=(-829.7401, 3077.18)
[Field] deulnyeok seed=355022911 128x128 props=2252 packs=18 enemies=74 waypoint=(62, 65) roster=bandit,bat,talisman_master elites=["13:파란×4@구간3"]
[Audio] BGM dungeon → dungeon_2.ogg
[Save] level 못골 들녘 → user://save_e2e.json (C:/Users/FORYOUCOM/AppData/Roaming/Godot/app_userdata/Joseon Hunters/wt/codex-554-item-window-contract/save_e2e.json)
[Dev] stairs Down_cave dir=1 world=(88.5, 0.0, 3.5) screen=(7212.236, 897.1014)
[Dev] interact Waypoint world=(62.5, 0.0, 65.5) screen=(3139.301, 1810.974)
[Dev] interact FloorItem world=(32.5, 0.0, 70.5) screen=(1519.384, 1142.938)
[Dev] interact @Area3D@7188 world=(33.5, 0.0, 69.5) screen=(1611.95, 1142.938)
[Dev] interact PusJar world=(95.5, 0.0, 103.5) screen=(2907.884, 3708.197)
[Dev] interact @Area3D@7335 world=(101.5, 0.0, 105.5) screen=(3093.018, 3921.969)
[Dev] interact @Area3D@7336 world=(98.5, 0.0, 107.5) screen=(2861.601, 3895.247)
[Dev] interact LootChest world=(27.5, 0.0, 70.5) screen=(1287.967, 1009.331)
[Dev] interact @Area3D@7337 world=(94.5, 0.0, 100.5) screen=(3000.451, 3601.312)
[Dev] interact @Area3D@7338 world=(55.5, 0.0, 52.5) screen=(3417.001, 1276.545)
[Dev] interact LootPot world=(46.5, 0.0, 68.5) screen=(2259.917, 1463.595)
[Dev] interact @Area3D@7339 world=(73.5, 0.0, 47.5) screen=(4481.519, 1623.924)
[Dev] interact @Area3D@7340 world=(90.5, 0.0, 47.5) screen=(5268.335, 2078.189)
[Dev] interact @Area3D@7341 world=(111.5, 0.0, 49.5) screen=(6147.719, 2692.782)
[Dev] interact @Area3D@7342 world=(101.5, 0.0, 101.5) screen=(3278.151, 3815.083)
[Dev] interact @Area3D@7343 world=(86.5, 0.0, 76.5) screen=(3740.984, 2746.225)
[Dev] interact @Area3D@7344 world=(53.5, 0.0, 52.5) screen=(3324.434, 1223.102)
[Dev] interact @Area3D@7345 world=(87.5, 0.0, 95.5) screen=(2907.884, 3280.654)
[Dev] interact @Area3D@7346 world=(26.5, 0.0, 66.5) screen=(1426.817, 875.7234)
[Dev] interact @Area3D@7347 world=(17.5, 0.0, 60.5) screen=(1287.967, 474.9016)
[Dev] interact @Area3D@7348 world=(86.5, 0.0, 22.5) screen=(6240.286, 1303.266)
[Dev] interact @Area3D@7349 world=(59.5, 0.0, 65.5) screen=(3000.451, 1730.81)
[Dev] interact @Area3D@7350 world=(18.5, 0.0, 74.5) screen=(686.2832, 875.7234)
[Dev] interact @Area3D@7351 world=(44.5, 0.0, 69.5) screen=(2121.067, 1436.874)
[Dev] interact @Area3D@7352 world=(73.5, 0.0, 49.5) screen=(4388.952, 1677.367)
[Dev] interact @Area3D@7353 world=(88.5, 0.0, 52.5) screen=(4944.352, 2158.353)
[Dev] removed 74 enemies
[Click] world=(88.5, 0.0, 3.500002) cell=(88, 3)
[Dungeon] heukrang_gul 1층 lv=2 seed=403727558 gen 64x64 rooms=6 up=(44, 56) down=(7, 23) enemies=20 roster=bandit,bat,talisman_master elites=["방2:금색×3(깊이 0.50)"] named=-
[Quest] heukrang_gul 1층 — 싹쓸이 셈 시작 20 (heukrang_clear:none)
[Save] level 흑랑 굴 1층 → user://save_e2e.json (C:/Users/FORYOUCOM/AppData/Roaming/Godot/app_userdata/Joseon Hunters/wt/codex-554-item-window-contract/save_e2e.json)
[Dev] stairs StairsUp dir=-1 world=(44.5, 0.0, 56.5) screen=(593.7165, 335.9509)
[Dev] stairs StairsDown dir=1 world=(7.5, 0.0, 23.5) screen=(408.583, -1534.551)
[Dev] interact PusJar world=(29.5, 0.0, 42.5) screen=(547.433, -487.0705)
[Dev] interact @Area3D@7536 world=(14.5, 0.0, 24.5) screen=(686.2831, -1368.878)
[Dev] interact @Area3D@7537 world=(23.5, 0.0, 18.5) screen=(1380.534, -1288.714)
[Dev] interact LootChest world=(29.5, 0.0, 39.5) screen=(686.2831, -567.2349)
[Dev] interact @Area3D@7538 world=(40.5, 0.0, 38.5) screen=(1241.683, -300.0204)
[Dev] interact LootPot world=(21.5, 0.0, 43.5) screen=(130.8828, -674.1207)
[Dev] interact @Area3D@7539 world=(22.5, 0.0, 44.5) screen=(130.8829, -620.6779)
[Dev] interact @Area3D@7540 world=(19.5, 0.0, 9.5) screen=(1611.95, -1636.093)
[Dev] interact @Area3D@7541 world=(20.5, 0.0, 9.5) screen=(1658.234, -1609.372)
[Dev] interact @Area3D@7542 world=(44.5, 0.0, 51.5) screen=(825.1333, 154.2443)
[Dev] interact @Area3D@7543 world=(44.5, 0.0, 52.5) screen=(778.8499, 180.9657)
[Dev] interact @Area3D@7544 world=(21.5, 0.0, 39.5) screen=(316.0163, -781.0065)
[Dev] removed 20 enemies
[Click] world=(40.5, 0.0, 55.5) cell=(40, 55)
[Click] world=(36.3876, 0.0, 54.49975) cell=(36, 54)
[Click] world=(35.40913, 0.000002, 50.43923) cell=(35, 50)
[Click] world=(35.49279, 0.0, 46.38991) cell=(35, 46)
[Click] world=(31.49956, 0.0, 43.3896) cell=(31, 43)
[Click] world=(27.39987, 0.0, 44.46106) cell=(27, 44)
[Click] world=(23.40931, 0.0, 48.55905) cell=(23, 48)
[Dungeon] heukrang_gul 2층 lv=3 seed=3189434797 preset 28x28 rooms=2 up=(22, 23) down=(-1, -1) enemies=2 roster=bat elites=[] named=-
[Audio] BGM boss → boss.ogg
[Save] level 흑랑 굴 2층 → user://save_e2e.json (C:/Users/FORYOUCOM/AppData/Roaming/Godot/app_userdata/Joseon Hunters/wt/codex-554-item-window-contract/save_e2e.json)
[Dev] stairs StairsUp dir=-1 world=(22.5, 0.0, 23.5) screen=(593.7167, 335.9507)
[Dev] near boss hp=195/195
[Dev] item 화염부 world=(32.5, 0.0, 70.5) screen=(-1211.334, 2590.0)
[Dev] item 빙결부 world=(33.5, 0.0, 69.5) screen=(-1118.768, 2590.0)
[Field] deulnyeok seed=355022911 128x128 props=2252 packs=18 enemies=74 waypoint=(62, 65) roster=bandit,bat,talisman_master elites=["13:파란×4@구간3"]
[Audio] BGM dungeon → dungeon_1.ogg
[Save] level 못골 들녘 → user://save_e2e.json (C:/Users/FORYOUCOM/AppData/Roaming/Godot/app_userdata/Joseon Hunters/wt/codex-554-item-window-contract/save_e2e.json)
[Dev] stairs Down_cave dir=1 world=(88.5, 0.0, 3.5) screen=(7212.236, 897.1014)
[Dev] interact Waypoint world=(62.5, 0.0, 65.5) screen=(3139.301, 1810.974)
[Dev] interact FloorItem world=(32.5, 0.0, 70.5) screen=(1519.384, 1142.938)
[Dev] interact @Area3D@8115 world=(33.5, 0.0, 69.5) screen=(1611.95, 1142.938)
[Dev] interact PusJar world=(95.5, 0.0, 103.5) screen=(2907.884, 3708.197)
[Dev] interact @Area3D@8262 world=(101.5, 0.0, 105.5) screen=(3093.018, 3921.969)
[Dev] interact @Area3D@8263 world=(98.5, 0.0, 107.5) screen=(2861.601, 3895.247)
[Dev] interact LootChest world=(27.5, 0.0, 70.5) screen=(1287.967, 1009.331)
[Dev] interact @Area3D@8264 world=(94.5, 0.0, 100.5) screen=(3000.451, 3601.312)
[Dev] interact @Area3D@8265 world=(55.5, 0.0, 52.5) screen=(3417.001, 1276.545)
[Dev] interact LootPot world=(46.5, 0.0, 68.5) screen=(2259.917, 1463.595)
[Dev] interact @Area3D@8266 world=(73.5, 0.0, 47.5) screen=(4481.519, 1623.924)
[Dev] interact @Area3D@8267 world=(90.5, 0.0, 47.5) screen=(5268.335, 2078.189)
[Dev] interact @Area3D@8268 world=(111.5, 0.0, 49.5) screen=(6147.719, 2692.782)
[Dev] interact @Area3D@8269 world=(101.5, 0.0, 101.5) screen=(3278.151, 3815.083)
[Dev] interact @Area3D@8270 world=(86.5, 0.0, 76.5) screen=(3740.984, 2746.225)
[Dev] interact @Area3D@8271 world=(53.5, 0.0, 52.5) screen=(3324.434, 1223.102)
[Dev] interact @Area3D@8272 world=(87.5, 0.0, 95.5) screen=(2907.884, 3280.654)
[Dev] interact @Area3D@8273 world=(26.5, 0.0, 66.5) screen=(1426.817, 875.7234)
[Dev] interact @Area3D@8274 world=(17.5, 0.0, 60.5) screen=(1287.967, 474.9016)
[Dev] interact @Area3D@8275 world=(86.5, 0.0, 22.5) screen=(6240.286, 1303.266)
[Dev] interact @Area3D@8276 world=(59.5, 0.0, 65.5) screen=(3000.451, 1730.81)
[Dev] interact @Area3D@8277 world=(18.5, 0.0, 74.5) screen=(686.2832, 875.7234)
[Dev] interact @Area3D@8278 world=(44.5, 0.0, 69.5) screen=(2121.067, 1436.874)
[Dev] interact @Area3D@8279 world=(73.5, 0.0, 49.5) screen=(4388.952, 1677.367)
[Dev] interact @Area3D@8280 world=(88.5, 0.0, 52.5) screen=(4944.352, 2158.353)
[Dev] item 화염부 world=(32.5, 0.0, 70.5) screen=(1519.384, 1172.353)
[Dev] item 빙결부 world=(33.5, 0.0, 69.5) screen=(1611.95, 1172.353)
[Field] deulnyeok seed=2003693712 128x128 props=2327 packs=16 enemies=58 waypoint=(60, 60) roster=bandit,bat,talisman_master elites=["15:금색×3@구간3"]
[Save] level 못골 들녘 → user://save_e2e.json (C:/Users/FORYOUCOM/AppData/Roaming/Godot/app_userdata/Joseon Hunters/wt/codex-554-item-window-contract/save_e2e.json)
[Dev] stairs Down_cave dir=1 world=(88.5, 0.0, 3.5) screen=(7212.236, 897.1014)
[Dev] interact Waypoint world=(60.5, 0.0, 60.5) screen=(3278.151, 1623.924)
[Dev] interact FloorItem world=(32.5, 0.0, 70.5) screen=(1519.384, 1142.938)
[Dev] interact @Area3D@8780 world=(33.5, 0.0, 69.5) screen=(1611.95, 1142.938)
[Dev] interact PusJar world=(95.5, 0.0, 103.5) screen=(2907.884, 3708.197)
[Dev] interact @Area3D@8893 world=(101.5, 0.0, 105.5) screen=(3093.018, 3921.969)
[Dev] interact @Area3D@8894 world=(98.5, 0.0, 107.5) screen=(2861.601, 3895.247)
[Dev] interact LootChest world=(30.5, 0.0, 71.5) screen=(1380.534, 1116.216)
[Dev] interact @Area3D@8895 world=(96.5, 0.0, 101.5) screen=(3046.734, 3681.476)
[Dev] interact @Area3D@8896 world=(63.5, 0.0, 73.5) screen=(2815.317, 2051.467)
[Dev] interact @Area3D@8897 world=(96.5, 0.0, 11.5) screen=(7212.236, 1276.545)
[Dev] interact LootPot world=(94.5, 0.0, 14.5) screen=(6980.82, 1303.267)
[Dev] interact @Area3D@8898 world=(13.5, 0.0, 64.5) screen=(917.6999, 474.9017)
[Dev] interact @Area3D@8899 world=(27.5, 0.0, 71.5) screen=(1241.683, 1036.052)
[Dev] interact @Area3D@8900 world=(78.5, 0.0, 21.5) screen=(5916.303, 1062.774)
[Dev] interact @Area3D@8901 world=(95.5, 0.0, 47.5) screen=(5499.752, 2211.796)
[Dev] interact @Area3D@8902 world=(24.5, 0.0, 59.5) screen=(1658.234, 635.2303)
[Dev] interact @Area3D@8903 world=(104.5, 0.0, 35.5) screen=(6471.703, 2131.632)
[Dev] interact @Area3D@8904 world=(62.5, 0.0, 67.5) screen=(3046.734, 1864.417)
[Dev] interact @Area3D@8905 world=(61.5, 0.0, 65.5) screen=(3093.018, 1784.253)
[Dev] interact @Area3D@8906 world=(62.5, 0.0, 37.5) screen=(4435.235, 1062.774)
[Dev] interact @Area3D@8907 world=(82.5, 0.0, 71.5) screen=(3787.268, 2505.732)
[Dev] interact @Area3D@8908 world=(81.5, 0.0, 47.5) screen=(4851.785, 1837.695)
[Dev] interact @Area3D@8909 world=(94.5, 0.0, 100.5) screen=(3000.451, 3601.312)
[Dev] interact @Area3D@8910 world=(96.5, 0.0, 13.5) screen=(7119.67, 1329.988)
[Audio] BGM town → town.ogg
[Save] level 못골 마을 → user://save_e2e.json (C:/Users/FORYOUCOM/AppData/Roaming/Godot/app_userdata/Joseon Hunters/wt/codex-554-item-window-contract/save_e2e.json)
[Dev] stairs DungeonEntrance dir=1 world=(0.0, 0.0, -31.0) screen=(2121.067, -492.4143)
[Dev] interact Merchant world=(5.4, 0.0, -2.4) screen=(1047.293, 368.0158)
[Dev] interact Shaman world=(-5.6, 0.0, 0.4) screen=(408.5833, 148.8999)
[Dev] interact Elder world=(2.0, 0.0, -5.6) screen=(1038.037, 191.6542)
[Dev] interact Jumo world=(7.1, 0.0, -1.4) screen=(1079.692, 440.1637)
[Dev] interact Waypoint world=(-4.2, 0.0, 2.2) screen=(390.0698, 234.4085)
E2E automap PASS (검사 50)
[Save] level 못골 마을 → user://save_e2e.json (C:/Users/FORYOUCOM/AppData/Roaming/Godot/app_userdata/Joseon Hunters/wt/codex-554-item-window-contract/save_e2e.json)
[Dev] stairs DungeonEntrance dir=1 world=(0.0, 0.0, -31.0) screen=(2121.067, -492.4143)
[Dev] interact Merchant world=(5.4, 0.0, -2.4) screen=(1047.293, 368.0158)
[Dev] interact Shaman world=(-5.6, 0.0, 0.4) screen=(408.5833, 148.8999)
[Dev] interact Elder world=(2.0, 0.0, -5.6) screen=(1038.037, 191.6542)
[Dev] interact Jumo world=(7.1, 0.0, -1.4) screen=(1079.692, 440.1637)
[Dev] interact Waypoint world=(-4.2, 0.0, 2.2) screen=(390.0698, 234.4085)
E2E ▶ pickup_equip
[Dev] item 장검 world=(1.9, 0.0, 1.0) screen=(727.9384, 397.4098)
[Dev] item 누비옷 world=(1.711841, 0.0, 1.824379) screen=(681.0747, 414.4106)
[Dev] item 짚신 world=(1.184631, 0.0, 2.48548) screen=(626.0757, 417.9883)
[Dev] item 은가락지 world=(0.42279, 0.0, 2.852363) screen=(573.8345, 407.4345)
[Dev] item 탕약 — 쌍화탕 world=(-0.42279, 0.0, 2.852363) screen=(534.6982, 384.8393)
[Dev] item 식별부 world=(-1.184631, 0.0, 2.48548) screen=(516.4183, 354.6782)
[Dev] item 무명띠 world=(-1.711841, 0.0, 1.824379) screen=(522.6152, 322.9248)
[Dev] item 엽전 world=(-1.9, 0.0, 1.0) screen=(552.0616, 295.8683)
[Dungeon] heukrang_gul 1층 lv=2 seed=403727558 gen 64x64 rooms=6 up=(44, 56) down=(7, 23) enemies=20 roster=bandit,bat,talisman_master elites=["방2:금색×3(깊이 0.50)"] named=-
[Quest] heukrang_gul 1층 — 싹쓸이 셈 시작 20 (heukrang_clear:none)
[Audio] BGM dungeon → dungeon_3.ogg
[Save] level 흑랑 굴 1층 → user://save_e2e.json (C:/Users/FORYOUCOM/AppData/Roaming/Godot/app_userdata/Joseon Hunters/wt/codex-554-item-window-contract/save_e2e.json)
[Dev] stairs StairsUp dir=-1 world=(44.5, 0.0, 56.5) screen=(593.7165, 335.9509)
[Dev] stairs StairsDown dir=1 world=(7.5, 0.0, 23.5) screen=(408.583, -1534.551)
[Dev] interact PusJar world=(29.5, 0.0, 42.5) screen=(547.433, -487.0705)
[Dev] interact @Area3D@9419 world=(14.5, 0.0, 24.5) screen=(686.2831, -1368.878)
[Dev] interact @Area3D@9420 world=(23.5, 0.0, 18.5) screen=(1380.534, -1288.714)
[Dev] interact LootChest world=(29.5, 0.0, 39.5) screen=(686.2831, -567.2349)
[Dev] interact @Area3D@9421 world=(40.5, 0.0, 38.5) screen=(1241.683, -300.0204)
[Dev] interact LootPot world=(21.5, 0.0, 43.5) screen=(130.8828, -674.1207)
[Dev] interact @Area3D@9422 world=(22.5, 0.0, 44.5) screen=(130.8829, -620.6779)
[Dev] interact @Area3D@9423 world=(19.5, 0.0, 9.5) screen=(1611.95, -1636.093)
[Dev] interact @Area3D@9424 world=(20.5, 0.0, 9.5) screen=(1658.234, -1609.372)
[Dev] interact @Area3D@9425 world=(44.5, 0.0, 51.5) screen=(825.1333, 154.2443)
[Dev] interact @Area3D@9426 world=(44.5, 0.0, 52.5) screen=(778.8499, 180.9657)
[Dev] interact @Area3D@9427 world=(21.5, 0.0, 39.5) screen=(316.0163, -781.0065)
[Dev] removed 20 enemies
[Dev] item 환도 world=(46.9, 0.0, 57.1) screen=(677.0266, 397.4309)
[Click] world=(46.9, 0.636768, 57.1) cell=(46, 57)
[Dev] item 은가락지 world=(47.12893, 0.000391, 57.18382) screen=(652.9415, 389.4253)
[Dev] item 탕약 — 쌍화탕 world=(47.12893, 0.000391, 57.18382) screen=(636.3694, 389.3957)
E2E pickup_equip PASS (검사 37)
[Audio] BGM town → town.ogg
[Save] level 못골 마을 → user://save_e2e.json (C:/Users/FORYOUCOM/AppData/Roaming/Godot/app_userdata/Joseon Hunters/wt/codex-554-item-window-contract/save_e2e.json)
[Dev] stairs DungeonEntrance dir=1 world=(0.0, 0.0, -31.0) screen=(2121.067, -492.4143)
[Dev] interact Merchant world=(5.4, 0.0, -2.4) screen=(1047.293, 368.0158)
[Dev] interact Shaman world=(-5.6, 0.0, 0.4) screen=(408.5833, 148.8999)
[Dev] interact Elder world=(2.0, 0.0, -5.6) screen=(1038.037, 191.6542)
[Dev] interact Jumo world=(7.1, 0.0, -1.4) screen=(1079.692, 440.1637)
[Dev] interact Waypoint world=(-4.2, 0.0, 2.2) screen=(390.0698, 234.4085)
E2E ▶ equipment_ui
E2E equipment_ui PASS (검사 33)
[Save] level 못골 마을 → user://save_e2e.json (C:/Users/FORYOUCOM/AppData/Roaming/Godot/app_userdata/Joseon Hunters/wt/codex-554-item-window-contract/save_e2e.json)
[Dev] stairs DungeonEntrance dir=1 world=(0.0, 0.0, -31.0) screen=(2121.067, -492.4143)
[Dev] interact Merchant world=(5.4, 0.0, -2.4) screen=(1047.293, 368.0158)
[Dev] interact Shaman world=(-5.6, 0.0, 0.4) screen=(408.5833, 148.8999)
[Dev] interact Elder world=(2.0, 0.0, -5.6) screen=(1038.037, 191.6542)
[Dev] interact Jumo world=(7.1, 0.0, -1.4) screen=(1079.692, 440.1637)
[Dev] interact Waypoint world=(-4.2, 0.0, 2.2) screen=(390.0698, 234.4085)
E2E ▶ inactive_gear
[Dungeon] heukrang_gul 1층 lv=2 seed=403727558 gen 64x64 rooms=6 up=(44, 56) down=(7, 23) enemies=20 roster=bandit,bat,talisman_master elites=["방2:금색×3(깊이 0.50)"] named=-
[Quest] heukrang_gul 1층 — 싹쓸이 셈 시작 20 (heukrang_clear:none)
[Audio] BGM dungeon → dungeon_1.ogg
[Save] level 흑랑 굴 1층 → user://save_e2e.json (C:/Users/FORYOUCOM/AppData/Roaming/Godot/app_userdata/Joseon Hunters/wt/codex-554-item-window-contract/save_e2e.json)
[Dev] stairs StairsUp dir=-1 world=(44.5, 0.0, 56.5) screen=(593.7165, 335.9509)
[Dev] stairs StairsDown dir=1 world=(7.5, 0.0, 23.5) screen=(408.583, -1534.551)
[Dev] interact PusJar world=(29.5, 0.0, 42.5) screen=(547.433, -487.0705)
[Dev] interact @Area3D@9931 world=(14.5, 0.0, 24.5) screen=(686.2831, -1368.878)
[Dev] interact @Area3D@9932 world=(23.5, 0.0, 18.5) screen=(1380.534, -1288.714)
[Dev] interact LootChest world=(29.5, 0.0, 39.5) screen=(686.2831, -567.2349)
[Dev] interact @Area3D@9933 world=(40.5, 0.0, 38.5) screen=(1241.683, -300.0204)
[Dev] interact LootPot world=(21.5, 0.0, 43.5) screen=(130.8828, -674.1207)
[Dev] interact @Area3D@9934 world=(22.5, 0.0, 44.5) screen=(130.8829, -620.6779)
[Dev] interact @Area3D@9935 world=(19.5, 0.0, 9.5) screen=(1611.95, -1636.093)
[Dev] interact @Area3D@9936 world=(20.5, 0.0, 9.5) screen=(1658.234, -1609.372)
[Dev] interact @Area3D@9937 world=(44.5, 0.0, 51.5) screen=(825.1333, 154.2443)
[Dev] interact @Area3D@9938 world=(44.5, 0.0, 52.5) screen=(778.8499, 180.9657)
[Dev] interact @Area3D@9939 world=(21.5, 0.0, 39.5) screen=(316.0163, -781.0065)
[Dev] removed 20 enemies
  · 툴팁 줄 [name] 장검
  · 툴팁 줄 [base] 피해 8~14
  · 툴팁 줄 [base] 공격 속도 느림
  · 툴팁 줄 [req] 요구 레벨 5
  · 툴팁 줄 [req] 요구 힘 30
  · 툴팁 줄 [inactive] 요구치 부족 — 꺼짐
  · 툴팁 줄 [hint] 좌클릭: 벗어서 들기
  · 툴팁 줄 [hint] 우클릭 / Shift+클릭: 가방으로 벗기
[Save] e2e #427 → user://save_e2e.json (C:/Users/FORYOUCOM/AppData/Roaming/Godot/app_userdata/Joseon Hunters/wt/codex-554-item-window-contract/save_e2e.json)
[Load] lv=5 gold=0 flags={ "opening_pending": false, "quest": { "heukrang_clear": { "state": "none", "left": 20, "barked": false } } } portal=<null> wps=[]
[Dungeon] heukrang_gul 1층 lv=2 seed=403727558 gen 64x64 rooms=6 up=(44, 56) down=(7, 23) enemies=20 roster=bandit,bat,talisman_master elites=["방2:금색×3(깊이 0.50)"] named=-
[Quest] heukrang_gul 1층 — 싹쓸이 셈 시작 20 (heukrang_clear:none)
[Save] level 흑랑 굴 1층 → user://save_e2e.json (C:/Users/FORYOUCOM/AppData/Roaming/Godot/app_userdata/Joseon Hunters/wt/codex-554-item-window-contract/save_e2e.json)
[Dev] stairs StairsUp dir=-1 world=(44.5, 0.0, 56.5) screen=(593.7165, 335.9509)
[Dev] stairs StairsDown dir=1 world=(7.5, 0.0, 23.5) screen=(408.583, -1534.551)
[Dev] interact PusJar world=(29.5, 0.0, 42.5) screen=(547.433, -487.0705)
[Dev] interact @Area3D@10124 world=(14.5, 0.0, 24.5) screen=(686.2831, -1368.878)
[Dev] interact @Area3D@10125 world=(23.5, 0.0, 18.5) screen=(1380.534, -1288.714)
[Dev] interact LootChest world=(29.5, 0.0, 39.5) screen=(686.2831, -567.2349)
[Dev] interact @Area3D@10126 world=(40.5, 0.0, 38.5) screen=(1241.683, -300.0204)
[Dev] interact LootPot world=(21.5, 0.0, 43.5) screen=(130.8828, -674.1207)
[Dev] interact @Area3D@10127 world=(22.5, 0.0, 44.5) screen=(130.8829, -620.6779)
[Dev] interact @Area3D@10128 world=(19.5, 0.0, 9.5) screen=(1611.95, -1636.093)
[Dev] interact @Area3D@10129 world=(20.5, 0.0, 9.5) screen=(1658.234, -1609.372)
[Dev] interact @Area3D@10130 world=(44.5, 0.0, 51.5) screen=(825.1333, 154.2443)
[Dev] interact @Area3D@10131 world=(44.5, 0.0, 52.5) screen=(778.8499, 180.9657)
[Dev] interact @Area3D@10132 world=(21.5, 0.0, 39.5) screen=(316.0163, -781.0065)
[Dev] item 화염부 world=(32.5, 0.0, 70.5) screen=(-609.6509, 370.7094)
[Dev] item 빙결부 world=(33.5, 0.0, 69.5) screen=(-517.084, 370.7095)
[Field] deulnyeok seed=355022911 128x128 props=2252 packs=18 enemies=74 waypoint=(62, 65) roster=bandit,bat,talisman_master elites=["13:파란×4@구간3"]
[Save] level 못골 들녘 → user://save_e2e.json (C:/Users/FORYOUCOM/AppData/Roaming/Godot/app_userdata/Joseon Hunters/wt/codex-554-item-window-contract/save_e2e.json)
[Dev] stairs Down_cave dir=1 world=(88.5, 0.0, 3.5) screen=(7212.236, 897.1014)
[Dev] interact Waypoint world=(62.5, 0.0, 65.5) screen=(3139.301, 1810.974)
[Dev] interact FloorItem world=(32.5, 0.0, 70.5) screen=(1519.384, 1142.938)
[Dev] interact @Area3D@10634 world=(33.5, 0.0, 69.5) screen=(1611.95, 1142.938)
[Dev] interact PusJar world=(95.5, 0.0, 103.5) screen=(2907.884, 3708.197)
[Dev] interact @Area3D@10781 world=(101.5, 0.0, 105.5) screen=(3093.018, 3921.969)
[Dev] interact @Area3D@10782 world=(98.5, 0.0, 107.5) screen=(2861.601, 3895.247)
[Dev] interact LootChest world=(27.5, 0.0, 70.5) screen=(1287.967, 1009.331)
[Dev] interact @Area3D@10783 world=(94.5, 0.0, 100.5) screen=(3000.451, 3601.312)
[Dev] interact @Area3D@10784 world=(55.5, 0.0, 52.5) screen=(3417.001, 1276.545)
[Dev] interact LootPot world=(46.5, 0.0, 68.5) screen=(2259.917, 1463.595)
[Dev] interact @Area3D@10785 world=(73.5, 0.0, 47.5) screen=(4481.519, 1623.924)
[Dev] interact @Area3D@10786 world=(90.5, 0.0, 47.5) screen=(5268.335, 2078.189)
[Dev] interact @Area3D@10787 world=(111.5, 0.0, 49.5) screen=(6147.719, 2692.782)
[Dev] interact @Area3D@10788 world=(101.5, 0.0, 101.5) screen=(3278.151, 3815.083)
[Dev] interact @Area3D@10789 world=(86.5, 0.0, 76.5) screen=(3740.984, 2746.225)
[Dev] interact @Area3D@10790 world=(53.5, 0.0, 52.5) screen=(3324.434, 1223.102)
[Dev] interact @Area3D@10791 world=(87.5, 0.0, 95.5) screen=(2907.884, 3280.654)
[Dev] interact @Area3D@10792 world=(26.5, 0.0, 66.5) screen=(1426.817, 875.7234)
[Dev] interact @Area3D@10793 world=(17.5, 0.0, 60.5) screen=(1287.967, 474.9016)
[Dev] interact @Area3D@10794 world=(86.5, 0.0, 22.5) screen=(6240.286, 1303.266)
[Dev] interact @Area3D@10795 world=(59.5, 0.0, 65.5) screen=(3000.451, 1730.81)
[Dev] interact @Area3D@10796 world=(18.5, 0.0, 74.5) screen=(686.2832, 875.7234)
[Dev] interact @Area3D@10797 world=(44.5, 0.0, 69.5) screen=(2121.067, 1436.874)
[Dev] interact @Area3D@10798 world=(73.5, 0.0, 49.5) screen=(4388.952, 1677.367)
[Dev] interact @Area3D@10799 world=(88.5, 0.0, 52.5) screen=(4944.352, 2158.353)
[Dev] removed 74 enemies
[Dev] item 패랭이 world=(8.3, 0.0, 65.3) screen=(639.9997, 386.7424)
[Dev] drop paeraengi rarity=0 superior=false ilvl=1 affixes=[]
[Dev] item 은가락지 world=(111.3, 0.0, 86.3) screen=(3767.177, 3117.25)
[Dev] drop silver_ring rarity=0 superior=false ilvl=3 affixes=[]
[Audio] BGM town → town.ogg
[Save] level 못골 마을 → user://save_e2e.json (C:/Users/FORYOUCOM/AppData/Roaming/Godot/app_userdata/Joseon Hunters/wt/codex-554-item-window-contract/save_e2e.json)
[Dev] stairs DungeonEntrance dir=1 world=(0.0, 0.0, -31.0) screen=(2121.067, -492.4143)
[Dev] interact Merchant world=(5.4, 0.0, -2.4) screen=(1047.293, 368.0158)
[Dev] interact Shaman world=(-5.6, 0.0, 0.4) screen=(408.5833, 148.8999)
[Dev] interact Elder world=(2.0, 0.0, -5.6) screen=(1038.037, 191.6542)
[Dev] interact Jumo world=(7.1, 0.0, -1.4) screen=(1079.692, 440.1637)
[Dev] interact Waypoint world=(-4.2, 0.0, 2.2) screen=(390.0698, 234.4085)
  · 좌판 ilvl — 못골 들녘 1회차: 무리 레벨 1~3 · max_area_level 3 · 좌판 장비 ilvl [3, 3, 3, 3] · dev G ilvl 들머리 1 / 끝 무리 3
[Field] jeongnyeongjae seed=3599041059 128x176 props=2821 packs=13 enemies=72 waypoint=(61, 66) roster=hwajeok,vampire_bat,lightning_master | hwajeok,hollin_yeogung_bow,gaekgwi elites=["8:금색×3@구간2", "10:금색×3@구간3"]
[Audio] BGM dungeon → dungeon_4.ogg
[Save] level 정령재 → user://save_e2e.json (C:/Users/FORYOUCOM/AppData/Roaming/Godot/app_userdata/Joseon Hunters/wt/codex-554-item-window-contract/save_e2e.json)
[Dev] stairs Down_cave dir=1 world=(60.5, 0.0, 3.5) screen=(9896.671, -2149.144)
[Dev] stairs Down_mine dir=1 world=(125.5, 0.0, 70.5) screen=(9804.104, 1378.087)
[Dev] interact Waypoint world=(61.5, 0.0, 66.5) screen=(7027.103, -487.0706)
[Dev] interact LootChest world=(5.5, 0.0, 141.5) screen=(963.9833, 20.637)
[Dev] interact @Area3D@12331 world=(26.5, 0.0, 123.5) screen=(2769.034, 100.8014)
[Dev] interact @Area3D@12332 world=(61.5, 0.0, 88.5) screen=(6008.868, 100.8013)
[Dev] interact @Area3D@12333 world=(82.5, 0.0, 48.5) screen=(8832.153, -406.9061)
[Dev] interact LootPot world=(70.5, 0.0, 9.5) screen=(10081.8, -1769.7)
[Dev] interact @Area3D@12334 world=(59.5, 0.0, 82.5) screen=(6194.002, -112.9702)
[Dev] interact @Area3D@12335 world=(39.5, 0.0, 58.5) screen=(6379.136, -1288.714)
[Dev] interact @Area3D@12336 world=(32.5, 0.0, 37.5) screen=(7027.103, -2036.915)
[Dev] interact @Area3D@12337 world=(30.5, 0.0, 123.5) screen=(2954.168, 207.6872)
[Dev] interact @Area3D@12338 world=(96.5, 0.0, 125.5) screen=(5916.303, 2024.746)
[Dev] interact @Area3D@12339 world=(89.5, 0.0, 59.5) screen=(8647.021, 74.08006)
[Dev] interact @Area3D@12340 world=(22.5, 0.0, 41.5) screen=(6379.136, -2197.243)
[Dev] interact @Area3D@12341 world=(56.5, 0.0, 51.5) screen=(7489.937, -1021.5)
[Dev] interact @Area3D@12342 world=(7.5, 0.0, 142.5) screen=(1010.267, 100.8013)
[Dev] interact @Area3D@12343 world=(101.5, 0.0, 72.5) screen=(8600.737, 742.1163)
[Dev] interact @Area3D@12344 world=(77.5, 0.0, 34.5) screen=(9248.703, -914.6136)
[Dev] removed 72 enemies
[Dev] item 무명띠 world=(8.3, 0.0, 151.3) screen=(639.9997, 386.7424)
[Dev] drop cotton_belt rarity=0 superior=false ilvl=4 affixes=[]
[Dev] item 미식별 무명 도포 world=(77.3, 0.0, 39.3) screen=(7400.017, -540.1274)
[Dev] drop cotton_dopo rarity=1 superior=false ilvl=7 affixes=[{ "id": "blue", "v": 6.0 }]
[Audio] BGM town → town.ogg
[Save] level 못골 마을 → user://save_e2e.json (C:/Users/FORYOUCOM/AppData/Roaming/Godot/app_userdata/Joseon Hunters/wt/codex-554-item-window-contract/save_e2e.json)
[Dev] stairs DungeonEntrance dir=1 world=(0.0, 0.0, -31.0) screen=(2121.067, -492.4143)
[Dev] interact Merchant world=(5.4, 0.0, -2.4) screen=(1047.293, 368.0158)
[Dev] interact Shaman world=(-5.6, 0.0, 0.4) screen=(408.5833, 148.8999)
[Dev] interact Elder world=(2.0, 0.0, -5.6) screen=(1038.037, 191.6542)
[Dev] interact Jumo world=(7.1, 0.0, -1.4) screen=(1079.692, 440.1637)
[Dev] interact Waypoint world=(-4.2, 0.0, 2.2) screen=(390.0698, 234.4085)
  · 좌판 ilvl — 정령재 1회차: 무리 레벨 4~7 · max_area_level 7 · 좌판 장비 ilvl [7, 7, 7, 7] · dev G ilvl 들머리 4 / 끝 무리 7
[Field] jeongnyeongjae seed=3599041059 128x176 props=2821 packs=13 enemies=68 waypoint=(61, 66) roster=hwajeok,vampire_bat,locust | hwajeok,vampire_bat,hollin_yeogung_bow elites=["7:파란×3@구간2", "12:금색×4@구간3", "5:파란×4@구간2"]
[Audio] BGM dungeon → dungeon_2.ogg
[Save] level 정령재 → user://save_e2e.json (C:/Users/FORYOUCOM/AppData/Roaming/Godot/app_userdata/Joseon Hunters/wt/codex-554-item-window-contract/save_e2e.json)
[Dev] stairs Down_cave dir=1 world=(60.5, 0.0, 3.5) screen=(9896.671, -2149.144)
[Dev] stairs Down_mine dir=1 world=(125.5, 0.0, 70.5) screen=(9804.104, 1378.087)
[Dev] interact Waypoint world=(61.5, 0.0, 66.5) screen=(7027.103, -487.0706)
[Dev] interact LootChest world=(5.5, 0.0, 141.5) screen=(963.9833, 20.637)
[Dev] interact @Area3D@13846 world=(26.5, 0.0, 123.5) screen=(2769.034, 100.8014)
[Dev] interact @Area3D@13847 world=(61.5, 0.0, 88.5) screen=(6008.868, 100.8013)
[Dev] interact @Area3D@13848 world=(82.5, 0.0, 48.5) screen=(8832.153, -406.9061)
[Dev] interact LootPot world=(70.5, 0.0, 9.5) screen=(10081.8, -1769.7)
[Dev] interact @Area3D@13849 world=(59.5, 0.0, 82.5) screen=(6194.002, -112.9702)
[Dev] interact @Area3D@13850 world=(39.5, 0.0, 58.5) screen=(6379.136, -1288.714)
[Dev] interact @Area3D@13851 world=(32.5, 0.0, 37.5) screen=(7027.103, -2036.915)
[Dev] interact @Area3D@13852 world=(30.5, 0.0, 123.5) screen=(2954.168, 207.6872)
[Dev] interact @Area3D@13853 world=(96.5, 0.0, 125.5) screen=(5916.303, 2024.746)
[Dev] interact @Area3D@13854 world=(89.5, 0.0, 59.5) screen=(8647.021, 74.08006)
[Dev] interact @Area3D@13855 world=(22.5, 0.0, 41.5) screen=(6379.136, -2197.243)
[Dev] interact @Area3D@13856 world=(56.5, 0.0, 51.5) screen=(7489.937, -1021.5)
[Dev] interact @Area3D@13857 world=(7.5, 0.0, 142.5) screen=(1010.267, 100.8013)
[Dev] interact @Area3D@13858 world=(101.5, 0.0, 72.5) screen=(8600.737, 742.1163)
[Dev] interact @Area3D@13859 world=(77.5, 0.0, 34.5) screen=(9248.703, -914.6136)
[Dev] removed 68 enemies
[Dev] item 환도 world=(8.3, 0.0, 151.3) screen=(639.9997, 386.7424)
[Dev] drop hwando rarity=0 superior=false ilvl=16 affixes=[]
[Dev] item 미식별 지갑 world=(77.3, 0.0, 39.3) screen=(7542.672, -559.7217)
[Dev] drop jigap rarity=2 superior=false ilvl=19 affixes=[{ "id": "stout", "v": 4.0 }, { "id": "of_fireward", "v": 7.0 }, { "id": "def_pct_t3", "v": 38.0 }, { "id": "nimble", "v": 8.0 }]
[Audio] BGM town → town.ogg
[Save] level 못골 마을 → user://save_e2e.json (C:/Users/FORYOUCOM/AppData/Roaming/Godot/app_userdata/Joseon Hunters/wt/codex-554-item-window-contract/save_e2e.json)
[Dev] stairs DungeonEntrance dir=1 world=(0.0, 0.0, -31.0) screen=(2121.067, -492.4143)
[Dev] interact Merchant world=(5.4, 0.0, -2.4) screen=(1047.293, 368.0158)
[Dev] interact Shaman world=(-5.6, 0.0, 0.4) screen=(408.5833, 148.8999)
[Dev] interact Elder world=(2.0, 0.0, -5.6) screen=(1038.037, 191.6542)
[Dev] interact Jumo world=(7.1, 0.0, -1.4) screen=(1079.692, 440.1637)
[Dev] interact Waypoint world=(-4.2, 0.0, 2.2) screen=(390.0698, 234.4085)
  · 좌판 ilvl — 정령재 2회차: 무리 레벨 4~7 · max_area_level 7 · 좌판 장비 ilvl [19, 19, 19, 19] · dev G ilvl 들머리 16 / 끝 무리 19
E2E inactive_gear PASS (검사 50)
[Save] level 못골 마을 → user://save_e2e.json (C:/Users/FORYOUCOM/AppData/Roaming/Godot/app_userdata/Joseon Hunters/wt/codex-554-item-window-contract/save_e2e.json)
[Dev] stairs DungeonEntrance dir=1 world=(0.0, 0.0, -31.0) screen=(2121.067, -492.4143)
[Dev] interact Merchant world=(5.4, 0.0, -2.4) screen=(1047.293, 368.0158)
[Dev] interact Shaman world=(-5.6, 0.0, 0.4) screen=(408.5833, 148.8999)
[Dev] interact Elder world=(2.0, 0.0, -5.6) screen=(1038.037, 191.6542)
[Dev] interact Jumo world=(7.1, 0.0, -1.4) screen=(1079.692, 440.1637)
[Dev] interact Waypoint world=(-4.2, 0.0, 2.2) screen=(390.0698, 234.4085)
E2E ▶ portal_roundtrip
[Dungeon] heukrang_gul 1층 lv=2 seed=403727558 gen 64x64 rooms=6 up=(44, 56) down=(7, 23) enemies=20 roster=bandit,bat,talisman_master elites=["방2:금색×3(깊이 0.50)"] named=-
[Quest] heukrang_gul 1층 — 싹쓸이 셈 시작 20 (heukrang_clear:none)
[Audio] BGM dungeon → dungeon_3.ogg
[Save] level 흑랑 굴 1층 → user://save_e2e.json (C:/Users/FORYOUCOM/AppData/Roaming/Godot/app_userdata/Joseon Hunters/wt/codex-554-item-window-contract/save_e2e.json)
[Dev] stairs StairsUp dir=-1 world=(44.5, 0.0, 56.5) screen=(593.7165, 335.9509)
[Dev] stairs StairsDown dir=1 world=(7.5, 0.0, 23.5) screen=(408.583, -1534.551)
[Dev] interact PusJar world=(29.5, 0.0, 42.5) screen=(547.433, -487.0705)
[Dev] interact @Area3D@14362 world=(14.5, 0.0, 24.5) screen=(686.2831, -1368.878)
[Dev] interact @Area3D@14363 world=(23.5, 0.0, 18.5) screen=(1380.534, -1288.714)
[Dev] interact LootChest world=(29.5, 0.0, 39.5) screen=(686.2831, -567.2349)
[Dev] interact @Area3D@14364 world=(40.5, 0.0, 38.5) screen=(1241.683, -300.0204)
[Dev] interact LootPot world=(21.5, 0.0, 43.5) screen=(130.8828, -674.1207)
[Dev] interact @Area3D@14365 world=(22.5, 0.0, 44.5) screen=(130.8829, -620.6779)
[Dev] interact @Area3D@14366 world=(19.5, 0.0, 9.5) screen=(1611.95, -1636.093)
[Dev] interact @Area3D@14367 world=(20.5, 0.0, 9.5) screen=(1658.234, -1609.372)
[Dev] interact @Area3D@14368 world=(44.5, 0.0, 51.5) screen=(825.1333, 154.2443)
[Dev] interact @Area3D@14369 world=(44.5, 0.0, 52.5) screen=(778.8499, 180.9657)
[Dev] interact @Area3D@14370 world=(21.5, 0.0, 39.5) screen=(316.0163, -781.0065)
[Dev] removed 20 enemies
[Dev] interact Portal world=(46.5, 0.0, 57.5) screen=(639.9998, 365.3647)
[Portal] opened heukrang_gul 1층 pos=(46.5, 0.0, 57.5)
[Click] world=(48.7, 0.0, 59.7) cell=(48, 59)
[Click] world=(46.5, 0.0, 57.5) cell=(46, 57)
[Dev] interact Portal world=(-1.2, 0.0, 2.4) screen=(579.8315, 279.835)
[Audio] BGM town → town.ogg
[Save] level 못골 마을 → user://save_e2e.json (C:/Users/FORYOUCOM/AppData/Roaming/Godot/app_userdata/Joseon Hunters/wt/codex-554-item-window-contract/save_e2e.json)
[Portal] travel → motgol 0층 portal={ "area": &"heukrang_gul", "floor": 1, "pos": (46.5, 0.0, 57.5), "returned": false }
[Dev] stairs DungeonEntrance dir=1 world=(0.0, 0.0, -31.0) screen=(2181.236, -532.4963)
[Dev] interact Merchant world=(5.4, 0.0, -2.4) screen=(1107.462, 327.9336)
[Dev] interact Shaman world=(-5.6, 0.0, 0.4) screen=(468.7516, 108.8176)
[Dev] interact Elder world=(2.0, 0.0, -5.6) screen=(1098.205, 151.572)
[Dev] interact Jumo world=(7.1, 0.0, -1.4) screen=(1139.86, 400.0815)
[Dev] interact Waypoint world=(-4.2, 0.0, 2.2) screen=(450.2382, 194.3264)
[Dev] interact Portal world=(-1.2, 0.0, 2.4) screen=(579.8315, 279.835)
[Click] world=(1.199998, 0.0, 4.8) cell=(1, 4)
[Click] world=(-1.2, 0.0, 2.4) cell=(-2, 2)
[Dungeon] heukrang_gul 1층 lv=2 seed=403727558 gen 64x64 rooms=6 up=(44, 56) down=(7, 23) enemies=20 roster=bandit,bat,talisman_master elites=["방2:금색×3(깊이 0.50)"] named=-
[Dev] interact Portal world=(46.5, 0.0, 57.5) screen=(593.7166, 287.8516)
[Quest] heukrang_gul 1층 — 싹쓸이 셈 시작 20 (heukrang_clear:none)
[Audio] BGM dungeon → dungeon_4.ogg
[Save] level 흑랑 굴 1층 → user://save_e2e.json (C:/Users/FORYOUCOM/AppData/Roaming/Godot/app_userdata/Joseon Hunters/wt/codex-554-item-window-contract/save_e2e.json)
[Portal] travel → heukrang_gul 1층 portal={ "area": &"heukrang_gul", "floor": 1, "pos": (46.5, 0.0, 57.5), "returned": true }
[Dev] stairs StairsUp dir=-1 world=(44.5, 0.0, 56.5) screen=(547.4333, 255.7866)
[Dev] stairs StairsDown dir=1 world=(7.5, 0.0, 23.5) screen=(362.2998, -1614.715)
[Dev] interact Portal world=(46.5, 0.0, 57.5) screen=(593.7166, 287.8516)
[Dev] interact PusJar world=(29.5, 0.0, 42.5) screen=(501.1501, -567.2347)
[Dev] interact @Area3D@14712 world=(14.5, 0.0, 24.5) screen=(640.0, -1449.043)
[Dev] interact @Area3D@14713 world=(23.5, 0.0, 18.5) screen=(1334.25, -1368.878)
[Dev] interact LootChest world=(29.5, 0.0, 39.5) screen=(640.0, -647.3992)
[Dev] interact @Area3D@14714 world=(40.5, 0.0, 38.5) screen=(1195.4, -380.1846)
[Dev] interact LootPot world=(21.5, 0.0, 43.5) screen=(84.5998, -754.285)
[Dev] interact @Area3D@14715 world=(22.5, 0.0, 44.5) screen=(84.59969, -700.8422)
[Dev] interact @Area3D@14716 world=(19.5, 0.0, 9.5) screen=(1565.667, -1716.257)
[Dev] interact @Area3D@14717 world=(20.5, 0.0, 9.5) screen=(1611.95, -1689.536)
[Dev] interact @Area3D@14718 world=(44.5, 0.0, 51.5) screen=(778.8501, 74.08006)
[Dev] interact @Area3D@14719 world=(44.5, 0.0, 52.5) screen=(732.5667, 100.8015)
[Dev] interact @Area3D@14720 world=(21.5, 0.0, 39.5) screen=(269.7332, -861.1709)
[Click] world=(46.5, 0.0, 57.5) cell=(46, 57)
[Audio] BGM town → town.ogg
[Save] level 못골 마을 → user://save_e2e.json (C:/Users/FORYOUCOM/AppData/Roaming/Godot/app_userdata/Joseon Hunters/wt/codex-554-item-window-contract/save_e2e.json)
[Portal] travel → motgol 0층 portal=<null>
[Dev] stairs DungeonEntrance dir=1 world=(0.0, 0.0, -31.0) screen=(2181.236, -532.4963)
[Dev] interact Merchant world=(5.4, 0.0, -2.4) screen=(1107.462, 327.9336)
[Dev] interact Shaman world=(-5.6, 0.0, 0.4) screen=(468.7516, 108.8176)
[Dev] interact Elder world=(2.0, 0.0, -5.6) screen=(1098.205, 151.572)
[Dev] interact Jumo world=(7.1, 0.0, -1.4) screen=(1139.86, 400.0815)
[Dev] interact Waypoint world=(-4.2, 0.0, 2.2) screen=(450.2382, 194.3264)
E2E portal_roundtrip PASS (검사 18)
[Save] level 못골 마을 → user://save_e2e.json (C:/Users/FORYOUCOM/AppData/Roaming/Godot/app_userdata/Joseon Hunters/wt/codex-554-item-window-contract/save_e2e.json)
[Dev] stairs DungeonEntrance dir=1 world=(0.0, 0.0, -31.0) screen=(2121.067, -492.4143)
[Dev] interact Merchant world=(5.4, 0.0, -2.4) screen=(1047.293, 368.0158)
[Dev] interact Shaman world=(-5.6, 0.0, 0.4) screen=(408.5833, 148.8999)
[Dev] interact Elder world=(2.0, 0.0, -5.6) screen=(1038.037, 191.6542)
[Dev] interact Jumo world=(7.1, 0.0, -1.4) screen=(1079.692, 440.1637)
[Dev] interact Waypoint world=(-4.2, 0.0, 2.2) screen=(390.0698, 234.4085)
E2E ▶ waypoint
[Dev] item 화염부 world=(32.5, 0.0, 70.5) screen=(-1072.484, 3072.227)
[Dev] item 빙결부 world=(33.5, 0.0, 69.5) screen=(-979.9173, 3072.227)
[Field] deulnyeok seed=355022911 128x128 props=2252 packs=18 enemies=74 waypoint=(62, 65) roster=bandit,bat,talisman_master elites=["13:파란×4@구간3"]
[Audio] BGM dungeon → dungeon_2.ogg
[Save] level 못골 들녘 → user://save_e2e.json (C:/Users/FORYOUCOM/AppData/Roaming/Godot/app_userdata/Joseon Hunters/wt/codex-554-item-window-contract/save_e2e.json)
[Dev] stairs Down_cave dir=1 world=(88.5, 0.0, 3.5) screen=(7212.236, 897.1014)
[Dev] interact Waypoint world=(62.5, 0.0, 65.5) screen=(3139.301, 1810.974)
[Dev] interact FloorItem world=(32.5, 0.0, 70.5) screen=(1519.384, 1142.938)
[Dev] interact @Area3D@15541 world=(33.5, 0.0, 69.5) screen=(1611.95, 1142.938)
[Dev] interact PusJar world=(95.5, 0.0, 103.5) screen=(2907.884, 3708.197)
[Dev] interact @Area3D@15688 world=(101.5, 0.0, 105.5) screen=(3093.018, 3921.969)
[Dev] interact @Area3D@15689 world=(98.5, 0.0, 107.5) screen=(2861.601, 3895.247)
[Dev] interact LootChest world=(27.5, 0.0, 70.5) screen=(1287.967, 1009.331)
[Dev] interact @Area3D@15690 world=(94.5, 0.0, 100.5) screen=(3000.451, 3601.312)
[Dev] interact @Area3D@15691 world=(55.5, 0.0, 52.5) screen=(3417.001, 1276.545)
[Dev] interact LootPot world=(46.5, 0.0, 68.5) screen=(2259.917, 1463.595)
[Dev] interact @Area3D@15692 world=(73.5, 0.0, 47.5) screen=(4481.519, 1623.924)
[Dev] interact @Area3D@15693 world=(90.5, 0.0, 47.5) screen=(5268.335, 2078.189)
[Dev] interact @Area3D@15694 world=(111.5, 0.0, 49.5) screen=(6147.719, 2692.782)
[Dev] interact @Area3D@15695 world=(101.5, 0.0, 101.5) screen=(3278.151, 3815.083)
[Dev] interact @Area3D@15696 world=(86.5, 0.0, 76.5) screen=(3740.984, 2746.225)
[Dev] interact @Area3D@15697 world=(53.5, 0.0, 52.5) screen=(3324.434, 1223.102)
[Dev] interact @Area3D@15698 world=(87.5, 0.0, 95.5) screen=(2907.884, 3280.654)
[Dev] interact @Area3D@15699 world=(26.5, 0.0, 66.5) screen=(1426.817, 875.7234)
[Dev] interact @Area3D@15700 world=(17.5, 0.0, 60.5) screen=(1287.967, 474.9016)
[Dev] interact @Area3D@15701 world=(86.5, 0.0, 22.5) screen=(6240.286, 1303.266)
[Dev] interact @Area3D@15702 world=(59.5, 0.0, 65.5) screen=(3000.451, 1730.81)
[Dev] interact @Area3D@15703 world=(18.5, 0.0, 74.5) screen=(686.2832, 875.7234)
[Dev] interact @Area3D@15704 world=(44.5, 0.0, 69.5) screen=(2121.067, 1436.874)
[Dev] interact @Area3D@15705 world=(73.5, 0.0, 49.5) screen=(4388.952, 1677.367)
[Dev] interact @Area3D@15706 world=(88.5, 0.0, 52.5) screen=(4944.352, 2158.353)
[Dev] removed 74 enemies
[Dev] stairs Down_cave dir=1 world=(88.5, 0.0, 3.5) screen=(4620.368, -652.7427)
[Dev] interact Waypoint world=(62.5, 0.0, 65.5) screen=(547.4333, 261.1302)
[Dev] interact FloorItem world=(32.5, 0.0, 70.5) screen=(-1072.484, -406.906)
[Dev] interact @Area3D@15541 world=(33.5, 0.0, 69.5) screen=(-979.9173, -406.9061)
[Dev] interact PusJar world=(95.5, 0.0, 103.5) screen=(316.0165, 2158.353)
[Dev] interact @Area3D@15688 world=(101.5, 0.0, 105.5) screen=(501.1499, 2372.125)
[Dev] interact @Area3D@15689 world=(98.5, 0.0, 107.5) screen=(269.7332, 2345.403)
[Dev] interact LootChest world=(27.5, 0.0, 70.5) screen=(-1303.901, -540.5132)
[Dev] interact @Area3D@15690 world=(94.5, 0.0, 100.5) screen=(408.5833, 2051.468)
[Dev] interact @Area3D@15691 world=(55.5, 0.0, 52.5) screen=(825.1334, -273.2989)
[Dev] interact LootPot world=(46.5, 0.0, 68.5) screen=(-331.9504, -86.24869)
[Dev] interact @Area3D@15692 world=(73.5, 0.0, 47.5) screen=(1889.651, 74.07999)
[Dev] interact @Area3D@15693 world=(90.5, 0.0, 47.5) screen=(2676.468, 528.3447)
[Dev] interact @Area3D@15694 world=(111.5, 0.0, 49.5) screen=(3555.852, 1142.938)
[Dev] interact @Area3D@15695 world=(101.5, 0.0, 101.5) screen=(686.2833, 2265.239)
[Dev] interact @Area3D@15696 world=(86.5, 0.0, 76.5) screen=(1149.117, 1196.381)
[Dev] interact @Area3D@15697 world=(53.5, 0.0, 52.5) screen=(732.5667, -326.7417)
[Dev] interact @Area3D@15698 world=(87.5, 0.0, 95.5) screen=(316.0165, 1730.81)
[Dev] interact @Area3D@15699 world=(26.5, 0.0, 66.5) screen=(-1165.051, -674.1207)
[Dev] interact @Area3D@15700 world=(17.5, 0.0, 60.5) screen=(-1303.901, -1074.942)
[Dev] interact @Area3D@15701 world=(86.5, 0.0, 22.5) screen=(3648.418, -246.5774)
[Dev] interact @Area3D@15702 world=(59.5, 0.0, 65.5) screen=(408.5832, 180.9658)
[Dev] interact @Area3D@15703 world=(18.5, 0.0, 74.5) screen=(-1905.584, -674.1207)
[Dev] interact @Area3D@15704 world=(44.5, 0.0, 69.5) screen=(-470.8006, -112.9701)
[Dev] interact @Area3D@15705 world=(73.5, 0.0, 49.5) screen=(1797.084, 127.5229)
[Dev] interact @Area3D@15706 world=(88.5, 0.0, 52.5) screen=(2352.484, 608.5091)
[Click] world=(62.5, 0.0, 65.5) cell=(62, 65)
[Waypoint] activated deulnyeok:0
[Audio] BGM town → town.ogg
[Save] level 못골 마을 → user://save_e2e.json (C:/Users/FORYOUCOM/AppData/Roaming/Godot/app_userdata/Joseon Hunters/wt/codex-554-item-window-contract/save_e2e.json)
[Waypoint] travel → motgol:0
[Dev] stairs DungeonEntrance dir=1 world=(0.0, 0.0, -31.0) screen=(2324.714, -471.0371)
[Dev] interact Merchant world=(5.4, 0.0, -2.4) screen=(1250.94, 389.393)
[Dev] interact Shaman world=(-5.6, 0.0, 0.4) screen=(612.2299, 170.277)
[Dev] interact Elder world=(2.0, 0.0, -5.6) screen=(1241.684, 213.0314)
[Dev] interact Jumo world=(7.1, 0.0, -1.4) screen=(1283.339, 461.5409)
[Dev] interact Waypoint world=(-4.2, 0.0, 2.2) screen=(593.7167, 255.7858)
[Click] world=(-4.2, 0.0, 2.2) cell=(-5, 2)
[Dev] item 화염부 world=(32.5, 0.0, 70.5) screen=(-802.9329, 3090.953)
[Dev] item 빙결부 world=(33.5, 0.0, 69.5) screen=(-710.3663, 3090.953)
[Field] deulnyeok seed=355022911 128x128 props=2252 packs=18 enemies=74 waypoint=(62, 65) roster=bandit,bat,talisman_master elites=["13:파란×4@구간3"]
[Audio] BGM dungeon → dungeon_1.ogg
[Save] level 못골 들녘 → user://save_e2e.json (C:/Users/FORYOUCOM/AppData/Roaming/Godot/app_userdata/Joseon Hunters/wt/codex-554-item-window-contract/save_e2e.json)
[Waypoint] travel → deulnyeok:0
[Dev] stairs Down_cave dir=1 world=(88.5, 0.0, 3.5) screen=(4620.368, -652.7427)
[Dev] interact Waypoint world=(62.5, 0.0, 65.5) screen=(547.4333, 261.1302)
[Dev] interact FloorItem world=(32.5, 0.0, 70.5) screen=(-1072.484, -406.906)
[Dev] interact @Area3D@16367 world=(33.5, 0.0, 69.5) screen=(-979.9173, -406.9061)
[Dev] interact PusJar world=(95.5, 0.0, 103.5) screen=(316.0165, 2158.353)
[Dev] interact @Area3D@16514 world=(101.5, 0.0, 105.5) screen=(501.1499, 2372.125)
[Dev] interact @Area3D@16515 world=(98.5, 0.0, 107.5) screen=(269.7332, 2345.403)
[Dev] interact LootChest world=(27.5, 0.0, 70.5) screen=(-1303.901, -540.5132)
[Dev] interact @Area3D@16516 world=(94.5, 0.0, 100.5) screen=(408.5833, 2051.468)
[Dev] interact @Area3D@16517 world=(55.5, 0.0, 52.5) screen=(825.1334, -273.2989)
[Dev] interact LootPot world=(46.5, 0.0, 68.5) screen=(-331.9504, -86.24869)
[Dev] interact @Area3D@16518 world=(73.5, 0.0, 47.5) screen=(1889.651, 74.07999)
[Dev] interact @Area3D@16519 world=(90.5, 0.0, 47.5) screen=(2676.468, 528.3447)
[Dev] interact @Area3D@16520 world=(111.5, 0.0, 49.5) screen=(3555.852, 1142.938)
[Dev] interact @Area3D@16521 world=(101.5, 0.0, 101.5) screen=(686.2833, 2265.239)
[Dev] interact @Area3D@16522 world=(86.5, 0.0, 76.5) screen=(1149.117, 1196.381)
[Dev] interact @Area3D@16523 world=(53.5, 0.0, 52.5) screen=(732.5667, -326.7417)
[Dev] interact @Area3D@16524 world=(87.5, 0.0, 95.5) screen=(316.0165, 1730.81)
[Dev] interact @Area3D@16525 world=(26.5, 0.0, 66.5) screen=(-1165.051, -674.1207)
[Dev] interact @Area3D@16526 world=(17.5, 0.0, 60.5) screen=(-1303.901, -1074.942)
[Dev] interact @Area3D@16527 world=(86.5, 0.0, 22.5) screen=(3648.418, -246.5774)
[Dev] interact @Area3D@16528 world=(59.5, 0.0, 65.5) screen=(408.5832, 180.9658)
[Dev] interact @Area3D@16529 world=(18.5, 0.0, 74.5) screen=(-1905.584, -674.1207)
[Dev] interact @Area3D@16530 world=(44.5, 0.0, 69.5) screen=(-470.8006, -112.9701)
[Dev] interact @Area3D@16531 world=(73.5, 0.0, 49.5) screen=(1797.084, 127.5229)
[Dev] interact @Area3D@16532 world=(88.5, 0.0, 52.5) screen=(2352.484, 608.5091)
E2E waypoint PASS (검사 12)
[Audio] BGM town → town.ogg
[Save] level 못골 마을 → user://save_e2e.json (C:/Users/FORYOUCOM/AppData/Roaming/Godot/app_userdata/Joseon Hunters/wt/codex-554-item-window-contract/save_e2e.json)
[Dev] stairs DungeonEntrance dir=1 world=(0.0, 0.0, -31.0) screen=(2121.067, -492.4143)
[Dev] interact Merchant world=(5.4, 0.0, -2.4) screen=(1047.293, 368.0158)
[Dev] interact Shaman world=(-5.6, 0.0, 0.4) screen=(408.5833, 148.8999)
[Dev] interact Elder world=(2.0, 0.0, -5.6) screen=(1038.037, 191.6542)
[Dev] interact Jumo world=(7.1, 0.0, -1.4) screen=(1079.692, 440.1637)
[Dev] interact Waypoint world=(-4.2, 0.0, 2.2) screen=(390.0698, 234.4085)
E2E ▶ vendor_quest
[Click] world=(5.4, 0.0, -2.4) cell=(5, -3)
[Vendor] buy 탕약 — 쌍화탕 price=15 gold=85
[Vendor] sell 귀환부 +10 gold=95
[Click] world=(-5.6, 0.0, 0.4) cell=(-6, 0)
[Save] quest → user://save_e2e.json (C:/Users/FORYOUCOM/AppData/Roaming/Godot/app_userdata/Joseon Hunters/wt/codex-554-item-window-contract/save_e2e.json)
[Save] quest_log_dialogue → user://save_e2e.json (C:/Users/FORYOUCOM/AppData/Roaming/Godot/app_userdata/Joseon Hunters/wt/codex-554-item-window-contract/save_e2e.json)
[Dev] flags={ "opening_pending": false, "seen": { "npc/merchant/start": 1, "npc/shaman/start": 1 }, "story": { "merchant_met": true, "shaman_offer": true, "shaman_heal_intro": true }, "quest_log": { "read": {  }, "history": { "heukrang_seal": [{ "uid": "npc/shaman/NPC_SHAMAN_OFFER_1", "source": "npc/shaman", "static_id": "NPC_SHAMAN_OFFER_1", "speaker": "shaman", "name": "무당 할매", "text": "도사 양반, 늦었소." }, { "uid": "npc/shaman/NPC_SHAMAN_OFFER_2", "source": "npc/shaman", "static_id": "NPC_SHAMAN_OFFER_2", "speaker": "doho", "name": "도호", "text": "할매, 술부터… 아, 분위기 아니구먼." }, { "uid": "npc/shaman/NPC_SHAMAN_OFFER_3", "source": "npc/shaman", "static_id": "NPC_SHAMAN_OFFER_3", "speaker": "shaman", "name": "무당 할매", "text": "봉인이 흔들리오. 못골 아래로 요기가 새고 있소." }, { "uid": "npc/shaman/NPC_SHAMAN_OFFER_4", "source": "npc/shaman", "static_id": "NPC_SHAMAN_OFFER_4", "speaker": "shaman", "name": "무당 할매", "text": "흑랑 굴 끝에 구미호의 수하가 자리를 잡았고, 봉밀굴 안은… 아직 잠든 것이 낫소." }, { "uid": "npc/shaman/NPC_SHAMAN_OFFER_5", "source": "npc/shaman", "static_id": "NPC_SHAMAN_OFFER_5", "speaker": "doho", "name": "도호", "text": "…또 봉인이여." }, { "uid": "npc/shaman/NPC_SHAMAN_OFFER_6", "source": "npc/shaman", "static_id": "NPC_SHAMAN_OFFER_6", "speaker": "shaman", "name": "무당 할매", "text": "도사 양반밖에 없소. 내려가 베어 주시오." }, { "uid": "npc/shaman/NPC_SHAMAN_OFFER_7", "source": "npc/shaman", "static_id": "NPC_SHAMAN_OFFER_7", "speaker": "doho", "name": "도호", "text": "술값은—" }, { "uid": "npc/shaman/NPC_SHAMAN_OFFER_8", "source": "npc/shaman", "static_id": "NPC_SHAMAN_OFFER_8", "speaker": "shaman", "name": "무당 할매", "text": "살아서 돌아오면 쳐 드리리다." }, { "uid": "npc/shaman/NPC_SHAMAN_OFFER_9", "source": "npc/shaman", "static_id": "NPC_SHAMAN_OFFER_9", "speaker": "doho", "name": "도호", "text": "…허. 하는 김에." }] }, "revisions": { "heukrang_seal": 9 } }, "quest": { "heukrang_seal": { "state": "killed" }, "heukrang_thanks": { "state": "killed" } }, "boss_killed_heukrang_gul": true }
[Click] world=(-5.6, 0.0, 0.4) cell=(-6, 0)
[Save] quest → user://save_e2e.json (C:/Users/FORYOUCOM/AppData/Roaming/Godot/app_userdata/Joseon Hunters/wt/codex-554-item-window-contract/save_e2e.json)
[Save] quest_log_dialogue → user://save_e2e.json (C:/Users/FORYOUCOM/AppData/Roaming/Godot/app_userdata/Joseon Hunters/wt/codex-554-item-window-contract/save_e2e.json)
[Click] world=(-5.6, 0.0, 0.4) cell=(-6, 0)
[Save] quest_log_dialogue → user://save_e2e.json (C:/Users/FORYOUCOM/AppData/Roaming/Godot/app_userdata/Joseon Hunters/wt/codex-554-item-window-contract/save_e2e.json)
E2E vendor_quest PASS (검사 42)
[Save] level 못골 마을 → user://save_e2e.json (C:/Users/FORYOUCOM/AppData/Roaming/Godot/app_userdata/Joseon Hunters/wt/codex-554-item-window-contract/save_e2e.json)
[Dev] stairs DungeonEntrance dir=1 world=(0.0, 0.0, -31.0) screen=(2121.067, -492.4143)
[Dev] interact Merchant world=(5.4, 0.0, -2.4) screen=(1047.293, 368.0158)
[Dev] interact Shaman world=(-5.6, 0.0, 0.4) screen=(408.5833, 148.8999)
[Dev] interact Elder world=(2.0, 0.0, -5.6) screen=(1038.037, 191.6542)
[Dev] interact Jumo world=(7.1, 0.0, -1.4) screen=(1079.692, 440.1637)
[Dev] interact Waypoint world=(-4.2, 0.0, 2.2) screen=(390.0698, 234.4085)
E2E ▶ vendor_prices
[Save] level 못골 마을 → user://save_e2e.json (C:/Users/FORYOUCOM/AppData/Roaming/Godot/app_userdata/Joseon Hunters/wt/codex-554-item-window-contract/save_e2e.json)
[Dev] stairs DungeonEntrance dir=1 world=(0.0, 0.0, -31.0) screen=(2121.067, -492.4143)
[Dev] interact Merchant world=(5.4, 0.0, -2.4) screen=(1047.293, 368.0158)
[Dev] interact Shaman world=(-5.6, 0.0, 0.4) screen=(408.5833, 148.8999)
[Dev] interact Elder world=(2.0, 0.0, -5.6) screen=(1038.037, 191.6542)
[Dev] interact Jumo world=(7.1, 0.0, -1.4) screen=(1079.692, 440.1637)
[Dev] interact Waypoint world=(-4.2, 0.0, 2.2) screen=(390.0698, 234.4085)
[Click] world=(5.4, 0.0, -2.4) cell=(5, -3)
E2E vendor_prices PASS (검사 12)
[Save] level 못골 마을 → user://save_e2e.json (C:/Users/FORYOUCOM/AppData/Roaming/Godot/app_userdata/Joseon Hunters/wt/codex-554-item-window-contract/save_e2e.json)
[Dev] stairs DungeonEntrance dir=1 world=(0.0, 0.0, -31.0) screen=(2121.067, -492.4143)
[Dev] interact Merchant world=(5.4, 0.0, -2.4) screen=(1047.293, 368.0158)
[Dev] interact Shaman world=(-5.6, 0.0, 0.4) screen=(408.5833, 148.8999)
[Dev] interact Elder world=(2.0, 0.0, -5.6) screen=(1038.037, 191.6542)
[Dev] interact Jumo world=(7.1, 0.0, -1.4) screen=(1079.692, 440.1637)
[Dev] interact Waypoint world=(-4.2, 0.0, 2.2) screen=(390.0698, 234.4085)
E2E ▶ chief_quest
[Click] world=(2.0, 0.0, -5.6) cell=(2, -6)
[Save] quest → user://save_e2e.json (C:/Users/FORYOUCOM/AppData/Roaming/Godot/app_userdata/Joseon Hunters/wt/codex-554-item-window-contract/save_e2e.json)
[Save] quest_log_dialogue → user://save_e2e.json (C:/Users/FORYOUCOM/AppData/Roaming/Godot/app_userdata/Joseon Hunters/wt/codex-554-item-window-contract/save_e2e.json)
[Dungeon] heukrang_gul 1층 lv=2 seed=403727558 gen 64x64 rooms=6 up=(44, 56) down=(7, 23) enemies=20 roster=bandit,bat,talisman_master elites=["방2:금색×3(깊이 0.50)"] named=-
[Quest] heukrang_gul 1층 — 싹쓸이 셈 시작 20 (heukrang_clear:accepted)
[Audio] BGM dungeon → dungeon_3.ogg
[Save] level 흑랑 굴 1층 → user://save_e2e.json (C:/Users/FORYOUCOM/AppData/Roaming/Godot/app_userdata/Joseon Hunters/wt/codex-554-item-window-contract/save_e2e.json)
[Dev] stairs StairsUp dir=-1 world=(44.5, 0.0, 56.5) screen=(593.7165, 335.9509)
[Dev] stairs StairsDown dir=1 world=(7.5, 0.0, 23.5) screen=(408.583, -1534.551)
[Dev] interact PusJar world=(29.5, 0.0, 42.5) screen=(547.433, -487.0705)
[Dev] interact @Area3D@17357 world=(14.5, 0.0, 24.5) screen=(686.2831, -1368.878)
[Dev] interact @Area3D@17358 world=(23.5, 0.0, 18.5) screen=(1380.534, -1288.714)
[Dev] interact LootChest world=(29.5, 0.0, 39.5) screen=(686.2831, -567.2349)
[Dev] interact @Area3D@17359 world=(40.5, 0.0, 38.5) screen=(1241.683, -300.0204)
[Dev] interact LootPot world=(21.5, 0.0, 43.5) screen=(130.8828, -674.1207)
[Dev] interact @Area3D@17360 world=(22.5, 0.0, 44.5) screen=(130.8829, -620.6779)
[Dev] interact @Area3D@17361 world=(19.5, 0.0, 9.5) screen=(1611.95, -1636.093)
[Dev] interact @Area3D@17362 world=(20.5, 0.0, 9.5) screen=(1658.234, -1609.372)
[Dev] interact @Area3D@17363 world=(44.5, 0.0, 51.5) screen=(825.1333, 154.2443)
[Dev] interact @Area3D@17364 world=(44.5, 0.0, 52.5) screen=(778.8499, 180.9657)
[Dev] interact @Area3D@17365 world=(21.5, 0.0, 39.5) screen=(316.0163, -781.0065)
[Kill] +6 xp (lv 1, 6/20)
[Dev] item 엽전 world=(2.5, 0.0, 21.5) screen=(269.733, -1740.285)
[Kill] +6 xp (lv 1, 12/20)
[Dev] item 탕약 — 쌍화탕 world=(6.606066, 0.0, 17.60607) screen=(644.0874, -1741.43)
[Kill] +8 xp (lv 2, 0/57)
[LevelUp] lv=2 stat_pts=5 skill_pts=1
[Dev] item 누비옷 world=(18.5, 0.0, 9.5) screen=(1569.817, -1640.316)
[Kill] +7 xp (lv 2, 7/57)
[Dev] item 엽전 world=(9.788738, 0.0, 16.78874) screen=(822.2869, -1676.155)
[Dev] item 무명옷 world=(9.788738, 0.0, 16.78874) screen=(822.2869, -1676.155)
[Kill] +7 xp (lv 2, 14/57)
[Dev] item 엽전 world=(21.5, 0.0, 9.791667) screen=(1686.559, -1552.874)
[Dev] item 묵함 world=(21.5, 0.0, 9.791667) screen=(1686.559, -1552.874)
[Dev] item 영약 — 생맥산 world=(21.5, 0.0, 9.791667) screen=(1686.559, -1552.874)
[Kill] +6 xp (lv 2, 20/57)
[Dev] item 엽전 world=(4.175, 0.0, 28.5) screen=(18.81477, -1515.909)
[Kill] +6 xp (lv 2, 26/57)
[Dev] item 엽전 world=(6.030331, 0.0, 27.96967) screen=(138.1705, -1480.537)
[Dev] item 괴황지 world=(6.030331, 0.0, 27.96967) screen=(138.1705, -1480.537)
[Dev] item 빙결부 world=(6.030331, 0.0, 27.96967) screen=(138.1705, -1480.537)
[Kill] +7 xp (lv 2, 33/57)
[Kill] +6 xp (lv 2, 39/57)
[Kill] +7 xp (lv 2, 46/57)
[Dev] item 엽전 world=(23.5, 0.0, 15.14167) screen=(1531.51, -1356.47)
[Kill] +7 xp (lv 2, 53/57)
[Dev] item 삿갓 world=(25.5, 0.0, 17.19999) screen=(1528.81, -1248.027)
[Kill] +53 xp (lv 3, 49/104)
[LevelUp] lv=3 stat_pts=10 skill_pts=2
[Dev] item 엽전 world=(25.5, 0.0, 33.5) screen=(774.3907, -812.4666)
[Dev] item 짚신 world=(25.5, 0.0, 33.5) screen=(774.3907, -812.4666)
[Dev] item 엽전 world=(25.5, 0.0, 33.5) screen=(774.3907, -812.4666)
[Dev] item 엽전 world=(25.5, 0.0, 33.5) screen=(774.3907, -812.4666)
[Dev] item 미투리 world=(25.5, 0.0, 33.5) screen=(774.3907, -812.4666)
[Dev] item 미식별 짚신 world=(25.5, 0.0, 33.5) screen=(774.3907, -812.4666)
[Kill] +13 xp (lv 3, 62/104)
[Kill] +13 xp (lv 3, 75/104)
[Dev] item 엽전 world=(26.37903, 0.0, 34.39529) screen=(773.6074, -765.1057)
[Kill] +7 xp (lv 3, 82/104)
[Dev] item 엽전 world=(23.5, 0.0, 52.5) screen=(-197.5908, -358.2534)
[Kill] +7 xp (lv 3, 89/104)
[Dev] item 엽전 world=(25.54125, 0.0, 49.45875) screen=(46.62468, -384.9749)
[Kill] +7 xp (lv 3, 96/104)
[Dev] item 엽전 world=(27.66499, 0.0, 53.33501) screen=(10.59856, 180.3269)
[Dev] item 탕약 — 쌍화탕 world=(27.66499, 0.0, 53.33501) screen=(10.59856, 180.3269)
[Quest] heukrang_clear 남은 3 — 바크
[Kill] +7 xp (lv 3, 103/104)
[Dev] item 엽전 world=(37.25212, 0.0, 44.33275) screen=(867.6848, 199.3654)
[Dev] item 미식별 목검 world=(37.25212, 0.0, 44.33275) screen=(867.6848, 199.3654)
[Kill] +7 xp (lv 4, 6/160)
[LevelUp] lv=4 stat_pts=15 skill_pts=3
[Dev] item 엽전 world=(34.78336, 0.0, 46.5) screen=(648.3459, 183.3504)
[Dev] item 미식별 옥패 world=(34.78336, 0.0, 46.5) screen=(648.3459, 183.3504)
[Kill] +7 xp (lv 4, 13/160)
[Dev] item 엽전 world=(36.35579, 0.0, 47.50564) screen=(674.8887, 252.7437)
[Save] quest → user://save_e2e.json (C:/Users/FORYOUCOM/AppData/Roaming/Godot/app_userdata/Joseon Hunters/wt/codex-554-item-window-contract/save_e2e.json)
[Quest] heukrang_clear 싹쓸이 완료 (accepted → killed)
[Audio] BGM town → town.ogg
[Save] level 못골 마을 → user://save_e2e.json (C:/Users/FORYOUCOM/AppData/Roaming/Godot/app_userdata/Joseon Hunters/wt/codex-554-item-window-contract/save_e2e.json)
[Dev] stairs DungeonEntrance dir=1 world=(0.0, 0.0, -31.0) screen=(2121.067, -492.4143)
[Dev] interact Merchant world=(5.4, 0.0, -2.4) screen=(1047.293, 368.0158)
[Dev] interact Shaman world=(-5.6, 0.0, 0.4) screen=(408.5833, 148.8999)
[Dev] interact Elder world=(2.0, 0.0, -5.6) screen=(1038.037, 191.6542)
[Dev] interact Jumo world=(7.1, 0.0, -1.4) screen=(1079.692, 440.1637)
[Dev] interact Waypoint world=(-4.2, 0.0, 2.2) screen=(390.0698, 234.4085)
[Click] world=(2.0, 0.0, -5.6) cell=(2, -6)
[Save] quest → user://save_e2e.json (C:/Users/FORYOUCOM/AppData/Roaming/Godot/app_userdata/Joseon Hunters/wt/codex-554-item-window-contract/save_e2e.json)
[Save] quest_log_dialogue → user://save_e2e.json (C:/Users/FORYOUCOM/AppData/Roaming/Godot/app_userdata/Joseon Hunters/wt/codex-554-item-window-contract/save_e2e.json)
[Dev] flags={ "opening_pending": false, "seen": { "npc/elder/start": 2 }, "story": { "elder_met": true }, "quest_log": { "read": {  }, "history": { "heukrang_clear": [{ "uid": "npc/elder/NPC_ELDER_OFFER_1", "source": "npc/elder", "static_id": "NPC_ELDER_OFFER_1", "speaker": "elder", "name": "촌장", "text": "부탁이 하나 있소. 흑랑 굴 말이오." }, { "uid": "npc/elder/NPC_ELDER_OFFER_2", "source": "npc/elder", "static_id": "NPC_ELDER_OFFER_2", "speaker": "elder", "name": "촌장", "text": "밤마다 어귀에서 것들이 기어 나와 밭을 헤집고 외양간을 비우오." }, { "uid": "npc/elder/NPC_ELDER_OFFER_3", "source": "npc/elder", "static_id": "NPC_ELDER_OFFER_3", "speaker": "elder", "name": "촌장", "text": "끝까지는 바라지도 않소. 첫 층만… 비워 주시오." }, { "uid": "npc/elder/NPC_ELDER_OFFER_4", "source": "npc/elder", "static_id": "NPC_ELDER_OFFER_4", "speaker": "doho", "name": "도호", "text": "첫 층만? 그럼 산책이구먼." }, { "uid": "npc/elder/NPC_ELDER_ACCEPT_1", "source": "npc/elder", "static_id": "NPC_ELDER_ACCEPT_1", "speaker": "elder", "name": "촌장", "text": "그 산책, 부디 무사히 끝내시오." }, { "uid": "npc/elder/NPC_ELDER_CLEAR_DONE_1", "source": "npc/elder", "static_id": "NPC_ELDER_CLEAR_DONE_1", "speaker": "elder", "name": "촌장", "text": "간밤엔 굴 쪽이 조용했소. …도사 양반 솜씨요?" }, { "uid": "npc/elder/NPC_ELDER_CLEAR_DONE_2", "source": "npc/elder", "static_id": "NPC_ELDER_CLEAR_DONE_2", "speaker": "doho", "name": "도호", "text": "산책 좀 했지." }, { "uid": "npc/elder/NPC_ELDER_REPORT_1", "source": "npc/elder", "static_id": "NPC_ELDER_REPORT_1", "speaker": "elder", "name": "촌장", "text": "몇 해 전 묵어 간 도사가 두고 간 책이 한 권 있소. 우리 집안은 까막눈이라…" }] }, "revisions": { "heukrang_clear": 8 } }, "quest": { "heukrang_clear": { "state": "done", "left": 0, "barked": true }, "heukrang_seal": { "state": "killed" }, "heukrang_thanks": { "state": "killed" } }, "boss_killed_heukrang_gul": true }
[Click] world=(2.0, 0.0, -5.6) cell=(2, -6)
[Quest] heukrang_thanks 보상 — 아이템 DB에 없어 건너뜀 ["horibyeong"]
[Save] quest → user://save_e2e.json (C:/Users/FORYOUCOM/AppData/Roaming/Godot/app_userdata/Joseon Hunters/wt/codex-554-item-window-contract/save_e2e.json)
[Click] world=(-5.6, 0.0, 0.4) cell=(-6, 0)
[Save] quest → user://save_e2e.json (C:/Users/FORYOUCOM/AppData/Roaming/Godot/app_userdata/Joseon Hunters/wt/codex-554-item-window-contract/save_e2e.json)
[Save] quest_log_dialogue → user://save_e2e.json (C:/Users/FORYOUCOM/AppData/Roaming/Godot/app_userdata/Joseon Hunters/wt/codex-554-item-window-contract/save_e2e.json)
[Load] lv=4 gold=300 flags={ "boss_killed_heukrang_gul": true, "opening_pending": false, "quest": { "heukrang_clear": { "state": "done", "left": 0, "barked": true }, "heukrang_seal": { "state": "done" }, "heukrang_thanks": { "state": "done" } }, "quest_log": { "history": { "heukrang_clear": [{ "name": "촌장", "source": "npc/elder", "speaker": "elder", "static_id": "NPC_ELDER_OFFER_1", "text": "부탁이 하나 있소. 흑랑 굴 말이오.", "uid": "npc/elder/NPC_ELDER_OFFER_1" }, { "name": "촌장", "source": "npc/elder", "speaker": "elder", "static_id": "NPC_ELDER_OFFER_2", "text": "밤마다 어귀에서 것들이 기어 나와 밭을 헤집고 외양간을 비우오.", "uid": "npc/elder/NPC_ELDER_OFFER_2" }, { "name": "촌장", "source": "npc/elder", "speaker": "elder", "static_id": "NPC_ELDER_OFFER_3", "text": "끝까지는 바라지도 않소. 첫 층만… 비워 주시오.", "uid": "npc/elder/NPC_ELDER_OFFER_3" }, { "name": "도호", "source": "npc/elder", "speaker": "doho", "static_id": "NPC_ELDER_OFFER_4", "text": "첫 층만? 그럼 산책이구먼.", "uid": "npc/elder/NPC_ELDER_OFFER_4" }, { "name": "촌장", "source": "npc/elder", "speaker": "elder", "static_id": "NPC_ELDER_ACCEPT_1", "text": "그 산책, 부디 무사히 끝내시오.", "uid": "npc/elder/NPC_ELDER_ACCEPT_1" }, { "name": "촌장", "source": "npc/elder", "speaker": "elder", "static_id": "NPC_ELDER_CLEAR_DONE_1", "text": "간밤엔 굴 쪽이 조용했소. …도사 양반 솜씨요?", "uid": "npc/elder/NPC_ELDER_CLEAR_DONE_1" }, { "name": "도호", "source": "npc/elder", "speaker": "doho", "static_id": "NPC_ELDER_CLEAR_DONE_2", "text": "산책 좀 했지.", "uid": "npc/elder/NPC_ELDER_CLEAR_DONE_2" }, { "name": "촌장", "source": "npc/elder", "speaker": "elder", "static_id": "NPC_ELDER_REPORT_1", "text": "몇 해 전 묵어 간 도사가 두고 간 책이 한 권 있소. 우리 집안은 까막눈이라…", "uid": "npc/elder/NPC_ELDER_REPORT_1" }], "heukrang_seal": [{ "name": "무당 할매", "source": "npc/shaman", "speaker": "shaman", "static_id": "NPC_SHAMAN_DONE_1", "text": "…왔구려.", "uid": "npc/shaman/NPC_SHAMAN_DONE_1" }, { "name": "도호", "source": "npc/shaman", "speaker": "doho", "static_id": "NPC_SHAMAN_DONE_2", "text": "끝낸 것 같기도 하고.", "uid": "npc/shaman/NPC_SHAMAN_DONE_2" }, { "name": "무당 할매", "source": "npc/shaman", "speaker": "shaman", "static_id": "NPC_SHAMAN_DONE_3", "text": "봉인 기운이 달라졌소. 고맙소, 도사 양반.", "uid": "npc/shaman/NPC_SHAMAN_DONE_3" }, { "name": "무당 할매", "source": "npc/shaman", "speaker": "shaman", "static_id": "NPC_SHAMAN_REPORT_1", "text": "봉인 첫 자락은 다시 여몄소. 한동안은 버틸 거요.", "uid": "npc/shaman/NPC_SHAMAN_REPORT_1" }] }, "read": {  }, "revisions": { "heukrang_clear": 8.0, "heukrang_seal": 4.0 } }, "seen": { "npc/elder/start": 3.0, "npc/shaman/start": 1.0 }, "story": { "elder_after_heukrang": true, "elder_met": true } } portal=<null> wps=[]
[Save] level 못골 마을 → user://save_e2e.json (C:/Users/FORYOUCOM/AppData/Roaming/Godot/app_userdata/Joseon Hunters/wt/codex-554-item-window-contract/save_e2e.json)
[Dev] stairs DungeonEntrance dir=1 world=(0.0, 0.0, -31.0) screen=(2121.067, -492.4143)
[Dev] interact Merchant world=(5.4, 0.0, -2.4) screen=(1047.293, 368.0158)
[Dev] interact Shaman world=(-5.6, 0.0, 0.4) screen=(408.5833, 148.8999)
[Dev] interact Elder world=(2.0, 0.0, -5.6) screen=(1038.037, 191.6542)
[Dev] interact Jumo world=(7.1, 0.0, -1.4) screen=(1079.692, 440.1637)
[Dev] interact Waypoint world=(-4.2, 0.0, 2.2) screen=(390.0698, 234.4085)
[Save] level 못골 마을 → user://save_e2e.json (C:/Users/FORYOUCOM/AppData/Roaming/Godot/app_userdata/Joseon Hunters/wt/codex-554-item-window-contract/save_e2e.json)
[Dev] stairs DungeonEntrance dir=1 world=(0.0, 0.0, -31.0) screen=(2121.067, -492.4143)
[Dev] interact Merchant world=(5.4, 0.0, -2.4) screen=(1047.293, 368.0158)
[Dev] interact Shaman world=(-5.6, 0.0, 0.4) screen=(408.5833, 148.8999)
[Dev] interact Elder world=(2.0, 0.0, -5.6) screen=(1038.037, 191.6542)
[Dev] interact Jumo world=(7.1, 0.0, -1.4) screen=(1079.692, 440.1637)
[Dev] interact Waypoint world=(-4.2, 0.0, 2.2) screen=(390.0698, 234.4085)
E2E chief_quest PASS (검사 57)
[Save] level 못골 마을 → user://save_e2e.json (C:/Users/FORYOUCOM/AppData/Roaming/Godot/app_userdata/Joseon Hunters/wt/codex-554-item-window-contract/save_e2e.json)
[Dev] stairs DungeonEntrance dir=1 world=(0.0, 0.0, -31.0) screen=(2121.067, -492.4143)
[Dev] interact Merchant world=(5.4, 0.0, -2.4) screen=(1047.293, 368.0158)
[Dev] interact Shaman world=(-5.6, 0.0, 0.4) screen=(408.5833, 148.8999)
[Dev] interact Elder world=(2.0, 0.0, -5.6) screen=(1038.037, 191.6542)
[Dev] interact Jumo world=(7.1, 0.0, -1.4) screen=(1079.692, 440.1637)
[Dev] interact Waypoint world=(-4.2, 0.0, 2.2) screen=(390.0698, 234.4085)
E2E ▶ shaman_heal
[Click] world=(-5.6, 0.0, 0.4) cell=(-6, 0)
[Save] quest_log_dialogue → user://save_e2e.json (C:/Users/FORYOUCOM/AppData/Roaming/Godot/app_userdata/Joseon Hunters/wt/codex-554-item-window-contract/save_e2e.json)
[Click] world=(-5.6, 0.0, 0.4) cell=(-6, 0)
[Click] world=(-5.6, 0.0, 0.4) cell=(-6, 0)
[Click] world=(-5.6, 0.0, 0.4) cell=(-6, 0)
[Click] world=(-5.6, 0.0, 0.4) cell=(-6, 0)
E2E shaman_heal PASS (검사 23)
[Save] level 못골 마을 → user://save_e2e.json (C:/Users/FORYOUCOM/AppData/Roaming/Godot/app_userdata/Joseon Hunters/wt/codex-554-item-window-contract/save_e2e.json)
[Dev] stairs DungeonEntrance dir=1 world=(0.0, 0.0, -31.0) screen=(2121.067, -492.4143)
[Dev] interact Merchant world=(5.4, 0.0, -2.4) screen=(1047.293, 368.0158)
[Dev] interact Shaman world=(-5.6, 0.0, 0.4) screen=(408.5833, 148.8999)
[Dev] interact Elder world=(2.0, 0.0, -5.6) screen=(1038.037, 191.6542)
[Dev] interact Jumo world=(7.1, 0.0, -1.4) screen=(1079.692, 440.1637)
[Dev] interact Waypoint world=(-4.2, 0.0, 2.2) screen=(390.0698, 234.4085)
E2E ▶ save_continue
[Kill] +100 xp (lv 3, 23/104)
[LevelUp] lv=3 stat_pts=10 skill_pts=2
[Dev] gold=500
[Dungeon] heukrang_gul 1층 lv=2 seed=403727558 gen 64x64 rooms=6 up=(44, 56) down=(7, 23) enemies=20 roster=bandit,bat,talisman_master elites=["방2:금색×3(깊이 0.50)"] named=-
[Quest] heukrang_gul 1층 — 싹쓸이 셈 시작 20 (heukrang_clear:none)
[Audio] BGM dungeon → dungeon_2.ogg
[Save] level 흑랑 굴 1층 → user://save_e2e.json (C:/Users/FORYOUCOM/AppData/Roaming/Godot/app_userdata/Joseon Hunters/wt/codex-554-item-window-contract/save_e2e.json)
[Dev] stairs StairsUp dir=-1 world=(44.5, 0.0, 56.5) screen=(593.7165, 335.9509)
[Dev] stairs StairsDown dir=1 world=(7.5, 0.0, 23.5) screen=(408.583, -1534.551)
[Dev] interact PusJar world=(29.5, 0.0, 42.5) screen=(547.433, -487.0705)
[Dev] interact @Area3D@18463 world=(14.5, 0.0, 24.5) screen=(686.2831, -1368.878)
[Dev] interact @Area3D@18464 world=(23.5, 0.0, 18.5) screen=(1380.534, -1288.714)
[Dev] interact LootChest world=(29.5, 0.0, 39.5) screen=(686.2831, -567.2349)
[Dev] interact @Area3D@18465 world=(40.5, 0.0, 38.5) screen=(1241.683, -300.0204)
[Dev] interact LootPot world=(21.5, 0.0, 43.5) screen=(130.8828, -674.1207)
[Dev] interact @Area3D@18466 world=(22.5, 0.0, 44.5) screen=(130.8829, -620.6779)
[Dev] interact @Area3D@18467 world=(19.5, 0.0, 9.5) screen=(1611.95, -1636.093)
[Dev] interact @Area3D@18468 world=(20.5, 0.0, 9.5) screen=(1658.234, -1609.372)
[Dev] interact @Area3D@18469 world=(44.5, 0.0, 51.5) screen=(825.1333, 154.2443)
[Dev] interact @Area3D@18470 world=(44.5, 0.0, 52.5) screen=(778.8499, 180.9657)
[Dev] interact @Area3D@18471 world=(21.5, 0.0, 39.5) screen=(316.0163, -781.0065)
[Load] lv=3 gold=500 flags={ "opening_pending": false, "quest": { "heukrang_clear": { "state": "none", "left": 20, "barked": false }, "heukrang_seal": { "state": "accepted" } } } portal=<null> wps=[]
E2E save_continue PASS (검사 12)
[Audio] BGM town → town.ogg
[Save] level 못골 마을 → user://save_e2e.json (C:/Users/FORYOUCOM/AppData/Roaming/Godot/app_userdata/Joseon Hunters/wt/codex-554-item-window-contract/save_e2e.json)
[Dev] stairs DungeonEntrance dir=1 world=(0.0, 0.0, -31.0) screen=(2121.067, -492.4143)
[Dev] interact Merchant world=(5.4, 0.0, -2.4) screen=(1047.293, 368.0158)
[Dev] interact Shaman world=(-5.6, 0.0, 0.4) screen=(408.5833, 148.8999)
[Dev] interact Elder world=(2.0, 0.0, -5.6) screen=(1038.037, 191.6542)
[Dev] interact Jumo world=(7.1, 0.0, -1.4) screen=(1079.692, 440.1637)
[Dev] interact Waypoint world=(-4.2, 0.0, 2.2) screen=(390.0698, 234.4085)
E2E ▶ boss_floor
[Dungeon] heukrang_gul 1층 lv=2 seed=403727558 gen 64x64 rooms=6 up=(44, 56) down=(7, 23) enemies=20 roster=bandit,bat,talisman_master elites=["방2:금색×3(깊이 0.50)"] named=-
[Quest] heukrang_gul 1층 — 싹쓸이 셈 시작 20 (heukrang_clear:none)
[Audio] BGM dungeon → dungeon_4.ogg
[Save] level 흑랑 굴 1층 → user://save_e2e.json (C:/Users/FORYOUCOM/AppData/Roaming/Godot/app_userdata/Joseon Hunters/wt/codex-554-item-window-contract/save_e2e.json)
[Dev] stairs StairsUp dir=-1 world=(44.5, 0.0, 56.5) screen=(593.7165, 335.9509)
[Dev] stairs StairsDown dir=1 world=(7.5, 0.0, 23.5) screen=(408.583, -1534.551)
[Dev] interact PusJar world=(29.5, 0.0, 42.5) screen=(547.433, -487.0705)
[Dev] interact @Area3D@18813 world=(14.5, 0.0, 24.5) screen=(686.2831, -1368.878)
[Dev] interact @Area3D@18814 world=(23.5, 0.0, 18.5) screen=(1380.534, -1288.714)
[Dev] interact LootChest world=(29.5, 0.0, 39.5) screen=(686.2831, -567.2349)
[Dev] interact @Area3D@18815 world=(40.5, 0.0, 38.5) screen=(1241.683, -300.0204)
[Dev] interact LootPot world=(21.5, 0.0, 43.5) screen=(130.8828, -674.1207)
[Dev] interact @Area3D@18816 world=(22.5, 0.0, 44.5) screen=(130.8829, -620.6779)
[Dev] interact @Area3D@18817 world=(19.5, 0.0, 9.5) screen=(1611.95, -1636.093)
[Dev] interact @Area3D@18818 world=(20.5, 0.0, 9.5) screen=(1658.234, -1609.372)
[Dev] interact @Area3D@18819 world=(44.5, 0.0, 51.5) screen=(825.1333, 154.2443)
[Dev] interact @Area3D@18820 world=(44.5, 0.0, 52.5) screen=(778.8499, 180.9657)
[Dev] interact @Area3D@18821 world=(21.5, 0.0, 39.5) screen=(316.0163, -781.0065)
[Dungeon] heukrang_gul 2층 lv=3 seed=3189434797 preset 28x28 rooms=2 up=(22, 23) down=(-1, -1) enemies=2 roster=bat elites=[] named=-
[Audio] BGM boss → boss.ogg
[Save] level 흑랑 굴 2층 → user://save_e2e.json (C:/Users/FORYOUCOM/AppData/Roaming/Godot/app_userdata/Joseon Hunters/wt/codex-554-item-window-contract/save_e2e.json)
[Dev] stairs StairsUp dir=-1 world=(22.5, 0.0, 23.5) screen=(593.7167, 335.9507)
[Dev] near boss hp=195/195
[Kill] +168 xp (lv 5, 168/224)
[Loot] 채널 jade — 물건 정의가 아직 없다(옥 정의 item_type gem — I9 #265): 굴림만 돌고 물건은 없다 · Loot.MISSING_CHANNELS
[Dev] item 영약 — 생맥산 world=(7.697079, 0.0, 8.638761) screen=(503.8491, 274.4049)
[Dev] item 영약 — 생맥산 world=(7.697079, 0.0, 8.638761) screen=(503.8491, 274.4049)
[Dev] item 탕약 — 쌍화탕 world=(7.697079, 0.0, 8.638761) screen=(503.8491, 274.4049)
[Dev] item 식별부첩 world=(7.697079, 0.0, 8.638761) screen=(503.8491, 274.4049)
[Dev] item 흑랑 이빨 world=(7.697079, 0.0, 8.638761) screen=(503.8491, 274.4049)
[Dev] item 흑랑 이빨 world=(7.697079, 0.0, 8.638761) screen=(503.8491, 274.4049)
[Dev] item 미식별 환도 world=(7.697079, 0.0, 8.638761) screen=(503.8491, 274.4049)
[Dev] item 미식별 예도 world=(7.697079, 0.0, 8.638761) screen=(503.8491, 274.4049)
[Dev] item 미식별 옥패 world=(7.697079, 0.0, 8.638761) screen=(503.8491, 274.4049)
[Loot] 보스 전용 유니크 — boss_heukrang 첫 처치 → u_heukrang_fang (회차 1)
[Dev] item 흑랑의 봉인패 world=(7.697079, 0.0, 8.638761) screen=(503.8491, 274.4049)
[Dev] item 엽전 world=(7.697079, 0.0, 8.638761) screen=(503.8491, 274.4049)
[Save] boss → user://save_e2e.json (C:/Users/FORYOUCOM/AppData/Roaming/Godot/app_userdata/Joseon Hunters/wt/codex-554-item-window-contract/save_e2e.json)
[Boss] killed area=heukrang_gul level=3 flags={ "opening_pending": false, "quest": { "heukrang_clear": { "state": "none", "left": 20, "barked": false }, "heukrang_seal": { "state": "killed" }, "heukrang_thanks": { "state": "killed" } }, "seal:boss_heukrang": 1, "boss_killed_heukrang_gul": true }
[Audio] 같은 순간 같은 큐 상한(3) 넘침 — drop ×5 (버림 누계 9)
[Audio] missing cue: drop_magic (파일 규약 design/audio.md §3)
[Audio] missing cue: drop_unique (파일 규약 design/audio.md §3)
  · 겹침: 송곳니 금 광선 = 封 가운데에서 1.06유닛(封 반폭 1.8 · 반깊이 1.62) · 조각 자리에서 1.21유닛(파문 반지름 1.1)
  · 흑랑 처치 封: 먹 폭 3.6 → 0.36 · 사라짐 4.55초
E2E boss_floor PASS (검사 44)
[Audio] BGM town → town.ogg
[Save] level 못골 마을 → user://save_e2e.json (C:/Users/FORYOUCOM/AppData/Roaming/Godot/app_userdata/Joseon Hunters/wt/codex-554-item-window-contract/save_e2e.json)
[Dev] stairs DungeonEntrance dir=1 world=(0.0, 0.0, -31.0) screen=(2121.067, -492.4143)
[Dev] interact Merchant world=(5.4, 0.0, -2.4) screen=(1047.293, 368.0158)
[Dev] interact Shaman world=(-5.6, 0.0, 0.4) screen=(408.5833, 148.8999)
[Dev] interact Elder world=(2.0, 0.0, -5.6) screen=(1038.037, 191.6542)
[Dev] interact Jumo world=(7.1, 0.0, -1.4) screen=(1079.692, 440.1637)
[Dev] interact Waypoint world=(-4.2, 0.0, 2.2) screen=(390.0698, 234.4085)
E2E ▶ boss_bulgasari
[Dungeon] soeburi 3층 lv=9 seed=100493242 preset 32x30 rooms=2 up=(26, 24) down=(-1, -1) enemies=2 roster=soemeogi elites=[] named=-
[Audio] BGM boss → boss.ogg
[Save] level 쇠부리 폐광 3층 → user://save_e2e.json (C:/Users/FORYOUCOM/AppData/Roaming/Godot/app_userdata/Joseon Hunters/wt/codex-554-item-window-contract/save_e2e.json)
[Dev] stairs StairsUp dir=-1 world=(26.5, 0.0, 24.5) screen=(593.7167, 335.9507)
  · 화로 Brazier_4_14 · 불가살이 (5.76278, 0.0, 12.45786) · 도호 (2.5, 0.000391, 15.5) · 달아오름 6.00초 · 출처 brazier
  · 달아오름 알림 = 달아오르고 0.38초 뒤 · 그때 도호 바크 없음 · 달아오름 5.6초 남음
  · 엽전 뜯기 물기 — 0.5초 · 선딜 1(코 0) · 닿은 한 대 1 · 맞음 1 · 달아오름 0 · 물러남 0 · 거리 1.72~1.72
[Dev] item 장검 world=(7.5, 0.0, 10.5) screen=(1056.55, 373.0051)
  · 바닥 칼 없음 · 불가살이 (6.63386, 0.0, 10.51613) · 붙듦  · 간 1 · 먹은 1
  · 삼키기 사진 틀 (화면 (1280.0, 720.0)) — 보스 머리 (609.9281, 195.7774) · 발 (609.9281, 396.1541) · 「무적」 (612.8226, 187.5984) · 도호 머리 (695.8477, 354.6988) · 몸집 × 1.22 · 겉칠 (0.74, 0.78, 0.86, 0.32)
  · 포효 밀린 칸 3.000 (정격 3.0 · 경직 true · 도호 (10.5, 0.000391, 10.5) → (13.5, 0.000391, 10.49654) · 불가살이 (9.507092, 0.0, 10.50015))
  · 코 밀린 칸 2.000 (정격 2.0 · 맞음 true · 도호 (11.5, 0.000624, 10.5) → (13.5, 0.000624, 10.49986) · 불가살이 (10.2871, 0.0, 10.50004))
[Kill] +2912 xp (lv 11, 58/730)
[LevelUp] lv=11 stat_pts=50 skill_pts=10
[Dev] item 미식별 삿갓 world=(15.24991, 0.0, 10.50001) screen=(582.1411, 310.5846)
[Dev] item 탕약 — 쌍화탕 world=(15.24991, 0.0, 10.50001) screen=(582.1411, 310.5846)
[Dev] item 탕약 — 십전대보탕 world=(15.24991, 0.0, 10.50001) screen=(582.1411, 310.5846)
[Dev] item 영약 — 총명탕 world=(15.24991, 0.0, 10.50001) screen=(582.1411, 310.5846)
[Dev] item 식별부첩 world=(15.24991, 0.0, 10.50001) screen=(582.1411, 310.5846)
[Dev] item 불가살이의 쇠비늘 world=(15.24991, 0.0, 10.50001) screen=(582.1411, 310.5846)
[Dev] item 미식별 비단 도포 world=(15.24991, 0.0, 10.50001) screen=(582.1411, 310.5846)
[Dev] item 미식별 명두 world=(15.24991, 0.0, 10.50001) screen=(582.1411, 310.5846)
[Dev] item 미식별 장검 world=(15.24991, 0.0, 10.50001) screen=(582.1411, 310.5846)
[Loot] 보스 전용 유니크 — boss_bulgasari 첫 처치 → u_soe_eater (회차 1)
[Dev] item 불가살이의 사슬 조각 world=(15.24991, 0.0, 10.50001) screen=(582.1411, 310.5846)
[Dev] item 엽전 world=(15.24991, 0.0, 10.50001) screen=(582.1411, 310.5846)
[Dev] item 엽전 world=(15.24991, 0.0, 10.50001) screen=(582.1411, 310.5846)
[Save] boss → user://save_e2e.json (C:/Users/FORYOUCOM/AppData/Roaming/Godot/app_userdata/Joseon Hunters/wt/codex-554-item-window-contract/save_e2e.json)
[Boss] killed area=soeburi level=9 flags={ "opening_pending": false, "seal:boss_bulgasari": 1, "boss_killed_soeburi": true }
[Audio] 같은 순간 같은 큐 상한(3) 넘침 — drop ×5 (버림 누계 14)
  · 처치 뒤 줄 — 처치 1.80초 · 스킬 포인트 3.50초 (드랍 다 앉음 ≤ 0.90초)
E2E boss_bulgasari PASS (검사 47)
[Audio] BGM town → town.ogg
[Save] level 못골 마을 → user://save_e2e.json (C:/Users/FORYOUCOM/AppData/Roaming/Godot/app_userdata/Joseon Hunters/wt/codex-554-item-window-contract/save_e2e.json)
[Dev] stairs DungeonEntrance dir=1 world=(0.0, 0.0, -31.0) screen=(2121.067, -492.4143)
[Dev] interact Merchant world=(5.4, 0.0, -2.4) screen=(1047.293, 368.0158)
[Dev] interact Shaman world=(-5.6, 0.0, 0.4) screen=(408.5833, 148.8999)
[Dev] interact Elder world=(2.0, 0.0, -5.6) screen=(1038.037, 191.6542)
[Dev] interact Jumo world=(7.1, 0.0, -1.4) screen=(1079.692, 440.1637)
[Dev] interact Waypoint world=(-4.2, 0.0, 2.2) screen=(390.0698, 234.4085)
E2E ▶ bulgasari_path
[Dungeon] soeburi 3층 lv=9 seed=100493242 preset 32x30 rooms=2 up=(26, 24) down=(-1, -1) enemies=2 roster=soemeogi elites=[] named=-
[Audio] BGM boss → boss.ogg
[Save] level 쇠부리 폐광 3층 → user://save_e2e.json (C:/Users/FORYOUCOM/AppData/Roaming/Godot/app_userdata/Joseon Hunters/wt/codex-554-item-window-contract/save_e2e.json)
[Dev] stairs StairsUp dir=-1 world=(26.5, 0.0, 24.5) screen=(593.7167, 335.9507)
[Dev] item 장검 world=(6.826933, 0.0, 11.78921) screen=(271.479, -547.5389)
  · 화로 경로 0.00초 몸 (3.99967, 13.09992) · 칼 거리 3.116 · 붙듦 eat_item · 먹은 0
  · 화로 경로 0.50초 몸 (4.317585, 12.02966) · 칼 거리 2.521 · 붙듦 eat_item · 먹은 0
  · 먹기 끝 0.967초 · 몸 (5.551165, 0.000827, 11.55086) · 칼 없음 · 거리 1.298 · 시도 1 · 먹은 1 · HP 1496.0 → 1589.5
E2E bulgasari_path PASS (검사 15)
[Audio] BGM town → town.ogg
[Save] level 못골 마을 → user://save_e2e.json (C:/Users/FORYOUCOM/AppData/Roaming/Godot/app_userdata/Joseon Hunters/wt/codex-554-item-window-contract/save_e2e.json)
[Dev] stairs DungeonEntrance dir=1 world=(0.0, 0.0, -31.0) screen=(2121.067, -492.4143)
[Dev] interact Merchant world=(5.4, 0.0, -2.4) screen=(1047.293, 368.0158)
[Dev] interact Shaman world=(-5.6, 0.0, 0.4) screen=(408.5833, 148.8999)
[Dev] interact Elder world=(2.0, 0.0, -5.6) screen=(1038.037, 191.6542)
[Dev] interact Jumo world=(7.1, 0.0, -1.4) screen=(1079.692, 440.1637)
[Dev] interact Waypoint world=(-4.2, 0.0, 2.2) screen=(390.0698, 234.4085)
E2E ▶ boss_jangsanbeom
[Dungeon] beomgul 3층 lv=6 seed=3376041942 preset 32x30 rooms=2 up=(26, 24) down=(-1, -1) enemies=0 roster= elites=[] named=-
[Audio] BGM boss → boss.ogg
[Save] level 범굴 3층 → user://save_e2e.json (C:/Users/FORYOUCOM/AppData/Roaming/Godot/app_userdata/Joseon Hunters/wt/codex-554-item-window-contract/save_e2e.json)
[Dev] stairs StairsUp dir=-1 world=(26.5, 0.0, 24.5) screen=(593.7167, 335.9507)
  · 앞선 덮치기 1번 · 미끼 「불꽃 울음」 · 선딜까지 기다림 끝
  · 덮치기: 선딜 자리 (12.21983, 0.0, 5.500493) · 도호 (15.5, 0.000391, 13.5) · 끝 (15.2515, 0.000934, 12.37677) · 끝난 까닭 hit · 도호 지금 (15.5, 0.000391, 13.5)
  · 덮치기·빛 안 물기 뒤 도호 생명 110 → 89 (명중 굴림)
[Kill] +0 xp (lv 1, 0/20)
[Kill] +0 xp (lv 1, 0/20)
  · 털 낚아채기 끌린 칸 2.871 (기대 2.871 = 거리 4.271 − 몸 앞 1.400 · 경직 true · 도호 (19.5, 0.000391, 12.5) → (16.63267, 0.000391, 12.36467))
[Kill] +1000 xp (lv 7, 141/370)
[LevelUp] lv=7 stat_pts=30 skill_pts=6
[Dev] item 미식별 장검 world=(15.48255, 0.0, 12.39272) screen=(582.6019, 312.1855)
[Dev] item 탕약 — 십전대보탕 world=(15.48255, 0.0, 12.39272) screen=(582.6019, 312.1855)
[Dev] item 탕약 — 십전대보탕 world=(15.48255, 0.0, 12.39272) screen=(582.6019, 312.1855)
[Dev] item 영약 — 생맥산 world=(15.48255, 0.0, 12.39272) screen=(582.6019, 312.1855)
[Dev] item 귀환부첩 world=(15.48255, 0.0, 12.39272) screen=(582.6019, 312.1855)
[Dev] item 장산범의 흰 털 world=(15.48255, 0.0, 12.39272) screen=(582.6019, 312.1855)
[Dev] item 미식별 목검 world=(15.48255, 0.0, 12.39272) screen=(582.6019, 312.1855)
[Dev] item 미식별 인장 world=(15.48255, 0.0, 12.39272) screen=(582.6019, 312.1855)
[Dev] item 미식별 명두 world=(15.48255, 0.0, 12.39272) screen=(582.6019, 312.1855)
[Loot] 보스 전용 유니크 — boss_jangsanbeom 첫 처치 → u_jangsanbeom_eye (회차 1)
[Dev] item 장산범의 봉인고리 world=(15.48255, 0.0, 12.39272) screen=(582.6019, 312.1855)
[Dev] item 엽전 world=(15.48255, 0.0, 12.39272) screen=(582.6019, 312.1855)
[Save] boss → user://save_e2e.json (C:/Users/FORYOUCOM/AppData/Roaming/Godot/app_userdata/Joseon Hunters/wt/codex-554-item-window-contract/save_e2e.json)
[Boss] killed area=beomgul level=6 flags={ "opening_pending": false, "seal:boss_jangsanbeom": 1, "boss_killed_beomgul": true }
[Audio] 같은 순간 같은 큐 상한(3) 넘침 — drop ×4 (버림 누계 18)
E2E boss_jangsanbeom PASS (검사 42)
[Audio] BGM town → town.ogg
[Save] level 못골 마을 → user://save_e2e.json (C:/Users/FORYOUCOM/AppData/Roaming/Godot/app_userdata/Joseon Hunters/wt/codex-554-item-window-contract/save_e2e.json)
[Dev] stairs DungeonEntrance dir=1 world=(0.0, 0.0, -31.0) screen=(2121.067, -492.4143)
[Dev] interact Merchant world=(5.4, 0.0, -2.4) screen=(1047.293, 368.0158)
[Dev] interact Shaman world=(-5.6, 0.0, 0.4) screen=(408.5833, 148.8999)
[Dev] interact Elder world=(2.0, 0.0, -5.6) screen=(1038.037, 191.6542)
[Dev] interact Jumo world=(7.1, 0.0, -1.4) screen=(1079.692, 440.1637)
[Dev] interact Waypoint world=(-4.2, 0.0, 2.2) screen=(390.0698, 234.4085)
E2E ▶ heukrang_look
[Dungeon] heukrang_gul 1층 lv=2 seed=403727558 gen 64x64 rooms=6 up=(44, 56) down=(7, 23) enemies=20 roster=bandit,bat,talisman_master elites=["방2:금색×3(깊이 0.50)"] named=-
[Quest] heukrang_gul 1층 — 싹쓸이 셈 시작 20 (heukrang_clear:none)
[Audio] BGM dungeon → dungeon_1.ogg
[Save] level 흑랑 굴 1층 → user://save_e2e.json (C:/Users/FORYOUCOM/AppData/Roaming/Godot/app_userdata/Joseon Hunters/wt/codex-554-item-window-contract/save_e2e.json)
[Dev] stairs StairsUp dir=-1 world=(44.5, 0.0, 56.5) screen=(593.7165, 335.9509)
[Dev] stairs StairsDown dir=1 world=(7.5, 0.0, 23.5) screen=(408.583, -1534.551)
[Dev] interact PusJar world=(29.5, 0.0, 42.5) screen=(547.433, -487.0705)
[Dev] interact @Area3D@20021 world=(14.5, 0.0, 24.5) screen=(686.2831, -1368.878)
[Dev] interact @Area3D@20022 world=(23.5, 0.0, 18.5) screen=(1380.534, -1288.714)
[Dev] interact LootChest world=(29.5, 0.0, 39.5) screen=(686.2831, -567.2349)
[Dev] interact @Area3D@20023 world=(40.5, 0.0, 38.5) screen=(1241.683, -300.0204)
[Dev] interact LootPot world=(21.5, 0.0, 43.5) screen=(130.8828, -674.1207)
[Dev] interact @Area3D@20024 world=(22.5, 0.0, 44.5) screen=(130.8829, -620.6779)
[Dev] interact @Area3D@20025 world=(19.5, 0.0, 9.5) screen=(1611.95, -1636.093)
[Dev] interact @Area3D@20026 world=(20.5, 0.0, 9.5) screen=(1658.234, -1609.372)
[Dev] interact @Area3D@20027 world=(44.5, 0.0, 51.5) screen=(825.1333, 154.2443)
[Dev] interact @Area3D@20028 world=(44.5, 0.0, 52.5) screen=(778.8499, 180.9657)
[Dev] interact @Area3D@20029 world=(21.5, 0.0, 39.5) screen=(316.0163, -781.0065)
[Dungeon] heukrang_gul 2층 lv=3 seed=3189434797 preset 28x28 rooms=2 up=(22, 23) down=(-1, -1) enemies=2 roster=bat elites=[] named=-
[Audio] BGM boss → boss.ogg
[Save] level 흑랑 굴 2층 → user://save_e2e.json (C:/Users/FORYOUCOM/AppData/Roaming/Godot/app_userdata/Joseon Hunters/wt/codex-554-item-window-contract/save_e2e.json)
[Dev] stairs StairsUp dir=-1 world=(22.5, 0.0, 23.5) screen=(593.7167, 335.9507)
E2E heukrang_look PASS (검사 4)
[Audio] BGM town → town.ogg
[Save] level 못골 마을 → user://save_e2e.json (C:/Users/FORYOUCOM/AppData/Roaming/Godot/app_userdata/Joseon Hunters/wt/codex-554-item-window-contract/save_e2e.json)
[Dev] stairs DungeonEntrance dir=1 world=(0.0, 0.0, -31.0) screen=(2121.067, -492.4143)
[Dev] interact Merchant world=(5.4, 0.0, -2.4) screen=(1047.293, 368.0158)
[Dev] interact Shaman world=(-5.6, 0.0, 0.4) screen=(408.5833, 148.8999)
[Dev] interact Elder world=(2.0, 0.0, -5.6) screen=(1038.037, 191.6542)
[Dev] interact Jumo world=(7.1, 0.0, -1.4) screen=(1079.692, 440.1637)
[Dev] interact Waypoint world=(-4.2, 0.0, 2.2) screen=(390.0698, 234.4085)
E2E ▶ heukrang_pounce
[Dungeon] heukrang_gul 1층 lv=2 seed=403727558 gen 64x64 rooms=6 up=(44, 56) down=(7, 23) enemies=20 roster=bandit,bat,talisman_master elites=["방2:금색×3(깊이 0.50)"] named=-
[Quest] heukrang_gul 1층 — 싹쓸이 셈 시작 20 (heukrang_clear:none)
[Audio] BGM dungeon → dungeon_2.ogg
[Save] level 흑랑 굴 1층 → user://save_e2e.json (C:/Users/FORYOUCOM/AppData/Roaming/Godot/app_userdata/Joseon Hunters/wt/codex-554-item-window-contract/save_e2e.json)
[Dev] stairs StairsUp dir=-1 world=(44.5, 0.0, 56.5) screen=(593.7165, 335.9509)
[Dev] stairs StairsDown dir=1 world=(7.5, 0.0, 23.5) screen=(408.583, -1534.551)
[Dev] interact PusJar world=(29.5, 0.0, 42.5) screen=(547.433, -487.0705)
[Dev] interact @Area3D@20440 world=(14.5, 0.0, 24.5) screen=(686.2831, -1368.878)
[Dev] interact @Area3D@20441 world=(23.5, 0.0, 18.5) screen=(1380.534, -1288.714)
[Dev] interact LootChest world=(29.5, 0.0, 39.5) screen=(686.2831, -567.2349)
[Dev] interact @Area3D@20442 world=(40.5, 0.0, 38.5) screen=(1241.683, -300.0204)
[Dev] interact LootPot world=(21.5, 0.0, 43.5) screen=(130.8828, -674.1207)
[Dev] interact @Area3D@20443 world=(22.5, 0.0, 44.5) screen=(130.8829, -620.6779)
[Dev] interact @Area3D@20444 world=(19.5, 0.0, 9.5) screen=(1611.95, -1636.093)
[Dev] interact @Area3D@20445 world=(20.5, 0.0, 9.5) screen=(1658.234, -1609.372)
[Dev] interact @Area3D@20446 world=(44.5, 0.0, 51.5) screen=(825.1333, 154.2443)
[Dev] interact @Area3D@20447 world=(44.5, 0.0, 52.5) screen=(778.8499, 180.9657)
[Dev] interact @Area3D@20448 world=(21.5, 0.0, 39.5) screen=(316.0163, -781.0065)
[Dungeon] heukrang_gul 2층 lv=3 seed=3189434797 preset 28x28 rooms=2 up=(22, 23) down=(-1, -1) enemies=2 roster=bat elites=[] named=-
[Audio] BGM boss → boss.ogg
[Save] level 흑랑 굴 2층 → user://save_e2e.json (C:/Users/FORYOUCOM/AppData/Roaming/Godot/app_userdata/Joseon Hunters/wt/codex-554-item-window-contract/save_e2e.json)
[Dev] stairs StairsUp dir=-1 world=(22.5, 0.0, 23.5) screen=(593.7167, 335.9507)
  · 흑랑 클립 = attack, die, hit, idle, pounce, pounce_air, pounce_land, run, walk · 덮치기 클립 있음(#506 반입 뒤 — 클립 차례를 검사한다)
  · 돌격 1 — 선딜 0.50초 pounce · 돌진 0.65초 pounce →  → pounce_air · 착지 뒤 0.9초 pounce_land → idle · 뜬 몸 엉덩이 +23cm (선딜 전 높이 기준)
  ·   pounce 재생 배율 × 1.00
  ·   pounce_air 재생 배율 × 1.00
  ·   pounce_land 재생 배율 × 1.00
E2E heukrang_pounce PASS (검사 11)
[Audio] BGM town → town.ogg
[Save] level 못골 마을 → user://save_e2e.json (C:/Users/FORYOUCOM/AppData/Roaming/Godot/app_userdata/Joseon Hunters/wt/codex-554-item-window-contract/save_e2e.json)
[Dev] stairs DungeonEntrance dir=1 world=(0.0, 0.0, -31.0) screen=(2121.067, -492.4143)
[Dev] interact Merchant world=(5.4, 0.0, -2.4) screen=(1047.293, 368.0158)
[Dev] interact Shaman world=(-5.6, 0.0, 0.4) screen=(408.5833, 148.8999)
[Dev] interact Elder world=(2.0, 0.0, -5.6) screen=(1038.037, 191.6542)
[Dev] interact Jumo world=(7.1, 0.0, -1.4) screen=(1079.692, 440.1637)
[Dev] interact Waypoint world=(-4.2, 0.0, 2.2) screen=(390.0698, 234.4085)
E2E ▶ visual_swap
[Click] world=(4.049217, 0.0, 1.049217) cell=(4, 1)
[Dungeon] heukrang_gul 1층 lv=2 seed=403727558 gen 64x64 rooms=6 up=(44, 56) down=(7, 23) enemies=20 roster=bandit,bat,talisman_master elites=["방2:금색×3(깊이 0.50)"] named=-
[Quest] heukrang_gul 1층 — 싹쓸이 셈 시작 20 (heukrang_clear:none)
[Audio] BGM dungeon → dungeon_4.ogg
[Save] level 흑랑 굴 1층 → user://save_e2e.json (C:/Users/FORYOUCOM/AppData/Roaming/Godot/app_userdata/Joseon Hunters/wt/codex-554-item-window-contract/save_e2e.json)
[Dev] stairs StairsUp dir=-1 world=(44.5, 0.0, 56.5) screen=(593.7165, 335.9509)
[Dev] stairs StairsDown dir=1 world=(7.5, 0.0, 23.5) screen=(408.583, -1534.551)
[Dev] interact PusJar world=(29.5, 0.0, 42.5) screen=(547.433, -487.0705)
[Dev] interact @Area3D@20861 world=(14.5, 0.0, 24.5) screen=(686.2831, -1368.878)
[Dev] interact @Area3D@20862 world=(23.5, 0.0, 18.5) screen=(1380.534, -1288.714)
[Dev] interact LootChest world=(29.5, 0.0, 39.5) screen=(686.2831, -567.2349)
[Dev] interact @Area3D@20863 world=(40.5, 0.0, 38.5) screen=(1241.683, -300.0204)
[Dev] interact LootPot world=(21.5, 0.0, 43.5) screen=(130.8828, -674.1207)
[Dev] interact @Area3D@20864 world=(22.5, 0.0, 44.5) screen=(130.8829, -620.6779)
[Dev] interact @Area3D@20865 world=(19.5, 0.0, 9.5) screen=(1611.95, -1636.093)
[Dev] interact @Area3D@20866 world=(20.5, 0.0, 9.5) screen=(1658.234, -1609.372)
[Dev] interact @Area3D@20867 world=(44.5, 0.0, 51.5) screen=(825.1333, 154.2443)
[Dev] interact @Area3D@20868 world=(44.5, 0.0, 52.5) screen=(778.8499, 180.9657)
[Dev] interact @Area3D@20869 world=(21.5, 0.0, 39.5) screen=(316.0163, -781.0065)
E2E visual_swap PASS (검사 65)
[Audio] BGM town → town.ogg
[Save] level 못골 마을 → user://save_e2e.json (C:/Users/FORYOUCOM/AppData/Roaming/Godot/app_userdata/Joseon Hunters/wt/codex-554-item-window-contract/save_e2e.json)
[Dev] stairs DungeonEntrance dir=1 world=(0.0, 0.0, -31.0) screen=(2121.067, -492.4143)
[Dev] interact Merchant world=(5.4, 0.0, -2.4) screen=(1047.293, 368.0158)
[Dev] interact Shaman world=(-5.6, 0.0, 0.4) screen=(408.5833, 148.8999)
[Dev] interact Elder world=(2.0, 0.0, -5.6) screen=(1038.037, 191.6542)
[Dev] interact Jumo world=(7.1, 0.0, -1.4) screen=(1079.692, 440.1637)
[Dev] interact Waypoint world=(-4.2, 0.0, 2.2) screen=(390.0698, 234.4085)
E2E ▶ run_upright
[Click] world=(10.5, 0.0, 11.5) cell=(10, 11)
  · 달린 시간 1.50초 · 5.7칸 · 갱신 218(달리기 클립 218) · 머리−골반 최저 +0.442 (0.2 미만 0번) · 몸 뼈 최대 어긋남 0.0cm ()
  · 옷 뼈 최대 흔들림(애니와 벌어진 각): Hem_L 24.8°, Hem_R 26.4°, Sleeve_L 77.7°, Sleeve_R 29.7°, SashTail 46.3°
  · 순간이동 5.7칸 → 8번 잼 · 옷 뼈 최대 1.2° (Sleeve_L) · 몸 뼈 최대 0.0cm
E2E run_upright PASS (검사 16)
[Save] level 못골 마을 → user://save_e2e.json (C:/Users/FORYOUCOM/AppData/Roaming/Godot/app_userdata/Joseon Hunters/wt/codex-554-item-window-contract/save_e2e.json)
[Dev] stairs DungeonEntrance dir=1 world=(0.0, 0.0, -31.0) screen=(2121.067, -492.4143)
[Dev] interact Merchant world=(5.4, 0.0, -2.4) screen=(1047.293, 368.0158)
[Dev] interact Shaman world=(-5.6, 0.0, 0.4) screen=(408.5833, 148.8999)
[Dev] interact Elder world=(2.0, 0.0, -5.6) screen=(1038.037, 191.6542)
[Dev] interact Jumo world=(7.1, 0.0, -1.4) screen=(1079.692, 440.1637)
[Dev] interact Waypoint world=(-4.2, 0.0, 2.2) screen=(390.0698, 234.4085)
E2E ▶ teleport_settle
[Dungeon] heukrang_gul 1층 lv=2 seed=403727558 gen 64x64 rooms=6 up=(44, 56) down=(7, 23) enemies=20 roster=bandit,bat,talisman_master elites=["방2:금색×3(깊이 0.50)"] named=-
[Quest] heukrang_gul 1층 — 싹쓸이 셈 시작 20 (heukrang_clear:none)
[Audio] BGM dungeon → dungeon_3.ogg
[Save] level 흑랑 굴 1층 → user://save_e2e.json (C:/Users/FORYOUCOM/AppData/Roaming/Godot/app_userdata/Joseon Hunters/wt/codex-554-item-window-contract/save_e2e.json)
[Dev] stairs StairsUp dir=-1 world=(44.5, 0.0, 56.5) screen=(593.7165, 335.9509)
[Dev] stairs StairsDown dir=1 world=(7.5, 0.0, 23.5) screen=(408.583, -1534.551)
[Dev] interact PusJar world=(29.5, 0.0, 42.5) screen=(547.433, -487.0705)
[Dev] interact @Area3D@21371 world=(14.5, 0.0, 24.5) screen=(686.2831, -1368.878)
[Dev] interact @Area3D@21372 world=(23.5, 0.0, 18.5) screen=(1380.534, -1288.714)
[Dev] interact LootChest world=(29.5, 0.0, 39.5) screen=(686.2831, -567.2349)
[Dev] interact @Area3D@21373 world=(40.5, 0.0, 38.5) screen=(1241.683, -300.0204)
[Dev] interact LootPot world=(21.5, 0.0, 43.5) screen=(130.8828, -674.1207)
[Dev] interact @Area3D@21374 world=(22.5, 0.0, 44.5) screen=(130.8829, -620.6779)
[Dev] interact @Area3D@21375 world=(19.5, 0.0, 9.5) screen=(1611.95, -1636.093)
[Dev] interact @Area3D@21376 world=(20.5, 0.0, 9.5) screen=(1658.234, -1609.372)
[Dev] interact @Area3D@21377 world=(44.5, 0.0, 51.5) screen=(825.1333, 154.2443)
[Dev] interact @Area3D@21378 world=(44.5, 0.0, 52.5) screen=(778.8499, 180.9657)
[Dev] interact @Area3D@21379 world=(21.5, 0.0, 39.5) screen=(316.0163, -781.0065)
[Dev] removed 20 enemies
  · 자리 (22.5, 0.000391, 49.5) → 목적지 (27.5, 0.0, 49.5) (5.0칸)
  · 01_before (초기화 끔): 첫 프레임 옷 뼈 69.4° · 끝 19.4cm (Sleeve_L) · 8프레임 최대 112.9° · 끝 30.0cm (Sleeve_R) · 몸 뼈 0.0mm · 프레임별 [69°, 111°, 113°, 111°, 107°, 102°, 97°, 91°]
  · 02_after (초기화 켬): 첫 프레임 옷 뼈 0.1° · 끝 0.0cm (Sleeve_L) · 8프레임 최대 2.3° · 끝 0.7cm (Sleeve_L) · 몸 뼈 0.0mm · 프레임별 [0°, 0°, 1°, 1°, 2°, 2°, 2°, 2°]
E2E teleport_settle PASS (검사 10)
[Audio] BGM town → town.ogg
[Save] level 못골 마을 → user://save_e2e.json (C:/Users/FORYOUCOM/AppData/Roaming/Godot/app_userdata/Joseon Hunters/wt/codex-554-item-window-contract/save_e2e.json)
[Dev] stairs DungeonEntrance dir=1 world=(0.0, 0.0, -31.0) screen=(2121.067, -492.4143)
[Dev] interact Merchant world=(5.4, 0.0, -2.4) screen=(1047.293, 368.0158)
[Dev] interact Shaman world=(-5.6, 0.0, 0.4) screen=(408.5833, 148.8999)
[Dev] interact Elder world=(2.0, 0.0, -5.6) screen=(1038.037, 191.6542)
[Dev] interact Jumo world=(7.1, 0.0, -1.4) screen=(1079.692, 440.1637)
[Dev] interact Waypoint world=(-4.2, 0.0, 2.2) screen=(390.0698, 234.4085)
E2E ▶ hit_feel
[Dungeon] heukrang_gul 1층 lv=2 seed=403727558 gen 64x64 rooms=6 up=(44, 56) down=(7, 23) enemies=20 roster=bandit,bat,talisman_master elites=["방2:금색×3(깊이 0.50)"] named=-
[Quest] heukrang_gul 1층 — 싹쓸이 셈 시작 20 (heukrang_clear:none)
[Audio] BGM dungeon → dungeon_1.ogg
[Save] level 흑랑 굴 1층 → user://save_e2e.json (C:/Users/FORYOUCOM/AppData/Roaming/Godot/app_userdata/Joseon Hunters/wt/codex-554-item-window-contract/save_e2e.json)
[Dev] stairs StairsUp dir=-1 world=(44.5, 0.0, 56.5) screen=(593.7165, 335.9509)
[Dev] stairs StairsDown dir=1 world=(7.5, 0.0, 23.5) screen=(408.583, -1534.551)
[Dev] interact PusJar world=(29.5, 0.0, 42.5) screen=(547.433, -487.0705)
[Dev] interact @Area3D@21721 world=(14.5, 0.0, 24.5) screen=(686.2831, -1368.878)
[Dev] interact @Area3D@21722 world=(23.5, 0.0, 18.5) screen=(1380.534, -1288.714)
[Dev] interact LootChest world=(29.5, 0.0, 39.5) screen=(686.2831, -567.2349)
[Dev] interact @Area3D@21723 world=(40.5, 0.0, 38.5) screen=(1241.683, -300.0204)
[Dev] interact LootPot world=(21.5, 0.0, 43.5) screen=(130.8828, -674.1207)
[Dev] interact @Area3D@21724 world=(22.5, 0.0, 44.5) screen=(130.8829, -620.6779)
[Dev] interact @Area3D@21725 world=(19.5, 0.0, 9.5) screen=(1611.95, -1636.093)
[Dev] interact @Area3D@21726 world=(20.5, 0.0, 9.5) screen=(1658.234, -1609.372)
[Dev] interact @Area3D@21727 world=(44.5, 0.0, 51.5) screen=(825.1333, 154.2443)
[Dev] interact @Area3D@21728 world=(44.5, 0.0, 52.5) screen=(778.8499, 180.9657)
[Dev] interact @Area3D@21729 world=(21.5, 0.0, 39.5) screen=(316.0163, -781.0065)
[Dev] removed 20 enemies
[Kill] +6 xp (lv 1, 6/20)
[Dev] item 엽전 world=(48.35709, 0.0, 55.83271) screen=(803.1201, 402.5027)
[Audio] 같은 순간 같은 큐 상한(3) 넘침 — enemy_hurt ×1 (버림 누계 19)
[Kill] +6 xp (lv 1, 12/20)
[Dev] item 엽전 world=(46.70428, 0.0, 57.70383) screen=(640.0207, 408.3362)
[Kill] +6 xp (lv 1, 18/20)
[Kill] +6 xp (lv 2, 4/57)
[LevelUp] lv=2 stat_pts=5 skill_pts=1
[Dev] item 엽전 world=(46.9, 0.0, 58.1) screen=(630.7433, 424.1523)
[Dev] item 미식별 무명띠 world=(46.9, 0.0, 58.1) screen=(630.7433, 424.1523)
[Audio] 같은 순간 같은 큐 상한(3) 넘침 — hit ×3 · enemy_hurt ×3 (버림 누계 25)
E2E hit_feel PASS (검사 27)
[Audio] BGM town → town.ogg
[Save] level 못골 마을 → user://save_e2e.json (C:/Users/FORYOUCOM/AppData/Roaming/Godot/app_userdata/Joseon Hunters/wt/codex-554-item-window-contract/save_e2e.json)
[Dev] stairs DungeonEntrance dir=1 world=(0.0, 0.0, -31.0) screen=(2121.067, -492.4143)
[Dev] interact Merchant world=(5.4, 0.0, -2.4) screen=(1047.293, 368.0158)
[Dev] interact Shaman world=(-5.6, 0.0, 0.4) screen=(408.5833, 148.8999)
[Dev] interact Elder world=(2.0, 0.0, -5.6) screen=(1038.037, 191.6542)
[Dev] interact Jumo world=(7.1, 0.0, -1.4) screen=(1079.692, 440.1637)
[Dev] interact Waypoint world=(-4.2, 0.0, 2.2) screen=(390.0698, 234.4085)
E2E ▶ element_affix
[Dungeon] heukrang_gul 1층 lv=2 seed=403727558 gen 64x64 rooms=6 up=(44, 56) down=(7, 23) enemies=20 roster=bandit,bat,talisman_master elites=["방2:금색×3(깊이 0.50)"] named=-
[Quest] heukrang_gul 1층 — 싹쓸이 셈 시작 20 (heukrang_clear:none)
[Audio] BGM dungeon → dungeon_3.ogg
[Save] level 흑랑 굴 1층 → user://save_e2e.json (C:/Users/FORYOUCOM/AppData/Roaming/Godot/app_userdata/Joseon Hunters/wt/codex-554-item-window-contract/save_e2e.json)
[Dev] stairs StairsUp dir=-1 world=(44.5, 0.0, 56.5) screen=(593.7165, 335.9509)
[Dev] stairs StairsDown dir=1 world=(7.5, 0.0, 23.5) screen=(408.583, -1534.551)
[Dev] interact PusJar world=(29.5, 0.0, 42.5) screen=(547.433, -487.0705)
[Dev] interact @Area3D@22107 world=(14.5, 0.0, 24.5) screen=(686.2831, -1368.878)
[Dev] interact @Area3D@22108 world=(23.5, 0.0, 18.5) screen=(1380.534, -1288.714)
[Dev] interact LootChest world=(29.5, 0.0, 39.5) screen=(686.2831, -567.2349)
[Dev] interact @Area3D@22109 world=(40.5, 0.0, 38.5) screen=(1241.683, -300.0204)
[Dev] interact LootPot world=(21.5, 0.0, 43.5) screen=(130.8828, -674.1207)
[Dev] interact @Area3D@22110 world=(22.5, 0.0, 44.5) screen=(130.8829, -620.6779)
[Dev] interact @Area3D@22111 world=(19.5, 0.0, 9.5) screen=(1611.95, -1636.093)
[Dev] interact @Area3D@22112 world=(20.5, 0.0, 9.5) screen=(1658.234, -1609.372)
[Dev] interact @Area3D@22113 world=(44.5, 0.0, 51.5) screen=(825.1333, 154.2443)
[Dev] interact @Area3D@22114 world=(44.5, 0.0, 52.5) screen=(778.8499, 180.9657)
[Dev] interact @Area3D@22115 world=(21.5, 0.0, 39.5) screen=(316.0163, -781.0065)
[Dev] removed 20 enemies
[Audio] 같은 순간 같은 큐 상한(3) 넘침 — hit ×111 · enemy_hurt ×117 · hit_crit ×3 · hit_crit_low ×3 (버림 누계 259)
[Audio] 같은 순간 같은 큐 상한(3) 넘침 — hit ×36 · enemy_hurt ×38 · hit_crit ×2 · hit_crit_low ×2 (버림 누계 337)
E2E element_affix PASS (검사 7)
[Audio] BGM town → town.ogg
[Save] level 못골 마을 → user://save_e2e.json (C:/Users/FORYOUCOM/AppData/Roaming/Godot/app_userdata/Joseon Hunters/wt/codex-554-item-window-contract/save_e2e.json)
[Audio] 같은 순간 같은 큐 상한(3) 넘침 — hit ×2 · enemy_hurt ×2 (버림 누계 341)
[Dev] stairs DungeonEntrance dir=1 world=(0.0, 0.0, -31.0) screen=(2121.067, -492.4143)
[Dev] interact Merchant world=(5.4, 0.0, -2.4) screen=(1047.293, 368.0158)
[Dev] interact Shaman world=(-5.6, 0.0, 0.4) screen=(408.5833, 148.8999)
[Dev] interact Elder world=(2.0, 0.0, -5.6) screen=(1038.037, 191.6542)
[Dev] interact Jumo world=(7.1, 0.0, -1.4) screen=(1079.692, 440.1637)
[Dev] interact Waypoint world=(-4.2, 0.0, 2.2) screen=(390.0698, 234.4085)
E2E ▶ affix_combat
[Dungeon] heukrang_gul 1층 lv=2 seed=403727558 gen 64x64 rooms=6 up=(44, 56) down=(7, 23) enemies=20 roster=bandit,bat,talisman_master elites=["방2:금색×3(깊이 0.50)"] named=-
[Quest] heukrang_gul 1층 — 싹쓸이 셈 시작 20 (heukrang_clear:none)
[Audio] BGM dungeon → dungeon_4.ogg
[Save] level 흑랑 굴 1층 → user://save_e2e.json (C:/Users/FORYOUCOM/AppData/Roaming/Godot/app_userdata/Joseon Hunters/wt/codex-554-item-window-contract/save_e2e.json)
[Dev] stairs StairsUp dir=-1 world=(44.5, 0.0, 56.5) screen=(593.7165, 335.9509)
[Dev] stairs StairsDown dir=1 world=(7.5, 0.0, 23.5) screen=(408.583, -1534.551)
[Dev] interact PusJar world=(29.5, 0.0, 42.5) screen=(547.433, -487.0705)
[Dev] interact @Area3D@22479 world=(14.5, 0.0, 24.5) screen=(686.2831, -1368.878)
[Dev] interact @Area3D@22480 world=(23.5, 0.0, 18.5) screen=(1380.534, -1288.714)
[Dev] interact LootChest world=(29.5, 0.0, 39.5) screen=(686.2831, -567.2349)
[Dev] interact @Area3D@22481 world=(40.5, 0.0, 38.5) screen=(1241.683, -300.0204)
[Dev] interact LootPot world=(21.5, 0.0, 43.5) screen=(130.8828, -674.1207)
[Dev] interact @Area3D@22482 world=(22.5, 0.0, 44.5) screen=(130.8829, -620.6779)
[Dev] interact @Area3D@22483 world=(19.5, 0.0, 9.5) screen=(1611.95, -1636.093)
[Dev] interact @Area3D@22484 world=(20.5, 0.0, 9.5) screen=(1658.234, -1609.372)
[Dev] interact @Area3D@22485 world=(44.5, 0.0, 51.5) screen=(825.1333, 154.2443)
[Dev] interact @Area3D@22486 world=(44.5, 0.0, 52.5) screen=(778.8499, 180.9657)
[Dev] interact @Area3D@22487 world=(21.5, 0.0, 39.5) screen=(316.0163, -781.0065)
[Dev] removed 20 enemies
  · 산적 경직 구간 0.350~0.350 → 회초리 0.450~0.450 · 밀림 0.220 → 0.330
[Kill] +2 xp (lv 12, 2/831)
[Talisman] 화염부 → 적 (19.5, 0.0, 49.5) (배율 1.20 · 아낌 false · 흩뿌리기 {  })
[Kill] +2 xp (lv 12, 4/831)
[Dev] item 탕약 — 쌍화탕 world=(19.5, 0.0, 49.5) screen=(778.8499, 424.1524)
[Save] quest → user://save_e2e.json (C:/Users/FORYOUCOM/AppData/Roaming/Godot/app_userdata/Joseon Hunters/wt/codex-554-item-window-contract/save_e2e.json)
[Quest] heukrang_clear 싹쓸이 완료 (none → killed)
  · 받는 경직 구간 0.300~0.300 → −25% 0.225~0.225 → 상한 0.120~0.120
E2E affix_combat PASS (검사 40)
[Audio] BGM town → town.ogg
[Save] level 못골 마을 → user://save_e2e.json (C:/Users/FORYOUCOM/AppData/Roaming/Godot/app_userdata/Joseon Hunters/wt/codex-554-item-window-contract/save_e2e.json)
[Dev] stairs DungeonEntrance dir=1 world=(0.0, 0.0, -31.0) screen=(2121.067, -492.4143)
[Dev] interact Merchant world=(5.4, 0.0, -2.4) screen=(1047.293, 368.0158)
[Dev] interact Shaman world=(-5.6, 0.0, 0.4) screen=(408.5833, 148.8999)
[Dev] interact Elder world=(2.0, 0.0, -5.6) screen=(1038.037, 191.6542)
[Dev] interact Jumo world=(7.1, 0.0, -1.4) screen=(1079.692, 440.1637)
[Dev] interact Waypoint world=(-4.2, 0.0, 2.2) screen=(390.0698, 234.4085)
E2E ▶ attack_chain
[Dungeon] heukrang_gul 1층 lv=2 seed=403727558 gen 64x64 rooms=6 up=(44, 56) down=(7, 23) enemies=20 roster=bandit,bat,talisman_master elites=["방2:금색×3(깊이 0.50)"] named=-
[Quest] heukrang_gul 1층 — 싹쓸이 셈 시작 20 (heukrang_clear:none)
[Audio] BGM dungeon → dungeon_2.ogg
[Save] level 흑랑 굴 1층 → user://save_e2e.json (C:/Users/FORYOUCOM/AppData/Roaming/Godot/app_userdata/Joseon Hunters/wt/codex-554-item-window-contract/save_e2e.json)
[Dev] stairs StairsUp dir=-1 world=(44.5, 0.0, 56.5) screen=(593.7165, 335.9509)
[Dev] stairs StairsDown dir=1 world=(7.5, 0.0, 23.5) screen=(408.583, -1534.551)
[Dev] interact PusJar world=(29.5, 0.0, 42.5) screen=(547.433, -487.0705)
[Dev] interact @Area3D@22852 world=(14.5, 0.0, 24.5) screen=(686.2831, -1368.878)
[Dev] interact @Area3D@22853 world=(23.5, 0.0, 18.5) screen=(1380.534, -1288.714)
[Dev] interact LootChest world=(29.5, 0.0, 39.5) screen=(686.2831, -567.2349)
[Dev] interact @Area3D@22854 world=(40.5, 0.0, 38.5) screen=(1241.683, -300.0204)
[Dev] interact LootPot world=(21.5, 0.0, 43.5) screen=(130.8828, -674.1207)
[Dev] interact @Area3D@22855 world=(22.5, 0.0, 44.5) screen=(130.8829, -620.6779)
[Dev] interact @Area3D@22856 world=(19.5, 0.0, 9.5) screen=(1611.95, -1636.093)
[Dev] interact @Area3D@22857 world=(20.5, 0.0, 9.5) screen=(1658.234, -1609.372)
[Dev] interact @Area3D@22858 world=(44.5, 0.0, 51.5) screen=(825.1333, 154.2443)
[Dev] interact @Area3D@22859 world=(44.5, 0.0, 52.5) screen=(778.8499, 180.9657)
[Dev] interact @Area3D@22860 world=(21.5, 0.0, 39.5) screen=(316.0163, -781.0065)
[Dev] removed 20 enemies
  · ① 칸 [0, 1, 2, 0, 1] · 클립 ["attack", "attack2", "attack3", "attack", "attack2"] · 섞기 ["0.12", "0.10", "0.10", "0.10", "0.10"]
E2E attack_chain PASS (검사 21)
[Audio] BGM town → town.ogg
[Save] level 못골 마을 → user://save_e2e.json (C:/Users/FORYOUCOM/AppData/Roaming/Godot/app_userdata/Joseon Hunters/wt/codex-554-item-window-contract/save_e2e.json)
[Dev] stairs DungeonEntrance dir=1 world=(0.0, 0.0, -31.0) screen=(2121.067, -492.4143)
[Dev] interact Merchant world=(5.4, 0.0, -2.4) screen=(1047.293, 368.0158)
[Dev] interact Shaman world=(-5.6, 0.0, 0.4) screen=(408.5833, 148.8999)
[Dev] interact Elder world=(2.0, 0.0, -5.6) screen=(1038.037, 191.6542)
[Dev] interact Jumo world=(7.1, 0.0, -1.4) screen=(1079.692, 440.1637)
[Dev] interact Waypoint world=(-4.2, 0.0, 2.2) screen=(390.0698, 234.4085)
E2E ▶ aspd_steps
[Dungeon] heukrang_gul 1층 lv=2 seed=403727558 gen 64x64 rooms=6 up=(44, 56) down=(7, 23) enemies=20 roster=bandit,bat,talisman_master elites=["방2:금색×3(깊이 0.50)"] named=-
[Quest] heukrang_gul 1층 — 싹쓸이 셈 시작 20 (heukrang_clear:none)
[Audio] BGM dungeon → dungeon_1.ogg
[Save] level 흑랑 굴 1층 → user://save_e2e.json (C:/Users/FORYOUCOM/AppData/Roaming/Godot/app_userdata/Joseon Hunters/wt/codex-554-item-window-contract/save_e2e.json)
[Dev] stairs StairsUp dir=-1 world=(44.5, 0.0, 56.5) screen=(593.7165, 335.9509)
[Dev] stairs StairsDown dir=1 world=(7.5, 0.0, 23.5) screen=(408.583, -1534.551)
[Dev] interact PusJar world=(29.5, 0.0, 42.5) screen=(547.433, -487.0705)
[Dev] interact @Area3D@23205 world=(14.5, 0.0, 24.5) screen=(686.2831, -1368.878)
[Dev] interact @Area3D@23206 world=(23.5, 0.0, 18.5) screen=(1380.534, -1288.714)
[Dev] interact LootChest world=(29.5, 0.0, 39.5) screen=(686.2831, -567.2349)
[Dev] interact @Area3D@23207 world=(40.5, 0.0, 38.5) screen=(1241.683, -300.0204)
[Dev] interact LootPot world=(21.5, 0.0, 43.5) screen=(130.8828, -674.1207)
[Dev] interact @Area3D@23208 world=(22.5, 0.0, 44.5) screen=(130.8829, -620.6779)
[Dev] interact @Area3D@23209 world=(19.5, 0.0, 9.5) screen=(1611.95, -1636.093)
[Dev] interact @Area3D@23210 world=(20.5, 0.0, 9.5) screen=(1658.234, -1609.372)
[Dev] interact @Area3D@23211 world=(44.5, 0.0, 51.5) screen=(825.1333, 154.2443)
[Dev] interact @Area3D@23212 world=(44.5, 0.0, 52.5) screen=(778.8499, 180.9657)
[Dev] interact @Area3D@23213 world=(21.5, 0.0, 39.5) screen=(316.0163, -781.0065)
[Dev] removed 20 enemies
  · 0단계: 공속 1.100 · 간격 0.9091초 · 실제 휘두름 사이 0.917초
  · 10단계(예도 합 15): 공속 1.210 · 간격 0.8264초 · 실제 휘두름 사이 0.833초
  · 툴팁(예도) ["공격 속도", "장비 없이 1.10", "현재 1.21", "공속 +15% → 단계 +10% · 다음 단계까지 +5%"]
  · 20단계(예도 + 빠른 5, 합 20): 공속 1.320 · 간격 0.7576초 · 실제 휘두름 사이 0.767초
  · 툴팁(예도 + 빠른 5) ["공격 속도", "장비 없이 1.10", "현재 1.32", "공속 +20% → 단계 +20% · 다음 단계까지 +10%"]
E2E aspd_steps PASS (검사 27)
[Audio] BGM town → town.ogg
[Save] level 못골 마을 → user://save_e2e.json (C:/Users/FORYOUCOM/AppData/Roaming/Godot/app_userdata/Joseon Hunters/wt/codex-554-item-window-contract/save_e2e.json)
[Dev] stairs DungeonEntrance dir=1 world=(0.0, 0.0, -31.0) screen=(2121.067, -492.4143)
[Dev] interact Merchant world=(5.4, 0.0, -2.4) screen=(1047.293, 368.0158)
[Dev] interact Shaman world=(-5.6, 0.0, 0.4) screen=(408.5833, 148.8999)
[Dev] interact Elder world=(2.0, 0.0, -5.6) screen=(1038.037, 191.6542)
[Dev] interact Jumo world=(7.1, 0.0, -1.4) screen=(1079.692, 440.1637)
[Dev] interact Waypoint world=(-4.2, 0.0, 2.2) screen=(390.0698, 234.4085)
E2E ▶ skill_then_attack
[Dungeon] heukrang_gul 1층 lv=2 seed=403727558 gen 64x64 rooms=6 up=(44, 56) down=(7, 23) enemies=20 roster=bandit,bat,talisman_master elites=["방2:금색×3(깊이 0.50)"] named=-
[Quest] heukrang_gul 1층 — 싹쓸이 셈 시작 20 (heukrang_clear:none)
[Audio] BGM dungeon → dungeon_2.ogg
[Save] level 흑랑 굴 1층 → user://save_e2e.json (C:/Users/FORYOUCOM/AppData/Roaming/Godot/app_userdata/Joseon Hunters/wt/codex-554-item-window-contract/save_e2e.json)
[Dev] stairs StairsUp dir=-1 world=(44.5, 0.0, 56.5) screen=(593.7165, 335.9509)
[Dev] stairs StairsDown dir=1 world=(7.5, 0.0, 23.5) screen=(408.583, -1534.551)
[Dev] interact PusJar world=(29.5, 0.0, 42.5) screen=(547.433, -487.0705)
[Dev] interact @Area3D@23556 world=(14.5, 0.0, 24.5) screen=(686.2831, -1368.878)
[Dev] interact @Area3D@23557 world=(23.5, 0.0, 18.5) screen=(1380.534, -1288.714)
[Dev] interact LootChest world=(29.5, 0.0, 39.5) screen=(686.2831, -567.2349)
[Dev] interact @Area3D@23558 world=(40.5, 0.0, 38.5) screen=(1241.683, -300.0204)
[Dev] interact LootPot world=(21.5, 0.0, 43.5) screen=(130.8828, -674.1207)
[Dev] interact @Area3D@23559 world=(22.5, 0.0, 44.5) screen=(130.8829, -620.6779)
[Dev] interact @Area3D@23560 world=(19.5, 0.0, 9.5) screen=(1611.95, -1636.093)
[Dev] interact @Area3D@23561 world=(20.5, 0.0, 9.5) screen=(1658.234, -1609.372)
[Dev] interact @Area3D@23562 world=(44.5, 0.0, 51.5) screen=(825.1333, 154.2443)
[Dev] interact @Area3D@23563 world=(44.5, 0.0, 52.5) screen=(778.8499, 180.9657)
[Dev] interact @Area3D@23564 world=(21.5, 0.0, 39.5) screen=(316.0163, -781.0065)
[Dev] removed 20 enemies
[Skill] 참격 → mp 46/50
  · ① 참격: 시전 → 다음 평타 1.33초 (동작 1.33초) · 그 사이 클립 ["skill_strike"] · 평타가 시작될 때 skill_strike 95% 돎 · 다음 평타 attack2
[Skill] 회오리베기 → mp 42/50
  · ② 회오리: 시전 → 다음 평타 1.17초 (동작 1.15초) · 그 사이 클립 ["skill_whirl"] · 평타가 시작될 때 skill_whirl 95% 돎 · 다음 평타 attack2
[Skill] 돌진베기 → mp 44/50
  · ③ 돌진베기: 시전 → 다음 평타 1.75초 (동작 1.74초) · 그 사이 클립 ["skill_leap"] · 평타가 시작될 때 skill_leap 96% 돎 · 다음 평타 attack
[Talisman] 화염부 → 적 (23.7, 0.0, 49.5) (배율 1.20 · 아낌 false · 흩뿌리기 {  })
  · ④ 부적: 시전 → 다음 평타 0.80초 (동작 0.80초) · 그 사이 클립 ["cast"] · 평타가 시작될 때 cast 99% 돎 · 다음 평타 attack2
E2E skill_then_attack PASS (검사 64)
[Audio] BGM town → town.ogg
[Save] level 못골 마을 → user://save_e2e.json (C:/Users/FORYOUCOM/AppData/Roaming/Godot/app_userdata/Joseon Hunters/wt/codex-554-item-window-contract/save_e2e.json)
[Dev] stairs DungeonEntrance dir=1 world=(0.0, 0.0, -31.0) screen=(2121.067, -492.4143)
[Dev] interact Merchant world=(5.4, 0.0, -2.4) screen=(1047.293, 368.0158)
[Dev] interact Shaman world=(-5.6, 0.0, 0.4) screen=(408.5833, 148.8999)
[Dev] interact Elder world=(2.0, 0.0, -5.6) screen=(1038.037, 191.6542)
[Dev] interact Jumo world=(7.1, 0.0, -1.4) screen=(1079.692, 440.1637)
[Dev] interact Waypoint world=(-4.2, 0.0, 2.2) screen=(390.0698, 234.4085)
E2E ▶ anim_commit
[Dungeon] heukrang_gul 1층 lv=2 seed=403727558 gen 64x64 rooms=6 up=(44, 56) down=(7, 23) enemies=20 roster=bandit,bat,talisman_master elites=["방2:금색×3(깊이 0.50)"] named=-
[Quest] heukrang_gul 1층 — 싹쓸이 셈 시작 20 (heukrang_clear:none)
[Audio] BGM dungeon → dungeon_1.ogg
[Save] level 흑랑 굴 1층 → user://save_e2e.json (C:/Users/FORYOUCOM/AppData/Roaming/Godot/app_userdata/Joseon Hunters/wt/codex-554-item-window-contract/save_e2e.json)
[Dev] stairs StairsUp dir=-1 world=(44.5, 0.0, 56.5) screen=(593.7165, 335.9509)
[Dev] stairs StairsDown dir=1 world=(7.5, 0.0, 23.5) screen=(408.583, -1534.551)
[Dev] interact PusJar world=(29.5, 0.0, 42.5) screen=(547.433, -487.0705)
[Dev] interact @Area3D@23915 world=(14.5, 0.0, 24.5) screen=(686.2831, -1368.878)
[Dev] interact @Area3D@23916 world=(23.5, 0.0, 18.5) screen=(1380.534, -1288.714)
[Dev] interact LootChest world=(29.5, 0.0, 39.5) screen=(686.2831, -567.2349)
[Dev] interact @Area3D@23917 world=(40.5, 0.0, 38.5) screen=(1241.683, -300.0204)
[Dev] interact LootPot world=(21.5, 0.0, 43.5) screen=(130.8828, -674.1207)
[Dev] interact @Area3D@23918 world=(22.5, 0.0, 44.5) screen=(130.8829, -620.6779)
[Dev] interact @Area3D@23919 world=(19.5, 0.0, 9.5) screen=(1611.95, -1636.093)
[Dev] interact @Area3D@23920 world=(20.5, 0.0, 9.5) screen=(1658.234, -1609.372)
[Dev] interact @Area3D@23921 world=(44.5, 0.0, 51.5) screen=(825.1333, 154.2443)
[Dev] interact @Area3D@23922 world=(44.5, 0.0, 52.5) screen=(778.8499, 180.9657)
[Dev] interact @Area3D@23923 world=(21.5, 0.0, 39.5) screen=(316.0163, -781.0065)
[Dev] removed 20 enemies
  · 무대 = 방 가운데 (22.5, 0.0, 49.5) · 적 쪽 (1.0, 0.0, 0.0)(트임 6.0) · 땅 클릭 (19.5, 0.0, 49.5) · 먼 적 (22.5, 0.0, 53.5)
[Skill] 참격 → mp 46/50
[Skill] 회오리베기 → mp 42/50
[Skill] 돌진베기 → mp 44/50
[Skill] 찌르기 → mp 45/50
[Skill] 도약 베기 → mp 41/50
[Click] world=(19.50007, 0.0, 49.50007) cell=(19, 49)
  · 땅 클릭 (휘두름 시작 + 0.055초 · 칼이 닿기 0.215초 전 · 누를 때 클립 attack): 0.15초 뒤 0.00유닛 움직임 · 클립 attack · 그 칼 맞음 (피해 틱 0.272초) · 동작 끝(시작 + 0.600초)까지 0.00유닛 · 끝나고 0.1초 뒤 클립 run · 첫 걸음 = 클릭 뒤 +0.557초(동작 끝 = 클릭 뒤 0.557초) · 끝나고 1.5초 뒤 클릭 자리까지 0.13유닛
[Click] world=(22.5, 0.0, 53.5) cell=(22, 53)
[Click] world=(22.5, 0.0, 53.5) cell=(22, 53)
[Click] world=(22.5, 0.0, 53.5) cell=(22, 53)
  · 먼 적 클릭(4.0유닛 옆) (휘두름 시작 + 0.055초 · 칼이 닿기 0.215초 전 · 누를 때 클립 attack): 0.15초 뒤 0.00유닛 움직임 · 클립 attack · 그 칼 맞음 (피해 틱 0.270초) · 동작 끝(시작 + 0.600초)까지 0.00유닛 · 끝나고 0.1초 뒤 클립 run · 첫 걸음 = 클릭 뒤 +0.569초(동작 끝 = 클릭 뒤 0.549초) · 끝나고 1.5초 뒤 먼 적까지 1.53유닛 · 먼 적 피해 2번 · 타깃 = 먼 적
[Skill] 참격 → mp 46/50
  · 평타 중 참격 (평타 attack 시작 + 0.042초 = 칼 닿기 0.228초 전 우클릭): 평타 클립이 돈 창 0.599초(동작 0.60) · skill_strike 시작 = 우클릭 +0.557초 · 이 사이 피해(맞을 때 클립 · 우클릭 기준) ["attack 45% @ 우클릭 +0.229초", "skill_strike 46% @ 우클릭 +1.164초"] · 평타: attack attack: 동작 0.60초 · 예약 피해 0.270초 · 피해 틱 0.270초(클립 45.0%) · 칼끝 최고속 0.267초(클립 44.5%, 274.9 u/s) · 차이(피해 − 최고속) +0.003초 = +0.2틱 · 피해 틱 칼끝 100% · [뾰족1.1%] 90% 이상 프레임 [0] · 곡선 53 96 171 218 [275] 0 0 0 0 0 0 0 0 0 0 153 110 82 · 곁들이(피해 틱 기준 초) 타격 소리 +0.000 · 먹 튐 +0.000 · 도장 — · 반달·고리 — · 검광 끝 +0.156 · 참격 skill_strike: 동작 1.33초 · 예약 피해 0.600초 · 피해 틱 0.607초(클립 45.5%) · 칼끝 최고속 0.597초(클립 44.7%, 115.1 u/s) · 차이(피해 − 최고속) +0.010초 = +0.6틱 · 피해 틱 칼끝 51% · [뾰족1.0%] 90% 이상 프레임 [-2, -1] · 곡선 79 80 113 115 [58] 0 0 0 0 0 0 0 0 0 0 62 46 34 · 곁들이(피해 틱 기준 초) 타격 소리 +0.000 · 먹 튐 +0.000 · 도장 +0.000 · 반달·고리 -0.041 · 검광 끝 +0.145
  · 피격 중 평타: 맞음 1 · 맞은 뒤 클립 attack · 평타 attack: 동작 0.60초 · 예약 피해 0.270초 · 피해 틱 0.273초(클립 45.4%) · 칼끝 최고속 0.269초(클립 44.9%, 249.9 u/s) · 차이(피해 − 최고속) +0.003초 = +0.2틱 · 피해 틱 칼끝 100% · [평평2.0%] 90% 이상 프레임 [-1, 0] · 곡선 61 130 192 229 [250] 0 0 0 0 0 0 0 0 0 0 147 97 75 · 곁들이(피해 틱 기준 초) 타격 소리 +0.000 · 먹 튐 +0.000 · 도장 — · 반달·고리 — · 검광 끝 +0.154
[Skill] 참격 → mp 46/50
  · 피격 중 참격: 맞음 1 · 맞은 뒤 클립 skill_strike · 참격 skill_strike: 동작 1.33초 · 예약 피해 0.600초 · 피해 틱 0.602초(클립 45.2%) · 칼끝 최고속 0.592초(클립 44.4%, 114.3 u/s) · 차이(피해 − 최고속) +0.010초 = +0.6틱 · 피해 틱 칼끝 86% · [뾰족0.5%] 90% 이상 프레임 [-1] · 곡선 93 73 94 114 [98] 0 0 0 0 0 0 0 0 0 0 59 65 38 · 곁들이(피해 틱 기준 초) 타격 소리 +0.000 · 먹 튐 +0.000 · 도장 +0.000 · 반달·고리 -0.042 · 검광 끝 +0.160
[Click] world=(19.50014, 0.0, 49.50015) cell=(19, 49)
[Click] world=(18.64379, 0.0, 49.50023) cell=(18, 49)
[Click] world=(18.1048, 0.0, 49.50023) cell=(18, 49)
[Click] world=(17.58202, 0.0, 49.50023) cell=(17, 49)
[Click] world=(17.05949, 0.0, 49.50023) cell=(17, 49)
[Click] world=(16.50854, 0.0, 49.50023) cell=(16, 49)
[Click] world=(15.98296, 0.0, 49.50023) cell=(15, 49)
[Click] world=(15.45971, 0.0, 49.50023) cell=(15, 49)
[Click] world=(14.90857, 0.0, 49.50023) cell=(14, 49)
[Click] world=(14.38295, 0.0, 49.50023) cell=(14, 49)
[Click] world=(13.8597, 0.0, 49.50023) cell=(13, 49)
[Click] world=(13.30855, 0.0, 49.50023) cell=(13, 49)
[Click] world=(12.84207, 0.0, 49.50023) cell=(12, 49)
  · 누른 채 땅 (휘두름 시작 + 0.048초 · 칼이 닿기 0.222초 전 · 누를 때 클립 attack): 0.15초 뒤 0.00유닛 움직임 · 클립 attack · 그 칼 맞음 (피해 틱 0.273초) · 동작 끝(시작 + 0.600초)까지 0.00유닛 · 끝나고 0.1초 뒤 클립 run · 첫 걸음 = 클릭 뒤 +0.557초(동작 끝 = 클릭 뒤 0.557초) · 끝나고 1.5초 뒤 누른 자리까지 3.87유닛
  · 표 — 행마다: 동작 길이 · 예약 피해(impact_frac × 동작) · 피해 틱(시작 뒤 초 · 클립 %) · 칼끝 최고속(시작 뒤 초 · 클립 % · Visual 공간 u/s) · 차이(피해 − 최고속, 초 · 60Hz 틱) · 피해 틱 칼끝 속도 ÷ 최고속 · 90% 이상 프레임(피해 프레임 기준) · 칼끝 곡선(u/s, [피해 프레임]) · 곁들이(피해 틱 기준 초)
  · 평타1 attack: 동작 0.60초 · 예약 피해 0.270초 · 피해 틱 0.274초(클립 45.7%) · 칼끝 최고속 0.264초(클립 44.1%, 252.0 u/s) · 차이(피해 − 최고속) +0.010초 = +0.6틱 · 피해 틱 칼끝 83% · [뾰족1.0%] 90% 이상 프레임 [-1] · 곡선 71 149 203 252 [209] 0 0 0 0 0 0 0 0 0 0 132 91 69 · 곁들이(피해 틱 기준 초) 타격 소리 +0.000 · 먹 튐 +0.000 · 도장 — · 반달·고리 — · 검광 끝 +0.147
  · 평타2 attack2: 동작 0.60초 · 예약 피해 0.276초 · 피해 틱 0.283초(클립 47.1%) · 칼끝 최고속 0.272초(클립 45.4%, 132.3 u/s) · 차이(피해 − 최고속) +0.010초 = +0.6틱 · 피해 틱 칼끝 78% · [뾰족1.0%] 90% 이상 프레임 [-1] · 곡선 52 81 115 132 [103] 0 0 0 0 0 0 0 0 0 0 97 59 42 · 곁들이(피해 틱 기준 초) 타격 소리 +0.000 · 먹 튐 +0.000 · 도장 — · 반달·고리 — · 검광 끝 +0.145
  · 평타3 attack3: 동작 0.60초 · 예약 피해 0.270초 · 피해 틱 0.276초(클립 46.0%) · 칼끝 최고속 0.265초(클립 44.2%, 170.4 u/s) · 차이(피해 − 최고속) +0.010초 = +0.6틱 · 피해 틱 칼끝 72% · [뾰족1.0%] 90% 이상 프레임 [-1] · 곡선 41 71 138 170 [123] 0 0 0 0 0 0 0 0 0 0 100 81 53 · 곁들이(피해 틱 기준 초) 타격 소리 +0.000 · 먹 튐 +0.000 · 도장 — · 반달·고리 — · 검광 끝 +0.145
  · 참격 skill_strike: 동작 1.33초 · 예약 피해 0.600초 · 피해 틱 0.606초(클립 45.4%) · 칼끝 최고속 0.595초(클립 44.6%, 115.1 u/s) · 차이(피해 − 최고속) +0.010초 = +0.6틱 · 피해 틱 칼끝 59% · [뾰족1.0%] 90% 이상 프레임 [-2, -1] · 곡선 83 72 113 115 [68] 0 0 0 0 0 0 0 0 0 0 61 52 34 · 곁들이(피해 틱 기준 초) 타격 소리 +0.000 · 먹 튐 +0.000 · 도장 +0.000 · 반달·고리 -0.041 · 검광 끝 +0.152
  · 회오리베기 skill_whirl: 동작 1.15초 · 예약 피해 0.450초 · 피해 틱 0.451초(클립 39.2%) · 칼끝 최고속 0.448초(클립 38.9%, 84.4 u/s) · 차이(피해 − 최고속) +0.003초 = +0.2틱 · 피해 틱 칼끝 100% · [뾰족1.2%] 90% 이상 프레임 [-1, 0] · 곡선 45 61 72 79 [84] 0 0 0 0 0 0 0 0 0 0 71 70 68 · 곁들이(피해 틱 기준 초) 타격 소리 +0.000 · 먹 튐 +0.000 · 도장 +0.000 · 반달·고리 -0.035 · 검광 끝 +0.160
  · 돌진베기 skill_leap: 동작 1.74초 · 예약 피해 0.548초 · 피해 틱 0.554초(클립 31.8%) · 칼끝 최고속 0.544초(클립 31.3%, 111.2 u/s) · 차이(피해 − 최고속) +0.010초 = +0.6틱 · 피해 틱 칼끝 69% · [뾰족0.4%] 90% 이상 프레임 [-1] · 곡선 33 43 81 111 [77] 0 0 0 0 0 0 0 0 0 0 65 59 44 · 곁들이(피해 틱 기준 초) 타격 소리 +0.000 · 먹 튐 +0.000 · 도장 +0.000 · 반달·고리 — · 검광 끝 +0.156 · 몸 5.0유닛 이동 — 이동 끝 0.554초 · 도착 0.554초 · 적 곁을 지난 때 0.414초(피해 틱은 그 +0.140초 뒤)
  · 찌르기 skill_thrust: 동작 0.63초 · 예약 피해 0.322초 · 피해 틱 0.323초(클립 51.0%) · 칼끝 최고속 0.319초(클립 50.5%, 84.2 u/s) · 차이(피해 − 최고속) +0.003초 = +0.2틱 · 피해 틱 칼끝 100% · [뾰족1.1%] 90% 이상 프레임 [0] · 곡선 48 47 48 61 [84] 0 0 0 0 0 0 0 0 0 0 45 36 28 · 곁들이(피해 틱 기준 초) 타격 소리 +0.000 · 먹 튐 +0.000 · 도장 +0.000 · 반달·고리 — · 검광 끝 +0.159
  · 도약 베기 skill_leap: 동작 1.74초 · 예약 피해 0.548초 · 피해 틱 0.554초(클립 31.9%) · 칼끝 최고속 0.544초(클립 31.3%, 110.8 u/s) · 차이(피해 − 최고속) +0.010초 = +0.6틱 · 피해 틱 칼끝 69% · [뾰족0.4%] 90% 이상 프레임 [-1] · 곡선 30 42 77 111 [76] 0 0 0 0 0 0 0 0 0 0 65 57 44 · 곁들이(피해 틱 기준 초) 타격 소리 +0.000 · 먹 튐 +0.000 · 도장 +0.000 · 반달·고리 — · 검광 끝 +0.153
  · 평타 중 참격 skill_strike: 동작 1.33초 · 예약 피해 0.600초 · 피해 틱 0.607초(클립 45.5%) · 칼끝 최고속 0.597초(클립 44.7%, 115.1 u/s) · 차이(피해 − 최고속) +0.010초 = +0.6틱 · 피해 틱 칼끝 51% · [뾰족1.0%] 90% 이상 프레임 [-2, -1] · 곡선 79 80 113 115 [58] 0 0 0 0 0 0 0 0 0 0 62 46 34 · 곁들이(피해 틱 기준 초) 타격 소리 +0.000 · 먹 튐 +0.000 · 도장 +0.000 · 반달·고리 -0.041 · 검광 끝 +0.145
  · 그림 프레임 간격 가운데 0.0069초 · 가장 긴 0.1298초 (4300프레임)
E2E anim_commit PASS (검사 65)
[Audio] BGM town → town.ogg
[Save] level 못골 마을 → user://save_e2e.json (C:/Users/FORYOUCOM/AppData/Roaming/Godot/app_userdata/Joseon Hunters/wt/codex-554-item-window-contract/save_e2e.json)
[Dev] stairs DungeonEntrance dir=1 world=(0.0, 0.0, -31.0) screen=(2121.067, -492.4143)
[Dev] interact Merchant world=(5.4, 0.0, -2.4) screen=(1047.293, 368.0158)
[Dev] interact Shaman world=(-5.6, 0.0, 0.4) screen=(408.5833, 148.8999)
[Dev] interact Elder world=(2.0, 0.0, -5.6) screen=(1038.037, 191.6542)
[Dev] interact Jumo world=(7.1, 0.0, -1.4) screen=(1079.692, 440.1637)
[Dev] interact Waypoint world=(-4.2, 0.0, 2.2) screen=(390.0698, 234.4085)
E2E ▶ invisible_sword
[Dungeon] heukrang_gul 1층 lv=2 seed=403727558 gen 64x64 rooms=6 up=(44, 56) down=(7, 23) enemies=20 roster=bandit,bat,talisman_master elites=["방2:금색×3(깊이 0.50)"] named=-
[Quest] heukrang_gul 1층 — 싹쓸이 셈 시작 20 (heukrang_clear:none)
[Audio] BGM dungeon → dungeon_3.ogg
[Save] level 흑랑 굴 1층 → user://save_e2e.json (C:/Users/FORYOUCOM/AppData/Roaming/Godot/app_userdata/Joseon Hunters/wt/codex-554-item-window-contract/save_e2e.json)
[Dev] stairs StairsUp dir=-1 world=(44.5, 0.0, 56.5) screen=(593.7165, 335.9509)
[Dev] stairs StairsDown dir=1 world=(7.5, 0.0, 23.5) screen=(408.583, -1534.551)
[Dev] interact PusJar world=(29.5, 0.0, 42.5) screen=(547.433, -487.0705)
[Dev] interact @Area3D@24280 world=(14.5, 0.0, 24.5) screen=(686.2831, -1368.878)
[Dev] interact @Area3D@24281 world=(23.5, 0.0, 18.5) screen=(1380.534, -1288.714)
[Dev] interact LootChest world=(29.5, 0.0, 39.5) screen=(686.2831, -567.2349)
[Dev] interact @Area3D@24282 world=(40.5, 0.0, 38.5) screen=(1241.683, -300.0204)
[Dev] interact LootPot world=(21.5, 0.0, 43.5) screen=(130.8828, -674.1207)
[Dev] interact @Area3D@24283 world=(22.5, 0.0, 44.5) screen=(130.8829, -620.6779)
[Dev] interact @Area3D@24284 world=(19.5, 0.0, 9.5) screen=(1611.95, -1636.093)
[Dev] interact @Area3D@24285 world=(20.5, 0.0, 9.5) screen=(1658.234, -1609.372)
[Dev] interact @Area3D@24286 world=(44.5, 0.0, 51.5) screen=(825.1333, 154.2443)
[Dev] interact @Area3D@24287 world=(44.5, 0.0, 52.5) screen=(778.8499, 180.9657)
[Dev] interact @Area3D@24288 world=(21.5, 0.0, 39.5) screen=(316.0163, -781.0065)
[Dev] removed 20 enemies
[Skill] 참격 → mp 46/50
[Skill] 참격 → mp 44/50
[Skill] 참격 → mp 42/50
[Skill] 참격 → mp 40/50
  · ① 순서(시작 뒤 초) 평타 0.00 → 참격 0.60 → 평타 1.93 → 참격 2.53 → 평타 3.87 → 참격 4.47 → 평타 5.80 → 참격 6.40
[Skill] 참격 → mp 46/50
[Skill] 참격 → mp 46/50
[Skill] 돌진베기 → mp 44/50
[Kill] +6 xp (lv 1, 6/20)
[Skill] 회오리베기 → mp 42/50
[Dungeon] heukrang_gul 1층 lv=2 seed=403727558 gen 64x64 rooms=6 up=(44, 56) down=(7, 23) enemies=20 roster=bandit,bat,talisman_master elites=["방2:금색×3(깊이 0.50)"] named=-
[Quest] heukrang_gul 1층 — 싹쓸이 셈 시작 21 (heukrang_clear:none)
[Save] level 흑랑 굴 1층 → user://save_e2e.json (C:/Users/FORYOUCOM/AppData/Roaming/Godot/app_userdata/Joseon Hunters/wt/codex-554-item-window-contract/save_e2e.json)
[Dev] stairs StairsUp dir=-1 world=(44.5, 0.0, 56.5) screen=(593.7165, 335.9509)
[Dev] stairs StairsDown dir=1 world=(7.5, 0.0, 23.5) screen=(408.583, -1534.551)
[Dev] interact PusJar world=(29.5, 0.0, 42.5) screen=(547.433, -487.0705)
[Dev] interact @Area3D@24480 world=(14.5, 0.0, 24.5) screen=(686.2831, -1368.878)
[Dev] interact @Area3D@24481 world=(23.5, 0.0, 18.5) screen=(1380.534, -1288.714)
[Dev] interact LootChest world=(29.5, 0.0, 39.5) screen=(686.2831, -567.2349)
[Dev] interact @Area3D@24482 world=(40.5, 0.0, 38.5) screen=(1241.683, -300.0204)
[Dev] interact LootPot world=(21.5, 0.0, 43.5) screen=(130.8828, -674.1207)
[Dev] interact @Area3D@24483 world=(22.5, 0.0, 44.5) screen=(130.8829, -620.6779)
[Dev] interact @Area3D@24484 world=(19.5, 0.0, 9.5) screen=(1611.95, -1636.093)
[Dev] interact @Area3D@24485 world=(20.5, 0.0, 9.5) screen=(1658.234, -1609.372)
[Dev] interact @Area3D@24486 world=(44.5, 0.0, 51.5) screen=(825.1333, 154.2443)
[Dev] interact @Area3D@24487 world=(44.5, 0.0, 52.5) screen=(778.8499, 180.9657)
[Dev] interact @Area3D@24488 world=(21.5, 0.0, 39.5) screen=(316.0163, -781.0065)
  · ④ 옛 자리 ↔ 새 자리 24.0유닛 · 층 이동 뒤 피해 0 (옛 자리 허수아비 0) · 곁들이 []
[Dev] removed 21 enemies
[Dev] interact Portal world=(23.5, 0.0, 49.5) screen=(686.2831, 338.775)
[Portal] opened heukrang_gul 1층 pos=(23.5, 0.0, 49.5)
[Click] world=(23.5, 0.0, 49.5) cell=(23, 49)
[Dev] interact Portal world=(-1.2, 0.0, 2.4) screen=(579.8315, 279.835)
[Audio] BGM town → town.ogg
[Save] level 못골 마을 → user://save_e2e.json (C:/Users/FORYOUCOM/AppData/Roaming/Godot/app_userdata/Joseon Hunters/wt/codex-554-item-window-contract/save_e2e.json)
[Portal] travel → motgol 0층 portal={ "area": &"heukrang_gul", "floor": 1, "pos": (23.5, 0.0, 49.5), "returned": false }
[Dev] stairs DungeonEntrance dir=1 world=(0.0, 0.0, -31.0) screen=(2181.236, -532.4963)
[Dev] interact Merchant world=(5.4, 0.0, -2.4) screen=(1107.462, 327.9336)
[Dev] interact Shaman world=(-5.6, 0.0, 0.4) screen=(468.7516, 108.8176)
[Dev] interact Elder world=(2.0, 0.0, -5.6) screen=(1098.205, 151.572)
[Dev] interact Jumo world=(7.1, 0.0, -1.4) screen=(1139.86, 400.0815)
[Dev] interact Waypoint world=(-4.2, 0.0, 2.2) screen=(450.2382, 194.3264)
[Dev] interact Portal world=(-1.2, 0.0, 2.4) screen=(579.8315, 279.835)
[Save] level 못골 마을 → user://save_e2e.json (C:/Users/FORYOUCOM/AppData/Roaming/Godot/app_userdata/Joseon Hunters/wt/codex-554-item-window-contract/save_e2e.json)
[Dev] stairs DungeonEntrance dir=1 world=(0.0, 0.0, -31.0) screen=(2121.067, -492.4143)
[Dev] interact Merchant world=(5.4, 0.0, -2.4) screen=(1047.293, 368.0158)
[Dev] interact Shaman world=(-5.6, 0.0, 0.4) screen=(408.5833, 148.8999)
[Dev] interact Elder world=(2.0, 0.0, -5.6) screen=(1038.037, 191.6542)
[Dev] interact Jumo world=(7.1, 0.0, -1.4) screen=(1079.692, 440.1637)
[Dev] interact Waypoint world=(-4.2, 0.0, 2.2) screen=(390.0698, 234.4085)
[Dungeon] heukrang_gul 1층 lv=2 seed=403727558 gen 64x64 rooms=6 up=(44, 56) down=(7, 23) enemies=20 roster=bandit,bat,talisman_master elites=["방2:금색×3(깊이 0.50)"] named=-
[Quest] heukrang_gul 1층 — 싹쓸이 셈 시작 20 (heukrang_clear:none)
[Audio] BGM dungeon → dungeon_4.ogg
[Save] level 흑랑 굴 1층 → user://save_e2e.json (C:/Users/FORYOUCOM/AppData/Roaming/Godot/app_userdata/Joseon Hunters/wt/codex-554-item-window-contract/save_e2e.json)
[Dev] stairs StairsUp dir=-1 world=(44.5, 0.0, 56.5) screen=(593.7165, 335.9509)
[Dev] stairs StairsDown dir=1 world=(7.5, 0.0, 23.5) screen=(408.583, -1534.551)
[Dev] interact PusJar world=(29.5, 0.0, 42.5) screen=(547.433, -487.0705)
[Dev] interact @Area3D@24993 world=(14.5, 0.0, 24.5) screen=(686.2831, -1368.878)
[Dev] interact @Area3D@24994 world=(23.5, 0.0, 18.5) screen=(1380.534, -1288.714)
[Dev] interact LootChest world=(29.5, 0.0, 39.5) screen=(686.2831, -567.2349)
[Dev] interact @Area3D@24995 world=(40.5, 0.0, 38.5) screen=(1241.683, -300.0204)
[Dev] interact LootPot world=(21.5, 0.0, 43.5) screen=(130.8828, -674.1207)
[Dev] interact @Area3D@24996 world=(22.5, 0.0, 44.5) screen=(130.8829, -620.6779)
[Dev] interact @Area3D@24997 world=(19.5, 0.0, 9.5) screen=(1611.95, -1636.093)
[Dev] interact @Area3D@24998 world=(20.5, 0.0, 9.5) screen=(1658.234, -1609.372)
[Dev] interact @Area3D@24999 world=(44.5, 0.0, 51.5) screen=(825.1333, 154.2443)
[Dev] interact @Area3D@25000 world=(44.5, 0.0, 52.5) screen=(778.8499, 180.9657)
[Dev] interact @Area3D@25001 world=(21.5, 0.0, 39.5) screen=(316.0163, -781.0065)
[Dev] removed 20 enemies
[Skill] 회오리베기 → mp 42/50
[Audio] BGM town → town.ogg
[Save] level 못골 마을 → user://save_e2e.json (C:/Users/FORYOUCOM/AppData/Roaming/Godot/app_userdata/Joseon Hunters/wt/codex-554-item-window-contract/save_e2e.json)
[Dev] stairs DungeonEntrance dir=1 world=(0.0, 0.0, -31.0) screen=(2121.067, -492.4143)
[Dev] interact Merchant world=(5.4, 0.0, -2.4) screen=(1047.293, 368.0158)
[Dev] interact Shaman world=(-5.6, 0.0, 0.4) screen=(408.5833, 148.8999)
[Dev] interact Elder world=(2.0, 0.0, -5.6) screen=(1038.037, 191.6542)
[Dev] interact Jumo world=(7.1, 0.0, -1.4) screen=(1079.692, 440.1637)
[Dev] interact Waypoint world=(-4.2, 0.0, 2.2) screen=(390.0698, 234.4085)
[Save] level 못골 마을 → user://save_e2e.json (C:/Users/FORYOUCOM/AppData/Roaming/Godot/app_userdata/Joseon Hunters/wt/codex-554-item-window-contract/save_e2e.json)
[Dev] stairs DungeonEntrance dir=1 world=(0.0, 0.0, -31.0) screen=(2121.067, -492.4143)
[Dev] interact Merchant world=(5.4, 0.0, -2.4) screen=(1047.293, 368.0158)
[Dev] interact Shaman world=(-5.6, 0.0, 0.4) screen=(408.5833, 148.8999)
[Dev] interact Elder world=(2.0, 0.0, -5.6) screen=(1038.037, 191.6542)
[Dev] interact Jumo world=(7.1, 0.0, -1.4) screen=(1079.692, 440.1637)
[Dev] interact Waypoint world=(-4.2, 0.0, 2.2) screen=(390.0698, 234.4085)
[Dungeon] heukrang_gul 1층 lv=2 seed=403727558 gen 64x64 rooms=6 up=(44, 56) down=(7, 23) enemies=20 roster=bandit,bat,talisman_master elites=["방2:금색×3(깊이 0.50)"] named=-
[Quest] heukrang_gul 1층 — 싹쓸이 셈 시작 20 (heukrang_clear:none)
[Audio] BGM dungeon → dungeon_1.ogg
[Save] level 흑랑 굴 1층 → user://save_e2e.json (C:/Users/FORYOUCOM/AppData/Roaming/Godot/app_userdata/Joseon Hunters/wt/codex-554-item-window-contract/save_e2e.json)
[Dev] stairs StairsUp dir=-1 world=(44.5, 0.0, 56.5) screen=(593.7165, 335.9509)
[Dev] stairs StairsDown dir=1 world=(7.5, 0.0, 23.5) screen=(408.583, -1534.551)
[Dev] interact PusJar world=(29.5, 0.0, 42.5) screen=(547.433, -487.0705)
[Dev] interact @Area3D@25504 world=(14.5, 0.0, 24.5) screen=(686.2831, -1368.878)
[Dev] interact @Area3D@25505 world=(23.5, 0.0, 18.5) screen=(1380.534, -1288.714)
[Dev] interact LootChest world=(29.5, 0.0, 39.5) screen=(686.2831, -567.2349)
[Dev] interact @Area3D@25506 world=(40.5, 0.0, 38.5) screen=(1241.683, -300.0204)
[Dev] interact LootPot world=(21.5, 0.0, 43.5) screen=(130.8828, -674.1207)
[Dev] interact @Area3D@25507 world=(22.5, 0.0, 44.5) screen=(130.8829, -620.6779)
[Dev] interact @Area3D@25508 world=(19.5, 0.0, 9.5) screen=(1611.95, -1636.093)
[Dev] interact @Area3D@25509 world=(20.5, 0.0, 9.5) screen=(1658.234, -1609.372)
[Dev] interact @Area3D@25510 world=(44.5, 0.0, 51.5) screen=(825.1333, 154.2443)
[Dev] interact @Area3D@25511 world=(44.5, 0.0, 52.5) screen=(778.8499, 180.9657)
[Dev] interact @Area3D@25512 world=(21.5, 0.0, 39.5) screen=(316.0163, -781.0065)
[Dev] removed 20 enemies
[Death] 도호 사망 → 1.2s 뒤 마을 복귀, 엽전 -0
  · ② 평타 — 시작 뒤 0.22초에 쓰러짐 · 그 전 피해 0 · 뒤 피해 0 · 뒤 곁들이 []
[Audio] BGM town → town.ogg
[Save] level 못골 마을 → user://save_e2e.json (C:/Users/FORYOUCOM/AppData/Roaming/Godot/app_userdata/Joseon Hunters/wt/codex-554-item-window-contract/save_e2e.json)
[Dev] stairs DungeonEntrance dir=1 world=(0.0, 0.0, -31.0) screen=(2121.067, -492.4143)
[Dev] interact Merchant world=(5.4, 0.0, -2.4) screen=(1047.293, 368.0158)
[Dev] interact Shaman world=(-5.6, 0.0, 0.4) screen=(408.5833, 148.8999)
[Dev] interact Elder world=(2.0, 0.0, -5.6) screen=(1038.037, 191.6542)
[Dev] interact Jumo world=(7.1, 0.0, -1.4) screen=(1079.692, 440.1637)
[Dev] interact Waypoint world=(-4.2, 0.0, 2.2) screen=(390.0698, 234.4085)
[Dungeon] heukrang_gul 1층 lv=2 seed=403727558 gen 64x64 rooms=6 up=(44, 56) down=(7, 23) enemies=20 roster=bandit,bat,talisman_master elites=["방2:금색×3(깊이 0.50)"] named=-
[Quest] heukrang_gul 1층 — 싹쓸이 셈 시작 20 (heukrang_clear:none)
[Audio] BGM dungeon → dungeon_4.ogg
[Save] level 흑랑 굴 1층 → user://save_e2e.json (C:/Users/FORYOUCOM/AppData/Roaming/Godot/app_userdata/Joseon Hunters/wt/codex-554-item-window-contract/save_e2e.json)
[Dev] stairs StairsUp dir=-1 world=(44.5, 0.0, 56.5) screen=(593.7165, 335.9509)
[Dev] stairs StairsDown dir=1 world=(7.5, 0.0, 23.5) screen=(408.583, -1534.551)
[Dev] interact PusJar world=(29.5, 0.0, 42.5) screen=(547.433, -487.0705)
[Dev] interact @Area3D@25855 world=(14.5, 0.0, 24.5) screen=(686.2831, -1368.878)
[Dev] interact @Area3D@25856 world=(23.5, 0.0, 18.5) screen=(1380.534, -1288.714)
[Dev] interact LootChest world=(29.5, 0.0, 39.5) screen=(686.2831, -567.2349)
[Dev] interact @Area3D@25857 world=(40.5, 0.0, 38.5) screen=(1241.683, -300.0204)
[Dev] interact LootPot world=(21.5, 0.0, 43.5) screen=(130.8828, -674.1207)
[Dev] interact @Area3D@25858 world=(22.5, 0.0, 44.5) screen=(130.8829, -620.6779)
[Dev] interact @Area3D@25859 world=(19.5, 0.0, 9.5) screen=(1611.95, -1636.093)
[Dev] interact @Area3D@25860 world=(20.5, 0.0, 9.5) screen=(1658.234, -1609.372)
[Dev] interact @Area3D@25861 world=(44.5, 0.0, 51.5) screen=(825.1333, 154.2443)
[Dev] interact @Area3D@25862 world=(44.5, 0.0, 52.5) screen=(778.8499, 180.9657)
[Dev] interact @Area3D@25863 world=(21.5, 0.0, 39.5) screen=(316.0163, -781.0065)
[Dev] removed 20 enemies
[Skill] 참격 → mp 46/50
[Death] 도호 사망 → 1.2s 뒤 마을 복귀, 엽전 -0
  · ② 참격 — 시작 뒤 0.32초에 쓰러짐 · 그 전 피해 0 · 뒤 피해 0 · 뒤 곁들이 []
[Audio] BGM town → town.ogg
[Save] level 못골 마을 → user://save_e2e.json (C:/Users/FORYOUCOM/AppData/Roaming/Godot/app_userdata/Joseon Hunters/wt/codex-554-item-window-contract/save_e2e.json)
[Dev] stairs DungeonEntrance dir=1 world=(0.0, 0.0, -31.0) screen=(2121.067, -492.4143)
[Dev] interact Merchant world=(5.4, 0.0, -2.4) screen=(1047.293, 368.0158)
[Dev] interact Shaman world=(-5.6, 0.0, 0.4) screen=(408.5833, 148.8999)
[Dev] interact Elder world=(2.0, 0.0, -5.6) screen=(1038.037, 191.6542)
[Dev] interact Jumo world=(7.1, 0.0, -1.4) screen=(1079.692, 440.1637)
[Dev] interact Waypoint world=(-4.2, 0.0, 2.2) screen=(390.0698, 234.4085)
[Dungeon] heukrang_gul 1층 lv=2 seed=403727558 gen 64x64 rooms=6 up=(44, 56) down=(7, 23) enemies=20 roster=bandit,bat,talisman_master elites=["방2:금색×3(깊이 0.50)"] named=-
[Quest] heukrang_gul 1층 — 싹쓸이 셈 시작 20 (heukrang_clear:none)
[Audio] BGM dungeon → dungeon_3.ogg
[Save] level 흑랑 굴 1층 → user://save_e2e.json (C:/Users/FORYOUCOM/AppData/Roaming/Godot/app_userdata/Joseon Hunters/wt/codex-554-item-window-contract/save_e2e.json)
[Dev] stairs StairsUp dir=-1 world=(44.5, 0.0, 56.5) screen=(593.7165, 335.9509)
[Dev] stairs StairsDown dir=1 world=(7.5, 0.0, 23.5) screen=(408.583, -1534.551)
[Dev] interact PusJar world=(29.5, 0.0, 42.5) screen=(547.433, -487.0705)
[Dev] interact @Area3D@26206 world=(14.5, 0.0, 24.5) screen=(686.2831, -1368.878)
[Dev] interact @Area3D@26207 world=(23.5, 0.0, 18.5) screen=(1380.534, -1288.714)
[Dev] interact LootChest world=(29.5, 0.0, 39.5) screen=(686.2831, -567.2349)
[Dev] interact @Area3D@26208 world=(40.5, 0.0, 38.5) screen=(1241.683, -300.0204)
[Dev] interact LootPot world=(21.5, 0.0, 43.5) screen=(130.8828, -674.1207)
[Dev] interact @Area3D@26209 world=(22.5, 0.0, 44.5) screen=(130.8829, -620.6779)
[Dev] interact @Area3D@26210 world=(19.5, 0.0, 9.5) screen=(1611.95, -1636.093)
[Dev] interact @Area3D@26211 world=(20.5, 0.0, 9.5) screen=(1658.234, -1609.372)
[Dev] interact @Area3D@26212 world=(44.5, 0.0, 51.5) screen=(825.1333, 154.2443)
[Dev] interact @Area3D@26213 world=(44.5, 0.0, 52.5) screen=(778.8499, 180.9657)
[Dev] interact @Area3D@26214 world=(21.5, 0.0, 39.5) screen=(316.0163, -781.0065)
[Dev] removed 20 enemies
[Skill] 회오리베기 → mp 42/50
[Death] 도호 사망 → 1.2s 뒤 마을 복귀, 엽전 -0
  · ② 회오리 — 시작 뒤 0.17초에 쓰러짐 · 그 전 피해 0 · 뒤 피해 0 · 뒤 곁들이 []
[Audio] BGM town → town.ogg
[Save] level 못골 마을 → user://save_e2e.json (C:/Users/FORYOUCOM/AppData/Roaming/Godot/app_userdata/Joseon Hunters/wt/codex-554-item-window-contract/save_e2e.json)
[Dev] stairs DungeonEntrance dir=1 world=(0.0, 0.0, -31.0) screen=(2121.067, -492.4143)
[Dev] interact Merchant world=(5.4, 0.0, -2.4) screen=(1047.293, 368.0158)
[Dev] interact Shaman world=(-5.6, 0.0, 0.4) screen=(408.5833, 148.8999)
[Dev] interact Elder world=(2.0, 0.0, -5.6) screen=(1038.037, 191.6542)
[Dev] interact Jumo world=(7.1, 0.0, -1.4) screen=(1079.692, 440.1637)
[Dev] interact Waypoint world=(-4.2, 0.0, 2.2) screen=(390.0698, 234.4085)
[Dungeon] heukrang_gul 1층 lv=2 seed=403727558 gen 64x64 rooms=6 up=(44, 56) down=(7, 23) enemies=20 roster=bandit,bat,talisman_master elites=["방2:금색×3(깊이 0.50)"] named=-
[Quest] heukrang_gul 1층 — 싹쓸이 셈 시작 20 (heukrang_clear:none)
[Audio] BGM dungeon → dungeon_2.ogg
[Save] level 흑랑 굴 1층 → user://save_e2e.json (C:/Users/FORYOUCOM/AppData/Roaming/Godot/app_userdata/Joseon Hunters/wt/codex-554-item-window-contract/save_e2e.json)
[Dev] stairs StairsUp dir=-1 world=(44.5, 0.0, 56.5) screen=(593.7165, 335.9509)
[Dev] stairs StairsDown dir=1 world=(7.5, 0.0, 23.5) screen=(408.583, -1534.551)
[Dev] interact PusJar world=(29.5, 0.0, 42.5) screen=(547.433, -487.0705)
[Dev] interact @Area3D@26557 world=(14.5, 0.0, 24.5) screen=(686.2831, -1368.878)
[Dev] interact @Area3D@26558 world=(23.5, 0.0, 18.5) screen=(1380.534, -1288.714)
[Dev] interact LootChest world=(29.5, 0.0, 39.5) screen=(686.2831, -567.2349)
[Dev] interact @Area3D@26559 world=(40.5, 0.0, 38.5) screen=(1241.683, -300.0204)
[Dev] interact LootPot world=(21.5, 0.0, 43.5) screen=(130.8828, -674.1207)
[Dev] interact @Area3D@26560 world=(22.5, 0.0, 44.5) screen=(130.8829, -620.6779)
[Dev] interact @Area3D@26561 world=(19.5, 0.0, 9.5) screen=(1611.95, -1636.093)
[Dev] interact @Area3D@26562 world=(20.5, 0.0, 9.5) screen=(1658.234, -1609.372)
[Dev] interact @Area3D@26563 world=(44.5, 0.0, 51.5) screen=(825.1333, 154.2443)
[Dev] interact @Area3D@26564 world=(44.5, 0.0, 52.5) screen=(778.8499, 180.9657)
[Dev] interact @Area3D@26565 world=(21.5, 0.0, 39.5) screen=(316.0163, -781.0065)
[Dev] removed 20 enemies
[Skill] 돌진베기 → mp 44/50
[Death] 도호 사망 → 1.2s 뒤 마을 복귀, 엽전 -0
  · ② 돌진 · 떠나기 전 — 시작 뒤 0.12초에 쓰러짐 · 그 전 피해 0 · 뒤 피해 0 · 뒤 곁들이 []
[Audio] BGM town → town.ogg
[Save] level 못골 마을 → user://save_e2e.json (C:/Users/FORYOUCOM/AppData/Roaming/Godot/app_userdata/Joseon Hunters/wt/codex-554-item-window-contract/save_e2e.json)
[Dev] stairs DungeonEntrance dir=1 world=(0.0, 0.0, -31.0) screen=(2121.067, -492.4143)
[Dev] interact Merchant world=(5.4, 0.0, -2.4) screen=(1047.293, 368.0158)
[Dev] interact Shaman world=(-5.6, 0.0, 0.4) screen=(408.5833, 148.8999)
[Dev] interact Elder world=(2.0, 0.0, -5.6) screen=(1038.037, 191.6542)
[Dev] interact Jumo world=(7.1, 0.0, -1.4) screen=(1079.692, 440.1637)
[Dev] interact Waypoint world=(-4.2, 0.0, 2.2) screen=(390.0698, 234.4085)
[Dungeon] heukrang_gul 1층 lv=2 seed=403727558 gen 64x64 rooms=6 up=(44, 56) down=(7, 23) enemies=20 roster=bandit,bat,talisman_master elites=["방2:금색×3(깊이 0.50)"] named=-
[Quest] heukrang_gul 1층 — 싹쓸이 셈 시작 20 (heukrang_clear:none)
[Audio] BGM dungeon → dungeon_1.ogg
[Save] level 흑랑 굴 1층 → user://save_e2e.json (C:/Users/FORYOUCOM/AppData/Roaming/Godot/app_userdata/Joseon Hunters/wt/codex-554-item-window-contract/save_e2e.json)
[Dev] stairs StairsUp dir=-1 world=(44.5, 0.0, 56.5) screen=(593.7165, 335.9509)
[Dev] stairs StairsDown dir=1 world=(7.5, 0.0, 23.5) screen=(408.583, -1534.551)
[Dev] interact PusJar world=(29.5, 0.0, 42.5) screen=(547.433, -487.0705)
[Dev] interact @Area3D@26908 world=(14.5, 0.0, 24.5) screen=(686.2831, -1368.878)
[Dev] interact @Area3D@26909 world=(23.5, 0.0, 18.5) screen=(1380.534, -1288.714)
[Dev] interact LootChest world=(29.5, 0.0, 39.5) screen=(686.2831, -567.2349)
[Dev] interact @Area3D@26910 world=(40.5, 0.0, 38.5) screen=(1241.683, -300.0204)
[Dev] interact LootPot world=(21.5, 0.0, 43.5) screen=(130.8828, -674.1207)
[Dev] interact @Area3D@26911 world=(22.5, 0.0, 44.5) screen=(130.8829, -620.6779)
[Dev] interact @Area3D@26912 world=(19.5, 0.0, 9.5) screen=(1611.95, -1636.093)
[Dev] interact @Area3D@26913 world=(20.5, 0.0, 9.5) screen=(1658.234, -1609.372)
[Dev] interact @Area3D@26914 world=(44.5, 0.0, 51.5) screen=(825.1333, 154.2443)
[Dev] interact @Area3D@26915 world=(44.5, 0.0, 52.5) screen=(778.8499, 180.9657)
[Dev] interact @Area3D@26916 world=(21.5, 0.0, 39.5) screen=(316.0163, -781.0065)
[Dev] removed 20 enemies
[Skill] 돌진베기 → mp 44/50
[Death] 도호 사망 → 1.2s 뒤 마을 복귀, 엽전 -0
  · ② 돌진 · 도약 중 — 시작 뒤 0.47초에 쓰러짐 · 그 전 피해 0 · 뒤 피해 0 · 뒤 곁들이 []
[Audio] BGM town → town.ogg
[Save] level 못골 마을 → user://save_e2e.json (C:/Users/FORYOUCOM/AppData/Roaming/Godot/app_userdata/Joseon Hunters/wt/codex-554-item-window-contract/save_e2e.json)
[Dev] stairs DungeonEntrance dir=1 world=(0.0, 0.0, -31.0) screen=(2121.067, -492.4143)
[Dev] interact Merchant world=(5.4, 0.0, -2.4) screen=(1047.293, 368.0158)
[Dev] interact Shaman world=(-5.6, 0.0, 0.4) screen=(408.5833, 148.8999)
[Dev] interact Elder world=(2.0, 0.0, -5.6) screen=(1038.037, 191.6542)
[Dev] interact Jumo world=(7.1, 0.0, -1.4) screen=(1079.692, 440.1637)
[Dev] interact Waypoint world=(-4.2, 0.0, 2.2) screen=(390.0698, 234.4085)
[Dungeon] heukrang_gul 1층 lv=2 seed=403727558 gen 64x64 rooms=6 up=(44, 56) down=(7, 23) enemies=20 roster=bandit,bat,talisman_master elites=["방2:금색×3(깊이 0.50)"] named=-
[Quest] heukrang_gul 1층 — 싹쓸이 셈 시작 20 (heukrang_clear:none)
[Audio] BGM dungeon → dungeon_2.ogg
[Save] level 흑랑 굴 1층 → user://save_e2e.json (C:/Users/FORYOUCOM/AppData/Roaming/Godot/app_userdata/Joseon Hunters/wt/codex-554-item-window-contract/save_e2e.json)
[Dev] stairs StairsUp dir=-1 world=(44.5, 0.0, 56.5) screen=(593.7165, 335.9509)
[Dev] stairs StairsDown dir=1 world=(7.5, 0.0, 23.5) screen=(408.583, -1534.551)
[Dev] interact PusJar world=(29.5, 0.0, 42.5) screen=(547.433, -487.0705)
[Dev] interact @Area3D@27259 world=(14.5, 0.0, 24.5) screen=(686.2831, -1368.878)
[Dev] interact @Area3D@27260 world=(23.5, 0.0, 18.5) screen=(1380.534, -1288.714)
[Dev] interact LootChest world=(29.5, 0.0, 39.5) screen=(686.2831, -567.2349)
[Dev] interact @Area3D@27261 world=(40.5, 0.0, 38.5) screen=(1241.683, -300.0204)
[Dev] interact LootPot world=(21.5, 0.0, 43.5) screen=(130.8828, -674.1207)
[Dev] interact @Area3D@27262 world=(22.5, 0.0, 44.5) screen=(130.8829, -620.6779)
[Dev] interact @Area3D@27263 world=(19.5, 0.0, 9.5) screen=(1611.95, -1636.093)
[Dev] interact @Area3D@27264 world=(20.5, 0.0, 9.5) screen=(1658.234, -1609.372)
[Dev] interact @Area3D@27265 world=(44.5, 0.0, 51.5) screen=(825.1333, 154.2443)
[Dev] interact @Area3D@27266 world=(44.5, 0.0, 52.5) screen=(778.8499, 180.9657)
[Dev] interact @Area3D@27267 world=(21.5, 0.0, 39.5) screen=(316.0163, -781.0065)
[Dev] removed 20 enemies
[Talisman] 화염부 → 적 (23.7, 0.0, 49.5) (배율 1.20 · 아낌 false · 흩뿌리기 {  })
[Death] 도호 사망 → 1.2s 뒤 마을 복귀, 엽전 -0
  · ② 부적 시전 — 시작 뒤 0.27초에 쓰러짐 · 그 전 피해 0 · 뒤 피해 0 · 뒤 곁들이 []
[Audio] BGM town → town.ogg
[Save] level 못골 마을 → user://save_e2e.json (C:/Users/FORYOUCOM/AppData/Roaming/Godot/app_userdata/Joseon Hunters/wt/codex-554-item-window-contract/save_e2e.json)
[Dev] stairs DungeonEntrance dir=1 world=(0.0, 0.0, -31.0) screen=(2121.067, -492.4143)
[Dev] interact Merchant world=(5.4, 0.0, -2.4) screen=(1047.293, 368.0158)
[Dev] interact Shaman world=(-5.6, 0.0, 0.4) screen=(408.5833, 148.8999)
[Dev] interact Elder world=(2.0, 0.0, -5.6) screen=(1038.037, 191.6542)
[Dev] interact Jumo world=(7.1, 0.0, -1.4) screen=(1079.692, 440.1637)
[Dev] interact Waypoint world=(-4.2, 0.0, 2.2) screen=(390.0698, 234.4085)
E2E invisible_sword PASS (검사 68)
[Save] level 못골 마을 → user://save_e2e.json (C:/Users/FORYOUCOM/AppData/Roaming/Godot/app_userdata/Joseon Hunters/wt/codex-554-item-window-contract/save_e2e.json)
[Dev] stairs DungeonEntrance dir=1 world=(0.0, 0.0, -31.0) screen=(2121.067, -492.4143)
[Dev] interact Merchant world=(5.4, 0.0, -2.4) screen=(1047.293, 368.0158)
[Dev] interact Shaman world=(-5.6, 0.0, 0.4) screen=(408.5833, 148.8999)
[Dev] interact Elder world=(2.0, 0.0, -5.6) screen=(1038.037, 191.6542)
[Dev] interact Jumo world=(7.1, 0.0, -1.4) screen=(1079.692, 440.1637)
[Dev] interact Waypoint world=(-4.2, 0.0, 2.2) screen=(390.0698, 234.4085)
E2E ▶ heavy_react
[Dungeon] heukrang_gul 1층 lv=2 seed=403727558 gen 64x64 rooms=6 up=(44, 56) down=(7, 23) enemies=20 roster=bandit,bat,talisman_master elites=["방2:금색×3(깊이 0.50)"] named=-
[Quest] heukrang_gul 1층 — 싹쓸이 셈 시작 20 (heukrang_clear:none)
[Audio] BGM dungeon → dungeon_3.ogg
[Save] level 흑랑 굴 1층 → user://save_e2e.json (C:/Users/FORYOUCOM/AppData/Roaming/Godot/app_userdata/Joseon Hunters/wt/codex-554-item-window-contract/save_e2e.json)
[Dev] stairs StairsUp dir=-1 world=(44.5, 0.0, 56.5) screen=(593.7165, 335.9509)
[Dev] stairs StairsDown dir=1 world=(7.5, 0.0, 23.5) screen=(408.583, -1534.551)
[Dev] interact PusJar world=(29.5, 0.0, 42.5) screen=(547.433, -487.0705)
[Dev] interact @Area3D@27770 world=(14.5, 0.0, 24.5) screen=(686.2831, -1368.878)
[Dev] interact @Area3D@27771 world=(23.5, 0.0, 18.5) screen=(1380.534, -1288.714)
[Dev] interact LootChest world=(29.5, 0.0, 39.5) screen=(686.2831, -567.2349)
[Dev] interact @Area3D@27772 world=(40.5, 0.0, 38.5) screen=(1241.683, -300.0204)
[Dev] interact LootPot world=(21.5, 0.0, 43.5) screen=(130.8828, -674.1207)
[Dev] interact @Area3D@27773 world=(22.5, 0.0, 44.5) screen=(130.8829, -620.6779)
[Dev] interact @Area3D@27774 world=(19.5, 0.0, 9.5) screen=(1611.95, -1636.093)
[Dev] interact @Area3D@27775 world=(20.5, 0.0, 9.5) screen=(1658.234, -1609.372)
[Dev] interact @Area3D@27776 world=(44.5, 0.0, 51.5) screen=(825.1333, 154.2443)
[Dev] interact @Area3D@27777 world=(44.5, 0.0, 52.5) screen=(778.8499, 180.9657)
[Dev] interact @Area3D@27778 world=(21.5, 0.0, 39.5) screen=(316.0163, -781.0065)
[Dev] removed 20 enemies
  · ① 평타 1타: 뜬 높이 0.00 · 앞 0.22 · 옆 0.00 · 밀림 속도 3.67 · 반응 0.37초 · 클립 hit, run · 공격 0
  · ② 평타 3타: 뜬 높이 0.00 · 앞 0.33 · 옆 0.03 · 밀림 속도 5.50 · 반응 0.37초 · 클립 hit, run · 공격 0
  · ③ 강타(참격): 뜬 높이 0.52 · 앞 1.40 · 옆 0.00 · 밀림 속도 0.00 · 반응 1.45초 · 클립 hit, die, idle · 공격 0
  · ④ 회오리: 뜬 높이 0.47 · 앞 1.20 · 옆 0.00 · 밀림 속도 0.00 · 반응 1.40초 · 클립 hit, die, idle · 공격 0
  · ⑤ 돌진베기: 뜬 높이 0.00 · 앞 0.22 · 옆 0.00 · 밀림 속도 3.67 · 반응 0.37초 · 클립 hit, run · 공격 0
  · ⑥ 부적술사 강타: 뜬 높이 0.52 · 앞 1.40 · 옆 0.00 · 밀림 속도 0.00 · 반응 1.45초 · 클립 attack, die, idle · 공격 0
  · ⑦ 박쥐 강타: 뜬 높이 0.69 · 앞 1.96 · 옆 0.00 · 밀림 속도 0.00 · 반응 1.52초 · 클립  · 공격 0
  · ⑧ 흑랑 강타(제외): 뜬 높이 0.00 · 앞 0.08 · 옆 0.00 · 밀림 속도 1.33 · 반응 0.13초 · 클립 hit, idle · 공격 0
  · ⑨ 쿨다운 3.0초: 넘어져 있는 1.45초 + 쿨다운 = 한 판 4.45초 중 33%가 누움 (쿨다운 0이면 강타 쿨 1.5초에 걸려 97%)
  · ⑫ 돌진베기 넘어뜨리기 시험: 적 3.25u에서 맞아 4.55u에 누움 · 도호는 5.00u에 섬 → 사이 0.45u (겹침 문턱 0.80u) · 날아가는 내내 가장 가까웠던 거리 0.45u
  · ── 표 | 타격 · 적 | 뜬 높이 | 앞 거리 | 밀림 속도 | 반응 | 클립
  · 표 | ① 평타 1타 · 산적 | 0.00 | 0.22 | 3.67 | 0.37초 | hit, run
  · 표 | ② 평타 3타 · 산적 | 0.00 | 0.33 | 5.50 | 0.37초 | hit, run
  · 표 | ③ 강타(참격) · 산적 | 0.52 | 1.40 | 0.00 | 1.45초 | hit, die, idle
  · 표 | ④ 회오리 · 산적 | 0.47 | 1.20 | 0.00 | 1.40초 | hit, die, idle
  · 표 | ⑤ 돌진베기 · 산적 | 0.00 | 0.22 | 3.67 | 0.37초 | hit, run
  · 표 | ⑥ 강타 · 부적술사 | 0.52 | 1.40 | 0.00 | 1.45초 | attack, die, idle
  · 표 | ⑦ 강타 · 박쥐 | 0.69 | 1.96 | 0.00 | 1.52초 | (없음)
  · 표 | ⑧ 강타 · 흑랑(제외) | 0.00 | 0.08 | 1.33 | 0.13초 | hit, idle
  · §6.6 구현 있음(2단계 판정선) · 넘어짐 = 날아감 + 누움 0.5초 + 일어남 0.45초 · 쿨다운 3.0초
E2E heavy_react PASS (검사 97)
[Audio] BGM town → town.ogg
[Save] level 못골 마을 → user://save_e2e.json (C:/Users/FORYOUCOM/AppData/Roaming/Godot/app_userdata/Joseon Hunters/wt/codex-554-item-window-contract/save_e2e.json)
[Dev] stairs DungeonEntrance dir=1 world=(0.0, 0.0, -31.0) screen=(2121.067, -492.4143)
[Dev] interact Merchant world=(5.4, 0.0, -2.4) screen=(1047.293, 368.0158)
[Dev] interact Shaman world=(-5.6, 0.0, 0.4) screen=(408.5833, 148.8999)
[Dev] interact Elder world=(2.0, 0.0, -5.6) screen=(1038.037, 191.6542)
[Dev] interact Jumo world=(7.1, 0.0, -1.4) screen=(1079.692, 440.1637)
[Dev] interact Waypoint world=(-4.2, 0.0, 2.2) screen=(390.0698, 234.4085)
E2E ▶ pack_ai
[Dev] item 화염부 world=(32.5, 0.0, 70.5) screen=(-1072.484, 3072.227)
[Dev] item 빙결부 world=(33.5, 0.0, 69.5) screen=(-979.9173, 3072.227)
[Field] deulnyeok seed=355022911 128x128 props=2252 packs=18 enemies=74 waypoint=(62, 65) roster=bandit,bat,talisman_master elites=["13:파란×4@구간3"]
[Audio] BGM dungeon → dungeon_4.ogg
[Save] level 못골 들녘 → user://save_e2e.json (C:/Users/FORYOUCOM/AppData/Roaming/Godot/app_userdata/Joseon Hunters/wt/codex-554-item-window-contract/save_e2e.json)
[Dev] stairs Down_cave dir=1 world=(88.5, 0.0, 3.5) screen=(7212.236, 897.1014)
[Dev] interact Waypoint world=(62.5, 0.0, 65.5) screen=(3139.301, 1810.974)
[Dev] interact FloorItem world=(32.5, 0.0, 70.5) screen=(1519.384, 1142.938)
[Dev] interact @Area3D@28452 world=(33.5, 0.0, 69.5) screen=(1611.95, 1142.938)
[Dev] interact PusJar world=(95.5, 0.0, 103.5) screen=(2907.884, 3708.197)
[Dev] interact @Area3D@28599 world=(101.5, 0.0, 105.5) screen=(3093.018, 3921.969)
[Dev] interact @Area3D@28600 world=(98.5, 0.0, 107.5) screen=(2861.601, 3895.247)
[Dev] interact LootChest world=(27.5, 0.0, 70.5) screen=(1287.967, 1009.331)
[Dev] interact @Area3D@28601 world=(94.5, 0.0, 100.5) screen=(3000.451, 3601.312)
[Dev] interact @Area3D@28602 world=(55.5, 0.0, 52.5) screen=(3417.001, 1276.545)
[Dev] interact LootPot world=(46.5, 0.0, 68.5) screen=(2259.917, 1463.595)
[Dev] interact @Area3D@28603 world=(73.5, 0.0, 47.5) screen=(4481.519, 1623.924)
[Dev] interact @Area3D@28604 world=(90.5, 0.0, 47.5) screen=(5268.335, 2078.189)
[Dev] interact @Area3D@28605 world=(111.5, 0.0, 49.5) screen=(6147.719, 2692.782)
[Dev] interact @Area3D@28606 world=(101.5, 0.0, 101.5) screen=(3278.151, 3815.083)
[Dev] interact @Area3D@28607 world=(86.5, 0.0, 76.5) screen=(3740.984, 2746.225)
[Dev] interact @Area3D@28608 world=(53.5, 0.0, 52.5) screen=(3324.434, 1223.102)
[Dev] interact @Area3D@28609 world=(87.5, 0.0, 95.5) screen=(2907.884, 3280.654)
[Dev] interact @Area3D@28610 world=(26.5, 0.0, 66.5) screen=(1426.817, 875.7234)
[Dev] interact @Area3D@28611 world=(17.5, 0.0, 60.5) screen=(1287.967, 474.9016)
[Dev] interact @Area3D@28612 world=(86.5, 0.0, 22.5) screen=(6240.286, 1303.266)
[Dev] interact @Area3D@28613 world=(59.5, 0.0, 65.5) screen=(3000.451, 1730.81)
[Dev] interact @Area3D@28614 world=(18.5, 0.0, 74.5) screen=(686.2832, 875.7234)
[Dev] interact @Area3D@28615 world=(44.5, 0.0, 69.5) screen=(2121.067, 1436.874)
[Dev] interact @Area3D@28616 world=(73.5, 0.0, 49.5) screen=(4388.952, 1677.367)
[Dev] interact @Area3D@28617 world=(88.5, 0.0, 52.5) screen=(4944.352, 2158.353)
[Dev] removed 74 enemies
  · 띠 첫 자리 (18.5, 0.0, 64.5)
  · §13.4.1 구현 있음 — 판정선을 본다
[Dev] removed 0 enemies
[Dev] removed 6 enemies
[Dev] removed 1 enemies
[Dev] removed 0 enemies
[Kill] +46 xp (lv 2, 26/57)
[LevelUp] lv=2 stat_pts=5 skill_pts=1
[Dev] item 엽전 world=(34.54324, 0.0, 65.31499) screen=(696.8471, 420.3642)
[Dev] item 엽전 world=(34.54324, 0.0, 65.31499) screen=(696.8471, 420.3642)
[Dev] item 탕약 — 쌍화탕 world=(34.54324, 0.0, 65.31499) screen=(696.8471, 420.3642)
[Dev] item 가죽신 world=(34.54324, 0.0, 65.31499) screen=(696.8471, 420.3642)
[Audio] 같은 순간 같은 큐 상한(3) 넘침 — drop ×1 (버림 누계 342)
[Dev] removed 4 enemies
[Dev] removed 0 enemies
[Kill] +37 xp (lv 3, 6/104)
[LevelUp] lv=3 stat_pts=10 skill_pts=2
[Dev] item 엽전 world=(35.5, 0.0, 64.5) screen=(778.8499, 424.427)
[Dev] item 엽전 world=(35.5, 0.0, 64.5) screen=(778.8499, 424.427)
[Dev] item 경면주사 world=(35.5, 0.0, 64.5) screen=(778.8499, 424.427)
[Dev] item 엽전 world=(35.5, 0.0, 64.5) screen=(778.8499, 424.427)
[Dev] item 미식별 무명띠 world=(35.5, 0.0, 64.5) screen=(778.8499, 424.427)
[Audio] 같은 순간 같은 큐 상한(3) 넘침 — drop ×1 (버림 누계 343)
[Dev] removed 3 enemies
[Dev] removed 0 enemies
[Dev] removed 0 enemies
  · ── 표 (§13.4.1 전/후)
  · 표 | ① 무리 어그로: 한 대 뒤 깬 A 3/3 · B 0/3 · 신호 1+2 · 4.5초 뒤 A 곁 3/3 · B 깸 0
  · 표 | ② 놓침: 붙은 뒤 도호 24.9u 밖 → LOST 6.02초 · 도호 쪽 끝 x +5.75 (본 자리 +6.00) · 두리번 3.02초(517°) · 쉼 = 본 자리 0.25u · 처음 자리 8.75u · 숨음 → LOST 0.02초
  · 표 | ③ 흩어짐: 하수인 셋 — 멀어진 거리(가장 적은 몸) +4.98u · 흩어지는 2.5초 동안 공격 시작 0 · 돌아옴 [2.51666666666438, 2.51666666666438, 2.51666666666438] · 4.5초 뒤 다시 다가옴 3/3 · 곁(3칸) 3/3 · 박쥐 흩어짐 false
  · 표 | ④ 넘어뜨림: 산적 선딜 넘어짐 true · 한 대 0 | 우두머리 선딜 넘어짐 false · 선딜 그대로 true · 한 대 1 | 쫓던 우두머리 넘어짐 false · 경직 0.11초 · 넉백 속도 1.10 | 흑랑 넘어짐 false
E2E pack_ai PASS (검사 46)
[Audio] BGM town → town.ogg
[Save] level 못골 마을 → user://save_e2e.json (C:/Users/FORYOUCOM/AppData/Roaming/Godot/app_userdata/Joseon Hunters/wt/codex-554-item-window-contract/save_e2e.json)
[Dev] stairs DungeonEntrance dir=1 world=(0.0, 0.0, -31.0) screen=(2121.067, -492.4143)
[Dev] interact Merchant world=(5.4, 0.0, -2.4) screen=(1047.293, 368.0158)
[Dev] interact Shaman world=(-5.6, 0.0, 0.4) screen=(408.5833, 148.8999)
[Dev] interact Elder world=(2.0, 0.0, -5.6) screen=(1038.037, 191.6542)
[Dev] interact Jumo world=(7.1, 0.0, -1.4) screen=(1079.692, 440.1637)
[Dev] interact Waypoint world=(-4.2, 0.0, 2.2) screen=(390.0698, 234.4085)
E2E ▶ kill_slump
[Dungeon] heukrang_gul 1층 lv=2 seed=403727558 gen 64x64 rooms=6 up=(44, 56) down=(7, 23) enemies=20 roster=bandit,bat,talisman_master elites=["방2:금색×3(깊이 0.50)"] named=-
[Quest] heukrang_gul 1층 — 싹쓸이 셈 시작 20 (heukrang_clear:none)
[Audio] BGM dungeon → dungeon_3.ogg
[Save] level 흑랑 굴 1층 → user://save_e2e.json (C:/Users/FORYOUCOM/AppData/Roaming/Godot/app_userdata/Joseon Hunters/wt/codex-554-item-window-contract/save_e2e.json)
[Dev] stairs StairsUp dir=-1 world=(44.5, 0.0, 56.5) screen=(593.7165, 335.9509)
[Dev] stairs StairsDown dir=1 world=(7.5, 0.0, 23.5) screen=(408.583, -1534.551)
[Dev] interact PusJar world=(29.5, 0.0, 42.5) screen=(547.433, -487.0705)
[Dev] interact @Area3D@29003 world=(14.5, 0.0, 24.5) screen=(686.2831, -1368.878)
[Dev] interact @Area3D@29004 world=(23.5, 0.0, 18.5) screen=(1380.534, -1288.714)
[Dev] interact LootChest world=(29.5, 0.0, 39.5) screen=(686.2831, -567.2349)
[Dev] interact @Area3D@29005 world=(40.5, 0.0, 38.5) screen=(1241.683, -300.0204)
[Dev] interact LootPot world=(21.5, 0.0, 43.5) screen=(130.8828, -674.1207)
[Dev] interact @Area3D@29006 world=(22.5, 0.0, 44.5) screen=(130.8829, -620.6779)
[Dev] interact @Area3D@29007 world=(19.5, 0.0, 9.5) screen=(1611.95, -1636.093)
[Dev] interact @Area3D@29008 world=(20.5, 0.0, 9.5) screen=(1658.234, -1609.372)
[Dev] interact @Area3D@29009 world=(44.5, 0.0, 51.5) screen=(825.1333, 154.2443)
[Dev] interact @Area3D@29010 world=(44.5, 0.0, 52.5) screen=(778.8499, 180.9657)
[Dev] interact @Area3D@29011 world=(21.5, 0.0, 39.5) screen=(316.0163, -781.0065)
[Dev] removed 20 enemies
[Kill] +6 xp (lv 1, 6/20)
[Dev] item 엽전 world=(43.6, 0.0, 56.5) screen=(598.3447, 319.9638)
[Save] quest → user://save_e2e.json (C:/Users/FORYOUCOM/AppData/Roaming/Godot/app_userdata/Joseon Hunters/wt/codex-554-item-window-contract/save_e2e.json)
[Quest] heukrang_clear 싹쓸이 완료 (none → killed)
  · ① 평타 막타: 누움 0.79초 · 이동 0.00 · 누운 골반 0.12 · 비틀림 0
[Kill] +6 xp (lv 1, 12/20)
[Dev] item 엽전 world=(43.6, 0.0, 57.7) screen=(542.8046, 352.0051)
[Dev] item 패랭이 world=(43.6, 0.0, 57.7) screen=(542.8046, 352.0051)
[Dev] item 식별부 world=(43.6, 0.0, 57.7) screen=(542.8046, 352.0051)
[Kill] +6 xp (lv 1, 18/20)
[Kill] +6 xp (lv 2, 4/57)
[LevelUp] lv=2 stat_pts=5 skill_pts=1
[Dev] item 엽전 world=(45.7, 0.0, 57.85) screen=(633.0574, 412.1284)
[Kill] +6 xp (lv 2, 10/57)
[Dev] item 엽전 world=(45.7, 0.0, 56.95) screen=(674.7123, 388.0791)
[Kill] +6 xp (lv 2, 16/57)
[Dev] item 엽전 world=(45.7, 0.0, 56.05) screen=(716.3675, 364.0298)
[Dev] item 목검 world=(45.7, 0.0, 56.05) screen=(716.3675, 364.0298)
[Kill] +6 xp (lv 2, 22/57)
[Dev] item 무명띠 world=(45.7, 0.0, 55.15) screen=(758.0224, 339.9805)
[Dev] item 탕약 — 쌍화탕 world=(45.7, 0.0, 55.15) screen=(758.0224, 339.9805)
[Kill] +6 xp (lv 2, 28/57)
[Dev] item 영약 — 생맥산 world=(45.7, 0.0, 54.25) screen=(799.6775, 315.9312)
  · ② 비틀림 갈래 [-1, 0, 1, 0, -1, 1] · 누운 방향 [-25.9999986745346, -0.00000250447817, 26.0000004957675, -0.00000250447817, -25.9999986745346, 26.0000004957675]°
[Kill] +5 xp (lv 2, 33/57)
[Dev] item 엽전 world=(43.6, 0.0, 55.3) screen=(653.8848, 287.873)
[Dev] item 패랭이 world=(43.6, 0.0, 55.3) screen=(653.8848, 287.873)
[Dev] item 식별부 world=(43.6, 0.0, 55.3) screen=(653.8848, 287.873)
[Kill] +6 xp (lv 2, 39/57)
[Dev] item 짚신 world=(43.6, 0.0, 56.5) screen=(598.3447, 319.9387)
[Kill] +6 xp (lv 2, 45/57)
[Dev] item 엽전 world=(43.6, 0.0, 57.7) screen=(542.8046, 352.0045)
[Dev] item 무명띠 world=(43.6, 0.0, 57.7) screen=(542.8046, 352.0045)
[Kill] +5 xp (lv 2, 50/57)
[Dev] item 엽전 world=(43.6, 0.0, 54.1) screen=(709.4249, 255.8072)
  · ⑥ 박쥐 평타: 이동 0.00 · 모델 높이 0.93 → 0.19
[Kill] +120 xp (lv 4, 9/160)
[LevelUp] lv=4 stat_pts=15 skill_pts=3
[Dev] item 탕약 — 쌍화탕 world=(44.5, 0.0, 54.5) screen=(732.5665, 290.5451)
[Dev] item 탕약 — 쌍화탕 world=(44.5, 0.0, 54.5) screen=(732.5665, 290.5451)
[Dev] item 영약 — 생맥산 world=(44.5, 0.0, 54.5) screen=(732.5665, 290.5451)
[Dev] item 식별부첩 world=(44.5, 0.0, 54.5) screen=(732.5665, 290.5451)
[Dev] item 흑랑 이빨 world=(44.5, 0.0, 54.5) screen=(732.5665, 290.5451)
[Dev] item 미식별 장검 world=(44.5, 0.0, 54.5) screen=(732.5665, 290.5451)
[Dev] item 미식별 은가락지 world=(44.5, 0.0, 54.5) screen=(732.5665, 290.5451)
[Dev] item 미식별 옥패 world=(44.5, 0.0, 54.5) screen=(732.5665, 290.5451)
[Loot] 보스 전용 유니크 — boss_heukrang 첫 처치 → u_heukrang_fang (회차 1)
[Dev] item 흑랑의 봉인패 world=(44.5, 0.0, 54.5) screen=(732.5665, 290.5451)
[Dev] item 엽전 world=(44.5, 0.0, 54.5) screen=(732.5665, 290.5451)
[Save] boss → user://save_e2e.json (C:/Users/FORYOUCOM/AppData/Roaming/Godot/app_userdata/Joseon Hunters/wt/codex-554-item-window-contract/save_e2e.json)
[Boss] killed area= level=1 flags={ "opening_pending": false, "quest": { "heukrang_clear": { "state": "killed", "left": 0, "barked": false }, "heukrang_seal": { "state": "killed" }, "heukrang_thanks": { "state": "killed" } }, "seal:boss_heukrang": 1, "boss_killed_": true }
[Audio] 같은 순간 같은 큐 상한(3) 넘침 — drop ×5 (버림 누계 348)
[Kill] +6 xp (lv 4, 15/160)
[Dev] item 엽전 world=(43.6, 0.0, 56.5) screen=(598.3447, 319.9387)
[Dev] item 미식별 패랭이 world=(43.6, 0.0, 56.5) screen=(598.3447, 319.9387)
[Dev] item 영약 — 생맥산 world=(43.6, 0.0, 56.5) screen=(598.3447, 319.9387)
  · 시체 10 · 핏자국 14 (상한 32) · 피 튐 크기 1.00
E2E kill_slump PASS (검사 51)
[Audio] BGM town → town.ogg
[Save] level 못골 마을 → user://save_e2e.json (C:/Users/FORYOUCOM/AppData/Roaming/Godot/app_userdata/Joseon Hunters/wt/codex-554-item-window-contract/save_e2e.json)
[Dev] stairs DungeonEntrance dir=1 world=(0.0, 0.0, -31.0) screen=(2121.067, -492.4143)
[Dev] interact Merchant world=(5.4, 0.0, -2.4) screen=(1047.293, 368.0158)
[Dev] interact Shaman world=(-5.6, 0.0, 0.4) screen=(408.5833, 148.8999)
[Dev] interact Elder world=(2.0, 0.0, -5.6) screen=(1038.037, 191.6542)
[Dev] interact Jumo world=(7.1, 0.0, -1.4) screen=(1079.692, 440.1637)
[Dev] interact Waypoint world=(-4.2, 0.0, 2.2) screen=(390.0698, 234.4085)
E2E ▶ kill_bisect
[Dungeon] heukrang_gul 1층 lv=2 seed=403727558 gen 64x64 rooms=6 up=(44, 56) down=(7, 23) enemies=20 roster=bandit,bat,talisman_master elites=["방2:금색×3(깊이 0.50)"] named=-
[Quest] heukrang_gul 1층 — 싹쓸이 셈 시작 20 (heukrang_clear:none)
[Audio] BGM dungeon → dungeon_1.ogg
[Save] level 흑랑 굴 1층 → user://save_e2e.json (C:/Users/FORYOUCOM/AppData/Roaming/Godot/app_userdata/Joseon Hunters/wt/codex-554-item-window-contract/save_e2e.json)
[Dev] stairs StairsUp dir=-1 world=(44.5, 0.0, 56.5) screen=(593.7165, 335.9509)
[Dev] stairs StairsDown dir=1 world=(7.5, 0.0, 23.5) screen=(408.583, -1534.551)
[Dev] interact PusJar world=(29.5, 0.0, 42.5) screen=(547.433, -487.0705)
[Dev] interact @Area3D@29432 world=(14.5, 0.0, 24.5) screen=(686.2831, -1368.878)
[Dev] interact @Area3D@29433 world=(23.5, 0.0, 18.5) screen=(1380.534, -1288.714)
[Dev] interact LootChest world=(29.5, 0.0, 39.5) screen=(686.2831, -567.2349)
[Dev] interact @Area3D@29434 world=(40.5, 0.0, 38.5) screen=(1241.683, -300.0204)
[Dev] interact LootPot world=(21.5, 0.0, 43.5) screen=(130.8828, -674.1207)
[Dev] interact @Area3D@29435 world=(22.5, 0.0, 44.5) screen=(130.8829, -620.6779)
[Dev] interact @Area3D@29436 world=(19.5, 0.0, 9.5) screen=(1611.95, -1636.093)
[Dev] interact @Area3D@29437 world=(20.5, 0.0, 9.5) screen=(1658.234, -1609.372)
[Dev] interact @Area3D@29438 world=(44.5, 0.0, 51.5) screen=(825.1333, 154.2443)
[Dev] interact @Area3D@29439 world=(44.5, 0.0, 52.5) screen=(778.8499, 180.9657)
[Dev] interact @Area3D@29440 world=(21.5, 0.0, 39.5) screen=(316.0163, -781.0065)
[Dev] removed 20 enemies
[Kill] +6 xp (lv 1, 6/20)
[Dev] item 미식별 무명옷 world=(22.5, 0.0, 49.5) screen=(681.6547, 368.3275)
[Dev] item 영약 — 생맥산 world=(22.5, 0.0, 49.5) screen=(681.6547, 368.3275)
[Save] quest → user://save_e2e.json (C:/Users/FORYOUCOM/AppData/Roaming/Godot/app_userdata/Joseon Hunters/wt/codex-554-item-window-contract/save_e2e.json)
[Quest] heukrang_clear 싹쓸이 완료 (none → killed)
  · ① 평타 치명 (게임 357.5초에 막타 · +0.22초 갈라짐): 윗몸 옆으로 0.41 · 아랫몸 75° · 뿜음 4
[Kill] +6 xp (lv 1, 12/20)
[Dev] item 엽전 world=(22.5, 0.0, 51.1) screen=(607.6014, 410.7922)
[Dev] item 묵함 world=(22.5, 0.0, 51.1) screen=(607.6014, 410.7922)
[Dev] item 식별부 world=(22.5, 0.0, 51.1) screen=(607.6014, 410.7922)
[Dev] item 괴황지 world=(22.5, 0.0, 51.1) screen=(607.6014, 410.7922)
[Kill] +6 xp (lv 1, 18/20)
[Dev] item 엽전 world=(36.5, 0.0, 42.5) screen=(684.2565, 365.1983)
[Dev] item 경면주사 world=(36.5, 0.0, 42.5) screen=(684.2565, 365.1983)
  · ③ 강타 치명 (게임 359.4초에 막타): slide · 윗몸 0.42u (계획 0.42) · 최고 +0.00
[Kill] +6 xp (lv 2, 4/57)
[LevelUp] lv=2 stat_pts=5 skill_pts=1
[Dev] item 괴황지 world=(19.5, 0.0, 49.5) screen=(681.6547, 368.1231)
  · ⑦ 평타 (게임 361.5초에 막타): 칼 방향 (0.840493, 0.385325, -0.380915) · 칼끝 속도 (14.97174, -3.649462, -15.21492) → 궤적 9.7° · 갈래 h · 단면 9.7° · cleave · 윗몸 계획 0.45u
[Kill] +6 xp (lv 2, 10/57)
[Dev] item 엽전 world=(25.5, 0.0, 34.5) screen=(681.6549, 368.0496)
[Dev] item 미식별 무명 도포 world=(25.5, 0.0, 34.5) screen=(681.6549, 368.0496)
  · ⑦ 회오리베기 (게임 363.4초에 막타): 칼 방향 (-0.722991, 0.312898, -0.615938) · 칼끝 속도 (-5.428936, -1.82791, -15.98337) → 궤적 6.2° · 갈래 h · 단면 6.2° · slide · 윗몸 계획 0.44u
[Kill] +6 xp (lv 2, 16/57)
  · ⑦ 참격 (게임 365.5초에 막타): 칼 방향 (0.1386, -0.53118, -0.835846) · 칼끝 속도 (3.555795, -15.28631, -7.706399) → 궤적 61.0° · 갈래 d · 단면 55.0° · cleave · 윗몸 계획 0.45u
[Kill] +6 xp (lv 2, 22/57)
[Dev] item 엽전 world=(22.5, 0.0, 47.9) screen=(-1003.059, 1233.813)
[Kill] +6 xp (lv 2, 28/57)
[Kill] +6 xp (lv 2, 34/57)
[Kill] +6 xp (lv 2, 40/57)
[Dev] item 엽전 world=(22.5, 0.0, 47.9) screen=(-999.2303, 1227.431)
[Kill] +5 xp (lv 2, 45/57)
[Dev] item 엽전 world=(22.5, 0.0, 47.9) screen=(-1002.978, 1233.676)
[Dev] item 미식별 무명띠 world=(22.5, 0.0, 47.9) screen=(-1002.978, 1233.676)
[Dev] item 탕약 — 쌍화탕 world=(22.5, 0.0, 47.9) screen=(-1002.978, 1233.676)
[Dev] item 빙결부 world=(22.5, 0.0, 47.9) screen=(-1002.978, 1233.676)
[Kill] +120 xp (lv 4, 4/160)
[LevelUp] lv=4 stat_pts=15 skill_pts=3
[Dev] item 미식별 짚신 world=(22.5, 0.0, 51.1) screen=(-1148.629, 1315.093)
[Dev] item 영약 — 생맥산 world=(22.5, 0.0, 51.1) screen=(-1148.629, 1315.093)
[Dev] item 탕약 — 쌍화탕 world=(22.5, 0.0, 51.1) screen=(-1148.629, 1315.093)
[Dev] item 탕약 — 쌍화탕 world=(22.5, 0.0, 51.1) screen=(-1148.629, 1315.093)
[Dev] item 식별부첩 world=(22.5, 0.0, 51.1) screen=(-1148.629, 1315.093)
[Dev] item 흑랑 이빨 world=(22.5, 0.0, 51.1) screen=(-1148.629, 1315.093)
[Dev] item 미식별 은가락지 world=(22.5, 0.0, 51.1) screen=(-1148.629, 1315.093)
[Dev] item 미식별 무명 도포 world=(22.5, 0.0, 51.1) screen=(-1148.629, 1315.093)
[Dev] item 미식별 옥패 world=(22.5, 0.0, 51.1) screen=(-1148.629, 1315.093)
[Loot] 보스 전용 유니크 — boss_heukrang 첫 처치 → u_heukrang_fang (회차 1)
[Dev] item 흑랑의 봉인패 world=(22.5, 0.0, 51.1) screen=(-1148.629, 1315.093)
[Dev] item 엽전 world=(22.5, 0.0, 51.1) screen=(-1148.629, 1315.093)
[Save] boss → user://save_e2e.json (C:/Users/FORYOUCOM/AppData/Roaming/Godot/app_userdata/Joseon Hunters/wt/codex-554-item-window-contract/save_e2e.json)
[Boss] killed area= level=1 flags={ "opening_pending": false, "quest": { "heukrang_clear": { "state": "killed", "left": 0, "barked": false }, "heukrang_seal": { "state": "killed" }, "heukrang_thanks": { "state": "killed" } }, "seal:boss_heukrang": 1, "boss_killed_": true }
[Kill] +6 xp (lv 4, 10/160)
[Dev] item 엽전 world=(22.5, 0.0, 47.9) screen=(-999.8387, 1228.444)
  · 무대 17곳 · 단면 기울기 평타 9.7° · 회오리 6.2° · 참격 55.0° · 시체 11 · 핏자국 17
[Kill] +6 xp (lv 4, 16/160)
[Audio] BGM town → town.ogg
[Save] level 못골 마을 → user://save_e2e.json (C:/Users/FORYOUCOM/AppData/Roaming/Godot/app_userdata/Joseon Hunters/wt/codex-554-item-window-contract/save_e2e.json)
[Dev] stairs DungeonEntrance dir=1 world=(0.0, 0.0, -31.0) screen=(2121.067, -492.4143)
[Dev] interact Merchant world=(5.4, 0.0, -2.4) screen=(1047.293, 368.0158)
[Dev] interact Shaman world=(-5.6, 0.0, 0.4) screen=(408.5833, 148.8999)
[Dev] interact Elder world=(2.0, 0.0, -5.6) screen=(1038.037, 191.6542)
[Dev] interact Jumo world=(7.1, 0.0, -1.4) screen=(1079.692, 440.1637)
[Dev] interact Waypoint world=(-4.2, 0.0, 2.2) screen=(390.0698, 234.4085)
E2E kill_bisect PASS (검사 68)
[Save] level 못골 마을 → user://save_e2e.json (C:/Users/FORYOUCOM/AppData/Roaming/Godot/app_userdata/Joseon Hunters/wt/codex-554-item-window-contract/save_e2e.json)
[Dev] stairs DungeonEntrance dir=1 world=(0.0, 0.0, -31.0) screen=(2121.067, -492.4143)
[Dev] interact Merchant world=(5.4, 0.0, -2.4) screen=(1047.293, 368.0158)
[Dev] interact Shaman world=(-5.6, 0.0, 0.4) screen=(408.5833, 148.8999)
[Dev] interact Elder world=(2.0, 0.0, -5.6) screen=(1038.037, 191.6542)
[Dev] interact Jumo world=(7.1, 0.0, -1.4) screen=(1079.692, 440.1637)
[Dev] interact Waypoint world=(-4.2, 0.0, 2.2) screen=(390.0698, 234.4085)
E2E ▶ slice_deaths
[Dungeon] heukrang_gul 1층 lv=2 seed=403727558 gen 64x64 rooms=6 up=(44, 56) down=(7, 23) enemies=20 roster=bandit,bat,talisman_master elites=["방2:금색×3(깊이 0.50)"] named=-
[Quest] heukrang_gul 1층 — 싹쓸이 셈 시작 20 (heukrang_clear:none)
[Audio] BGM dungeon → dungeon_4.ogg
[Save] level 흑랑 굴 1층 → user://save_e2e.json (C:/Users/FORYOUCOM/AppData/Roaming/Godot/app_userdata/Joseon Hunters/wt/codex-554-item-window-contract/save_e2e.json)
[Dev] stairs StairsUp dir=-1 world=(44.5, 0.0, 56.5) screen=(593.7165, 335.9509)
[Dev] stairs StairsDown dir=1 world=(7.5, 0.0, 23.5) screen=(408.583, -1534.551)
[Dev] interact PusJar world=(29.5, 0.0, 42.5) screen=(547.433, -487.0705)
[Dev] interact @Area3D@30071 world=(14.5, 0.0, 24.5) screen=(686.2831, -1368.878)
[Dev] interact @Area3D@30072 world=(23.5, 0.0, 18.5) screen=(1380.534, -1288.714)
[Dev] interact LootChest world=(29.5, 0.0, 39.5) screen=(686.2831, -567.2349)
[Dev] interact @Area3D@30073 world=(40.5, 0.0, 38.5) screen=(1241.683, -300.0204)
[Dev] interact LootPot world=(21.5, 0.0, 43.5) screen=(130.8828, -674.1207)
[Dev] interact @Area3D@30074 world=(22.5, 0.0, 44.5) screen=(130.8829, -620.6779)
[Dev] interact @Area3D@30075 world=(19.5, 0.0, 9.5) screen=(1611.95, -1636.093)
[Dev] interact @Area3D@30076 world=(20.5, 0.0, 9.5) screen=(1658.234, -1609.372)
[Dev] interact @Area3D@30077 world=(44.5, 0.0, 51.5) screen=(825.1333, 154.2443)
[Dev] interact @Area3D@30078 world=(44.5, 0.0, 52.5) screen=(778.8499, 180.9657)
[Dev] interact @Area3D@30079 world=(21.5, 0.0, 39.5) screen=(316.0163, -781.0065)
[Dev] removed 20 enemies
  · 무대 = (23.5, 0.0, 46.5) · 간격 ×1.00 · 도호 = 줄 앞 3.0u
[Kill] +6 xp (lv 1, 6/20)
[Kill] +5 xp (lv 1, 11/20)
[Kill] +9 xp (lv 2, 0/57)
[LevelUp] lv=2 stat_pts=5 skill_pts=1
[Dev] item 엽전 world=(22.93431, 0.0, 47.06569) screen=(587.6362, 306.1772)
[Kill] +11 xp (lv 2, 11/57)
[Dev] item 엽전 world=(24.03033, 0.0, 45.96967) screen=(689.0908, 306.1772)
[Dev] item 목검 world=(24.03033, 0.0, 45.96967) screen=(689.0908, 306.1772)
[Kill] +7 xp (lv 2, 18/57)
[Dev] item 무명띠 world=(25.12635, 0.0, 44.87365) screen=(790.5454, 306.1772)
[Dev] item 탕약 — 쌍화탕 world=(25.12635, 0.0, 44.87365) screen=(790.5454, 306.1772)
[Kill] +6 xp (lv 2, 24/57)
[Dev] item 영약 — 생맥산 world=(26.32843, 0.0, 43.67157) screen=(901.8179, 306.1772)
  · ① 평타 막타 — 게임 369.23초에 막타 (여섯 몸 같은 프레임)
[Save] quest → user://save_e2e.json (C:/Users/FORYOUCOM/AppData/Roaming/Godot/app_userdata/Joseon Hunters/wt/codex-554-item-window-contract/save_e2e.json)
[Quest] heukrang_clear 싹쓸이 완료 (none → killed)
[Audio] 같은 순간 같은 큐 상한(3) 넘침 — hit ×3 · enemy_hurt ×3 · kill_extra ×3 · enemy_die ×3 · blood_splat ×2 (버림 누계 362)
  ·   사람형: 이동 0.00 · 뜸 0.00 · 두 동강 false · 윗몸 0.00 · 단면 - · 누움 0.80초 · die 클립 true · 죽음 slump/slump
  ·   짐승: 이동 0.00 · 뜸 0.00 · 두 동강 false · 윗몸 0.00 · 단면 - · 누움 0.67초 · die 클립 true · 죽음 plague/slump
  ·   벌레: 이동 0.00 · 뜸 0.00 · 두 동강 false · 윗몸 0.00 · 단면 - · 누움 0.52초 · die 클립 false · 죽음 plague/drop
  ·   떠다님·피: 이동 0.00 · 뜸 0.00 · 두 동강 false · 윗몸 0.00 · 단면 - · 누움 0.52초 · die 클립 false · 죽음 drop/drop
  ·   떠다님·넋: 이동 0.00 · 뜸 0.00 · 두 동강 false · 윗몸 0.00 · 단면 - · 누움 0.52초 · die 클립 false · 죽음 scatter/scatter
  ·   큰 덩치: 이동 0.00 · 뜸 0.00 · 두 동강 false · 윗몸 0.00 · 단면 - · 누움 0.80초 · die 클립 true · 죽음 slump/slump
[Dev] removed 6 enemies
[Kill] +6 xp (lv 2, 30/57)
[Kill] +5 xp (lv 2, 35/57)
[Kill] +9 xp (lv 2, 44/57)
[Dev] item 엽전 world=(22.93431, 0.0, 47.06569) screen=(587.6362, 306.1772)
[Kill] +11 xp (lv 2, 55/57)
[Dev] item 엽전 world=(24.03033, 0.0, 45.96967) screen=(689.0908, 306.1772)
[Dev] item 목검 world=(24.03033, 0.0, 45.96967) screen=(689.0908, 306.1772)
[Kill] +7 xp (lv 3, 5/104)
[LevelUp] lv=3 stat_pts=10 skill_pts=2
[Dev] item 무명띠 world=(25.12635, 0.0, 44.87365) screen=(790.5454, 306.1772)
[Dev] item 탕약 — 쌍화탕 world=(25.12635, 0.0, 44.87365) screen=(790.5454, 306.1772)
[Kill] +6 xp (lv 3, 11/104)
[Dev] item 영약 — 생맥산 world=(26.32843, 0.0, 43.67157) screen=(901.8179, 306.1772)
  · ② 평타 치명 막타 — 게임 371.50초에 막타 (여섯 몸 같은 프레임)
[Audio] 같은 순간 같은 큐 상한(3) 넘침 — hit_crit ×3 · enemy_hurt ×3 · kill_extra ×3 · hit_crit_low ×3 · enemy_die ×3 · blood_splat ×2 (버림 누계 379)
  ·   사람형: 이동 0.00 · 뜸 0.00 · 두 동강 true · 윗몸 0.44 · 단면 0° · 누움 0.82초 · die 클립 true · 죽음 cleave/cleave
  ·   짐승: 이동 0.00 · 뜸 0.00 · 두 동강 true · 윗몸 0.41 · 단면 90° · 누움 0.82초 · die 클립 true · 죽음 plague/cleave
  ·   벌레: 이동 0.00 · 뜸 0.00 · 두 동강 false · 윗몸 0.00 · 단면 - · 누움 0.52초 · die 클립 false · 죽음 plague/slashed
  ·   떠다님·피: 이동 0.00 · 뜸 0.00 · 두 동강 false · 윗몸 0.00 · 단면 - · 누움 0.52초 · die 클립 false · 죽음 slashed/slashed
  ·   떠다님·넋: 이동 0.00 · 뜸 0.00 · 두 동강 false · 윗몸 0.00 · 단면 - · 누움 0.52초 · die 클립 false · 죽음 scatter/scatter
  ·   큰 덩치: 이동 0.00 · 뜸 0.00 · 두 동강 true · 윗몸 0.44 · 단면 0° · 누움 1.12초 · die 클립 true · 죽음 slide/slide
[Dev] removed 6 enemies
[Kill] +6 xp (lv 3, 17/104)
[Kill] +5 xp (lv 3, 22/104)
[Kill] +9 xp (lv 3, 31/104)
[Dev] item 엽전 world=(22.93431, 0.0, 47.06569) screen=(587.6362, 306.1772)
[Kill] +11 xp (lv 3, 42/104)
[Dev] item 엽전 world=(24.03033, 0.0, 45.96967) screen=(689.0908, 306.1772)
[Dev] item 목검 world=(24.03033, 0.0, 45.96967) screen=(689.0908, 306.1772)
[Kill] +7 xp (lv 3, 49/104)
[Dev] item 무명띠 world=(25.12635, 0.0, 44.87365) screen=(790.5454, 306.1772)
[Dev] item 탕약 — 쌍화탕 world=(25.12635, 0.0, 44.87365) screen=(790.5454, 306.1772)
[Kill] +6 xp (lv 3, 55/104)
[Dev] item 영약 — 생맥산 world=(26.32843, 0.0, 43.67157) screen=(901.8179, 306.1772)
  · ③ 참격 막타 — 사선 칼 — 게임 373.75초에 막타 (여섯 몸 같은 프레임)
[Audio] 같은 순간 같은 큐 상한(3) 넘침 — hit ×3 · enemy_hurt ×3 · kill_extra ×3 · enemy_die ×3 · blood_splat ×2 (버림 누계 393)
  ·   사람형: 이동 0.00 · 뜸 0.00 · 두 동강 true · 윗몸 0.33 · 단면 45° · 누움 0.82초 · die 클립 true · 죽음 cleave/cleave
  ·   짐승: 이동 0.00 · 뜸 0.00 · 두 동강 true · 윗몸 0.41 · 단면 90° · 누움 0.82초 · die 클립 true · 죽음 plague/cleave
  ·   벌레: 이동 0.00 · 뜸 0.00 · 두 동강 false · 윗몸 0.00 · 단면 - · 누움 0.52초 · die 클립 false · 죽음 plague/slashed
  ·   떠다님·피: 이동 0.00 · 뜸 0.00 · 두 동강 false · 윗몸 0.00 · 단면 - · 누움 0.52초 · die 클립 false · 죽음 slashed/slashed
  ·   떠다님·넋: 이동 0.00 · 뜸 0.00 · 두 동강 false · 윗몸 0.00 · 단면 - · 누움 0.52초 · die 클립 false · 죽음 scatter/scatter
  ·   큰 덩치: 이동 0.00 · 뜸 0.00 · 두 동강 true · 윗몸 0.37 · 단면 45° · 누움 1.12초 · die 클립 true · 죽음 slide/slide
[Dev] removed 6 enemies
[Kill] +6 xp (lv 3, 61/104)
[Kill] +5 xp (lv 3, 66/104)
[Kill] +9 xp (lv 3, 75/104)
[Dev] item 엽전 world=(22.93431, 0.0, 47.06569) screen=(587.6362, 306.1772)
[Kill] +11 xp (lv 3, 86/104)
[Dev] item 엽전 world=(24.03033, 0.0, 45.96967) screen=(689.0908, 306.1772)
[Dev] item 목검 world=(24.03033, 0.0, 45.96967) screen=(689.0908, 306.1772)
[Kill] +7 xp (lv 3, 93/104)
[Dev] item 무명띠 world=(25.12635, 0.0, 44.87365) screen=(790.5454, 306.1772)
[Dev] item 탕약 — 쌍화탕 world=(25.12635, 0.0, 44.87365) screen=(790.5454, 306.1772)
[Kill] +6 xp (lv 3, 99/104)
[Dev] item 영약 — 생맥산 world=(26.32843, 0.0, 43.67157) screen=(901.8179, 306.1772)
  · ④ 회오리 막타 — 가로 칼 — 게임 376.00초에 막타 (여섯 몸 같은 프레임)
[Audio] 같은 순간 같은 큐 상한(3) 넘침 — hit ×3 · enemy_hurt ×3 · kill_extra ×3 · enemy_die ×3 · blood_splat ×2 (버림 누계 407)
  ·   사람형: 이동 0.00 · 뜸 0.00 · 두 동강 true · 윗몸 0.33 · 단면 0° · 누움 0.82초 · die 클립 true · 죽음 cleave/cleave
  ·   짐승: 이동 0.00 · 뜸 0.00 · 두 동강 true · 윗몸 0.41 · 단면 90° · 누움 0.82초 · die 클립 true · 죽음 plague/cleave
  ·   벌레: 이동 0.00 · 뜸 0.00 · 두 동강 false · 윗몸 0.00 · 단면 - · 누움 0.52초 · die 클립 false · 죽음 plague/slashed
  ·   떠다님·피: 이동 0.00 · 뜸 0.00 · 두 동강 false · 윗몸 0.00 · 단면 - · 누움 0.52초 · die 클립 false · 죽음 slashed/slashed
  ·   떠다님·넋: 이동 0.00 · 뜸 0.00 · 두 동강 false · 윗몸 0.00 · 단면 - · 누움 0.52초 · die 클립 false · 죽음 scatter/scatter
  ·   큰 덩치: 이동 0.00 · 뜸 0.00 · 두 동강 true · 윗몸 0.44 · 단면 0° · 누움 1.12초 · die 클립 true · 죽음 slide/slide
[Dev] removed 6 enemies
[Kill] +6 xp (lv 4, 1/160)
[LevelUp] lv=4 stat_pts=15 skill_pts=3
[Kill] +5 xp (lv 4, 6/160)
[Kill] +9 xp (lv 4, 15/160)
[Dev] item 엽전 world=(22.93431, 0.0, 47.06569) screen=(587.6362, 306.1772)
[Kill] +11 xp (lv 4, 26/160)
[Dev] item 엽전 world=(24.03033, 0.0, 45.96967) screen=(689.0908, 306.1772)
[Dev] item 목검 world=(24.03033, 0.0, 45.96967) screen=(689.0908, 306.1772)
[Kill] +7 xp (lv 4, 33/160)
[Dev] item 무명띠 world=(25.12635, 0.0, 44.87365) screen=(790.5454, 306.1772)
[Dev] item 탕약 — 쌍화탕 world=(25.12635, 0.0, 44.87365) screen=(790.5454, 306.1772)
[Kill] +6 xp (lv 4, 39/160)
[Dev] item 영약 — 생맥산 world=(26.32843, 0.0, 43.67157) screen=(901.8179, 306.1772)
  · ⑤ 도약 베기 막타 — 세로 칼 — 게임 378.27초에 막타 (여섯 몸 같은 프레임)
[Audio] 같은 순간 같은 큐 상한(3) 넘침 — hit ×3 · enemy_hurt ×3 · kill_extra ×3 · enemy_die ×3 · blood_splat ×2 (버림 누계 421)
  ·   사람형: 이동 0.00 · 뜸 0.00 · 두 동강 true · 윗몸 0.99 · 단면 90° · 누움 0.68초 · die 클립 true · 죽음 cleave/cleave
  ·   짐승: 이동 0.00 · 뜸 0.00 · 두 동강 true · 윗몸 0.41 · 단면 90° · 누움 0.82초 · die 클립 true · 죽음 plague/cleave
  ·   벌레: 이동 0.00 · 뜸 0.00 · 두 동강 false · 윗몸 0.00 · 단면 - · 누움 0.52초 · die 클립 false · 죽음 plague/slashed
  ·   떠다님·피: 이동 0.00 · 뜸 0.00 · 두 동강 false · 윗몸 0.00 · 단면 - · 누움 0.52초 · die 클립 false · 죽음 slashed/slashed
  ·   떠다님·넋: 이동 0.00 · 뜸 0.00 · 두 동강 false · 윗몸 0.00 · 단면 - · 누움 0.52초 · die 클립 false · 죽음 scatter/scatter
  ·   큰 덩치: 이동 0.00 · 뜸 0.00 · 두 동강 true · 윗몸 1.77 · 단면 90° · 누움 0.82초 · die 클립 true · 죽음 cleave/cleave
[Dev] removed 6 enemies
[Kill] +6 xp (lv 4, 45/160)
[Kill] +5 xp (lv 4, 50/160)
[Kill] +9 xp (lv 4, 59/160)
[Dev] item 엽전 world=(22.93431, 0.0, 47.06569) screen=(587.6362, 306.1772)
[Kill] +11 xp (lv 4, 70/160)
[Dev] item 엽전 world=(24.03033, 0.0, 45.96967) screen=(689.0908, 306.1772)
[Dev] item 목검 world=(24.03033, 0.0, 45.96967) screen=(689.0908, 306.1772)
[Kill] +7 xp (lv 4, 77/160)
[Dev] item 무명띠 world=(25.12635, 0.0, 44.87365) screen=(790.5454, 306.1772)
[Dev] item 탕약 — 쌍화탕 world=(25.12635, 0.0, 44.87365) screen=(790.5454, 306.1772)
[Kill] +6 xp (lv 4, 83/160)
[Dev] item 영약 — 생맥산 world=(26.32843, 0.0, 43.67157) screen=(901.8179, 306.1772)
  · ⑥ 참격 치명 + 넘친 피해 — 게임 380.52초에 막타 (여섯 몸 같은 프레임)
[Audio] 같은 순간 같은 큐 상한(3) 넘침 — hit_crit ×3 · enemy_hurt ×3 · kill_extra ×3 · hit_crit_low ×3 · enemy_die ×3 · blood_splat ×2 (버림 누계 438)
  ·   사람형: 이동 0.00 · 뜸 0.00 · 두 동강 true · 윗몸 0.45 · 단면 45° · 누움 0.82초 · die 클립 true · 죽음 gibs/cleave
  ·   짐승: 이동 0.00 · 뜸 0.00 · 두 동강 true · 윗몸 0.41 · 단면 90° · 누움 0.82초 · die 클립 true · 죽음 plague/cleave
  ·   벌레: 이동 0.00 · 뜸 0.00 · 두 동강 false · 윗몸 0.00 · 단면 - · 누움 0.52초 · die 클립 false · 죽음 plague/slashed
  ·   떠다님·피: 이동 0.00 · 뜸 0.00 · 두 동강 false · 윗몸 0.00 · 단면 - · 누움 0.52초 · die 클립 false · 죽음 slashed/slashed
  ·   떠다님·넋: 이동 0.00 · 뜸 0.00 · 두 동강 false · 윗몸 0.00 · 단면 - · 누움 0.52초 · die 클립 false · 죽음 scatter/scatter
  ·   큰 덩치: 이동 0.00 · 뜸 0.00 · 두 동강 true · 윗몸 0.37 · 단면 45° · 누움 1.12초 · die 클립 true · 죽음 gibs/slide
[Dev] removed 6 enemies
[Kill] +6 xp (lv 4, 89/160)
[Kill] +5 xp (lv 4, 94/160)
[Kill] +9 xp (lv 4, 103/160)
[Dev] item 엽전 world=(22.93431, 0.0, 47.06569) screen=(587.6362, 306.1772)
[Kill] +11 xp (lv 4, 114/160)
[Dev] item 엽전 world=(24.03033, 0.0, 45.96967) screen=(689.0908, 306.1772)
[Dev] item 목검 world=(24.03033, 0.0, 45.96967) screen=(689.0908, 306.1772)
[Kill] +7 xp (lv 4, 121/160)
[Dev] item 무명띠 world=(25.12635, 0.0, 44.87365) screen=(790.5454, 306.1772)
[Dev] item 탕약 — 쌍화탕 world=(25.12635, 0.0, 44.87365) screen=(790.5454, 306.1772)
[Kill] +6 xp (lv 4, 127/160)
[Dev] item 영약 — 생맥산 world=(26.32843, 0.0, 43.67157) screen=(901.8179, 306.1772)
  · ⑦ 화염 막타 (부적, dev 강제) — 게임 382.78초에 막타 (여섯 몸 같은 프레임)
[Audio] 같은 순간 같은 큐 상한(3) 넘침 — enemy_hurt ×3 · kill_extra ×3 · enemy_die ×3 · burn ×3 (버림 누계 450)
  ·   사람형: 이동 0.00 · 뜸 0.00 · 두 동강 false · 윗몸 0.00 · 단면 - · 누움 0.52초 · die 클립 true · 죽음 ash/ash
  ·   짐승: 이동 0.00 · 뜸 0.00 · 두 동강 false · 윗몸 0.00 · 단면 - · 누움 0.52초 · die 클립 true · 죽음 ash/ash
  ·   벌레: 이동 0.00 · 뜸 0.00 · 두 동강 false · 윗몸 0.00 · 단면 - · 누움 0.52초 · die 클립 false · 죽음 ash/ash
  ·   떠다님·피: 이동 0.00 · 뜸 0.00 · 두 동강 false · 윗몸 0.00 · 단면 - · 누움 0.52초 · die 클립 false · 죽음 ash/ash
  ·   떠다님·넋: 이동 0.00 · 뜸 0.00 · 두 동강 false · 윗몸 0.00 · 단면 - · 누움 0.52초 · die 클립 false · 죽음 ash/ash
  ·   큰 덩치: 이동 0.00 · 뜸 0.00 · 두 동강 false · 윗몸 0.00 · 단면 - · 누움 0.52초 · die 클립 true · 죽음 ash/ash
[Dev] removed 6 enemies
[Kill] +6 xp (lv 4, 133/160)
[Kill] +5 xp (lv 4, 138/160)
[Kill] +9 xp (lv 4, 147/160)
[Dev] item 엽전 world=(22.93431, 0.0, 47.06569) screen=(587.6362, 306.1772)
[Kill] +11 xp (lv 4, 158/160)
[Dev] item 엽전 world=(24.03033, 0.0, 45.96967) screen=(689.0908, 306.1772)
[Dev] item 목검 world=(24.03033, 0.0, 45.96967) screen=(689.0908, 306.1772)
[Kill] +7 xp (lv 5, 5/224)
[LevelUp] lv=5 stat_pts=20 skill_pts=4
[Dev] item 무명띠 world=(25.12635, 0.0, 44.87365) screen=(790.5454, 306.1772)
[Dev] item 탕약 — 쌍화탕 world=(25.12635, 0.0, 44.87365) screen=(790.5454, 306.1772)
[Kill] +6 xp (lv 5, 11/224)
[Dev] item 영약 — 생맥산 world=(26.32843, 0.0, 43.67157) screen=(901.8179, 306.1772)
  · ⑧ 냉기 막타 (빙결 뒤 참격, dev 강제) — 게임 385.03초에 막타 (여섯 몸 같은 프레임)
[Audio] 같은 순간 같은 큐 상한(3) 넘침 — hit ×3 · enemy_hurt ×3 · kill_extra ×3 · enemy_die ×3 · freeze ×3 (버림 누계 465)
[Audio] 같은 순간 같은 큐 상한(3) 넘침 — shatter ×3 (버림 누계 468)
  ·   사람형: 이동 0.00 · 뜸 0.00 · 두 동강 false · 윗몸 0.00 · 단면 - · 누움 0.52초 · die 클립 true · 죽음 shatter/shatter
  ·   짐승: 이동 0.00 · 뜸 0.00 · 두 동강 false · 윗몸 0.00 · 단면 - · 누움 0.52초 · die 클립 true · 죽음 shatter/shatter
  ·   벌레: 이동 0.00 · 뜸 0.00 · 두 동강 false · 윗몸 0.00 · 단면 - · 누움 0.52초 · die 클립 false · 죽음 shatter/shatter
  ·   떠다님·피: 이동 0.00 · 뜸 0.00 · 두 동강 false · 윗몸 0.00 · 단면 - · 누움 0.52초 · die 클립 false · 죽음 shatter/shatter
  ·   떠다님·넋: 이동 0.00 · 뜸 0.00 · 두 동강 false · 윗몸 0.00 · 단면 - · 누움 0.52초 · die 클립 false · 죽음 shatter/shatter
  ·   큰 덩치: 이동 0.00 · 뜸 0.00 · 두 동강 false · 윗몸 0.00 · 단면 - · 누움 0.52초 · die 클립 true · 죽음 shatter/shatter
[Dev] removed 6 enemies
[Kill] +6 xp (lv 5, 17/224)
[Kill] +5 xp (lv 5, 22/224)
[Kill] +9 xp (lv 5, 31/224)
[Dev] item 엽전 world=(22.93431, 0.0, 47.06569) screen=(587.6362, 306.1772)
[Kill] +11 xp (lv 5, 42/224)
[Dev] item 엽전 world=(24.03033, 0.0, 45.96967) screen=(689.0908, 306.1772)
[Dev] item 목검 world=(24.03033, 0.0, 45.96967) screen=(689.0908, 306.1772)
[Kill] +7 xp (lv 5, 49/224)
[Dev] item 무명띠 world=(25.12635, 0.0, 44.87365) screen=(790.5454, 306.1772)
[Dev] item 탕약 — 쌍화탕 world=(25.12635, 0.0, 44.87365) screen=(790.5454, 306.1772)
[Kill] +6 xp (lv 5, 55/224)
[Dev] item 영약 — 생맥산 world=(26.32843, 0.0, 43.67157) screen=(901.8179, 306.1772)
  · ⑨ 피 끄기 + 참격 막타 — 게임 387.30초에 막타 (여섯 몸 같은 프레임)
[Audio] 같은 순간 같은 큐 상한(3) 넘침 — hit ×3 · enemy_hurt ×3 · kill_extra ×3 · enemy_die ×3 · blood_splat ×2 (버림 누계 482)
  ·   사람형: 이동 0.00 · 뜸 0.00 · 두 동강 true · 윗몸 0.33 · 단면 45° · 누움 0.82초 · die 클립 true · 죽음 cleave/cleave
  ·   짐승: 이동 0.00 · 뜸 0.00 · 두 동강 true · 윗몸 0.41 · 단면 90° · 누움 0.82초 · die 클립 true · 죽음 plague/cleave
  ·   벌레: 이동 0.00 · 뜸 0.00 · 두 동강 false · 윗몸 0.00 · 단면 - · 누움 0.52초 · die 클립 false · 죽음 plague/slashed
  ·   떠다님·피: 이동 0.00 · 뜸 0.00 · 두 동강 false · 윗몸 0.00 · 단면 - · 누움 0.52초 · die 클립 false · 죽음 slashed/slashed
  ·   떠다님·넋: 이동 0.00 · 뜸 0.00 · 두 동강 false · 윗몸 0.00 · 단면 - · 누움 0.52초 · die 클립 false · 죽음 scatter/scatter
  ·   큰 덩치: 이동 0.00 · 뜸 0.00 · 두 동강 true · 윗몸 0.37 · 단면 45° · 누움 1.12초 · die 클립 true · 죽음 slide/slide
[Dev] removed 6 enemies
[Kill] +6 xp (lv 5, 61/224)
[Dev] item 탕약 — 쌍화탕 world=(20.74228, 0.0, 49.25772) screen=(384.727, 306.1772)
  · ⑩ 산적1 — 게임 389.53초에 막타
[Kill] +6 xp (lv 5, 67/224)
[Dev] item 엽전 world=(21.8383, 0.0, 48.1617) screen=(486.1816, 306.1772)
[Dev] item 은가락지 world=(21.8383, 0.0, 48.1617) screen=(486.1816, 306.1772)
  · ⑩ 산적2 — 게임 390.35초에 막타
[Kill] +6 xp (lv 5, 73/224)
[Dev] item 엽전 world=(22.93431, 0.0, 47.06569) screen=(587.6362, 306.1772)
  · ⑩ 산적3 — 게임 391.17초에 막타
[Kill] +6 xp (lv 5, 79/224)
[Dev] item 엽전 world=(24.03033, 0.0, 45.96967) screen=(689.0908, 306.1772)
  · ⑩ 산적4 — 게임 391.98초에 막타
[Kill] +6 xp (lv 5, 85/224)
  · ⑩ 산적5 — 게임 392.80초에 막타
  · ⑩ 반복 — 같은 참격(사선 칼) 다섯 번:
  ·   산적1: 이동 0.00 · 뜸 0.00 · 두 동강 true · 윗몸 0.33 · 단면 45° · 누움 0.82초 · die 클립 true · 죽음 cleave/cleave
  ·   산적2: 이동 0.00 · 뜸 0.00 · 두 동강 true · 윗몸 0.37 · 단면 45° · 누움 1.12초 · die 클립 true · 죽음 slide/slide
  ·   산적3: 이동 0.00 · 뜸 0.00 · 두 동강 true · 윗몸 0.33 · 단면 45° · 누움 0.82초 · die 클립 true · 죽음 cleave/cleave
  ·   산적4: 이동 0.00 · 뜸 0.00 · 두 동강 true · 윗몸 0.37 · 단면 45° · 누움 1.12초 · die 클립 true · 죽음 slide/slide
  ·   산적5: 이동 0.00 · 뜸 0.00 · 두 동강 true · 윗몸 0.33 · 단면 45° · 누움 0.82초 · die 클립 true · 죽음 cleave/cleave
[Dev] removed 5 enemies
E2E slice_deaths PASS (검사 111)
[Audio] BGM town → town.ogg
[Save] level 못골 마을 → user://save_e2e.json (C:/Users/FORYOUCOM/AppData/Roaming/Godot/app_userdata/Joseon Hunters/wt/codex-554-item-window-contract/save_e2e.json)
[Dev] stairs DungeonEntrance dir=1 world=(0.0, 0.0, -31.0) screen=(2121.067, -492.4143)
[Dev] interact Merchant world=(5.4, 0.0, -2.4) screen=(1047.293, 368.0158)
[Dev] interact Shaman world=(-5.6, 0.0, 0.4) screen=(408.5833, 148.8999)
[Dev] interact Elder world=(2.0, 0.0, -5.6) screen=(1038.037, 191.6542)
[Dev] interact Jumo world=(7.1, 0.0, -1.4) screen=(1079.692, 440.1637)
[Dev] interact Waypoint world=(-4.2, 0.0, 2.2) screen=(390.0698, 234.4085)
E2E ▶ monster_motion_gallery
  · 봉우리 셈 자기검사 — 표본 위상 20가지 × 봉우리 셋: 꼭짓점 폭 0.0025초 (표본 그대로면 0.0158초) · 대칭 봉우리 오차 0.0002초
[Dev] item 화염부 world=(32.5, 0.0, 70.5) screen=(-1072.484, 3072.227)
[Dev] item 빙결부 world=(33.5, 0.0, 69.5) screen=(-979.9173, 3072.227)
[Field] deulnyeok seed=355022911 128x128 props=2252 packs=18 enemies=74 waypoint=(62, 65) roster=bandit,bat,talisman_master elites=["13:파란×4@구간3"]
[Audio] BGM dungeon → dungeon_2.ogg
[Save] level 못골 들녘 → user://save_e2e.json (C:/Users/FORYOUCOM/AppData/Roaming/Godot/app_userdata/Joseon Hunters/wt/codex-554-item-window-contract/save_e2e.json)
[Dev] stairs Down_cave dir=1 world=(88.5, 0.0, 3.5) screen=(7212.236, 897.1014)
[Dev] interact Waypoint world=(62.5, 0.0, 65.5) screen=(3139.301, 1810.974)
[Dev] interact FloorItem world=(32.5, 0.0, 70.5) screen=(1519.384, 1142.938)
[Dev] interact @Area3D@31115 world=(33.5, 0.0, 69.5) screen=(1611.95, 1142.938)
[Dev] interact PusJar world=(95.5, 0.0, 103.5) screen=(2907.884, 3708.197)
[Dev] interact @Area3D@31262 world=(101.5, 0.0, 105.5) screen=(3093.018, 3921.969)
[Dev] interact @Area3D@31263 world=(98.5, 0.0, 107.5) screen=(2861.601, 3895.247)
[Dev] interact LootChest world=(27.5, 0.0, 70.5) screen=(1287.967, 1009.331)
[Dev] interact @Area3D@31264 world=(94.5, 0.0, 100.5) screen=(3000.451, 3601.312)
[Dev] interact @Area3D@31265 world=(55.5, 0.0, 52.5) screen=(3417.001, 1276.545)
[Dev] interact LootPot world=(46.5, 0.0, 68.5) screen=(2259.917, 1463.595)
[Dev] interact @Area3D@31266 world=(73.5, 0.0, 47.5) screen=(4481.519, 1623.924)
[Dev] interact @Area3D@31267 world=(90.5, 0.0, 47.5) screen=(5268.335, 2078.189)
[Dev] interact @Area3D@31268 world=(111.5, 0.0, 49.5) screen=(6147.719, 2692.782)
[Dev] interact @Area3D@31269 world=(101.5, 0.0, 101.5) screen=(3278.151, 3815.083)
[Dev] interact @Area3D@31270 world=(86.5, 0.0, 76.5) screen=(3740.984, 2746.225)
[Dev] interact @Area3D@31271 world=(53.5, 0.0, 52.5) screen=(3324.434, 1223.102)
[Dev] interact @Area3D@31272 world=(87.5, 0.0, 95.5) screen=(2907.884, 3280.654)
[Dev] interact @Area3D@31273 world=(26.5, 0.0, 66.5) screen=(1426.817, 875.7234)
[Dev] interact @Area3D@31274 world=(17.5, 0.0, 60.5) screen=(1287.967, 474.9016)
[Dev] interact @Area3D@31275 world=(86.5, 0.0, 22.5) screen=(6240.286, 1303.266)
[Dev] interact @Area3D@31276 world=(59.5, 0.0, 65.5) screen=(3000.451, 1730.81)
[Dev] interact @Area3D@31277 world=(18.5, 0.0, 74.5) screen=(686.2832, 875.7234)
[Dev] interact @Area3D@31278 world=(44.5, 0.0, 69.5) screen=(2121.067, 1436.874)
[Dev] interact @Area3D@31279 world=(73.5, 0.0, 49.5) screen=(4388.952, 1677.367)
[Dev] interact @Area3D@31280 world=(88.5, 0.0, 52.5) screen=(4944.352, 2158.353)
[Dev] removed 74 enemies
  · 무대 = (34.5, 0.0, 14.5) · 숨긴 풀·꽃 0 · 도호 = 오른쪽 8.4u
  · 사진 = 구간마다 틀(쉼 (-8.4, 5.4) · 걷기 (-8.4, 5.8) · 달리기 (-8.4, 7.9), 여백 5%) · 무대 조명 = 가운데 위 6.0u · 세기 3.5 · 반경 18 · 감쇠 0.5 (대본 끝에 치움)
  · 떠다님·넋 (떠도는 넋) = tteodoneun_neok (크기 ×1.00) · 뼈 없음(정지 메시) · 클립 없음
  · 떠다님·몸 (나찰녀) = nachalnyeo (크기 ×1.00) · 뼈 없음(정지 메시) · 클립 없음
  · 네발·짐승 (역병 든 들개) = plague_dog (크기 ×0.91) · 뼈 19 · 발 4 · 골반 Hips · 머리 Head · 손 0 · attack 0.50 · die 1.25 · hit 0.30 · idle 2.20 · pounce 0.60 · pounce_air 0.40 · pounce_land 0.25 · run 0.55 · walk 0.85
  · 네발·족속 (흑랑 새끼 대역) = heukrang_kin (크기 ×0.55) · 뼈 19 · 발 4 · 골반 Hips · 머리 Head · 손 0 · attack 0.67 · die 1.25 · hit 0.30 · idle 2.20 · pounce 0.65 · pounce_air 0.40 · pounce_land 0.25 · run 0.77 · walk 1.02
  · 두 발·Tripo (산적) = bandit (크기 ×1.00) · 뼈 65 · 발 2 · 골반 mixamorig_Hips · 머리 mixamorig_Head · 손 2 · attack 0.55 · attack2 0.55 · die 3.00 · hit 0.30 · idle 7.67 · run 0.58 · walk 1.12
  · 두 발·Meshy (홀린 여창) = hollin_yeogung_spear (크기 ×1.00) · 뼈 24 · 발 2 · 골반 Hips · 머리 Head · 손 2 · attack_bow 5.03 · attack_spear 3.03 · die 3.00 · hit 0.30 · idle 1.30 · run 0.63 · walk 1.03
  · 떠다님 2몸 = 그림 틱을 물리 틱에 묶어 잰다 (_tick_float)
  · ① 대기 3.0초 — 뼈 있는 몸 = 머리 봉우리-봉우리(목표 2~15cm) · 떠다님 = 둥실 반폭(3~8cm)·주기(1.8~3.2초):
  ·   떠다님·넋 (떠도는 넋): 둥실 5.0cm ○ · 주기 2.22초 ○ · 옆 흔들림 4.5° · 뼈 없음
  ·   떠다님·몸 (나찰녀): 둥실 6.0cm ○ · 주기 2.00초 ○ · 옆 흔들림 4.5° · 뼈 없음
  ·   네발·짐승 (역병 든 들개): 들썩임 4.6cm ○ · 클립 idle
  ·   네발·족속 (흑랑 새끼 대역): 들썩임 3.3cm ○ · 클립 idle
  ·   두 발·Tripo (산적): 들썩임 9.5cm ○ · 클립 idle
  ·   두 발·Meshy (홀린 여창): 들썩임 6.4cm ○ · 클립 idle
  · ② 걷기 1.2u/s — 1.5초 · 화면 오른쪽으로 곧게 (발 미끄러짐 목표 ≤ 5cm/s · 떠다님 앞 기울기 목표 3~8°):
  ·   떠다님·넋 (떠도는 넋): 빠르기 1.20u/s · 뼈 없음 · 앞 기울기 5.4° ○ · 옆 흔들림 7.0° · 둥실 2.3cm · 옷자락 끌림 4.2cm (물결 메시 2)
  ·   떠다님·몸 (나찰녀): 빠르기 1.20u/s · 뼈 없음 · 앞 기울기 5.4° ○ · 옆 흔들림 7.0° · 둥실 4.4cm · 옷자락 끌림 3.6cm (물결 메시 2)
  ·   네발·짐승 (역병 든 들개): 빠르기 1.20u/s · 클립 walk × 1.55 · 발 미끄러짐 0cm/s (몸의 0%) ○ · 걸음마다 0.1cm · 디딤 몫 0.57 · 걸음 4.3/초
  ·   네발·족속 (흑랑 새끼 대역): 빠르기 1.20u/s · 클립 walk × 1.72 · 발 미끄러짐 1cm/s (몸의 0%) ○ · 걸음마다 0.1cm · 디딤 몫 0.57 · 걸음 3.9/초
  ·   두 발·Tripo (산적): 빠르기 1.20u/s · 클립 walk × 1.40 · 발 미끄러짐 1cm/s (몸의 1%) ○ · 걸음마다 0.2cm · 디딤 몫 0.49 · 걸음 3.2/초
  ·   두 발·Meshy (홀린 여창): 빠르기 1.20u/s · 클립 walk × 0.97 · 발 미끄러짐 2cm/s (몸의 2%) ○ · 걸음마다 0.3cm · 디딤 몫 0.28 · 걸음 2.4/초
  · ③ 달리기(쫓는 빠르기 = move_speed) — 1.0초 · 화면 오른쪽으로 곧게 (발 미끄러짐 목표 ≤ 10cm/s · 떠다님 앞 기울기 목표 9~16°):
  ·   떠다님·넋 (떠도는 넋): 빠르기 2.80u/s · 뼈 없음 · 앞 기울기 12.5° ○ · 옆 흔들림 13.3° · 둥실 2.2cm · 옷자락 끌림 9.8cm (물결 메시 2)
  ·   떠다님·몸 (나찰녀): 빠르기 3.60u/s · 뼈 없음 · 앞 기울기 15.9° ○ · 옆 흔들림 16.6° · 둥실 4.4cm · 옷자락 끌림 10.8cm (물결 메시 2)
  ·   네발·짐승 (역병 든 들개): 빠르기 4.50u/s · 클립 run × 1.29 · 발 미끄러짐 2cm/s (몸의 0%) ○ · 걸음마다 0.1cm · 디딤 몫 0.24 · 걸음 4.6/초
  ·   네발·족속 (흑랑 새끼 대역): 빠르기 4.50u/s · 클립 run × 1.66 · 발 미끄러짐 1cm/s (몸의 0%) ○ · 걸음마다 0.1cm · 디딤 몫 0.24 · 걸음 4.6/초
  ·   두 발·Tripo (산적): 빠르기 3.50u/s · 클립 run × 1.20 · 발 미끄러짐 1cm/s (몸의 0%) ○ · 걸음마다 0.1cm · 디딤 몫 0.26 · 걸음 5.2/초
  ·   두 발·Meshy (홀린 여창): 빠르기 3.80u/s · 클립 run × 0.87 · 발 미끄러짐 26cm/s (몸의 7%) ✗ · 걸음마다 1.7cm · 디딤 몫 0.23 · 걸음 3.9/초
  · ④ 공격 — 같은 틱에 선딜(피해 = 선딜 끝 · 타격 몫 목표 0.50~0.70 · 치는 곳 가장 빠른 때 = 선딜 끝 ± 0.08초, 2u/s 이상):
  ·   떠다님·넋 (떠도는 넋): 선딜 0.30초 · 잠금 0.55초 · 공격 클립 없음 · 가장 빠른 때 0.270초(타격 -0.030) ○ · 12.4u/s · 당김 10cm (0.23초) · 쏘기 40cm (0.30초) · 머리 쏘기 40cm
  ·   떠다님·몸 (나찰녀): 선딜 0.50초 · 잠금 0.75초 · 공격 클립 없음 · 가장 빠른 때 0.460초(타격 -0.040) ○ · 4.7u/s · 당김 8cm (0.42초) · 쏘기 15cm (0.50초) · 머리 쏘기 15cm
  ·   네발·짐승 (역병 든 들개): 선딜 0.30초 · 잠금 0.50초 · 클립 attack 0.50초 × 1.00배 · 타격 몫 0.60 ○ · 가장 빠른 때 0.280초(타격 -0.020) ○ · 6.6u/s · 당김 5cm (0.23초) · 쏘기 15cm (0.30초) · 머리 쏘기 17cm
  ·   네발·족속 (흑랑 새끼 대역): 선딜 0.40초 · 잠금 0.67초 · 클립 attack 0.67초 × 1.00배 · 타격 몫 0.60 ○ · 가장 빠른 때 0.352초(타격 -0.048) ○ · 5.0u/s · 당김 5cm (0.30초) · 쏘기 16cm (0.40초) · 머리 쏘기 22cm
  ·   두 발·Tripo (산적): 선딜 0.30초 · 잠금 0.55초 · 클립 attack2 0.55초 × 1.00배 · 타격 몫 0.55 ○ · 가장 빠른 때 0.280초(타격 -0.020) ○ · 18.8u/s · 당김 0cm (0.00초) · 쏘기 0cm (0.00초) · 머리 쏘기 43cm
  ·   두 발·Meshy (홀린 여창): 선딜 0.40초 · 잠금 3.03초 · 클립 attack_spear 3.03초 × 1.00배 · 타격 몫 0.13 ✗ · 가장 빠른 때 0.750초(타격 +0.350) ✗ · 8.9u/s · 당김 0cm (0.00초) · 쏘기 110cm (1.02초) · 머리 쏘기 110cm
[Audio] 같은 순간 같은 큐 상한(3) 넘침 — hit ×1 · enemy_hurt ×1 (버림 누계 484)
  · ⑤ 맞기 — 한 대(오른쪽에서 · 반응 ≥ 6cm 또는 젖힘 ≥ 8° · 피격 동작 0.20~0.40초):
  ·   떠다님·넋 (떠도는 넋): 경직 0.35초 · 피격 동작 없음 · 반응 15cm · 젖힘 12° ○ · 몸 밀림 22cm
  ·   떠다님·몸 (나찰녀): 경직 0.35초 · 피격 동작 없음 · 반응 10cm · 젖힘 8° ○ · 몸 밀림 22cm
  ·   네발·짐승 (역병 든 들개): 경직 0.35초 · 클립 hit 0.30초 × 1.0배 = 0.30초 ○ · 반응 8cm · 젖힘 6° ○ · 몸 밀림 22cm
  ·   네발·족속 (흑랑 새끼 대역): 경직 0.35초 · 클립 hit 0.30초 × 1.0배 = 0.30초 ○ · 반응 8cm · 젖힘 2° ○ · 몸 밀림 22cm
  ·   두 발·Tripo (산적): 경직 0.35초 · 클립 hit 0.30초 × 1.0배 = 0.30초 ○ · 반응 0cm · 젖힘 26° ○ · 몸 밀림 22cm
  ·   두 발·Meshy (홀린 여창): 경직 0.35초 · 클립 hit 0.30초 × 1.0배 = 0.30초 ○ · 반응 8cm · 젖힘 6° ○ · 몸 밀림 22cm
  · 요약 (○ = 목표 안 · 사양 monster_motion_v2 §2):
  ·   떠다님·넋 (떠도는 넋): 둥실 5.0cm○·2.2초○ · 기울기 걷기 5.4°○·쫓기 12.5°○ · 빠른 때○ · 당김 10○·쏘기 40○ · 맞기 15cm·12°○
  ·   떠다님·몸 (나찰녀): 둥실 6.0cm○·2.0초○ · 기울기 걷기 5.4°○·쫓기 15.9°○ · 빠른 때○ · 당김 8○·쏘기 15○ · 맞기 10cm·8°○
  ·   네발·짐승 (역병 든 들개): 대기 4.6cm○ · 미끄러짐 걷기 0○·달리기 2○ · 타격 몫 0.60○ · 빠른 때○ · 머리 쏘기 17○ · 맞기 8cm·6°○·동작 0.30초○
  ·   네발·족속 (흑랑 새끼 대역): 대기 3.3cm○ · 미끄러짐 걷기 1○·달리기 1○ · 타격 몫 0.60○ · 빠른 때○ · 머리 쏘기 22○ · 맞기 8cm·2°○·동작 0.30초○
  ·   두 발·Tripo (산적): 대기 9.5cm○ · 미끄러짐 걷기 1○·달리기 1○ · 타격 몫 0.55○ · 빠른 때○ · 맞기 0cm·26°○·동작 0.30초○
  ·   두 발·Meshy (홀린 여창): 대기 6.4cm○ · 미끄러짐 걷기 2○·달리기 26✗ · 타격 몫 0.13✗ · 빠른 때✗ · 맞기 8cm·6°○·동작 0.30초○
E2E monster_motion_gallery PASS (검사 70)
[Audio] BGM town → town.ogg
[Save] level 못골 마을 → user://save_e2e.json (C:/Users/FORYOUCOM/AppData/Roaming/Godot/app_userdata/Joseon Hunters/wt/codex-554-item-window-contract/save_e2e.json)
[Dev] stairs DungeonEntrance dir=1 world=(0.0, 0.0, -31.0) screen=(2121.067, -492.4143)
[Dev] interact Merchant world=(5.4, 0.0, -2.4) screen=(1047.293, 368.0158)
[Dev] interact Shaman world=(-5.6, 0.0, 0.4) screen=(408.5833, 148.8999)
[Dev] interact Elder world=(2.0, 0.0, -5.6) screen=(1038.037, 191.6542)
[Dev] interact Jumo world=(7.1, 0.0, -1.4) screen=(1079.692, 440.1637)
[Dev] interact Waypoint world=(-4.2, 0.0, 2.2) screen=(390.0698, 234.4085)
E2E ▶ element_status
[Dungeon] heukrang_gul 1층 lv=2 seed=403727558 gen 64x64 rooms=6 up=(44, 56) down=(7, 23) enemies=20 roster=bandit,bat,talisman_master elites=["방2:금색×3(깊이 0.50)"] named=-
[Quest] heukrang_gul 1층 — 싹쓸이 셈 시작 20 (heukrang_clear:none)
[Audio] BGM dungeon → dungeon_3.ogg
[Save] level 흑랑 굴 1층 → user://save_e2e.json (C:/Users/FORYOUCOM/AppData/Roaming/Godot/app_userdata/Joseon Hunters/wt/codex-554-item-window-contract/save_e2e.json)
[Dev] stairs StairsUp dir=-1 world=(44.5, 0.0, 56.5) screen=(593.7165, 335.9509)
[Dev] stairs StairsDown dir=1 world=(7.5, 0.0, 23.5) screen=(408.583, -1534.551)
[Dev] interact PusJar world=(29.5, 0.0, 42.5) screen=(547.433, -487.0705)
[Dev] interact @Area3D@31641 world=(14.5, 0.0, 24.5) screen=(686.2831, -1368.878)
[Dev] interact @Area3D@31642 world=(23.5, 0.0, 18.5) screen=(1380.534, -1288.714)
[Dev] interact LootChest world=(29.5, 0.0, 39.5) screen=(686.2831, -567.2349)
[Dev] interact @Area3D@31643 world=(40.5, 0.0, 38.5) screen=(1241.683, -300.0204)
[Dev] interact LootPot world=(21.5, 0.0, 43.5) screen=(130.8828, -674.1207)
[Dev] interact @Area3D@31644 world=(22.5, 0.0, 44.5) screen=(130.8829, -620.6779)
[Dev] interact @Area3D@31645 world=(19.5, 0.0, 9.5) screen=(1611.95, -1636.093)
[Dev] interact @Area3D@31646 world=(20.5, 0.0, 9.5) screen=(1658.234, -1609.372)
[Dev] interact @Area3D@31647 world=(44.5, 0.0, 51.5) screen=(825.1333, 154.2443)
[Dev] interact @Area3D@31648 world=(44.5, 0.0, 52.5) screen=(778.8499, 180.9657)
[Dev] interact @Area3D@31649 world=(21.5, 0.0, 39.5) screen=(316.0163, -781.0065)
[Dev] removed 20 enemies
  · 무대 = 방 [P: (15, 43), S: (14, 13)], 가로 11.0u
[Dev] 한기 3초 → 산적
  · 한기 이동 실측 2.27 / 3.50 = ×0.65 (사양 ×0.65)
[Dev] 빙결 → 산적 (얼음)
[Dev] 빙결 → 산적 (안 얼어 한기로)
[Kill] +6 xp (lv 1, 6/20)
[Kill] +6 xp (lv 1, 12/20)
[Dev] item 무명옷 world=(18.5, 0.0, 48.5) screen=(774.0809, 362.7612)
[Save] quest → user://save_e2e.json (C:/Users/FORYOUCOM/AppData/Roaming/Godot/app_userdata/Joseon Hunters/wt/codex-554-item-window-contract/save_e2e.json)
[Quest] heukrang_clear 싹쓸이 완료 (none → killed)
[Dev] removed 2 enemies
[Dev] removed 0 enemies
[Dev] 화상 3/초 × 2초 → 산적
[Kill] +6 xp (lv 1, 18/20)
[Dev] item 탕약 — 쌍화탕 world=(17.98201, 0.0, 48.57655) screen=(751.3326, 358.9133)
[Dev] removed 3 enemies
[Dev] removed 0 enemies
[Click] world=(27.5, 0.0, 49.5) cell=(27, 49)
[Dev] 도호 빙결 요청 → 한기 3.0초
[Click] world=(27.5, 0.0, 49.5) cell=(27, 49)
E2E element_status PASS (검사 78)
[Audio] BGM town → town.ogg
[Save] level 못골 마을 → user://save_e2e.json (C:/Users/FORYOUCOM/AppData/Roaming/Godot/app_userdata/Joseon Hunters/wt/codex-554-item-window-contract/save_e2e.json)
[Dev] stairs DungeonEntrance dir=1 world=(0.0, 0.0, -31.0) screen=(2121.067, -492.4143)
[Dev] interact Merchant world=(5.4, 0.0, -2.4) screen=(1047.293, 368.0158)
[Dev] interact Shaman world=(-5.6, 0.0, 0.4) screen=(408.5833, 148.8999)
[Dev] interact Elder world=(2.0, 0.0, -5.6) screen=(1038.037, 191.6542)
[Dev] interact Jumo world=(7.1, 0.0, -1.4) screen=(1079.692, 440.1637)
[Dev] interact Waypoint world=(-4.2, 0.0, 2.2) screen=(390.0698, 234.4085)
E2E ▶ element_ui
[Dungeon] heukrang_gul 1층 lv=2 seed=403727558 gen 64x64 rooms=6 up=(44, 56) down=(7, 23) enemies=20 roster=bandit,bat,talisman_master elites=["방2:금색×3(깊이 0.50)"] named=-
[Quest] heukrang_gul 1층 — 싹쓸이 셈 시작 20 (heukrang_clear:none)
[Audio] BGM dungeon → dungeon_1.ogg
[Save] level 흑랑 굴 1층 → user://save_e2e.json (C:/Users/FORYOUCOM/AppData/Roaming/Godot/app_userdata/Joseon Hunters/wt/codex-554-item-window-contract/save_e2e.json)
[Dev] stairs StairsUp dir=-1 world=(44.5, 0.0, 56.5) screen=(593.7165, 335.9509)
[Dev] stairs StairsDown dir=1 world=(7.5, 0.0, 23.5) screen=(408.583, -1534.551)
[Dev] interact PusJar world=(29.5, 0.0, 42.5) screen=(547.433, -487.0705)
[Dev] interact @Area3D@32015 world=(14.5, 0.0, 24.5) screen=(686.2831, -1368.878)
[Dev] interact @Area3D@32016 world=(23.5, 0.0, 18.5) screen=(1380.534, -1288.714)
[Dev] interact LootChest world=(29.5, 0.0, 39.5) screen=(686.2831, -567.2349)
[Dev] interact @Area3D@32017 world=(40.5, 0.0, 38.5) screen=(1241.683, -300.0204)
[Dev] interact LootPot world=(21.5, 0.0, 43.5) screen=(130.8828, -674.1207)
[Dev] interact @Area3D@32018 world=(22.5, 0.0, 44.5) screen=(130.8829, -620.6779)
[Dev] interact @Area3D@32019 world=(19.5, 0.0, 9.5) screen=(1611.95, -1636.093)
[Dev] interact @Area3D@32020 world=(20.5, 0.0, 9.5) screen=(1658.234, -1609.372)
[Dev] interact @Area3D@32021 world=(44.5, 0.0, 51.5) screen=(825.1333, 154.2443)
[Dev] interact @Area3D@32022 world=(44.5, 0.0, 52.5) screen=(778.8499, 180.9657)
[Dev] interact @Area3D@32023 world=(21.5, 0.0, 39.5) screen=(316.0163, -781.0065)
[Dev] removed 20 enemies
E2E element_ui PASS (검사 4)
[Audio] BGM town → town.ogg
[Save] level 못골 마을 → user://save_e2e.json (C:/Users/FORYOUCOM/AppData/Roaming/Godot/app_userdata/Joseon Hunters/wt/codex-554-item-window-contract/save_e2e.json)
[Dev] stairs DungeonEntrance dir=1 world=(0.0, 0.0, -31.0) screen=(2121.067, -492.4143)
[Dev] interact Merchant world=(5.4, 0.0, -2.4) screen=(1047.293, 368.0158)
[Dev] interact Shaman world=(-5.6, 0.0, 0.4) screen=(408.5833, 148.8999)
[Dev] interact Elder world=(2.0, 0.0, -5.6) screen=(1038.037, 191.6542)
[Dev] interact Jumo world=(7.1, 0.0, -1.4) screen=(1079.692, 440.1637)
[Dev] interact Waypoint world=(-4.2, 0.0, 2.2) screen=(390.0698, 234.4085)
E2E ▶ talisman_targeting
[Dungeon] heukrang_gul 1층 lv=2 seed=403727558 gen 64x64 rooms=6 up=(44, 56) down=(7, 23) enemies=20 roster=bandit,bat,talisman_master elites=["방2:금색×3(깊이 0.50)"] named=-
[Quest] heukrang_gul 1층 — 싹쓸이 셈 시작 20 (heukrang_clear:none)
[Audio] BGM dungeon → dungeon_4.ogg
[Save] level 흑랑 굴 1층 → user://save_e2e.json (C:/Users/FORYOUCOM/AppData/Roaming/Godot/app_userdata/Joseon Hunters/wt/codex-554-item-window-contract/save_e2e.json)
[Dev] stairs StairsUp dir=-1 world=(44.5, 0.0, 56.5) screen=(593.7165, 335.9509)
[Dev] stairs StairsDown dir=1 world=(7.5, 0.0, 23.5) screen=(408.583, -1534.551)
[Dev] interact PusJar world=(29.5, 0.0, 42.5) screen=(547.433, -487.0705)
[Dev] interact @Area3D@32366 world=(14.5, 0.0, 24.5) screen=(686.2831, -1368.878)
[Dev] interact @Area3D@32367 world=(23.5, 0.0, 18.5) screen=(1380.534, -1288.714)
[Dev] interact LootChest world=(29.5, 0.0, 39.5) screen=(686.2831, -567.2349)
[Dev] interact @Area3D@32368 world=(40.5, 0.0, 38.5) screen=(1241.683, -300.0204)
[Dev] interact LootPot world=(21.5, 0.0, 43.5) screen=(130.8828, -674.1207)
[Dev] interact @Area3D@32369 world=(22.5, 0.0, 44.5) screen=(130.8829, -620.6779)
[Dev] interact @Area3D@32370 world=(19.5, 0.0, 9.5) screen=(1611.95, -1636.093)
[Dev] interact @Area3D@32371 world=(20.5, 0.0, 9.5) screen=(1658.234, -1609.372)
[Dev] interact @Area3D@32372 world=(44.5, 0.0, 51.5) screen=(825.1333, 154.2443)
[Dev] interact @Area3D@32373 world=(44.5, 0.0, 52.5) screen=(778.8499, 180.9657)
[Dev] interact @Area3D@32374 world=(21.5, 0.0, 39.5) screen=(316.0163, -781.0065)
[Dev] removed 20 enemies
[Talisman] 화염부 → 적 (20.5, 0.0, 49.5) (배율 1.20 · 아낌 false · 흩뿌리기 {  })
[Talisman] 빙결부 → 바닥 (18.98894, 0.0, 50.99464) (배율 1.20 · 아낌 false · 흩뿌리기 {  })
[Talisman] 화염부 → 적 (20.5, 0.0, 49.5) (배율 1.20 · 아낌 false · 흩뿌리기 {  })
[Talisman] 화염부 → 적 (20.5, 0.0, 49.5) (배율 1.20 · 아낌 false · 흩뿌리기 {  })
[Talisman] 빙결부 → 적 (20.5, 0.0, 49.5) (배율 1.20 · 아낌 false · 흩뿌리기 {  })
[Talisman] 벽력부 → 적 (20.5, 0.0, 49.5) (배율 1.20 · 아낌 false · 흩뿌리기 {  })
[Vfx] missing cue: talisman_lightning_trail (큐 표 design/vfx.md §2)
[Audio] BGM town → town.ogg
[Save] level 못골 마을 → user://save_e2e.json (C:/Users/FORYOUCOM/AppData/Roaming/Godot/app_userdata/Joseon Hunters/wt/codex-554-item-window-contract/save_e2e.json)
[Dev] stairs DungeonEntrance dir=1 world=(0.0, 0.0, -31.0) screen=(1905.067, -492.4141)
[Dev] interact Merchant world=(5.4, 0.0, -2.4) screen=(831.2935, 368.0157)
[Dev] interact Shaman world=(-5.6, 0.0, 0.4) screen=(192.5832, 148.8999)
[Dev] interact Elder world=(2.0, 0.0, -5.6) screen=(822.0369, 191.6542)
[Dev] interact Jumo world=(7.1, 0.0, -1.4) screen=(863.6919, 440.1637)
[Dev] interact Waypoint world=(-4.2, 0.0, 2.2) screen=(174.07, 234.4085)
[Dungeon] heukrang_gul 1층 lv=2 seed=403727558 gen 64x64 rooms=6 up=(44, 56) down=(7, 23) enemies=20 roster=bandit,bat,talisman_master elites=["방2:금색×3(깊이 0.50)"] named=-
[Quest] heukrang_gul 1층 — 싹쓸이 셈 시작 20 (heukrang_clear:none)
[Audio] BGM dungeon → dungeon_2.ogg
[Save] level 흑랑 굴 1층 → user://save_e2e.json (C:/Users/FORYOUCOM/AppData/Roaming/Godot/app_userdata/Joseon Hunters/wt/codex-554-item-window-contract/save_e2e.json)
[Dev] stairs StairsUp dir=-1 world=(44.5, 0.0, 56.5) screen=(377.7165, 335.9507)
[Dev] stairs StairsDown dir=1 world=(7.5, 0.0, 23.5) screen=(192.583, -1534.551)
[Dev] interact PusJar world=(29.5, 0.0, 42.5) screen=(331.4331, -487.0706)
[Dev] interact @Area3D@32732 world=(14.5, 0.0, 24.5) screen=(470.2832, -1368.879)
[Dev] interact @Area3D@32733 world=(23.5, 0.0, 18.5) screen=(1164.534, -1288.714)
[Dev] interact LootChest world=(29.5, 0.0, 39.5) screen=(470.2832, -567.235)
[Dev] interact @Area3D@32734 world=(40.5, 0.0, 38.5) screen=(1025.683, -300.0205)
[Dev] interact LootPot world=(21.5, 0.0, 43.5) screen=(-85.11703, -674.1208)
[Dev] interact @Area3D@32735 world=(22.5, 0.0, 44.5) screen=(-85.11711, -620.6779)
[Dev] interact @Area3D@32736 world=(19.5, 0.0, 9.5) screen=(1395.95, -1636.093)
[Dev] interact @Area3D@32737 world=(20.5, 0.0, 9.5) screen=(1442.234, -1609.372)
[Dev] interact @Area3D@32738 world=(44.5, 0.0, 51.5) screen=(609.1333, 154.2441)
[Dev] interact @Area3D@32739 world=(44.5, 0.0, 52.5) screen=(562.8499, 180.9656)
[Dev] interact @Area3D@32740 world=(21.5, 0.0, 39.5) screen=(100.0164, -781.0067)
[Dev] removed 20 enemies
[Death] 도호 사망 → 1.2s 뒤 마을 복귀, 엽전 -0
[Audio] BGM town → town.ogg
[Save] level 못골 마을 → user://save_e2e.json (C:/Users/FORYOUCOM/AppData/Roaming/Godot/app_userdata/Joseon Hunters/wt/codex-554-item-window-contract/save_e2e.json)
[Dev] stairs DungeonEntrance dir=1 world=(0.0, 0.0, -31.0) screen=(1905.067, -492.4141)
[Dev] interact Merchant world=(5.4, 0.0, -2.4) screen=(831.2935, 368.0157)
[Dev] interact Shaman world=(-5.6, 0.0, 0.4) screen=(192.5832, 148.8999)
[Dev] interact Elder world=(2.0, 0.0, -5.6) screen=(822.0369, 191.6542)
[Dev] interact Jumo world=(7.1, 0.0, -1.4) screen=(863.6919, 440.1637)
[Dev] interact Waypoint world=(-4.2, 0.0, 2.2) screen=(174.07, 234.4085)
[Vendor] sell 화염부 +20 gold=20
E2E talisman_targeting PASS (검사 75)
[Save] level 못골 마을 → user://save_e2e.json (C:/Users/FORYOUCOM/AppData/Roaming/Godot/app_userdata/Joseon Hunters/wt/codex-554-item-window-contract/save_e2e.json)
[Dev] stairs DungeonEntrance dir=1 world=(0.0, 0.0, -31.0) screen=(2121.067, -492.4143)
[Dev] interact Merchant world=(5.4, 0.0, -2.4) screen=(1047.293, 368.0158)
[Dev] interact Shaman world=(-5.6, 0.0, 0.4) screen=(408.5833, 148.8999)
[Dev] interact Elder world=(2.0, 0.0, -5.6) screen=(1038.037, 191.6542)
[Dev] interact Jumo world=(7.1, 0.0, -1.4) screen=(1079.692, 440.1637)
[Dev] interact Waypoint world=(-4.2, 0.0, 2.2) screen=(390.0698, 234.4085)
E2E ▶ talisman_throw
[Dungeon] heukrang_gul 1층 lv=2 seed=403727558 gen 64x64 rooms=6 up=(44, 56) down=(7, 23) enemies=20 roster=bandit,bat,talisman_master elites=["방2:금색×3(깊이 0.50)"] named=-
[Quest] heukrang_gul 1층 — 싹쓸이 셈 시작 20 (heukrang_clear:none)
[Audio] BGM dungeon → dungeon_3.ogg
[Save] level 흑랑 굴 1층 → user://save_e2e.json (C:/Users/FORYOUCOM/AppData/Roaming/Godot/app_userdata/Joseon Hunters/wt/codex-554-item-window-contract/save_e2e.json)
[Dev] stairs StairsUp dir=-1 world=(44.5, 0.0, 56.5) screen=(593.7165, 335.9509)
[Dev] stairs StairsDown dir=1 world=(7.5, 0.0, 23.5) screen=(408.583, -1534.551)
[Dev] interact PusJar world=(29.5, 0.0, 42.5) screen=(547.433, -487.0705)
[Dev] interact @Area3D@33242 world=(14.5, 0.0, 24.5) screen=(686.2831, -1368.878)
[Dev] interact @Area3D@33243 world=(23.5, 0.0, 18.5) screen=(1380.534, -1288.714)
[Dev] interact LootChest world=(29.5, 0.0, 39.5) screen=(686.2831, -567.2349)
[Dev] interact @Area3D@33244 world=(40.5, 0.0, 38.5) screen=(1241.683, -300.0204)
[Dev] interact LootPot world=(21.5, 0.0, 43.5) screen=(130.8828, -674.1207)
[Dev] interact @Area3D@33245 world=(22.5, 0.0, 44.5) screen=(130.8829, -620.6779)
[Dev] interact @Area3D@33246 world=(19.5, 0.0, 9.5) screen=(1611.95, -1636.093)
[Dev] interact @Area3D@33247 world=(20.5, 0.0, 9.5) screen=(1658.234, -1609.372)
[Dev] interact @Area3D@33248 world=(44.5, 0.0, 51.5) screen=(825.1333, 154.2443)
[Dev] interact @Area3D@33249 world=(44.5, 0.0, 52.5) screen=(778.8499, 180.9657)
[Dev] interact @Area3D@33250 world=(21.5, 0.0, 39.5) screen=(316.0163, -781.0065)
[Dev] removed 20 enemies
  · 무대 = 방 [P: (15, 43), S: (14, 13)]
[Talisman] 화염부 → 적 (19.5, 0.0, 49.5) (배율 1.20 · 아낌 false · 흩뿌리기 {  })
[Talisman] 화염부 → 적 (19.5, 0.0, 49.5) (배율 1.20 · 아낌 false · 흩뿌리기 {  })
[Talisman] 빙결부 → 적 (19.7, 0.0, 50.0) (배율 1.20 · 아낌 false · 흩뿌리기 {  })
[Talisman] 빙결부 → 적 (20.0, 0.0, 49.5) (배율 1.20 · 아낌 false · 흩뿌리기 {  })
[Talisman] 화염부 → 적 (19.5, 0.0, 49.5) (배율 1.20 · 아낌 false · 흩뿌리기 {  })
[Kill] +6 xp (lv 1, 6/20)
[Dev] item 엽전 world=(19.5, 0.0, 49.5) screen=(778.8499, 424.153)
[Dev] item 미식별 목검 world=(19.5, 0.0, 49.5) screen=(778.8499, 424.153)
[Loot] 첫 매직 보장 — bandit (wooden_sword ilvl 1) · 회차 1
[Save] quest → user://save_e2e.json (C:/Users/FORYOUCOM/AppData/Roaming/Godot/app_userdata/Joseon Hunters/wt/codex-554-item-window-contract/save_e2e.json)
[Quest] heukrang_clear 싹쓸이 완료 (none → killed)
[Click] world=(20.21327, 0.0, 49.67553) cell=(20, 49)
[Talisman] 빙결부 → 적 (19.5483, 0.000827, 48.92755) (배율 1.20 · 아낌 false · 흩뿌리기 {  })
[Kill] +6 xp (lv 1, 12/20)
[Dev] item 엽전 world=(19.5483, 0.0, 48.92755) screen=(807.5803, 410.1469)
[Dev] item 미식별 목검 world=(19.5483, 0.0, 48.92755) screen=(807.5803, 410.1469)
[Loot] 첫 매직 보장 — bandit (wooden_sword ilvl 1) · 회차 1
[Kill] +6 xp (lv 1, 18/20)
[Dev] item 엽전 world=(19.5, 0.0, 50.0) screen=(755.7083, 437.5137)
[Dev] item 화염부 world=(32.5, 0.0, 70.5) screen=(408.583, 1332.682)
[Dev] item 빙결부 world=(33.5, 0.0, 69.5) screen=(501.1497, 1332.682)
[Field] deulnyeok seed=355022911 128x128 props=2252 packs=18 enemies=74 waypoint=(62, 65) roster=bandit,bat,talisman_master elites=["13:파란×4@구간3"]
[Save] level 못골 들녘 → user://save_e2e.json (C:/Users/FORYOUCOM/AppData/Roaming/Godot/app_userdata/Joseon Hunters/wt/codex-554-item-window-contract/save_e2e.json)
[Dev] stairs Down_cave dir=1 world=(88.5, 0.0, 3.5) screen=(7212.236, 897.1014)
[Dev] interact Waypoint world=(62.5, 0.0, 65.5) screen=(3139.301, 1810.974)
[Dev] interact FloorItem world=(32.5, 0.0, 70.5) screen=(1519.384, 1142.938)
[Dev] interact @Area3D@33784 world=(33.5, 0.0, 69.5) screen=(1611.95, 1142.938)
[Dev] interact PusJar world=(95.5, 0.0, 103.5) screen=(2907.884, 3708.197)
[Dev] interact @Area3D@33931 world=(101.5, 0.0, 105.5) screen=(3093.018, 3921.969)
[Dev] interact @Area3D@33932 world=(98.5, 0.0, 107.5) screen=(2861.601, 3895.247)
[Dev] interact LootChest world=(27.5, 0.0, 70.5) screen=(1287.967, 1009.331)
[Dev] interact @Area3D@33933 world=(94.5, 0.0, 100.5) screen=(3000.451, 3601.312)
[Dev] interact @Area3D@33934 world=(55.5, 0.0, 52.5) screen=(3417.001, 1276.545)
[Dev] interact LootPot world=(46.5, 0.0, 68.5) screen=(2259.917, 1463.595)
[Dev] interact @Area3D@33935 world=(73.5, 0.0, 47.5) screen=(4481.519, 1623.924)
[Dev] interact @Area3D@33936 world=(90.5, 0.0, 47.5) screen=(5268.335, 2078.189)
[Dev] interact @Area3D@33937 world=(111.5, 0.0, 49.5) screen=(6147.719, 2692.782)
[Dev] interact @Area3D@33938 world=(101.5, 0.0, 101.5) screen=(3278.151, 3815.083)
[Dev] interact @Area3D@33939 world=(86.5, 0.0, 76.5) screen=(3740.984, 2746.225)
[Dev] interact @Area3D@33940 world=(53.5, 0.0, 52.5) screen=(3324.434, 1223.102)
[Dev] interact @Area3D@33941 world=(87.5, 0.0, 95.5) screen=(2907.884, 3280.654)
[Dev] interact @Area3D@33942 world=(26.5, 0.0, 66.5) screen=(1426.817, 875.7234)
[Dev] interact @Area3D@33943 world=(17.5, 0.0, 60.5) screen=(1287.967, 474.9016)
[Dev] interact @Area3D@33944 world=(86.5, 0.0, 22.5) screen=(6240.286, 1303.266)
[Dev] interact @Area3D@33945 world=(59.5, 0.0, 65.5) screen=(3000.451, 1730.81)
[Dev] interact @Area3D@33946 world=(18.5, 0.0, 74.5) screen=(686.2832, 875.7234)
[Dev] interact @Area3D@33947 world=(44.5, 0.0, 69.5) screen=(2121.067, 1436.874)
[Dev] interact @Area3D@33948 world=(73.5, 0.0, 49.5) screen=(4388.952, 1677.367)
[Dev] interact @Area3D@33949 world=(88.5, 0.0, 52.5) screen=(4944.352, 2158.353)
[Field] deulnyeok seed=355022911 128x128 props=2252 packs=18 enemies=74 waypoint=(62, 65) roster=bandit,bat,talisman_master elites=["13:파란×4@구간3"]
[Save] level 못골 들녘 → user://save_e2e.json (C:/Users/FORYOUCOM/AppData/Roaming/Godot/app_userdata/Joseon Hunters/wt/codex-554-item-window-contract/save_e2e.json)
[Dev] stairs Down_cave dir=1 world=(88.5, 0.0, 3.5) screen=(7212.236, 897.1014)
[Dev] interact Waypoint world=(62.5, 0.0, 65.5) screen=(3139.301, 1810.974)
[Dev] interact PusJar world=(95.5, 0.0, 103.5) screen=(2907.884, 3708.197)
[Dev] interact @Area3D@34598 world=(101.5, 0.0, 105.5) screen=(3093.018, 3921.969)
[Dev] interact @Area3D@34599 world=(98.5, 0.0, 107.5) screen=(2861.601, 3895.247)
[Dev] interact LootChest world=(27.5, 0.0, 70.5) screen=(1287.967, 1009.331)
[Dev] interact @Area3D@34600 world=(94.5, 0.0, 100.5) screen=(3000.451, 3601.312)
[Dev] interact @Area3D@34601 world=(55.5, 0.0, 52.5) screen=(3417.001, 1276.545)
[Dev] interact LootPot world=(46.5, 0.0, 68.5) screen=(2259.917, 1463.595)
[Dev] interact @Area3D@34602 world=(73.5, 0.0, 47.5) screen=(4481.519, 1623.924)
[Dev] interact @Area3D@34603 world=(90.5, 0.0, 47.5) screen=(5268.335, 2078.189)
[Dev] interact @Area3D@34604 world=(111.5, 0.0, 49.5) screen=(6147.719, 2692.782)
[Dev] interact @Area3D@34605 world=(101.5, 0.0, 101.5) screen=(3278.151, 3815.083)
[Dev] interact @Area3D@34606 world=(86.5, 0.0, 76.5) screen=(3740.984, 2746.225)
[Dev] interact @Area3D@34607 world=(53.5, 0.0, 52.5) screen=(3324.434, 1223.102)
[Dev] interact @Area3D@34608 world=(87.5, 0.0, 95.5) screen=(2907.884, 3280.654)
[Dev] interact @Area3D@34609 world=(26.5, 0.0, 66.5) screen=(1426.817, 875.7234)
[Dev] interact @Area3D@34610 world=(17.5, 0.0, 60.5) screen=(1287.967, 474.9016)
[Dev] interact @Area3D@34611 world=(86.5, 0.0, 22.5) screen=(6240.286, 1303.266)
[Dev] interact @Area3D@34612 world=(59.5, 0.0, 65.5) screen=(3000.451, 1730.81)
[Dev] interact @Area3D@34613 world=(18.5, 0.0, 74.5) screen=(686.2832, 875.7234)
[Dev] interact @Area3D@34614 world=(44.5, 0.0, 69.5) screen=(2121.067, 1436.874)
[Dev] interact @Area3D@34615 world=(73.5, 0.0, 49.5) screen=(4388.952, 1677.367)
[Dev] interact @Area3D@34616 world=(88.5, 0.0, 52.5) screen=(4944.352, 2158.353)
[Dev] item 화염부 world=(32.5, 0.0, 70.5) screen=(1519.384, 1172.353)
[Dev] item 빙결부 world=(33.5, 0.0, 69.5) screen=(1611.95, 1172.353)
[Field] deulnyeok seed=355022911 128x128 props=2252 packs=18 enemies=74 waypoint=(62, 65) roster=bandit,bat,talisman_master elites=["12:파란×4@구간3", "7:파란×4@구간2"]
[Save] level 못골 들녘 → user://save_e2e.json (C:/Users/FORYOUCOM/AppData/Roaming/Godot/app_userdata/Joseon Hunters/wt/codex-554-item-window-contract/save_e2e.json)
[Dev] stairs Down_cave dir=1 world=(88.5, 0.0, 3.5) screen=(7212.236, 897.1014)
[Dev] interact Waypoint world=(62.5, 0.0, 65.5) screen=(3139.301, 1810.974)
[Dev] interact FloorItem world=(32.5, 0.0, 70.5) screen=(1519.384, 1142.938)
[Dev] interact @Area3D@35118 world=(33.5, 0.0, 69.5) screen=(1611.95, 1142.938)
[Dev] interact PusJar world=(95.5, 0.0, 103.5) screen=(2907.884, 3708.197)
[Dev] interact @Area3D@35261 world=(101.5, 0.0, 105.5) screen=(3093.018, 3921.969)
[Dev] interact @Area3D@35262 world=(98.5, 0.0, 107.5) screen=(2861.601, 3895.247)
[Dev] interact LootChest world=(27.5, 0.0, 70.5) screen=(1287.967, 1009.331)
[Dev] interact @Area3D@35263 world=(94.5, 0.0, 100.5) screen=(3000.451, 3601.312)
[Dev] interact @Area3D@35264 world=(55.5, 0.0, 52.5) screen=(3417.001, 1276.545)
[Dev] interact LootPot world=(46.5, 0.0, 68.5) screen=(2259.917, 1463.595)
[Dev] interact @Area3D@35265 world=(73.5, 0.0, 47.5) screen=(4481.519, 1623.924)
[Dev] interact @Area3D@35266 world=(90.5, 0.0, 47.5) screen=(5268.335, 2078.189)
[Dev] interact @Area3D@35267 world=(111.5, 0.0, 49.5) screen=(6147.719, 2692.782)
[Dev] interact @Area3D@35268 world=(101.5, 0.0, 101.5) screen=(3278.151, 3815.083)
[Dev] interact @Area3D@35269 world=(86.5, 0.0, 76.5) screen=(3740.984, 2746.225)
[Dev] interact @Area3D@35270 world=(53.5, 0.0, 52.5) screen=(3324.434, 1223.102)
[Dev] interact @Area3D@35271 world=(87.5, 0.0, 95.5) screen=(2907.884, 3280.654)
[Dev] interact @Area3D@35272 world=(26.5, 0.0, 66.5) screen=(1426.817, 875.7234)
[Dev] interact @Area3D@35273 world=(17.5, 0.0, 60.5) screen=(1287.967, 474.9016)
[Dev] interact @Area3D@35274 world=(86.5, 0.0, 22.5) screen=(6240.286, 1303.266)
[Dev] interact @Area3D@35275 world=(59.5, 0.0, 65.5) screen=(3000.451, 1730.81)
[Dev] interact @Area3D@35276 world=(18.5, 0.0, 74.5) screen=(686.2832, 875.7234)
[Dev] interact @Area3D@35277 world=(44.5, 0.0, 69.5) screen=(2121.067, 1436.874)
[Dev] interact @Area3D@35278 world=(73.5, 0.0, 49.5) screen=(4388.952, 1677.367)
[Dev] interact @Area3D@35279 world=(88.5, 0.0, 52.5) screen=(4944.352, 2158.353)
E2E talisman_throw PASS (검사 56)
[Audio] BGM town → town.ogg
[Save] level 못골 마을 → user://save_e2e.json (C:/Users/FORYOUCOM/AppData/Roaming/Godot/app_userdata/Joseon Hunters/wt/codex-554-item-window-contract/save_e2e.json)
[Dev] stairs DungeonEntrance dir=1 world=(0.0, 0.0, -31.0) screen=(2121.067, -492.4143)
[Dev] interact Merchant world=(5.4, 0.0, -2.4) screen=(1047.293, 368.0158)
[Dev] interact Shaman world=(-5.6, 0.0, 0.4) screen=(408.5833, 148.8999)
[Dev] interact Elder world=(2.0, 0.0, -5.6) screen=(1038.037, 191.6542)
[Dev] interact Jumo world=(7.1, 0.0, -1.4) screen=(1079.692, 440.1637)
[Dev] interact Waypoint world=(-4.2, 0.0, 2.2) screen=(390.0698, 234.4085)
E2E ▶ talisman_aoe
[Dungeon] heukrang_gul 1층 lv=2 seed=403727558 gen 64x64 rooms=6 up=(44, 56) down=(7, 23) enemies=20 roster=bandit,bat,talisman_master elites=["방2:금색×3(깊이 0.50)"] named=-
[Quest] heukrang_gul 1층 — 싹쓸이 셈 시작 20 (heukrang_clear:none)
[Audio] BGM dungeon → dungeon_1.ogg
[Save] level 흑랑 굴 1층 → user://save_e2e.json (C:/Users/FORYOUCOM/AppData/Roaming/Godot/app_userdata/Joseon Hunters/wt/codex-554-item-window-contract/save_e2e.json)
[Dev] stairs StairsUp dir=-1 world=(44.5, 0.0, 56.5) screen=(593.7165, 335.9509)
[Dev] stairs StairsDown dir=1 world=(7.5, 0.0, 23.5) screen=(408.583, -1534.551)
[Dev] interact PusJar world=(29.5, 0.0, 42.5) screen=(547.433, -487.0705)
[Dev] interact @Area3D@35621 world=(14.5, 0.0, 24.5) screen=(686.2831, -1368.878)
[Dev] interact @Area3D@35622 world=(23.5, 0.0, 18.5) screen=(1380.534, -1288.714)
[Dev] interact LootChest world=(29.5, 0.0, 39.5) screen=(686.2831, -567.2349)
[Dev] interact @Area3D@35623 world=(40.5, 0.0, 38.5) screen=(1241.683, -300.0204)
[Dev] interact LootPot world=(21.5, 0.0, 43.5) screen=(130.8828, -674.1207)
[Dev] interact @Area3D@35624 world=(22.5, 0.0, 44.5) screen=(130.8829, -620.6779)
[Dev] interact @Area3D@35625 world=(19.5, 0.0, 9.5) screen=(1611.95, -1636.093)
[Dev] interact @Area3D@35626 world=(20.5, 0.0, 9.5) screen=(1658.234, -1609.372)
[Dev] interact @Area3D@35627 world=(44.5, 0.0, 51.5) screen=(825.1333, 154.2443)
[Dev] interact @Area3D@35628 world=(44.5, 0.0, 52.5) screen=(778.8499, 180.9657)
[Dev] interact @Area3D@35629 world=(21.5, 0.0, 39.5) screen=(316.0163, -781.0065)
[Dev] removed 20 enemies
[Talisman] 화염부 → 적 (20.5, 0.0, 50.2) (배율 1.20 · 아낌 false · 흩뿌리기 {  })
[Kill] +6 xp (lv 1, 6/20)
[Dev] item 엽전 world=(19.1, 0.0, 48.88861) screen=(788.6335, 397.1273)
[Kill] +6 xp (lv 1, 12/20)
  · fire: 겨눈 자리 (20.0, 0.0, 49.5) · 끝 = burst (radius=1.50)
  ·   [터지는 순간] #0 hp0=3 죽음 — 막타 속성=fire · kind=ash play=ash
  ·   [터지는 순간] #1 hp0=3 그대로(반경 밖)
  ·   [터지는 순간] #2 hp0=3 죽음 — 막타 속성=fire · kind=ash play=ash
  ·   [터지는 순간] #3 hp0=3 그대로(반경 밖)
  ·   [터지는 순간] #4 hp0=15 hp=5.0 화상=true 빙결=false 한기=false
  ·   [터지는 순간] #5 hp0=15 그대로(반경 밖)
  ·   [0.5초] #0 hp0=3 죽음 — 막타 속성=fire · kind=ash play=ash
  ·   [0.5초] #1 hp0=3 그대로(반경 밖)
  ·   [0.5초] #2 hp0=3 죽음 — 막타 속성=fire · kind=ash play=ash
  ·   [0.5초] #3 hp0=3 그대로(반경 밖)
  ·   [0.5초] #4 hp0=15 hp=4.0 화상=true 빙결=false 한기=false
  ·   [0.5초] #5 hp0=15 그대로(반경 밖)
[Kill] +6 xp (lv 1, 18/20)
[Dev] item 무명 도포 world=(19.08359, 0.0, 50.2) screen=(727.1787, 431.731)
  ·   [1.5초] #0 hp0=3 죽음 — 막타 속성=fire · kind=ash play=ash
  ·   [1.5초] #1 hp0=3 그대로(반경 밖)
  ·   [1.5초] #2 hp0=3 죽음 — 막타 속성=fire · kind=ash play=ash
  ·   [1.5초] #3 hp0=3 그대로(반경 밖)
  ·   [1.5초] #4 hp0=15 죽음 — 막타 속성=fire · kind=ash play=ash
  ·   [1.5초] #5 hp0=15 그대로(반경 밖)
  · fire: 요약 — 맞은 마릿수 3/6 · 죽음 3/6 · 막타 속성 [&"fire"] · 죽음 종류 [&"ash"]
[Talisman] 빙결부 → 적 (20.5, 0.0, 50.2) (배율 1.20 · 아낌 false · 흩뿌리기 {  })
[Kill] +6 xp (lv 2, 4/57)
[LevelUp] lv=2 stat_pts=5 skill_pts=1
[Dev] item 엽전 world=(19.1, 0.0, 48.88861) screen=(788.6335, 397.1267)
[Dev] item 무명옷 world=(19.1, 0.0, 48.88861) screen=(788.6335, 397.1267)
[Dev] item 탕약 — 쌍화탕 world=(19.1, 0.0, 48.88861) screen=(788.6335, 397.1267)
[Dev] item 식별부 world=(19.1, 0.0, 48.88861) screen=(788.6335, 397.1267)
[Kill] +6 xp (lv 2, 10/57)
[Dev] item 엽전 world=(19.1, 0.0, 49.59925) screen=(755.7427, 416.1161)
[Dev] item 옥패 world=(19.1, 0.0, 49.59925) screen=(755.7427, 416.1161)
[Dev] item 탕약 — 쌍화탕 world=(19.1, 0.0, 49.59925) screen=(755.7427, 416.1161)
  · cold: 겨눈 자리 (20.0, 0.0, 49.5) · 끝 = burst (radius=1.50)
  ·   [터지는 순간] #0 hp0=3 죽음 — 막타 속성=cold · kind=shatter play=shatter
  ·   [터지는 순간] #1 hp0=3 그대로(반경 밖)
  ·   [터지는 순간] #2 hp0=3 죽음 — 막타 속성=cold · kind=shatter play=shatter
  ·   [터지는 순간] #3 hp0=3 그대로(반경 밖)
  ·   [터지는 순간] #4 hp0=15 hp=9.0 화상=false 빙결=true 한기=true
  ·   [터지는 순간] #5 hp0=15 그대로(반경 밖)
[Audio] 같은 순간 같은 큐 상한(3) 넘침 — drop ×4 (버림 누계 488)
  ·   [0.5초] #0 hp0=3 죽음 — 막타 속성=cold · kind=shatter play=shatter
  ·   [0.5초] #1 hp0=3 그대로(반경 밖)
  ·   [0.5초] #2 hp0=3 죽음 — 막타 속성=cold · kind=shatter play=shatter
  ·   [0.5초] #3 hp0=3 그대로(반경 밖)
  ·   [0.5초] #4 hp0=15 hp=9.0 화상=false 빙결=true 한기=true
  ·   [0.5초] #5 hp0=15 그대로(반경 밖)
  ·   [1.5초] #0 hp0=3 죽음 — 막타 속성=cold · kind=shatter play=shatter
  ·   [1.5초] #1 hp0=3 그대로(반경 밖)
  ·   [1.5초] #2 hp0=3 죽음 — 막타 속성=cold · kind=shatter play=shatter
  ·   [1.5초] #3 hp0=3 그대로(반경 밖)
  ·   [1.5초] #4 hp0=15 hp=9.0 화상=false 빙결=false 한기=true
  ·   [1.5초] #5 hp0=15 그대로(반경 밖)
  · cold: 요약 — 맞은 마릿수 3/6 · 죽음 2/6 · 막타 속성 [&"cold"] · 죽음 종류 [&"shatter"]
E2E talisman_aoe PASS (검사 16)
[Audio] BGM town → town.ogg
[Save] level 못골 마을 → user://save_e2e.json (C:/Users/FORYOUCOM/AppData/Roaming/Godot/app_userdata/Joseon Hunters/wt/codex-554-item-window-contract/save_e2e.json)
[Dev] stairs DungeonEntrance dir=1 world=(0.0, 0.0, -31.0) screen=(2121.067, -492.4143)
[Dev] interact Merchant world=(5.4, 0.0, -2.4) screen=(1047.293, 368.0158)
[Dev] interact Shaman world=(-5.6, 0.0, 0.4) screen=(408.5833, 148.8999)
[Dev] interact Elder world=(2.0, 0.0, -5.6) screen=(1038.037, 191.6542)
[Dev] interact Jumo world=(7.1, 0.0, -1.4) screen=(1079.692, 440.1637)
[Dev] interact Waypoint world=(-4.2, 0.0, 2.2) screen=(390.0698, 234.4085)
E2E ▶ loot_drop
[Dungeon] heukrang_gul 1층 lv=2 seed=403727558 gen 64x64 rooms=6 up=(44, 56) down=(7, 23) enemies=20 roster=bandit,bat,talisman_master elites=["방2:금색×3(깊이 0.50)"] named=-
[Quest] heukrang_gul 1층 — 싹쓸이 셈 시작 20 (heukrang_clear:none)
[Audio] BGM dungeon → dungeon_4.ogg
[Save] level 흑랑 굴 1층 → user://save_e2e.json (C:/Users/FORYOUCOM/AppData/Roaming/Godot/app_userdata/Joseon Hunters/wt/codex-554-item-window-contract/save_e2e.json)
[Dev] stairs StairsUp dir=-1 world=(44.5, 0.0, 56.5) screen=(593.7165, 335.9509)
[Dev] stairs StairsDown dir=1 world=(7.5, 0.0, 23.5) screen=(408.583, -1534.551)
[Dev] interact PusJar world=(29.5, 0.0, 42.5) screen=(547.433, -487.0705)
[Dev] interact @Area3D@36017 world=(14.5, 0.0, 24.5) screen=(686.2831, -1368.878)
[Dev] interact @Area3D@36018 world=(23.5, 0.0, 18.5) screen=(1380.534, -1288.714)
[Dev] interact LootChest world=(29.5, 0.0, 39.5) screen=(686.2831, -567.2349)
[Dev] interact @Area3D@36019 world=(40.5, 0.0, 38.5) screen=(1241.683, -300.0204)
[Dev] interact LootPot world=(21.5, 0.0, 43.5) screen=(130.8828, -674.1207)
[Dev] interact @Area3D@36020 world=(22.5, 0.0, 44.5) screen=(130.8829, -620.6779)
[Dev] interact @Area3D@36021 world=(19.5, 0.0, 9.5) screen=(1611.95, -1636.093)
[Dev] interact @Area3D@36022 world=(20.5, 0.0, 9.5) screen=(1658.234, -1609.372)
[Dev] interact @Area3D@36023 world=(44.5, 0.0, 51.5) screen=(825.1333, 154.2443)
[Dev] interact @Area3D@36024 world=(44.5, 0.0, 52.5) screen=(778.8499, 180.9657)
[Dev] interact @Area3D@36025 world=(21.5, 0.0, 39.5) screen=(316.0163, -781.0065)
[Dev] removed 20 enemies
[Dev] item 철검 world=(46.9, 0.0, 57.9) screen=(639.9998, 418.8081)
[Dev] item 누비옷 world=(46.9, 0.0, 57.9) screen=(639.9998, 418.8081)
[Dev] item 은가락지 world=(46.9, 0.0, 57.9) screen=(639.9998, 418.8081)
[Dev] item 탕약 — 쌍화탕 world=(46.9, 0.0, 57.9) screen=(639.9998, 418.8081)
[Dev] item 엽전 world=(46.9, 0.0, 57.9) screen=(639.9998, 418.8081)
[Audio] 같은 순간 같은 큐 상한(3) 넘침 — drop ×2 (버림 누계 490)
[Dev] item 철검 world=(43.7, 0.0, 58.1) screen=(482.6365, 338.6437)
[Dev] item 철검 world=(44.9, 0.0, 58.1) screen=(538.1766, 370.7094)
[Dev] item  (철검) world=(46.1, 0.0, 58.1) screen=(593.7165, 402.7751)
[Dev] item 서당 훈장 회초리 world=(47.3, 0.0, 58.1) screen=(649.2565, 434.8409)
[Audio] missing cue: drop_rare (파일 규약 design/audio.md §3)
[Dev] item 철검 world=(32.5, 0.0, 32.5) screen=(1149.117, -644.7056)
[Dev] item 누비옷 world=(32.5, 0.0, 32.5) screen=(1149.117, -644.7056)
[Dev] item 은가락지 world=(32.5, 0.0, 32.5) screen=(1149.117, -644.7056)
[Dev] item 탕약 — 쌍화탕 world=(32.5, 0.0, 32.5) screen=(1149.117, -644.7056)
[Dev] item 엽전 world=(32.5, 0.0, 32.5) screen=(1149.117, -644.7056)
E2E loot_drop PASS (검사 24)
[Audio] BGM town → town.ogg
[Save] level 못골 마을 → user://save_e2e.json (C:/Users/FORYOUCOM/AppData/Roaming/Godot/app_userdata/Joseon Hunters/wt/codex-554-item-window-contract/save_e2e.json)
[Dev] stairs DungeonEntrance dir=1 world=(0.0, 0.0, -31.0) screen=(2121.067, -492.4143)
[Dev] interact Merchant world=(5.4, 0.0, -2.4) screen=(1047.293, 368.0158)
[Dev] interact Shaman world=(-5.6, 0.0, 0.4) screen=(408.5833, 148.8999)
[Dev] interact Elder world=(2.0, 0.0, -5.6) screen=(1038.037, 191.6542)
[Dev] interact Jumo world=(7.1, 0.0, -1.4) screen=(1079.692, 440.1637)
[Dev] interact Waypoint world=(-4.2, 0.0, 2.2) screen=(390.0698, 234.4085)
E2E ▶ potion_icons
E2E potion_icons PASS (검사 40)
[Save] level 못골 마을 → user://save_e2e.json (C:/Users/FORYOUCOM/AppData/Roaming/Godot/app_userdata/Joseon Hunters/wt/codex-554-item-window-contract/save_e2e.json)
[Dev] stairs DungeonEntrance dir=1 world=(0.0, 0.0, -31.0) screen=(2121.067, -492.4143)
[Dev] interact Merchant world=(5.4, 0.0, -2.4) screen=(1047.293, 368.0158)
[Dev] interact Shaman world=(-5.6, 0.0, 0.4) screen=(408.5833, 148.8999)
[Dev] interact Elder world=(2.0, 0.0, -5.6) screen=(1038.037, 191.6542)
[Dev] interact Jumo world=(7.1, 0.0, -1.4) screen=(1079.692, 440.1637)
[Dev] interact Waypoint world=(-4.2, 0.0, 2.2) screen=(390.0698, 234.4085)
E2E ▶ potion_tiers
[Save] level 못골 마을 → user://save_e2e.json (C:/Users/FORYOUCOM/AppData/Roaming/Godot/app_userdata/Joseon Hunters/wt/codex-554-item-window-contract/save_e2e.json)
[Dev] stairs DungeonEntrance dir=1 world=(0.0, 0.0, -31.0) screen=(2121.067, -492.4143)
[Dev] interact Merchant world=(5.4, 0.0, -2.4) screen=(1047.293, 368.0158)
[Dev] interact Shaman world=(-5.6, 0.0, 0.4) screen=(408.5833, 148.8999)
[Dev] interact Elder world=(2.0, 0.0, -5.6) screen=(1038.037, 191.6542)
[Dev] interact Jumo world=(7.1, 0.0, -1.4) screen=(1079.692, 440.1637)
[Dev] interact Waypoint world=(-4.2, 0.0, 2.2) screen=(390.0698, 234.4085)
[Kill] +1 xp (lv 30, 1/3286)
[Dev] item 엽전 world=(1.835009, 0.0, 2.835009) screen=(640.0, 442.2008)
[Dev] item 영약 — 생맥산 world=(1.835009, 0.0, 2.835009) screen=(640.0, 442.2008)
[Kill] +1 xp (lv 30, 2/3286)
[Dev] item 엽전 world=(2.0, 0.0, 3.0) screen=(640.0, 443.4121)
[Dev] item 귀환부 world=(2.0, 0.0, 3.0) screen=(640.0, 443.4121)
[Kill] +1 xp (lv 30, 3/3286)
[Dev] item 엽전 world=(2.0, 0.0, 3.0) screen=(640.0, 443.1192)
[Kill] +1 xp (lv 30, 4/3286)
[Dev] item 엽전 world=(2.0, 0.0, 3.0) screen=(640.0, 442.8642)
[Dev] item 탕약 — 쌍화탕 world=(2.0, 0.0, 3.0) screen=(640.0, 442.8642)
[Kill] +1 xp (lv 30, 5/3286)
[Kill] +1 xp (lv 30, 6/3286)
[Dev] item 엽전 world=(2.0, 0.0, 3.0) screen=(640.0, 442.8398)
[Dev] item 영약 — 생맥산 world=(2.0, 0.0, 3.0) screen=(640.0, 442.8398)
[Kill] +1 xp (lv 30, 7/3286)
[Dev] item 엽전 world=(4.375022, 0.0, 6.165153) screen=(644.114, 448.4778)
[Kill] +1 xp (lv 30, 8/3286)
[Dev] item 엽전 world=(4.375022, 0.0, 5.834965) screen=(655.5399, 433.2276)
[Dev] item 무명띠 world=(4.375022, 0.0, 5.834965) screen=(655.5399, 433.2276)
[Kill] +1 xp (lv 30, 9/3286)
[Kill] +1 xp (lv 30, 10/3286)
[Dev] item 엽전 world=(4.375022, 0.0, 5.834965) screen=(655.2054, 432.67)
[Dev] item 미식별 짚신 world=(4.375022, 0.0, 5.834965) screen=(655.2054, 432.67)
[Kill] +1 xp (lv 30, 11/3286)
[Kill] +1 xp (lv 30, 12/3286)
[Dev] item 엽전 world=(4.375022, 0.0, 6.254039) screen=(635.8093, 443.8682)
[Kill] +1 xp (lv 30, 13/3286)
[Dev] item 엽전 world=(4.375022, 0.0, 6.165178) screen=(644.1128, 440.333)
[Dev] item 복주머니 world=(4.375022, 0.0, 6.165178) screen=(644.1128, 440.333)
[Kill] +1 xp (lv 30, 14/3286)
[Dev] item 엽전 world=(4.375022, 0.0, 6.165178) screen=(639.9221, 441.4937)
[Kill] +1 xp (lv 30, 15/3286)
[Dev] item 엽전 world=(4.375022, 0.0, 6.165178) screen=(639.9221, 441.4937)
[Kill] +1 xp (lv 30, 16/3286)
[Dev] item 엽전 world=(4.375022, 0.0, 6.165178) screen=(639.9221, 441.4937)
[Dev] item 짚신 world=(4.375022, 0.0, 6.165178) screen=(639.9221, 441.4937)
[Kill] +1 xp (lv 30, 17/3286)
[Dev] item 엽전 world=(4.375022, 0.0, 6.254039) screen=(635.8093, 443.8682)
[Kill] +1 xp (lv 30, 18/3286)
[Kill] +1 xp (lv 30, 19/3286)
[Dev] item 엽전 world=(4.375022, 0.0, 6.165178) screen=(639.9633, 441.5624)
[Kill] +1 xp (lv 30, 20/3286)
[Dev] item 엽전 world=(4.375022, 0.0, 6.165178) screen=(639.9633, 441.5624)
[Dev] item 예도 world=(4.375022, 0.0, 6.165178) screen=(639.9633, 441.5624)
[Dev] item 영약 — 총명탕 world=(4.375022, 0.0, 6.165178) screen=(639.9633, 441.5624)
[Kill] +1 xp (lv 30, 21/3286)
[Dev] item 엽전 world=(4.375022, 0.0, 6.165178) screen=(639.9654, 441.5661)
[Kill] +1 xp (lv 30, 22/3286)
[Dev] item 엽전 world=(4.375022, 0.0, 6.165178) screen=(639.9995, 441.6231)
[Kill] +1 xp (lv 30, 23/3286)
[Dev] item 엽전 world=(4.375022, 0.0, 6.165178) screen=(639.9665, 441.568)
[Dev] item 탕약 — 쌍화탕 world=(4.375022, 0.0, 6.165178) screen=(639.9665, 441.568)
[Kill] +1 xp (lv 30, 24/3286)
[Kill] +1 xp (lv 30, 25/3286)
[Kill] +1 xp (lv 30, 26/3286)
[Dev] item 엽전 world=(4.375022, 0.0, 6.165178) screen=(639.9631, 441.562)
[Kill] +1 xp (lv 30, 27/3286)
[Kill] +1 xp (lv 30, 28/3286)
[Dev] item 엽전 world=(4.375022, 0.0, 6.165178) screen=(639.9838, 441.5968)
[Kill] +1 xp (lv 30, 29/3286)
[Dev] item 엽전 world=(4.375022, 0.0, 6.165178) screen=(639.96, 441.557)
[Kill] +1 xp (lv 30, 30/3286)
[Dev] item 엽전 world=(4.375022, 0.0, 6.165178) screen=(639.9719, 441.577)
[Dev] item 옥가락지 world=(4.375022, 0.0, 6.165178) screen=(639.9719, 441.577)
[Dev] item 영약 — 총명탕 world=(4.375022, 0.0, 6.165178) screen=(639.9719, 441.577)
[Kill] +1 xp (lv 30, 31/3286)
[Dev] item 엽전 world=(4.375022, 0.0, 6.165178) screen=(639.9719, 441.577)
[Dev] item 짚신 world=(4.375022, 0.0, 6.165178) screen=(639.9719, 441.577)
[Kill] +1 xp (lv 30, 32/3286)
[Kill] +1 xp (lv 30, 33/3286)
[Dev] item 미식별 지갑 world=(4.375022, 0.0, 6.165178) screen=(639.9719, 441.577)
[Kill] +1 xp (lv 30, 34/3286)
[Dev] item 미식별 옥패 world=(4.375022, 0.0, 6.165178) screen=(639.9719, 441.577)
[Kill] +1 xp (lv 30, 35/3286)
[Dev] item 탕약 — 쌍화탕 world=(4.375022, 0.0, 6.165178) screen=(639.9635, 441.5628)
[Kill] +1 xp (lv 30, 36/3286)
[Dev] item 영약 — 총명탕 world=(4.375022, 0.0, 6.165178) screen=(639.9719, 441.577)
[Kill] +2 xp (lv 30, 38/3286)
[Dev] item 엽전 world=(4.375022, 0.0, 6.165153) screen=(644.114, 448.4776)
[Kill] +2 xp (lv 30, 40/3286)
[Dev] item 본국검 world=(4.375022, 0.0, 6.165178) screen=(640.0374, 441.6861)
[Kill] +2 xp (lv 30, 42/3286)
[Dev] item 엽전 world=(4.375022, 0.0, 6.165178) screen=(640.2214, 441.9925)
[Dev] item 탕약 — 십전대보탕 world=(4.375022, 0.0, 6.165178) screen=(640.2214, 441.9925)
[Kill] +2 xp (lv 30, 44/3286)
[Dev] item 엽전 world=(4.375022, 0.0, 6.165178) screen=(640.0048, 441.6318)
[Dev] item 미식별 목검 world=(4.375022, 0.0, 6.165178) screen=(640.0048, 441.6318)
[Kill] +2 xp (lv 30, 46/3286)
[Dev] item 엽전 world=(4.375022, 0.0, 6.165178) screen=(639.9633, 441.5622)
[Kill] +2 xp (lv 30, 48/3286)
[Dev] item 엽전 world=(4.375022, 0.0, 6.254039) screen=(635.8505, 443.9367)
[Kill] +2 xp (lv 30, 50/3286)
[Kill] +2 xp (lv 30, 52/3286)
[Dev] item 엽전 world=(4.375022, 0.0, 6.165178) screen=(639.9221, 441.4936)
[Dev] item 사인검 world=(4.375022, 0.0, 6.165178) screen=(639.9221, 441.4936)
[Kill] +2 xp (lv 30, 54/3286)
[Dev] item 엽전 world=(4.375022, 0.0, 6.165178) screen=(639.9221, 441.4936)
[Dev] item 탕약 — 경옥고 world=(4.375022, 0.0, 6.165178) screen=(639.9221, 441.4936)
[Kill] +2 xp (lv 30, 56/3286)
[Dev] item 엽전 world=(4.375022, 0.0, 6.165178) screen=(639.9221, 441.4936)
[Kill] +2 xp (lv 30, 58/3286)
[Dev] item 탕약 — 십전대보탕 world=(4.375022, 0.0, 6.254039) screen=(635.8093, 443.8681)
[Kill] +2 xp (lv 30, 60/3286)
[Dev] item 엽전 world=(4.375022, 0.0, 6.165178) screen=(644.1127, 440.3329)
[Kill] +2 xp (lv 30, 62/3286)
[Dev] item 엽전 world=(4.375022, 0.0, 6.165178) screen=(639.9221, 441.4936)
[Dev] item 미식별 은가락지 world=(4.375022, 0.0, 6.165178) screen=(639.9221, 441.4936)
[Kill] +2 xp (lv 30, 64/3286)
[Dev] item 엽전 world=(4.375022, 0.0, 6.165178) screen=(639.9221, 441.4936)
[Dev] item 지갑 world=(4.375022, 0.0, 6.165178) screen=(639.9221, 441.4936)
[Dev] item 빙결부 world=(4.375022, 0.0, 6.165178) screen=(639.9221, 441.4936)
[Kill] +2 xp (lv 30, 66/3286)
[Dev] item 엽전 world=(4.375022, 0.0, 6.165178) screen=(639.9221, 441.4936)
[Kill] +2 xp (lv 30, 68/3286)
[Dev] item 엽전 world=(4.375022, 0.0, 6.165178) screen=(639.9598, 441.5564)
[Kill] +2 xp (lv 30, 70/3286)
[Dev] item 엽전 world=(4.375022, 0.0, 6.165178) screen=(639.9655, 441.5662)
[Dev] item 미식별 환도 world=(4.375022, 0.0, 6.165178) screen=(639.9655, 441.5662)
[Kill] +2 xp (lv 30, 72/3286)
[Dev] item 탕약 — 경옥고 world=(4.375022, 0.0, 6.165178) screen=(639.964, 441.5634)
[Kill] +2 xp (lv 30, 74/3286)
[Dev] item 미식별 목화 world=(4.375022, 0.0, 6.165178) screen=(639.964, 441.5634)
[Kill] +2 xp (lv 30, 76/3286)
[Dev] item 엽전 world=(4.375022, 0.0, 6.165178) screen=(639.964, 441.5634)
[Kill] +2 xp (lv 30, 78/3286)
[Kill] +2 xp (lv 30, 80/3286)
[Kill] +2 xp (lv 30, 82/3286)
[Dev] item 광다회 world=(4.375022, 0.0, 6.165178) screen=(644.1128, 440.4142)
[Dev] item 탕약 — 경옥고 world=(4.375022, 0.0, 6.165178) screen=(644.1128, 440.4142)
[Save] level 못골 마을 → user://save_e2e.json (C:/Users/FORYOUCOM/AppData/Roaming/Godot/app_userdata/Joseon Hunters/wt/codex-554-item-window-contract/save_e2e.json)
[Dev] stairs DungeonEntrance dir=1 world=(0.0, 0.0, -31.0) screen=(2121.067, -492.4143)
[Dev] interact Merchant world=(5.4, 0.0, -2.4) screen=(1047.293, 368.0158)
[Dev] interact Shaman world=(-5.6, 0.0, 0.4) screen=(408.5833, 148.8999)
[Dev] interact Elder world=(2.0, 0.0, -5.6) screen=(1038.037, 191.6542)
[Dev] interact Jumo world=(7.1, 0.0, -1.4) screen=(1079.692, 440.1637)
[Dev] interact Waypoint world=(-4.2, 0.0, 2.2) screen=(390.0698, 234.4085)
[Click] world=(5.4, 0.0, -2.4) cell=(5, -3)
E2E potion_tiers PASS (검사 10)
[Save] level 못골 마을 → user://save_e2e.json (C:/Users/FORYOUCOM/AppData/Roaming/Godot/app_userdata/Joseon Hunters/wt/codex-554-item-window-contract/save_e2e.json)
[Dev] stairs DungeonEntrance dir=1 world=(0.0, 0.0, -31.0) screen=(2121.067, -492.4143)
[Dev] interact Merchant world=(5.4, 0.0, -2.4) screen=(1047.293, 368.0158)
[Dev] interact Shaman world=(-5.6, 0.0, 0.4) screen=(408.5833, 148.8999)
[Dev] interact Elder world=(2.0, 0.0, -5.6) screen=(1038.037, 191.6542)
[Dev] interact Jumo world=(7.1, 0.0, -1.4) screen=(1079.692, 440.1637)
[Dev] interact Waypoint world=(-4.2, 0.0, 2.2) screen=(390.0698, 234.4085)
E2E ▶ loot_props
[Dungeon] heukrang_gul 1층 lv=2 seed=403727558 gen 64x64 rooms=6 up=(44, 56) down=(7, 23) enemies=20 roster=bandit,bat,talisman_master elites=["방2:금색×3(깊이 0.50)"] named=-
[Quest] heukrang_gul 1층 — 싹쓸이 셈 시작 20 (heukrang_clear:none)
[Audio] BGM dungeon → dungeon_2.ogg
[Save] level 흑랑 굴 1층 → user://save_e2e.json (C:/Users/FORYOUCOM/AppData/Roaming/Godot/app_userdata/Joseon Hunters/wt/codex-554-item-window-contract/save_e2e.json)
[Dev] stairs StairsUp dir=-1 world=(44.5, 0.0, 56.5) screen=(593.7165, 335.9509)
[Dev] stairs StairsDown dir=1 world=(7.5, 0.0, 23.5) screen=(408.583, -1534.551)
[Dev] interact PusJar world=(29.5, 0.0, 42.5) screen=(547.433, -487.0705)
[Dev] interact @Area3D@37315 world=(14.5, 0.0, 24.5) screen=(686.2831, -1368.878)
[Dev] interact @Area3D@37316 world=(23.5, 0.0, 18.5) screen=(1380.534, -1288.714)
[Dev] interact LootChest world=(29.5, 0.0, 39.5) screen=(686.2831, -567.2349)
[Dev] interact @Area3D@37317 world=(40.5, 0.0, 38.5) screen=(1241.683, -300.0204)
[Dev] interact LootPot world=(21.5, 0.0, 43.5) screen=(130.8828, -674.1207)
[Dev] interact @Area3D@37318 world=(22.5, 0.0, 44.5) screen=(130.8829, -620.6779)
[Dev] interact @Area3D@37319 world=(19.5, 0.0, 9.5) screen=(1611.95, -1636.093)
[Dev] interact @Area3D@37320 world=(20.5, 0.0, 9.5) screen=(1658.234, -1609.372)
[Dev] interact @Area3D@37321 world=(44.5, 0.0, 51.5) screen=(825.1333, 154.2443)
[Dev] interact @Area3D@37322 world=(44.5, 0.0, 52.5) screen=(778.8499, 180.9657)
[Dev] interact @Area3D@37323 world=(21.5, 0.0, 39.5) screen=(316.0163, -781.0065)
[Dev] removed 20 enemies
[Click] world=(44.5, 0.0, 51.5) cell=(44, 51)
[Dev] item 엽전 world=(44.5, 0.0, 51.5) screen=(593.7165, 298.382)
[Loot] 항아리 지역 2 → 엽전
[Click] world=(40.5, 0.0, 38.5) cell=(40, 38)
[Dev] item 엽전 world=(40.5, 0.0, 38.5) screen=(722.6539, 296.7451)
[Dev] item 미식별 은가락지 world=(40.5, 0.0, 38.5) screen=(722.6539, 296.7451)
[Loot] 궤짝 지역 2 → 엽전, 미식별 은가락지
[Click] world=(40.10001, 0.0, 38.09974) cell=(40, 38)
[Click] world=(45.5, 0.0, 52.5) cell=(45, 52)
[Click] world=(45.5, 0.0, 52.5) cell=(45, 52)
[Click] world=(45.5, 0.0, 52.5) cell=(45, 52)
[Dev] item 엽전 world=(44.5, 0.0, 52.5) screen=(665.8557, 358.9164)
[Loot] 항아리 지역 2 → 엽전
[Dev] removed 1 enemies
[Dungeon] heukrang_gul 2층 lv=3 seed=3189434797 preset 28x28 rooms=2 up=(22, 23) down=(-1, -1) enemies=2 roster=bat elites=[] named=-
[Audio] BGM boss → boss.ogg
[Save] level 흑랑 굴 2층 → user://save_e2e.json (C:/Users/FORYOUCOM/AppData/Roaming/Godot/app_userdata/Joseon Hunters/wt/codex-554-item-window-contract/save_e2e.json)
[Dev] stairs StairsUp dir=-1 world=(22.5, 0.0, 23.5) screen=(593.7167, 335.9507)
[Dev] item 화염부 world=(32.5, 0.0, 70.5) screen=(-1118.768, 1840.389)
[Dev] item 빙결부 world=(33.5, 0.0, 69.5) screen=(-1026.201, 1840.389)
[Field] deulnyeok seed=355022911 128x128 props=2252 packs=18 enemies=74 waypoint=(62, 65) roster=bandit,bat,talisman_master elites=["13:파란×4@구간3"]
[Audio] BGM dungeon → dungeon_3.ogg
[Save] level 못골 들녘 → user://save_e2e.json (C:/Users/FORYOUCOM/AppData/Roaming/Godot/app_userdata/Joseon Hunters/wt/codex-554-item-window-contract/save_e2e.json)
[Dev] stairs Down_cave dir=1 world=(88.5, 0.0, 3.5) screen=(7212.236, 897.1014)
[Dev] interact Waypoint world=(62.5, 0.0, 65.5) screen=(3139.301, 1810.974)
[Dev] interact FloorItem world=(32.5, 0.0, 70.5) screen=(1519.384, 1142.938)
[Dev] interact @Area3D@37899 world=(33.5, 0.0, 69.5) screen=(1611.95, 1142.938)
[Dev] interact PusJar world=(95.5, 0.0, 103.5) screen=(2907.884, 3708.197)
[Dev] interact @Area3D@38046 world=(101.5, 0.0, 105.5) screen=(3093.018, 3921.969)
[Dev] interact @Area3D@38047 world=(98.5, 0.0, 107.5) screen=(2861.601, 3895.247)
[Dev] interact LootChest world=(27.5, 0.0, 70.5) screen=(1287.967, 1009.331)
[Dev] interact @Area3D@38048 world=(94.5, 0.0, 100.5) screen=(3000.451, 3601.312)
[Dev] interact @Area3D@38049 world=(55.5, 0.0, 52.5) screen=(3417.001, 1276.545)
[Dev] interact LootPot world=(46.5, 0.0, 68.5) screen=(2259.917, 1463.595)
[Dev] interact @Area3D@38050 world=(73.5, 0.0, 47.5) screen=(4481.519, 1623.924)
[Dev] interact @Area3D@38051 world=(90.5, 0.0, 47.5) screen=(5268.335, 2078.189)
[Dev] interact @Area3D@38052 world=(111.5, 0.0, 49.5) screen=(6147.719, 2692.782)
[Dev] interact @Area3D@38053 world=(101.5, 0.0, 101.5) screen=(3278.151, 3815.083)
[Dev] interact @Area3D@38054 world=(86.5, 0.0, 76.5) screen=(3740.984, 2746.225)
[Dev] interact @Area3D@38055 world=(53.5, 0.0, 52.5) screen=(3324.434, 1223.102)
[Dev] interact @Area3D@38056 world=(87.5, 0.0, 95.5) screen=(2907.884, 3280.654)
[Dev] interact @Area3D@38057 world=(26.5, 0.0, 66.5) screen=(1426.817, 875.7234)
[Dev] interact @Area3D@38058 world=(17.5, 0.0, 60.5) screen=(1287.967, 474.9016)
[Dev] interact @Area3D@38059 world=(86.5, 0.0, 22.5) screen=(6240.286, 1303.266)
[Dev] interact @Area3D@38060 world=(59.5, 0.0, 65.5) screen=(3000.451, 1730.81)
[Dev] interact @Area3D@38061 world=(18.5, 0.0, 74.5) screen=(686.2832, 875.7234)
[Dev] interact @Area3D@38062 world=(44.5, 0.0, 69.5) screen=(2121.067, 1436.874)
[Dev] interact @Area3D@38063 world=(73.5, 0.0, 49.5) screen=(4388.952, 1677.367)
[Dev] interact @Area3D@38064 world=(88.5, 0.0, 52.5) screen=(4944.352, 2158.353)
E2E loot_props PASS (검사 19)
[Audio] BGM town → town.ogg
[Save] level 못골 마을 → user://save_e2e.json (C:/Users/FORYOUCOM/AppData/Roaming/Godot/app_userdata/Joseon Hunters/wt/codex-554-item-window-contract/save_e2e.json)
[Dev] stairs DungeonEntrance dir=1 world=(0.0, 0.0, -31.0) screen=(2121.067, -492.4143)
[Dev] interact Merchant world=(5.4, 0.0, -2.4) screen=(1047.293, 368.0158)
[Dev] interact Shaman world=(-5.6, 0.0, 0.4) screen=(408.5833, 148.8999)
[Dev] interact Elder world=(2.0, 0.0, -5.6) screen=(1038.037, 191.6542)
[Dev] interact Jumo world=(7.1, 0.0, -1.4) screen=(1079.692, 440.1637)
[Dev] interact Waypoint world=(-4.2, 0.0, 2.2) screen=(390.0698, 234.4085)
E2E ▶ elite_pack
[Dungeon] heukrang_gul 1층 lv=2 seed=403727558 gen 64x64 rooms=6 up=(44, 56) down=(7, 23) enemies=20 roster=bandit,bat,talisman_master elites=["방2:금색×3(깊이 0.50)"] named=-
[Quest] heukrang_gul 1층 — 싹쓸이 셈 시작 20 (heukrang_clear:none)
[Audio] BGM dungeon → dungeon_1.ogg
[Save] level 흑랑 굴 1층 → user://save_e2e.json (C:/Users/FORYOUCOM/AppData/Roaming/Godot/app_userdata/Joseon Hunters/wt/codex-554-item-window-contract/save_e2e.json)
[Dev] stairs StairsUp dir=-1 world=(44.5, 0.0, 56.5) screen=(593.7165, 335.9509)
[Dev] stairs StairsDown dir=1 world=(7.5, 0.0, 23.5) screen=(408.583, -1534.551)
[Dev] interact PusJar world=(29.5, 0.0, 42.5) screen=(547.433, -487.0705)
[Dev] interact @Area3D@38406 world=(14.5, 0.0, 24.5) screen=(686.2831, -1368.878)
[Dev] interact @Area3D@38407 world=(23.5, 0.0, 18.5) screen=(1380.534, -1288.714)
[Dev] interact LootChest world=(29.5, 0.0, 39.5) screen=(686.2831, -567.2349)
[Dev] interact @Area3D@38408 world=(40.5, 0.0, 38.5) screen=(1241.683, -300.0204)
[Dev] interact LootPot world=(21.5, 0.0, 43.5) screen=(130.8828, -674.1207)
[Dev] interact @Area3D@38409 world=(22.5, 0.0, 44.5) screen=(130.8829, -620.6779)
[Dev] interact @Area3D@38410 world=(19.5, 0.0, 9.5) screen=(1611.95, -1636.093)
[Dev] interact @Area3D@38411 world=(20.5, 0.0, 9.5) screen=(1658.234, -1609.372)
[Dev] interact @Area3D@38412 world=(44.5, 0.0, 51.5) screen=(825.1333, 154.2443)
[Dev] interact @Area3D@38413 world=(44.5, 0.0, 52.5) screen=(778.8499, 180.9657)
[Dev] interact @Area3D@38414 world=(21.5, 0.0, 39.5) screen=(316.0163, -781.0065)
[Dev] removed 20 enemies
  · 층 지역 레벨 2
[Dev] 파란 무리 질긴 산적 ×4 · 1회차 · Lv3 · 생명 94 · 옵션 tough · 무리 531
[Dev] removed 4 enemies
[Dev] 우두머리 악귀 같은 바우 ×3 · 1회차 · Lv4 · 생명 104 · 옵션 fire_enchanted · 무리 532
[Kill] +55 xp (lv 2, 35/57)
[LevelUp] lv=2 stat_pts=5 skill_pts=1
[Dev] item 엽전 world=(19.5, 0.0, 49.5) screen=(513.0806, 270.8781)
[Dev] item 짚신 world=(19.5, 0.0, 49.5) screen=(513.0806, 270.8781)
[Dev] item 엽전 world=(19.5, 0.0, 49.5) screen=(513.0806, 270.8781)
[Dev] item 엽전 world=(19.5, 0.0, 49.5) screen=(513.0806, 270.8781)
[Dev] item 귀환부 world=(19.5, 0.0, 49.5) screen=(513.0806, 270.8781)
[Dev] item 미식별 가죽갑 world=(19.5, 0.0, 49.5) screen=(513.0806, 270.8781)
[Audio] 같은 순간 같은 큐 상한(3) 넘침 — drop ×2 (버림 누계 492)
[Dev] removed 3 enemies
[Kill] +26 xp (lv 3, 4/104)
[LevelUp] lv=3 stat_pts=10 skill_pts=2
[Dev] item 엽전 world=(23.5, 0.0, 49.5) screen=(778.5817, 423.9982)
[Dev] removed 3 enemies
[Dev] removed 3 enemies
[Dev] removed 3 enemies
E2E elite_pack PASS (검사 52)
[Audio] BGM town → town.ogg
[Save] level 못골 마을 → user://save_e2e.json (C:/Users/FORYOUCOM/AppData/Roaming/Godot/app_userdata/Joseon Hunters/wt/codex-554-item-window-contract/save_e2e.json)
[Dev] stairs DungeonEntrance dir=1 world=(0.0, 0.0, -31.0) screen=(2121.067, -492.4143)
[Dev] interact Merchant world=(5.4, 0.0, -2.4) screen=(1047.293, 368.0158)
[Dev] interact Shaman world=(-5.6, 0.0, 0.4) screen=(408.5833, 148.8999)
[Dev] interact Elder world=(2.0, 0.0, -5.6) screen=(1038.037, 191.6542)
[Dev] interact Jumo world=(7.1, 0.0, -1.4) screen=(1079.692, 440.1637)
[Dev] interact Waypoint world=(-4.2, 0.0, 2.2) screen=(390.0698, 234.4085)
E2E ▶ elite_slots
[Dev] item 화염부 world=(32.5, 0.0, 70.5) screen=(-1072.484, 3072.227)
[Dev] item 빙결부 world=(33.5, 0.0, 69.5) screen=(-979.9173, 3072.227)
[Field] deulnyeok seed=137177645 128x128 props=2363 packs=18 enemies=70 waypoint=(59, 60) roster=bandit,bat,talisman_master elites=["11:파란×4@구간2"]
[Audio] BGM dungeon → dungeon_2.ogg
[Save] level 못골 들녘 → user://save_e2e.json (C:/Users/FORYOUCOM/AppData/Roaming/Godot/app_userdata/Joseon Hunters/wt/codex-554-item-window-contract/save_e2e.json)
  · 시드 3340239649 · 무리 11/18 · 구간 2 · 레벨 2 · 산적 ×4 · 강화 fierce
[Dev] item 화염부 world=(32.5, 0.0, 70.5) screen=(1519.384, 1175.004)
[Dev] item 빙결부 world=(33.5, 0.0, 69.5) screen=(1611.95, 1175.004)
[Field] deulnyeok seed=137177645 128x128 props=2363 packs=18 enemies=69 waypoint=(59, 60) roster=bandit,bat,talisman_master elites=[]
[Save] level 못골 들녘 → user://save_e2e.json (C:/Users/FORYOUCOM/AppData/Roaming/Godot/app_userdata/Joseon Hunters/wt/codex-554-item-window-contract/save_e2e.json)
[Dev] item 화염부 world=(32.5, 0.0, 70.5) screen=(1519.384, 1175.004)
[Dev] item 빙결부 world=(33.5, 0.0, 69.5) screen=(1611.95, 1175.004)
[Field] deulnyeok seed=137177645 128x128 props=2363 packs=18 enemies=70 waypoint=(59, 60) roster=bandit,bat,talisman_master elites=["11:파란×4@구간2"]
[Save] level 못골 들녘 → user://save_e2e.json (C:/Users/FORYOUCOM/AppData/Roaming/Godot/app_userdata/Joseon Hunters/wt/codex-554-item-window-contract/save_e2e.json)
[Dev] stairs Down_cave dir=1 world=(88.5, 0.0, 3.5) screen=(7212.236, 897.1014)
[Dev] interact Waypoint world=(59.5, 0.0, 60.5) screen=(3231.868, 1597.203)
[Dev] interact FloorItem world=(32.5, 0.0, 70.5) screen=(1519.384, 1142.938)
[Dev] interact @Area3D@40440 world=(33.5, 0.0, 69.5) screen=(1611.95, 1142.938)
[Dev] interact PusJar world=(95.5, 0.0, 103.5) screen=(2907.884, 3708.197)
[Dev] interact @Area3D@40580 world=(101.5, 0.0, 105.5) screen=(3093.018, 3921.969)
[Dev] interact @Area3D@40581 world=(98.5, 0.0, 107.5) screen=(2861.601, 3895.247)
[Dev] interact LootChest world=(32.5, 0.0, 65.5) screen=(1750.8, 1009.331)
[Dev] interact @Area3D@40582 world=(100.5, 0.0, 101.5) screen=(3231.868, 3788.362)
[Dev] interact @Area3D@40583 world=(39.5, 0.0, 75.5) screen=(1611.95, 1463.595)
[Dev] interact LootPot world=(112.5, 0.0, 40.5) screen=(6610.553, 2479.01)
[Dev] interact @Area3D@40584 world=(34.5, 0.0, 66.5) screen=(1797.084, 1089.495)
[Dev] interact @Area3D@40585 world=(24.5, 0.0, 59.5) screen=(1658.234, 635.2303)
[Dev] interact @Area3D@40586 world=(102.5, 0.0, 93.5) screen=(3694.702, 3628.033)
[Dev] interact @Area3D@40587 world=(39.5, 0.0, 73.5) screen=(1704.517, 1410.152)
[Dev] interact @Area3D@40588 world=(58.5, 0.0, 37.5) screen=(4250.102, 955.8878)
[Dev] interact @Area3D@40589 world=(66.5, 0.0, 62.5) screen=(3463.285, 1837.696)
[Dev] interact @Area3D@40590 world=(104.5, 0.0, 55.5) screen=(5546.036, 2666.061)
[Dev] interact @Area3D@40591 world=(75.5, 0.0, 60.5) screen=(3972.401, 2024.746)
[Dev] interact @Area3D@40592 world=(80.5, 0.0, 75.5) screen=(3509.568, 2559.175)
[Dev] interact @Area3D@40593 world=(89.5, 0.0, 20.5) screen=(6471.703, 1329.988)
[Dev] interact @Area3D@40594 world=(84.5, 0.0, 48.5) screen=(4944.352, 1944.581)
[Dev] interact @Area3D@40595 world=(102.5, 0.0, 102.5) screen=(3278.151, 3868.526)
[Dev] interact @Area3D@40596 world=(115.5, 0.0, 37.5) screen=(6888.253, 2479.01)
[Dev] interact @Area3D@40597 world=(29.5, 0.0, 72.5) screen=(1287.967, 1116.216)
[Dev] stairs Down_cave dir=1 world=(88.5, 0.0, 3.5) screen=(7212.236, 897.1014)
[Dev] interact Waypoint world=(59.5, 0.0, 60.5) screen=(3231.868, 1597.203)
[Dev] interact FloorItem world=(32.5, 0.0, 70.5) screen=(1519.384, 1142.938)
[Dev] interact @Area3D@40440 world=(33.5, 0.0, 69.5) screen=(1611.95, 1142.938)
[Dev] interact PusJar world=(95.5, 0.0, 103.5) screen=(2907.884, 3708.197)
[Dev] interact @Area3D@40580 world=(101.5, 0.0, 105.5) screen=(3093.018, 3921.969)
[Dev] interact @Area3D@40581 world=(98.5, 0.0, 107.5) screen=(2861.601, 3895.247)
[Dev] interact LootChest world=(32.5, 0.0, 65.5) screen=(1750.8, 1009.331)
[Dev] interact @Area3D@40582 world=(100.5, 0.0, 101.5) screen=(3231.868, 3788.362)
[Dev] interact @Area3D@40583 world=(39.5, 0.0, 75.5) screen=(1611.95, 1463.595)
[Dev] interact LootPot world=(112.5, 0.0, 40.5) screen=(6610.553, 2479.01)
[Dev] interact @Area3D@40584 world=(34.5, 0.0, 66.5) screen=(1797.084, 1089.495)
[Dev] interact @Area3D@40585 world=(24.5, 0.0, 59.5) screen=(1658.234, 635.2303)
[Dev] interact @Area3D@40586 world=(102.5, 0.0, 93.5) screen=(3694.702, 3628.033)
[Dev] interact @Area3D@40587 world=(39.5, 0.0, 73.5) screen=(1704.517, 1410.152)
[Dev] interact @Area3D@40588 world=(58.5, 0.0, 37.5) screen=(4250.102, 955.8878)
[Dev] interact @Area3D@40589 world=(66.5, 0.0, 62.5) screen=(3463.285, 1837.696)
[Dev] interact @Area3D@40590 world=(104.5, 0.0, 55.5) screen=(5546.036, 2666.061)
[Dev] interact @Area3D@40591 world=(75.5, 0.0, 60.5) screen=(3972.401, 2024.746)
[Dev] interact @Area3D@40592 world=(80.5, 0.0, 75.5) screen=(3509.568, 2559.175)
[Dev] interact @Area3D@40593 world=(89.5, 0.0, 20.5) screen=(6471.703, 1329.988)
[Dev] interact @Area3D@40594 world=(84.5, 0.0, 48.5) screen=(4944.352, 1944.581)
[Dev] interact @Area3D@40595 world=(102.5, 0.0, 102.5) screen=(3278.151, 3868.526)
[Dev] interact @Area3D@40596 world=(115.5, 0.0, 37.5) screen=(6888.253, 2479.01)
[Dev] interact @Area3D@40597 world=(29.5, 0.0, 72.5) screen=(1287.967, 1116.216)
[Dev] stairs Down_cave dir=1 world=(88.5, 0.0, 3.5) screen=(7212.236, 897.1014)
[Dev] interact Waypoint world=(59.5, 0.0, 60.5) screen=(3231.868, 1597.203)
[Dev] interact FloorItem world=(32.5, 0.0, 70.5) screen=(1519.384, 1142.938)
[Dev] interact @Area3D@40440 world=(33.5, 0.0, 69.5) screen=(1611.95, 1142.938)
[Dev] interact PusJar world=(95.5, 0.0, 103.5) screen=(2907.884, 3708.197)
[Dev] interact @Area3D@40580 world=(101.5, 0.0, 105.5) screen=(3093.018, 3921.969)
[Dev] interact @Area3D@40581 world=(98.5, 0.0, 107.5) screen=(2861.601, 3895.247)
[Dev] interact LootChest world=(32.5, 0.0, 65.5) screen=(1750.8, 1009.331)
[Dev] interact @Area3D@40582 world=(100.5, 0.0, 101.5) screen=(3231.868, 3788.362)
[Dev] interact @Area3D@40583 world=(39.5, 0.0, 75.5) screen=(1611.95, 1463.595)
[Dev] interact LootPot world=(112.5, 0.0, 40.5) screen=(6610.553, 2479.01)
[Dev] interact @Area3D@40584 world=(34.5, 0.0, 66.5) screen=(1797.084, 1089.495)
[Dev] interact @Area3D@40585 world=(24.5, 0.0, 59.5) screen=(1658.234, 635.2303)
[Dev] interact @Area3D@40586 world=(102.5, 0.0, 93.5) screen=(3694.702, 3628.033)
[Dev] interact @Area3D@40587 world=(39.5, 0.0, 73.5) screen=(1704.517, 1410.152)
[Dev] interact @Area3D@40588 world=(58.5, 0.0, 37.5) screen=(4250.102, 955.8878)
[Dev] interact @Area3D@40589 world=(66.5, 0.0, 62.5) screen=(3463.285, 1837.696)
[Dev] interact @Area3D@40590 world=(104.5, 0.0, 55.5) screen=(5546.036, 2666.061)
[Dev] interact @Area3D@40591 world=(75.5, 0.0, 60.5) screen=(3972.401, 2024.746)
[Dev] interact @Area3D@40592 world=(80.5, 0.0, 75.5) screen=(3509.568, 2559.175)
[Dev] interact @Area3D@40593 world=(89.5, 0.0, 20.5) screen=(6471.703, 1329.988)
[Dev] interact @Area3D@40594 world=(84.5, 0.0, 48.5) screen=(4944.352, 1944.581)
[Dev] interact @Area3D@40595 world=(102.5, 0.0, 102.5) screen=(3278.151, 3868.526)
[Dev] interact @Area3D@40596 world=(115.5, 0.0, 37.5) screen=(6888.253, 2479.01)
[Dev] interact @Area3D@40597 world=(29.5, 0.0, 72.5) screen=(1287.967, 1116.216)
[Kill] +28 xp (lv 2, 8/57)
[LevelUp] lv=2 stat_pts=5 skill_pts=1
[Dev] item 엽전 world=(94.5, 0.0, 45.5) screen=(1010.267, 291.7667)
[Dev] item 무명 도포 world=(94.5, 0.0, 45.5) screen=(1010.267, 291.7667)
[Dev] item 화염부 world=(32.5, 0.0, 70.5) screen=(-3016.385, -696.927)
[Dev] item 빙결부 world=(33.5, 0.0, 69.5) screen=(-2923.818, -696.927)
[Field] deulnyeok seed=137177645 128x128 props=2363 packs=18 enemies=70 waypoint=(59, 60) roster=bandit,bat,talisman_master elites=["16:금색×3@구간3", "11:파란×4@구간2"]
[Save] level 못골 들녘 → user://save_e2e.json (C:/Users/FORYOUCOM/AppData/Roaming/Godot/app_userdata/Joseon Hunters/wt/codex-554-item-window-contract/save_e2e.json)
[Dev] stairs Down_cave dir=1 world=(88.5, 0.0, 3.5) screen=(7212.236, 897.1014)
[Dev] interact Waypoint world=(59.5, 0.0, 60.5) screen=(3231.868, 1597.203)
[Dev] interact FloorItem world=(32.5, 0.0, 70.5) screen=(1519.384, 1142.938)
[Dev] interact @Area3D@41103 world=(33.5, 0.0, 69.5) screen=(1611.95, 1142.938)
[Dev] interact PusJar world=(95.5, 0.0, 103.5) screen=(2907.884, 3708.197)
[Dev] interact @Area3D@41240 world=(101.5, 0.0, 105.5) screen=(3093.018, 3921.969)
[Dev] interact @Area3D@41241 world=(98.5, 0.0, 107.5) screen=(2861.601, 3895.247)
[Dev] interact LootChest world=(32.5, 0.0, 65.5) screen=(1750.8, 1009.331)
[Dev] interact @Area3D@41242 world=(100.5, 0.0, 101.5) screen=(3231.868, 3788.362)
[Dev] interact @Area3D@41243 world=(39.5, 0.0, 75.5) screen=(1611.95, 1463.595)
[Dev] interact LootPot world=(112.5, 0.0, 40.5) screen=(6610.553, 2479.01)
[Dev] interact @Area3D@41244 world=(34.5, 0.0, 66.5) screen=(1797.084, 1089.495)
[Dev] interact @Area3D@41245 world=(24.5, 0.0, 59.5) screen=(1658.234, 635.2303)
[Dev] interact @Area3D@41246 world=(102.5, 0.0, 93.5) screen=(3694.702, 3628.033)
[Dev] interact @Area3D@41247 world=(39.5, 0.0, 73.5) screen=(1704.517, 1410.152)
[Dev] interact @Area3D@41248 world=(58.5, 0.0, 37.5) screen=(4250.102, 955.8878)
[Dev] interact @Area3D@41249 world=(66.5, 0.0, 62.5) screen=(3463.285, 1837.696)
[Dev] interact @Area3D@41250 world=(104.5, 0.0, 55.5) screen=(5546.036, 2666.061)
[Dev] interact @Area3D@41251 world=(75.5, 0.0, 60.5) screen=(3972.401, 2024.746)
[Dev] interact @Area3D@41252 world=(80.5, 0.0, 75.5) screen=(3509.568, 2559.175)
[Dev] interact @Area3D@41253 world=(89.5, 0.0, 20.5) screen=(6471.703, 1329.988)
[Dev] interact @Area3D@41254 world=(84.5, 0.0, 48.5) screen=(4944.352, 1944.581)
[Dev] interact @Area3D@41255 world=(102.5, 0.0, 102.5) screen=(3278.151, 3868.526)
[Dev] interact @Area3D@41256 world=(115.5, 0.0, 37.5) screen=(6888.253, 2479.01)
[Dev] interact @Area3D@41257 world=(29.5, 0.0, 72.5) screen=(1287.967, 1116.216)
[Dungeon] heukrang_gul 1층 lv=2 seed=875064324 gen 64x64 rooms=9 up=(39, 23) down=(7, 6) enemies=35 roster=bandit,bat,talisman_master elites=["방3:금색×5(깊이 0.71)"] named=-
[Quest] heukrang_gul 1층 — 싹쓸이 셈 시작 105 (heukrang_clear:none)
[Save] level 흑랑 굴 1층 → user://save_e2e.json (C:/Users/FORYOUCOM/AppData/Roaming/Godot/app_userdata/Joseon Hunters/wt/codex-554-item-window-contract/save_e2e.json)
  · 시드 160326318 · 방 3 (깊이 0.71) · 산적 · 대머리 판돌이 + 하수인 4 · 옵션 cold_enchanted
[Dungeon] heukrang_gul 1층 lv=2 seed=875064324 gen 64x64 rooms=9 up=(39, 23) down=(7, 6) enemies=36 roster=bandit,bat,talisman_master elites=[] named=-
[Quest] heukrang_gul 1층 — 싹쓸이 셈 시작 141 (heukrang_clear:none)
[Save] level 흑랑 굴 1층 → user://save_e2e.json (C:/Users/FORYOUCOM/AppData/Roaming/Godot/app_userdata/Joseon Hunters/wt/codex-554-item-window-contract/save_e2e.json)
[Dungeon] heukrang_gul 1층 lv=2 seed=875064324 gen 64x64 rooms=9 up=(39, 23) down=(7, 6) enemies=35 roster=bandit,bat,talisman_master elites=["방3:금색×5(깊이 0.71)"] named=-
[Quest] heukrang_gul 1층 — 싹쓸이 셈 시작 176 (heukrang_clear:none)
[Save] level 흑랑 굴 1층 → user://save_e2e.json (C:/Users/FORYOUCOM/AppData/Roaming/Godot/app_userdata/Joseon Hunters/wt/codex-554-item-window-contract/save_e2e.json)
[Dev] stairs StairsUp dir=-1 world=(39.5, 0.0, 23.5) screen=(593.7167, 335.9507)
[Dev] stairs StairsDown dir=1 world=(7.5, 0.0, 6.5) screen=(-100.5338, -973.4005)
[Dev] interact PusJar world=(49.5, 0.0, 48.5) screen=(-100.5337, 1223.102)
[Dev] interact @Area3D@41979 world=(18.5, 0.0, 13.5) screen=(84.5998, -540.5136)
[Dev] interact LootChest world=(15.5, 0.0, 12.5) screen=(-7.966995, -647.3994)
[Dev] interact @Area3D@41980 world=(38.5, 0.0, 54.5) screen=(-887.3508, 1089.495)
[Dev] interact @Area3D@41981 world=(49.5, 0.0, 59.5) screen=(-609.6506, 1517.038)
[Dev] interact LootPot world=(43.5, 0.0, 55.5) screen=(-702.2173, 1249.824)
[Dev] interact @Area3D@41982 world=(44.5, 0.0, 54.5) screen=(-609.6506, 1249.824)
[Dev] interact @Area3D@41983 world=(59.5, 0.0, 53.5) screen=(130.8831, 1623.924)
[Dev] interact @Area3D@41984 world=(18.5, 0.0, 43.5) screen=(-1303.901, 261.1299)
[Dev] interact @Area3D@41985 world=(19.5, 0.0, 42.5) screen=(-1211.334, 261.1299)
[Dev] interact @Area3D@41986 world=(12.5, 0.0, 3.5) screen=(269.733, -968.0569)
[Dev] interact @Area3D@41987 world=(12.5, 0.0, 4.5) screen=(223.4496, -941.3354)
[Dev] interact @Area3D@41988 world=(11.5, 0.0, 4.5) screen=(177.1665, -968.0567)
[Dev] interact @Area3D@41989 world=(8.5, 0.0, 26.5) screen=(-979.9176, -460.3491)
[Dev] interact @Area3D@41990 world=(9.5, 0.0, 27.5) screen=(-979.9175, -406.9064)
[Dev] stairs StairsUp dir=-1 world=(39.5, 0.0, 23.5) screen=(593.7167, 335.9507)
[Dev] stairs StairsDown dir=1 world=(7.5, 0.0, 6.5) screen=(-100.5338, -973.4005)
[Dev] interact PusJar world=(49.5, 0.0, 48.5) screen=(-100.5337, 1223.102)
[Dev] interact @Area3D@41979 world=(18.5, 0.0, 13.5) screen=(84.5998, -540.5136)
[Dev] interact LootChest world=(15.5, 0.0, 12.5) screen=(-7.966995, -647.3994)
[Dev] interact @Area3D@41980 world=(38.5, 0.0, 54.5) screen=(-887.3508, 1089.495)
[Dev] interact @Area3D@41981 world=(49.5, 0.0, 59.5) screen=(-609.6506, 1517.038)
[Dev] interact LootPot world=(43.5, 0.0, 55.5) screen=(-702.2173, 1249.824)
[Dev] interact @Area3D@41982 world=(44.5, 0.0, 54.5) screen=(-609.6506, 1249.824)
[Dev] interact @Area3D@41983 world=(59.5, 0.0, 53.5) screen=(130.8831, 1623.924)
[Dev] interact @Area3D@41984 world=(18.5, 0.0, 43.5) screen=(-1303.901, 261.1299)
[Dev] interact @Area3D@41985 world=(19.5, 0.0, 42.5) screen=(-1211.334, 261.1299)
[Dev] interact @Area3D@41986 world=(12.5, 0.0, 3.5) screen=(269.733, -968.0569)
[Dev] interact @Area3D@41987 world=(12.5, 0.0, 4.5) screen=(223.4496, -941.3354)
[Dev] interact @Area3D@41988 world=(11.5, 0.0, 4.5) screen=(177.1665, -968.0567)
[Dev] interact @Area3D@41989 world=(8.5, 0.0, 26.5) screen=(-979.9176, -460.3491)
[Dev] interact @Area3D@41990 world=(9.5, 0.0, 27.5) screen=(-979.9175, -406.9064)
[Dev] stairs StairsUp dir=-1 world=(39.5, 0.0, 23.5) screen=(593.7167, 335.9507)
[Dev] stairs StairsDown dir=1 world=(7.5, 0.0, 6.5) screen=(-100.5338, -973.4005)
[Dev] interact PusJar world=(49.5, 0.0, 48.5) screen=(-100.5337, 1223.102)
[Dev] interact @Area3D@41979 world=(18.5, 0.0, 13.5) screen=(84.5998, -540.5136)
[Dev] interact LootChest world=(15.5, 0.0, 12.5) screen=(-7.966995, -647.3994)
[Dev] interact @Area3D@41980 world=(38.5, 0.0, 54.5) screen=(-887.3508, 1089.495)
[Dev] interact @Area3D@41981 world=(49.5, 0.0, 59.5) screen=(-609.6506, 1517.038)
[Dev] interact LootPot world=(43.5, 0.0, 55.5) screen=(-702.2173, 1249.824)
[Dev] interact @Area3D@41982 world=(44.5, 0.0, 54.5) screen=(-609.6506, 1249.824)
[Dev] interact @Area3D@41983 world=(59.5, 0.0, 53.5) screen=(130.8831, 1623.924)
[Dev] interact @Area3D@41984 world=(18.5, 0.0, 43.5) screen=(-1303.901, 261.1299)
[Dev] interact @Area3D@41985 world=(19.5, 0.0, 42.5) screen=(-1211.334, 261.1299)
[Dev] interact @Area3D@41986 world=(12.5, 0.0, 3.5) screen=(269.733, -968.0569)
[Dev] interact @Area3D@41987 world=(12.5, 0.0, 4.5) screen=(223.4496, -941.3354)
[Dev] interact @Area3D@41988 world=(11.5, 0.0, 4.5) screen=(177.1665, -968.0567)
[Dev] interact @Area3D@41989 world=(8.5, 0.0, 26.5) screen=(-979.9176, -460.3491)
[Dev] interact @Area3D@41990 world=(9.5, 0.0, 27.5) screen=(-979.9175, -406.9064)
[Kill] +53 xp (lv 3, 4/104)
[LevelUp] lv=3 stat_pts=10 skill_pts=2
[Dev] item 엽전 world=(9.5, 0.0, 32.5) screen=(917.7001, 345.4044)
[Dev] item 피주 world=(9.5, 0.0, 32.5) screen=(917.7001, 345.4044)
[Dev] item 엽전 world=(9.5, 0.0, 32.5) screen=(917.7001, 345.4044)
[Dev] item 미식별 환도 world=(9.5, 0.0, 32.5) screen=(917.7001, 345.4044)
[Dev] item 환도 world=(9.5, 0.0, 32.5) screen=(917.7001, 345.4044)
[Dungeon] heukrang_gul 2층 lv=3 seed=2242901156 preset 28x28 rooms=2 up=(22, 23) down=(-1, -1) enemies=2 roster=bat elites=[] named=-
[Audio] BGM boss → boss.ogg
[Save] level 흑랑 굴 2층 → user://save_e2e.json (C:/Users/FORYOUCOM/AppData/Roaming/Godot/app_userdata/Joseon Hunters/wt/codex-554-item-window-contract/save_e2e.json)
[Dev] stairs StairsUp dir=-1 world=(22.5, 0.0, 23.5) screen=(593.7167, 335.9507)
E2E elite_slots PASS (검사 31)
[Audio] BGM town → town.ogg
[Save] level 못골 마을 → user://save_e2e.json (C:/Users/FORYOUCOM/AppData/Roaming/Godot/app_userdata/Joseon Hunters/wt/codex-554-item-window-contract/save_e2e.json)
[Dev] stairs DungeonEntrance dir=1 world=(0.0, 0.0, -31.0) screen=(2121.067, -492.4143)
[Dev] interact Merchant world=(5.4, 0.0, -2.4) screen=(1047.293, 368.0158)
[Dev] interact Shaman world=(-5.6, 0.0, 0.4) screen=(408.5833, 148.8999)
[Dev] interact Elder world=(2.0, 0.0, -5.6) screen=(1038.037, 191.6542)
[Dev] interact Jumo world=(7.1, 0.0, -1.4) screen=(1079.692, 440.1637)
[Dev] interact Waypoint world=(-4.2, 0.0, 2.2) screen=(390.0698, 234.4085)
E2E ▶ flee_chase
[Dev] item 화염부 world=(32.5, 0.0, 70.5) screen=(-1072.823, 3071.662)
[Dev] item 빙결부 world=(33.5, 0.0, 69.5) screen=(-980.257, 3071.662)
[Field] deulnyeok seed=355022911 128x128 props=2252 packs=18 enemies=74 waypoint=(62, 65) roster=bandit,bat,talisman_master elites=["13:파란×4@구간3"]
[Audio] BGM dungeon → dungeon_4.ogg
[Save] level 못골 들녘 → user://save_e2e.json (C:/Users/FORYOUCOM/AppData/Roaming/Godot/app_userdata/Joseon Hunters/wt/codex-554-item-window-contract/save_e2e.json)
[Dev] stairs Down_cave dir=1 world=(88.5, 0.0, 3.5) screen=(7212.236, 897.1014)
[Dev] interact Waypoint world=(62.5, 0.0, 65.5) screen=(3139.301, 1810.974)
[Dev] interact FloorItem world=(32.5, 0.0, 70.5) screen=(1519.384, 1142.938)
[Dev] interact @Area3D@42724 world=(33.5, 0.0, 69.5) screen=(1611.95, 1142.938)
[Dev] interact PusJar world=(95.5, 0.0, 103.5) screen=(2907.884, 3708.197)
[Dev] interact @Area3D@42871 world=(101.5, 0.0, 105.5) screen=(3093.018, 3921.969)
[Dev] interact @Area3D@42872 world=(98.5, 0.0, 107.5) screen=(2861.601, 3895.247)
[Dev] interact LootChest world=(27.5, 0.0, 70.5) screen=(1287.967, 1009.331)
[Dev] interact @Area3D@42873 world=(94.5, 0.0, 100.5) screen=(3000.451, 3601.312)
[Dev] interact @Area3D@42874 world=(55.5, 0.0, 52.5) screen=(3417.001, 1276.545)
[Dev] interact LootPot world=(46.5, 0.0, 68.5) screen=(2259.917, 1463.595)
[Dev] interact @Area3D@42875 world=(73.5, 0.0, 47.5) screen=(4481.519, 1623.924)
[Dev] interact @Area3D@42876 world=(90.5, 0.0, 47.5) screen=(5268.335, 2078.189)
[Dev] interact @Area3D@42877 world=(111.5, 0.0, 49.5) screen=(6147.719, 2692.782)
[Dev] interact @Area3D@42878 world=(101.5, 0.0, 101.5) screen=(3278.151, 3815.083)
[Dev] interact @Area3D@42879 world=(86.5, 0.0, 76.5) screen=(3740.984, 2746.225)
[Dev] interact @Area3D@42880 world=(53.5, 0.0, 52.5) screen=(3324.434, 1223.102)
[Dev] interact @Area3D@42881 world=(87.5, 0.0, 95.5) screen=(2907.884, 3280.654)
[Dev] interact @Area3D@42882 world=(26.5, 0.0, 66.5) screen=(1426.817, 875.7234)
[Dev] interact @Area3D@42883 world=(17.5, 0.0, 60.5) screen=(1287.967, 474.9016)
[Dev] interact @Area3D@42884 world=(86.5, 0.0, 22.5) screen=(6240.286, 1303.266)
[Dev] interact @Area3D@42885 world=(59.5, 0.0, 65.5) screen=(3000.451, 1730.81)
[Dev] interact @Area3D@42886 world=(18.5, 0.0, 74.5) screen=(686.2832, 875.7234)
[Dev] interact @Area3D@42887 world=(44.5, 0.0, 69.5) screen=(2121.067, 1436.874)
[Dev] interact @Area3D@42888 world=(73.5, 0.0, 49.5) screen=(4388.952, 1677.367)
[Dev] interact @Area3D@42889 world=(88.5, 0.0, 52.5) screen=(4944.352, 2158.353)
  · 띠 첫 자리 (18.5, 0.0, 64.5) (들머리에서 11.0u)
[Dev] removed 74 enemies
[Click] world=(24.5, 0.000391, 64.5) cell=(24, 64)
[Click] world=(24.5, 0.000391, 64.5) cell=(24, 64)
[Click] world=(25.025, 0.000391, 64.5) cell=(25, 64)
[Click] world=(25.585, 0.000391, 64.5) cell=(25, 64)
[Click] world=(26.14499, 0.000391, 64.5) cell=(26, 64)
[Click] world=(26.70499, 0.000391, 64.5) cell=(26, 64)
[Click] world=(27.26499, 0.000391, 64.5) cell=(27, 64)
[Click] world=(27.82499, 0.000391, 64.5) cell=(27, 64)
[Click] world=(28.38498, 0.000391, 64.5) cell=(28, 64)
[Click] world=(28.80498, 0.000391, 64.5) cell=(28, 64)
[Click] world=(28.98498, 0.000391, 64.5) cell=(28, 64)
[Click] world=(29.16498, 0.000391, 64.5) cell=(29, 64)
[Click] world=(29.34498, 0.000391, 64.5) cell=(29, 64)
[Dev] removed 1 enemies
[Click] world=(21.1525, 0.000842, 64.5) cell=(21, 64)
[Click] world=(21.9925, 0.000842, 64.5) cell=(21, 64)
[Click] world=(22.83249, 0.000842, 64.5) cell=(22, 64)
[Dev] removed 1 enemies
[Click] world=(21.15333, 0.000842, 64.5) cell=(21, 64)
[Click] world=(22.00666, 0.000842, 64.5) cell=(22, 64)
[Click] world=(22.86, 0.000842, 64.5) cell=(22, 64)
[Dev] removed 1 enemies
  · 표 — 판 · 붙잡음(첫 칼) · 닿음 · 휘두름 · 도망친 거리 · 물러나는 빠르기(가운데/최대) | 맞은 뒤 4초: 멀어지며 걸은 시간·거리 · 공격 시작 · 첫 공격 · 닿은 공격 · 적 칼 맞음/휘두름 · 적이 움직인 거리
  · 부적술사      걷기 3.00 | 붙잡음 2.77초 · 닿음 2.35초 · 휘두름 1 · 도망친 거리 4.30u (2.05초) · 물러나는 빠르기 2.10/2.10 | 맞은 뒤: 멀어지며 0.00초 0.00u · 공격 시작 1 · 첫 공격 1.68초 · 닿은 공격 1 · 적 칼 맞음 4/4 · 움직인 거리 0.72u
  · 박쥐        걷기 4.50 | 붙잡음 0.97초 · 닿음 0.55초 · 휘두름 1 · 도망친 거리 1.73u (0.55초) · 물러나는 빠르기 3.15/3.15 | 맞은 뒤: 멀어지며 0.00초 0.00u · 공격 시작 1 · 첫 공격 2.30초 · 닿은 공격 2 · 적 칼 맞음 4/4 · 움직인 거리 0.60u
  · 날랜 박쥐     걷기 6.08 | 붙잡음 1.00초 · 닿음 0.58초 · 휘두름 1 · 도망친 거리 1.87u (0.58초) · 물러나는 빠르기 3.20/3.20 | 맞은 뒤: 멀어지며 0.00초 0.00u · 공격 시작 2 · 첫 공격 1.42초 · 닿은 공격 3 · 적 칼 맞음 4/4 · 움직인 거리 0.04u
E2E flee_chase PASS (검사 35)
[Audio] BGM town → town.ogg
[Save] level 못골 마을 → user://save_e2e.json (C:/Users/FORYOUCOM/AppData/Roaming/Godot/app_userdata/Joseon Hunters/wt/codex-554-item-window-contract/save_e2e.json)
[Dev] stairs DungeonEntrance dir=1 world=(0.0, 0.0, -31.0) screen=(2121.067, -492.4143)
[Dev] interact Merchant world=(5.4, 0.0, -2.4) screen=(1047.293, 368.0158)
[Dev] interact Shaman world=(-5.6, 0.0, 0.4) screen=(408.5833, 148.8999)
[Dev] interact Elder world=(2.0, 0.0, -5.6) screen=(1038.037, 191.6542)
[Dev] interact Jumo world=(7.1, 0.0, -1.4) screen=(1079.692, 440.1637)
[Dev] interact Waypoint world=(-4.2, 0.0, 2.2) screen=(390.0698, 234.4085)
E2E ▶ verify_flows
[Click] world=(-5.6, 0.0, 0.4) cell=(-6, 0)
[Save] quest_log_dialogue → user://save_e2e.json (C:/Users/FORYOUCOM/AppData/Roaming/Godot/app_userdata/Joseon Hunters/wt/codex-554-item-window-contract/save_e2e.json)
[Dungeon] heukrang_gul 1층 lv=2 seed=403727558 gen 64x64 rooms=6 up=(44, 56) down=(7, 23) enemies=20 roster=bandit,bat,talisman_master elites=["방2:금색×3(깊이 0.50)"] named=-
[Quest] heukrang_gul 1층 — 싹쓸이 셈 시작 20 (heukrang_clear:none)
[Audio] BGM dungeon → dungeon_3.ogg
[Save] level 흑랑 굴 1층 → user://save_e2e.json (C:/Users/FORYOUCOM/AppData/Roaming/Godot/app_userdata/Joseon Hunters/wt/codex-554-item-window-contract/save_e2e.json)
[Dev] stairs StairsUp dir=-1 world=(44.5, 0.0, 56.5) screen=(593.7165, 335.9509)
[Dev] stairs StairsDown dir=1 world=(7.5, 0.0, 23.5) screen=(408.583, -1534.551)
[Dev] interact PusJar world=(29.5, 0.0, 42.5) screen=(547.433, -487.0705)
[Dev] interact @Area3D@43232 world=(14.5, 0.0, 24.5) screen=(686.2831, -1368.878)
[Dev] interact @Area3D@43233 world=(23.5, 0.0, 18.5) screen=(1380.534, -1288.714)
[Dev] interact LootChest world=(29.5, 0.0, 39.5) screen=(686.2831, -567.2349)
[Dev] interact @Area3D@43234 world=(40.5, 0.0, 38.5) screen=(1241.683, -300.0204)
[Dev] interact LootPot world=(21.5, 0.0, 43.5) screen=(130.8828, -674.1207)
[Dev] interact @Area3D@43235 world=(22.5, 0.0, 44.5) screen=(130.8829, -620.6779)
[Dev] interact @Area3D@43236 world=(19.5, 0.0, 9.5) screen=(1611.95, -1636.093)
[Dev] interact @Area3D@43237 world=(20.5, 0.0, 9.5) screen=(1658.234, -1609.372)
[Dev] interact @Area3D@43238 world=(44.5, 0.0, 51.5) screen=(825.1333, 154.2443)
[Dev] interact @Area3D@43239 world=(44.5, 0.0, 52.5) screen=(778.8499, 180.9657)
[Dev] interact @Area3D@43240 world=(21.5, 0.0, 39.5) screen=(316.0163, -781.0065)
[Dungeon] heukrang_gul 2층 lv=3 seed=3189434797 preset 28x28 rooms=2 up=(22, 23) down=(-1, -1) enemies=2 roster=bat elites=[] named=-
[Audio] BGM boss → boss.ogg
[Save] level 흑랑 굴 2층 → user://save_e2e.json (C:/Users/FORYOUCOM/AppData/Roaming/Godot/app_userdata/Joseon Hunters/wt/codex-554-item-window-contract/save_e2e.json)
[Dev] stairs StairsUp dir=-1 world=(22.5, 0.0, 23.5) screen=(593.7167, 335.9507)
[Kill] +185 xp (lv 4, 4/160)
[LevelUp] lv=4 stat_pts=15 skill_pts=3
[Dev] item 영약 — 생맥산 world=(9.779131, 0.0, 9.480489) screen=(652.2352, -399.9193)
[Dev] item 탕약 — 쌍화탕 world=(9.779131, 0.0, 9.480489) screen=(652.2352, -399.9193)
[Dev] item 영약 — 생맥산 world=(9.779131, 0.0, 9.480489) screen=(652.2352, -399.9193)
[Dev] item 식별부첩 world=(9.779131, 0.0, 9.480489) screen=(652.2352, -399.9193)
[Dev] item 흑랑 이빨 world=(9.779131, 0.0, 9.480489) screen=(652.2352, -399.9193)
[Dev] item 미식별 윤도 world=(9.779131, 0.0, 9.480489) screen=(652.2352, -399.9193)
[Dev] item 미식별 윤도 world=(9.779131, 0.0, 9.480489) screen=(652.2352, -399.9193)
[Dev] item 미식별 옥패 world=(9.779131, 0.0, 9.480489) screen=(652.2352, -399.9193)
[Loot] 보스 전용 유니크 — boss_heukrang 첫 처치 → u_heukrang_fang (회차 1)
[Dev] item 흑랑의 봉인패 world=(9.779131, 0.0, 9.480489) screen=(652.2352, -399.9193)
[Dev] item 엽전 world=(9.779131, 0.0, 9.480489) screen=(652.2352, -399.9193)
[Save] boss → user://save_e2e.json (C:/Users/FORYOUCOM/AppData/Roaming/Godot/app_userdata/Joseon Hunters/wt/codex-554-item-window-contract/save_e2e.json)
[Boss] killed area=heukrang_gul level=3 flags={ "opening_pending": false, "seen": { "npc/shaman/start": 1 }, "story": { "shaman_offer": true, "shaman_heal_intro": true }, "quest_log": { "read": {  }, "history": { "heukrang_seal": [{ "uid": "npc/shaman/NPC_SHAMAN_OFFER_1", "source": "npc/shaman", "static_id": "NPC_SHAMAN_OFFER_1", "speaker": "shaman", "name": "무당 할매", "text": "도사 양반, 늦었소." }, { "uid": "npc/shaman/NPC_SHAMAN_OFFER_2", "source": "npc/shaman", "static_id": "NPC_SHAMAN_OFFER_2", "speaker": "doho", "name": "도호", "text": "할매, 술부터… 아, 분위기 아니구먼." }, { "uid": "npc/shaman/NPC_SHAMAN_OFFER_3", "source": "npc/shaman", "static_id": "NPC_SHAMAN_OFFER_3", "speaker": "shaman", "name": "무당 할매", "text": "봉인이 흔들리오. 못골 아래로 요기가 새고 있소." }, { "uid": "npc/shaman/NPC_SHAMAN_OFFER_4", "source": "npc/shaman", "static_id": "NPC_SHAMAN_OFFER_4", "speaker": "shaman", "name": "무당 할매", "text": "흑랑 굴 끝에 구미호의 수하가 자리를 잡았고, 봉밀굴 안은… 아직 잠든 것이 낫소." }, { "uid": "npc/shaman/NPC_SHAMAN_OFFER_5", "source": "npc/shaman", "static_id": "NPC_SHAMAN_OFFER_5", "speaker": "doho", "name": "도호", "text": "…또 봉인이여." }, { "uid": "npc/shaman/NPC_SHAMAN_OFFER_6", "source": "npc/shaman", "static_id": "NPC_SHAMAN_OFFER_6", "speaker": "shaman", "name": "무당 할매", "text": "도사 양반밖에 없소. 내려가 베어 주시오." }, { "uid": "npc/shaman/NPC_SHAMAN_OFFER_7", "source": "npc/shaman", "static_id": "NPC_SHAMAN_OFFER_7", "speaker": "doho", "name": "도호", "text": "술값은—" }, { "uid": "npc/shaman/NPC_SHAMAN_OFFER_8", "source": "npc/shaman", "static_id": "NPC_SHAMAN_OFFER_8", "speaker": "shaman", "name": "무당 할매", "text": "살아서 돌아오면 쳐 드리리다." }] }, "revisions": { "heukrang_seal": 8 } }, "quest": { "heukrang_clear": { "state": "none", "left": 20, "barked": false }, "heukrang_seal": { "state": "killed" }, "heukrang_thanks": { "state": "killed" } }, "seal:boss_heukrang": 1, "boss_killed_heukrang_gul": true }
[Kill] +6 xp (lv 4, 10/160)
[Dev] item 엽전 world=(24.75001, 0.0, 23.5) screen=(696.2673, 374.7451)
[Dev] item 미식별 패랭이 world=(24.75001, 0.0, 23.5) screen=(696.2673, 374.7451)
[Dev] item 괴황지 world=(24.75001, 0.0, 23.5) screen=(696.2673, 374.7451)
E2E verify_flows PASS (검사 16)
[Audio] BGM town → town.ogg
[Save] level 못골 마을 → user://save_e2e.json (C:/Users/FORYOUCOM/AppData/Roaming/Godot/app_userdata/Joseon Hunters/wt/codex-554-item-window-contract/save_e2e.json)
[Dev] stairs DungeonEntrance dir=1 world=(0.0, 0.0, -31.0) screen=(2121.067, -492.4143)
[Dev] interact Merchant world=(5.4, 0.0, -2.4) screen=(1047.293, 368.0158)
[Dev] interact Shaman world=(-5.6, 0.0, 0.4) screen=(408.5833, 148.8999)
[Dev] interact Elder world=(2.0, 0.0, -5.6) screen=(1038.037, 191.6542)
[Dev] interact Jumo world=(7.1, 0.0, -1.4) screen=(1079.692, 440.1637)
[Dev] interact Waypoint world=(-4.2, 0.0, 2.2) screen=(390.0698, 234.4085)
E2E ▶ player_death
[Dungeon] heukrang_gul 1층 lv=2 seed=403727558 gen 64x64 rooms=6 up=(44, 56) down=(7, 23) enemies=20 roster=bandit,bat,talisman_master elites=["방2:금색×3(깊이 0.50)"] named=-
[Quest] heukrang_gul 1층 — 싹쓸이 셈 시작 20 (heukrang_clear:none)
[Audio] BGM dungeon → dungeon_1.ogg
[Save] level 흑랑 굴 1층 → user://save_e2e.json (C:/Users/FORYOUCOM/AppData/Roaming/Godot/app_userdata/Joseon Hunters/wt/codex-554-item-window-contract/save_e2e.json)
[Dev] stairs StairsUp dir=-1 world=(44.5, 0.0, 56.5) screen=(593.7165, 335.9509)
[Dev] stairs StairsDown dir=1 world=(7.5, 0.0, 23.5) screen=(408.583, -1534.551)
[Dev] interact PusJar world=(29.5, 0.0, 42.5) screen=(547.433, -487.0705)
[Dev] interact @Area3D@43693 world=(14.5, 0.0, 24.5) screen=(686.2831, -1368.878)
[Dev] interact @Area3D@43694 world=(23.5, 0.0, 18.5) screen=(1380.534, -1288.714)
[Dev] interact LootChest world=(29.5, 0.0, 39.5) screen=(686.2831, -567.2349)
[Dev] interact @Area3D@43695 world=(40.5, 0.0, 38.5) screen=(1241.683, -300.0204)
[Dev] interact LootPot world=(21.5, 0.0, 43.5) screen=(130.8828, -674.1207)
[Dev] interact @Area3D@43696 world=(22.5, 0.0, 44.5) screen=(130.8829, -620.6779)
[Dev] interact @Area3D@43697 world=(19.5, 0.0, 9.5) screen=(1611.95, -1636.093)
[Dev] interact @Area3D@43698 world=(20.5, 0.0, 9.5) screen=(1658.234, -1609.372)
[Dev] interact @Area3D@43699 world=(44.5, 0.0, 51.5) screen=(825.1333, 154.2443)
[Dev] interact @Area3D@43700 world=(44.5, 0.0, 52.5) screen=(778.8499, 180.9657)
[Dev] interact @Area3D@43701 world=(21.5, 0.0, 39.5) screen=(316.0163, -781.0065)
[Dev] removed 20 enemies
[Death] 도호 사망 → 1.2s 뒤 마을 복귀, 엽전 -20
[Audio] BGM town → town.ogg
[Save] level 못골 마을 → user://save_e2e.json (C:/Users/FORYOUCOM/AppData/Roaming/Godot/app_userdata/Joseon Hunters/wt/codex-554-item-window-contract/save_e2e.json)
[Dev] stairs DungeonEntrance dir=1 world=(0.0, 0.0, -31.0) screen=(2121.067, -492.4143)
[Dev] interact Merchant world=(5.4, 0.0, -2.4) screen=(1047.293, 368.0158)
[Dev] interact Shaman world=(-5.6, 0.0, 0.4) screen=(408.5833, 148.8999)
[Dev] interact Elder world=(2.0, 0.0, -5.6) screen=(1038.037, 191.6542)
[Dev] interact Jumo world=(7.1, 0.0, -1.4) screen=(1079.692, 440.1637)
[Dev] interact Waypoint world=(-4.2, 0.0, 2.2) screen=(390.0698, 234.4085)
[Click] world=(2.999607, 0.0, 0.999607) cell=(2, 0)
[Dungeon] heukrang_gul 1층 lv=2 seed=403727558 gen 64x64 rooms=6 up=(44, 56) down=(7, 23) enemies=20 roster=bandit,bat,talisman_master elites=["방2:금색×3(깊이 0.50)"] named=-
[Quest] heukrang_gul 1층 — 싹쓸이 셈 시작 20 (heukrang_clear:none)
[Audio] BGM dungeon → dungeon_4.ogg
[Save] level 흑랑 굴 1층 → user://save_e2e.json (C:/Users/FORYOUCOM/AppData/Roaming/Godot/app_userdata/Joseon Hunters/wt/codex-554-item-window-contract/save_e2e.json)
[Dev] stairs StairsUp dir=-1 world=(44.5, 0.0, 56.5) screen=(593.7165, 335.9509)
[Dev] stairs StairsDown dir=1 world=(7.5, 0.0, 23.5) screen=(408.583, -1534.551)
[Dev] interact PusJar world=(29.5, 0.0, 42.5) screen=(547.433, -487.0705)
[Dev] interact @Area3D@44044 world=(14.5, 0.0, 24.5) screen=(686.2831, -1368.878)
[Dev] interact @Area3D@44045 world=(23.5, 0.0, 18.5) screen=(1380.534, -1288.714)
[Dev] interact LootChest world=(29.5, 0.0, 39.5) screen=(686.2831, -567.2349)
[Dev] interact @Area3D@44046 world=(40.5, 0.0, 38.5) screen=(1241.683, -300.0204)
[Dev] interact LootPot world=(21.5, 0.0, 43.5) screen=(130.8828, -674.1207)
[Dev] interact @Area3D@44047 world=(22.5, 0.0, 44.5) screen=(130.8829, -620.6779)
[Dev] interact @Area3D@44048 world=(19.5, 0.0, 9.5) screen=(1611.95, -1636.093)
[Dev] interact @Area3D@44049 world=(20.5, 0.0, 9.5) screen=(1658.234, -1609.372)
[Dev] interact @Area3D@44050 world=(44.5, 0.0, 51.5) screen=(825.1333, 154.2443)
[Dev] interact @Area3D@44051 world=(44.5, 0.0, 52.5) screen=(778.8499, 180.9657)
[Dev] interact @Area3D@44052 world=(21.5, 0.0, 39.5) screen=(316.0163, -781.0065)
[Dev] removed 20 enemies
[Click] world=(48.49961, 0.0, 56.49961) cell=(48, 56)
[Death] 도호 사망 → 1.2s 뒤 마을 복귀, 엽전 -18
[Audio] BGM town → town.ogg
[Save] level 못골 마을 → user://save_e2e.json (C:/Users/FORYOUCOM/AppData/Roaming/Godot/app_userdata/Joseon Hunters/wt/codex-554-item-window-contract/save_e2e.json)
[Dev] stairs DungeonEntrance dir=1 world=(0.0, 0.0, -31.0) screen=(2121.067, -492.4143)
[Dev] interact Merchant world=(5.4, 0.0, -2.4) screen=(1047.293, 368.0158)
[Dev] interact Shaman world=(-5.6, 0.0, 0.4) screen=(408.5833, 148.8999)
[Dev] interact Elder world=(2.0, 0.0, -5.6) screen=(1038.037, 191.6542)
[Dev] interact Jumo world=(7.1, 0.0, -1.4) screen=(1079.692, 440.1637)
[Dev] interact Waypoint world=(-4.2, 0.0, 2.2) screen=(390.0698, 234.4085)
[Dungeon] heukrang_gul 1층 lv=2 seed=403727558 gen 64x64 rooms=6 up=(44, 56) down=(7, 23) enemies=20 roster=bandit,bat,talisman_master elites=["방2:금색×3(깊이 0.50)"] named=-
[Quest] heukrang_gul 1층 — 싹쓸이 셈 시작 20 (heukrang_clear:none)
[Audio] BGM dungeon → dungeon_2.ogg
[Save] level 흑랑 굴 1층 → user://save_e2e.json (C:/Users/FORYOUCOM/AppData/Roaming/Godot/app_userdata/Joseon Hunters/wt/codex-554-item-window-contract/save_e2e.json)
[Dev] stairs StairsUp dir=-1 world=(44.5, 0.0, 56.5) screen=(593.7165, 335.9509)
[Dev] stairs StairsDown dir=1 world=(7.5, 0.0, 23.5) screen=(408.583, -1534.551)
[Dev] interact PusJar world=(29.5, 0.0, 42.5) screen=(547.433, -487.0705)
[Dev] interact @Area3D@44394 world=(14.5, 0.0, 24.5) screen=(686.2831, -1368.878)
[Dev] interact @Area3D@44395 world=(23.5, 0.0, 18.5) screen=(1380.534, -1288.714)
[Dev] interact LootChest world=(29.5, 0.0, 39.5) screen=(686.2831, -567.2349)
[Dev] interact @Area3D@44396 world=(40.5, 0.0, 38.5) screen=(1241.683, -300.0204)
[Dev] interact LootPot world=(21.5, 0.0, 43.5) screen=(130.8828, -674.1207)
[Dev] interact @Area3D@44397 world=(22.5, 0.0, 44.5) screen=(130.8829, -620.6779)
[Dev] interact @Area3D@44398 world=(19.5, 0.0, 9.5) screen=(1611.95, -1636.093)
[Dev] interact @Area3D@44399 world=(20.5, 0.0, 9.5) screen=(1658.234, -1609.372)
[Dev] interact @Area3D@44400 world=(44.5, 0.0, 51.5) screen=(825.1333, 154.2443)
[Dev] interact @Area3D@44401 world=(44.5, 0.0, 52.5) screen=(778.8499, 180.9657)
[Dev] interact @Area3D@44402 world=(21.5, 0.0, 39.5) screen=(316.0163, -781.0065)
[Dev] removed 20 enemies
[Death] 도호 사망 → 1.2s 뒤 마을 복귀, 엽전 -16
[Audio] BGM town → town.ogg
[Save] level 못골 마을 → user://save_e2e.json (C:/Users/FORYOUCOM/AppData/Roaming/Godot/app_userdata/Joseon Hunters/wt/codex-554-item-window-contract/save_e2e.json)
[Dev] stairs DungeonEntrance dir=1 world=(0.0, 0.0, -31.0) screen=(2121.067, -492.4143)
[Dev] interact Merchant world=(5.4, 0.0, -2.4) screen=(1047.293, 368.0158)
[Dev] interact Shaman world=(-5.6, 0.0, 0.4) screen=(408.5833, 148.8999)
[Dev] interact Elder world=(2.0, 0.0, -5.6) screen=(1038.037, 191.6542)
[Dev] interact Jumo world=(7.1, 0.0, -1.4) screen=(1079.692, 440.1637)
[Dev] interact Waypoint world=(-4.2, 0.0, 2.2) screen=(390.0698, 234.4085)
[Dungeon] heukrang_gul 1층 lv=2 seed=403727558 gen 64x64 rooms=6 up=(44, 56) down=(7, 23) enemies=20 roster=bandit,bat,talisman_master elites=["방2:금색×3(깊이 0.50)"] named=-
[Quest] heukrang_gul 1층 — 싹쓸이 셈 시작 20 (heukrang_clear:none)
[Audio] BGM dungeon → dungeon_4.ogg
[Save] level 흑랑 굴 1층 → user://save_e2e.json (C:/Users/FORYOUCOM/AppData/Roaming/Godot/app_userdata/Joseon Hunters/wt/codex-554-item-window-contract/save_e2e.json)
[Dev] stairs StairsUp dir=-1 world=(44.5, 0.0, 56.5) screen=(593.7165, 335.9509)
[Dev] stairs StairsDown dir=1 world=(7.5, 0.0, 23.5) screen=(408.583, -1534.551)
[Dev] interact PusJar world=(29.5, 0.0, 42.5) screen=(547.433, -487.0705)
[Dev] interact @Area3D@44744 world=(14.5, 0.0, 24.5) screen=(686.2831, -1368.878)
[Dev] interact @Area3D@44745 world=(23.5, 0.0, 18.5) screen=(1380.534, -1288.714)
[Dev] interact LootChest world=(29.5, 0.0, 39.5) screen=(686.2831, -567.2349)
[Dev] interact @Area3D@44746 world=(40.5, 0.0, 38.5) screen=(1241.683, -300.0204)
[Dev] interact LootPot world=(21.5, 0.0, 43.5) screen=(130.8828, -674.1207)
[Dev] interact @Area3D@44747 world=(22.5, 0.0, 44.5) screen=(130.8829, -620.6779)
[Dev] interact @Area3D@44748 world=(19.5, 0.0, 9.5) screen=(1611.95, -1636.093)
[Dev] interact @Area3D@44749 world=(20.5, 0.0, 9.5) screen=(1658.234, -1609.372)
[Dev] interact @Area3D@44750 world=(44.5, 0.0, 51.5) screen=(825.1333, 154.2443)
[Dev] interact @Area3D@44751 world=(44.5, 0.0, 52.5) screen=(778.8499, 180.9657)
[Dev] interact @Area3D@44752 world=(21.5, 0.0, 39.5) screen=(316.0163, -781.0065)
E2E player_death PASS (검사 27)
[Audio] BGM town → town.ogg
[Save] level 못골 마을 → user://save_e2e.json (C:/Users/FORYOUCOM/AppData/Roaming/Godot/app_userdata/Joseon Hunters/wt/codex-554-item-window-contract/save_e2e.json)
[Dev] stairs DungeonEntrance dir=1 world=(0.0, 0.0, -31.0) screen=(2121.067, -492.4143)
[Dev] interact Merchant world=(5.4, 0.0, -2.4) screen=(1047.293, 368.0158)
[Dev] interact Shaman world=(-5.6, 0.0, 0.4) screen=(408.5833, 148.8999)
[Dev] interact Elder world=(2.0, 0.0, -5.6) screen=(1038.037, 191.6542)
[Dev] interact Jumo world=(7.1, 0.0, -1.4) screen=(1079.692, 440.1637)
[Dev] interact Waypoint world=(-4.2, 0.0, 2.2) screen=(390.0698, 234.4085)
E2E ▶ wall_cutaway
[Dungeon] heukrang_gul 1층 lv=2 seed=403727558 gen 64x64 rooms=6 up=(44, 56) down=(7, 23) enemies=20 roster=bandit,bat,talisman_master elites=["방2:금색×3(깊이 0.50)"] named=-
[Quest] heukrang_gul 1층 — 싹쓸이 셈 시작 20 (heukrang_clear:none)
[Audio] BGM dungeon → dungeon_2.ogg
[Save] level 흑랑 굴 1층 → user://save_e2e.json (C:/Users/FORYOUCOM/AppData/Roaming/Godot/app_userdata/Joseon Hunters/wt/codex-554-item-window-contract/save_e2e.json)
[Dev] stairs StairsUp dir=-1 world=(44.5, 0.0, 56.5) screen=(593.7165, 335.9509)
[Dev] stairs StairsDown dir=1 world=(7.5, 0.0, 23.5) screen=(408.583, -1534.551)
[Dev] interact PusJar world=(29.5, 0.0, 42.5) screen=(547.433, -487.0705)
[Dev] interact @Area3D@45094 world=(14.5, 0.0, 24.5) screen=(686.2831, -1368.878)
[Dev] interact @Area3D@45095 world=(23.5, 0.0, 18.5) screen=(1380.534, -1288.714)
[Dev] interact LootChest world=(29.5, 0.0, 39.5) screen=(686.2831, -567.2349)
[Dev] interact @Area3D@45096 world=(40.5, 0.0, 38.5) screen=(1241.683, -300.0204)
[Dev] interact LootPot world=(21.5, 0.0, 43.5) screen=(130.8828, -674.1207)
[Dev] interact @Area3D@45097 world=(22.5, 0.0, 44.5) screen=(130.8829, -620.6779)
[Dev] interact @Area3D@45098 world=(19.5, 0.0, 9.5) screen=(1611.95, -1636.093)
[Dev] interact @Area3D@45099 world=(20.5, 0.0, 9.5) screen=(1658.234, -1609.372)
[Dev] interact @Area3D@45100 world=(44.5, 0.0, 51.5) screen=(825.1333, 154.2443)
[Dev] interact @Area3D@45101 world=(44.5, 0.0, 52.5) screen=(778.8499, 180.9657)
[Dev] interact @Area3D@45102 world=(21.5, 0.0, 39.5) screen=(316.0163, -781.0065)
[Dev] removed 20 enemies
  · stand=(48, 51) wall=(49, 52) player=(48.5, 0.000391, 51.5) 후보 116칸
E2E wall_cutaway PASS (검사 17)
[Audio] BGM town → town.ogg
[Save] level 못골 마을 → user://save_e2e.json (C:/Users/FORYOUCOM/AppData/Roaming/Godot/app_userdata/Joseon Hunters/wt/codex-554-item-window-contract/save_e2e.json)
[Dev] stairs DungeonEntrance dir=1 world=(0.0, 0.0, -31.0) screen=(2121.067, -492.4143)
[Dev] interact Merchant world=(5.4, 0.0, -2.4) screen=(1047.293, 368.0158)
[Dev] interact Shaman world=(-5.6, 0.0, 0.4) screen=(408.5833, 148.8999)
[Dev] interact Elder world=(2.0, 0.0, -5.6) screen=(1038.037, 191.6542)
[Dev] interact Jumo world=(7.1, 0.0, -1.4) screen=(1079.692, 440.1637)
[Dev] interact Waypoint world=(-4.2, 0.0, 2.2) screen=(390.0698, 234.4085)
E2E ▶ floor_seams
[Dungeon] heukrang_gul 1층 lv=2 seed=403727558 gen 64x64 rooms=6 up=(44, 56) down=(7, 23) enemies=20 roster=bandit,bat,talisman_master elites=["방2:금색×3(깊이 0.50)"] named=-
[Quest] heukrang_gul 1층 — 싹쓸이 셈 시작 20 (heukrang_clear:none)
[Audio] BGM dungeon → dungeon_1.ogg
[Save] level 흑랑 굴 1층 → user://save_e2e.json (C:/Users/FORYOUCOM/AppData/Roaming/Godot/app_userdata/Joseon Hunters/wt/codex-554-item-window-contract/save_e2e.json)
[Dev] stairs StairsUp dir=-1 world=(44.5, 0.0, 56.5) screen=(593.7165, 335.9509)
[Dev] stairs StairsDown dir=1 world=(7.5, 0.0, 23.5) screen=(408.583, -1534.551)
[Dev] interact PusJar world=(29.5, 0.0, 42.5) screen=(547.433, -487.0705)
[Dev] interact @Area3D@45447 world=(14.5, 0.0, 24.5) screen=(686.2831, -1368.878)
[Dev] interact @Area3D@45448 world=(23.5, 0.0, 18.5) screen=(1380.534, -1288.714)
[Dev] interact LootChest world=(29.5, 0.0, 39.5) screen=(686.2831, -567.2349)
[Dev] interact @Area3D@45449 world=(40.5, 0.0, 38.5) screen=(1241.683, -300.0204)
[Dev] interact LootPot world=(21.5, 0.0, 43.5) screen=(130.8828, -674.1207)
[Dev] interact @Area3D@45450 world=(22.5, 0.0, 44.5) screen=(130.8829, -620.6779)
[Dev] interact @Area3D@45451 world=(19.5, 0.0, 9.5) screen=(1611.95, -1636.093)
[Dev] interact @Area3D@45452 world=(20.5, 0.0, 9.5) screen=(1658.234, -1609.372)
[Dev] interact @Area3D@45453 world=(44.5, 0.0, 51.5) screen=(825.1333, 154.2443)
[Dev] interact @Area3D@45454 world=(44.5, 0.0, 52.5) screen=(778.8499, 180.9657)
[Dev] interact @Area3D@45455 world=(21.5, 0.0, 39.5) screen=(316.0163, -781.0065)
[Dev] removed 20 enemies
  · 헤드리스 — 밝기 실측 생략
E2E floor_seams PASS (검사 3)
[Audio] BGM town → town.ogg
[Save] level 못골 마을 → user://save_e2e.json (C:/Users/FORYOUCOM/AppData/Roaming/Godot/app_userdata/Joseon Hunters/wt/codex-554-item-window-contract/save_e2e.json)
[Dev] stairs DungeonEntrance dir=1 world=(0.0, 0.0, -31.0) screen=(2121.067, -492.4143)
[Dev] interact Merchant world=(5.4, 0.0, -2.4) screen=(1047.293, 368.0158)
[Dev] interact Shaman world=(-5.6, 0.0, 0.4) screen=(408.5833, 148.8999)
[Dev] interact Elder world=(2.0, 0.0, -5.6) screen=(1038.037, 191.6542)
[Dev] interact Jumo world=(7.1, 0.0, -1.4) screen=(1079.692, 440.1637)
[Dev] interact Waypoint world=(-4.2, 0.0, 2.2) screen=(390.0698, 234.4085)
E2E ▶ char_light
  · 마을: 키 0.450 오는 쪽 (0.067, 0.643, 0.763) · 보조 0.060 오는 쪽 (-0.079, 0.423, -0.903) (카메라 자리 (0.577, 0.577, 0.577))
  · 헤드리스 — town 스윕 [0.45, 0.15, 0.8] 픽셀 실측 생략 (배우 5명 · glTF 기본값 금속 재질 0)
[Dungeon] heukrang_gul 1층 lv=2 seed=403727558 gen 64x64 rooms=6 up=(44, 56) down=(7, 23) enemies=20 roster=bandit,bat,talisman_master elites=["방2:금색×3(깊이 0.50)"] named=-
[Quest] heukrang_gul 1층 — 싹쓸이 셈 시작 20 (heukrang_clear:none)
[Audio] BGM dungeon → dungeon_3.ogg
[Save] level 흑랑 굴 1층 → user://save_e2e.json (C:/Users/FORYOUCOM/AppData/Roaming/Godot/app_userdata/Joseon Hunters/wt/codex-554-item-window-contract/save_e2e.json)
[Dev] stairs StairsUp dir=-1 world=(44.5, 0.0, 56.5) screen=(593.7165, 335.9509)
[Dev] stairs StairsDown dir=1 world=(7.5, 0.0, 23.5) screen=(408.583, -1534.551)
[Dev] interact PusJar world=(29.5, 0.0, 42.5) screen=(547.433, -487.0705)
[Dev] interact @Area3D@45801 world=(14.5, 0.0, 24.5) screen=(686.2831, -1368.878)
[Dev] interact @Area3D@45802 world=(23.5, 0.0, 18.5) screen=(1380.534, -1288.714)
[Dev] interact LootChest world=(29.5, 0.0, 39.5) screen=(686.2831, -567.2349)
[Dev] interact @Area3D@45803 world=(40.5, 0.0, 38.5) screen=(1241.683, -300.0204)
[Dev] interact LootPot world=(21.5, 0.0, 43.5) screen=(130.8828, -674.1207)
[Dev] interact @Area3D@45804 world=(22.5, 0.0, 44.5) screen=(130.8829, -620.6779)
[Dev] interact @Area3D@45805 world=(19.5, 0.0, 9.5) screen=(1611.95, -1636.093)
[Dev] interact @Area3D@45806 world=(20.5, 0.0, 9.5) screen=(1658.234, -1609.372)
[Dev] interact @Area3D@45807 world=(44.5, 0.0, 51.5) screen=(825.1333, 154.2443)
[Dev] interact @Area3D@45808 world=(44.5, 0.0, 52.5) screen=(778.8499, 180.9657)
[Dev] interact @Area3D@45809 world=(21.5, 0.0, 39.5) screen=(316.0163, -781.0065)
  · 던전 1층: 키 0.350 오는 쪽 (0.067, 0.643, 0.763) · 보조 0.047 오는 쪽 (-0.079, 0.423, -0.903) (카메라 자리 (0.577, 0.577, 0.577))
  · 헤드리스 — dungeon 스윕 [0.35, 0.8, 1.5] 픽셀 실측 생략 (배우 5명 · glTF 기본값 금속 재질 0)
[Dungeon] heukrang_gul 2층 lv=3 seed=3189434797 preset 28x28 rooms=2 up=(22, 23) down=(-1, -1) enemies=2 roster=bat elites=[] named=-
[Audio] BGM boss → boss.ogg
[Save] level 흑랑 굴 2층 → user://save_e2e.json (C:/Users/FORYOUCOM/AppData/Roaming/Godot/app_userdata/Joseon Hunters/wt/codex-554-item-window-contract/save_e2e.json)
[Dev] stairs StairsUp dir=-1 world=(22.5, 0.0, 23.5) screen=(593.7167, 335.9507)
  · 보스 층: 키 0.350 오는 쪽 (0.067, 0.643, 0.763) · 보조 0.047 오는 쪽 (-0.079, 0.423, -0.903) (카메라 자리 (0.577, 0.577, 0.577))
E2E char_light PASS (검사 102)
[Audio] BGM town → town.ogg
[Save] level 못골 마을 → user://save_e2e.json (C:/Users/FORYOUCOM/AppData/Roaming/Godot/app_userdata/Joseon Hunters/wt/codex-554-item-window-contract/save_e2e.json)
[Dev] stairs DungeonEntrance dir=1 world=(0.0, 0.0, -31.0) screen=(2121.067, -492.4143)
[Dev] interact Merchant world=(5.4, 0.0, -2.4) screen=(1047.293, 368.0158)
[Dev] interact Shaman world=(-5.6, 0.0, 0.4) screen=(408.5833, 148.8999)
[Dev] interact Elder world=(2.0, 0.0, -5.6) screen=(1038.037, 191.6542)
[Dev] interact Jumo world=(7.1, 0.0, -1.4) screen=(1079.692, 440.1637)
[Dev] interact Waypoint world=(-4.2, 0.0, 2.2) screen=(390.0698, 234.4085)
E2E ▶ town_layout
  · 광장→입구 내비 경로 41.7u
  · 갈대 154포기
  · 돌담 마디 64 · 바위 89 · 울타리 마디 1
[SealGate] 첫 접근 혼잣말 — …이 빛, 낯이 익은데.
E2E town_layout PASS (검사 60)
[Save] level 못골 마을 → user://save_e2e.json (C:/Users/FORYOUCOM/AppData/Roaming/Godot/app_userdata/Joseon Hunters/wt/codex-554-item-window-contract/save_e2e.json)
[Dev] stairs DungeonEntrance dir=1 world=(0.0, 0.0, -31.0) screen=(2121.067, -492.4143)
[Dev] interact Merchant world=(5.4, 0.0, -2.4) screen=(1047.293, 368.0158)
[Dev] interact Shaman world=(-5.6, 0.0, 0.4) screen=(408.5833, 148.8999)
[Dev] interact Elder world=(2.0, 0.0, -5.6) screen=(1038.037, 191.6542)
[Dev] interact Jumo world=(7.1, 0.0, -1.4) screen=(1079.692, 440.1637)
[Dev] interact Waypoint world=(-4.2, 0.0, 2.2) screen=(390.0698, 234.4085)
E2E ▶ town_approach
[Click] world=(-1.5, 0.0, -1.5) cell=(-2, -2)
[Click] world=(-1.5, 0.0, -4.500002) cell=(-2, -5)
[Click] world=(-2.500001, 0.0, -4.5) cell=(-3, -5)
[Click] world=(-4.500002, 0.0, -6.499999) cell=(-5, -7)
[Click] world=(-6.500001, 0.0, -9.500002) cell=(-7, -10)
[Click] world=(-8.5, 0.0, -11.5) cell=(-9, -12)
[Click] world=(-9.999999, 0.0, -13.0) cell=(-10, -14)
[Click] world=(-8.500001, 0.0, -15.5) cell=(-9, -16)
[Click] world=(-8.500001, 0.0, -16.5) cell=(-9, -17)
[Click] world=(-7.5, 0.0, -19.5) cell=(-8, -20)
[Click] world=(-5.5, 0.0, -21.5) cell=(-6, -22)
[Click] world=(-3.500002, 0.0, -21.5) cell=(-4, -22)
[Click] world=(-1.5, 0.0, -23.5) cell=(-2, -24)
[Click] world=(1.5, 0.0, -23.5) cell=(1, -24)
[Click] world=(0.5, 0.0, -26.5) cell=(0, -27)
[SealGate] 첫 접근 혼잣말 — …이 빛, 낯이 익은데.
[Click] world=(0.5, 0.0, -27.5) cell=(0, -28)
[Click] world=(0.000002, 0.0, -28.6) cell=(0, -29)
  · 문턱까지 클릭 주행 11.47s (캡처·입력 대기 포함)
[Click] world=(0.0, 0.0, -31.0) cell=(0, -31)
[Click] world=(0.5, -0.000001, -27.5) cell=(0, -28)
[Click] world=(1.5, 0.0, -24.5) cell=(1, -25)
[Click] world=(1.5, 0.0, -23.5) cell=(1, -24)
[Click] world=(-1.500002, 0.0, -22.5) cell=(-2, -23)
[Click] world=(-3.5, 0.0, -21.5) cell=(-4, -22)
[Click] world=(-6.500003, 0.0, -19.5) cell=(-7, -20)
[Click] world=(-7.500004, 0.0, -19.5) cell=(-8, -20)
[Click] world=(-8.5, 0.0, -16.5) cell=(-9, -17)
[Click] world=(-9.5, 0.0, -13.5) cell=(-10, -14)
[Click] world=(-10.0, 0.0, -13.0) cell=(-11, -14)
[Click] world=(-8.499999, 0.0, -11.5) cell=(-9, -12)
[Click] world=(-6.500001, 0.0, -9.5) cell=(-7, -10)
[Click] world=(-4.500001, 0.0, -6.5) cell=(-5, -7)
[Click] world=(-2.5, 0.0, -4.499999) cell=(-3, -5)
[Click] world=(-1.500001, 0.0, -1.5) cell=(-2, -2)
[Click] world=(-2.0, 0.0, 1.0) cell=(-2, 1)
[Click] world=(-3.500002, 0.0, -1.5) cell=(-4, -2)
[Click] world=(-5.000001, 0.0, -2.799999) cell=(-6, -3)
[Click] world=(-7.500002, 0.0, -2.5) cell=(-8, -3)
[Click] world=(-10.5, 0.0, -2.5) cell=(-11, -3)
[Click] world=(-12.8, 0.0, -2.799999) cell=(-13, -3)
[Click] world=(-12.5, 0.0, -5.499999) cell=(-13, -6)
[Click] world=(-12.8, -0.000002, -9.000003) cell=(-13, -10)
[Click] world=(-12.5, 0.0, -6.5) cell=(-13, -7)
[Click] world=(-12.5, 0.0, -3.5) cell=(-13, -4)
[Click] world=(-12.5, 0.0, -0.500001) cell=(-13, -1)
[Click] world=(-12.5, 0.0, 2.5) cell=(-13, 2)
[Click] world=(-12.5, 0.0, 5.5) cell=(-13, 5)
[Click] world=(-12.5, 0.0, 8.499998) cell=(-13, 8)
[Click] world=(-12.5, 0.0, 11.5) cell=(-13, 11)
[Click] world=(-9.5, 0.0, 11.5) cell=(-10, 11)
[Click] world=(-6.499998, 0.0, 11.5) cell=(-7, 11)
[Click] world=(-8.500003, 0.0, 9.5) cell=(-9, 9)
[Click] world=(-11.5, 0.0, 9.500002) cell=(-12, 9)
[Click] world=(-11.5, 0.0, 6.5) cell=(-12, 6)
[Click] world=(-11.5, 0.0, 3.499998) cell=(-12, 3)
[Click] world=(-11.5, 0.0, 0.5) cell=(-12, 0)
[Click] world=(-9.499999, 0.0, -1.499999) cell=(-10, -2)
[Click] world=(-6.5, 0.0, -1.500003) cell=(-7, -2)
[Click] world=(-3.499999, 0.0, 0.5) cell=(-4, 0)
[Click] world=(-0.499999, 0.000001, 1.500002) cell=(-1, 1)
[Click] world=(0.0, 0.0, 1.0) cell=(0, 1)
[Click] world=(1.5, 0.0, 3.500002) cell=(1, 3)
[Click] world=(4.5, 0.0, 3.500002) cell=(4, 3)
[Click] world=(7.499999, 0.0, 5.500001) cell=(7, 5)
[Click] world=(8.5, 0.0, 5.5) cell=(8, 5)
[Click] world=(9.499998, 0.0, 8.5) cell=(9, 8)
[Click] world=(11.2, 0.0, 10.6) cell=(11, 10)
[Click] world=(16.4, 0.0, 11.4) cell=(16, 11)
[Dev] item 화염부 world=(32.5, 0.0, 70.5) screen=(-1207.979, 2431.874)
[Dev] item 빙결부 world=(33.5, 0.0, 69.5) screen=(-1115.412, 2431.874)
[Field] deulnyeok seed=355022911 128x128 props=2252 packs=18 enemies=74 waypoint=(62, 65) roster=bandit,bat,talisman_master elites=["13:파란×4@구간3"]
[Audio] BGM dungeon → dungeon_4.ogg
[Save] level 못골 들녘 → user://save_e2e.json (C:/Users/FORYOUCOM/AppData/Roaming/Godot/app_userdata/Joseon Hunters/wt/codex-554-item-window-contract/save_e2e.json)
[Dev] stairs Down_cave dir=1 world=(88.5, 0.0, 3.5) screen=(7212.236, 897.1014)
[Dev] interact Waypoint world=(62.5, 0.0, 65.5) screen=(3139.301, 1810.974)
[Dev] interact FloorItem world=(32.5, 0.0, 70.5) screen=(1519.384, 1142.938)
[Dev] interact @Area3D@46699 world=(33.5, 0.0, 69.5) screen=(1611.95, 1142.938)
[Dev] interact PusJar world=(95.5, 0.0, 103.5) screen=(2907.884, 3708.197)
[Dev] interact @Area3D@46846 world=(101.5, 0.0, 105.5) screen=(3093.018, 3921.969)
[Dev] interact @Area3D@46847 world=(98.5, 0.0, 107.5) screen=(2861.601, 3895.247)
[Dev] interact LootChest world=(27.5, 0.0, 70.5) screen=(1287.967, 1009.331)
[Dev] interact @Area3D@46848 world=(94.5, 0.0, 100.5) screen=(3000.451, 3601.312)
[Dev] interact @Area3D@46849 world=(55.5, 0.0, 52.5) screen=(3417.001, 1276.545)
[Dev] interact LootPot world=(46.5, 0.0, 68.5) screen=(2259.917, 1463.595)
[Dev] interact @Area3D@46850 world=(73.5, 0.0, 47.5) screen=(4481.519, 1623.924)
[Dev] interact @Area3D@46851 world=(90.5, 0.0, 47.5) screen=(5268.335, 2078.189)
[Dev] interact @Area3D@46852 world=(111.5, 0.0, 49.5) screen=(6147.719, 2692.782)
[Dev] interact @Area3D@46853 world=(101.5, 0.0, 101.5) screen=(3278.151, 3815.083)
[Dev] interact @Area3D@46854 world=(86.5, 0.0, 76.5) screen=(3740.984, 2746.225)
[Dev] interact @Area3D@46855 world=(53.5, 0.0, 52.5) screen=(3324.434, 1223.102)
[Dev] interact @Area3D@46856 world=(87.5, 0.0, 95.5) screen=(2907.884, 3280.654)
[Dev] interact @Area3D@46857 world=(26.5, 0.0, 66.5) screen=(1426.817, 875.7234)
[Dev] interact @Area3D@46858 world=(17.5, 0.0, 60.5) screen=(1287.967, 474.9016)
[Dev] interact @Area3D@46859 world=(86.5, 0.0, 22.5) screen=(6240.286, 1303.266)
[Dev] interact @Area3D@46860 world=(59.5, 0.0, 65.5) screen=(3000.451, 1730.81)
[Dev] interact @Area3D@46861 world=(18.5, 0.0, 74.5) screen=(686.2832, 875.7234)
[Dev] interact @Area3D@46862 world=(44.5, 0.0, 69.5) screen=(2121.067, 1436.874)
[Dev] interact @Area3D@46863 world=(73.5, 0.0, 49.5) screen=(4388.952, 1677.367)
[Dev] interact @Area3D@46864 world=(88.5, 0.0, 52.5) screen=(4944.352, 2158.353)
[Dev] removed 74 enemies
[Click] world=(2.5, 0.0, 64.5) cell=(2, 64)
[Audio] BGM town → town.ogg
[Save] level 못골 마을 → user://save_e2e.json (C:/Users/FORYOUCOM/AppData/Roaming/Godot/app_userdata/Joseon Hunters/wt/codex-554-item-window-contract/save_e2e.json)
[Dev] stairs DungeonEntrance dir=1 world=(0.0, 0.0, -31.0) screen=(1959.075, -1115.024)
[Dev] interact Merchant world=(5.4, 0.0, -2.4) screen=(885.3018, -254.594)
[Dev] interact Shaman world=(-5.6, 0.0, 0.4) screen=(246.5916, -473.7099)
[Dev] interact Elder world=(2.0, 0.0, -5.6) screen=(876.0451, -430.9556)
[Dev] interact Jumo world=(7.1, 0.0, -1.4) screen=(917.7001, -182.4461)
[Dev] interact Waypoint world=(-4.2, 0.0, 2.2) screen=(228.0781, -388.2012)
E2E town_approach PASS (검사 133)
[Save] level 못골 마을 → user://save_e2e.json (C:/Users/FORYOUCOM/AppData/Roaming/Godot/app_userdata/Joseon Hunters/wt/codex-554-item-window-contract/save_e2e.json)
[Dev] stairs DungeonEntrance dir=1 world=(0.0, 0.0, -31.0) screen=(2121.067, -492.4143)
[Dev] interact Merchant world=(5.4, 0.0, -2.4) screen=(1047.293, 368.0158)
[Dev] interact Shaman world=(-5.6, 0.0, 0.4) screen=(408.5833, 148.8999)
[Dev] interact Elder world=(2.0, 0.0, -5.6) screen=(1038.037, 191.6542)
[Dev] interact Jumo world=(7.1, 0.0, -1.4) screen=(1079.692, 440.1637)
[Dev] interact Waypoint world=(-4.2, 0.0, 2.2) screen=(390.0698, 234.4085)
E2E ▶ ui_windows
[Dev] item 환도 world=(1.3, 0.0, 2.3) screen=(640.0, 413.4636)
[Click] world=(5.4, 0.0, -2.4) cell=(5, -3)
[Click] world=(-5.6, 0.0, 0.4) cell=(-6, 0)
[Save] quest_log_dialogue → user://save_e2e.json (C:/Users/FORYOUCOM/AppData/Roaming/Godot/app_userdata/Joseon Hunters/wt/codex-554-item-window-contract/save_e2e.json)
[Click] world=(2.0, 0.0, -5.6) cell=(2, -6)
[Click] world=(-4.2, 0.0, 2.2) cell=(-5, 2)
[Load] lv=1 gold=0 flags={ "opening_pending": false } portal=<null> wps=[]
[Save] level 못골 마을 → user://ui_windows_550_624717459.json.characters/doho_939e4fa5a5811459ec07fe6f.json (C:/Users/FORYOUCOM/AppData/Roaming/Godot/app_userdata/Joseon Hunters/wt/codex-554-item-window-contract/ui_windows_550_624717459.json.characters/doho_939e4fa5a5811459ec07fe6f.json)
[Dev] stairs DungeonEntrance dir=1 world=(0.0, 0.0, -31.0) screen=(2121.067, -492.4143)
[Dev] interact Merchant world=(5.4, 0.0, -2.4) screen=(1047.293, 368.0158)
[Dev] interact Shaman world=(-5.6, 0.0, 0.4) screen=(408.5833, 148.8999)
[Dev] interact Elder world=(2.0, 0.0, -5.6) screen=(1038.037, 191.6542)
[Dev] interact Jumo world=(7.1, 0.0, -1.4) screen=(1079.692, 440.1637)
[Dev] interact Waypoint world=(-4.2, 0.0, 2.2) screen=(390.0698, 234.4085)
E2E ui_windows PASS (검사 65)
[Save] level 못골 마을 → user://save_e2e.json (C:/Users/FORYOUCOM/AppData/Roaming/Godot/app_userdata/Joseon Hunters/wt/codex-554-item-window-contract/save_e2e.json)
[Dev] stairs DungeonEntrance dir=1 world=(0.0, 0.0, -31.0) screen=(2121.067, -492.4143)
[Dev] interact Merchant world=(5.4, 0.0, -2.4) screen=(1047.293, 368.0158)
[Dev] interact Shaman world=(-5.6, 0.0, 0.4) screen=(408.5833, 148.8999)
[Dev] interact Elder world=(2.0, 0.0, -5.6) screen=(1038.037, 191.6542)
[Dev] interact Jumo world=(7.1, 0.0, -1.4) screen=(1079.692, 440.1637)
[Dev] interact Waypoint world=(-4.2, 0.0, 2.2) screen=(390.0698, 234.4085)
E2E ▶ story_cutin
[Save] level 못골 마을 → user://save_e2e.json (C:/Users/FORYOUCOM/AppData/Roaming/Godot/app_userdata/Joseon Hunters/wt/codex-554-item-window-contract/save_e2e.json)
[Dev] stairs DungeonEntrance dir=1 world=(0.0, 0.0, -31.0) screen=(2121.067, -492.4143)
[Dev] interact Merchant world=(5.4, 0.0, -2.4) screen=(1047.293, 368.0158)
[Dev] interact Shaman world=(-5.6, 0.0, 0.4) screen=(408.5833, 148.8999)
[Dev] interact Elder world=(2.0, 0.0, -5.6) screen=(1038.037, 191.6542)
[Dev] interact Jumo world=(7.1, 0.0, -1.4) screen=(1079.692, 440.1637)
[Dev] interact Waypoint world=(-4.2, 0.0, 2.2) screen=(390.0698, 234.4085)
[Load] lv=1 gold=0 flags={ "opening_pending": true } portal=<null> wps=[]
[Save] level 못골 마을 → user://save_e2e.json (C:/Users/FORYOUCOM/AppData/Roaming/Godot/app_userdata/Joseon Hunters/wt/codex-554-item-window-contract/save_e2e.json)
[Dev] stairs DungeonEntrance dir=1 world=(0.0, 0.0, -31.0) screen=(2121.067, -492.4143)
[Dev] interact Merchant world=(5.4, 0.0, -2.4) screen=(1047.293, 368.0158)
[Dev] interact Shaman world=(-5.6, 0.0, 0.4) screen=(408.5833, 148.8999)
[Dev] interact Elder world=(2.0, 0.0, -5.6) screen=(1038.037, 191.6542)
[Dev] interact Jumo world=(7.1, 0.0, -1.4) screen=(1079.692, 440.1637)
[Dev] interact Waypoint world=(-4.2, 0.0, 2.2) screen=(390.0698, 234.4085)
  · 사설 가장 긴 줄 869 / 글 폭 1101 px (화면 (1280.0, 720.0)) 「그날 이후 괴질이 돌았으니라! 옛 도사들이 걸어 둔 봉인이 새어 병이 번져 방방곡곡 휘몰아쳐—」
[Save] opening → user://save_e2e.json (C:/Users/FORYOUCOM/AppData/Roaming/Godot/app_userdata/Joseon Hunters/wt/codex-554-item-window-contract/save_e2e.json)
[Dungeon] heukrang_gul 2층 lv=3 seed=3189434797 preset 28x28 rooms=2 up=(22, 23) down=(-1, -1) enemies=2 roster=bat elites=[] named=-
[Audio] BGM boss → boss.ogg
[Save] level 흑랑 굴 2층 → user://save_e2e.json (C:/Users/FORYOUCOM/AppData/Roaming/Godot/app_userdata/Joseon Hunters/wt/codex-554-item-window-contract/save_e2e.json)
[Dev] stairs StairsUp dir=-1 world=(22.5, 0.0, 23.5) screen=(593.7167, 335.9507)
  · 컷인 조우 before tick=35141 intro=false signals=0 visible=false kind= paused=true menu=false distance=4.000
  · 컷인 조우 after tick=35142 delta=1 opened=true intro=true signals=1 visible=true kind=boss paused=true menu=false
  · 컷인 Esc tick=35144 intro=true signals=1 visible=false paused=false menu=false
[Dungeon] beomgul 3층 lv=6 seed=3376041942 preset 32x30 rooms=2 up=(26, 24) down=(-1, -1) enemies=0 roster= elites=[] named=-
[Save] level 범굴 3층 → user://save_e2e.json (C:/Users/FORYOUCOM/AppData/Roaming/Godot/app_userdata/Joseon Hunters/wt/codex-554-item-window-contract/save_e2e.json)
[Dev] stairs StairsUp dir=-1 world=(26.5, 0.0, 24.5) screen=(593.7167, 335.9507)
E2E story_cutin PASS (검사 28)
[Audio] BGM town → town.ogg
[Save] level 못골 마을 → user://save_e2e.json (C:/Users/FORYOUCOM/AppData/Roaming/Godot/app_userdata/Joseon Hunters/wt/codex-554-item-window-contract/save_e2e.json)
[Dev] stairs DungeonEntrance dir=1 world=(0.0, 0.0, -31.0) screen=(2121.067, -492.4143)
[Dev] interact Merchant world=(5.4, 0.0, -2.4) screen=(1047.293, 368.0158)
[Dev] interact Shaman world=(-5.6, 0.0, 0.4) screen=(408.5833, 148.8999)
[Dev] interact Elder world=(2.0, 0.0, -5.6) screen=(1038.037, 191.6542)
[Dev] interact Jumo world=(7.1, 0.0, -1.4) screen=(1079.692, 440.1637)
[Dev] interact Waypoint world=(-4.2, 0.0, 2.2) screen=(390.0698, 234.4085)
E2E ▶ dialogue_band
[Click] world=(5.4, 0.0, -2.4) cell=(5, -3)
[Dev] 한기 3초 → 산적
[Dev] 빙결 → 산적 (얼음)
[Dev] 화상 3/초 × 2초 → 산적
  · 이름표 글꼴 = 궁서
E2E dialogue_band PASS (검사 71)
[Save] level 못골 마을 → user://save_e2e.json (C:/Users/FORYOUCOM/AppData/Roaming/Godot/app_userdata/Joseon Hunters/wt/codex-554-item-window-contract/save_e2e.json)
[Dev] stairs DungeonEntrance dir=1 world=(0.0, 0.0, -31.0) screen=(2121.067, -492.4143)
[Dev] interact Merchant world=(5.4, 0.0, -2.4) screen=(1047.293, 368.0158)
[Dev] interact Shaman world=(-5.6, 0.0, 0.4) screen=(408.5833, 148.8999)
[Dev] interact Elder world=(2.0, 0.0, -5.6) screen=(1038.037, 191.6542)
[Dev] interact Jumo world=(7.1, 0.0, -1.4) screen=(1079.692, 440.1637)
[Dev] interact Waypoint world=(-4.2, 0.0, 2.2) screen=(390.0698, 234.4085)
E2E ▶ dialogue_event
[Click] world=(-5.6, 0.0, 0.4) cell=(-6, 0)
[Click] world=(-3.9, 0.0, 0.6) cell=(-4, 0)
[Save] quest → user://save_e2e.json (C:/Users/FORYOUCOM/AppData/Roaming/Godot/app_userdata/Joseon Hunters/wt/codex-554-item-window-contract/save_e2e.json)
[Save] quest_log_dialogue → user://save_e2e.json (C:/Users/FORYOUCOM/AppData/Roaming/Godot/app_userdata/Joseon Hunters/wt/codex-554-item-window-contract/save_e2e.json)
[Click] world=(-1.767355, 0.0, 2.585504) cell=(-2, 2)
[Click] world=(-5.6, 0.0, 0.4) cell=(-6, 0)
[Save] quest_log_dialogue → user://save_e2e.json (C:/Users/FORYOUCOM/AppData/Roaming/Godot/app_userdata/Joseon Hunters/wt/codex-554-item-window-contract/save_e2e.json)
[Click] world=(-3.9, 0.0, 0.6) cell=(-4, 0)
E2E dialogue_event PASS (검사 49)
[Save] level 못골 마을 → user://save_e2e.json (C:/Users/FORYOUCOM/AppData/Roaming/Godot/app_userdata/Joseon Hunters/wt/codex-554-item-window-contract/save_e2e.json)
[Dev] stairs DungeonEntrance dir=1 world=(0.0, 0.0, -31.0) screen=(2121.067, -492.4143)
[Dev] interact Merchant world=(5.4, 0.0, -2.4) screen=(1047.293, 368.0158)
[Dev] interact Shaman world=(-5.6, 0.0, 0.4) screen=(408.5833, 148.8999)
[Dev] interact Elder world=(2.0, 0.0, -5.6) screen=(1038.037, 191.6542)
[Dev] interact Jumo world=(7.1, 0.0, -1.4) screen=(1079.692, 440.1637)
[Dev] interact Waypoint world=(-4.2, 0.0, 2.2) screen=(390.0698, 234.4085)
E2E ▶ ui_docks
  · none camera settled, player x=640.00
  · right camera settled, player x=424.00
[Click] world=(-0.896354, 0.641335, 0.919067) cell=(-1, 0)
  · right after pickup camera settled, player x=424.00
  · left camera settled, player x=856.00
[Click] world=(0.989948, 0.0, 0.01005) cell=(0, 0)
  · left after movement camera settled, player x=857.49
  · both camera settled, player x=640.29
  · skills and bag camera settled, player x=640.17
  · Esc restores center camera settled, player x=640.11
[Click] world=(5.4, 0.0, -2.4) cell=(5, -3)
  · dialog alone camera settled, player x=641.44
  · vendor and bag camera settled, player x=640.00
  · after vendor close camera settled, player x=640.00
[Click] world=(-4.2, 0.0, 2.2) cell=(-5, 2)
  · waypoint alone camera settled, player x=854.51
  · waypoint and bag camera settled, player x=639.71
  · final center camera settled, player x=639.82
E2E ui_docks PASS (검사 61)
[Save] level 못골 마을 → user://save_e2e.json (C:/Users/FORYOUCOM/AppData/Roaming/Godot/app_userdata/Joseon Hunters/wt/codex-554-item-window-contract/save_e2e.json)
[Dev] stairs DungeonEntrance dir=1 world=(0.0, 0.0, -31.0) screen=(2121.067, -492.4143)
[Dev] interact Merchant world=(5.4, 0.0, -2.4) screen=(1047.293, 368.0158)
[Dev] interact Shaman world=(-5.6, 0.0, 0.4) screen=(408.5833, 148.8999)
[Dev] interact Elder world=(2.0, 0.0, -5.6) screen=(1038.037, 191.6542)
[Dev] interact Jumo world=(7.1, 0.0, -1.4) screen=(1079.692, 440.1637)
[Dev] interact Waypoint world=(-4.2, 0.0, 2.2) screen=(390.0698, 234.4085)
E2E ▶ ui_tooltips
E2E ui_tooltips PASS (검사 97)
[Save] level 못골 마을 → user://save_e2e.json (C:/Users/FORYOUCOM/AppData/Roaming/Godot/app_userdata/Joseon Hunters/wt/codex-554-item-window-contract/save_e2e.json)
[Dev] stairs DungeonEntrance dir=1 world=(0.0, 0.0, -31.0) screen=(2121.067, -492.4143)
[Dev] interact Merchant world=(5.4, 0.0, -2.4) screen=(1047.293, 368.0158)
[Dev] interact Shaman world=(-5.6, 0.0, 0.4) screen=(408.5833, 148.8999)
[Dev] interact Elder world=(2.0, 0.0, -5.6) screen=(1038.037, 191.6542)
[Dev] interact Jumo world=(7.1, 0.0, -1.4) screen=(1079.692, 440.1637)
[Dev] interact Waypoint world=(-4.2, 0.0, 2.2) screen=(390.0698, 234.4085)
E2E ▶ belt_unify
E2E belt_unify PASS (검사 15)
[Save] level 못골 마을 → user://save_e2e.json (C:/Users/FORYOUCOM/AppData/Roaming/Godot/app_userdata/Joseon Hunters/wt/codex-554-item-window-contract/save_e2e.json)
[Dev] stairs DungeonEntrance dir=1 world=(0.0, 0.0, -31.0) screen=(2121.067, -492.4143)
[Dev] interact Merchant world=(5.4, 0.0, -2.4) screen=(1047.293, 368.0158)
[Dev] interact Shaman world=(-5.6, 0.0, 0.4) screen=(408.5833, 148.8999)
[Dev] interact Elder world=(2.0, 0.0, -5.6) screen=(1038.037, 191.6542)
[Dev] interact Jumo world=(7.1, 0.0, -1.4) screen=(1079.692, 440.1637)
[Dev] interact Waypoint world=(-4.2, 0.0, 2.2) screen=(390.0698, 234.4085)
E2E ▶ item_ui
E2E item_ui PASS (검사 42)
[Save] level 못골 마을 → user://save_e2e.json (C:/Users/FORYOUCOM/AppData/Roaming/Godot/app_userdata/Joseon Hunters/wt/codex-554-item-window-contract/save_e2e.json)
[Dev] stairs DungeonEntrance dir=1 world=(0.0, 0.0, -31.0) screen=(2121.067, -492.4143)
[Dev] interact Merchant world=(5.4, 0.0, -2.4) screen=(1047.293, 368.0158)
[Dev] interact Shaman world=(-5.6, 0.0, 0.4) screen=(408.5833, 148.8999)
[Dev] interact Elder world=(2.0, 0.0, -5.6) screen=(1038.037, 191.6542)
[Dev] interact Jumo world=(7.1, 0.0, -1.4) screen=(1079.692, 440.1637)
[Dev] interact Waypoint world=(-4.2, 0.0, 2.2) screen=(390.0698, 234.4085)
E2E ▶ skill_picker
[Save] skill_picker_e2e → user://save_e2e.json (C:/Users/FORYOUCOM/AppData/Roaming/Godot/app_userdata/Joseon Hunters/wt/codex-554-item-window-contract/save_e2e.json)
[Load] lv=6 gold=0 flags={ "opening_pending": false } portal=<null> wps=[]
[Save] level 못골 마을 → user://save_e2e.json (C:/Users/FORYOUCOM/AppData/Roaming/Godot/app_userdata/Joseon Hunters/wt/codex-554-item-window-contract/save_e2e.json)
[Dev] stairs DungeonEntrance dir=1 world=(0.0, 0.0, -31.0) screen=(2121.067, -492.4143)
[Dev] interact Merchant world=(5.4, 0.0, -2.4) screen=(1047.293, 368.0158)
[Dev] interact Shaman world=(-5.6, 0.0, 0.4) screen=(408.5833, 148.8999)
[Dev] interact Elder world=(2.0, 0.0, -5.6) screen=(1038.037, 191.6542)
[Dev] interact Jumo world=(7.1, 0.0, -1.4) screen=(1079.692, 440.1637)
[Dev] interact Waypoint world=(-4.2, 0.0, 2.2) screen=(390.0698, 234.4085)
[Skill] 참격 → mp 46/50
[Skill] 참격 → mp 46/50
[Skill] 회오리베기 → mp 38/50
[Dev] item 탕약 — 쌍화탕 world=(-0.187194, 0.0, 1.880317) screen=(374.592, 362.5098)
[Save] level 못골 마을 → user://save_e2e.json (C:/Users/FORYOUCOM/AppData/Roaming/Godot/app_userdata/Joseon Hunters/wt/codex-554-item-window-contract/save_e2e.json)
[Dev] stairs DungeonEntrance dir=1 world=(0.0, 0.0, -31.0) screen=(2121.067, -492.4143)
[Dev] interact Merchant world=(5.4, 0.0, -2.4) screen=(1047.293, 368.0158)
[Dev] interact Shaman world=(-5.6, 0.0, 0.4) screen=(408.5833, 148.8999)
[Dev] interact Elder world=(2.0, 0.0, -5.6) screen=(1038.037, 191.6542)
[Dev] interact Jumo world=(7.1, 0.0, -1.4) screen=(1079.692, 440.1637)
[Dev] interact Waypoint world=(-4.2, 0.0, 2.2) screen=(390.0698, 234.4085)
[Death] 도호 사망 → 1.2s 뒤 마을 복귀, 엽전 -0
[Save] level 못골 마을 → user://save_e2e.json (C:/Users/FORYOUCOM/AppData/Roaming/Godot/app_userdata/Joseon Hunters/wt/codex-554-item-window-contract/save_e2e.json)
[Dev] stairs DungeonEntrance dir=1 world=(0.0, 0.0, -31.0) screen=(2121.067, -492.4143)
[Dev] interact Merchant world=(5.4, 0.0, -2.4) screen=(1047.293, 368.0158)
[Dev] interact Shaman world=(-5.6, 0.0, 0.4) screen=(408.5833, 148.8999)
[Dev] interact Elder world=(2.0, 0.0, -5.6) screen=(1038.037, 191.6542)
[Dev] interact Jumo world=(7.1, 0.0, -1.4) screen=(1079.692, 440.1637)
[Dev] interact Waypoint world=(-4.2, 0.0, 2.2) screen=(390.0698, 234.4085)
E2E skill_picker PASS (검사 191)
[Save] level 못골 마을 → user://save_e2e.json (C:/Users/FORYOUCOM/AppData/Roaming/Godot/app_userdata/Joseon Hunters/wt/codex-554-item-window-contract/save_e2e.json)
[Dev] stairs DungeonEntrance dir=1 world=(0.0, 0.0, -31.0) screen=(2121.067, -492.4143)
[Dev] interact Merchant world=(5.4, 0.0, -2.4) screen=(1047.293, 368.0158)
[Dev] interact Shaman world=(-5.6, 0.0, 0.4) screen=(408.5833, 148.8999)
[Dev] interact Elder world=(2.0, 0.0, -5.6) screen=(1038.037, 191.6542)
[Dev] interact Jumo world=(7.1, 0.0, -1.4) screen=(1079.692, 440.1637)
[Dev] interact Waypoint world=(-4.2, 0.0, 2.2) screen=(390.0698, 234.4085)
E2E ▶ skill_icons
  · 찌르기 원화 대기 — 이름 첫 글자로 대신 (#477·#478 새 칸)
  · 도약 베기 원화 대기 — 이름 첫 글자로 대신 (#477·#478 새 칸)
  · 칼바람 원화 대기 — 이름 첫 글자로 대신 (#477·#478 새 칸)
  · 부적 진 원화 대기 — 이름 첫 글자로 대신 (#477·#478 새 칸)
  · 부적 비 원화 대기 — 이름 첫 글자로 대신 (#477·#478 새 칸)
[Skill] 회오리베기 → mp 42/50
E2E skill_icons PASS (검사 48)
[Save] level 못골 마을 → user://save_e2e.json (C:/Users/FORYOUCOM/AppData/Roaming/Godot/app_userdata/Joseon Hunters/wt/codex-554-item-window-contract/save_e2e.json)
[Dev] stairs DungeonEntrance dir=1 world=(0.0, 0.0, -31.0) screen=(2121.067, -492.4143)
[Dev] interact Merchant world=(5.4, 0.0, -2.4) screen=(1047.293, 368.0158)
[Dev] interact Shaman world=(-5.6, 0.0, 0.4) screen=(408.5833, 148.8999)
[Dev] interact Elder world=(2.0, 0.0, -5.6) screen=(1038.037, 191.6542)
[Dev] interact Jumo world=(7.1, 0.0, -1.4) screen=(1079.692, 440.1637)
[Dev] interact Waypoint world=(-4.2, 0.0, 2.2) screen=(390.0698, 234.4085)
E2E ▶ vfx_cues
[Dungeon] heukrang_gul 1층 lv=2 seed=403727558 gen 64x64 rooms=6 up=(44, 56) down=(7, 23) enemies=20 roster=bandit,bat,talisman_master elites=["방2:금색×3(깊이 0.50)"] named=-
[Quest] heukrang_gul 1층 — 싹쓸이 셈 시작 20 (heukrang_clear:none)
[Audio] BGM dungeon → dungeon_2.ogg
[Save] level 흑랑 굴 1층 → user://save_e2e.json (C:/Users/FORYOUCOM/AppData/Roaming/Godot/app_userdata/Joseon Hunters/wt/codex-554-item-window-contract/save_e2e.json)
[Dev] stairs StairsUp dir=-1 world=(44.5, 0.0, 56.5) screen=(593.7165, 335.9509)
[Dev] stairs StairsDown dir=1 world=(7.5, 0.0, 23.5) screen=(408.583, -1534.551)
[Dev] interact PusJar world=(29.5, 0.0, 42.5) screen=(547.433, -487.0705)
[Dev] interact @Area3D@50070 world=(14.5, 0.0, 24.5) screen=(686.2831, -1368.878)
[Dev] interact @Area3D@50071 world=(23.5, 0.0, 18.5) screen=(1380.534, -1288.714)
[Dev] interact LootChest world=(29.5, 0.0, 39.5) screen=(686.2831, -567.2349)
[Dev] interact @Area3D@50072 world=(40.5, 0.0, 38.5) screen=(1241.683, -300.0204)
[Dev] interact LootPot world=(21.5, 0.0, 43.5) screen=(130.8828, -674.1207)
[Dev] interact @Area3D@50073 world=(22.5, 0.0, 44.5) screen=(130.8829, -620.6779)
[Dev] interact @Area3D@50074 world=(19.5, 0.0, 9.5) screen=(1611.95, -1636.093)
[Dev] interact @Area3D@50075 world=(20.5, 0.0, 9.5) screen=(1658.234, -1609.372)
[Dev] interact @Area3D@50076 world=(44.5, 0.0, 51.5) screen=(825.1333, 154.2443)
[Dev] interact @Area3D@50077 world=(44.5, 0.0, 52.5) screen=(778.8499, 180.9657)
[Dev] interact @Area3D@50078 world=(21.5, 0.0, 39.5) screen=(316.0163, -781.0065)
[Dev] removed 20 enemies
[Dev] item 철검 world=(45.5, 0.0, 58.0) screen=(570.5748, 384.0701)
[Dev] item 목검 world=(47.0, 0.0, 56.5) screen=(709.4249, 384.0702)
  · 선딜 시트 pos=(44.5, 0.030391, 56.5) 적=(44.5, 0.000391, 56.5) 화면=(593.7165, 331.6754) visible=true frame=6/23
[Kill] +6 xp (lv 1, 6/20)
[Dev] item 엽전 world=(44.23503, 0.0, 56.5) screen=(581.4528, 310.1862)
[Save] quest → user://save_e2e.json (C:/Users/FORYOUCOM/AppData/Roaming/Godot/app_userdata/Joseon Hunters/wt/codex-554-item-window-contract/save_e2e.json)
[Quest] heukrang_clear 싹쓸이 완료 (none → killed)
[Skill] 참격 → mp 46/50
[Skill] 참격 → mp 46/50
[Skill] 돌진베기 → mp 44/50
[Skill] 회오리베기 → mp 42/50
[Kill] +100 xp (lv 4, 50/160)
[LevelUp] lv=4 stat_pts=5 skill_pts=1
  · 레벨업 道: 발 위 4.30 · 칸 15장 · 흩어짐 0.32(1.55초) · 사라짐 2.03초
[Dev] interact Portal world=(48.5, 0.0, 56.5) screen=(640.0024, 311.9233)
[Portal] opened heukrang_gul 1층 pos=(48.5, 0.0, 56.5)
[Vfx] missing cue: no_such_cue_zzz (큐 표 design/vfx.md §2)
  · 루프 103 · 단발 2
E2E vfx_cues PASS (검사 74)
[Audio] BGM town → town.ogg
[Save] level 못골 마을 → user://save_e2e.json (C:/Users/FORYOUCOM/AppData/Roaming/Godot/app_userdata/Joseon Hunters/wt/codex-554-item-window-contract/save_e2e.json)
[Dev] stairs DungeonEntrance dir=1 world=(0.0, 0.0, -31.0) screen=(2121.067, -492.4143)
[Dev] interact Merchant world=(5.4, 0.0, -2.4) screen=(1047.293, 368.0158)
[Dev] interact Shaman world=(-5.6, 0.0, 0.4) screen=(408.5833, 148.8999)
[Dev] interact Elder world=(2.0, 0.0, -5.6) screen=(1038.037, 191.6542)
[Dev] interact Jumo world=(7.1, 0.0, -1.4) screen=(1079.692, 440.1637)
[Dev] interact Waypoint world=(-4.2, 0.0, 2.2) screen=(390.0698, 234.4085)
E2E ▶ vfx_cap_blood
[Kill] +120 xp (lv 3, 43/104)
[LevelUp] lv=3 stat_pts=10 skill_pts=2
[Dev] item 미식별 무명 도포 world=(4.0, 0.0, 1.0) screen=(825.1334, 450.8736)
[Dev] item 영약 — 생맥산 world=(4.0, 0.0, 1.0) screen=(825.1334, 450.8736)
[Dev] item 탕약 — 쌍화탕 world=(4.0, 0.0, 1.0) screen=(825.1334, 450.8736)
[Dev] item 탕약 — 쌍화탕 world=(4.0, 0.0, 1.0) screen=(825.1334, 450.8736)
[Dev] item 식별부첩 world=(4.0, 0.0, 1.0) screen=(825.1334, 450.8736)
[Dev] item 흑랑 이빨 world=(4.0, 0.0, 1.0) screen=(825.1334, 450.8736)
[Dev] item 미식별 장검 world=(4.0, 0.0, 1.0) screen=(825.1334, 450.8736)
[Dev] item 미식별 패랭이 world=(4.0, 0.0, 1.0) screen=(825.1334, 450.8736)
[Dev] item 미식별 옥패 world=(4.0, 0.0, 1.0) screen=(825.1334, 450.8736)
[Loot] 보스 전용 유니크 — boss_heukrang 첫 처치 → u_heukrang_fang (회차 1)
[Dev] item 흑랑의 봉인패 world=(4.0, 0.0, 1.0) screen=(825.1334, 450.8736)
[Dev] item 엽전 world=(4.0, 0.0, 1.0) screen=(825.1334, 450.8736)
[Save] boss → user://save_e2e.json (C:/Users/FORYOUCOM/AppData/Roaming/Godot/app_userdata/Joseon Hunters/wt/codex-554-item-window-contract/save_e2e.json)
[Boss] killed area= level=1 flags={ "opening_pending": false, "seal:boss_heukrang": 1, "quest": { "heukrang_seal": { "state": "killed" }, "heukrang_thanks": { "state": "killed" } }, "boss_killed_": true }
[Kill] +6 xp (lv 3, 49/104)
[Dev] item 엽전 world=(5.2, 0.0, 1.0) screen=(880.6734, 482.9394)
  · #395 (고친 뒤) — 둘째 킬 직전 살아 있는 단발 21/24(장식성 패딩 15개) · 새로 생겼나=true · 킬 뒤 살아있는 단발 24 · 피 전용 4/24
E2E vfx_cap_blood PASS (검사 3)
[Save] level 못골 마을 → user://save_e2e.json (C:/Users/FORYOUCOM/AppData/Roaming/Godot/app_userdata/Joseon Hunters/wt/codex-554-item-window-contract/save_e2e.json)
[Dev] stairs DungeonEntrance dir=1 world=(0.0, 0.0, -31.0) screen=(2121.067, -492.4143)
[Dev] interact Merchant world=(5.4, 0.0, -2.4) screen=(1047.293, 368.0158)
[Dev] interact Shaman world=(-5.6, 0.0, 0.4) screen=(408.5833, 148.8999)
[Dev] interact Elder world=(2.0, 0.0, -5.6) screen=(1038.037, 191.6542)
[Dev] interact Jumo world=(7.1, 0.0, -1.4) screen=(1079.692, 440.1637)
[Dev] interact Waypoint world=(-4.2, 0.0, 2.2) screen=(390.0698, 234.4085)
E2E ▶ skill_area
[Dungeon] heukrang_gul 1층 lv=2 seed=403727558 gen 64x64 rooms=6 up=(44, 56) down=(7, 23) enemies=20 roster=bandit,bat,talisman_master elites=["방2:금색×3(깊이 0.50)"] named=-
[Quest] heukrang_gul 1층 — 싹쓸이 셈 시작 20 (heukrang_clear:none)
[Audio] BGM dungeon → dungeon_3.ogg
[Save] level 흑랑 굴 1층 → user://save_e2e.json (C:/Users/FORYOUCOM/AppData/Roaming/Godot/app_userdata/Joseon Hunters/wt/codex-554-item-window-contract/save_e2e.json)
[Dev] stairs StairsUp dir=-1 world=(44.5, 0.0, 56.5) screen=(593.7165, 335.9509)
[Dev] stairs StairsDown dir=1 world=(7.5, 0.0, 23.5) screen=(408.583, -1534.551)
[Dev] interact PusJar world=(29.5, 0.0, 42.5) screen=(547.433, -487.0705)
[Dev] interact @Area3D@50624 world=(14.5, 0.0, 24.5) screen=(686.2831, -1368.878)
[Dev] interact @Area3D@50625 world=(23.5, 0.0, 18.5) screen=(1380.534, -1288.714)
[Dev] interact LootChest world=(29.5, 0.0, 39.5) screen=(686.2831, -567.2349)
[Dev] interact @Area3D@50626 world=(40.5, 0.0, 38.5) screen=(1241.683, -300.0204)
[Dev] interact LootPot world=(21.5, 0.0, 43.5) screen=(130.8828, -674.1207)
[Dev] interact @Area3D@50627 world=(22.5, 0.0, 44.5) screen=(130.8829, -620.6779)
[Dev] interact @Area3D@50628 world=(19.5, 0.0, 9.5) screen=(1611.95, -1636.093)
[Dev] interact @Area3D@50629 world=(20.5, 0.0, 9.5) screen=(1658.234, -1609.372)
[Dev] interact @Area3D@50630 world=(44.5, 0.0, 51.5) screen=(825.1333, 154.2443)
[Dev] interact @Area3D@50631 world=(44.5, 0.0, 52.5) screen=(778.8499, 180.9657)
[Dev] interact @Area3D@50632 world=(21.5, 0.0, 39.5) screen=(316.0163, -781.0065)
[Dev] removed 20 enemies
[Skill] 참격 → mp 46/50
  · 참격: 반지름 2.20 · 각 120° · 칼이 닿는 시각 0.60초
[Audio] 같은 순간 같은 큐 상한(3) 넘침 — hit ×1 · enemy_hurt ×1 (버림 누계 494)
[Skill] 회오리베기 → mp 42/50
  · 회오리베기: 반지름 2.50 · 칼이 닿는 시각 0.45초
[Skill] 돌진베기 → mp 44/50
  · 돌진베기: 길이 5.00 (벽에서 끊김 반영) · 반폭 1.10 · 칼이 닿는 시각 0.55초
E2E skill_area PASS (검사 93)
[Audio] BGM town → town.ogg
[Save] level 못골 마을 → user://save_e2e.json (C:/Users/FORYOUCOM/AppData/Roaming/Godot/app_userdata/Joseon Hunters/wt/codex-554-item-window-contract/save_e2e.json)
[Dev] stairs DungeonEntrance dir=1 world=(0.0, 0.0, -31.0) screen=(2121.067, -492.4143)
[Dev] interact Merchant world=(5.4, 0.0, -2.4) screen=(1047.293, 368.0158)
[Dev] interact Shaman world=(-5.6, 0.0, 0.4) screen=(408.5833, 148.8999)
[Dev] interact Elder world=(2.0, 0.0, -5.6) screen=(1038.037, 191.6542)
[Dev] interact Jumo world=(7.1, 0.0, -1.4) screen=(1079.692, 440.1637)
[Dev] interact Waypoint world=(-4.2, 0.0, 2.2) screen=(390.0698, 234.4085)
E2E ▶ skill_tiers
[Dungeon] heukrang_gul 1층 lv=2 seed=403727558 gen 64x64 rooms=6 up=(44, 56) down=(7, 23) enemies=20 roster=bandit,bat,talisman_master elites=["방2:금색×3(깊이 0.50)"] named=-
[Quest] heukrang_gul 1층 — 싹쓸이 셈 시작 20 (heukrang_clear:none)
[Audio] BGM dungeon → dungeon_1.ogg
[Save] level 흑랑 굴 1층 → user://save_e2e.json (C:/Users/FORYOUCOM/AppData/Roaming/Godot/app_userdata/Joseon Hunters/wt/codex-554-item-window-contract/save_e2e.json)
[Dev] stairs StairsUp dir=-1 world=(44.5, 0.0, 56.5) screen=(593.7165, 335.9509)
[Dev] stairs StairsDown dir=1 world=(7.5, 0.0, 23.5) screen=(408.583, -1534.551)
[Dev] interact PusJar world=(29.5, 0.0, 42.5) screen=(547.433, -487.0705)
[Dev] interact @Area3D@51008 world=(14.5, 0.0, 24.5) screen=(686.2831, -1368.878)
[Dev] interact @Area3D@51009 world=(23.5, 0.0, 18.5) screen=(1380.534, -1288.714)
[Dev] interact LootChest world=(29.5, 0.0, 39.5) screen=(686.2831, -567.2349)
[Dev] interact @Area3D@51010 world=(40.5, 0.0, 38.5) screen=(1241.683, -300.0204)
[Dev] interact LootPot world=(21.5, 0.0, 43.5) screen=(130.8828, -674.1207)
[Dev] interact @Area3D@51011 world=(22.5, 0.0, 44.5) screen=(130.8829, -620.6779)
[Dev] interact @Area3D@51012 world=(19.5, 0.0, 9.5) screen=(1611.95, -1636.093)
[Dev] interact @Area3D@51013 world=(20.5, 0.0, 9.5) screen=(1658.234, -1609.372)
[Dev] interact @Area3D@51014 world=(44.5, 0.0, 51.5) screen=(825.1333, 154.2443)
[Dev] interact @Area3D@51015 world=(44.5, 0.0, 52.5) screen=(778.8499, 180.9657)
[Dev] interact @Area3D@51016 world=(21.5, 0.0, 39.5) screen=(316.0163, -781.0065)
[Dev] removed 20 enemies
[Skill] 회오리베기 → mp 42/50
[Audio] 같은 순간 같은 큐 상한(3) 넘침 — hit ×5 · enemy_hurt ×5 (버림 누계 504)
  · Lv1: 반경 2.50 → 2.50(배수 1.00) · 타수 1 · 이펙트 등급 0(화면 판단)
[Skill] 회오리베기 → mp 41/50
[Audio] 같은 순간 같은 큐 상한(3) 넘침 — hit ×13 · enemy_hurt ×13 (버림 누계 530)
  · Lv5: 반경 2.50 → 3.50(배수 1.40) · 타수 1 · 이펙트 등급 1(화면 판단)
[Skill] 회오리베기 → mp 40/50
[Audio] 같은 순간 같은 큐 상한(3) 넘침 — hit ×12 · enemy_hurt ×13 (버림 누계 555)
[Audio] 같은 순간 같은 큐 상한(3) 넘침 — hit ×13 · enemy_hurt ×13 (버림 누계 581)
  · Lv10: 반경 2.50 → 3.50(배수 1.40) · 타수 2 · 이펙트 등급 2(화면 판단)
E2E skill_tiers PASS (검사 72)
[Audio] BGM town → town.ogg
[Save] level 못골 마을 → user://save_e2e.json (C:/Users/FORYOUCOM/AppData/Roaming/Godot/app_userdata/Joseon Hunters/wt/codex-554-item-window-contract/save_e2e.json)
[Dev] stairs DungeonEntrance dir=1 world=(0.0, 0.0, -31.0) screen=(2121.067, -492.4143)
[Dev] interact Merchant world=(5.4, 0.0, -2.4) screen=(1047.293, 368.0158)
[Dev] interact Shaman world=(-5.6, 0.0, 0.4) screen=(408.5833, 148.8999)
[Dev] interact Elder world=(2.0, 0.0, -5.6) screen=(1038.037, 191.6542)
[Dev] interact Jumo world=(7.1, 0.0, -1.4) screen=(1079.692, 440.1637)
[Dev] interact Waypoint world=(-4.2, 0.0, 2.2) screen=(390.0698, 234.4085)
E2E ▶ aoe_skills
[Dungeon] heukrang_gul 1층 lv=2 seed=403727558 gen 64x64 rooms=6 up=(44, 56) down=(7, 23) enemies=20 roster=bandit,bat,talisman_master elites=["방2:금색×3(깊이 0.50)"] named=-
[Quest] heukrang_gul 1층 — 싹쓸이 셈 시작 20 (heukrang_clear:none)
[Audio] BGM dungeon → dungeon_2.ogg
[Save] level 흑랑 굴 1층 → user://save_e2e.json (C:/Users/FORYOUCOM/AppData/Roaming/Godot/app_userdata/Joseon Hunters/wt/codex-554-item-window-contract/save_e2e.json)
[Dev] stairs StairsUp dir=-1 world=(44.5, 0.0, 56.5) screen=(593.7165, 335.9509)
[Dev] stairs StairsDown dir=1 world=(7.5, 0.0, 23.5) screen=(408.583, -1534.551)
[Dev] interact PusJar world=(29.5, 0.0, 42.5) screen=(547.433, -487.0705)
[Dev] interact @Area3D@51486 world=(14.5, 0.0, 24.5) screen=(686.2831, -1368.878)
[Dev] interact @Area3D@51487 world=(23.5, 0.0, 18.5) screen=(1380.534, -1288.714)
[Dev] interact LootChest world=(29.5, 0.0, 39.5) screen=(686.2831, -567.2349)
[Dev] interact @Area3D@51488 world=(40.5, 0.0, 38.5) screen=(1241.683, -300.0204)
[Dev] interact LootPot world=(21.5, 0.0, 43.5) screen=(130.8828, -674.1207)
[Dev] interact @Area3D@51489 world=(22.5, 0.0, 44.5) screen=(130.8829, -620.6779)
[Dev] interact @Area3D@51490 world=(19.5, 0.0, 9.5) screen=(1611.95, -1636.093)
[Dev] interact @Area3D@51491 world=(20.5, 0.0, 9.5) screen=(1658.234, -1609.372)
[Dev] interact @Area3D@51492 world=(44.5, 0.0, 51.5) screen=(825.1333, 154.2443)
[Dev] interact @Area3D@51493 world=(44.5, 0.0, 52.5) screen=(778.8499, 180.9657)
[Dev] interact @Area3D@51494 world=(21.5, 0.0, 39.5) screen=(316.0163, -781.0065)
[Dev] removed 20 enemies
  · 무대 = 무리 한가운데 (44.5, 0.0, 56.5) · 도호 (47.32843, 0.0, 59.32843) (화면 아래 4.0u) · 트임 4.0
[Skill] 도약 베기 → mp 41/50
[Kill] +4 xp (lv 9, 4/540)
[Dev] item 엽전 world=(45.70774, 0.0, 56.75184) screen=(684.2426, 322.5054)
[Kill] +4 xp (lv 9, 8/540)
[Dev] item 엽전 world=(43.61969, 0.0, 57.3155) screen=(561.5121, 281.7713)
[Dev] item 미식별 패랭이 world=(43.61969, 0.0, 57.3155) screen=(561.5121, 281.7713)
[Kill] +4 xp (lv 9, 12/540)
[Dev] item 엽전 world=(44.23391, 0.0, 55.32987) screen=(681.8422, 245.1255)
[Audio] 같은 순간 같은 큐 상한(3) 넘침 — hit ×3 · enemy_hurt ×3 (버림 누계 587)
  · 도약 베기 요약 — 맞음 6/6 · 죽음 3 · 막타 속성 [&""] · 죽음 [&"gibs", &"slide", &"cleave"] · 경직 [0.60000000000002, 0.60000000000002, 0.60000000000002]
[Seal] 부적 진 화염부 → (44.5, 0.0, 56.5) 반경 2.00 · 6.0초 · 굴림 2.8~4.2 (아낌 false)
[Skill] 부적 진 → mp 44/50
[Kill] +4 xp (lv 9, 16/540)
[Dev] item 엽전 world=(45.65327, 0.0, 56.85675) screen=(676.8656, 323.853)
[Kill] +4 xp (lv 9, 20/540)
[Dev] item 엽전 world=(43.62128, 0.0, 57.32251) screen=(561.2617, 282.0011)
[Dev] item 미식별 철검 world=(43.62128, 0.0, 57.32251) screen=(561.2617, 282.0011)
[Dev] item 탕약 — 쌍화탕 world=(43.62128, 0.0, 57.32251) screen=(561.2617, 282.0011)
[Kill] +4 xp (lv 9, 24/540)
[Dev] item 미식별 목검 world=(44.22705, 0.0, 55.32775) screen=(681.6229, 244.8853)
  · fire 진 요약 — 맞음 6/6 · 죽음 3 · 막타 속성 [&"fire"] · 죽음 [&"ash"] · 틱 5
[Seal] 부적 진 빙결부 → (44.5, 0.0, 56.5) 반경 2.00 · 6.0초 · 굴림 1.4~2.1 (아낌 false)
[Skill] 부적 진 → mp 44/50
[Kill] +4 xp (lv 9, 28/540)
[Dev] item 엽전 world=(45.6464, 0.0, 56.85463) screen=(676.6464, 323.6129)
[Dev] item 탕약 — 쌍화탕 world=(45.6464, 0.0, 56.85463) screen=(676.6464, 323.6129)
[Kill] +4 xp (lv 9, 32/540)
[Dev] item 엽전 world=(43.61969, 0.0, 57.3155) screen=(561.5121, 281.7713)
[Dev] item 영약 — 생맥산 world=(43.61969, 0.0, 57.3155) screen=(561.5121, 281.7713)
[Kill] +4 xp (lv 9, 36/540)
[Audio] 같은 순간 같은 큐 상한(3) 넘침 — drop ×1 (버림 누계 588)
  · cold 진 요약 — 맞음 6/6 · 죽음 3 · 막타 속성 [&"cold"] · 죽음 [&"shatter"] · 틱 10
E2E aoe_skills PASS (검사 66)
[Audio] BGM town → town.ogg
[Save] level 못골 마을 → user://save_e2e.json (C:/Users/FORYOUCOM/AppData/Roaming/Godot/app_userdata/Joseon Hunters/wt/codex-554-item-window-contract/save_e2e.json)
[Dev] stairs DungeonEntrance dir=1 world=(0.0, 0.0, -31.0) screen=(2121.067, -492.4143)
[Dev] interact Merchant world=(5.4, 0.0, -2.4) screen=(1047.293, 368.0158)
[Dev] interact Shaman world=(-5.6, 0.0, 0.4) screen=(408.5833, 148.8999)
[Dev] interact Elder world=(2.0, 0.0, -5.6) screen=(1038.037, 191.6542)
[Dev] interact Jumo world=(7.1, 0.0, -1.4) screen=(1079.692, 440.1637)
[Dev] interact Waypoint world=(-4.2, 0.0, 2.2) screen=(390.0698, 234.4085)
E2E ▶ aoe_skills_2
[Dungeon] heukrang_gul 1층 lv=2 seed=403727558 gen 64x64 rooms=6 up=(44, 56) down=(7, 23) enemies=20 roster=bandit,bat,talisman_master elites=["방2:금색×3(깊이 0.50)"] named=-
[Quest] heukrang_gul 1층 — 싹쓸이 셈 시작 20 (heukrang_clear:none)
[Audio] BGM dungeon → dungeon_3.ogg
[Save] level 흑랑 굴 1층 → user://save_e2e.json (C:/Users/FORYOUCOM/AppData/Roaming/Godot/app_userdata/Joseon Hunters/wt/codex-554-item-window-contract/save_e2e.json)
[Dev] stairs StairsUp dir=-1 world=(44.5, 0.0, 56.5) screen=(593.7165, 335.9509)
[Dev] stairs StairsDown dir=1 world=(7.5, 0.0, 23.5) screen=(408.583, -1534.551)
[Dev] interact PusJar world=(29.5, 0.0, 42.5) screen=(547.433, -487.0705)
[Dev] interact @Area3D@51920 world=(14.5, 0.0, 24.5) screen=(686.2831, -1368.878)
[Dev] interact @Area3D@51921 world=(23.5, 0.0, 18.5) screen=(1380.534, -1288.714)
[Dev] interact LootChest world=(29.5, 0.0, 39.5) screen=(686.2831, -567.2349)
[Dev] interact @Area3D@51922 world=(40.5, 0.0, 38.5) screen=(1241.683, -300.0204)
[Dev] interact LootPot world=(21.5, 0.0, 43.5) screen=(130.8828, -674.1207)
[Dev] interact @Area3D@51923 world=(22.5, 0.0, 44.5) screen=(130.8829, -620.6779)
[Dev] interact @Area3D@51924 world=(19.5, 0.0, 9.5) screen=(1611.95, -1636.093)
[Dev] interact @Area3D@51925 world=(20.5, 0.0, 9.5) screen=(1658.234, -1609.372)
[Dev] interact @Area3D@51926 world=(44.5, 0.0, 51.5) screen=(825.1333, 154.2443)
[Dev] interact @Area3D@51927 world=(44.5, 0.0, 52.5) screen=(778.8499, 180.9657)
[Dev] interact @Area3D@51928 world=(21.5, 0.0, 39.5) screen=(316.0163, -781.0065)
[Dev] removed 20 enemies
  · 무대 = 무리 한가운데 (44.5, 0.0, 56.5) · 트임 3.6 · 화면 위쪽 (-0.707107, 0.0, -0.707107)
[Skill] 찌르기 → mp 45/50
[Kill] +1 xp (lv 15, 1/1162)
[Dev] item 엽전 world=(44.5, 0.0, 56.5) screen=(640.0, 298.6191)
[Dev] item 짚신 world=(44.5, 0.0, 56.5) screen=(640.0, 298.6191)
[Kill] +1 xp (lv 15, 2/1162)
[Dev] item 엽전 world=(43.58076, 0.0, 55.58076) screen=(640.0, 249.4923)
[Dev] item 탕약 — 쌍화탕 world=(43.58076, 0.0, 55.58076) screen=(640.0, 249.4923)
[Kill] +1 xp (lv 15, 3/1162)
[Dev] item 엽전 world=(45.41924, 0.0, 57.41924) screen=(640.0, 347.7459)
[Dev] item 미식별 옥패 world=(45.41924, 0.0, 57.41924) screen=(640.0, 347.7459)
[Audio] 같은 순간 같은 큐 상한(3) 넘침 — drop ×2 (버림 누계 590)
  · 찌르기 요약 — 맞음 3/7 [0, 1, 4] · 죽음 3 · 막타 [&"slashed"] · 칼이 닿기까지 0.30초 · 동작 0.63초
[Audio] 같은 순간 같은 큐 상한(3) 넘침 — hit ×1 · enemy_hurt ×1 (버림 누계 592)
[Kill] +1 xp (lv 15, 4/1162)
[Dev] item 미식별 짚신 world=(45.72351, 0.0, 55.9459) screen=(722.2737, 316.5067)
[Dev] item 탕약 — 쌍화탕 world=(45.72351, 0.0, 55.9459) screen=(722.2737, 316.5067)
[Audio] 같은 순간 같은 큐 상한(3) 넘침 — hit ×3 · enemy_hurt ×4 (버림 누계 599)
[Kill] +1 xp (lv 15, 5/1162)
[Dev] item 엽전 world=(44.06342, 0.0, 56.0749) screen=(639.4685, 275.5936)
[Kill] +1 xp (lv 15, 6/1162)
[Dev] item 엽전 world=(43.73314, 0.0, 57.77948) screen=(545.2883, 312.3171)
[Dev] item 빙결부 world=(43.73314, 0.0, 57.77948) screen=(545.2883, 312.3171)
[Audio] 같은 순간 같은 큐 상한(3) 넘침 — hit ×3 · enemy_hurt ×3 (버림 누계 605)
[Kill] +1 xp (lv 15, 7/1162)
[Dev] item 엽전 world=(43.26982, 0.0, 55.26944) screen=(640.0178, 232.8646)
[Audio] 같은 순간 같은 큐 상한(3) 넘침 — hit ×1 · enemy_hurt ×1 (버림 누계 607)
  · 칼바람 요약 — 바퀴 9(누른 동안 9) · 박자 0.302초 · 도력 18.0 · 맞힌 합 27 · 맞음 7/7 · 죽음 4 [&"slide", &"cleave"] · 앞으로 6.4u · 뗀 뒤 0.27초에 섬
[Talisman] 화염부 → 적 (45.41924, 0.0, 57.41924) (배율 1.28 · 아낌 false · 흩뿌리기 { "n": 3, "ratio": 0.4, "arc": 50.0, "radius_mult": 1.0, "grade": 0 })
[Kill] +1 xp (lv 15, 8/1162)
[Dev] item 엽전 world=(44.16354, 0.0, 57.7557) screen=(566.3091, 323.1825)
[Kill] +1 xp (lv 15, 9/1162)
[Dev] item 엽전 world=(45.7557, 0.0, 56.16354) screen=(713.6909, 323.1825)
  · 흩뿌리기 요약 — 장당 맞힌 수 [3, 1, 1] · 맞음 3/7 · 죽음 2 [&"ash"]
[Rain] 부적 비 화염부 × 6 → (44.5, 0.0, 56.5) 반경 4.00 · 한 장 배율 0.81 (아낌 0)
[Skill] 부적 비 → mp 38/50
[Kill] +1 xp (lv 15, 10/1162)
[Dev] item 엽전 world=(44.5, 0.0, 56.5) screen=(640.0, 298.6191)
[Kill] +1 xp (lv 15, 11/1162)
[Kill] +1 xp (lv 15, 12/1162)
[Dev] item 엽전 world=(44.16354, 0.0, 57.7557) screen=(566.3091, 323.1825)
[Kill] +1 xp (lv 15, 13/1162)
[Audio] 같은 순간 같은 큐 상한(3) 넘침 — enemy_hurt ×4 · kill_extra ×1 · enemy_die ×1 · burn ×1 (버림 누계 614)
  · 부적 비 요약 — 6장 · 맞음 7/7 · 죽음 4 [&"ash"] · 버티는 몸 타는 중 3
E2E aoe_skills_2 PASS (검사 68)
[Audio] BGM town → town.ogg
[Save] level 못골 마을 → user://save_e2e.json (C:/Users/FORYOUCOM/AppData/Roaming/Godot/app_userdata/Joseon Hunters/wt/codex-554-item-window-contract/save_e2e.json)
[Dev] stairs DungeonEntrance dir=1 world=(0.0, 0.0, -31.0) screen=(2121.067, -492.4143)
[Dev] interact Merchant world=(5.4, 0.0, -2.4) screen=(1047.293, 368.0158)
[Dev] interact Shaman world=(-5.6, 0.0, 0.4) screen=(408.5833, 148.8999)
[Dev] interact Elder world=(2.0, 0.0, -5.6) screen=(1038.037, 191.6542)
[Dev] interact Jumo world=(7.1, 0.0, -1.4) screen=(1079.692, 440.1637)
[Dev] interact Waypoint world=(-4.2, 0.0, 2.2) screen=(390.0698, 234.4085)
E2E ▶ build_changers
[Dungeon] heukrang_gul 1층 lv=2 seed=403727558 gen 64x64 rooms=6 up=(44, 56) down=(7, 23) enemies=20 roster=bandit,bat,talisman_master elites=["방2:금색×3(깊이 0.50)"] named=-
[Quest] heukrang_gul 1층 — 싹쓸이 셈 시작 20 (heukrang_clear:none)
[Audio] BGM dungeon → dungeon_4.ogg
[Save] level 흑랑 굴 1층 → user://save_e2e.json (C:/Users/FORYOUCOM/AppData/Roaming/Godot/app_userdata/Joseon Hunters/wt/codex-554-item-window-contract/save_e2e.json)
[Dev] stairs StairsUp dir=-1 world=(44.5, 0.0, 56.5) screen=(593.7165, 335.9509)
[Dev] stairs StairsDown dir=1 world=(7.5, 0.0, 23.5) screen=(408.583, -1534.551)
[Dev] interact PusJar world=(29.5, 0.0, 42.5) screen=(547.433, -487.0705)
[Dev] interact @Area3D@52417 world=(14.5, 0.0, 24.5) screen=(686.2831, -1368.878)
[Dev] interact @Area3D@52418 world=(23.5, 0.0, 18.5) screen=(1380.534, -1288.714)
[Dev] interact LootChest world=(29.5, 0.0, 39.5) screen=(686.2831, -567.2349)
[Dev] interact @Area3D@52419 world=(40.5, 0.0, 38.5) screen=(1241.683, -300.0204)
[Dev] interact LootPot world=(21.5, 0.0, 43.5) screen=(130.8828, -674.1207)
[Dev] interact @Area3D@52420 world=(22.5, 0.0, 44.5) screen=(130.8829, -620.6779)
[Dev] interact @Area3D@52421 world=(19.5, 0.0, 9.5) screen=(1611.95, -1636.093)
[Dev] interact @Area3D@52422 world=(20.5, 0.0, 9.5) screen=(1658.234, -1609.372)
[Dev] interact @Area3D@52423 world=(44.5, 0.0, 51.5) screen=(825.1333, 154.2443)
[Dev] interact @Area3D@52424 world=(44.5, 0.0, 52.5) screen=(778.8499, 180.9657)
[Dev] interact @Area3D@52425 world=(21.5, 0.0, 39.5) screen=(316.0163, -781.0065)
[Dev] removed 20 enemies
  · 무대 = 한가운데 (44.5, 0.0, 56.5) · 도호 (47.32843, 0.0, 59.32843) (화면 아래 4.0u) · 트임 4.0
[Kill] +2 xp (lv 12, 2/831)
[Save] quest → user://save_e2e.json (C:/Users/FORYOUCOM/AppData/Roaming/Godot/app_userdata/Joseon Hunters/wt/codex-554-item-window-contract/save_e2e.json)
[Quest] heukrang_clear 싹쓸이 완료 (none → killed)
  · 처형 — 죽음 cleave/cleave · 면 d
[Kill] +2 xp (lv 12, 4/831)
[Dev] item 엽전 world=(46.55061, 0.0, 58.55061) screen=(640.0002, 393.0937)
[Dev] item 무명띠 world=(46.55061, 0.0, 58.55061) screen=(640.0002, 393.0937)
[Dev] item 식별부 world=(46.55061, 0.0, 58.55061) screen=(640.0002, 393.0937)
[Kill] +2 xp (lv 12, 6/831)
[Dev] item 엽전 world=(46.55061, 0.0, 58.55061) screen=(640.0002, 393.0937)
[Kill] +2 xp (lv 12, 8/831)
[Dev] item 엽전 world=(46.55061, 0.0, 58.55061) screen=(640.0002, 393.0937)
[Dev] item 짚신 world=(46.55061, 0.0, 58.55061) screen=(640.0002, 393.0937)
[Kill] +2 xp (lv 12, 10/831)
[Dev] item 엽전 world=(46.55061, 0.0, 58.55061) screen=(640.0002, 393.0937)
[Dev] item 미식별 목검 world=(46.55061, 0.0, 58.55061) screen=(640.0002, 393.0937)
[Kill] +2 xp (lv 12, 12/831)
[Dev] item 엽전 world=(46.55061, 0.0, 58.55061) screen=(640.0002, 393.0937)
[Kill] +2 xp (lv 12, 14/831)
[Dev] item 엽전 world=(46.55061, 0.0, 58.55061) screen=(640.0002, 393.0937)
[Dev] item 철검 world=(46.55061, 0.0, 58.55061) screen=(640.0002, 393.0937)
[Dev] item 식별부 world=(46.55061, 0.0, 58.55061) screen=(640.0002, 393.0937)
[Kill] +2 xp (lv 12, 16/831)
[Dev] item 엽전 world=(46.55061, 0.0, 58.55061) screen=(640.0002, 393.0937)
[Dev] item 탕약 — 쌍화탕 world=(46.55061, 0.0, 58.55061) screen=(640.0002, 393.0937)
[Kill] +2 xp (lv 12, 18/831)
  · 망나니 칼 요약 — 대조 환도 남은 생명 127 · 처형 한 대 · 두 동강 5/8
[Kill] +2 xp (lv 12, 20/831)
[Dev] item 철검 world=(46.57777, 0.0, 58.5523) screen=(641.1794, 393.8646)
[Dev] item 화염부 world=(46.57777, 0.0, 58.5523) screen=(641.1794, 393.8646)
[Kill] +2 xp (lv 12, 22/831)
[Dev] item 철검 world=(46.57777, 0.0, 58.5523) screen=(641.1794, 393.8646)
[Dev] item 화염부 world=(46.57777, 0.0, 58.5523) screen=(641.1794, 393.8646)
[Kill] +2 xp (lv 12, 24/831)
[Dev] item 엽전 world=(46.54073, 0.0, 57.75933) screen=(676.166, 371.6855)
[Dev] item 미식별 무명띠 world=(46.54073, 0.0, 57.75933) screen=(676.166, 371.6855)
[Kill] +2 xp (lv 12, 26/831)
[Dev] item 미식별 짚신 world=(45.87553, 0.0, 58.50857) screen=(610.701, 373.9312)
[Dev] item 탕약 — 쌍화탕 world=(45.87553, 0.0, 58.50857) screen=(610.701, 373.9312)
[Kill] +2 xp (lv 12, 28/831)
[Dev] item 엽전 world=(44.89857, 0.0, 58.31009) screen=(574.6705, 342.5219)
[Dev] item 무명옷 world=(44.89857, 0.0, 58.31009) screen=(574.6705, 342.5219)
[Audio] 같은 순간 같은 큐 상한(3) 넘침 — drop ×1 (버림 누계 615)
[Kill] +2 xp (lv 12, 30/831)
[Dev] item 엽전 world=(44.58059, 0.0, 57.36199) screen=(603.8344, 308.6904)
[Dev] item 패랭이 world=(44.58059, 0.0, 57.36199) screen=(603.8344, 308.6904)
[Kill] +2 xp (lv 12, 32/831)
[Dev] item 탕약 — 쌍화탕 world=(45.24268, 0.0, 56.61256) screen=(669.164, 306.3565)
[Kill] +2 xp (lv 12, 34/831)
  · 도깨비불 요약 — 첫 불씨 3 · 무리 재 6/6
[Skill] 회오리베기 → mp 122/130
[Audio] 같은 순간 같은 큐 상한(3) 넘침 — hit ×2 · enemy_hurt ×3 (버림 누계 620)
[Skill] 회오리베기 → mp 122/130
[Audio] 같은 순간 같은 큐 상한(3) 넘침 — hit ×3 · enemy_hurt ×3 (버림 누계 626)
[Skill] 회오리베기 → mp 121/130
[Audio] 같은 순간 같은 큐 상한(3) 넘침 — enemy_hurt ×3 · hit ×2 (버림 누계 631)
[Skill] 회오리베기 → mp 121/130
[Audio] 같은 순간 같은 큐 상한(3) 넘침 — hit ×2 · enemy_hurt ×3 (버림 누계 636)
[Audio] 같은 순간 같은 큐 상한(3) 넘침 — enemy_hurt ×3 · hit ×1 (버림 누계 640)
  · 이무기 비늘 요약 — 3점 반경 2.50 → 3.50 · 5점 바퀴 1 → 2
[Skill] 도약 베기 → mp 121/130
[Audio] 같은 순간 같은 큐 상한(3) 넘침 — hit ×3 · enemy_hurt ×3 (버림 누계 646)
[Skill] 도약 베기 → mp 121/130
[Audio] 같은 순간 같은 큐 상한(3) 넘침 — enemy_hurt ×3 · hit ×1 (버림 누계 650)
[Seal] 부적 진 화염부 → (42.9, 0.0, 56.5) 반경 2.00 · 6.0초 · 굴림 3.7~5.6 (아낌 false)
[Skill] 부적 진 → mp 124/130
[Seal] 부적 진 화염부 → (44.5, 0.0, 56.5) 반경 2.00 · 6.0초 · 굴림 3.7~5.6 (아낌 false)
[Skill] 부적 진 → mp 124/130
[Seal] 부적 진 화염부 → (46.1, 0.0, 56.5) 반경 2.00 · 6.0초 · 굴림 3.7~5.6 (아낌 false)
[Skill] 부적 진 → mp 124/130
[Seal] 부적 진 화염부 → (42.9, 0.0, 56.5) 반경 2.00 · 6.0초 · 굴림 4.4~6.6 (아낌 false)
[Skill] 부적 진 → mp 144/150
[Seal] 부적 진 화염부 → (44.5, 0.0, 56.5) 반경 2.00 · 6.0초 · 굴림 4.4~6.6 (아낌 false)
[Skill] 부적 진 → mp 144/150
[Seal] 부적 진 화염부 → (46.1, 0.0, 56.5) 반경 2.00 · 6.0초 · 굴림 4.4~6.6 (아낌 false)
[Skill] 부적 진 → mp 144/150
  · 사인참사검 요약 — 진 셋 쳐서 선 수: 사인검 2 → 사인참사검 3
[Skill] 참격 → mp 126/130
[Skill] 참격 → mp 126/130
  · 본국검 요약 — 맞은 수 보통 [1, 0, 0, 0] → 검기 [1, 1, 1, 1] · 검기 길이 6.8
E2E build_changers PASS (검사 87)
[Audio] BGM town → town.ogg
[Save] level 못골 마을 → user://save_e2e.json (C:/Users/FORYOUCOM/AppData/Roaming/Godot/app_userdata/Joseon Hunters/wt/codex-554-item-window-contract/save_e2e.json)
[Dev] stairs DungeonEntrance dir=1 world=(0.0, 0.0, -31.0) screen=(2121.067, -492.4143)
[Dev] interact Merchant world=(5.4, 0.0, -2.4) screen=(1047.293, 368.0158)
[Dev] interact Shaman world=(-5.6, 0.0, 0.4) screen=(408.5833, 148.8999)
[Dev] interact Elder world=(2.0, 0.0, -5.6) screen=(1038.037, 191.6542)
[Dev] interact Jumo world=(7.1, 0.0, -1.4) screen=(1079.692, 440.1637)
[Dev] interact Waypoint world=(-4.2, 0.0, 2.2) screen=(390.0698, 234.4085)
E2E ▶ dungeon_layout
[Dungeon] heukrang_gul 1층 lv=2 seed=403727558 gen 64x64 rooms=6 up=(44, 56) down=(7, 23) enemies=20 roster=bandit,bat,talisman_master elites=["방2:금색×3(깊이 0.50)"] named=-
[Quest] heukrang_gul 1층 — 싹쓸이 셈 시작 20 (heukrang_clear:none)
[Audio] BGM dungeon → dungeon_1.ogg
[Save] level 흑랑 굴 1층 → user://save_e2e.json (C:/Users/FORYOUCOM/AppData/Roaming/Godot/app_userdata/Joseon Hunters/wt/codex-554-item-window-contract/save_e2e.json)
[Dev] stairs StairsUp dir=-1 world=(44.5, 0.0, 56.5) screen=(593.7165, 335.9509)
[Dev] stairs StairsDown dir=1 world=(7.5, 0.0, 23.5) screen=(408.583, -1534.551)
[Dev] interact PusJar world=(29.5, 0.0, 42.5) screen=(547.433, -487.0705)
[Dev] interact @Area3D@52981 world=(14.5, 0.0, 24.5) screen=(686.2831, -1368.878)
[Dev] interact @Area3D@52982 world=(23.5, 0.0, 18.5) screen=(1380.534, -1288.714)
[Dev] interact LootChest world=(29.5, 0.0, 39.5) screen=(686.2831, -567.2349)
[Dev] interact @Area3D@52983 world=(40.5, 0.0, 38.5) screen=(1241.683, -300.0204)
[Dev] interact LootPot world=(21.5, 0.0, 43.5) screen=(130.8828, -674.1207)
[Dev] interact @Area3D@52984 world=(22.5, 0.0, 44.5) screen=(130.8829, -620.6779)
[Dev] interact @Area3D@52985 world=(19.5, 0.0, 9.5) screen=(1611.95, -1636.093)
[Dev] interact @Area3D@52986 world=(20.5, 0.0, 9.5) screen=(1658.234, -1609.372)
[Dev] interact @Area3D@52987 world=(44.5, 0.0, 51.5) screen=(825.1333, 154.2443)
[Dev] interact @Area3D@52988 world=(44.5, 0.0, 52.5) screen=(778.8499, 180.9657)
[Dev] interact @Area3D@52989 world=(21.5, 0.0, 39.5) screen=(316.0163, -781.0065)
  · 1층 격자 64x64 · 방 6 (한 변 8~14) · 걷는 칸 882(복도 126) · 적 20 { "bandit": 15, "bat": 5 } · 보스 0 · 횃불 48 · 소품 9
  · 1층 모양 갈래 { "bandit_v2": 7, "bandit_v2_dagger": 8 } · 두 갈래가 같이 있는 방 4곳 [1, 2, 4, 5]
[Dungeon] heukrang_gul 2층 lv=3 seed=3189434797 preset 28x28 rooms=2 up=(22, 23) down=(-1, -1) enemies=2 roster=bat elites=[] named=-
[Audio] BGM boss → boss.ogg
[Save] level 흑랑 굴 2층 → user://save_e2e.json (C:/Users/FORYOUCOM/AppData/Roaming/Godot/app_userdata/Joseon Hunters/wt/codex-554-item-window-contract/save_e2e.json)
[Dev] stairs StairsUp dir=-1 world=(22.5, 0.0, 23.5) screen=(593.7167, 335.9507)
  · 2층 격자 28x28 · 방 2 (한 변 7~14) · 걷는 칸 274(복도 45) · 적 2 { "bat": 2 } · 보스 1 · 횃불 16 · 소품 2
  · 2층 모양 갈래 {  } · 두 갈래가 같이 있는 방 0곳 []
[Dungeon] heukrang_gul 1층 lv=2 seed=403727558 gen 64x64 rooms=6 up=(44, 56) down=(7, 23) enemies=20 roster=bandit,bat,talisman_master elites=["방2:금색×3(깊이 0.50)"] named=-
[Quest] heukrang_gul 1층 — 싹쓸이 셈 시작 23 (heukrang_clear:none)
[Audio] BGM dungeon → dungeon_3.ogg
[Save] level 흑랑 굴 1층 → user://save_e2e.json (C:/Users/FORYOUCOM/AppData/Roaming/Godot/app_userdata/Joseon Hunters/wt/codex-554-item-window-contract/save_e2e.json)
[Dev] stairs StairsUp dir=-1 world=(44.5, 0.0, 56.5) screen=(778.8501, 2206.452)
[Dev] stairs StairsDown dir=1 world=(7.5, 0.0, 23.5) screen=(593.7167, 335.9507)
[Dev] interact PusJar world=(29.5, 0.0, 42.5) screen=(732.5667, 1383.431)
[Dev] interact @Area3D@53241 world=(14.5, 0.0, 24.5) screen=(871.4167, 501.623)
[Dev] interact @Area3D@53242 world=(23.5, 0.0, 18.5) screen=(1565.667, 581.7873)
[Dev] interact LootChest world=(29.5, 0.0, 39.5) screen=(871.4168, 1303.267)
[Dev] interact @Area3D@53243 world=(40.5, 0.0, 38.5) screen=(1426.817, 1570.481)
[Dev] interact LootPot world=(21.5, 0.0, 43.5) screen=(316.0165, 1196.381)
[Dev] interact @Area3D@53244 world=(22.5, 0.0, 44.5) screen=(316.0165, 1249.824)
[Dev] interact @Area3D@53245 world=(19.5, 0.0, 9.5) screen=(1797.084, 234.4085)
[Dev] interact @Area3D@53246 world=(20.5, 0.0, 9.5) screen=(1843.367, 261.13)
[Dev] interact @Area3D@53247 world=(44.5, 0.0, 51.5) screen=(1010.267, 2024.746)
[Dev] interact @Area3D@53248 world=(44.5, 0.0, 52.5) screen=(963.9835, 2051.467)
[Dev] interact @Area3D@53249 world=(21.5, 0.0, 39.5) screen=(501.15, 1089.495)
[Audio] 같은 순간 같은 큐 상한(3) 넘침 — bat_attack ×1 (버림 누계 651)
[Audio] 같은 순간 같은 큐 상한(3) 넘침 — bat_attack ×1 (버림 누계 652)
E2E dungeon_layout PASS (검사 34)
[Audio] BGM town → town.ogg
[Save] level 못골 마을 → user://save_e2e.json (C:/Users/FORYOUCOM/AppData/Roaming/Godot/app_userdata/Joseon Hunters/wt/codex-554-item-window-contract/save_e2e.json)
[Dev] stairs DungeonEntrance dir=1 world=(0.0, 0.0, -31.0) screen=(2121.067, -492.4143)
[Dev] interact Merchant world=(5.4, 0.0, -2.4) screen=(1047.293, 368.0158)
[Dev] interact Shaman world=(-5.6, 0.0, 0.4) screen=(408.5833, 148.8999)
[Dev] interact Elder world=(2.0, 0.0, -5.6) screen=(1038.037, 191.6542)
[Dev] interact Jumo world=(7.1, 0.0, -1.4) screen=(1079.692, 440.1637)
[Dev] interact Waypoint world=(-4.2, 0.0, 2.2) screen=(390.0698, 234.4085)
E2E ▶ beomgul_walk
[Field] jeongnyeongjae seed=3599041059 128x176 props=2821 packs=13 enemies=72 waypoint=(61, 66) roster=hwajeok,vampire_bat,lightning_master | hwajeok,hollin_yeogung_bow,gaekgwi elites=["8:금색×3@구간2", "10:금색×3@구간3"]
[Audio] BGM dungeon → dungeon_1.ogg
[Save] level 정령재 → user://save_e2e.json (C:/Users/FORYOUCOM/AppData/Roaming/Godot/app_userdata/Joseon Hunters/wt/codex-554-item-window-contract/save_e2e.json)
[Dev] stairs Down_cave dir=1 world=(60.5, 0.0, 3.5) screen=(825.1336, 255.7865)
[Dev] stairs Down_mine dir=1 world=(125.5, 0.0, 70.5) screen=(732.5671, 3783.018)
[Dev] interact Waypoint world=(61.5, 0.0, 66.5) screen=(-2044.434, 1917.86)
[Dev] interact LootChest world=(5.5, 0.0, 141.5) screen=(-8107.554, 2425.568)
[Dev] interact @Area3D@54782 world=(26.5, 0.0, 123.5) screen=(-6302.504, 2505.732)
[Dev] interact @Area3D@54783 world=(61.5, 0.0, 88.5) screen=(-3062.668, 2505.732)
[Dev] interact @Area3D@54784 world=(82.5, 0.0, 48.5) screen=(-239.3836, 1998.024)
[Dev] interact LootPot world=(70.5, 0.0, 9.5) screen=(1010.267, 635.2303)
[Dev] interact @Area3D@54785 world=(59.5, 0.0, 82.5) screen=(-2877.535, 2291.96)
[Dev] interact @Area3D@54786 world=(39.5, 0.0, 58.5) screen=(-2692.401, 1116.216)
[Dev] interact @Area3D@54787 world=(32.5, 0.0, 37.5) screen=(-2044.434, 368.0158)
[Dev] interact @Area3D@54788 world=(30.5, 0.0, 123.5) screen=(-6117.37, 2612.618)
[Dev] interact @Area3D@54789 world=(96.5, 0.0, 125.5) screen=(-3155.235, 4429.677)
[Dev] interact @Area3D@54790 world=(89.5, 0.0, 59.5) screen=(-424.517, 2479.01)
[Dev] interact @Area3D@54791 world=(22.5, 0.0, 41.5) screen=(-2692.401, 207.6872)
[Dev] interact @Area3D@54792 world=(56.5, 0.0, 51.5) screen=(-1581.601, 1383.431)
[Dev] interact @Area3D@54793 world=(7.5, 0.0, 142.5) screen=(-8061.271, 2505.732)
[Dev] interact @Area3D@54794 world=(101.5, 0.0, 72.5) screen=(-470.8004, 3147.047)
[Dev] interact @Area3D@54795 world=(77.5, 0.0, 34.5) screen=(177.1666, 1490.317)
[Dev] removed 72 enemies
[Click] world=(60.5, 0.0, 3.5) cell=(60, 3)
[Dungeon] beomgul 1층 lv=5 seed=3470036558 gen 64x64 rooms=10 up=(52, 51) down=(7, 7) enemies=41 roster=hwajeok,vampire_bat,spider elites=["방8:파란×3(깊이 0.63)"] named=-
[Save] level 범굴 1층 → user://save_e2e.json (C:/Users/FORYOUCOM/AppData/Roaming/Godot/app_userdata/Joseon Hunters/wt/codex-554-item-window-contract/save_e2e.json)
[Dev] stairs StairsUp dir=-1 world=(52.5, 0.0, 51.5) screen=(593.7166, 335.951)
[Dev] stairs StairsDown dir=1 world=(7.5, 0.0, 7.5) screen=(547.4335, -2042.258)
[Dev] interact LootChest world=(56.5, 0.0, 56.5) screen=(547.4333, 528.3447)
[Dev] interact @Area3D@55042 world=(47.5, 0.0, 34.5) screen=(1149.117, -300.0203)
[Dev] interact LootPot world=(25.5, 0.0, 15.5) screen=(1010.267, -1395.6)
[Dev] interact @Area3D@55043 world=(24.5, 0.0, 16.5) screen=(917.7001, -1395.6)
[Dev] interact @Area3D@55044 world=(24.5, 0.0, 15.5) screen=(963.9833, -1422.321)
[Dev] interact @Area3D@55045 world=(32.5, 0.0, 60.5) screen=(-748.5005, -6.084366)
[Dev] interact @Area3D@55046 world=(7.5, 0.0, 60.5) screen=(-1905.584, -674.1207)
[Dev] interact @Area3D@55047 world=(8.5, 0.0, 61.5) screen=(-1905.585, -620.6777)
[Dev] interact @Area3D@55048 world=(20.5, 0.0, 43.5) screen=(-517.084, -781.0064)
[Dev] interact @Area3D@55049 world=(56.5, 0.0, 23.5) screen=(2074.784, -353.4632)
[Dev] interact @Area3D@55050 world=(48.5, 0.0, 48.5) screen=(547.4333, 100.8015)
[Dev] interact @Area3D@55051 world=(48.5, 0.0, 49.5) screen=(501.1499, 127.5229)
  · 1층 64x64 · 적 41 · 명단 ["hwajeok", "vampire_bat", "spider"] · 장식 ["Rock 55", "RuinStone 68", "Bones 20", "Fur 12"] · 정예 자리 1
[Dungeon] beomgul 2층 lv=6 seed=2703187923 gen 64x64 rooms=7 up=(13, 7) down=(17, 55) enemies=22 roster=hwajeok,vampire_bat,spider elites=["방3:파란×4(깊이 0.60)"] named=-
[Save] level 범굴 2층 → user://save_e2e.json (C:/Users/FORYOUCOM/AppData/Roaming/Godot/app_userdata/Joseon Hunters/wt/codex-554-item-window-contract/save_e2e.json)
[Dev] stairs StairsUp dir=-1 world=(13.5, 0.0, 7.5) screen=(593.7167, 335.9507)
[Dev] stairs StairsDown dir=1 world=(17.5, 0.0, 55.5) screen=(-1442.751, 1725.466)
[Dev] interact LootChest world=(30.5, 0.0, 31.5) screen=(269.7332, 1383.431)
[Dev] interact @Area3D@55247 world=(50.5, 0.0, 50.5) screen=(316.0165, 2425.567)
[Dev] interact LootPot world=(11.5, 0.0, 52.5) screen=(-1581.601, 1436.874)
[Dev] interact @Area3D@55248 world=(29.5, 0.0, 40.5) screen=(-193.1004, 1597.202)
[Dev] interact @Area3D@55249 world=(29.5, 0.0, 39.5) screen=(-146.817, 1570.481)
[Dev] interact @Area3D@55250 world=(40.5, 0.0, 29.5) screen=(825.1334, 1597.203)
[Dev] interact @Area3D@55251 world=(41.5, 0.0, 29.5) screen=(871.4167, 1623.924)
[Dev] interact @Area3D@55252 world=(13.5, 0.0, 32.5) screen=(-563.3672, 955.8877)
[Dev] interact @Area3D@55253 world=(14.5, 0.0, 31.5) screen=(-470.8005, 955.8877)
  · 2층 64x64 · 적 22 · 명단 ["hwajeok", "vampire_bat", "spider"] · 장식 ["Rock 40", "RuinStone 54", "Bones 22", "Fur 16"] · 정예 자리 1
[Dungeon] beomgul 3층 lv=6 seed=3376041942 preset 32x30 rooms=2 up=(26, 24) down=(-1, -1) enemies=0 roster= elites=[] named=-
[Audio] BGM boss → boss.ogg
[Save] level 범굴 3층 → user://save_e2e.json (C:/Users/FORYOUCOM/AppData/Roaming/Godot/app_userdata/Joseon Hunters/wt/codex-554-item-window-contract/save_e2e.json)
[Dev] stairs StairsUp dir=-1 world=(26.5, 0.0, 24.5) screen=(593.7167, 335.9507)
  · 3층 32x30 · 적 0 · 명단 [] · 장식 ["Rock 12", "RuinStone 16", "Bones 9", "Fur 3"] · 정예 자리 0
[Dungeon] beomgul 2층 lv=6 seed=2703187923 gen 64x64 rooms=7 up=(13, 7) down=(17, 55) enemies=22 roster=hwajeok,vampire_bat,spider elites=["방3:파란×4(깊이 0.60)"] named=-
[Audio] BGM dungeon → dungeon_2.ogg
[Save] level 범굴 2층 → user://save_e2e.json (C:/Users/FORYOUCOM/AppData/Roaming/Godot/app_userdata/Joseon Hunters/wt/codex-554-item-window-contract/save_e2e.json)
[Dev] stairs StairsUp dir=-1 world=(13.5, 0.0, 7.5) screen=(2630.184, -1053.565)
[Dev] stairs StairsDown dir=1 world=(17.5, 0.0, 55.5) screen=(593.7165, 335.9509)
[Dev] interact LootChest world=(30.5, 0.0, 31.5) screen=(2306.201, -6.084366)
[Dev] interact @Area3D@55525 world=(50.5, 0.0, 50.5) screen=(2352.484, 1036.052)
[Dev] interact LootPot world=(11.5, 0.0, 52.5) screen=(454.8664, 47.3585)
[Dev] interact @Area3D@55526 world=(29.5, 0.0, 40.5) screen=(1843.367, 207.6872)
[Dev] interact @Area3D@55527 world=(29.5, 0.0, 39.5) screen=(1889.65, 180.9657)
[Dev] interact @Area3D@55528 world=(40.5, 0.0, 29.5) screen=(2861.601, 207.6871)
[Dev] interact @Area3D@55529 world=(41.5, 0.0, 29.5) screen=(2907.884, 234.4085)
[Dev] interact @Area3D@55530 world=(13.5, 0.0, 32.5) screen=(1473.1, -433.6277)
[Dev] interact @Area3D@55531 world=(14.5, 0.0, 31.5) screen=(1565.667, -433.6276)
[Dungeon] beomgul 1층 lv=5 seed=3470036558 gen 64x64 rooms=10 up=(52, 51) down=(7, 7) enemies=41 roster=hwajeok,vampire_bat,spider elites=["방8:파란×3(깊이 0.63)"] named=-
[Save] level 범굴 1층 → user://save_e2e.json (C:/Users/FORYOUCOM/AppData/Roaming/Godot/app_userdata/Joseon Hunters/wt/codex-554-item-window-contract/save_e2e.json)
[Dev] stairs StairsUp dir=-1 world=(52.5, 0.0, 51.5) screen=(640.0, 2714.16)
[Dev] stairs StairsDown dir=1 world=(7.5, 0.0, 7.5) screen=(593.7167, 335.9507)
[Dev] interact LootChest world=(56.5, 0.0, 56.5) screen=(593.7166, 2906.554)
[Dev] interact @Area3D@55778 world=(47.5, 0.0, 34.5) screen=(1195.4, 2078.188)
[Dev] interact LootPot world=(25.5, 0.0, 15.5) screen=(1056.55, 982.6092)
[Dev] interact @Area3D@55779 world=(24.5, 0.0, 16.5) screen=(963.9835, 982.6092)
[Dev] interact @Area3D@55780 world=(24.5, 0.0, 15.5) screen=(1010.267, 955.8877)
[Dev] interact @Area3D@55781 world=(32.5, 0.0, 60.5) screen=(-702.2174, 2372.125)
[Dev] interact @Area3D@55782 world=(7.5, 0.0, 60.5) screen=(-1859.301, 1704.088)
[Dev] interact @Area3D@55783 world=(8.5, 0.0, 61.5) screen=(-1859.301, 1757.531)
[Dev] interact @Area3D@55784 world=(20.5, 0.0, 43.5) screen=(-470.8005, 1597.203)
[Dev] interact @Area3D@55785 world=(56.5, 0.0, 23.5) screen=(2121.067, 2024.746)
[Dev] interact @Area3D@55786 world=(48.5, 0.0, 48.5) screen=(593.7166, 2479.01)
[Dev] interact @Area3D@55787 world=(48.5, 0.0, 49.5) screen=(547.4332, 2505.732)
[Audio] 같은 순간 같은 큐 상한(3) 넘침 — bat_attack ×1 (버림 누계 653)
[Field] jeongnyeongjae seed=3599041059 128x176 props=2821 packs=13 enemies=72 waypoint=(61, 66) roster=hwajeok,vampire_bat,lightning_master | hwajeok,hollin_yeogung_bow,gaekgwi elites=["8:금색×3@구간2", "10:금색×3@구간3"]
[Save] level 정령재 → user://save_e2e.json (C:/Users/FORYOUCOM/AppData/Roaming/Godot/app_userdata/Joseon Hunters/wt/codex-554-item-window-contract/save_e2e.json)
[Dev] stairs Down_cave dir=1 world=(60.5, 0.0, 3.5) screen=(825.1336, 255.7865)
[Dev] stairs Down_mine dir=1 world=(125.5, 0.0, 70.5) screen=(732.5671, 3783.018)
[Dev] interact Waypoint world=(61.5, 0.0, 66.5) screen=(-2044.434, 1917.86)
[Dev] interact LootChest world=(5.5, 0.0, 141.5) screen=(-8107.554, 2425.568)
[Dev] interact @Area3D@57160 world=(26.5, 0.0, 123.5) screen=(-6302.504, 2505.732)
[Dev] interact @Area3D@57161 world=(61.5, 0.0, 88.5) screen=(-3062.668, 2505.732)
[Dev] interact @Area3D@57162 world=(82.5, 0.0, 48.5) screen=(-239.3836, 1998.024)
[Dev] interact LootPot world=(70.5, 0.0, 9.5) screen=(1010.267, 635.2303)
[Dev] interact @Area3D@57163 world=(59.5, 0.0, 82.5) screen=(-2877.535, 2291.96)
[Dev] interact @Area3D@57164 world=(39.5, 0.0, 58.5) screen=(-2692.401, 1116.216)
[Dev] interact @Area3D@57165 world=(32.5, 0.0, 37.5) screen=(-2044.434, 368.0158)
[Dev] interact @Area3D@57166 world=(30.5, 0.0, 123.5) screen=(-6117.37, 2612.618)
[Dev] interact @Area3D@57167 world=(96.5, 0.0, 125.5) screen=(-3155.235, 4429.677)
[Dev] interact @Area3D@57168 world=(89.5, 0.0, 59.5) screen=(-424.517, 2479.01)
[Dev] interact @Area3D@57169 world=(22.5, 0.0, 41.5) screen=(-2692.401, 207.6872)
[Dev] interact @Area3D@57170 world=(56.5, 0.0, 51.5) screen=(-1581.601, 1383.431)
[Dev] interact @Area3D@57171 world=(7.5, 0.0, 142.5) screen=(-8061.271, 2505.732)
[Dev] interact @Area3D@57172 world=(101.5, 0.0, 72.5) screen=(-470.8004, 3147.047)
[Dev] interact @Area3D@57173 world=(77.5, 0.0, 34.5) screen=(177.1666, 1490.317)
E2E beomgul_walk PASS (검사 46)
[Audio] BGM town → town.ogg
[Save] level 못골 마을 → user://save_e2e.json (C:/Users/FORYOUCOM/AppData/Roaming/Godot/app_userdata/Joseon Hunters/wt/codex-554-item-window-contract/save_e2e.json)
[Dev] stairs DungeonEntrance dir=1 world=(0.0, 0.0, -31.0) screen=(2121.067, -492.4143)
[Dev] interact Merchant world=(5.4, 0.0, -2.4) screen=(1047.293, 368.0158)
[Dev] interact Shaman world=(-5.6, 0.0, 0.4) screen=(408.5833, 148.8999)
[Dev] interact Elder world=(2.0, 0.0, -5.6) screen=(1038.037, 191.6542)
[Dev] interact Jumo world=(7.1, 0.0, -1.4) screen=(1079.692, 440.1637)
[Dev] interact Waypoint world=(-4.2, 0.0, 2.2) screen=(390.0698, 234.4085)
E2E ▶ mine_walk
[Field] jeongnyeongjae seed=3599041059 128x176 props=2821 packs=13 enemies=72 waypoint=(61, 66) roster=hwajeok,vampire_bat,lightning_master | hwajeok,hollin_yeogung_bow,gaekgwi elites=["8:금색×3@구간2", "10:금색×3@구간3"]
[Audio] BGM dungeon → dungeon_4.ogg
[Save] level 정령재 → user://save_e2e.json (C:/Users/FORYOUCOM/AppData/Roaming/Godot/app_userdata/Joseon Hunters/wt/codex-554-item-window-contract/save_e2e.json)
[Dev] stairs Down_cave dir=1 world=(60.5, 0.0, 3.5) screen=(917.7001, -3057.673)
[Dev] stairs Down_mine dir=1 world=(125.5, 0.0, 70.5) screen=(825.1334, 469.5583)
[Dev] interact Waypoint world=(61.5, 0.0, 66.5) screen=(-1951.868, -1395.6)
[Dev] interact LootChest world=(5.5, 0.0, 141.5) screen=(-8014.987, -887.8924)
[Dev] interact @Area3D@58703 world=(26.5, 0.0, 123.5) screen=(-6209.937, -807.7277)
[Dev] interact @Area3D@58704 world=(61.5, 0.0, 88.5) screen=(-2970.102, -807.7279)
[Dev] interact @Area3D@58705 world=(82.5, 0.0, 48.5) screen=(-146.8171, -1315.435)
[Dev] interact LootPot world=(70.5, 0.0, 9.5) screen=(1102.833, -2678.229)
[Dev] interact @Area3D@58706 world=(59.5, 0.0, 82.5) screen=(-2784.968, -1021.499)
[Dev] interact @Area3D@58707 world=(39.5, 0.0, 58.5) screen=(-2599.834, -2197.243)
[Dev] interact @Area3D@58708 world=(32.5, 0.0, 37.5) screen=(-1951.868, -2945.444)
[Dev] interact @Area3D@58709 world=(30.5, 0.0, 123.5) screen=(-6024.804, -700.8422)
[Dev] interact @Area3D@58710 world=(96.5, 0.0, 125.5) screen=(-3062.668, 1116.217)
[Dev] interact @Area3D@58711 world=(89.5, 0.0, 59.5) screen=(-331.9504, -834.4492)
[Dev] interact @Area3D@58712 world=(22.5, 0.0, 41.5) screen=(-2599.835, -3105.772)
[Dev] interact @Area3D@58713 world=(56.5, 0.0, 51.5) screen=(-1489.035, -1930.029)
[Dev] interact @Area3D@58714 world=(7.5, 0.0, 142.5) screen=(-7968.704, -807.7279)
[Dev] interact @Area3D@58715 world=(101.5, 0.0, 72.5) screen=(-378.2339, -166.413)
[Dev] interact @Area3D@58716 world=(77.5, 0.0, 34.5) screen=(269.733, -1823.143)
[Dev] removed 72 enemies
[Click] world=(125.5, 0.0, 70.5) cell=(125, 70)
[Dungeon] soeburi 1층 lv=7 seed=2076465379 gen 64x64 rooms=6 up=(10, 55) down=(55, 10) enemies=20 roster=plague_miner,cave_bat,soemeogi elites=["방4:금색×3(깊이 0.50)"] named=-
[Save] level 쇠부리 폐광 1층 → user://save_e2e.json (C:/Users/FORYOUCOM/AppData/Roaming/Godot/app_userdata/Joseon Hunters/wt/codex-554-item-window-contract/save_e2e.json)
[Dev] stairs StairsUp dir=-1 world=(10.5, 0.0, 55.5) screen=(593.7165, 335.9509)
[Dev] stairs StairsDown dir=1 world=(55.5, 0.0, 10.5) screen=(4759.218, 335.9509)
[Dev] interact LootChest world=(42.5, 0.0, 31.5) screen=(3185.584, 501.6231)
[Dev] interact @Area3D@58888 world=(59.5, 0.0, 15.5) screen=(4712.935, 528.3446)
[Dev] interact @Area3D@58889 world=(49.5, 0.0, 19.5) screen=(4064.968, 368.0158)
[Dev] interact LootPot world=(22.5, 0.0, 36.5) screen=(2028.5, 100.8014)
[Dev] interact @Area3D@58890 world=(22.5, 0.0, 37.5) screen=(1982.217, 127.5229)
[Dev] interact @Area3D@58891 world=(60.5, 0.0, 7.5) screen=(5129.485, 341.2944)
[Dev] interact @Area3D@58892 world=(59.5, 0.0, 6.5) screen=(5129.485, 287.8515)
[Dev] interact @Area3D@58893 world=(38.5, 0.0, 23.5) screen=(3370.718, 180.9658)
[Dev] interact @Area3D@58894 world=(39.5, 0.0, 23.5) screen=(3417.001, 207.6872)
[Dev] interact @Area3D@58895 world=(37.5, 0.0, 23.5) screen=(3324.434, 154.2443)
  · 1층 64x64 · 적 20 · 명단 ["plague_miner", "cave_bat", "soemeogi"] · 장식 { "Crate": 2, "Woodpile": 2, "SlagHeap": 1, "Slag": 34, "RuinStone": 17, "Bones": 9, "Timber": 20, "Chain": 3, "ChainFloor": 3, "Rail": 27, "OreCart": 1 } · 정예 자리 1 · 네임드 (-1, -1)
[Dungeon] soeburi 2층 lv=8 seed=212727641 gen 64x64 rooms=8 up=(15, 24) down=(52, 52) enemies=27 roster=plague_miner,soemeogi,yacha,nachalnyeo elites=["방2:파란×3(깊이 0.50)", "방3:금색×3(깊이 0.33)"] named=방4 (50, 21)
[Save] level 쇠부리 폐광 2층 → user://save_e2e.json (C:/Users/FORYOUCOM/AppData/Roaming/Godot/app_userdata/Joseon Hunters/wt/codex-554-item-window-contract/save_e2e.json)
[Dev] stairs StairsUp dir=-1 world=(15.5, 0.0, 24.5) screen=(593.7167, 335.9507)
[Dev] stairs StairsDown dir=1 world=(52.5, 0.0, 52.5) screen=(1010.267, 2072.845)
[Dev] interact LootChest world=(2.5, 0.0, 46.5) screen=(-1026.201, 528.3445)
[Dev] interact @Area3D@59113 world=(55.5, 0.0, 47.5) screen=(1380.534, 1971.303)
[Dev] interact @Area3D@59114 world=(36.5, 0.0, 23.5) screen=(1611.95, 822.2805)
[Dev] interact LootPot world=(54.5, 0.0, 17.5) screen=(2722.751, 1142.938)
[Dev] interact @Area3D@59115 world=(55.5, 0.0, 18.5) screen=(2722.751, 1196.381)
[Dev] interact @Area3D@59116 world=(54.5, 0.0, 18.5) screen=(2676.468, 1169.659)
[Dev] interact @Area3D@59117 world=(17.5, 0.0, 48.5) screen=(-424.5173, 982.6092)
[Dev] interact @Area3D@59118 world=(18.5, 0.0, 48.5) screen=(-378.2339, 1009.331)
[Dev] interact @Area3D@59119 world=(12.5, 0.0, 19.5) screen=(686.2833, 74.0798)
  · 2층 64x64 · 적 26 · 명단 ["plague_miner", "soemeogi", "yacha", "nachalnyeo"] · 장식 { "Woodpile": 1, "Crate": 2, "SlagHeap": 1, "Slag": 38, "RuinStone": 18, "Bones": 8, "Timber": 27, "Chain": 2, "ChainFloor": 2, "Rail": 47, "OreCart": 1 } · 정예 자리 2 · 네임드 (50, 21)
[Dungeon] soeburi 3층 lv=9 seed=100493242 preset 32x30 rooms=2 up=(26, 24) down=(-1, -1) enemies=2 roster=soemeogi elites=[] named=-
[Audio] BGM boss → boss.ogg
[Save] level 쇠부리 폐광 3층 → user://save_e2e.json (C:/Users/FORYOUCOM/AppData/Roaming/Godot/app_userdata/Joseon Hunters/wt/codex-554-item-window-contract/save_e2e.json)
[Dev] stairs StairsUp dir=-1 world=(26.5, 0.0, 24.5) screen=(593.7167, 335.9507)
  · 3층 32x30 · 적 2 · 명단 ["soemeogi"] · 장식 { "Slag": 27, "RuinStone": 6, "Bones": 2, "Timber": 7, "Chain": 7, "ChainFloor": 10, "Rail": 13, "OreCart": 1 } · 정예 자리 0 · 네임드 (-1, -1)
[Kill] +2912 xp (lv 11, 58/730)
[LevelUp] lv=11 stat_pts=50 skill_pts=10
[Dev] item 탕약 — 쌍화탕 world=(9.5, 0.0, 5.423716) screen=(720.5861, -664.5258)
[Dev] item 탕약 — 십전대보탕 world=(9.5, 0.0, 5.423716) screen=(720.5861, -664.5258)
[Dev] item 탕약 — 십전대보탕 world=(9.5, 0.0, 5.423716) screen=(720.5861, -664.5258)
[Dev] item 귀환부첩 world=(9.5, 0.0, 5.423716) screen=(720.5861, -664.5258)
[Dev] item 불가살이의 쇠비늘 world=(9.5, 0.0, 5.423716) screen=(720.5861, -664.5258)
[Dev] item 불가살이의 쇠비늘 world=(9.5, 0.0, 5.423716) screen=(720.5861, -664.5258)
[Dev] item 미식별 옥가락지 world=(9.5, 0.0, 5.423716) screen=(720.5861, -664.5258)
[Dev] item 미식별 부적 목판 world=(9.5, 0.0, 5.423716) screen=(720.5861, -664.5258)
[Dev] item 미식별 장검 world=(9.5, 0.0, 5.423716) screen=(720.5861, -664.5258)
[Loot] 보스 전용 유니크 — boss_bulgasari 첫 처치 → u_soe_eater (회차 1)
[Dev] item 불가살이의 사슬 조각 world=(9.5, 0.0, 5.423716) screen=(720.5861, -664.5258)
[Dev] item 엽전 world=(9.5, 0.0, 5.423716) screen=(720.5861, -664.5258)
[Save] boss → user://save_e2e.json (C:/Users/FORYOUCOM/AppData/Roaming/Godot/app_userdata/Joseon Hunters/wt/codex-554-item-window-contract/save_e2e.json)
[Boss] killed area=soeburi level=9 flags={ "opening_pending": false, "seal:boss_bulgasari": 1, "boss_killed_soeburi": true }
[Dungeon] soeburi 2층 lv=8 seed=212727641 gen 64x64 rooms=8 up=(15, 24) down=(52, 52) enemies=27 roster=plague_miner,soemeogi,yacha,nachalnyeo elites=["방2:파란×3(깊이 0.50)", "방3:금색×3(깊이 0.33)"] named=방4 (50, 21)
[Audio] BGM dungeon → dungeon_2.ogg
[Save] level 쇠부리 폐광 2층 → user://save_e2e.json (C:/Users/FORYOUCOM/AppData/Roaming/Godot/app_userdata/Joseon Hunters/wt/codex-554-item-window-contract/save_e2e.json)
[Dev] stairs StairsUp dir=-1 world=(15.5, 0.0, 24.5) screen=(177.1665, -1400.943)
[Dev] stairs StairsDown dir=1 world=(52.5, 0.0, 52.5) screen=(593.7166, 335.951)
[Dev] interact LootChest world=(2.5, 0.0, 46.5) screen=(-1442.751, -1208.55)
[Dev] interact @Area3D@59420 world=(55.5, 0.0, 47.5) screen=(963.9835, 234.4087)
[Dev] interact @Area3D@59421 world=(36.5, 0.0, 23.5) screen=(1195.4, -914.6136)
[Dev] interact LootPot world=(54.5, 0.0, 17.5) screen=(2306.201, -593.9562)
[Dev] interact @Area3D@59422 world=(55.5, 0.0, 18.5) screen=(2306.201, -540.5134)
[Dev] interact @Area3D@59423 world=(54.5, 0.0, 18.5) screen=(2259.917, -567.2349)
[Dev] interact @Area3D@59424 world=(17.5, 0.0, 48.5) screen=(-841.0674, -754.285)
[Dev] interact @Area3D@59425 world=(18.5, 0.0, 48.5) screen=(-794.7842, -727.5635)
[Dev] interact @Area3D@59426 world=(12.5, 0.0, 19.5) screen=(269.7333, -1662.814)
[Dungeon] soeburi 1층 lv=7 seed=2076465379 gen 64x64 rooms=6 up=(10, 55) down=(55, 10) enemies=20 roster=plague_miner,cave_bat,soemeogi elites=["방4:금색×3(깊이 0.50)"] named=-
[Save] level 쇠부리 폐광 1층 → user://save_e2e.json (C:/Users/FORYOUCOM/AppData/Roaming/Godot/app_userdata/Joseon Hunters/wt/codex-554-item-window-contract/save_e2e.json)
[Dev] stairs StairsUp dir=-1 world=(10.5, 0.0, 55.5) screen=(-3571.785, 335.9509)
[Dev] stairs StairsDown dir=1 world=(55.5, 0.0, 10.5) screen=(593.7168, 335.9508)
[Dev] interact LootChest world=(42.5, 0.0, 31.5) screen=(-979.9173, 501.6231)
[Dev] interact @Area3D@59599 world=(59.5, 0.0, 15.5) screen=(547.4335, 528.3445)
[Dev] interact @Area3D@59600 world=(49.5, 0.0, 19.5) screen=(-100.5336, 368.0159)
[Dev] interact LootPot world=(22.5, 0.0, 36.5) screen=(-2137.001, 100.8013)
[Dev] interact @Area3D@59601 world=(22.5, 0.0, 37.5) screen=(-2183.285, 127.5228)
[Dev] interact @Area3D@59602 world=(60.5, 0.0, 7.5) screen=(963.9837, 341.2944)
[Dev] interact @Area3D@59603 world=(59.5, 0.0, 6.5) screen=(963.9836, 287.8515)
[Dev] interact @Area3D@59604 world=(38.5, 0.0, 23.5) screen=(-794.7838, 180.9657)
[Dev] interact @Area3D@59605 world=(39.5, 0.0, 23.5) screen=(-748.5005, 207.6872)
[Dev] interact @Area3D@59606 world=(37.5, 0.0, 23.5) screen=(-841.0672, 154.2443)
[Audio] 같은 순간 같은 큐 상한(3) 넘침 — bat_attack ×2 (버림 누계 655)
[Audio] 같은 순간 같은 큐 상한(3) 넘침 — bat_attack ×1 (버림 누계 656)
[Field] jeongnyeongjae seed=3599041059 128x176 props=2821 packs=13 enemies=72 waypoint=(61, 66) roster=hwajeok,vampire_bat,lightning_master | hwajeok,hollin_yeogung_bow,gaekgwi elites=["8:금색×3@구간2", "10:금색×3@구간3"]
[Save] level 정령재 → user://save_e2e.json (C:/Users/FORYOUCOM/AppData/Roaming/Godot/app_userdata/Joseon Hunters/wt/codex-554-item-window-contract/save_e2e.json)
[Dev] stairs Down_cave dir=1 world=(60.5, 0.0, 3.5) screen=(917.7001, -3057.673)
[Dev] stairs Down_mine dir=1 world=(125.5, 0.0, 70.5) screen=(825.1334, 469.5583)
[Dev] interact Waypoint world=(61.5, 0.0, 66.5) screen=(-1951.868, -1395.6)
[Dev] interact LootChest world=(5.5, 0.0, 141.5) screen=(-8014.987, -887.8924)
[Dev] interact @Area3D@60981 world=(26.5, 0.0, 123.5) screen=(-6209.937, -807.7277)
[Dev] interact @Area3D@60982 world=(61.5, 0.0, 88.5) screen=(-2970.102, -807.7279)
[Dev] interact @Area3D@60983 world=(82.5, 0.0, 48.5) screen=(-146.8171, -1315.435)
[Dev] interact LootPot world=(70.5, 0.0, 9.5) screen=(1102.833, -2678.229)
[Dev] interact @Area3D@60984 world=(59.5, 0.0, 82.5) screen=(-2784.968, -1021.499)
[Dev] interact @Area3D@60985 world=(39.5, 0.0, 58.5) screen=(-2599.834, -2197.243)
[Dev] interact @Area3D@60986 world=(32.5, 0.0, 37.5) screen=(-1951.868, -2945.444)
[Dev] interact @Area3D@60987 world=(30.5, 0.0, 123.5) screen=(-6024.804, -700.8422)
[Dev] interact @Area3D@60988 world=(96.5, 0.0, 125.5) screen=(-3062.668, 1116.217)
[Dev] interact @Area3D@60989 world=(89.5, 0.0, 59.5) screen=(-331.9504, -834.4492)
[Dev] interact @Area3D@60990 world=(22.5, 0.0, 41.5) screen=(-2599.835, -3105.772)
[Dev] interact @Area3D@60991 world=(56.5, 0.0, 51.5) screen=(-1489.035, -1930.029)
[Dev] interact @Area3D@60992 world=(7.5, 0.0, 142.5) screen=(-7968.704, -807.7279)
[Dev] interact @Area3D@60993 world=(101.5, 0.0, 72.5) screen=(-378.2339, -166.413)
[Dev] interact @Area3D@60994 world=(77.5, 0.0, 34.5) screen=(269.733, -1823.143)
E2E mine_walk PASS (검사 66)
[Audio] BGM town → town.ogg
[Save] level 못골 마을 → user://save_e2e.json (C:/Users/FORYOUCOM/AppData/Roaming/Godot/app_userdata/Joseon Hunters/wt/codex-554-item-window-contract/save_e2e.json)
[Dev] stairs DungeonEntrance dir=1 world=(0.0, 0.0, -31.0) screen=(2121.067, -492.4143)
[Dev] interact Merchant world=(5.4, 0.0, -2.4) screen=(1047.293, 368.0158)
[Dev] interact Shaman world=(-5.6, 0.0, 0.4) screen=(408.5833, 148.8999)
[Dev] interact Elder world=(2.0, 0.0, -5.6) screen=(1038.037, 191.6542)
[Dev] interact Jumo world=(7.1, 0.0, -1.4) screen=(1079.692, 440.1637)
[Dev] interact Waypoint world=(-4.2, 0.0, 2.2) screen=(390.0698, 234.4085)
E2E ▶ bongmil_walk
[Save] level 못골 마을 → user://save_e2e.json (C:/Users/FORYOUCOM/AppData/Roaming/Godot/app_userdata/Joseon Hunters/wt/codex-554-item-window-contract/save_e2e.json)
[Dev] stairs DungeonEntrance dir=1 world=(0.0, 0.0, -31.0) screen=(751.08, 298.5407)
[Dev] interact Merchant world=(5.4, 0.0, -2.4) screen=(-322.6938, 1158.971)
[Dev] interact Shaman world=(-5.6, 0.0, 0.4) screen=(-961.4041, 939.8548)
[Dev] interact Elder world=(2.0, 0.0, -5.6) screen=(-331.9505, 982.6092)
[Dev] interact Jumo world=(7.1, 0.0, -1.4) screen=(-290.2955, 1231.119)
[Dev] interact Waypoint world=(-4.2, 0.0, 2.2) screen=(-979.9176, 1025.363)
[SealGate] 첫 접근 혼잣말 — …이 빛, 낯이 익은데.
[Click] world=(-0.000002, 0.0, -31.0) cell=(-1, -31)
  · 첫 접근 혼잣말 — 닿음까지 0.50초 (줄 2.6초 · 미룸 2.70초)
[Save] level 못골 마을 → user://save_e2e.json (C:/Users/FORYOUCOM/AppData/Roaming/Godot/app_userdata/Joseon Hunters/wt/codex-554-item-window-contract/save_e2e.json)
[Dev] stairs DungeonEntrance dir=1 world=(0.0, 0.0, -31.0) screen=(751.08, 298.5407)
[Dev] interact Merchant world=(5.4, 0.0, -2.4) screen=(-322.6938, 1158.971)
[Dev] interact Shaman world=(-5.6, 0.0, 0.4) screen=(-961.4041, 939.8548)
[Dev] interact Elder world=(2.0, 0.0, -5.6) screen=(-331.9505, 982.6092)
[Dev] interact Jumo world=(7.1, 0.0, -1.4) screen=(-290.2955, 1231.119)
[Dev] interact Waypoint world=(-4.2, 0.0, 2.2) screen=(-979.9176, 1025.363)
[Click] world=(-0.000002, 0.0, -31.0) cell=(-1, -31)
[Click] world=(0.0, 0.000002, -31.0) cell=(0, -31)
[Click] world=(0.0, 0.000002, -31.0) cell=(0, -31)
[SealGate] bongmil_gul 열림 — 회차 1 · 댄 조각 ["seal_heukrang", "seal_jangsanbeom", "seal_bulgasari"]
[Click] world=(0.0, 0.000002, -31.0) cell=(0, -31)
[Seal] bongmil_gul 1층 봉인석 3/3 남음 [(26, 29), (33, 39), (30, 55)]
[Dungeon] bongmil_gul 1층 lv=10 seed=696739425 gen 72x72 rooms=11 up=(36, 11) down=(48, 59) enemies=46 roster=honbureum_sulsa,hollin_yeogung_bow2,hollin_yeogung_spear,yeou elites=["방7:금색×5(깊이 0.89)", "방4:파란×4(깊이 0.33)"] named=-
[Audio] BGM dungeon → dungeon_4.ogg
[Save] level 봉밀굴 초굴 → user://save_e2e.json (C:/Users/FORYOUCOM/AppData/Roaming/Godot/app_userdata/Joseon Hunters/wt/codex-554-item-window-contract/save_e2e.json)
[Dev] stairs StairsUp dir=-1 world=(36.5, 0.0, 11.5) screen=(593.7167, 335.9507)
[Dev] stairs StairsDown dir=1 world=(48.5, 0.0, 59.5) screen=(-1072.484, 1939.238)
[Dev] interact SealStone_0 world=(26.5, 0.0, 29.5) screen=(-702.2173, 501.623)
[Dev] interact SealStone_1 world=(33.5, 0.0, 39.5) screen=(-841.0674, 955.8877)
[Dev] interact SealStone_2 world=(30.5, 0.0, 55.5) screen=(-1720.451, 1303.267)
[Dev] interact LootChest world=(29.5, 0.0, 23.5) screen=(-285.6672, 421.4587)
[Dev] interact @Area3D@61801 world=(34.5, 0.0, 35.5) screen=(-609.6506, 875.7233)
[Dev] interact @Area3D@61802 world=(6.5, 0.0, 51.5) screen=(-2646.118, 555.0659)
[Dev] interact LootPot world=(5.5, 0.0, 49.5) screen=(-2599.835, 474.9016)
[Dev] interact @Area3D@61803 world=(6.5, 0.0, 50.5) screen=(-2599.835, 528.3444)
[Dev] interact @Area3D@61804 world=(56.5, 0.0, 9.5) screen=(1611.951, 768.8375)
[Dev] interact @Area3D@61805 world=(21.5, 0.0, 34.5) screen=(-1165.051, 501.623)
[Dev] interact @Area3D@61806 world=(3.5, 0.0, 21.5) screen=(-1396.468, -326.7419)
[Dev] interact @Area3D@61807 world=(4.5, 0.0, 20.5) screen=(-1303.901, -326.742)
[Dev] interact @Area3D@61808 world=(5.5, 0.0, 20.5) screen=(-1257.618, -300.0205)
[Dev] interact @Area3D@61809 world=(42.5, 0.0, 54.5) screen=(-1118.768, 1597.202)
[Dev] interact @Area3D@61810 world=(51.5, 0.0, 51.5) screen=(-563.3672, 1757.531)
  · 1층 72x72 · 적 46 · 명단 ["honbureum_sulsa", "hollin_yeogung_bow2", "hollin_yeogung_spear", "yeou"] · 장식 { "Stele": 9, "SteleFallen": 8, "PaperBits": 47, "Bones": 15, "RuinStone": 54, "RopeIntact": 19 } · 정예 자리 2 · 네임드 (-1, -1) · 봉인석 [(26, 29), (33, 39), (30, 55)] · 고리 [(0, 2), (2, 5), (1, 9)]
[Dev] removed 46 enemies
[Click] world=(48.5, 0.0, 59.5) cell=(48, 59)
[Click] world=(26.5, 0.0, 29.5) cell=(26, 29)
[Seal] bongmil_gul 1층 봉인석 2/3 남음 [(26, 29), (33, 39), (30, 55)]
[Seal] bongmil_gul 1층 봉인석 1/3 남음 [(26, 29), (33, 39), (30, 55)]
[Seal] bongmil_gul 1층 봉인석 0/3 남음 [(26, 29), (33, 39), (30, 55)]
[Seal] bongmil_gul 1층 봉인석 0/3 남음 [(26, 29), (33, 39), (30, 55)]
[Dungeon] bongmil_gul 1층 lv=10 seed=696739425 gen 72x72 rooms=11 up=(36, 11) down=(48, 59) enemies=46 roster=honbureum_sulsa,hollin_yeogung_bow2,hollin_yeogung_spear,yeou elites=["방7:금색×5(깊이 0.89)", "방4:파란×4(깊이 0.33)"] named=-
[Save] level 봉밀굴 초굴 → user://save_e2e.json (C:/Users/FORYOUCOM/AppData/Roaming/Godot/app_userdata/Joseon Hunters/wt/codex-554-item-window-contract/save_e2e.json)
[Dev] stairs StairsUp dir=-1 world=(36.5, 0.0, 11.5) screen=(593.7167, 335.9507)
[Dev] stairs StairsDown dir=1 world=(48.5, 0.0, 59.5) screen=(-1072.484, 1939.238)
[Dev] interact SealStone_0 world=(26.5, 0.0, 29.5) screen=(-702.2173, 501.623)
[Dev] interact SealStone_1 world=(33.5, 0.0, 39.5) screen=(-841.0674, 955.8877)
[Dev] interact SealStone_2 world=(30.5, 0.0, 55.5) screen=(-1720.451, 1303.267)
[Dev] interact LootChest world=(29.5, 0.0, 23.5) screen=(-285.6672, 421.4587)
[Dev] interact @Area3D@62143 world=(34.5, 0.0, 35.5) screen=(-609.6506, 875.7233)
[Dev] interact @Area3D@62144 world=(6.5, 0.0, 51.5) screen=(-2646.118, 555.0659)
[Dev] interact LootPot world=(5.5, 0.0, 49.5) screen=(-2599.835, 474.9016)
[Dev] interact @Area3D@62145 world=(6.5, 0.0, 50.5) screen=(-2599.835, 528.3444)
[Dev] interact @Area3D@62146 world=(56.5, 0.0, 9.5) screen=(1611.951, 768.8375)
[Dev] interact @Area3D@62147 world=(21.5, 0.0, 34.5) screen=(-1165.051, 501.623)
[Dev] interact @Area3D@62148 world=(3.5, 0.0, 21.5) screen=(-1396.468, -326.7419)
[Dev] interact @Area3D@62149 world=(4.5, 0.0, 20.5) screen=(-1303.901, -326.742)
[Dev] interact @Area3D@62150 world=(5.5, 0.0, 20.5) screen=(-1257.618, -300.0205)
[Dev] interact @Area3D@62151 world=(42.5, 0.0, 54.5) screen=(-1118.768, 1597.202)
[Dev] interact @Area3D@62152 world=(51.5, 0.0, 51.5) screen=(-563.3672, 1757.531)
[Dev] removed 46 enemies
[Click] world=(48.5, 0.0, 59.5) cell=(48, 59)
[Seal] bongmil_gul 2층 봉인석 3/3 남음 [(23, 20), (31, 12), (45, 7)]
[Dungeon] bongmil_gul 2층 lv=11 seed=2770941237 gen 72x72 rooms=9 up=(18, 45) down=(57, 46) enemies=35 roster=honbureum_sulsa,hollin_yeogung_bow2,hollin_yeogung_spear,yeou elites=["방2:파란×3(깊이 0.29)", "방6:금색×5(깊이 0.43)"] named=-
[Save] level 봉밀굴 중굴 → user://save_e2e.json (C:/Users/FORYOUCOM/AppData/Roaming/Godot/app_userdata/Joseon Hunters/wt/codex-554-item-window-contract/save_e2e.json)
[Dev] stairs StairsUp dir=-1 world=(18.5, 0.0, 45.5) screen=(593.7167, 335.9507)
[Dev] stairs StairsDown dir=1 world=(57.5, 0.0, 46.5) screen=(2352.484, 1404.809)
[Dev] interact Waypoint world=(33.5, 0.0, 36.5) screen=(1704.517, 448.1801)
[Dev] interact SealStone_0 world=(23.5, 0.0, 20.5) screen=(1982.217, -246.5777)
[Dev] interact SealStone_1 world=(31.5, 0.0, 12.5) screen=(2722.751, -246.5776)
[Dev] interact SealStone_2 world=(45.5, 0.0, 7.5) screen=(3602.135, -6.08458)
[Dev] interact LootChest world=(18.5, 0.0, 19.5) screen=(1797.084, -406.9063)
[Dev] interact @Area3D@62426 world=(11.5, 0.0, 32.5) screen=(871.4167, -246.5776)
[Dev] interact @Area3D@62427 world=(54.5, 0.0, 40.5) screen=(2491.334, 1116.216)
[Dev] interact LootPot world=(58.5, 0.0, 52.5) screen=(2121.067, 1543.76)
[Dev] interact @Area3D@62428 world=(59.5, 0.0, 27.5) screen=(3324.435, 902.4448)
[Dev] interact @Area3D@62429 world=(58.5, 0.0, 27.5) screen=(3278.152, 875.7233)
[Dev] interact @Area3D@62430 world=(10.5, 0.0, 32.5) screen=(825.1335, -273.2991)
[Dev] interact @Area3D@62431 world=(9.5, 0.0, 31.5) screen=(825.1334, -326.742)
[Dev] interact @Area3D@62432 world=(10.5, 0.0, 31.5) screen=(871.4167, -300.0205)
[Dev] interact @Area3D@62433 world=(32.5, 0.0, 39.5) screen=(1519.384, 501.623)
[Dev] interact @Area3D@62434 world=(20.5, 0.0, 65.5) screen=(-239.3838, 875.7233)
[Dev] interact @Area3D@62435 world=(19.5, 0.0, 64.5) screen=(-239.3838, 822.2805)
[Dev] interact @Area3D@62436 world=(19.5, 0.0, 63.5) screen=(-193.1004, 795.559)
  · 2층 72x72 · 적 35 · 명단 ["honbureum_sulsa", "hollin_yeogung_bow2", "hollin_yeogung_spear", "yeou"] · 장식 { "Stele": 3, "SteleFallen": 4, "PaperBits": 42, "Bones": 16, "RuinStone": 29, "RopeIntact": 11 } · 정예 자리 2 · 네임드 (-1, -1) · 봉인석 [(23, 20), (31, 12), (45, 7)] · 고리 [(4, 6), (3, 4), (0, 2), (4, 8)]
[Dev] removed 35 enemies
[Seal] bongmil_gul 3층 봉인석 3/3 남음 [(22, 44), (59, 11), (63, 39)]
[Dungeon] bongmil_gul 3층 lv=12 seed=2306257040 gen 72x72 rooms=9 up=(21, 18) down=(57, 55) enemies=34 roster=hollin_yeogung_bow2,hollin_yeogung_spear,yeou,wang_geomi elites=["방6:파란×4(깊이 0.86)", "방5:파란×4(깊이 0.29)"] named=방1 (6, 61)
[Save] level 봉밀굴 심굴 → user://save_e2e.json (C:/Users/FORYOUCOM/AppData/Roaming/Godot/app_userdata/Joseon Hunters/wt/codex-554-item-window-contract/save_e2e.json)
[Dev] stairs StairsUp dir=-1 world=(21.5, 0.0, 18.5) screen=(593.7167, 335.9507)
[Dev] stairs StairsDown dir=1 world=(57.5, 0.0, 55.5) screen=(547.4333, 2286.616)
[Dev] interact SealStone_0 world=(22.5, 0.0, 44.5) screen=(-563.3672, 1009.331)
[Dev] interact SealStone_1 world=(59.5, 0.0, 11.5) screen=(2676.468, 1116.216)
[Dev] interact SealStone_2 world=(63.5, 0.0, 39.5) screen=(1565.667, 1971.303)
[Dev] interact LootChest world=(25.5, 0.0, 39.5) screen=(-193.1004, 955.8877)
[Dev] interact @Area3D@62715 world=(26.5, 0.0, 11.5) screen=(1149.117, 234.4085)
[Dev] interact @Area3D@62716 world=(9.5, 0.0, 67.5) screen=(-2229.568, 1276.545)
[Dev] interact LootPot world=(13.5, 0.0, 31.5) screen=(-378.2338, 421.4586)
[Dev] interact @Area3D@62717 world=(13.5, 0.0, 32.5) screen=(-424.5172, 448.1801)
[Dev] interact @Area3D@62718 world=(14.5, 0.0, 30.5) screen=(-285.6672, 421.4587)
[Dev] interact @Area3D@62719 world=(58.5, 0.0, 38.5) screen=(1380.534, 1810.974)
[Dev] interact @Area3D@62720 world=(59.5, 0.0, 39.5) screen=(1380.534, 1864.417)
[Dev] interact @Area3D@62721 world=(58.5, 0.0, 39.5) screen=(1334.25, 1837.695)
  · 3층 72x72 · 적 33 · 명단 ["hollin_yeogung_bow2", "hollin_yeogung_spear", "yeou", "wang_geomi"] · 장식 { "Stele": 6, "SteleFallen": 2, "PaperBits": 38, "Bones": 16, "RuinStone": 40, "RopeIntact": 11 } · 정예 자리 2 · 네임드 (6, 61) · 봉인석 [(22, 44), (59, 11), (63, 39)] · 고리 [(7, 8), (3, 8), (2, 6)]
[Dev] removed 34 enemies
[Dungeon] bongmil_gul 4층 lv=12 seed=3811254728 preset 32x30 rooms=2 up=(26, 23) down=(-1, -1) enemies=3 roster=yeou,yeoubul elites=[] named=-
[Audio] BGM boss → boss.ogg
[Save] level 봉밀굴 구미원 → user://save_e2e.json (C:/Users/FORYOUCOM/AppData/Roaming/Godot/app_userdata/Joseon Hunters/wt/codex-554-item-window-contract/save_e2e.json)
[Dev] stairs StairsUp dir=-1 world=(26.5, 0.0, 23.5) screen=(593.7167, 335.9507)
  · 4층 32x30 · 적 3 · 명단 ["yeou", "yeoubul"] · 장식 { "PaperBits": 8, "Bones": 6, "RuinStone": 11, "RopeIntact": 2 } · 정예 자리 0 · 네임드 (-1, -1) · 봉인석 [] · 고리 []
[Kill] +3840 xp (lv 12, 256/831)
[LevelUp] lv=12 stat_pts=55 skill_pts=11
[Dev] item 탕약 — 십전대보탕 world=(11.5, 0.0, 8.423716) screen=(597.2472, -498.0215)
[Dev] item 탕약 — 십전대보탕 world=(11.5, 0.0, 8.423716) screen=(597.2472, -498.0215)
[Dev] item 영약 — 총명탕 world=(11.5, 0.0, 8.423716) screen=(597.2472, -498.0215)
[Dev] item 식별부첩 world=(11.5, 0.0, 8.423716) screen=(597.2472, -498.0215)
[Dev] item 구미호 꼬리털 world=(11.5, 0.0, 8.423716) screen=(597.2472, -498.0215)
[Dev] item 구미호 꼬리털 world=(11.5, 0.0, 8.423716) screen=(597.2472, -498.0215)
[Dev] item 미식별 명두 world=(11.5, 0.0, 8.423716) screen=(597.2472, -498.0215)
[Dev] item 미식별 금가락지 world=(11.5, 0.0, 8.423716) screen=(597.2472, -498.0215)
[Dev] item 미식별 야광주 world=(11.5, 0.0, 8.423716) screen=(597.2472, -498.0215)
[Loot] 보스 전용 유니크 — boss_gumiho 첫 처치 → u_fox_bead (회차 1)
[Dev] item 엽전 world=(11.5, 0.0, 8.423716) screen=(597.2472, -498.0215)
[Save] boss → user://save_e2e.json (C:/Users/FORYOUCOM/AppData/Roaming/Godot/app_userdata/Joseon Hunters/wt/codex-554-item-window-contract/save_e2e.json)
[Boss] killed area=bongmil_gul level=12 flags={ "opening_pending": false, "story": { "gate_first_look": true }, "boss_killed_heukrang_gul": true, "boss_killed_beomgul": true, "boss_killed_soeburi": true, "seal_gate": 1, "sealstone:bongmil_gul:1:0": 1, "sealstone:bongmil_gul:1:1": 1, "sealstone:bongmil_gul:1:2": 1, "boss_killed_bongmil_gul": true }
[Seal] bongmil_gul 3층 봉인석 3/3 남음 [(22, 44), (59, 11), (63, 39)]
[Dungeon] bongmil_gul 3층 lv=12 seed=2306257040 gen 72x72 rooms=9 up=(21, 18) down=(57, 55) enemies=34 roster=hollin_yeogung_bow2,hollin_yeogung_spear,yeou,wang_geomi elites=["방6:파란×4(깊이 0.86)", "방5:파란×4(깊이 0.29)"] named=방1 (6, 61)
[Audio] BGM dungeon → dungeon_3.ogg
[Save] level 봉밀굴 심굴 → user://save_e2e.json (C:/Users/FORYOUCOM/AppData/Roaming/Godot/app_userdata/Joseon Hunters/wt/codex-554-item-window-contract/save_e2e.json)
[Dev] stairs StairsUp dir=-1 world=(21.5, 0.0, 18.5) screen=(640.0, -1614.715)
[Dev] stairs StairsDown dir=1 world=(57.5, 0.0, 55.5) screen=(593.7166, 335.951)
[Dev] interact SealStone_0 world=(22.5, 0.0, 44.5) screen=(-517.0838, -941.3351)
[Dev] interact SealStone_1 world=(59.5, 0.0, 11.5) screen=(2722.751, -834.4494)
[Dev] interact SealStone_2 world=(63.5, 0.0, 39.5) screen=(1611.95, 20.63713)
[Dev] interact LootChest world=(25.5, 0.0, 39.5) screen=(-146.8171, -994.7781)
[Dev] interact @Area3D@63090 world=(26.5, 0.0, 11.5) screen=(1195.4, -1716.257)
[Dev] interact @Area3D@63091 world=(9.5, 0.0, 67.5) screen=(-2183.285, -674.1207)
[Dev] interact LootPot world=(13.5, 0.0, 31.5) screen=(-331.9506, -1529.207)
[Dev] interact @Area3D@63092 world=(13.5, 0.0, 32.5) screen=(-378.2339, -1502.486)
[Dev] interact @Area3D@63093 world=(14.5, 0.0, 30.5) screen=(-239.3838, -1529.207)
[Dev] interact @Area3D@63094 world=(58.5, 0.0, 38.5) screen=(1426.817, -139.6916)
[Dev] interact @Area3D@63095 world=(59.5, 0.0, 39.5) screen=(1426.817, -86.24873)
[Dev] interact @Area3D@63096 world=(58.5, 0.0, 39.5) screen=(1380.534, -112.9701)
[Seal] bongmil_gul 2층 봉인석 3/3 남음 [(23, 20), (31, 12), (45, 7)]
[Dungeon] bongmil_gul 2층 lv=11 seed=2770941237 gen 72x72 rooms=9 up=(18, 45) down=(57, 46) enemies=35 roster=honbureum_sulsa,hollin_yeogung_bow2,hollin_yeogung_spear,yeou elites=["방2:파란×3(깊이 0.29)", "방6:금색×5(깊이 0.43)"] named=-
[Save] level 봉밀굴 중굴 → user://save_e2e.json (C:/Users/FORYOUCOM/AppData/Roaming/Godot/app_userdata/Joseon Hunters/wt/codex-554-item-window-contract/save_e2e.json)
[Dev] stairs StairsUp dir=-1 world=(18.5, 0.0, 45.5) screen=(-1165.051, -732.9071)
[Dev] stairs StairsDown dir=1 world=(57.5, 0.0, 46.5) screen=(593.7168, 335.9508)
[Dev] interact Waypoint world=(33.5, 0.0, 36.5) screen=(-54.25018, -620.6779)
[Dev] interact SealStone_0 world=(23.5, 0.0, 20.5) screen=(223.4499, -1315.435)
[Dev] interact SealStone_1 world=(31.5, 0.0, 12.5) screen=(963.9836, -1315.435)
[Dev] interact SealStone_2 world=(45.5, 0.0, 7.5) screen=(1843.367, -1074.943)
[Dev] interact LootChest world=(18.5, 0.0, 19.5) screen=(38.31638, -1475.764)
[Dev] interact @Area3D@63371 world=(11.5, 0.0, 32.5) screen=(-887.3505, -1315.436)
[Dev] interact @Area3D@63372 world=(54.5, 0.0, 40.5) screen=(732.5669, 47.35843)
[Dev] interact LootPot world=(58.5, 0.0, 52.5) screen=(362.3001, 474.9017)
[Dev] interact @Area3D@63373 world=(59.5, 0.0, 27.5) screen=(1565.667, -166.4132)
[Dev] interact @Area3D@63374 world=(58.5, 0.0, 27.5) screen=(1519.384, -193.1345)
[Dev] interact @Area3D@63375 world=(10.5, 0.0, 32.5) screen=(-933.6339, -1342.157)
[Dev] interact @Area3D@63376 world=(9.5, 0.0, 31.5) screen=(-933.6339, -1395.6)
[Dev] interact @Area3D@63377 world=(10.5, 0.0, 31.5) screen=(-887.3505, -1368.878)
[Dev] interact @Area3D@63378 world=(32.5, 0.0, 39.5) screen=(-239.3835, -567.2349)
[Dev] interact @Area3D@63379 world=(20.5, 0.0, 65.5) screen=(-1998.151, -193.1346)
[Dev] interact @Area3D@63380 world=(19.5, 0.0, 64.5) screen=(-1998.151, -246.5775)
[Dev] interact @Area3D@63381 world=(19.5, 0.0, 63.5) screen=(-1951.868, -273.299)
[Seal] bongmil_gul 1층 봉인석 0/3 남음 [(26, 29), (33, 39), (30, 55)]
[Dungeon] bongmil_gul 1층 lv=10 seed=696739425 gen 72x72 rooms=11 up=(36, 11) down=(48, 59) enemies=46 roster=honbureum_sulsa,hollin_yeogung_bow2,hollin_yeogung_spear,yeou elites=["방7:금색×5(깊이 0.89)", "방4:파란×4(깊이 0.33)"] named=-
[Save] level 봉밀굴 초굴 → user://save_e2e.json (C:/Users/FORYOUCOM/AppData/Roaming/Godot/app_userdata/Joseon Hunters/wt/codex-554-item-window-contract/save_e2e.json)
[Dev] stairs StairsUp dir=-1 world=(36.5, 0.0, 11.5) screen=(2259.917, -1267.336)
[Dev] stairs StairsDown dir=1 world=(48.5, 0.0, 59.5) screen=(593.7166, 335.951)
[Dev] interact SealStone_0 world=(26.5, 0.0, 29.5) screen=(963.9833, -1101.664)
[Dev] interact SealStone_1 world=(33.5, 0.0, 39.5) screen=(825.1335, -647.3992)
[Dev] interact SealStone_2 world=(30.5, 0.0, 55.5) screen=(-54.25034, -300.0203)
[Dev] interact LootChest world=(29.5, 0.0, 23.5) screen=(1380.534, -1181.828)
[Dev] interact @Area3D@63712 world=(34.5, 0.0, 35.5) screen=(1056.55, -727.5634)
[Dev] interact @Area3D@63713 world=(6.5, 0.0, 51.5) screen=(-979.9175, -1048.221)
[Dev] interact LootPot world=(5.5, 0.0, 49.5) screen=(-933.6342, -1128.385)
[Dev] interact @Area3D@63714 world=(6.5, 0.0, 50.5) screen=(-933.634, -1074.942)
[Dev] interact @Area3D@63715 world=(56.5, 0.0, 9.5) screen=(3278.152, -834.4494)
[Dev] interact @Area3D@63716 world=(21.5, 0.0, 34.5) screen=(501.1499, -1101.664)
[Dev] interact @Area3D@63717 world=(3.5, 0.0, 21.5) screen=(269.7333, -1930.029)
[Dev] interact @Area3D@63718 world=(4.5, 0.0, 20.5) screen=(362.2998, -1930.029)
[Dev] interact @Area3D@63719 world=(5.5, 0.0, 20.5) screen=(408.5833, -1903.307)
[Dev] interact @Area3D@63720 world=(42.5, 0.0, 54.5) screen=(547.4333, -6.084323)
[Dev] interact @Area3D@63721 world=(51.5, 0.0, 51.5) screen=(1102.833, 154.2444)
[Audio] BGM town → town.ogg
[Save] level 못골 마을 → user://save_e2e.json (C:/Users/FORYOUCOM/AppData/Roaming/Godot/app_userdata/Joseon Hunters/wt/codex-554-item-window-contract/save_e2e.json)
[Dev] stairs DungeonEntrance dir=1 world=(0.0, 0.0, -31.0) screen=(751.08, 298.5407)
[Dev] interact Merchant world=(5.4, 0.0, -2.4) screen=(-322.6938, 1158.971)
[Dev] interact Shaman world=(-5.6, 0.0, 0.4) screen=(-961.4041, 939.8548)
[Dev] interact Elder world=(2.0, 0.0, -5.6) screen=(-331.9505, 982.6092)
[Dev] interact Jumo world=(7.1, 0.0, -1.4) screen=(-290.2955, 1231.119)
[Dev] interact Waypoint world=(-4.2, 0.0, 2.2) screen=(-979.9176, 1025.363)
E2E bongmil_walk PASS (검사 104)
[Save] level 못골 마을 → user://save_e2e.json (C:/Users/FORYOUCOM/AppData/Roaming/Godot/app_userdata/Joseon Hunters/wt/codex-554-item-window-contract/save_e2e.json)
[Dev] stairs DungeonEntrance dir=1 world=(0.0, 0.0, -31.0) screen=(2121.067, -492.4143)
[Dev] interact Merchant world=(5.4, 0.0, -2.4) screen=(1047.293, 368.0158)
[Dev] interact Shaman world=(-5.6, 0.0, 0.4) screen=(408.5833, 148.8999)
[Dev] interact Elder world=(2.0, 0.0, -5.6) screen=(1038.037, 191.6542)
[Dev] interact Jumo world=(7.1, 0.0, -1.4) screen=(1079.692, 440.1637)
[Dev] interact Waypoint world=(-4.2, 0.0, 2.2) screen=(390.0698, 234.4085)
E2E ▶ town_exits
[SealGate] 첫 접근 혼잣말 — …이 빛, 낯이 익은데.
[Dungeon] heukrang_gul 1층 lv=2 seed=403727558 gen 64x64 rooms=6 up=(44, 56) down=(7, 23) enemies=20 roster=bandit,bat,talisman_master elites=["방2:금색×3(깊이 0.50)"] named=-
[Quest] heukrang_gul 1층 — 싹쓸이 셈 시작 20 (heukrang_clear:none)
[Audio] BGM dungeon → dungeon_1.ogg
[Save] level 흑랑 굴 1층 → user://save_e2e.json (C:/Users/FORYOUCOM/AppData/Roaming/Godot/app_userdata/Joseon Hunters/wt/codex-554-item-window-contract/save_e2e.json)
[Dev] stairs StairsUp dir=-1 world=(44.5, 0.0, 56.5) screen=(593.7165, 335.9509)
[Dev] stairs StairsDown dir=1 world=(7.5, 0.0, 23.5) screen=(408.583, -1534.551)
[Dev] interact PusJar world=(29.5, 0.0, 42.5) screen=(547.433, -487.0705)
[Dev] interact @Area3D@64222 world=(14.5, 0.0, 24.5) screen=(686.2831, -1368.878)
[Dev] interact @Area3D@64223 world=(23.5, 0.0, 18.5) screen=(1380.534, -1288.714)
[Dev] interact LootChest world=(29.5, 0.0, 39.5) screen=(686.2831, -567.2349)
[Dev] interact @Area3D@64224 world=(40.5, 0.0, 38.5) screen=(1241.683, -300.0204)
[Dev] interact LootPot world=(21.5, 0.0, 43.5) screen=(130.8828, -674.1207)
[Dev] interact @Area3D@64225 world=(22.5, 0.0, 44.5) screen=(130.8829, -620.6779)
[Dev] interact @Area3D@64226 world=(19.5, 0.0, 9.5) screen=(1611.95, -1636.093)
[Dev] interact @Area3D@64227 world=(20.5, 0.0, 9.5) screen=(1658.234, -1609.372)
[Dev] interact @Area3D@64228 world=(44.5, 0.0, 51.5) screen=(825.1333, 154.2443)
[Dev] interact @Area3D@64229 world=(44.5, 0.0, 52.5) screen=(778.8499, 180.9657)
[Dev] interact @Area3D@64230 world=(21.5, 0.0, 39.5) screen=(316.0163, -781.0065)
E2E town_exits PASS (검사 8)
[Audio] BGM town → town.ogg
[Save] level 못골 마을 → user://save_e2e.json (C:/Users/FORYOUCOM/AppData/Roaming/Godot/app_userdata/Joseon Hunters/wt/codex-554-item-window-contract/save_e2e.json)
[Dev] stairs DungeonEntrance dir=1 world=(0.0, 0.0, -31.0) screen=(2121.067, -492.4143)
[Dev] interact Merchant world=(5.4, 0.0, -2.4) screen=(1047.293, 368.0158)
[Dev] interact Shaman world=(-5.6, 0.0, 0.4) screen=(408.5833, 148.8999)
[Dev] interact Elder world=(2.0, 0.0, -5.6) screen=(1038.037, 191.6542)
[Dev] interact Jumo world=(7.1, 0.0, -1.4) screen=(1079.692, 440.1637)
[Dev] interact Waypoint world=(-4.2, 0.0, 2.2) screen=(390.0698, 234.4085)
E2E ▶ field_layout
[Dev] item 화염부 world=(32.5, 0.0, 70.5) screen=(-1072.484, 3072.227)
[Dev] item 빙결부 world=(33.5, 0.0, 69.5) screen=(-979.9173, 3072.227)
[Field] deulnyeok seed=355022911 128x128 props=2252 packs=18 enemies=74 waypoint=(62, 65) roster=bandit,bat,talisman_master elites=["13:파란×4@구간3"]
[Audio] BGM dungeon → dungeon_3.ogg
[Save] level 못골 들녘 → user://save_e2e.json (C:/Users/FORYOUCOM/AppData/Roaming/Godot/app_userdata/Joseon Hunters/wt/codex-554-item-window-contract/save_e2e.json)
[Dev] stairs Down_cave dir=1 world=(88.5, 0.0, 3.5) screen=(7212.236, 897.1014)
[Dev] interact Waypoint world=(62.5, 0.0, 65.5) screen=(3139.301, 1810.974)
[Dev] interact FloorItem world=(32.5, 0.0, 70.5) screen=(1519.384, 1142.938)
[Dev] interact @Area3D@64891 world=(33.5, 0.0, 69.5) screen=(1611.95, 1142.938)
[Dev] interact PusJar world=(95.5, 0.0, 103.5) screen=(2907.884, 3708.197)
[Dev] interact @Area3D@65038 world=(101.5, 0.0, 105.5) screen=(3093.018, 3921.969)
[Dev] interact @Area3D@65039 world=(98.5, 0.0, 107.5) screen=(2861.601, 3895.247)
[Dev] interact LootChest world=(27.5, 0.0, 70.5) screen=(1287.967, 1009.331)
[Dev] interact @Area3D@65040 world=(94.5, 0.0, 100.5) screen=(3000.451, 3601.312)
[Dev] interact @Area3D@65041 world=(55.5, 0.0, 52.5) screen=(3417.001, 1276.545)
[Dev] interact LootPot world=(46.5, 0.0, 68.5) screen=(2259.917, 1463.595)
[Dev] interact @Area3D@65042 world=(73.5, 0.0, 47.5) screen=(4481.519, 1623.924)
[Dev] interact @Area3D@65043 world=(90.5, 0.0, 47.5) screen=(5268.335, 2078.189)
[Dev] interact @Area3D@65044 world=(111.5, 0.0, 49.5) screen=(6147.719, 2692.782)
[Dev] interact @Area3D@65045 world=(101.5, 0.0, 101.5) screen=(3278.151, 3815.083)
[Dev] interact @Area3D@65046 world=(86.5, 0.0, 76.5) screen=(3740.984, 2746.225)
[Dev] interact @Area3D@65047 world=(53.5, 0.0, 52.5) screen=(3324.434, 1223.102)
[Dev] interact @Area3D@65048 world=(87.5, 0.0, 95.5) screen=(2907.884, 3280.654)
[Dev] interact @Area3D@65049 world=(26.5, 0.0, 66.5) screen=(1426.817, 875.7234)
[Dev] interact @Area3D@65050 world=(17.5, 0.0, 60.5) screen=(1287.967, 474.9016)
[Dev] interact @Area3D@65051 world=(86.5, 0.0, 22.5) screen=(6240.286, 1303.266)
[Dev] interact @Area3D@65052 world=(59.5, 0.0, 65.5) screen=(3000.451, 1730.81)
[Dev] interact @Area3D@65053 world=(18.5, 0.0, 74.5) screen=(686.2832, 875.7234)
[Dev] interact @Area3D@65054 world=(44.5, 0.0, 69.5) screen=(2121.067, 1436.874)
[Dev] interact @Area3D@65055 world=(73.5, 0.0, 49.5) screen=(4388.952, 1677.367)
[Dev] interact @Area3D@65056 world=(88.5, 0.0, 52.5) screen=(4944.352, 2158.353)
  · 자리 10곳 · 모닥불 3 · 자리 둘레 소품 77
  · 들녘 모양 갈래 { "bandit_v2_dagger": 38, "bandit_v2": 33 } · 산적 있는 무리 18 중 두 갈래가 섞인 무리 17
  · 들녘 적 74 { 1: 22, 2: 27, 3: 25 } · 장식 2252 · 무리 18 · 서낭단 (62, 65)
  · 거대 건축물 자리 { "fort_lintel": (119.5388, 38.16928), "stone_pagoda": (89.5, 45.5), "flag_pillar": (86.95444, 48.04556) } · 폐사지 닻 칸 (88.5, 0.0, 44.5)
E2E field_layout PASS (검사 32)
[Audio] BGM town → town.ogg
[Save] level 못골 마을 → user://save_e2e.json (C:/Users/FORYOUCOM/AppData/Roaming/Godot/app_userdata/Joseon Hunters/wt/codex-554-item-window-contract/save_e2e.json)
[Dev] stairs DungeonEntrance dir=1 world=(0.0, 0.0, -31.0) screen=(2121.067, -492.4143)
[Dev] interact Merchant world=(5.4, 0.0, -2.4) screen=(1047.293, 368.0158)
[Dev] interact Shaman world=(-5.6, 0.0, 0.4) screen=(408.5833, 148.8999)
[Dev] interact Elder world=(2.0, 0.0, -5.6) screen=(1038.037, 191.6542)
[Dev] interact Jumo world=(7.1, 0.0, -1.4) screen=(1079.692, 440.1637)
[Dev] interact Waypoint world=(-4.2, 0.0, 2.2) screen=(390.0698, 234.4085)
E2E ▶ field2_layout
[Dev] item 화염부 world=(32.5, 0.0, 70.5) screen=(-1072.484, 3072.227)
[Dev] item 빙결부 world=(33.5, 0.0, 69.5) screen=(-979.9173, 3072.227)
[Field] deulnyeok seed=355022911 128x128 props=2252 packs=18 enemies=74 waypoint=(62, 65) roster=bandit,bat,talisman_master elites=["13:파란×4@구간3"]
[Audio] BGM dungeon → dungeon_4.ogg
[Save] level 못골 들녘 → user://save_e2e.json (C:/Users/FORYOUCOM/AppData/Roaming/Godot/app_userdata/Joseon Hunters/wt/codex-554-item-window-contract/save_e2e.json)
[Dev] stairs Down_cave dir=1 world=(88.5, 0.0, 3.5) screen=(7212.236, 897.1014)
[Dev] interact Waypoint world=(62.5, 0.0, 65.5) screen=(3139.301, 1810.974)
[Dev] interact FloorItem world=(32.5, 0.0, 70.5) screen=(1519.384, 1142.938)
[Dev] interact @Area3D@65717 world=(33.5, 0.0, 69.5) screen=(1611.95, 1142.938)
[Dev] interact PusJar world=(95.5, 0.0, 103.5) screen=(2907.884, 3708.197)
[Dev] interact @Area3D@65864 world=(101.5, 0.0, 105.5) screen=(3093.018, 3921.969)
[Dev] interact @Area3D@65865 world=(98.5, 0.0, 107.5) screen=(2861.601, 3895.247)
[Dev] interact LootChest world=(27.5, 0.0, 70.5) screen=(1287.967, 1009.331)
[Dev] interact @Area3D@65866 world=(94.5, 0.0, 100.5) screen=(3000.451, 3601.312)
[Dev] interact @Area3D@65867 world=(55.5, 0.0, 52.5) screen=(3417.001, 1276.545)
[Dev] interact LootPot world=(46.5, 0.0, 68.5) screen=(2259.917, 1463.595)
[Dev] interact @Area3D@65868 world=(73.5, 0.0, 47.5) screen=(4481.519, 1623.924)
[Dev] interact @Area3D@65869 world=(90.5, 0.0, 47.5) screen=(5268.335, 2078.189)
[Dev] interact @Area3D@65870 world=(111.5, 0.0, 49.5) screen=(6147.719, 2692.782)
[Dev] interact @Area3D@65871 world=(101.5, 0.0, 101.5) screen=(3278.151, 3815.083)
[Dev] interact @Area3D@65872 world=(86.5, 0.0, 76.5) screen=(3740.984, 2746.225)
[Dev] interact @Area3D@65873 world=(53.5, 0.0, 52.5) screen=(3324.434, 1223.102)
[Dev] interact @Area3D@65874 world=(87.5, 0.0, 95.5) screen=(2907.884, 3280.654)
[Dev] interact @Area3D@65875 world=(26.5, 0.0, 66.5) screen=(1426.817, 875.7234)
[Dev] interact @Area3D@65876 world=(17.5, 0.0, 60.5) screen=(1287.967, 474.9016)
[Dev] interact @Area3D@65877 world=(86.5, 0.0, 22.5) screen=(6240.286, 1303.266)
[Dev] interact @Area3D@65878 world=(59.5, 0.0, 65.5) screen=(3000.451, 1730.81)
[Dev] interact @Area3D@65879 world=(18.5, 0.0, 74.5) screen=(686.2832, 875.7234)
[Dev] interact @Area3D@65880 world=(44.5, 0.0, 69.5) screen=(2121.067, 1436.874)
[Dev] interact @Area3D@65881 world=(73.5, 0.0, 49.5) screen=(4388.952, 1677.367)
[Dev] interact @Area3D@65882 world=(88.5, 0.0, 52.5) screen=(4944.352, 2158.353)
[Dev] removed 74 enemies
[Click] world=(125.5, 0.0, 34.5) cell=(125, 34)
[Field] jeongnyeongjae seed=3599041059 128x176 props=2821 packs=13 enemies=72 waypoint=(61, 66) roster=hwajeok,vampire_bat,lightning_master | hwajeok,hollin_yeogung_bow,gaekgwi elites=["8:금색×3@구간2", "10:금색×3@구간3"]
[Save] level 정령재 → user://save_e2e.json (C:/Users/FORYOUCOM/AppData/Roaming/Godot/app_userdata/Joseon Hunters/wt/codex-554-item-window-contract/save_e2e.json)
[Dev] stairs Down_cave dir=1 world=(60.5, 0.0, 3.5) screen=(9896.671, -2149.144)
[Dev] stairs Down_mine dir=1 world=(125.5, 0.0, 70.5) screen=(9804.104, 1378.087)
[Dev] interact Waypoint world=(61.5, 0.0, 66.5) screen=(7027.103, -487.0706)
[Dev] interact LootChest world=(5.5, 0.0, 141.5) screen=(963.9833, 20.637)
[Dev] interact @Area3D@67254 world=(26.5, 0.0, 123.5) screen=(2769.034, 100.8014)
[Dev] interact @Area3D@67255 world=(61.5, 0.0, 88.5) screen=(6008.868, 100.8013)
[Dev] interact @Area3D@67256 world=(82.5, 0.0, 48.5) screen=(8832.153, -406.9061)
[Dev] interact LootPot world=(70.5, 0.0, 9.5) screen=(10081.8, -1769.7)
[Dev] interact @Area3D@67257 world=(59.5, 0.0, 82.5) screen=(6194.002, -112.9702)
[Dev] interact @Area3D@67258 world=(39.5, 0.0, 58.5) screen=(6379.136, -1288.714)
[Dev] interact @Area3D@67259 world=(32.5, 0.0, 37.5) screen=(7027.103, -2036.915)
[Dev] interact @Area3D@67260 world=(30.5, 0.0, 123.5) screen=(2954.168, 207.6872)
[Dev] interact @Area3D@67261 world=(96.5, 0.0, 125.5) screen=(5916.303, 2024.746)
[Dev] interact @Area3D@67262 world=(89.5, 0.0, 59.5) screen=(8647.021, 74.08006)
[Dev] interact @Area3D@67263 world=(22.5, 0.0, 41.5) screen=(6379.136, -2197.243)
[Dev] interact @Area3D@67264 world=(56.5, 0.0, 51.5) screen=(7489.937, -1021.5)
[Dev] interact @Area3D@67265 world=(7.5, 0.0, 142.5) screen=(1010.267, 100.8013)
[Dev] interact @Area3D@67266 world=(101.5, 0.0, 72.5) screen=(8600.737, 742.1163)
[Dev] interact @Area3D@67267 world=(77.5, 0.0, 34.5) screen=(9248.703, -914.6136)
  · 정령재 적 72 { 4: 21, 5: 23, 6: 14, 7: 14 } · 장식 2821 · 소나무 1028 · 무리 13 · 서낭단 (61, 66)
[Dev] removed 72 enemies
[Click] world=(60.5, 0.0, 3.5) cell=(60, 3)
[Dungeon] beomgul 1층 lv=5 seed=3470036558 gen 64x64 rooms=10 up=(52, 51) down=(7, 7) enemies=41 roster=hwajeok,vampire_bat,spider elites=["방8:파란×3(깊이 0.63)"] named=-
[Save] level 범굴 1층 → user://save_e2e.json (C:/Users/FORYOUCOM/AppData/Roaming/Godot/app_userdata/Joseon Hunters/wt/codex-554-item-window-contract/save_e2e.json)
[Dev] stairs StairsUp dir=-1 world=(52.5, 0.0, 51.5) screen=(593.7166, 335.951)
[Dev] stairs StairsDown dir=1 world=(7.5, 0.0, 7.5) screen=(547.4335, -2042.258)
[Dev] interact LootChest world=(56.5, 0.0, 56.5) screen=(547.4333, 528.3447)
[Dev] interact @Area3D@67514 world=(47.5, 0.0, 34.5) screen=(1149.117, -300.0203)
[Dev] interact LootPot world=(25.5, 0.0, 15.5) screen=(1010.267, -1395.6)
[Dev] interact @Area3D@67515 world=(24.5, 0.0, 16.5) screen=(917.7001, -1395.6)
[Dev] interact @Area3D@67516 world=(24.5, 0.0, 15.5) screen=(963.9833, -1422.321)
[Dev] interact @Area3D@67517 world=(32.5, 0.0, 60.5) screen=(-748.5005, -6.084366)
[Dev] interact @Area3D@67518 world=(7.5, 0.0, 60.5) screen=(-1905.584, -674.1207)
[Dev] interact @Area3D@67519 world=(8.5, 0.0, 61.5) screen=(-1905.585, -620.6777)
[Dev] interact @Area3D@67520 world=(20.5, 0.0, 43.5) screen=(-517.084, -781.0064)
[Dev] interact @Area3D@67521 world=(56.5, 0.0, 23.5) screen=(2074.784, -353.4632)
[Dev] interact @Area3D@67522 world=(48.5, 0.0, 48.5) screen=(547.4333, 100.8015)
[Dev] interact @Area3D@67523 world=(48.5, 0.0, 49.5) screen=(501.1499, 127.5229)
[Field] jeongnyeongjae seed=3599041059 128x176 props=2821 packs=13 enemies=72 waypoint=(61, 66) roster=hwajeok,vampire_bat,lightning_master | hwajeok,hollin_yeogung_bow,gaekgwi elites=["8:금색×3@구간2", "10:금색×3@구간3"]
[Save] level 정령재 → user://save_e2e.json (C:/Users/FORYOUCOM/AppData/Roaming/Godot/app_userdata/Joseon Hunters/wt/codex-554-item-window-contract/save_e2e.json)
[Dev] stairs Down_cave dir=1 world=(60.5, 0.0, 3.5) screen=(825.1336, 255.7865)
[Dev] stairs Down_mine dir=1 world=(125.5, 0.0, 70.5) screen=(732.5671, 3783.018)
[Dev] interact Waypoint world=(61.5, 0.0, 66.5) screen=(-2044.434, 1917.86)
[Dev] interact LootChest world=(5.5, 0.0, 141.5) screen=(-8107.554, 2425.568)
[Dev] interact @Area3D@68894 world=(26.5, 0.0, 123.5) screen=(-6302.504, 2505.732)
[Dev] interact @Area3D@68895 world=(61.5, 0.0, 88.5) screen=(-3062.668, 2505.732)
[Dev] interact @Area3D@68896 world=(82.5, 0.0, 48.5) screen=(-239.3836, 1998.024)
[Dev] interact LootPot world=(70.5, 0.0, 9.5) screen=(1010.267, 635.2303)
[Dev] interact @Area3D@68897 world=(59.5, 0.0, 82.5) screen=(-2877.535, 2291.96)
[Dev] interact @Area3D@68898 world=(39.5, 0.0, 58.5) screen=(-2692.401, 1116.216)
[Dev] interact @Area3D@68899 world=(32.5, 0.0, 37.5) screen=(-2044.434, 368.0158)
[Dev] interact @Area3D@68900 world=(30.5, 0.0, 123.5) screen=(-6117.37, 2612.618)
[Dev] interact @Area3D@68901 world=(96.5, 0.0, 125.5) screen=(-3155.235, 4429.677)
[Dev] interact @Area3D@68902 world=(89.5, 0.0, 59.5) screen=(-424.517, 2479.01)
[Dev] interact @Area3D@68903 world=(22.5, 0.0, 41.5) screen=(-2692.401, 207.6872)
[Dev] interact @Area3D@68904 world=(56.5, 0.0, 51.5) screen=(-1581.601, 1383.431)
[Dev] interact @Area3D@68905 world=(7.5, 0.0, 142.5) screen=(-8061.271, 2505.732)
[Dev] interact @Area3D@68906 world=(101.5, 0.0, 72.5) screen=(-470.8004, 3147.047)
[Dev] interact @Area3D@68907 world=(77.5, 0.0, 34.5) screen=(177.1666, 1490.317)
[Click] world=(2.5, 0.0, 150.5) cell=(2, 150)
[Dev] item 화염부 world=(32.5, 0.0, 70.5) screen=(5591.638, -1072.642)
[Dev] item 빙결부 world=(33.5, 0.0, 69.5) screen=(5684.204, -1072.642)
[Field] deulnyeok seed=355022911 128x128 props=2252 packs=18 enemies=74 waypoint=(62, 65) roster=bandit,bat,talisman_master elites=["13:파란×4@구간3"]
[Save] level 못골 들녘 → user://save_e2e.json (C:/Users/FORYOUCOM/AppData/Roaming/Godot/app_userdata/Joseon Hunters/wt/codex-554-item-window-contract/save_e2e.json)
[Dev] stairs Down_cave dir=1 world=(88.5, 0.0, 3.5) screen=(593.7169, -1320.779)
[Dev] interact Waypoint world=(62.5, 0.0, 65.5) screen=(-3479.219, -406.9063)
[Dev] interact FloorItem world=(32.5, 0.0, 70.5) screen=(-5099.136, -1074.942)
[Dev] interact @Area3D@69410 world=(33.5, 0.0, 69.5) screen=(-5006.569, -1074.942)
[Dev] interact PusJar world=(95.5, 0.0, 103.5) screen=(-3710.635, 1490.317)
[Dev] interact @Area3D@69557 world=(101.5, 0.0, 105.5) screen=(-3525.502, 1704.088)
[Dev] interact @Area3D@69558 world=(98.5, 0.0, 107.5) screen=(-3756.919, 1677.367)
[Dev] interact LootChest world=(27.5, 0.0, 70.5) screen=(-5330.552, -1208.55)
[Dev] interact @Area3D@69559 world=(94.5, 0.0, 100.5) screen=(-3618.069, 1383.431)
[Dev] interact @Area3D@69560 world=(55.5, 0.0, 52.5) screen=(-3201.519, -941.3351)
[Dev] interact LootPot world=(46.5, 0.0, 68.5) screen=(-4358.602, -754.2852)
[Dev] interact @Area3D@69561 world=(73.5, 0.0, 47.5) screen=(-2137.001, -593.9564)
[Dev] interact @Area3D@69562 world=(90.5, 0.0, 47.5) screen=(-1350.184, -139.6917)
[Dev] interact @Area3D@69563 world=(111.5, 0.0, 49.5) screen=(-470.8004, 474.9017)
[Dev] interact @Area3D@69564 world=(101.5, 0.0, 101.5) screen=(-3340.369, 1597.203)
[Dev] interact @Area3D@69565 world=(86.5, 0.0, 76.5) screen=(-2877.535, 528.3445)
[Dev] interact @Area3D@69566 world=(53.5, 0.0, 52.5) screen=(-3294.085, -994.7781)
[Dev] interact @Area3D@69567 world=(87.5, 0.0, 95.5) screen=(-3710.635, 1062.774)
[Dev] interact @Area3D@69568 world=(26.5, 0.0, 66.5) screen=(-5191.703, -1342.157)
[Dev] interact @Area3D@69569 world=(17.5, 0.0, 60.5) screen=(-5330.552, -1742.979)
[Dev] interact @Area3D@69570 world=(86.5, 0.0, 22.5) screen=(-378.2337, -914.6139)
[Dev] interact @Area3D@69571 world=(59.5, 0.0, 65.5) screen=(-3618.069, -487.0705)
[Dev] interact @Area3D@69572 world=(18.5, 0.0, 74.5) screen=(-5932.236, -1342.157)
[Dev] interact @Area3D@69573 world=(44.5, 0.0, 69.5) screen=(-4497.452, -781.0064)
[Dev] interact @Area3D@69574 world=(73.5, 0.0, 49.5) screen=(-2229.568, -540.5135)
[Dev] interact @Area3D@69575 world=(88.5, 0.0, 52.5) screen=(-1674.168, -59.52732)
E2E field2_layout PASS (검사 20)
[Audio] BGM town → town.ogg
[Save] level 못골 마을 → user://save_e2e.json (C:/Users/FORYOUCOM/AppData/Roaming/Godot/app_userdata/Joseon Hunters/wt/codex-554-item-window-contract/save_e2e.json)
[Dev] stairs DungeonEntrance dir=1 world=(0.0, 0.0, -31.0) screen=(2121.067, -492.4143)
[Dev] interact Merchant world=(5.4, 0.0, -2.4) screen=(1047.293, 368.0158)
[Dev] interact Shaman world=(-5.6, 0.0, 0.4) screen=(408.5833, 148.8999)
[Dev] interact Elder world=(2.0, 0.0, -5.6) screen=(1038.037, 191.6542)
[Dev] interact Jumo world=(7.1, 0.0, -1.4) screen=(1079.692, 440.1637)
[Dev] interact Waypoint world=(-4.2, 0.0, 2.2) screen=(390.0698, 234.4085)
E2E ▶ gate_hover
[Field] jeongnyeongjae seed=3599041059 128x176 props=2821 packs=13 enemies=72 waypoint=(61, 66) roster=hwajeok,vampire_bat,lightning_master | hwajeok,hollin_yeogung_bow,gaekgwi elites=["8:금색×3@구간2", "10:금색×3@구간3"]
[Audio] BGM dungeon → dungeon_2.ogg
[Save] level 정령재 → user://save_e2e.json (C:/Users/FORYOUCOM/AppData/Roaming/Godot/app_userdata/Joseon Hunters/wt/codex-554-item-window-contract/save_e2e.json)
[Dev] stairs Down_cave dir=1 world=(60.5, 0.0, 3.5) screen=(825.1336, 255.7865)
[Dev] stairs Down_mine dir=1 world=(125.5, 0.0, 70.5) screen=(732.5671, 3783.018)
[Dev] interact Waypoint world=(61.5, 0.0, 66.5) screen=(-2044.434, 1917.86)
[Dev] interact LootChest world=(5.5, 0.0, 141.5) screen=(-8107.554, 2425.568)
[Dev] interact @Area3D@71105 world=(26.5, 0.0, 123.5) screen=(-6302.504, 2505.732)
[Dev] interact @Area3D@71106 world=(61.5, 0.0, 88.5) screen=(-3062.668, 2505.732)
[Dev] interact @Area3D@71107 world=(82.5, 0.0, 48.5) screen=(-239.3836, 1998.024)
[Dev] interact LootPot world=(70.5, 0.0, 9.5) screen=(1010.267, 635.2303)
[Dev] interact @Area3D@71108 world=(59.5, 0.0, 82.5) screen=(-2877.535, 2291.96)
[Dev] interact @Area3D@71109 world=(39.5, 0.0, 58.5) screen=(-2692.401, 1116.216)
[Dev] interact @Area3D@71110 world=(32.5, 0.0, 37.5) screen=(-2044.434, 368.0158)
[Dev] interact @Area3D@71111 world=(30.5, 0.0, 123.5) screen=(-6117.37, 2612.618)
[Dev] interact @Area3D@71112 world=(96.5, 0.0, 125.5) screen=(-3155.235, 4429.677)
[Dev] interact @Area3D@71113 world=(89.5, 0.0, 59.5) screen=(-424.517, 2479.01)
[Dev] interact @Area3D@71114 world=(22.5, 0.0, 41.5) screen=(-2692.401, 207.6872)
[Dev] interact @Area3D@71115 world=(56.5, 0.0, 51.5) screen=(-1581.601, 1383.431)
[Dev] interact @Area3D@71116 world=(7.5, 0.0, 142.5) screen=(-8061.271, 2505.732)
[Dev] interact @Area3D@71117 world=(101.5, 0.0, 72.5) screen=(-470.8004, 3147.047)
[Dev] interact @Area3D@71118 world=(77.5, 0.0, 34.5) screen=(177.1666, 1490.317)
[Dev] removed 72 enemies
E2E gate_hover PASS (검사 6)
[Audio] BGM town → town.ogg
[Save] level 못골 마을 → user://save_e2e.json (C:/Users/FORYOUCOM/AppData/Roaming/Godot/app_userdata/Joseon Hunters/wt/codex-554-item-window-contract/save_e2e.json)
[Dev] stairs DungeonEntrance dir=1 world=(0.0, 0.0, -31.0) screen=(2121.067, -492.4143)
[Dev] interact Merchant world=(5.4, 0.0, -2.4) screen=(1047.293, 368.0158)
[Dev] interact Shaman world=(-5.6, 0.0, 0.4) screen=(408.5833, 148.8999)
[Dev] interact Elder world=(2.0, 0.0, -5.6) screen=(1038.037, 191.6542)
[Dev] interact Jumo world=(7.1, 0.0, -1.4) screen=(1079.692, 440.1637)
[Dev] interact Waypoint world=(-4.2, 0.0, 2.2) screen=(390.0698, 234.4085)
E2E ▶ pack_density
[Field] jeongnyeongjae seed=3599041059 128x176 props=2821 packs=13 enemies=72 waypoint=(61, 66) roster=hwajeok,vampire_bat,lightning_master | hwajeok,hollin_yeogung_bow,gaekgwi elites=["8:금색×3@구간2", "10:금색×3@구간3"]
[Audio] BGM dungeon → dungeon_1.ogg
[Save] level 정령재 → user://save_e2e.json (C:/Users/FORYOUCOM/AppData/Roaming/Godot/app_userdata/Joseon Hunters/wt/codex-554-item-window-contract/save_e2e.json)
[Dev] stairs Down_cave dir=1 world=(60.5, 0.0, 3.5) screen=(9896.671, -2149.144)
[Dev] stairs Down_mine dir=1 world=(125.5, 0.0, 70.5) screen=(9804.104, 1378.087)
[Dev] interact Waypoint world=(61.5, 0.0, 66.5) screen=(7027.103, -487.0706)
[Dev] interact LootChest world=(5.5, 0.0, 141.5) screen=(963.9833, 20.637)
[Dev] interact @Area3D@72648 world=(26.5, 0.0, 123.5) screen=(2769.034, 100.8014)
[Dev] interact @Area3D@72649 world=(61.5, 0.0, 88.5) screen=(6008.868, 100.8013)
[Dev] interact @Area3D@72650 world=(82.5, 0.0, 48.5) screen=(8832.153, -406.9061)
[Dev] interact LootPot world=(70.5, 0.0, 9.5) screen=(10081.8, -1769.7)
[Dev] interact @Area3D@72651 world=(59.5, 0.0, 82.5) screen=(6194.002, -112.9702)
[Dev] interact @Area3D@72652 world=(39.5, 0.0, 58.5) screen=(6379.136, -1288.714)
[Dev] interact @Area3D@72653 world=(32.5, 0.0, 37.5) screen=(7027.103, -2036.915)
[Dev] interact @Area3D@72654 world=(30.5, 0.0, 123.5) screen=(2954.168, 207.6872)
[Dev] interact @Area3D@72655 world=(96.5, 0.0, 125.5) screen=(5916.303, 2024.746)
[Dev] interact @Area3D@72656 world=(89.5, 0.0, 59.5) screen=(8647.021, 74.08006)
[Dev] interact @Area3D@72657 world=(22.5, 0.0, 41.5) screen=(6379.136, -2197.243)
[Dev] interact @Area3D@72658 world=(56.5, 0.0, 51.5) screen=(7489.937, -1021.5)
[Dev] interact @Area3D@72659 world=(7.5, 0.0, 142.5) screen=(1010.267, 100.8013)
[Dev] interact @Area3D@72660 world=(101.5, 0.0, 72.5) screen=(8600.737, 742.1163)
[Dev] interact @Area3D@72661 world=(77.5, 0.0, 34.5) screen=(9248.703, -914.6136)
  · 정령재 첫 무리(레벨 4 · 구간 1) 자리 둘레 4칸 적 3(무리 배정 3몸) · 층 총 적 72 · 무리 수 13
[Dungeon] beomgul 1층 lv=5 seed=3470036558 gen 64x64 rooms=10 up=(52, 51) down=(7, 7) enemies=41 roster=hwajeok,vampire_bat,spider elites=["방8:파란×3(깊이 0.63)"] named=-
[Save] level 범굴 1층 → user://save_e2e.json (C:/Users/FORYOUCOM/AppData/Roaming/Godot/app_userdata/Joseon Hunters/wt/codex-554-item-window-contract/save_e2e.json)
[Dev] stairs StairsUp dir=-1 world=(52.5, 0.0, 51.5) screen=(593.7166, 335.951)
[Dev] stairs StairsDown dir=1 world=(7.5, 0.0, 7.5) screen=(547.4335, -2042.258)
[Dev] interact LootChest world=(56.5, 0.0, 56.5) screen=(547.4333, 528.3447)
[Dev] interact @Area3D@72908 world=(47.5, 0.0, 34.5) screen=(1149.117, -300.0203)
[Dev] interact LootPot world=(25.5, 0.0, 15.5) screen=(1010.267, -1395.6)
[Dev] interact @Area3D@72909 world=(24.5, 0.0, 16.5) screen=(917.7001, -1395.6)
[Dev] interact @Area3D@72910 world=(24.5, 0.0, 15.5) screen=(963.9833, -1422.321)
[Dev] interact @Area3D@72911 world=(32.5, 0.0, 60.5) screen=(-748.5005, -6.084366)
[Dev] interact @Area3D@72912 world=(7.5, 0.0, 60.5) screen=(-1905.584, -674.1207)
[Dev] interact @Area3D@72913 world=(8.5, 0.0, 61.5) screen=(-1905.585, -620.6777)
[Dev] interact @Area3D@72914 world=(20.5, 0.0, 43.5) screen=(-517.084, -781.0064)
[Dev] interact @Area3D@72915 world=(56.5, 0.0, 23.5) screen=(2074.784, -353.4632)
[Dev] interact @Area3D@72916 world=(48.5, 0.0, 48.5) screen=(547.4333, 100.8015)
[Dev] interact @Area3D@72917 world=(48.5, 0.0, 49.5) screen=(501.1499, 127.5229)
  · 범굴 1층 첫 방((12, 14)) 적 3 · 층 총 적 41
E2E pack_density PASS (검사 2)
[Audio] BGM town → town.ogg
[Save] level 못골 마을 → user://save_e2e.json (C:/Users/FORYOUCOM/AppData/Roaming/Godot/app_userdata/Joseon Hunters/wt/codex-554-item-window-contract/save_e2e.json)
[Dev] stairs DungeonEntrance dir=1 world=(0.0, 0.0, -31.0) screen=(2121.067, -492.4143)
[Dev] interact Merchant world=(5.4, 0.0, -2.4) screen=(1047.293, 368.0158)
[Dev] interact Shaman world=(-5.6, 0.0, 0.4) screen=(408.5833, 148.8999)
[Dev] interact Elder world=(2.0, 0.0, -5.6) screen=(1038.037, 191.6542)
[Dev] interact Jumo world=(7.1, 0.0, -1.4) screen=(1079.692, 440.1637)
[Dev] interact Waypoint world=(-4.2, 0.0, 2.2) screen=(390.0698, 234.4085)
E2E ▶ slice_loop
[Click] world=(16.4, 0.0, 11.4) cell=(16, 11)
[Dev] item 화염부 world=(32.5, 0.0, 70.5) screen=(-1257.618, 2448.66)
[Dev] item 빙결부 world=(33.5, 0.0, 69.5) screen=(-1165.051, 2448.66)
[Field] deulnyeok seed=355022911 128x128 props=2252 packs=18 enemies=74 waypoint=(62, 65) roster=bandit,bat,talisman_master elites=["13:파란×4@구간3"]
[Audio] BGM dungeon → dungeon_4.ogg
[Save] level 못골 들녘 → user://save_e2e.json (C:/Users/FORYOUCOM/AppData/Roaming/Godot/app_userdata/Joseon Hunters/wt/codex-554-item-window-contract/save_e2e.json)
[Dev] stairs Down_cave dir=1 world=(88.5, 0.0, 3.5) screen=(7212.236, 897.1014)
[Dev] interact Waypoint world=(62.5, 0.0, 65.5) screen=(3139.301, 1810.974)
[Dev] interact FloorItem world=(32.5, 0.0, 70.5) screen=(1519.384, 1142.938)
[Dev] interact @Area3D@73578 world=(33.5, 0.0, 69.5) screen=(1611.95, 1142.938)
[Dev] interact PusJar world=(95.5, 0.0, 103.5) screen=(2907.884, 3708.197)
[Dev] interact @Area3D@73725 world=(101.5, 0.0, 105.5) screen=(3093.018, 3921.969)
[Dev] interact @Area3D@73726 world=(98.5, 0.0, 107.5) screen=(2861.601, 3895.247)
[Dev] interact LootChest world=(27.5, 0.0, 70.5) screen=(1287.967, 1009.331)
[Dev] interact @Area3D@73727 world=(94.5, 0.0, 100.5) screen=(3000.451, 3601.312)
[Dev] interact @Area3D@73728 world=(55.5, 0.0, 52.5) screen=(3417.001, 1276.545)
[Dev] interact LootPot world=(46.5, 0.0, 68.5) screen=(2259.917, 1463.595)
[Dev] interact @Area3D@73729 world=(73.5, 0.0, 47.5) screen=(4481.519, 1623.924)
[Dev] interact @Area3D@73730 world=(90.5, 0.0, 47.5) screen=(5268.335, 2078.189)
[Dev] interact @Area3D@73731 world=(111.5, 0.0, 49.5) screen=(6147.719, 2692.782)
[Dev] interact @Area3D@73732 world=(101.5, 0.0, 101.5) screen=(3278.151, 3815.083)
[Dev] interact @Area3D@73733 world=(86.5, 0.0, 76.5) screen=(3740.984, 2746.225)
[Dev] interact @Area3D@73734 world=(53.5, 0.0, 52.5) screen=(3324.434, 1223.102)
[Dev] interact @Area3D@73735 world=(87.5, 0.0, 95.5) screen=(2907.884, 3280.654)
[Dev] interact @Area3D@73736 world=(26.5, 0.0, 66.5) screen=(1426.817, 875.7234)
[Dev] interact @Area3D@73737 world=(17.5, 0.0, 60.5) screen=(1287.967, 474.9016)
[Dev] interact @Area3D@73738 world=(86.5, 0.0, 22.5) screen=(6240.286, 1303.266)
[Dev] interact @Area3D@73739 world=(59.5, 0.0, 65.5) screen=(3000.451, 1730.81)
[Dev] interact @Area3D@73740 world=(18.5, 0.0, 74.5) screen=(686.2832, 875.7234)
[Dev] interact @Area3D@73741 world=(44.5, 0.0, 69.5) screen=(2121.067, 1436.874)
[Dev] interact @Area3D@73742 world=(73.5, 0.0, 49.5) screen=(4388.952, 1677.367)
[Dev] interact @Area3D@73743 world=(88.5, 0.0, 52.5) screen=(4944.352, 2158.353)
[Dev] removed 74 enemies
[Dev] stairs Down_cave dir=1 world=(88.5, 0.0, 3.5) screen=(4620.368, -652.7427)
[Dev] interact Waypoint world=(62.5, 0.0, 65.5) screen=(547.4333, 261.1302)
[Dev] interact FloorItem world=(32.5, 0.0, 70.5) screen=(-1072.484, -406.906)
[Dev] interact @Area3D@73578 world=(33.5, 0.0, 69.5) screen=(-979.9173, -406.9061)
[Dev] interact PusJar world=(95.5, 0.0, 103.5) screen=(316.0165, 2158.353)
[Dev] interact @Area3D@73725 world=(101.5, 0.0, 105.5) screen=(501.1499, 2372.125)
[Dev] interact @Area3D@73726 world=(98.5, 0.0, 107.5) screen=(269.7332, 2345.403)
[Dev] interact LootChest world=(27.5, 0.0, 70.5) screen=(-1303.901, -540.5132)
[Dev] interact @Area3D@73727 world=(94.5, 0.0, 100.5) screen=(408.5833, 2051.468)
[Dev] interact @Area3D@73728 world=(55.5, 0.0, 52.5) screen=(825.1334, -273.2989)
[Dev] interact LootPot world=(46.5, 0.0, 68.5) screen=(-331.9504, -86.24869)
[Dev] interact @Area3D@73729 world=(73.5, 0.0, 47.5) screen=(1889.651, 74.07999)
[Dev] interact @Area3D@73730 world=(90.5, 0.0, 47.5) screen=(2676.468, 528.3447)
[Dev] interact @Area3D@73731 world=(111.5, 0.0, 49.5) screen=(3555.852, 1142.938)
[Dev] interact @Area3D@73732 world=(101.5, 0.0, 101.5) screen=(686.2833, 2265.239)
[Dev] interact @Area3D@73733 world=(86.5, 0.0, 76.5) screen=(1149.117, 1196.381)
[Dev] interact @Area3D@73734 world=(53.5, 0.0, 52.5) screen=(732.5667, -326.7417)
[Dev] interact @Area3D@73735 world=(87.5, 0.0, 95.5) screen=(316.0165, 1730.81)
[Dev] interact @Area3D@73736 world=(26.5, 0.0, 66.5) screen=(-1165.051, -674.1207)
[Dev] interact @Area3D@73737 world=(17.5, 0.0, 60.5) screen=(-1303.901, -1074.942)
[Dev] interact @Area3D@73738 world=(86.5, 0.0, 22.5) screen=(3648.418, -246.5774)
[Dev] interact @Area3D@73739 world=(59.5, 0.0, 65.5) screen=(408.5832, 180.9658)
[Dev] interact @Area3D@73740 world=(18.5, 0.0, 74.5) screen=(-1905.584, -674.1207)
[Dev] interact @Area3D@73741 world=(44.5, 0.0, 69.5) screen=(-470.8006, -112.9701)
[Dev] interact @Area3D@73742 world=(73.5, 0.0, 49.5) screen=(1797.084, 127.5229)
[Dev] interact @Area3D@73743 world=(88.5, 0.0, 52.5) screen=(2352.484, 608.5091)
[Click] world=(62.5, 0.0, 65.5) cell=(62, 65)
[Waypoint] activated deulnyeok:0
[Click] world=(88.5, 0.0, 3.5) cell=(88, 3)
[Dungeon] heukrang_gul 1층 lv=2 seed=403727558 gen 64x64 rooms=6 up=(44, 56) down=(7, 23) enemies=20 roster=bandit,bat,talisman_master elites=["방2:금색×3(깊이 0.50)"] named=-
[Quest] heukrang_gul 1층 — 싹쓸이 셈 시작 20 (heukrang_clear:none)
[Save] level 흑랑 굴 1층 → user://save_e2e.json (C:/Users/FORYOUCOM/AppData/Roaming/Godot/app_userdata/Joseon Hunters/wt/codex-554-item-window-contract/save_e2e.json)
[Dev] stairs StairsUp dir=-1 world=(44.5, 0.0, 56.5) screen=(593.7165, 335.9509)
[Dev] stairs StairsDown dir=1 world=(7.5, 0.0, 23.5) screen=(408.583, -1534.551)
[Dev] interact PusJar world=(29.5, 0.0, 42.5) screen=(547.433, -487.0705)
[Dev] interact @Area3D@73926 world=(14.5, 0.0, 24.5) screen=(686.2831, -1368.878)
[Dev] interact @Area3D@73927 world=(23.5, 0.0, 18.5) screen=(1380.534, -1288.714)
[Dev] interact LootChest world=(29.5, 0.0, 39.5) screen=(686.2831, -567.2349)
[Dev] interact @Area3D@73928 world=(40.5, 0.0, 38.5) screen=(1241.683, -300.0204)
[Dev] interact LootPot world=(21.5, 0.0, 43.5) screen=(130.8828, -674.1207)
[Dev] interact @Area3D@73929 world=(22.5, 0.0, 44.5) screen=(130.8829, -620.6779)
[Dev] interact @Area3D@73930 world=(19.5, 0.0, 9.5) screen=(1611.95, -1636.093)
[Dev] interact @Area3D@73931 world=(20.5, 0.0, 9.5) screen=(1658.234, -1609.372)
[Dev] interact @Area3D@73932 world=(44.5, 0.0, 51.5) screen=(825.1333, 154.2443)
[Dev] interact @Area3D@73933 world=(44.5, 0.0, 52.5) screen=(778.8499, 180.9657)
[Dev] interact @Area3D@73934 world=(21.5, 0.0, 39.5) screen=(316.0163, -781.0065)
[Dev] removed 20 enemies
[Click] world=(7.500002, 0.0, 23.5) cell=(7, 23)
[Dungeon] heukrang_gul 2층 lv=3 seed=3189434797 preset 28x28 rooms=2 up=(22, 23) down=(-1, -1) enemies=2 roster=bat elites=[] named=-
[Audio] BGM boss → boss.ogg
[Save] level 흑랑 굴 2층 → user://save_e2e.json (C:/Users/FORYOUCOM/AppData/Roaming/Godot/app_userdata/Joseon Hunters/wt/codex-554-item-window-contract/save_e2e.json)
[Dev] stairs StairsUp dir=-1 world=(22.5, 0.0, 23.5) screen=(593.7167, 335.9507)
[Dev] near boss hp=195/195
[Kill] +185 xp (lv 4, 4/160)
[LevelUp] lv=4 stat_pts=15 skill_pts=3
[Dev] item 미식별 본국검 world=(7.7, 0.0, 8.5) screen=(510.4066, 270.6957)
[Dev] item 영약 — 생맥산 world=(7.7, 0.0, 8.5) screen=(510.4066, 270.6957)
[Dev] item 탕약 — 쌍화탕 world=(7.7, 0.0, 8.5) screen=(510.4066, 270.6957)
[Dev] item 탕약 — 쌍화탕 world=(7.7, 0.0, 8.5) screen=(510.4066, 270.6957)
[Dev] item 귀환부첩 world=(7.7, 0.0, 8.5) screen=(510.4066, 270.6957)
[Dev] item 흑랑 이빨 world=(7.7, 0.0, 8.5) screen=(510.4066, 270.6957)
[Dev] item 흑랑 이빨 world=(7.7, 0.0, 8.5) screen=(510.4066, 270.6957)
[Dev] item 미식별 누비옷 world=(7.7, 0.0, 8.5) screen=(510.4066, 270.6957)
[Dev] item 미식별 본국검 world=(7.7, 0.0, 8.5) screen=(510.4066, 270.6957)
[Dev] item 미식별 옥패 world=(7.7, 0.0, 8.5) screen=(510.4066, 270.6957)
[Loot] 보스 전용 유니크 — boss_heukrang 첫 처치 → u_heukrang_fang (회차 1)
[Dev] item 흑랑의 봉인패 world=(7.7, 0.0, 8.5) screen=(510.4066, 270.6957)
[Dev] item 엽전 world=(7.7, 0.0, 8.5) screen=(510.4066, 270.6957)
[Save] boss → user://save_e2e.json (C:/Users/FORYOUCOM/AppData/Roaming/Godot/app_userdata/Joseon Hunters/wt/codex-554-item-window-contract/save_e2e.json)
[Boss] killed area=heukrang_gul level=3 flags={ "opening_pending": false, "quest": { "heukrang_seal": { "state": "killed" }, "heukrang_clear": { "state": "none", "left": 20, "barked": false }, "heukrang_thanks": { "state": "killed" } }, "seal:boss_heukrang": 1, "boss_killed_heukrang_gul": true }
[Audio] 같은 순간 같은 큐 상한(3) 넘침 — drop ×5 (버림 누계 661)
[Dev] removed 3 enemies
[Dev] interact Portal world=(9.5, 0.0, 8.5) screen=(593.7167, 285.2009)
[Portal] opened heukrang_gul 2층 pos=(9.5, 0.0, 8.5)
[Click] world=(9.5, 0.0, 8.5) cell=(9, 8)
[Dev] interact Portal world=(-1.2, 0.0, 2.4) screen=(579.8315, 279.835)
[Audio] BGM town → town.ogg
[Save] level 못골 마을 → user://save_e2e.json (C:/Users/FORYOUCOM/AppData/Roaming/Godot/app_userdata/Joseon Hunters/wt/codex-554-item-window-contract/save_e2e.json)
[Portal] travel → motgol 0층 portal={ "area": &"heukrang_gul", "floor": 2, "pos": (9.5, 0.0, 8.5), "returned": false }
[Dev] stairs DungeonEntrance dir=1 world=(0.0, 0.0, -31.0) screen=(2181.236, -532.4963)
[Dev] interact Merchant world=(5.4, 0.0, -2.4) screen=(1107.462, 327.9336)
[Dev] interact Shaman world=(-5.6, 0.0, 0.4) screen=(468.7516, 108.8176)
[Dev] interact Elder world=(2.0, 0.0, -5.6) screen=(1098.205, 151.572)
[Dev] interact Jumo world=(7.1, 0.0, -1.4) screen=(1139.86, 400.0815)
[Dev] interact Waypoint world=(-4.2, 0.0, 2.2) screen=(450.2382, 194.3264)
[Dev] interact Portal world=(-1.2, 0.0, 2.4) screen=(579.8315, 279.835)
[Load] lv=4 gold=0 flags={ "boss_killed_heukrang_gul": true, "opening_pending": false, "quest": { "heukrang_clear": { "state": "none", "left": 20, "barked": false }, "heukrang_seal": { "state": "killed" }, "heukrang_thanks": { "state": "killed" } }, "seal:boss_heukrang": 1.0 } portal={ "area": &"heukrang_gul", "floor": 2, "pos": (9.5, 0.0, 8.5), "returned": false } wps=["deulnyeok:0"]
[Dev] interact Portal world=(-1.2, 0.0, 2.4) screen=(519.6633, 319.9171)
[Save] level 못골 마을 → user://save_e2e.json (C:/Users/FORYOUCOM/AppData/Roaming/Godot/app_userdata/Joseon Hunters/wt/codex-554-item-window-contract/save_e2e.json)
[Dev] stairs DungeonEntrance dir=1 world=(0.0, 0.0, -31.0) screen=(2121.067, -492.4143)
[Dev] interact Merchant world=(5.4, 0.0, -2.4) screen=(1047.293, 368.0158)
[Dev] interact Shaman world=(-5.6, 0.0, 0.4) screen=(408.5833, 148.8999)
[Dev] interact Elder world=(2.0, 0.0, -5.6) screen=(1038.037, 191.6542)
[Dev] interact Jumo world=(7.1, 0.0, -1.4) screen=(1079.692, 440.1637)
[Dev] interact Waypoint world=(-4.2, 0.0, 2.2) screen=(390.0698, 234.4085)
[Dev] interact Portal world=(-1.2, 0.0, 2.4) screen=(519.6633, 319.9171)
E2E slice_loop PASS (검사 29)
[Save] level 못골 마을 → user://save_e2e.json (C:/Users/FORYOUCOM/AppData/Roaming/Godot/app_userdata/Joseon Hunters/wt/codex-554-item-window-contract/save_e2e.json)
[Dev] stairs DungeonEntrance dir=1 world=(0.0, 0.0, -31.0) screen=(2121.067, -492.4143)
[Dev] interact Merchant world=(5.4, 0.0, -2.4) screen=(1047.293, 368.0158)
[Dev] interact Shaman world=(-5.6, 0.0, 0.4) screen=(408.5833, 148.8999)
[Dev] interact Elder world=(2.0, 0.0, -5.6) screen=(1038.037, 191.6542)
[Dev] interact Jumo world=(7.1, 0.0, -1.4) screen=(1079.692, 440.1637)
[Dev] interact Waypoint world=(-4.2, 0.0, 2.2) screen=(390.0698, 234.4085)
E2E ▶ plaza_light
  · 환경광 0.18 · 해 0.33 · 등롱 2.20/4.6 · 플레이어 빛 1.40/4.5 · 캐릭터 빛 0.45
E2E plaza_light PASS (검사 8)
[Save] level 못골 마을 → user://save_e2e.json (C:/Users/FORYOUCOM/AppData/Roaming/Godot/app_userdata/Joseon Hunters/wt/codex-554-item-window-contract/save_e2e.json)
[Dev] stairs DungeonEntrance dir=1 world=(0.0, 0.0, -31.0) screen=(2121.067, -492.4143)
[Dev] interact Merchant world=(5.4, 0.0, -2.4) screen=(1047.293, 368.0158)
[Dev] interact Shaman world=(-5.6, 0.0, 0.4) screen=(408.5833, 148.8999)
[Dev] interact Elder world=(2.0, 0.0, -5.6) screen=(1038.037, 191.6542)
[Dev] interact Jumo world=(7.1, 0.0, -1.4) screen=(1079.692, 440.1637)
[Dev] interact Waypoint world=(-4.2, 0.0, 2.2) screen=(390.0698, 234.4085)
E2E ▶ town_tour
E2E town_tour PASS (검사 2)
[Save] level 못골 마을 → user://save_e2e.json (C:/Users/FORYOUCOM/AppData/Roaming/Godot/app_userdata/Joseon Hunters/wt/codex-554-item-window-contract/save_e2e.json)
[Dev] stairs DungeonEntrance dir=1 world=(0.0, 0.0, -31.0) screen=(2121.067, -492.4143)
[Dev] interact Merchant world=(5.4, 0.0, -2.4) screen=(1047.293, 368.0158)
[Dev] interact Shaman world=(-5.6, 0.0, 0.4) screen=(408.5833, 148.8999)
[Dev] interact Elder world=(2.0, 0.0, -5.6) screen=(1038.037, 191.6542)
[Dev] interact Jumo world=(7.1, 0.0, -1.4) screen=(1079.692, 440.1637)
[Dev] interact Waypoint world=(-4.2, 0.0, 2.2) screen=(390.0698, 234.4085)
E2E ▶ aoe_field
[Dungeon] heukrang_gul 1층 lv=2 seed=403727558 gen 64x64 rooms=6 up=(44, 56) down=(7, 23) enemies=20 roster=bandit,bat,talisman_master elites=["방2:금색×3(깊이 0.50)"] named=-
[Quest] heukrang_gul 1층 — 싹쓸이 셈 시작 20 (heukrang_clear:none)
[Audio] BGM dungeon → dungeon_1.ogg
[Save] level 흑랑 굴 1층 → user://save_e2e.json (C:/Users/FORYOUCOM/AppData/Roaming/Godot/app_userdata/Joseon Hunters/wt/codex-554-item-window-contract/save_e2e.json)
[Dev] stairs StairsUp dir=-1 world=(44.5, 0.0, 56.5) screen=(593.7165, 335.9509)
[Dev] stairs StairsDown dir=1 world=(7.5, 0.0, 23.5) screen=(408.583, -1534.551)
[Dev] interact PusJar world=(29.5, 0.0, 42.5) screen=(547.433, -487.0705)
[Dev] interact @Area3D@75008 world=(14.5, 0.0, 24.5) screen=(686.2831, -1368.878)
[Dev] interact @Area3D@75009 world=(23.5, 0.0, 18.5) screen=(1380.534, -1288.714)
[Dev] interact LootChest world=(29.5, 0.0, 39.5) screen=(686.2831, -567.2349)
[Dev] interact @Area3D@75010 world=(40.5, 0.0, 38.5) screen=(1241.683, -300.0204)
[Dev] interact LootPot world=(21.5, 0.0, 43.5) screen=(130.8828, -674.1207)
[Dev] interact @Area3D@75011 world=(22.5, 0.0, 44.5) screen=(130.8829, -620.6779)
[Dev] interact @Area3D@75012 world=(19.5, 0.0, 9.5) screen=(1611.95, -1636.093)
[Dev] interact @Area3D@75013 world=(20.5, 0.0, 9.5) screen=(1658.234, -1609.372)
[Dev] interact @Area3D@75014 world=(44.5, 0.0, 51.5) screen=(825.1333, 154.2443)
[Dev] interact @Area3D@75015 world=(44.5, 0.0, 52.5) screen=(778.8499, 180.9657)
[Dev] interact @Area3D@75016 world=(21.5, 0.0, 39.5) screen=(316.0163, -781.0065)
[Dev] removed 20 enemies
[Dev] 장판 dev_test 반경 2.2 · 8.0초 · 틱 0.5초 · 예고 0.0초 (살아 있는 판 1)
[Dev] 장판 틱 dev_test #1 → Player
[Dev] 장판 틱 dev_test #2 → Player
[Dev] 장판 틱 dev_test #3 → Player
[Dev] 장판 dev_test 반경 2.2 · 8.0초 · 틱 0.5초 · 예고 0.0초 (살아 있는 판 2)
[Dev] 장판 dev_test 반경 2.2 · 8.0초 · 틱 0.5초 · 예고 0.0초 (살아 있는 판 2)
[Dev] 장판 틱 dev_test #1 → Player
[Dev] 장판 틱 dev_test #2 → Player
[Dev] 장판 틱 dev_test #3 → Player
[Dev] 장판 틱 dev_test #4 → Player
[Dev] 장판 틱 dev_test #5 → Player
[Dev] 장판 틱 dev_test #6 → Player
[Dev] 장판 틱 dev_test #7 → Player
[Dev] 장판 틱 dev_test #8 → Player
[Dev] 장판 틱 dev_test #9 → Player
[Dev] 장판 틱 dev_test #10 → Player
[Dev] 장판 지움 1
[Dev] 장판 dev_burst 반경 3.0 · 0.5초 · 틱 0.0초 · 예고 0.6초 (살아 있는 판 1)
[Dev] 장판 틱 dev_burst #1 → Player
[Dev] 장판 dev_test 반경 2.2 · 8.0초 · 틱 0.5초 · 예고 0.0초 (살아 있는 판 1)
[Dungeon] heukrang_gul 2층 lv=3 seed=3189434797 preset 28x28 rooms=2 up=(22, 23) down=(-1, -1) enemies=2 roster=bat elites=[] named=-
[Audio] BGM boss → boss.ogg
[Save] level 흑랑 굴 2층 → user://save_e2e.json (C:/Users/FORYOUCOM/AppData/Roaming/Godot/app_userdata/Joseon Hunters/wt/codex-554-item-window-contract/save_e2e.json)
[Dev] stairs StairsUp dir=-1 world=(22.5, 0.0, 23.5) screen=(593.7167, 335.9507)
E2E aoe_field PASS (검사 20)
[Audio] BGM town → town.ogg
[Save] level 못골 마을 → user://save_e2e.json (C:/Users/FORYOUCOM/AppData/Roaming/Godot/app_userdata/Joseon Hunters/wt/codex-554-item-window-contract/save_e2e.json)
[Dev] stairs DungeonEntrance dir=1 world=(0.0, 0.0, -31.0) screen=(2121.067, -492.4143)
[Dev] interact Merchant world=(5.4, 0.0, -2.4) screen=(1047.293, 368.0158)
[Dev] interact Shaman world=(-5.6, 0.0, 0.4) screen=(408.5833, 148.8999)
[Dev] interact Elder world=(2.0, 0.0, -5.6) screen=(1038.037, 191.6542)
[Dev] interact Jumo world=(7.1, 0.0, -1.4) screen=(1079.692, 440.1637)
[Dev] interact Waypoint world=(-4.2, 0.0, 2.2) screen=(390.0698, 234.4085)
E2E ▶ long_body
[Dungeon] heukrang_gul 1층 lv=2 seed=403727558 gen 64x64 rooms=6 up=(44, 56) down=(7, 23) enemies=20 roster=bandit,bat,talisman_master elites=["방2:금색×3(깊이 0.50)"] named=-
[Quest] heukrang_gul 1층 — 싹쓸이 셈 시작 20 (heukrang_clear:none)
[Audio] BGM dungeon → dungeon_3.ogg
[Save] level 흑랑 굴 1층 → user://save_e2e.json (C:/Users/FORYOUCOM/AppData/Roaming/Godot/app_userdata/Joseon Hunters/wt/codex-554-item-window-contract/save_e2e.json)
[Dev] stairs StairsUp dir=-1 world=(44.5, 0.0, 56.5) screen=(593.7165, 335.9509)
[Dev] stairs StairsDown dir=1 world=(7.5, 0.0, 23.5) screen=(408.583, -1534.551)
[Dev] interact PusJar world=(29.5, 0.0, 42.5) screen=(547.433, -487.0705)
[Dev] interact @Area3D@75428 world=(14.5, 0.0, 24.5) screen=(686.2831, -1368.878)
[Dev] interact @Area3D@75429 world=(23.5, 0.0, 18.5) screen=(1380.534, -1288.714)
[Dev] interact LootChest world=(29.5, 0.0, 39.5) screen=(686.2831, -567.2349)
[Dev] interact @Area3D@75430 world=(40.5, 0.0, 38.5) screen=(1241.683, -300.0204)
[Dev] interact LootPot world=(21.5, 0.0, 43.5) screen=(130.8828, -674.1207)
[Dev] interact @Area3D@75431 world=(22.5, 0.0, 44.5) screen=(130.8829, -620.6779)
[Dev] interact @Area3D@75432 world=(19.5, 0.0, 9.5) screen=(1611.95, -1636.093)
[Dev] interact @Area3D@75433 world=(20.5, 0.0, 9.5) screen=(1658.234, -1609.372)
[Dev] interact @Area3D@75434 world=(44.5, 0.0, 51.5) screen=(825.1333, 154.2443)
[Dev] interact @Area3D@75435 world=(44.5, 0.0, 52.5) screen=(778.8499, 180.9657)
[Dev] interact @Area3D@75436 world=(21.5, 0.0, 39.5) screen=(316.0163, -781.0065)
[Dev] removed 20 enemies
[Click] world=(27.5, 0.000391, 49.5) cell=(27, 49)
[Click] world=(27.5, 0.000391, 49.5) cell=(27, 49)
[Click] world=(27.5, 0.000391, 49.5) cell=(27, 49)
[Click] world=(27.5, 0.000391, 49.5) cell=(27, 49)
[Kill] +8 xp (lv 1, 8/20)
[Dev] item 엽전 world=(22.52841, 0.0, 49.5) screen=(872.7305, 478.3544)
[Dev] item 은가락지 world=(22.52841, 0.0, 49.5) screen=(872.7305, 478.3544)
[Save] quest → user://save_e2e.json (C:/Users/FORYOUCOM/AppData/Roaming/Godot/app_userdata/Joseon Hunters/wt/codex-554-item-window-contract/save_e2e.json)
[Quest] heukrang_clear 싹쓸이 완료 (none → killed)
[Dev] removed 1 enemies
[Kill] +8 xp (lv 1, 16/20)
[Dev] removed 1 enemies
E2E long_body PASS (검사 13)
[Audio] BGM town → town.ogg
[Save] level 못골 마을 → user://save_e2e.json (C:/Users/FORYOUCOM/AppData/Roaming/Godot/app_userdata/Joseon Hunters/wt/codex-554-item-window-contract/save_e2e.json)
[Dev] stairs DungeonEntrance dir=1 world=(0.0, 0.0, -31.0) screen=(2121.067, -492.4143)
[Dev] interact Merchant world=(5.4, 0.0, -2.4) screen=(1047.293, 368.0158)
[Dev] interact Shaman world=(-5.6, 0.0, 0.4) screen=(408.5833, 148.8999)
[Dev] interact Elder world=(2.0, 0.0, -5.6) screen=(1038.037, 191.6542)
[Dev] interact Jumo world=(7.1, 0.0, -1.4) screen=(1079.692, 440.1637)
[Dev] interact Waypoint world=(-4.2, 0.0, 2.2) screen=(390.0698, 234.4085)
E2E ▶ named_imugi
[Field] jeongnyeongjae seed=3599041059 128x176 props=2821 packs=13 enemies=72 waypoint=(61, 66) roster=hwajeok,vampire_bat,lightning_master | hwajeok,hollin_yeogung_bow,gaekgwi elites=["8:금색×3@구간2", "10:금색×3@구간3"]
[Audio] BGM dungeon → dungeon_2.ogg
[Save] level 정령재 → user://save_e2e.json (C:/Users/FORYOUCOM/AppData/Roaming/Godot/app_userdata/Joseon Hunters/wt/codex-554-item-window-contract/save_e2e.json)
[Dev] stairs Down_cave dir=1 world=(60.5, 0.0, 3.5) screen=(9896.671, -2149.144)
[Dev] stairs Down_mine dir=1 world=(125.5, 0.0, 70.5) screen=(9804.104, 1378.087)
[Dev] interact Waypoint world=(61.5, 0.0, 66.5) screen=(7027.103, -487.0706)
[Dev] interact LootChest world=(5.5, 0.0, 141.5) screen=(963.9833, 20.637)
[Dev] interact @Area3D@76969 world=(26.5, 0.0, 123.5) screen=(2769.034, 100.8014)
[Dev] interact @Area3D@76970 world=(61.5, 0.0, 88.5) screen=(6008.868, 100.8013)
[Dev] interact @Area3D@76971 world=(82.5, 0.0, 48.5) screen=(8832.153, -406.9061)
[Dev] interact LootPot world=(70.5, 0.0, 9.5) screen=(10081.8, -1769.7)
[Dev] interact @Area3D@76972 world=(59.5, 0.0, 82.5) screen=(6194.002, -112.9702)
[Dev] interact @Area3D@76973 world=(39.5, 0.0, 58.5) screen=(6379.136, -1288.714)
[Dev] interact @Area3D@76974 world=(32.5, 0.0, 37.5) screen=(7027.103, -2036.915)
[Dev] interact @Area3D@76975 world=(30.5, 0.0, 123.5) screen=(2954.168, 207.6872)
[Dev] interact @Area3D@76976 world=(96.5, 0.0, 125.5) screen=(5916.303, 2024.746)
[Dev] interact @Area3D@76977 world=(89.5, 0.0, 59.5) screen=(8647.021, 74.08006)
[Dev] interact @Area3D@76978 world=(22.5, 0.0, 41.5) screen=(6379.136, -2197.243)
[Dev] interact @Area3D@76979 world=(56.5, 0.0, 51.5) screen=(7489.937, -1021.5)
[Dev] interact @Area3D@76980 world=(7.5, 0.0, 142.5) screen=(1010.267, 100.8013)
[Dev] interact @Area3D@76981 world=(101.5, 0.0, 72.5) screen=(8600.737, 742.1163)
[Dev] interact @Area3D@76982 world=(77.5, 0.0, 34.5) screen=(9248.703, -914.6136)
[Kill] +218 xp (lv 4, 37/160)
[LevelUp] lv=4 stat_pts=15 skill_pts=3
[Dev] item 엽전 world=(24.5, 0.0, 46.5) screen=(454.8666, 453.5249)
[Dev] item 탕약 — 쌍화탕 world=(24.5, 0.0, 46.5) screen=(454.8666, 453.5249)
[Dev] item 탕약 — 쌍화탕 world=(24.5, 0.0, 46.5) screen=(454.8666, 453.5249)
[Dev] item 미식별 환도 world=(24.5, 0.0, 46.5) screen=(454.8666, 453.5249)
[Dev] item 미식별 금가락지 world=(24.5, 0.0, 46.5) screen=(454.8666, 453.5249)
[Dev] item 미식별 명두 world=(24.5, 0.0, 46.5) screen=(454.8666, 453.5249)
[Loot] 네임드 — imugi 첫 처치 → u_imugi_scale · 장비 2 (회차 1)
[Kill] +195 xp (lv 5, 72/224)
[LevelUp] lv=5 stat_pts=20 skill_pts=4
[Dev] item 엽전 world=(27.5, 0.0, 42.5) screen=(778.8501, 424.1634)
[Dev] item 영약 — 총명탕 world=(27.5, 0.0, 42.5) screen=(778.8501, 424.1634)
[Dev] item 영약 — 생맥산 world=(27.5, 0.0, 42.5) screen=(778.8501, 424.1634)
[Dev] item 미식별 쇄자갑 world=(27.5, 0.0, 42.5) screen=(778.8501, 424.1634)
[Dev] item 미식별 학창의 world=(27.5, 0.0, 42.5) screen=(778.8501, 424.1634)
[Loot] 네임드 — imugi 재처치 → 없음 · 장비 2 (회차 1)
[Dev] removed 2 enemies
E2E named_imugi PASS (검사 13)
[Audio] BGM town → town.ogg
[Save] level 못골 마을 → user://save_e2e.json (C:/Users/FORYOUCOM/AppData/Roaming/Godot/app_userdata/Joseon Hunters/wt/codex-554-item-window-contract/save_e2e.json)
[Dev] stairs DungeonEntrance dir=1 world=(0.0, 0.0, -31.0) screen=(2121.067, -492.4143)
[Dev] interact Merchant world=(5.4, 0.0, -2.4) screen=(1047.293, 368.0158)
[Dev] interact Shaman world=(-5.6, 0.0, 0.4) screen=(408.5833, 148.8999)
[Dev] interact Elder world=(2.0, 0.0, -5.6) screen=(1038.037, 191.6542)
[Dev] interact Jumo world=(7.1, 0.0, -1.4) screen=(1079.692, 440.1637)
[Dev] interact Waypoint world=(-4.2, 0.0, 2.2) screen=(390.0698, 234.4085)
E2E ▶ serpent_models
[Dungeon] heukrang_gul 1층 lv=2 seed=403727558 gen 64x64 rooms=6 up=(44, 56) down=(7, 23) enemies=20 roster=bandit,bat,talisman_master elites=["방2:금색×3(깊이 0.50)"] named=-
[Quest] heukrang_gul 1층 — 싹쓸이 셈 시작 20 (heukrang_clear:none)
[Audio] BGM dungeon → dungeon_4.ogg
[Save] level 흑랑 굴 1층 → user://save_e2e.json (C:/Users/FORYOUCOM/AppData/Roaming/Godot/app_userdata/Joseon Hunters/wt/codex-554-item-window-contract/save_e2e.json)
[Dev] stairs StairsUp dir=-1 world=(44.5, 0.0, 56.5) screen=(593.7165, 335.9509)
[Dev] stairs StairsDown dir=1 world=(7.5, 0.0, 23.5) screen=(408.583, -1534.551)
[Dev] interact PusJar world=(29.5, 0.0, 42.5) screen=(547.433, -487.0705)
[Dev] interact @Area3D@77337 world=(14.5, 0.0, 24.5) screen=(686.2831, -1368.878)
[Dev] interact @Area3D@77338 world=(23.5, 0.0, 18.5) screen=(1380.534, -1288.714)
[Dev] interact LootChest world=(29.5, 0.0, 39.5) screen=(686.2831, -567.2349)
[Dev] interact @Area3D@77339 world=(40.5, 0.0, 38.5) screen=(1241.683, -300.0204)
[Dev] interact LootPot world=(21.5, 0.0, 43.5) screen=(130.8828, -674.1207)
[Dev] interact @Area3D@77340 world=(22.5, 0.0, 44.5) screen=(130.8829, -620.6779)
[Dev] interact @Area3D@77341 world=(19.5, 0.0, 9.5) screen=(1611.95, -1636.093)
[Dev] interact @Area3D@77342 world=(20.5, 0.0, 9.5) screen=(1658.234, -1609.372)
[Dev] interact @Area3D@77343 world=(44.5, 0.0, 51.5) screen=(825.1333, 154.2443)
[Dev] interact @Area3D@77344 world=(44.5, 0.0, 52.5) screen=(778.8499, 180.9657)
[Dev] interact @Area3D@77345 world=(21.5, 0.0, 39.5) screen=(316.0163, -781.0065)
[Dev] removed 20 enemies
[Dev] removed 1 enemies
[Dev] removed 1 enemies
E2E serpent_models PASS (검사 18)
[Audio] BGM town → town.ogg
[Save] level 못골 마을 → user://save_e2e.json (C:/Users/FORYOUCOM/AppData/Roaming/Godot/app_userdata/Joseon Hunters/wt/codex-554-item-window-contract/save_e2e.json)
[Dev] stairs DungeonEntrance dir=1 world=(0.0, 0.0, -31.0) screen=(2121.067, -492.4143)
[Dev] interact Merchant world=(5.4, 0.0, -2.4) screen=(1047.293, 368.0158)
[Dev] interact Shaman world=(-5.6, 0.0, 0.4) screen=(408.5833, 148.8999)
[Dev] interact Elder world=(2.0, 0.0, -5.6) screen=(1038.037, 191.6542)
[Dev] interact Jumo world=(7.1, 0.0, -1.4) screen=(1079.692, 440.1637)
[Dev] interact Waypoint world=(-4.2, 0.0, 2.2) screen=(390.0698, 234.4085)
E2E ▶ pus_jar
[Dev] item 화염부 world=(32.5, 0.0, 70.5) screen=(-1072.484, 3072.227)
[Dev] item 빙결부 world=(33.5, 0.0, 69.5) screen=(-979.9173, 3072.227)
[Field] deulnyeok seed=355022911 128x128 props=2252 packs=18 enemies=74 waypoint=(62, 65) roster=bandit,bat,talisman_master elites=["13:파란×4@구간3"]
[Audio] BGM dungeon → dungeon_3.ogg
[Save] level 못골 들녘 → user://save_e2e.json (C:/Users/FORYOUCOM/AppData/Roaming/Godot/app_userdata/Joseon Hunters/wt/codex-554-item-window-contract/save_e2e.json)
[Dev] stairs Down_cave dir=1 world=(88.5, 0.0, 3.5) screen=(7212.236, 897.1014)
[Dev] interact Waypoint world=(62.5, 0.0, 65.5) screen=(3139.301, 1810.974)
[Dev] interact FloorItem world=(32.5, 0.0, 70.5) screen=(1519.384, 1142.938)
[Dev] interact @Area3D@78006 world=(33.5, 0.0, 69.5) screen=(1611.95, 1142.938)
[Dev] interact PusJar world=(95.5, 0.0, 103.5) screen=(2907.884, 3708.197)
[Dev] interact @Area3D@78153 world=(101.5, 0.0, 105.5) screen=(3093.018, 3921.969)
[Dev] interact @Area3D@78154 world=(98.5, 0.0, 107.5) screen=(2861.601, 3895.247)
[Dev] interact LootChest world=(27.5, 0.0, 70.5) screen=(1287.967, 1009.331)
[Dev] interact @Area3D@78155 world=(94.5, 0.0, 100.5) screen=(3000.451, 3601.312)
[Dev] interact @Area3D@78156 world=(55.5, 0.0, 52.5) screen=(3417.001, 1276.545)
[Dev] interact LootPot world=(46.5, 0.0, 68.5) screen=(2259.917, 1463.595)
[Dev] interact @Area3D@78157 world=(73.5, 0.0, 47.5) screen=(4481.519, 1623.924)
[Dev] interact @Area3D@78158 world=(90.5, 0.0, 47.5) screen=(5268.335, 2078.189)
[Dev] interact @Area3D@78159 world=(111.5, 0.0, 49.5) screen=(6147.719, 2692.782)
[Dev] interact @Area3D@78160 world=(101.5, 0.0, 101.5) screen=(3278.151, 3815.083)
[Dev] interact @Area3D@78161 world=(86.5, 0.0, 76.5) screen=(3740.984, 2746.225)
[Dev] interact @Area3D@78162 world=(53.5, 0.0, 52.5) screen=(3324.434, 1223.102)
[Dev] interact @Area3D@78163 world=(87.5, 0.0, 95.5) screen=(2907.884, 3280.654)
[Dev] interact @Area3D@78164 world=(26.5, 0.0, 66.5) screen=(1426.817, 875.7234)
[Dev] interact @Area3D@78165 world=(17.5, 0.0, 60.5) screen=(1287.967, 474.9016)
[Dev] interact @Area3D@78166 world=(86.5, 0.0, 22.5) screen=(6240.286, 1303.266)
[Dev] interact @Area3D@78167 world=(59.5, 0.0, 65.5) screen=(3000.451, 1730.81)
[Dev] interact @Area3D@78168 world=(18.5, 0.0, 74.5) screen=(686.2832, 875.7234)
[Dev] interact @Area3D@78169 world=(44.5, 0.0, 69.5) screen=(2121.067, 1436.874)
[Dev] interact @Area3D@78170 world=(73.5, 0.0, 49.5) screen=(4388.952, 1677.367)
[Dev] interact @Area3D@78171 world=(88.5, 0.0, 52.5) screen=(4944.352, 2158.353)
[Dev] removed 74 enemies
[Click] world=(95.5, 0.0, 103.5) cell=(95, 103)
[Click] world=(102.5, 0.0, 105.5) cell=(102, 105)
[Click] world=(102.5, 0.0, 105.5) cell=(102, 105)
[Click] world=(102.5, 0.0, 105.5) cell=(102, 105)
[Dev] removed 1 enemies
[Dungeon] heukrang_gul 1층 lv=2 seed=403727558 gen 64x64 rooms=6 up=(44, 56) down=(7, 23) enemies=20 roster=bandit,bat,talisman_master elites=["방2:금색×3(깊이 0.50)"] named=-
[Quest] heukrang_gul 1층 — 싹쓸이 셈 시작 20 (heukrang_clear:none)
[Save] level 흑랑 굴 1층 → user://save_e2e.json (C:/Users/FORYOUCOM/AppData/Roaming/Godot/app_userdata/Joseon Hunters/wt/codex-554-item-window-contract/save_e2e.json)
[Dev] stairs StairsUp dir=-1 world=(44.5, 0.0, 56.5) screen=(593.7165, 335.9509)
[Dev] stairs StairsDown dir=1 world=(7.5, 0.0, 23.5) screen=(408.583, -1534.551)
[Dev] interact PusJar world=(29.5, 0.0, 42.5) screen=(547.433, -487.0705)
[Dev] interact @Area3D@78356 world=(14.5, 0.0, 24.5) screen=(686.2831, -1368.878)
[Dev] interact @Area3D@78357 world=(23.5, 0.0, 18.5) screen=(1380.534, -1288.714)
[Dev] interact LootChest world=(29.5, 0.0, 39.5) screen=(686.2831, -567.2349)
[Dev] interact @Area3D@78358 world=(40.5, 0.0, 38.5) screen=(1241.683, -300.0204)
[Dev] interact LootPot world=(21.5, 0.0, 43.5) screen=(130.8828, -674.1207)
[Dev] interact @Area3D@78359 world=(22.5, 0.0, 44.5) screen=(130.8829, -620.6779)
[Dev] interact @Area3D@78360 world=(19.5, 0.0, 9.5) screen=(1611.95, -1636.093)
[Dev] interact @Area3D@78361 world=(20.5, 0.0, 9.5) screen=(1658.234, -1609.372)
[Dev] interact @Area3D@78362 world=(44.5, 0.0, 51.5) screen=(825.1333, 154.2443)
[Dev] interact @Area3D@78363 world=(44.5, 0.0, 52.5) screen=(778.8499, 180.9657)
[Dev] interact @Area3D@78364 world=(21.5, 0.0, 39.5) screen=(316.0163, -781.0065)
[Dev] removed 20 enemies
E2E pus_jar PASS (검사 15)
[Audio] BGM town → town.ogg
[Save] level 못골 마을 → user://save_e2e.json (C:/Users/FORYOUCOM/AppData/Roaming/Godot/app_userdata/Joseon Hunters/wt/codex-554-item-window-contract/save_e2e.json)
[Dev] stairs DungeonEntrance dir=1 world=(0.0, 0.0, -31.0) screen=(2121.067, -492.4143)
[Dev] interact Merchant world=(5.4, 0.0, -2.4) screen=(1047.293, 368.0158)
[Dev] interact Shaman world=(-5.6, 0.0, 0.4) screen=(408.5833, 148.8999)
[Dev] interact Elder world=(2.0, 0.0, -5.6) screen=(1038.037, 191.6542)
[Dev] interact Jumo world=(7.1, 0.0, -1.4) screen=(1079.692, 440.1637)
[Dev] interact Waypoint world=(-4.2, 0.0, 2.2) screen=(390.0698, 234.4085)
E2E ▶ roles
[Dungeon] heukrang_gul 1층 lv=2 seed=403727558 gen 64x64 rooms=6 up=(44, 56) down=(7, 23) enemies=20 roster=bandit,bat,talisman_master elites=["방2:금색×3(깊이 0.50)"] named=-
[Quest] heukrang_gul 1층 — 싹쓸이 셈 시작 20 (heukrang_clear:none)
[Audio] BGM dungeon → dungeon_1.ogg
[Save] level 흑랑 굴 1층 → user://save_e2e.json (C:/Users/FORYOUCOM/AppData/Roaming/Godot/app_userdata/Joseon Hunters/wt/codex-554-item-window-contract/save_e2e.json)
[Dev] stairs StairsUp dir=-1 world=(44.5, 0.0, 56.5) screen=(593.7165, 335.9509)
[Dev] stairs StairsDown dir=1 world=(7.5, 0.0, 23.5) screen=(408.583, -1534.551)
[Dev] interact PusJar world=(29.5, 0.0, 42.5) screen=(547.433, -487.0705)
[Dev] interact @Area3D@78706 world=(14.5, 0.0, 24.5) screen=(686.2831, -1368.878)
[Dev] interact @Area3D@78707 world=(23.5, 0.0, 18.5) screen=(1380.534, -1288.714)
[Dev] interact LootChest world=(29.5, 0.0, 39.5) screen=(686.2831, -567.2349)
[Dev] interact @Area3D@78708 world=(40.5, 0.0, 38.5) screen=(1241.683, -300.0204)
[Dev] interact LootPot world=(21.5, 0.0, 43.5) screen=(130.8828, -674.1207)
[Dev] interact @Area3D@78709 world=(22.5, 0.0, 44.5) screen=(130.8829, -620.6779)
[Dev] interact @Area3D@78710 world=(19.5, 0.0, 9.5) screen=(1611.95, -1636.093)
[Dev] interact @Area3D@78711 world=(20.5, 0.0, 9.5) screen=(1658.234, -1609.372)
[Dev] interact @Area3D@78712 world=(44.5, 0.0, 51.5) screen=(825.1333, 154.2443)
[Dev] interact @Area3D@78713 world=(44.5, 0.0, 52.5) screen=(778.8499, 180.9657)
[Dev] interact @Area3D@78714 world=(21.5, 0.0, 39.5) screen=(316.0163, -781.0065)
[Dev] removed 20 enemies
[Kill] +8 xp (lv 1, 8/20)
[Dev] item 엽전 world=(23.75002, 0.0, 49.5) screen=(882.9899, 484.2592)
[Dev] item 미식별 무명띠 world=(23.75002, 0.0, 49.5) screen=(882.9899, 484.2592)
[Dev] removed 3 enemies
[Kill] +8 xp (lv 1, 16/20)
[Dev] item 엽전 world=(23.75002, 0.0, 49.5) screen=(697.8063, 377.3469)
[Dev] item 미식별 은가락지 world=(23.75002, 0.0, 49.5) screen=(697.8063, 377.3469)
[Dev] removed 2 enemies
[Dev] removed 4 enemies
[Dev] removed 1 enemies
[Kill] +8 xp (lv 2, 4/57)
[LevelUp] lv=2 stat_pts=5 skill_pts=1
[Dev] item 엽전 world=(25.45875, 0.0, 51.45875) screen=(684.6108, 472.3174)
[Dev] item 탕약 — 쌍화탕 world=(25.45875, 0.0, 51.45875) screen=(684.6108, 472.3174)
[Kill] +7 xp (lv 2, 11/57)
[Dev] item 엽전 world=(25.45875, 0.0, 47.54125) screen=(865.926, 367.636)
[Dev] item 무명띠 world=(25.45875, 0.0, 47.54125) screen=(865.926, 367.636)
[Audio] 같은 순간 같은 큐 상한(3) 넘침 — drop ×1 (버림 누계 662)
[Kill] +7 xp (lv 2, 18/57)
[Dev] item 엽전 world=(25.44782, 0.0, 52.02609) screen=(659.5204, 490.2418)
[Dev] removed 4 enemies
[Dev] removed 3 enemies
E2E roles PASS (검사 24)
[Audio] BGM town → town.ogg
[Save] level 못골 마을 → user://save_e2e.json (C:/Users/FORYOUCOM/AppData/Roaming/Godot/app_userdata/Joseon Hunters/wt/codex-554-item-window-contract/save_e2e.json)
[Dev] stairs DungeonEntrance dir=1 world=(0.0, 0.0, -31.0) screen=(2121.067, -492.4143)
[Dev] interact Merchant world=(5.4, 0.0, -2.4) screen=(1047.293, 368.0158)
[Dev] interact Shaman world=(-5.6, 0.0, 0.4) screen=(408.5833, 148.8999)
[Dev] interact Elder world=(2.0, 0.0, -5.6) screen=(1038.037, 191.6542)
[Dev] interact Jumo world=(7.1, 0.0, -1.4) screen=(1079.692, 440.1637)
[Dev] interact Waypoint world=(-4.2, 0.0, 2.2) screen=(390.0698, 234.4085)
E2E ▶ roster_swap
[Field] jeongnyeongjae seed=4209161164 128x176 props=2920 packs=14 enemies=72 waypoint=(63, 70) roster=hwajeok,vampire_bat,locust | hwajeok,hollin_yeogung_bow,gaekgwi elites=["9:파란×3@구간2", "13:금색×5@구간3"]
[Audio] BGM dungeon → dungeon_2.ogg
[Save] level 정령재 → user://save_e2e.json (C:/Users/FORYOUCOM/AppData/Roaming/Godot/app_userdata/Joseon Hunters/wt/codex-554-item-window-contract/save_e2e.json)
[Dev] stairs Down_cave dir=1 world=(60.5, 0.0, 3.5) screen=(9896.671, -2149.144)
[Dev] stairs Down_mine dir=1 world=(125.5, 0.0, 70.5) screen=(9804.104, 1378.087)
[Dev] interact Waypoint world=(63.5, 0.0, 70.5) screen=(6934.536, -326.7419)
[Dev] interact LootChest world=(81.5, 0.0, 33.5) screen=(9480.121, -834.4496)
[Dev] interact @Area3D@80302 world=(83.5, 0.0, 69.5) screen=(7906.486, 180.9658)
[Dev] interact @Area3D@80303 world=(33.5, 0.0, 104.5) screen=(3972.401, -219.856)
[Dev] interact LootPot world=(70.5, 0.0, 57.5) screen=(7860.203, -487.0704)
[Dev] interact @Area3D@80304 world=(28.5, 0.0, 135.5) screen=(2306.201, 474.9017)
[Dev] interact @Area3D@80305 world=(20.5, 0.0, 44.5) screen=(6147.719, -2170.522)
[Dev] interact @Area3D@80306 world=(80.5, 0.0, 35.5) screen=(9341.271, -807.7279)
[Dev] interact @Area3D@80307 world=(48.5, 0.0, 73.5) screen=(6101.436, -647.3992)
[Dev] interact @Area3D@80308 world=(10.5, 0.0, 129.5) screen=(1750.8, -166.4132)
[Dev] interact @Area3D@80309 world=(32.5, 0.0, 59.5) screen=(6008.869, -1449.043)
[Dev] interact @Area3D@80310 world=(30.5, 0.0, 109.5) screen=(3602.134, -166.4132)
[Dev] interact @Area3D@80311 world=(72.5, 0.0, 89.5) screen=(6471.703, 421.4588)
[Dev] interact @Area3D@80312 world=(105.5, 0.0, 24.5) screen=(11007.47, -433.6276)
[Dev] interact @Area3D@80313 world=(87.5, 0.0, 97.5) screen=(6795.686, 1036.052)
[Dev] interact @Area3D@80314 world=(85.5, 0.0, 71.5) screen=(7906.487, 287.8515)
[Dev] interact @Area3D@80315 world=(99.5, 0.0, 124.5) screen=(6101.436, 2078.189)
[Dev] interact @Area3D@80316 world=(68.5, 0.0, 19.5) screen=(9526.404, -1555.929)
[Dev] interact @Area3D@80317 world=(31.5, 0.0, 103.5) screen=(3926.118, -300.0204)
[Dev] interact @Area3D@80318 world=(38.5, 0.0, 122.5) screen=(3370.718, 394.7373)
[Dev] removed 72 enemies
[Dev] removed 1 enemies
[Dev] removed 1 enemies
[Dev] removed 2 enemies
[Kill] +15 xp (lv 1, 15/20)
[Dev] item 식별부 world=(32.18334, 0.0, 51.5) screen=(764.1938, 442.4122)
[Dev] removed 3 enemies
[Dev] removed 1 enemies
[Dev] 역할 달구지꾼 (cart_puller) · 흘리는 자 · 무리 1148 · Lv4 · 생명 41
[Dev] 역할 봉화지기 (beacon_keeper) · 부르는 자 · 무리 1148 · Lv4 · 생명 36
[Dev] 역할 지킴 술사 (guard_master) · 지키는 자 · 무리 1148 · Lv4 · 생명 45
[Dev] removed 3 enemies
E2E roster_swap PASS (검사 19)
[Audio] BGM town → town.ogg
[Save] level 못골 마을 → user://save_e2e.json (C:/Users/FORYOUCOM/AppData/Roaming/Godot/app_userdata/Joseon Hunters/wt/codex-554-item-window-contract/save_e2e.json)
[Dev] stairs DungeonEntrance dir=1 world=(0.0, 0.0, -31.0) screen=(2121.067, -492.4143)
[Dev] interact Merchant world=(5.4, 0.0, -2.4) screen=(1047.293, 368.0158)
[Dev] interact Shaman world=(-5.6, 0.0, 0.4) screen=(408.5833, 148.8999)
[Dev] interact Elder world=(2.0, 0.0, -5.6) screen=(1038.037, 191.6542)
[Dev] interact Jumo world=(7.1, 0.0, -1.4) screen=(1079.692, 440.1637)
[Dev] interact Waypoint world=(-4.2, 0.0, 2.2) screen=(390.0698, 234.4085)
E2E ▶ gimmicks_m10
[Dungeon] heukrang_gul 1층 lv=2 seed=403727558 gen 64x64 rooms=6 up=(44, 56) down=(7, 23) enemies=20 roster=bandit,bat,talisman_master elites=["방2:금색×3(깊이 0.50)"] named=-
[Quest] heukrang_gul 1층 — 싹쓸이 셈 시작 20 (heukrang_clear:none)
[Audio] BGM dungeon → dungeon_1.ogg
[Save] level 흑랑 굴 1층 → user://save_e2e.json (C:/Users/FORYOUCOM/AppData/Roaming/Godot/app_userdata/Joseon Hunters/wt/codex-554-item-window-contract/save_e2e.json)
[Dev] stairs StairsUp dir=-1 world=(44.5, 0.0, 56.5) screen=(593.7165, 335.9509)
[Dev] stairs StairsDown dir=1 world=(7.5, 0.0, 23.5) screen=(408.583, -1534.551)
[Dev] interact PusJar world=(29.5, 0.0, 42.5) screen=(547.433, -487.0705)
[Dev] interact @Area3D@80672 world=(14.5, 0.0, 24.5) screen=(686.2831, -1368.878)
[Dev] interact @Area3D@80673 world=(23.5, 0.0, 18.5) screen=(1380.534, -1288.714)
[Dev] interact LootChest world=(29.5, 0.0, 39.5) screen=(686.2831, -567.2349)
[Dev] interact @Area3D@80674 world=(40.5, 0.0, 38.5) screen=(1241.683, -300.0204)
[Dev] interact LootPot world=(21.5, 0.0, 43.5) screen=(130.8828, -674.1207)
[Dev] interact @Area3D@80675 world=(22.5, 0.0, 44.5) screen=(130.8829, -620.6779)
[Dev] interact @Area3D@80676 world=(19.5, 0.0, 9.5) screen=(1611.95, -1636.093)
[Dev] interact @Area3D@80677 world=(20.5, 0.0, 9.5) screen=(1658.234, -1609.372)
[Dev] interact @Area3D@80678 world=(44.5, 0.0, 51.5) screen=(825.1333, 154.2443)
[Dev] interact @Area3D@80679 world=(44.5, 0.0, 52.5) screen=(778.8499, 180.9657)
[Dev] interact @Area3D@80680 world=(21.5, 0.0, 39.5) screen=(316.0163, -781.0065)
[Dev] removed 20 enemies
[Dev] removed 1 enemies
[Kill] +8 xp (lv 1, 8/20)
[Dev] item 화염부 world=(25.15, 0.0, 49.5) screen=(756.4719, 411.2857)
[Save] quest → user://save_e2e.json (C:/Users/FORYOUCOM/AppData/Roaming/Godot/app_userdata/Joseon Hunters/wt/codex-554-item-window-contract/save_e2e.json)
[Quest] heukrang_clear 싹쓸이 완료 (none → killed)
[Kill] +8 xp (lv 1, 16/20)
[Dev] item 누비옷 world=(25.45967, 0.0, 51.46926) screen=(685.838, 475.6803)
[Dev] item 영약 — 생맥산 world=(25.45967, 0.0, 51.46926) screen=(685.838, 475.6803)
[Dev] item 괴황지 world=(25.45967, 0.0, 51.46926) screen=(685.838, 475.6803)
[Dev] removed 2 enemies
[Kill] +8 xp (lv 2, 4/57)
[LevelUp] lv=2 stat_pts=5 skill_pts=1
[Dev] item 엽전 world=(25.25251, 0.0, 49.74749) screen=(755.9407, 424.1717)
[Dev] removed 2 enemies
  · 끌림 실측 3.350u (정격 3.350 = 4.30 − 몸 0.35 − stop 0.6)
[Dev] removed 1 enemies
[Dev] removed 1 enemies
[Dev] removed 1 enemies
[Dev] removed 1 enemies
[Dev] removed 1 enemies
E2E gimmicks_m10 PASS (검사 23)
[Audio] BGM town → town.ogg
[Save] level 못골 마을 → user://save_e2e.json (C:/Users/FORYOUCOM/AppData/Roaming/Godot/app_userdata/Joseon Hunters/wt/codex-554-item-window-contract/save_e2e.json)
[Dev] stairs DungeonEntrance dir=1 world=(0.0, 0.0, -31.0) screen=(2121.067, -492.4143)
[Dev] interact Merchant world=(5.4, 0.0, -2.4) screen=(1047.293, 368.0158)
[Dev] interact Shaman world=(-5.6, 0.0, 0.4) screen=(408.5833, 148.8999)
[Dev] interact Elder world=(2.0, 0.0, -5.6) screen=(1038.037, 191.6542)
[Dev] interact Jumo world=(7.1, 0.0, -1.4) screen=(1079.692, 440.1637)
[Dev] interact Waypoint world=(-4.2, 0.0, 2.2) screen=(390.0698, 234.4085)
E2E ▶ behaviors_m9
[Dungeon] heukrang_gul 1층 lv=2 seed=403727558 gen 64x64 rooms=6 up=(44, 56) down=(7, 23) enemies=20 roster=bandit,bat,talisman_master elites=["방2:금색×3(깊이 0.50)"] named=-
[Quest] heukrang_gul 1층 — 싹쓸이 셈 시작 20 (heukrang_clear:none)
[Audio] BGM dungeon → dungeon_3.ogg
[Save] level 흑랑 굴 1층 → user://save_e2e.json (C:/Users/FORYOUCOM/AppData/Roaming/Godot/app_userdata/Joseon Hunters/wt/codex-554-item-window-contract/save_e2e.json)
[Dev] stairs StairsUp dir=-1 world=(44.5, 0.0, 56.5) screen=(593.7165, 335.9509)
[Dev] stairs StairsDown dir=1 world=(7.5, 0.0, 23.5) screen=(408.583, -1534.551)
[Dev] interact PusJar world=(29.5, 0.0, 42.5) screen=(547.433, -487.0705)
[Dev] interact @Area3D@81050 world=(14.5, 0.0, 24.5) screen=(686.2831, -1368.878)
[Dev] interact @Area3D@81051 world=(23.5, 0.0, 18.5) screen=(1380.534, -1288.714)
[Dev] interact LootChest world=(29.5, 0.0, 39.5) screen=(686.2831, -567.2349)
[Dev] interact @Area3D@81052 world=(40.5, 0.0, 38.5) screen=(1241.683, -300.0204)
[Dev] interact LootPot world=(21.5, 0.0, 43.5) screen=(130.8828, -674.1207)
[Dev] interact @Area3D@81053 world=(22.5, 0.0, 44.5) screen=(130.8829, -620.6779)
[Dev] interact @Area3D@81054 world=(19.5, 0.0, 9.5) screen=(1611.95, -1636.093)
[Dev] interact @Area3D@81055 world=(20.5, 0.0, 9.5) screen=(1658.234, -1609.372)
[Dev] interact @Area3D@81056 world=(44.5, 0.0, 51.5) screen=(825.1333, 154.2443)
[Dev] interact @Area3D@81057 world=(44.5, 0.0, 52.5) screen=(778.8499, 180.9657)
[Dev] interact @Area3D@81058 world=(21.5, 0.0, 39.5) screen=(316.0163, -781.0065)
[Dev] removed 20 enemies
  · ① 선 자리 거리 들개 6.0 · 넋 6.0 · 혼불 6.0
  · ① 도호 쪽 빠르기 들개 4.50 · 넋 2.34 · 혼불 4.62 · 넋 흔들림 최대 53°
[Dev] removed 3 enemies
[Dev] removed 1 enemies
[Kill] +6 xp (lv 1, 6/20)
[Dev] item 괴황지 world=(22.5, 0.0, 45.05164) screen=(845.8849, 225.1063)
[Save] quest → user://save_e2e.json (C:/Users/FORYOUCOM/AppData/Roaming/Godot/app_userdata/Joseon Hunters/wt/codex-554-item-window-contract/save_e2e.json)
[Quest] heukrang_clear 싹쓸이 완료 (none → killed)
[Dev] removed 1 enemies
E2E behaviors_m9 PASS (검사 13)
[Audio] BGM town → town.ogg
[Save] level 못골 마을 → user://save_e2e.json (C:/Users/FORYOUCOM/AppData/Roaming/Godot/app_userdata/Joseon Hunters/wt/codex-554-item-window-contract/save_e2e.json)
[Dev] stairs DungeonEntrance dir=1 world=(0.0, 0.0, -31.0) screen=(2121.067, -492.4143)
[Dev] interact Merchant world=(5.4, 0.0, -2.4) screen=(1047.293, 368.0158)
[Dev] interact Shaman world=(-5.6, 0.0, 0.4) screen=(408.5833, 148.8999)
[Dev] interact Elder world=(2.0, 0.0, -5.6) screen=(1038.037, 191.6542)
[Dev] interact Jumo world=(7.1, 0.0, -1.4) screen=(1079.692, 440.1637)
[Dev] interact Waypoint world=(-4.2, 0.0, 2.2) screen=(390.0698, 234.4085)
E2E ▶ female_f1
[Field] jeongnyeongjae seed=3599041059 128x176 props=2821 packs=13 enemies=72 waypoint=(61, 66) roster=hwajeok,vampire_bat,lightning_master | hwajeok,hollin_yeogung_bow,gaekgwi elites=["8:금색×3@구간2", "10:금색×3@구간3"]
[Audio] BGM dungeon → dungeon_2.ogg
[Save] level 정령재 → user://save_e2e.json (C:/Users/FORYOUCOM/AppData/Roaming/Godot/app_userdata/Joseon Hunters/wt/codex-554-item-window-contract/save_e2e.json)
[Dev] stairs Down_cave dir=1 world=(60.5, 0.0, 3.5) screen=(9896.671, -2149.144)
[Dev] stairs Down_mine dir=1 world=(125.5, 0.0, 70.5) screen=(9804.104, 1378.087)
[Dev] interact Waypoint world=(61.5, 0.0, 66.5) screen=(7027.103, -487.0706)
[Dev] interact LootChest world=(5.5, 0.0, 141.5) screen=(963.9833, 20.637)
[Dev] interact @Area3D@82598 world=(26.5, 0.0, 123.5) screen=(2769.034, 100.8014)
[Dev] interact @Area3D@82599 world=(61.5, 0.0, 88.5) screen=(6008.868, 100.8013)
[Dev] interact @Area3D@82600 world=(82.5, 0.0, 48.5) screen=(8832.153, -406.9061)
[Dev] interact LootPot world=(70.5, 0.0, 9.5) screen=(10081.8, -1769.7)
[Dev] interact @Area3D@82601 world=(59.5, 0.0, 82.5) screen=(6194.002, -112.9702)
[Dev] interact @Area3D@82602 world=(39.5, 0.0, 58.5) screen=(6379.136, -1288.714)
[Dev] interact @Area3D@82603 world=(32.5, 0.0, 37.5) screen=(7027.103, -2036.915)
[Dev] interact @Area3D@82604 world=(30.5, 0.0, 123.5) screen=(2954.168, 207.6872)
[Dev] interact @Area3D@82605 world=(96.5, 0.0, 125.5) screen=(5916.303, 2024.746)
[Dev] interact @Area3D@82606 world=(89.5, 0.0, 59.5) screen=(8647.021, 74.08006)
[Dev] interact @Area3D@82607 world=(22.5, 0.0, 41.5) screen=(6379.136, -2197.243)
[Dev] interact @Area3D@82608 world=(56.5, 0.0, 51.5) screen=(7489.937, -1021.5)
[Dev] interact @Area3D@82609 world=(7.5, 0.0, 142.5) screen=(1010.267, 100.8013)
[Dev] interact @Area3D@82610 world=(101.5, 0.0, 72.5) screen=(8600.737, 742.1163)
[Dev] interact @Area3D@82611 world=(77.5, 0.0, 34.5) screen=(9248.703, -914.6136)
[Dev] removed 73 enemies
E2E female_f1 PASS (검사 7)
[Audio] BGM town → town.ogg
[Save] level 못골 마을 → user://save_e2e.json (C:/Users/FORYOUCOM/AppData/Roaming/Godot/app_userdata/Joseon Hunters/wt/codex-554-item-window-contract/save_e2e.json)
[Dev] stairs DungeonEntrance dir=1 world=(0.0, 0.0, -31.0) screen=(2121.067, -492.4143)
[Dev] interact Merchant world=(5.4, 0.0, -2.4) screen=(1047.293, 368.0158)
[Dev] interact Shaman world=(-5.6, 0.0, 0.4) screen=(408.5833, 148.8999)
[Dev] interact Elder world=(2.0, 0.0, -5.6) screen=(1038.037, 191.6542)
[Dev] interact Jumo world=(7.1, 0.0, -1.4) screen=(1079.692, 440.1637)
[Dev] interact Waypoint world=(-4.2, 0.0, 2.2) screen=(390.0698, 234.4085)
E2E ▶ female_float
[Field] jeongnyeongjae seed=3599041059 128x176 props=2821 packs=13 enemies=72 waypoint=(61, 66) roster=hwajeok,vampire_bat,lightning_master | hwajeok,hollin_yeogung_bow,gaekgwi elites=["8:금색×3@구간2", "10:금색×3@구간3"]
[Audio] BGM dungeon → dungeon_4.ogg
[Save] level 정령재 → user://save_e2e.json (C:/Users/FORYOUCOM/AppData/Roaming/Godot/app_userdata/Joseon Hunters/wt/codex-554-item-window-contract/save_e2e.json)
[Dev] stairs Down_cave dir=1 world=(60.5, 0.0, 3.5) screen=(9896.671, -2149.144)
[Dev] stairs Down_mine dir=1 world=(125.5, 0.0, 70.5) screen=(9804.104, 1378.087)
[Dev] interact Waypoint world=(61.5, 0.0, 66.5) screen=(7027.103, -487.0706)
[Dev] interact LootChest world=(5.5, 0.0, 141.5) screen=(963.9833, 20.637)
[Dev] interact @Area3D@84143 world=(26.5, 0.0, 123.5) screen=(2769.034, 100.8014)
[Dev] interact @Area3D@84144 world=(61.5, 0.0, 88.5) screen=(6008.868, 100.8013)
[Dev] interact @Area3D@84145 world=(82.5, 0.0, 48.5) screen=(8832.153, -406.9061)
[Dev] interact LootPot world=(70.5, 0.0, 9.5) screen=(10081.8, -1769.7)
[Dev] interact @Area3D@84146 world=(59.5, 0.0, 82.5) screen=(6194.002, -112.9702)
[Dev] interact @Area3D@84147 world=(39.5, 0.0, 58.5) screen=(6379.136, -1288.714)
[Dev] interact @Area3D@84148 world=(32.5, 0.0, 37.5) screen=(7027.103, -2036.915)
[Dev] interact @Area3D@84149 world=(30.5, 0.0, 123.5) screen=(2954.168, 207.6872)
[Dev] interact @Area3D@84150 world=(96.5, 0.0, 125.5) screen=(5916.303, 2024.746)
[Dev] interact @Area3D@84151 world=(89.5, 0.0, 59.5) screen=(8647.021, 74.08006)
[Dev] interact @Area3D@84152 world=(22.5, 0.0, 41.5) screen=(6379.136, -2197.243)
[Dev] interact @Area3D@84153 world=(56.5, 0.0, 51.5) screen=(7489.937, -1021.5)
[Dev] interact @Area3D@84154 world=(7.5, 0.0, 142.5) screen=(1010.267, 100.8013)
[Dev] interact @Area3D@84155 world=(101.5, 0.0, 72.5) screen=(8600.737, 742.1163)
[Dev] interact @Area3D@84156 world=(77.5, 0.0, 34.5) screen=(9248.703, -914.6136)
[Dev] removed 76 enemies
E2E female_float PASS (검사 5)
[Audio] BGM town → town.ogg
[Save] level 못골 마을 → user://save_e2e.json (C:/Users/FORYOUCOM/AppData/Roaming/Godot/app_userdata/Joseon Hunters/wt/codex-554-item-window-contract/save_e2e.json)
[Dev] stairs DungeonEntrance dir=1 world=(0.0, 0.0, -31.0) screen=(2121.067, -492.4143)
[Dev] interact Merchant world=(5.4, 0.0, -2.4) screen=(1047.293, 368.0158)
[Dev] interact Shaman world=(-5.6, 0.0, 0.4) screen=(408.5833, 148.8999)
[Dev] interact Elder world=(2.0, 0.0, -5.6) screen=(1038.037, 191.6542)
[Dev] interact Jumo world=(7.1, 0.0, -1.4) screen=(1079.692, 440.1637)
[Dev] interact Waypoint world=(-4.2, 0.0, 2.2) screen=(390.0698, 234.4085)
E2E ▶ m14_models
[Field] jeongnyeongjae seed=3599041059 128x176 props=2821 packs=13 enemies=72 waypoint=(61, 66) roster=hwajeok,vampire_bat,lightning_master | hwajeok,hollin_yeogung_bow,gaekgwi elites=["8:금색×3@구간2", "10:금색×3@구간3"]
[Audio] BGM dungeon → dungeon_1.ogg
[Save] level 정령재 → user://save_e2e.json (C:/Users/FORYOUCOM/AppData/Roaming/Godot/app_userdata/Joseon Hunters/wt/codex-554-item-window-contract/save_e2e.json)
[Dev] stairs Down_cave dir=1 world=(60.5, 0.0, 3.5) screen=(9896.671, -2149.144)
[Dev] stairs Down_mine dir=1 world=(125.5, 0.0, 70.5) screen=(9804.104, 1378.087)
[Dev] interact Waypoint world=(61.5, 0.0, 66.5) screen=(7027.103, -487.0706)
[Dev] interact LootChest world=(5.5, 0.0, 141.5) screen=(963.9833, 20.637)
[Dev] interact @Area3D@85690 world=(26.5, 0.0, 123.5) screen=(2769.034, 100.8014)
[Dev] interact @Area3D@85691 world=(61.5, 0.0, 88.5) screen=(6008.868, 100.8013)
[Dev] interact @Area3D@85692 world=(82.5, 0.0, 48.5) screen=(8832.153, -406.9061)
[Dev] interact LootPot world=(70.5, 0.0, 9.5) screen=(10081.8, -1769.7)
[Dev] interact @Area3D@85693 world=(59.5, 0.0, 82.5) screen=(6194.002, -112.9702)
[Dev] interact @Area3D@85694 world=(39.5, 0.0, 58.5) screen=(6379.136, -1288.714)
[Dev] interact @Area3D@85695 world=(32.5, 0.0, 37.5) screen=(7027.103, -2036.915)
[Dev] interact @Area3D@85696 world=(30.5, 0.0, 123.5) screen=(2954.168, 207.6872)
[Dev] interact @Area3D@85697 world=(96.5, 0.0, 125.5) screen=(5916.303, 2024.746)
[Dev] interact @Area3D@85698 world=(89.5, 0.0, 59.5) screen=(8647.021, 74.08006)
[Dev] interact @Area3D@85699 world=(22.5, 0.0, 41.5) screen=(6379.136, -2197.243)
[Dev] interact @Area3D@85700 world=(56.5, 0.0, 51.5) screen=(7489.937, -1021.5)
[Dev] interact @Area3D@85701 world=(7.5, 0.0, 142.5) screen=(1010.267, 100.8013)
[Dev] interact @Area3D@85702 world=(101.5, 0.0, 72.5) screen=(8600.737, 742.1163)
[Dev] interact @Area3D@85703 world=(77.5, 0.0, 34.5) screen=(9248.703, -914.6136)
[Dev] removed 72 enemies
  · 줄 가운데 = (76.5, 0.0, 74.5) (서낭단 닻 (64, 66))
  · 모양: hollin_yeogung_bow=hollin_yeogung, hollin_yeogung_spear=hollin_yeogung_spear, plague_dog=plague_dog, honbul=honbul, tteodoneun_neok=sobok_gwisin, gaekgwi=sobok_gwisin, mulgwishin=sobok_gwisin, nachalnyeo=nachalnyeo
[Dev] removed 8 enemies
E2E m14_models PASS (검사 13)
[Audio] BGM town → town.ogg
[Save] level 못골 마을 → user://save_e2e.json (C:/Users/FORYOUCOM/AppData/Roaming/Godot/app_userdata/Joseon Hunters/wt/codex-554-item-window-contract/save_e2e.json)
[Dev] stairs DungeonEntrance dir=1 world=(0.0, 0.0, -31.0) screen=(2121.067, -492.4143)
[Dev] interact Merchant world=(5.4, 0.0, -2.4) screen=(1047.293, 368.0158)
[Dev] interact Shaman world=(-5.6, 0.0, 0.4) screen=(408.5833, 148.8999)
[Dev] interact Elder world=(2.0, 0.0, -5.6) screen=(1038.037, 191.6542)
[Dev] interact Jumo world=(7.1, 0.0, -1.4) screen=(1079.692, 440.1637)
[Dev] interact Waypoint world=(-4.2, 0.0, 2.2) screen=(390.0698, 234.4085)
E2E ▶ leader_options
[Dungeon] heukrang_gul 1층 lv=2 seed=403727558 gen 64x64 rooms=6 up=(44, 56) down=(7, 23) enemies=20 roster=bandit,bat,talisman_master elites=["방2:금색×3(깊이 0.50)"] named=-
[Quest] heukrang_gul 1층 — 싹쓸이 셈 시작 20 (heukrang_clear:none)
[Audio] BGM dungeon → dungeon_4.ogg
[Save] level 흑랑 굴 1층 → user://save_e2e.json (C:/Users/FORYOUCOM/AppData/Roaming/Godot/app_userdata/Joseon Hunters/wt/codex-554-item-window-contract/save_e2e.json)
[Dev] stairs StairsUp dir=-1 world=(44.5, 0.0, 56.5) screen=(593.7165, 335.9509)
[Dev] stairs StairsDown dir=1 world=(7.5, 0.0, 23.5) screen=(408.583, -1534.551)
[Dev] interact PusJar world=(29.5, 0.0, 42.5) screen=(547.433, -487.0705)
[Dev] interact @Area3D@86055 world=(14.5, 0.0, 24.5) screen=(686.2831, -1368.878)
[Dev] interact @Area3D@86056 world=(23.5, 0.0, 18.5) screen=(1380.534, -1288.714)
[Dev] interact LootChest world=(29.5, 0.0, 39.5) screen=(686.2831, -567.2349)
[Dev] interact @Area3D@86057 world=(40.5, 0.0, 38.5) screen=(1241.683, -300.0204)
[Dev] interact LootPot world=(21.5, 0.0, 43.5) screen=(130.8828, -674.1207)
[Dev] interact @Area3D@86058 world=(22.5, 0.0, 44.5) screen=(130.8829, -620.6779)
[Dev] interact @Area3D@86059 world=(19.5, 0.0, 9.5) screen=(1611.95, -1636.093)
[Dev] interact @Area3D@86060 world=(20.5, 0.0, 9.5) screen=(1658.234, -1609.372)
[Dev] interact @Area3D@86061 world=(44.5, 0.0, 51.5) screen=(825.1333, 154.2443)
[Dev] interact @Area3D@86062 world=(44.5, 0.0, 52.5) screen=(778.8499, 180.9657)
[Dev] interact @Area3D@86063 world=(21.5, 0.0, 39.5) screen=(316.0163, -781.0065)
[Dev] removed 20 enemies
[Kill] +55 xp (lv 2, 35/57)
[LevelUp] lv=2 stat_pts=5 skill_pts=1
[Dev] item 엽전 world=(24.5, 0.0, 49.5) screen=(732.5665, 399.2852)
[Dev] item 엽전 world=(24.5, 0.0, 49.5) screen=(732.5665, 399.2852)
[Dev] item 상품 무명옷 world=(24.5, 0.0, 49.5) screen=(732.5665, 399.2852)
[Save] quest → user://save_e2e.json (C:/Users/FORYOUCOM/AppData/Roaming/Godot/app_userdata/Joseon Hunters/wt/codex-554-item-window-contract/save_e2e.json)
[Quest] heukrang_clear 싹쓸이 완료 (none → killed)
[Dev] removed 1 enemies
  · 축지 — 도호 곁 1.94칸 · 맞고 옆으로 4.47칸 (잣대 2.29~5.71)
[Dev] removed 1 enemies
[Dev] removed 1 enemies
[Dev] removed 1 enemies
[Dev] removed 1 enemies
[Kill] +53 xp (lv 3, 31/104)
[LevelUp] lv=3 stat_pts=10 skill_pts=2
[Dev] item 철검 world=(24.13776, 0.0, 49.5388) screen=(714.0049, 388.7731)
[Dev] item 미식별 가죽신 world=(24.13776, 0.0, 49.5388) screen=(714.0049, 388.7731)
[Dev] item 미식별 짚신 world=(24.13776, 0.0, 49.5388) screen=(714.0049, 388.7731)
[Dev] removed 3 enemies
E2E leader_options PASS (검사 20)
[Audio] BGM town → town.ogg
[Save] level 못골 마을 → user://save_e2e.json (C:/Users/FORYOUCOM/AppData/Roaming/Godot/app_userdata/Joseon Hunters/wt/codex-554-item-window-contract/save_e2e.json)
[Dev] stairs DungeonEntrance dir=1 world=(0.0, 0.0, -31.0) screen=(2121.067, -492.4143)
[Dev] interact Merchant world=(5.4, 0.0, -2.4) screen=(1047.293, 368.0158)
[Dev] interact Shaman world=(-5.6, 0.0, 0.4) screen=(408.5833, 148.8999)
[Dev] interact Elder world=(2.0, 0.0, -5.6) screen=(1038.037, 191.6542)
[Dev] interact Jumo world=(7.1, 0.0, -1.4) screen=(1079.692, 440.1637)
[Dev] interact Waypoint world=(-4.2, 0.0, 2.2) screen=(390.0698, 234.4085)
E2E ▶ surround
[Dungeon] heukrang_gul 1층 lv=2 seed=403727558 gen 64x64 rooms=6 up=(44, 56) down=(7, 23) enemies=20 roster=bandit,bat,talisman_master elites=["방2:금색×3(깊이 0.50)"] named=-
[Quest] heukrang_gul 1층 — 싹쓸이 셈 시작 20 (heukrang_clear:none)
[Audio] BGM dungeon → dungeon_2.ogg
[Save] level 흑랑 굴 1층 → user://save_e2e.json (C:/Users/FORYOUCOM/AppData/Roaming/Godot/app_userdata/Joseon Hunters/wt/codex-554-item-window-contract/save_e2e.json)
[Dev] stairs StairsUp dir=-1 world=(44.5, 0.0, 56.5) screen=(593.7165, 335.9509)
[Dev] stairs StairsDown dir=1 world=(7.5, 0.0, 23.5) screen=(408.583, -1534.551)
[Dev] interact PusJar world=(29.5, 0.0, 42.5) screen=(547.433, -487.0705)
[Dev] interact @Area3D@86430 world=(14.5, 0.0, 24.5) screen=(686.2831, -1368.878)
[Dev] interact @Area3D@86431 world=(23.5, 0.0, 18.5) screen=(1380.534, -1288.714)
[Dev] interact LootChest world=(29.5, 0.0, 39.5) screen=(686.2831, -567.2349)
[Dev] interact @Area3D@86432 world=(40.5, 0.0, 38.5) screen=(1241.683, -300.0204)
[Dev] interact LootPot world=(21.5, 0.0, 43.5) screen=(130.8828, -674.1207)
[Dev] interact @Area3D@86433 world=(22.5, 0.0, 44.5) screen=(130.8829, -620.6779)
[Dev] interact @Area3D@86434 world=(19.5, 0.0, 9.5) screen=(1611.95, -1636.093)
[Dev] interact @Area3D@86435 world=(20.5, 0.0, 9.5) screen=(1658.234, -1609.372)
[Dev] interact @Area3D@86436 world=(44.5, 0.0, 51.5) screen=(825.1333, 154.2443)
[Dev] interact @Area3D@86437 world=(44.5, 0.0, 52.5) screen=(778.8499, 180.9657)
[Dev] interact @Area3D@86438 world=(21.5, 0.0, 39.5) screen=(316.0163, -781.0065)
[Dev] removed 20 enemies
[Audio] 같은 순간 같은 큐 상한(3) 넘침 — bandit_attack ×1 (버림 누계 663)
  · 제 자리 0.5u 안 9 (무리가 8 넘은 아홉째는 더 걸어야 하는 바깥 자리 포함)
[Kill] +8 xp (lv 1, 8/20)
[Dev] item 엽전 world=(23.78178, 0.0, 49.5142) screen=(698.6679, 378.6185)
[Dev] item 영약 — 생맥산 world=(23.78178, 0.0, 49.5142) screen=(698.6679, 378.6185)
[Dev] removed 17 enemies
[Dev] removed 4 enemies
[Dev] removed 1 enemies
E2E surround PASS (검사 7)
[Audio] BGM town → town.ogg
[Save] level 못골 마을 → user://save_e2e.json (C:/Users/FORYOUCOM/AppData/Roaming/Godot/app_userdata/Joseon Hunters/wt/codex-554-item-window-contract/save_e2e.json)
[Dev] stairs DungeonEntrance dir=1 world=(0.0, 0.0, -31.0) screen=(2121.067, -492.4143)
[Dev] interact Merchant world=(5.4, 0.0, -2.4) screen=(1047.293, 368.0158)
[Dev] interact Shaman world=(-5.6, 0.0, 0.4) screen=(408.5833, 148.8999)
[Dev] interact Elder world=(2.0, 0.0, -5.6) screen=(1038.037, 191.6542)
[Dev] interact Jumo world=(7.1, 0.0, -1.4) screen=(1079.692, 440.1637)
[Dev] interact Waypoint world=(-4.2, 0.0, 2.2) screen=(390.0698, 234.4085)
E2E ▶ weapon_visibility
[Click] world=(-2.497103, 0.000002, -4.497103) cell=(-3, -5)
E2E weapon_visibility PASS (검사 25)
[Save] level 못골 마을 → user://save_e2e.json (C:/Users/FORYOUCOM/AppData/Roaming/Godot/app_userdata/Joseon Hunters/wt/codex-554-item-window-contract/save_e2e.json)
[Dev] stairs DungeonEntrance dir=1 world=(0.0, 0.0, -31.0) screen=(2121.067, -492.4143)
[Dev] interact Merchant world=(5.4, 0.0, -2.4) screen=(1047.293, 368.0158)
[Dev] interact Shaman world=(-5.6, 0.0, 0.4) screen=(408.5833, 148.8999)
[Dev] interact Elder world=(2.0, 0.0, -5.6) screen=(1038.037, 191.6542)
[Dev] interact Jumo world=(7.1, 0.0, -1.4) screen=(1079.692, 440.1637)
[Dev] interact Waypoint world=(-4.2, 0.0, 2.2) screen=(390.0698, 234.4085)
E2E ▶ first_magic
[Dev] item 화염부 world=(32.5, 0.0, 70.5) screen=(-1072.484, 3072.227)
[Dev] item 빙결부 world=(33.5, 0.0, 69.5) screen=(-979.9173, 3072.227)
[Field] deulnyeok seed=355022911 128x128 props=2252 packs=18 enemies=74 waypoint=(62, 65) roster=bandit,bat,talisman_master elites=["13:파란×4@구간3"]
[Audio] BGM dungeon → dungeon_3.ogg
[Save] level 못골 들녘 → user://save_e2e.json (C:/Users/FORYOUCOM/AppData/Roaming/Godot/app_userdata/Joseon Hunters/wt/codex-554-item-window-contract/save_e2e.json)
[Dev] stairs Down_cave dir=1 world=(88.5, 0.0, 3.5) screen=(7212.236, 897.1014)
[Dev] interact Waypoint world=(62.5, 0.0, 65.5) screen=(3139.301, 1810.974)
[Dev] interact FloorItem world=(32.5, 0.0, 70.5) screen=(1519.384, 1142.938)
[Dev] interact @Area3D@87310 world=(33.5, 0.0, 69.5) screen=(1611.95, 1142.938)
[Dev] interact PusJar world=(95.5, 0.0, 103.5) screen=(2907.884, 3708.197)
[Dev] interact @Area3D@87457 world=(101.5, 0.0, 105.5) screen=(3093.018, 3921.969)
[Dev] interact @Area3D@87458 world=(98.5, 0.0, 107.5) screen=(2861.601, 3895.247)
[Dev] interact LootChest world=(27.5, 0.0, 70.5) screen=(1287.967, 1009.331)
[Dev] interact @Area3D@87459 world=(94.5, 0.0, 100.5) screen=(3000.451, 3601.312)
[Dev] interact @Area3D@87460 world=(55.5, 0.0, 52.5) screen=(3417.001, 1276.545)
[Dev] interact LootPot world=(46.5, 0.0, 68.5) screen=(2259.917, 1463.595)
[Dev] interact @Area3D@87461 world=(73.5, 0.0, 47.5) screen=(4481.519, 1623.924)
[Dev] interact @Area3D@87462 world=(90.5, 0.0, 47.5) screen=(5268.335, 2078.189)
[Dev] interact @Area3D@87463 world=(111.5, 0.0, 49.5) screen=(6147.719, 2692.782)
[Dev] interact @Area3D@87464 world=(101.5, 0.0, 101.5) screen=(3278.151, 3815.083)
[Dev] interact @Area3D@87465 world=(86.5, 0.0, 76.5) screen=(3740.984, 2746.225)
[Dev] interact @Area3D@87466 world=(53.5, 0.0, 52.5) screen=(3324.434, 1223.102)
[Dev] interact @Area3D@87467 world=(87.5, 0.0, 95.5) screen=(2907.884, 3280.654)
[Dev] interact @Area3D@87468 world=(26.5, 0.0, 66.5) screen=(1426.817, 875.7234)
[Dev] interact @Area3D@87469 world=(17.5, 0.0, 60.5) screen=(1287.967, 474.9016)
[Dev] interact @Area3D@87470 world=(86.5, 0.0, 22.5) screen=(6240.286, 1303.266)
[Dev] interact @Area3D@87471 world=(59.5, 0.0, 65.5) screen=(3000.451, 1730.81)
[Dev] interact @Area3D@87472 world=(18.5, 0.0, 74.5) screen=(686.2832, 875.7234)
[Dev] interact @Area3D@87473 world=(44.5, 0.0, 69.5) screen=(2121.067, 1436.874)
[Dev] interact @Area3D@87474 world=(73.5, 0.0, 49.5) screen=(4388.952, 1677.367)
[Dev] interact @Area3D@87475 world=(88.5, 0.0, 52.5) screen=(4944.352, 2158.353)
[Kill] +6 xp (lv 1, 6/20)
[Dev] item 엽전 world=(14.5, 0.0, 46.5) screen=(1797.084, 50.05202)
[Dev] item 영약 — 생맥산 world=(14.5, 0.0, 46.5) screen=(1797.084, 50.05202)
[Dev] item 미식별 목검 world=(14.5, 0.0, 46.5) screen=(1797.084, 50.05202)
[Loot] 첫 매직 보장 — bandit (wooden_sword ilvl 1) · 회차 1
[Kill] +6 xp (lv 1, 12/20)
[Dev] item 엽전 world=(9.5, 0.0, 32.5) screen=(2209.173, -465.0906)
[Dev] item 경면주사 world=(9.5, 0.0, 32.5) screen=(2209.173, -465.0906)
[Dev] item 화염부 world=(9.5, 0.0, 32.5) screen=(2209.173, -465.0906)
[Save] e2e first_magic → user://save_e2e.json (C:/Users/FORYOUCOM/AppData/Roaming/Godot/app_userdata/Joseon Hunters/wt/codex-554-item-window-contract/save_e2e.json)
[Load] lv=1 gold=0 flags={ "opening_pending": false } portal=<null> wps=[]
[Dev] item 화염부 world=(32.5, 0.0, 70.5) screen=(1519.384, 1172.353)
[Dev] item 빙결부 world=(33.5, 0.0, 69.5) screen=(1611.95, 1172.353)
[Field] deulnyeok seed=355022911 128x128 props=2252 packs=18 enemies=74 waypoint=(62, 65) roster=bandit,bat,talisman_master elites=["12:파란×4@구간3", "7:파란×4@구간2"]
[Save] level 못골 들녘 → user://save_e2e.json (C:/Users/FORYOUCOM/AppData/Roaming/Godot/app_userdata/Joseon Hunters/wt/codex-554-item-window-contract/save_e2e.json)
[Dev] stairs Down_cave dir=1 world=(88.5, 0.0, 3.5) screen=(7212.236, 897.1014)
[Dev] interact Waypoint world=(62.5, 0.0, 65.5) screen=(3139.301, 1810.974)
[Dev] interact FloorItem world=(32.5, 0.0, 70.5) screen=(1519.384, 1142.938)
[Dev] interact @Area3D@87994 world=(33.5, 0.0, 69.5) screen=(1611.95, 1142.938)
[Dev] interact PusJar world=(95.5, 0.0, 103.5) screen=(2907.884, 3708.197)
[Dev] interact @Area3D@88137 world=(101.5, 0.0, 105.5) screen=(3093.018, 3921.969)
[Dev] interact @Area3D@88138 world=(98.5, 0.0, 107.5) screen=(2861.601, 3895.247)
[Dev] interact LootChest world=(27.5, 0.0, 70.5) screen=(1287.967, 1009.331)
[Dev] interact @Area3D@88139 world=(94.5, 0.0, 100.5) screen=(3000.451, 3601.312)
[Dev] interact @Area3D@88140 world=(55.5, 0.0, 52.5) screen=(3417.001, 1276.545)
[Dev] interact LootPot world=(46.5, 0.0, 68.5) screen=(2259.917, 1463.595)
[Dev] interact @Area3D@88141 world=(73.5, 0.0, 47.5) screen=(4481.519, 1623.924)
[Dev] interact @Area3D@88142 world=(90.5, 0.0, 47.5) screen=(5268.335, 2078.189)
[Dev] interact @Area3D@88143 world=(111.5, 0.0, 49.5) screen=(6147.719, 2692.782)
[Dev] interact @Area3D@88144 world=(101.5, 0.0, 101.5) screen=(3278.151, 3815.083)
[Dev] interact @Area3D@88145 world=(86.5, 0.0, 76.5) screen=(3740.984, 2746.225)
[Dev] interact @Area3D@88146 world=(53.5, 0.0, 52.5) screen=(3324.434, 1223.102)
[Dev] interact @Area3D@88147 world=(87.5, 0.0, 95.5) screen=(2907.884, 3280.654)
[Dev] interact @Area3D@88148 world=(26.5, 0.0, 66.5) screen=(1426.817, 875.7234)
[Dev] interact @Area3D@88149 world=(17.5, 0.0, 60.5) screen=(1287.967, 474.9016)
[Dev] interact @Area3D@88150 world=(86.5, 0.0, 22.5) screen=(6240.286, 1303.266)
[Dev] interact @Area3D@88151 world=(59.5, 0.0, 65.5) screen=(3000.451, 1730.81)
[Dev] interact @Area3D@88152 world=(18.5, 0.0, 74.5) screen=(686.2832, 875.7234)
[Dev] interact @Area3D@88153 world=(44.5, 0.0, 69.5) screen=(2121.067, 1436.874)
[Dev] interact @Area3D@88154 world=(73.5, 0.0, 49.5) screen=(4388.952, 1677.367)
[Dev] interact @Area3D@88155 world=(88.5, 0.0, 52.5) screen=(4944.352, 2158.353)
[Kill] +6 xp (lv 1, 18/20)
[Dev] item 미식별 첨주 world=(14.5, 0.0, 46.5) screen=(1797.084, 50.05202)
[Loot] 첫 매직 보장 — bandit (cheomju ilvl 13) · 회차 2
[Dungeon] heukrang_gul 1층 lv=2 seed=403727558 gen 64x64 rooms=6 up=(44, 56) down=(7, 23) enemies=20 roster=bandit,bat,talisman_master elites=["방2:금색×3(깊이 0.50)"] named=-
[Quest] heukrang_gul 1층 — 싹쓸이 셈 시작 93 (heukrang_clear:none)
[Save] level 흑랑 굴 1층 → user://save_e2e.json (C:/Users/FORYOUCOM/AppData/Roaming/Godot/app_userdata/Joseon Hunters/wt/codex-554-item-window-contract/save_e2e.json)
[Dev] stairs StairsUp dir=-1 world=(44.5, 0.0, 56.5) screen=(593.7165, 335.9509)
[Dev] stairs StairsDown dir=1 world=(7.5, 0.0, 23.5) screen=(408.583, -1534.551)
[Dev] interact PusJar world=(29.5, 0.0, 42.5) screen=(547.433, -487.0705)
[Dev] interact @Area3D@88339 world=(14.5, 0.0, 24.5) screen=(686.2831, -1368.878)
[Dev] interact @Area3D@88340 world=(23.5, 0.0, 18.5) screen=(1380.534, -1288.714)
[Dev] interact LootChest world=(29.5, 0.0, 39.5) screen=(686.2831, -567.2349)
[Dev] interact @Area3D@88341 world=(40.5, 0.0, 38.5) screen=(1241.683, -300.0204)
[Dev] interact LootPot world=(21.5, 0.0, 43.5) screen=(130.8828, -674.1207)
[Dev] interact @Area3D@88342 world=(22.5, 0.0, 44.5) screen=(130.8829, -620.6779)
[Dev] interact @Area3D@88343 world=(19.5, 0.0, 9.5) screen=(1611.95, -1636.093)
[Dev] interact @Area3D@88344 world=(20.5, 0.0, 9.5) screen=(1658.234, -1609.372)
[Dev] interact @Area3D@88345 world=(44.5, 0.0, 51.5) screen=(825.1333, 154.2443)
[Dev] interact @Area3D@88346 world=(44.5, 0.0, 52.5) screen=(778.8499, 180.9657)
[Dev] interact @Area3D@88347 world=(21.5, 0.0, 39.5) screen=(316.0163, -781.0065)
E2E first_magic PASS (검사 18)
[Audio] BGM town → town.ogg
[Save] level 못골 마을 → user://save_e2e.json (C:/Users/FORYOUCOM/AppData/Roaming/Godot/app_userdata/Joseon Hunters/wt/codex-554-item-window-contract/save_e2e.json)
[Dev] stairs DungeonEntrance dir=1 world=(0.0, 0.0, -31.0) screen=(2121.067, -492.4143)
[Dev] interact Merchant world=(5.4, 0.0, -2.4) screen=(1047.293, 368.0158)
[Dev] interact Shaman world=(-5.6, 0.0, 0.4) screen=(408.5833, 148.8999)
[Dev] interact Elder world=(2.0, 0.0, -5.6) screen=(1038.037, 191.6542)
[Dev] interact Jumo world=(7.1, 0.0, -1.4) screen=(1079.692, 440.1637)
[Dev] interact Waypoint world=(-4.2, 0.0, 2.2) screen=(390.0698, 234.4085)
E2E ▶ hover_target
[Dungeon] heukrang_gul 1층 lv=2 seed=403727558 gen 64x64 rooms=6 up=(44, 56) down=(7, 23) enemies=20 roster=bandit,bat,talisman_master elites=["방2:금색×3(깊이 0.50)"] named=-
[Quest] heukrang_gul 1층 — 싹쓸이 셈 시작 20 (heukrang_clear:none)
[Audio] BGM dungeon → dungeon_4.ogg
[Save] level 흑랑 굴 1층 → user://save_e2e.json (C:/Users/FORYOUCOM/AppData/Roaming/Godot/app_userdata/Joseon Hunters/wt/codex-554-item-window-contract/save_e2e.json)
[Dev] stairs StairsUp dir=-1 world=(44.5, 0.0, 56.5) screen=(593.7165, 335.9509)
[Dev] stairs StairsDown dir=1 world=(7.5, 0.0, 23.5) screen=(408.583, -1534.551)
[Dev] interact PusJar world=(29.5, 0.0, 42.5) screen=(547.433, -487.0705)
[Dev] interact @Area3D@88689 world=(14.5, 0.0, 24.5) screen=(686.2831, -1368.878)
[Dev] interact @Area3D@88690 world=(23.5, 0.0, 18.5) screen=(1380.534, -1288.714)
[Dev] interact LootChest world=(29.5, 0.0, 39.5) screen=(686.2831, -567.2349)
[Dev] interact @Area3D@88691 world=(40.5, 0.0, 38.5) screen=(1241.683, -300.0204)
[Dev] interact LootPot world=(21.5, 0.0, 43.5) screen=(130.8828, -674.1207)
[Dev] interact @Area3D@88692 world=(22.5, 0.0, 44.5) screen=(130.8829, -620.6779)
[Dev] interact @Area3D@88693 world=(19.5, 0.0, 9.5) screen=(1611.95, -1636.093)
[Dev] interact @Area3D@88694 world=(20.5, 0.0, 9.5) screen=(1658.234, -1609.372)
[Dev] interact @Area3D@88695 world=(44.5, 0.0, 51.5) screen=(825.1333, 154.2443)
[Dev] interact @Area3D@88696 world=(44.5, 0.0, 52.5) screen=(778.8499, 180.9657)
[Dev] interact @Area3D@88697 world=(21.5, 0.0, 39.5) screen=(316.0163, -781.0065)
[Dev] removed 20 enemies
[Kill] +6 xp (lv 1, 6/20)
[Dev] item 엽전 world=(23.7, 0.0, 49.5) screen=(695.5399, 376.0538)
[Click] world=(27.49961, 0.0, 49.49961) cell=(27, 49)
[Click] world=(28.35526, 0.0, 49.49961) cell=(28, 49)
[Click] world=(28.8692, 0.0, 49.49961) cell=(28, 49)
[Click] world=(29.41898, 0.0, 49.49961) cell=(29, 49)
[Click] world=(29.94307, 0.0, 49.49961) cell=(29, 49)
[Click] world=(20.3, 0.000391, 49.5) cell=(20, 49)
[Skill] 참격 → mp 46/50
[Skill] 참격 → mp 46/50
[Click] world=(25.0, 0.000391, 49.5) cell=(25, 49)
[Click] world=(25.0, 0.000391, 49.5) cell=(25, 49)
[Click] world=(24.9, 0.000391, 49.5) cell=(24, 49)
[Click] world=(25.43033, 0.000391, 48.96967) cell=(25, 48)
[Click] world=(26.3, 0.000391, 49.5) cell=(26, 49)
[Click] world=(26.3, 0.000391, 49.5) cell=(26, 49)
[Skill] 참격 → mp 46/50
[Skill] 참격 → mp 46/50
E2E hover_target PASS (검사 45)
[Audio] BGM town → town.ogg
[Save] level 못골 마을 → user://save_e2e.json (C:/Users/FORYOUCOM/AppData/Roaming/Godot/app_userdata/Joseon Hunters/wt/codex-554-item-window-contract/save_e2e.json)
[Dev] stairs DungeonEntrance dir=1 world=(0.0, 0.0, -31.0) screen=(2121.067, -492.4143)
[Dev] interact Merchant world=(5.4, 0.0, -2.4) screen=(1047.293, 368.0158)
[Dev] interact Shaman world=(-5.6, 0.0, 0.4) screen=(408.5833, 148.8999)
[Dev] interact Elder world=(2.0, 0.0, -5.6) screen=(1038.037, 191.6542)
[Dev] interact Jumo world=(7.1, 0.0, -1.4) screen=(1079.692, 440.1637)
[Dev] interact Waypoint world=(-4.2, 0.0, 2.2) screen=(390.0698, 234.4085)
E2E ▶ system_menu
[Dungeon] heukrang_gul 1층 lv=2 seed=403727558 gen 64x64 rooms=6 up=(44, 56) down=(7, 23) enemies=20 roster=bandit,bat,talisman_master elites=["방2:금색×3(깊이 0.50)"] named=-
[Quest] heukrang_gul 1층 — 싹쓸이 셈 시작 20 (heukrang_clear:none)
[Audio] BGM dungeon → dungeon_2.ogg
[Save] level 흑랑 굴 1층 → user://system_menu_550_958634081.json (C:/Users/FORYOUCOM/AppData/Roaming/Godot/app_userdata/Joseon Hunters/wt/codex-554-item-window-contract/system_menu_550_958634081.json)
[Dev] stairs StairsUp dir=-1 world=(44.5, 0.0, 56.5) screen=(593.7165, 335.9509)
[Dev] stairs StairsDown dir=1 world=(7.5, 0.0, 23.5) screen=(408.583, -1534.551)
[Dev] interact PusJar world=(29.5, 0.0, 42.5) screen=(547.433, -487.0705)
[Dev] interact @Area3D@89064 world=(14.5, 0.0, 24.5) screen=(686.2831, -1368.878)
[Dev] interact @Area3D@89065 world=(23.5, 0.0, 18.5) screen=(1380.534, -1288.714)
[Dev] interact LootChest world=(29.5, 0.0, 39.5) screen=(686.2831, -567.2349)
[Dev] interact @Area3D@89066 world=(40.5, 0.0, 38.5) screen=(1241.683, -300.0204)
[Dev] interact LootPot world=(21.5, 0.0, 43.5) screen=(130.8828, -674.1207)
[Dev] interact @Area3D@89067 world=(22.5, 0.0, 44.5) screen=(130.8829, -620.6779)
[Dev] interact @Area3D@89068 world=(19.5, 0.0, 9.5) screen=(1611.95, -1636.093)
[Dev] interact @Area3D@89069 world=(20.5, 0.0, 9.5) screen=(1658.234, -1609.372)
[Dev] interact @Area3D@89070 world=(44.5, 0.0, 51.5) screen=(825.1333, 154.2443)
[Dev] interact @Area3D@89071 world=(44.5, 0.0, 52.5) screen=(778.8499, 180.9657)
[Dev] interact @Area3D@89072 world=(21.5, 0.0, 39.5) screen=(316.0163, -781.0065)
[Dev] interact Portal world=(46.5, 0.0, 56.5) screen=(686.2831, 338.6432)
[Portal] opened heukrang_gul 1층 pos=(46.5, 0.0, 56.5)
[Save] system menu → user://system_menu_550_958634081.json (C:/Users/FORYOUCOM/AppData/Roaming/Godot/app_userdata/Joseon Hunters/wt/codex-554-item-window-contract/system_menu_550_958634081.json)
[Load] lv=1 gold=0 flags={ "opening_pending": false, "quest": { "heukrang_clear": { "state": "none", "left": 20, "barked": false } } } portal={ "area": &"heukrang_gul", "floor": 1, "pos": (46.5, 0.0, 56.5), "returned": false } wps=[]
[Dungeon] heukrang_gul 1층 lv=2 seed=403727558 gen 64x64 rooms=6 up=(44, 56) down=(7, 23) enemies=20 roster=bandit,bat,talisman_master elites=["방2:금색×3(깊이 0.50)"] named=-
[Dev] interact Portal world=(46.5, 0.0, 56.5) screen=(686.2831, 341.2944)
[Quest] heukrang_gul 1층 — 싹쓸이 셈 시작 40 (heukrang_clear:none)
[Save] level 흑랑 굴 1층 → user://system_menu_550_958634081.json.characters/legacy.json (C:/Users/FORYOUCOM/AppData/Roaming/Godot/app_userdata/Joseon Hunters/wt/codex-554-item-window-contract/system_menu_550_958634081.json.characters/legacy.json)
[Dev] stairs StairsUp dir=-1 world=(44.5, 0.0, 56.5) screen=(593.7165, 335.9509)
[Dev] stairs StairsDown dir=1 world=(7.5, 0.0, 23.5) screen=(408.583, -1534.551)
[Dev] interact Portal world=(46.5, 0.0, 56.5) screen=(686.2831, 341.2944)
[Dev] interact PusJar world=(29.5, 0.0, 42.5) screen=(547.433, -487.0705)
[Dev] interact @Area3D@89256 world=(14.5, 0.0, 24.5) screen=(686.2831, -1368.878)
[Dev] interact @Area3D@89257 world=(23.5, 0.0, 18.5) screen=(1380.534, -1288.714)
[Dev] interact LootChest world=(29.5, 0.0, 39.5) screen=(686.2831, -567.2349)
[Dev] interact @Area3D@89258 world=(40.5, 0.0, 38.5) screen=(1241.683, -300.0204)
[Dev] interact LootPot world=(21.5, 0.0, 43.5) screen=(130.8828, -674.1207)
[Dev] interact @Area3D@89259 world=(22.5, 0.0, 44.5) screen=(130.8829, -620.6779)
[Dev] interact @Area3D@89260 world=(19.5, 0.0, 9.5) screen=(1611.95, -1636.093)
[Dev] interact @Area3D@89261 world=(20.5, 0.0, 9.5) screen=(1658.234, -1609.372)
[Dev] interact @Area3D@89262 world=(44.5, 0.0, 51.5) screen=(825.1333, 154.2443)
[Dev] interact @Area3D@89263 world=(44.5, 0.0, 52.5) screen=(778.8499, 180.9657)
[Dev] interact @Area3D@89264 world=(21.5, 0.0, 39.5) screen=(316.0163, -781.0065)
[Dev] item 화염부 world=(32.5, 0.0, 70.5) screen=(-609.6509, 370.7094)
[Dev] item 빙결부 world=(33.5, 0.0, 69.5) screen=(-517.084, 370.7095)
[Field] deulnyeok seed=355022911 128x128 props=2252 packs=18 enemies=74 waypoint=(62, 65) roster=bandit,bat,talisman_master elites=["13:파란×4@구간3"]
[Save] level 못골 들녘 → user://system_menu_550_958634081.json.characters/legacy.json (C:/Users/FORYOUCOM/AppData/Roaming/Godot/app_userdata/Joseon Hunters/wt/codex-554-item-window-contract/system_menu_550_958634081.json.characters/legacy.json)
[Dev] stairs Down_cave dir=1 world=(88.5, 0.0, 3.5) screen=(7212.236, 897.1014)
[Dev] interact Waypoint world=(62.5, 0.0, 65.5) screen=(3139.301, 1810.974)
[Dev] interact FloorItem world=(32.5, 0.0, 70.5) screen=(1519.384, 1142.938)
[Dev] interact @Area3D@89767 world=(33.5, 0.0, 69.5) screen=(1611.95, 1142.938)
[Dev] interact PusJar world=(95.5, 0.0, 103.5) screen=(2907.884, 3708.197)
[Dev] interact @Area3D@89914 world=(101.5, 0.0, 105.5) screen=(3093.018, 3921.969)
[Dev] interact @Area3D@89915 world=(98.5, 0.0, 107.5) screen=(2861.601, 3895.247)
[Dev] interact LootChest world=(27.5, 0.0, 70.5) screen=(1287.967, 1009.331)
[Dev] interact @Area3D@89916 world=(94.5, 0.0, 100.5) screen=(3000.451, 3601.312)
[Dev] interact @Area3D@89917 world=(55.5, 0.0, 52.5) screen=(3417.001, 1276.545)
[Dev] interact LootPot world=(46.5, 0.0, 68.5) screen=(2259.917, 1463.595)
[Dev] interact @Area3D@89918 world=(73.5, 0.0, 47.5) screen=(4481.519, 1623.924)
[Dev] interact @Area3D@89919 world=(90.5, 0.0, 47.5) screen=(5268.335, 2078.189)
[Dev] interact @Area3D@89920 world=(111.5, 0.0, 49.5) screen=(6147.719, 2692.782)
[Dev] interact @Area3D@89921 world=(101.5, 0.0, 101.5) screen=(3278.151, 3815.083)
[Dev] interact @Area3D@89922 world=(86.5, 0.0, 76.5) screen=(3740.984, 2746.225)
[Dev] interact @Area3D@89923 world=(53.5, 0.0, 52.5) screen=(3324.434, 1223.102)
[Dev] interact @Area3D@89924 world=(87.5, 0.0, 95.5) screen=(2907.884, 3280.654)
[Dev] interact @Area3D@89925 world=(26.5, 0.0, 66.5) screen=(1426.817, 875.7234)
[Dev] interact @Area3D@89926 world=(17.5, 0.0, 60.5) screen=(1287.967, 474.9016)
[Dev] interact @Area3D@89927 world=(86.5, 0.0, 22.5) screen=(6240.286, 1303.266)
[Dev] interact @Area3D@89928 world=(59.5, 0.0, 65.5) screen=(3000.451, 1730.81)
[Dev] interact @Area3D@89929 world=(18.5, 0.0, 74.5) screen=(686.2832, 875.7234)
[Dev] interact @Area3D@89930 world=(44.5, 0.0, 69.5) screen=(2121.067, 1436.874)
[Dev] interact @Area3D@89931 world=(73.5, 0.0, 49.5) screen=(4388.952, 1677.367)
[Dev] interact @Area3D@89932 world=(88.5, 0.0, 52.5) screen=(4944.352, 2158.353)
[Save] system menu → user://system_menu_550_958634081.json.characters/legacy.json (C:/Users/FORYOUCOM/AppData/Roaming/Godot/app_userdata/Joseon Hunters/wt/codex-554-item-window-contract/system_menu_550_958634081.json.characters/legacy.json)
[Load] lv=1 gold=15600 flags={ "opening_pending": false, "quest": { "heukrang_clear": { "state": "none", "left": 40, "barked": false } } } portal={ "area": &"heukrang_gul", "floor": 1, "pos": (46.5, 0.0, 56.5), "returned": false } wps=[]
[Dev] item 화염부 world=(32.5, 0.0, 70.5) screen=(1519.384, 1172.353)
[Dev] item 빙결부 world=(33.5, 0.0, 69.5) screen=(1611.95, 1172.353)
[Field] deulnyeok seed=355022911 128x128 props=2252 packs=18 enemies=74 waypoint=(62, 65) roster=bandit,bat,talisman_master elites=["13:파란×4@구간3"]
[Save] level 못골 들녘 → user://system_menu_550_958634081.json.characters/legacy.json (C:/Users/FORYOUCOM/AppData/Roaming/Godot/app_userdata/Joseon Hunters/wt/codex-554-item-window-contract/system_menu_550_958634081.json.characters/legacy.json)
[Dev] stairs Down_cave dir=1 world=(88.5, 0.0, 3.5) screen=(7212.236, 897.1014)
[Dev] interact Waypoint world=(62.5, 0.0, 65.5) screen=(3139.301, 1810.974)
[Dev] interact FloorItem world=(32.5, 0.0, 70.5) screen=(1519.384, 1142.938)
[Dev] interact @Area3D@90435 world=(33.5, 0.0, 69.5) screen=(1611.95, 1142.938)
[Dev] interact PusJar world=(95.5, 0.0, 103.5) screen=(2907.884, 3708.197)
[Dev] interact @Area3D@90582 world=(101.5, 0.0, 105.5) screen=(3093.018, 3921.969)
[Dev] interact @Area3D@90583 world=(98.5, 0.0, 107.5) screen=(2861.601, 3895.247)
[Dev] interact LootChest world=(27.5, 0.0, 70.5) screen=(1287.967, 1009.331)
[Dev] interact @Area3D@90584 world=(94.5, 0.0, 100.5) screen=(3000.451, 3601.312)
[Dev] interact @Area3D@90585 world=(55.5, 0.0, 52.5) screen=(3417.001, 1276.545)
[Dev] interact LootPot world=(46.5, 0.0, 68.5) screen=(2259.917, 1463.595)
[Dev] interact @Area3D@90586 world=(73.5, 0.0, 47.5) screen=(4481.519, 1623.924)
[Dev] interact @Area3D@90587 world=(90.5, 0.0, 47.5) screen=(5268.335, 2078.189)
[Dev] interact @Area3D@90588 world=(111.5, 0.0, 49.5) screen=(6147.719, 2692.782)
[Dev] interact @Area3D@90589 world=(101.5, 0.0, 101.5) screen=(3278.151, 3815.083)
[Dev] interact @Area3D@90590 world=(86.5, 0.0, 76.5) screen=(3740.984, 2746.225)
[Dev] interact @Area3D@90591 world=(53.5, 0.0, 52.5) screen=(3324.434, 1223.102)
[Dev] interact @Area3D@90592 world=(87.5, 0.0, 95.5) screen=(2907.884, 3280.654)
[Dev] interact @Area3D@90593 world=(26.5, 0.0, 66.5) screen=(1426.817, 875.7234)
[Dev] interact @Area3D@90594 world=(17.5, 0.0, 60.5) screen=(1287.967, 474.9016)
[Dev] interact @Area3D@90595 world=(86.5, 0.0, 22.5) screen=(6240.286, 1303.266)
[Dev] interact @Area3D@90596 world=(59.5, 0.0, 65.5) screen=(3000.451, 1730.81)
[Dev] interact @Area3D@90597 world=(18.5, 0.0, 74.5) screen=(686.2832, 875.7234)
[Dev] interact @Area3D@90598 world=(44.5, 0.0, 69.5) screen=(2121.067, 1436.874)
[Dev] interact @Area3D@90599 world=(73.5, 0.0, 49.5) screen=(4388.952, 1677.367)
[Dev] interact @Area3D@90600 world=(88.5, 0.0, 52.5) screen=(4944.352, 2158.353)
[Dungeon] heukrang_gul 2층 lv=3 seed=3189434797 preset 28x28 rooms=2 up=(22, 23) down=(-1, -1) enemies=2 roster=bat elites=[] named=-
[Audio] BGM boss → boss.ogg
[Save] level 흑랑 굴 2층 → user://system_menu_550_958634081.json.characters/legacy.json (C:/Users/FORYOUCOM/AppData/Roaming/Godot/app_userdata/Joseon Hunters/wt/codex-554-item-window-contract/system_menu_550_958634081.json.characters/legacy.json)
[Dev] stairs StairsUp dir=-1 world=(22.5, 0.0, 23.5) screen=(593.7167, 335.9507)
[Save] system menu → user://system_menu_550_958634081.json.characters/legacy.json (C:/Users/FORYOUCOM/AppData/Roaming/Godot/app_userdata/Joseon Hunters/wt/codex-554-item-window-contract/system_menu_550_958634081.json.characters/legacy.json)
[Load] lv=1 gold=15602 flags={ "opening_pending": false, "quest": { "heukrang_clear": { "state": "none", "left": 40, "barked": false } } } portal={ "area": &"heukrang_gul", "floor": 1, "pos": (46.5, 0.0, 56.5), "returned": false } wps=[]
[Dungeon] heukrang_gul 2층 lv=3 seed=3189434797 preset 28x28 rooms=2 up=(22, 23) down=(-1, -1) enemies=2 roster=bat elites=[] named=-
[Save] level 흑랑 굴 2층 → user://system_menu_550_958634081.json.characters/legacy.json (C:/Users/FORYOUCOM/AppData/Roaming/Godot/app_userdata/Joseon Hunters/wt/codex-554-item-window-contract/system_menu_550_958634081.json.characters/legacy.json)
[Dev] stairs StairsUp dir=-1 world=(22.5, 0.0, 23.5) screen=(593.7167, 335.9507)
WARNING: SaveSystem: 저장 위치가 바뀌었습니다. 캐릭터를 다시 선택해 주세요
   at: push_warning (core/variant/variant_utility.cpp:1033)
   GDScript backtrace (most recent call first):
       [0] _failed (res://core/save_system.gd:206)
       [1] save_now (res://core/save_system.gd:134)
       [2] _on_click (res://ui/system_menu.gd:208)
       [3] _input (res://ui/system_menu.gd:159)
[Save] system menu → user://system_menu_550_958634081.json.characters/legacy.json (C:/Users/FORYOUCOM/AppData/Roaming/Godot/app_userdata/Joseon Hunters/wt/codex-554-item-window-contract/system_menu_550_958634081.json.characters/legacy.json)
[Load] lv=1 gold=15602 flags={ "opening_pending": false, "quest": { "heukrang_clear": { "state": "none", "left": 40, "barked": false } } } portal={ "area": &"heukrang_gul", "floor": 1, "pos": (46.5, 0.0, 56.5), "returned": false } wps=[]
[Dungeon] heukrang_gul 2층 lv=3 seed=3189434797 preset 28x28 rooms=2 up=(22, 23) down=(-1, -1) enemies=2 roster=bat elites=[] named=-
[Save] level 흑랑 굴 2층 → user://system_menu_550_958634081.json.characters/legacy.json (C:/Users/FORYOUCOM/AppData/Roaming/Godot/app_userdata/Joseon Hunters/wt/codex-554-item-window-contract/system_menu_550_958634081.json.characters/legacy.json)
[Dev] stairs StairsUp dir=-1 world=(22.5, 0.0, 23.5) screen=(593.7167, 335.9507)
E2E system_menu PASS (검사 56)
E2E SUMMARY: 108/108 PASS
  E2E character_profiles PASS (검사 38)
  E2E quest_journal PASS (검사 48)
  E2E hud_orb_fx PASS (검사 30)
  E2E npc_hover_view PASS (검사 76)
  E2E elite_ui_view PASS (검사 6)
  E2E hud_hierarchy_view PASS (검사 4)
  E2E pickup_feedback_view PASS (검사 3)
  E2E icon_intake PASS (검사 315)
  E2E automap PASS (검사 50)
  E2E pickup_equip PASS (검사 37)
  E2E equipment_ui PASS (검사 33)
  E2E inactive_gear PASS (검사 50)
  E2E portal_roundtrip PASS (검사 18)
  E2E waypoint PASS (검사 12)
  E2E vendor_quest PASS (검사 42)
  E2E vendor_prices PASS (검사 12)
  E2E chief_quest PASS (검사 57)
  E2E shaman_heal PASS (검사 23)
  E2E save_continue PASS (검사 12)
  E2E boss_floor PASS (검사 44)
  E2E boss_bulgasari PASS (검사 47)
  E2E bulgasari_path PASS (검사 15)
  E2E boss_jangsanbeom PASS (검사 42)
  E2E heukrang_look PASS (검사 4)
  E2E heukrang_pounce PASS (검사 11)
  E2E visual_swap PASS (검사 65)
  E2E run_upright PASS (검사 16)
  E2E teleport_settle PASS (검사 10)
  E2E hit_feel PASS (검사 27)
  E2E element_affix PASS (검사 7)
  E2E affix_combat PASS (검사 40)
  E2E attack_chain PASS (검사 21)
  E2E aspd_steps PASS (검사 27)
  E2E skill_then_attack PASS (검사 64)
  E2E anim_commit PASS (검사 65)
  E2E invisible_sword PASS (검사 68)
  E2E heavy_react PASS (검사 97)
  E2E pack_ai PASS (검사 46)
  E2E kill_slump PASS (검사 51)
  E2E kill_bisect PASS (검사 68)
  E2E slice_deaths PASS (검사 111)
  E2E monster_motion_gallery PASS (검사 70)
  E2E element_status PASS (검사 78)
  E2E element_ui PASS (검사 4)
  E2E talisman_targeting PASS (검사 75)
  E2E talisman_throw PASS (검사 56)
  E2E talisman_aoe PASS (검사 16)
  E2E loot_drop PASS (검사 24)
  E2E potion_icons PASS (검사 40)
  E2E potion_tiers PASS (검사 10)
  E2E loot_props PASS (검사 19)
  E2E elite_pack PASS (검사 52)
  E2E elite_slots PASS (검사 31)
  E2E flee_chase PASS (검사 35)
  E2E verify_flows PASS (검사 16)
  E2E player_death PASS (검사 27)
  E2E wall_cutaway PASS (검사 17)
  E2E floor_seams PASS (검사 3)
  E2E char_light PASS (검사 102)
  E2E town_layout PASS (검사 60)
  E2E town_approach PASS (검사 133)
  E2E ui_windows PASS (검사 65)
  E2E story_cutin PASS (검사 28)
  E2E dialogue_band PASS (검사 71)
  E2E dialogue_event PASS (검사 49)
  E2E ui_docks PASS (검사 61)
  E2E ui_tooltips PASS (검사 97)
  E2E belt_unify PASS (검사 15)
  E2E item_ui PASS (검사 42)
  E2E skill_picker PASS (검사 191)
  E2E skill_icons PASS (검사 48)
  E2E vfx_cues PASS (검사 74)
  E2E vfx_cap_blood PASS (검사 3)
  E2E skill_area PASS (검사 93)
  E2E skill_tiers PASS (검사 72)
  E2E aoe_skills PASS (검사 66)
  E2E aoe_skills_2 PASS (검사 68)
  E2E build_changers PASS (검사 87)
  E2E dungeon_layout PASS (검사 34)
  E2E beomgul_walk PASS (검사 46)
  E2E mine_walk PASS (검사 66)
  E2E bongmil_walk PASS (검사 104)
  E2E town_exits PASS (검사 8)
  E2E field_layout PASS (검사 32)
  E2E field2_layout PASS (검사 20)
  E2E gate_hover PASS (검사 6)
  E2E pack_density PASS (검사 2)
  E2E slice_loop PASS (검사 29)
  E2E plaza_light PASS (검사 8)
  E2E town_tour PASS (검사 2)
  E2E aoe_field PASS (검사 20)
  E2E long_body PASS (검사 13)
  E2E named_imugi PASS (검사 13)
  E2E serpent_models PASS (검사 18)
  E2E pus_jar PASS (검사 15)
  E2E roles PASS (검사 24)
  E2E roster_swap PASS (검사 19)
  E2E gimmicks_m10 PASS (검사 23)
  E2E behaviors_m9 PASS (검사 13)
  E2E female_f1 PASS (검사 7)
  E2E female_float PASS (검사 5)
  E2E m14_models PASS (검사 13)
  E2E leader_options PASS (검사 20)
  E2E surround PASS (검사 7)
  E2E weapon_visibility PASS (검사 25)
  E2E first_magic PASS (검사 18)
  E2E hover_target PASS (검사 45)
  E2E system_menu PASS (검사 56)
