Godot Engine v4.7.2.stable.steam.ed1daf0bf - https://godotengine.org

[DevMode] ON
[godot_ai game_helper] registered mcp capture (debugger active=false, logger=true)
Joseon Hunters dev
[Audio] BGM town → town.ogg
[Save] level 못골 마을 → user://save_e2e.json (C:/Users/FORYOUCOM/AppData/Roaming/Godot/app_userdata/Joseon Hunters/wt/codex-630-whirl-structure/save_e2e.json)
[Dev] stairs DungeonEntrance dir=1 world=(0.0, 0.0, -31.0) screen=(2121.067, -492.4143)
[Dev] interact Merchant world=(5.4, 0.0, -2.4) screen=(1047.293, 368.0158)
[Dev] interact Shaman world=(-5.6, 0.0, 0.4) screen=(408.5833, 148.8999)
[Dev] interact Elder world=(2.0, 0.0, -5.6) screen=(1038.037, 191.6542)
[Dev] interact Jumo world=(7.1, 0.0, -1.4) screen=(1079.692, 440.1637)
[Dev] interact StashChest world=(3.3, 0.0, -2.05) screen=(933.8992, 321.2533)
[Dev] interact Waypoint world=(-4.2, 0.0, 2.2) screen=(390.0698, 234.4085)
E2E start: vfx_ramp_gallery, character_profiles, quest_journal, hud_orb_fx, npc_hover_view, elite_ui_view, hud_hierarchy_view, pickup_feedback_view, icon_intake, automap, pickup_equip, equipment_ui, inactive_gear, sockets, glyph_combo, combination, portal_roundtrip, waypoint, vendor_quest, vendor_prices, stash_roundtrip, chief_quest, boss_greetings, shaman_heal, respec, save_continue, held_save, boss_floor, boss_bulgasari, bulgasari_path, boss_uniques, boss_jangsanbeom, heukrang_look, heukrang_pounce, visual_swap, run_upright, teleport_settle, hit_feel, element_affix, affix_combat, attack_chain, sword_trail_v2, whirl_structure_v1, aspd_steps, skill_then_attack, anim_commit, player_resource_clock, invisible_sword, heavy_react, pack_ai, kill_slump, kill_bisect, slice_deaths, monster_motion_gallery, element_status, element_ui, element_sal, talisman_targeting, talisman_throw, talisman_aoe, loot_drop, potion_icons, potion_tiers, loot_props, elite_pack, elite_slots, flee_chase, verify_flows, player_death, wall_cutaway, floor_seams, char_light, town_layout, town_approach, bgm_hooks, ui_windows, story_cutin, dialogue_band, dialogue_event, dialogue_choices, ui_docks, ui_tooltips, belt_unify, item_ui, skill_picker, skill_icons, vfx_cues, area_title, ink_transition, vfx_cap_blood, hit_blood, skill_area, skill_tiers, aoe_skills, aoe_skills_2, build_changers, body_arts, dungeon_layout, beomgul_walk, mine_walk, bongmil_walk, room_props, town_exits, field_layout, field2_layout, gate_hover, pack_density, slice_loop, plaza_light, town_tour, aoe_field, long_body, named_imugi, named_gaksi, serpent_models, pus_jar, roles, roster_swap, gimmicks_m10, behaviors_m9, female_f1, female_float, yeogung_attacks, nachalnyeo_attacks, m14_models, leader_options, surround, weapon_visibility, first_magic, hover_target, system_menu
E2E skip: balance_room, balance_boss, hit_stagger, pack_perf, bodies_cap, gimmicks, item_showcase, footsteps, audio_cues, sfx_limiter (단독 묶음 — 다른 실행이 따로 돈다, #553)
[Save] level 못골 마을 → user://save_e2e.json (C:/Users/FORYOUCOM/AppData/Roaming/Godot/app_userdata/Joseon Hunters/wt/codex-630-whirl-structure/save_e2e.json)
[Dev] stairs DungeonEntrance dir=1 world=(0.0, 0.0, -31.0) screen=(2121.067, -492.4143)
[Dev] interact Merchant world=(5.4, 0.0, -2.4) screen=(1047.293, 368.0158)
[Dev] interact Shaman world=(-5.6, 0.0, 0.4) screen=(408.5833, 148.8999)
[Dev] interact Elder world=(2.0, 0.0, -5.6) screen=(1038.037, 191.6542)
[Dev] interact Jumo world=(7.1, 0.0, -1.4) screen=(1079.692, 440.1637)
[Dev] interact StashChest world=(3.3, 0.0, -2.05) screen=(933.8992, 321.2533)
[Dev] interact Waypoint world=(-4.2, 0.0, 2.2) screen=(390.0698, 234.4085)
E2E ▶ vfx_ramp_gallery
[Dungeon] heukrang_gul 1층 lv=2 seed=403727558 gen 64x64 rooms=6 up=(44, 56) down=(7, 23) enemies=20 roster=bandit,bat,talisman_master elites=["방2:금색×3(깊이 0.50)"] named=-
[Quest] heukrang_gul 1층 — 싹쓸이 셈 시작 20 (heukrang_clear:none)
[Audio] BGM dungeon → dungeon_3.ogg
[Save] level 흑랑 굴 1층 → user://save_e2e.json (C:/Users/FORYOUCOM/AppData/Roaming/Godot/app_userdata/Joseon Hunters/wt/codex-630-whirl-structure/save_e2e.json)
[Dev] stairs StairsUp dir=-1 world=(44.5, 0.0, 56.5) screen=(593.7165, 335.9509)
[Dev] stairs StairsDown dir=1 world=(7.5, 0.0, 23.5) screen=(408.583, -1534.551)
[Dev] interact PusJar world=(29.5, 0.0, 42.5) screen=(547.433, -487.0705)
[Dev] interact @Area3D@535 world=(14.5, 0.0, 24.5) screen=(686.2831, -1368.878)
[Dev] interact @Area3D@536 world=(23.5, 0.0, 18.5) screen=(1380.534, -1288.714)
[Dev] interact LootChest world=(29.5, 0.0, 39.5) screen=(686.2831, -567.2349)
[Dev] interact @Area3D@537 world=(40.5, 0.0, 38.5) screen=(1241.683, -300.0204)
[Dev] interact LootPot world=(17.5, 0.0, 43.5) screen=(-54.25064, -781.0067)
[Dev] interact @Area3D@538 world=(18.5, 0.0, 44.5) screen=(-54.25041, -727.5637)
[Dev] interact @Area3D@539 world=(19.5, 0.0, 9.5) screen=(1611.95, -1636.093)
[Dev] interact @Area3D@540 world=(20.5, 0.0, 9.5) screen=(1658.234, -1609.372)
[Dev] interact @Area3D@541 world=(43.5, 0.0, 60.5) screen=(362.2997, 368.0159)
[Dev] interact @Area3D@542 world=(43.5, 0.0, 59.5) screen=(408.583, 341.2944)
[Dev] interact @Area3D@543 world=(21.5, 0.0, 39.5) screen=(316.0163, -781.0065)
[Dev] removed 20 enemies
E2E vfx_ramp_gallery PASS (검사 18)
[Audio] BGM town → town.ogg
[Save] level 못골 마을 → user://save_e2e.json (C:/Users/FORYOUCOM/AppData/Roaming/Godot/app_userdata/Joseon Hunters/wt/codex-630-whirl-structure/save_e2e.json)
[Dev] stairs DungeonEntrance dir=1 world=(0.0, 0.0, -31.0) screen=(2121.067, -492.4143)
[Dev] interact Merchant world=(5.4, 0.0, -2.4) screen=(1047.293, 368.0158)
[Dev] interact Shaman world=(-5.6, 0.0, 0.4) screen=(408.5833, 148.8999)
[Dev] interact Elder world=(2.0, 0.0, -5.6) screen=(1038.037, 191.6542)
[Dev] interact Jumo world=(7.1, 0.0, -1.4) screen=(1079.692, 440.1637)
[Dev] interact StashChest world=(3.3, 0.0, -2.05) screen=(933.8992, 321.2533)
[Dev] interact Waypoint world=(-4.2, 0.0, 2.2) screen=(390.0698, 234.4085)
E2E ▶ character_profiles
[Load] lv=1 gold=0 flags={ "opening_pending": false } portal=<null> wps=[]
[Save] level 못골 마을 → user://profiles_e2e_550_5517226.json.characters/doho_b4d5b4e58f92c8d62cad1041.json (C:/Users/FORYOUCOM/AppData/Roaming/Godot/app_userdata/Joseon Hunters/wt/codex-630-whirl-structure/profiles_e2e_550_5517226.json.characters/doho_b4d5b4e58f92c8d62cad1041.json)
[Dev] stairs DungeonEntrance dir=1 world=(0.0, 0.0, -31.0) screen=(2121.067, -492.4143)
[Dev] interact Merchant world=(5.4, 0.0, -2.4) screen=(1047.293, 368.0158)
[Dev] interact Shaman world=(-5.6, 0.0, 0.4) screen=(408.5833, 148.8999)
[Dev] interact Elder world=(2.0, 0.0, -5.6) screen=(1038.037, 191.6542)
[Dev] interact Jumo world=(7.1, 0.0, -1.4) screen=(1079.692, 440.1637)
[Dev] interact StashChest world=(3.3, 0.0, -2.05) screen=(933.8992, 321.2533)
[Dev] interact Waypoint world=(-4.2, 0.0, 2.2) screen=(390.0698, 234.4085)
[Dev] item 화염부 world=(32.5, 0.0, 70.5) screen=(-1072.484, 3070.115)
[Dev] item 빙결부 world=(33.5, 0.0, 69.5) screen=(-979.9173, 3070.115)
[Field] deulnyeok seed=1667324592 128x128 props=2437 packs=14 enemies=55 waypoint=(60, 60) roster=bandit,bat,talisman_master elites=["9:금색×5@구간2"]
[Audio] BGM dungeon → dungeon_2.ogg
[Save] level 못골 들녘 → user://profiles_e2e_550_5517226.json.characters/doho_b4d5b4e58f92c8d62cad1041.json (C:/Users/FORYOUCOM/AppData/Roaming/Godot/app_userdata/Joseon Hunters/wt/codex-630-whirl-structure/profiles_e2e_550_5517226.json.characters/doho_b4d5b4e58f92c8d62cad1041.json)
[Dev] stairs Down_cave dir=1 world=(88.5, 0.0, 3.5) screen=(7212.236, 897.1014)
[Dev] interact Waypoint world=(60.5, 0.0, 60.5) screen=(3278.151, 1623.924)
[Dev] interact FloorItem world=(32.5, 0.0, 70.5) screen=(1519.384, 1142.938)
[Dev] interact @Area3D@1415 world=(33.5, 0.0, 69.5) screen=(1611.95, 1142.938)
[Dev] interact PusJar world=(95.5, 0.0, 103.5) screen=(2907.884, 3708.197)
[Dev] interact @Area3D@1575 world=(101.5, 0.0, 105.5) screen=(3093.018, 3921.969)
[Dev] interact @Area3D@1576 world=(98.5, 0.0, 107.5) screen=(2861.601, 3895.247)
[Dev] interact LootChest world=(30.5, 0.0, 71.5) screen=(1380.534, 1116.216)
[Dev] interact @Area3D@1577 world=(101.5, 0.0, 103.5) screen=(3185.585, 3868.526)
[Dev] interact @Area3D@1578 world=(99.5, 0.0, 52.5) screen=(5453.469, 2452.289)
[Dev] interact LootPot world=(60.5, 0.0, 65.5) screen=(3046.734, 1757.531)
[Dev] interact @Area3D@1579 world=(28.5, 0.0, 72.5) screen=(1241.683, 1089.495)
[Dev] interact @Area3D@1580 world=(69.5, 0.0, 78.5) screen=(2861.601, 2345.403)
[Dev] interact @Area3D@1581 world=(67.5, 0.0, 39.5) screen=(4574.085, 1249.824)
[Dev] interact @Area3D@1582 world=(104.5, 0.0, 51.5) screen=(5731.169, 2559.175)
[Dev] interact @Area3D@1583 world=(95.5, 0.0, 100.5) screen=(3046.734, 3628.033)
[Dev] interact @Area3D@1584 world=(79.5, 0.0, 27.5) screen=(5684.886, 1249.824)
[Dev] interact @Area3D@1585 world=(39.5, 0.0, 76.5) screen=(1565.667, 1490.317)
[Dev] interact @Area3D@1586 world=(67.5, 0.0, 56.5) screen=(3787.268, 1704.088)
[Dev] interact @Area3D@1587 world=(88.5, 0.0, 84.5) screen=(3463.285, 3013.44)
[Dev] interact @Area3D@1588 world=(86.5, 0.0, 47.5) screen=(5083.202, 1971.303)
[Dev] interact @Area3D@1589 world=(10.5, 0.0, 59.5) screen=(1010.267, 261.1301)
[Dev] interact @Area3D@1590 world=(78.5, 0.0, 5.5) screen=(6656.836, 635.2303)
[Dev] interact @Area3D@1591 world=(116.5, 0.0, 44.5) screen=(6610.553, 2692.782)
[Save] system menu → user://profiles_e2e_550_5517226.json.characters/doho_b4d5b4e58f92c8d62cad1041.json (C:/Users/FORYOUCOM/AppData/Roaming/Godot/app_userdata/Joseon Hunters/wt/codex-630-whirl-structure/profiles_e2e_550_5517226.json.characters/doho_b4d5b4e58f92c8d62cad1041.json)
WARNING: SaveSystem: 같은 이름의 캐릭터가 있습니다
   at: push_warning (core/variant/variant_utility.cpp:1033)
   GDScript backtrace (most recent call first):
       [0] _failed (res://core/save_system.gd:228)
       [1] create_profile (res://core/save_system.gd:61)
       [2] _on_character_created (res://world/main.gd:123)
       [3] _create (res://ui/title_ui.gd:210)
       [4] _on_click (res://ui/title_ui.gd:261)
       [5] _input (res://ui/panel_ui.gd:135)
       [6] _input (res://ui/title_ui.gd:237)
[Load] lv=1 gold=0 flags={ "opening_pending": false } portal=<null> wps=[]
[Audio] BGM town → town.ogg
[Save] level 못골 마을 → user://profiles_e2e_550_5517226.json.characters/doho_00e5888d36ada9e6695284db.json (C:/Users/FORYOUCOM/AppData/Roaming/Godot/app_userdata/Joseon Hunters/wt/codex-630-whirl-structure/profiles_e2e_550_5517226.json.characters/doho_00e5888d36ada9e6695284db.json)
[Dev] stairs DungeonEntrance dir=1 world=(0.0, 0.0, -31.0) screen=(2121.067, -492.4143)
[Dev] interact Merchant world=(5.4, 0.0, -2.4) screen=(1047.293, 368.0158)
[Dev] interact Shaman world=(-5.6, 0.0, 0.4) screen=(408.5833, 148.8999)
[Dev] interact Elder world=(2.0, 0.0, -5.6) screen=(1038.037, 191.6542)
[Dev] interact Jumo world=(7.1, 0.0, -1.4) screen=(1079.692, 440.1637)
[Dev] interact StashChest world=(3.3, 0.0, -2.05) screen=(933.8992, 321.2533)
[Dev] interact Waypoint world=(-4.2, 0.0, 2.2) screen=(390.0698, 234.4085)
[Save] system menu → user://profiles_e2e_550_5517226.json.characters/doho_00e5888d36ada9e6695284db.json (C:/Users/FORYOUCOM/AppData/Roaming/Godot/app_userdata/Joseon Hunters/wt/codex-630-whirl-structure/profiles_e2e_550_5517226.json.characters/doho_00e5888d36ada9e6695284db.json)
[Load] lv=4 gold=7777 flags={ "opening_pending": false, "profile550": "A", "story": { "entered/deulnyeok": true, "entered/motgol": true } } portal=<null> wps=[]
[Dev] item 화염부 world=(32.5, 0.0, 70.5) screen=(-1067.574, 3085.22)
[Dev] item 빙결부 world=(33.5, 0.0, 69.5) screen=(-975.0079, 3085.22)
[Field] deulnyeok seed=1667324592 128x128 props=2437 packs=14 enemies=55 waypoint=(60, 60) roster=bandit,bat,talisman_master elites=["9:금색×5@구간2"]
[Audio] BGM dungeon → dungeon_1.ogg
[Save] level 못골 들녘 → user://profiles_e2e_550_5517226.json.characters/doho_b4d5b4e58f92c8d62cad1041.json (C:/Users/FORYOUCOM/AppData/Roaming/Godot/app_userdata/Joseon Hunters/wt/codex-630-whirl-structure/profiles_e2e_550_5517226.json.characters/doho_b4d5b4e58f92c8d62cad1041.json)
[Dev] stairs Down_cave dir=1 world=(88.5, 0.0, 3.5) screen=(7212.236, 897.1014)
[Dev] interact Waypoint world=(60.5, 0.0, 60.5) screen=(3278.151, 1623.924)
[Dev] interact FloorItem world=(32.5, 0.0, 70.5) screen=(1519.384, 1142.938)
[Dev] interact @Area3D@2302 world=(33.5, 0.0, 69.5) screen=(1611.95, 1142.938)
[Dev] interact PusJar world=(95.5, 0.0, 103.5) screen=(2907.884, 3708.197)
[Dev] interact @Area3D@2462 world=(101.5, 0.0, 105.5) screen=(3093.018, 3921.969)
[Dev] interact @Area3D@2463 world=(98.5, 0.0, 107.5) screen=(2861.601, 3895.247)
[Dev] interact LootChest world=(30.5, 0.0, 71.5) screen=(1380.534, 1116.216)
[Dev] interact @Area3D@2464 world=(101.5, 0.0, 103.5) screen=(3185.585, 3868.526)
[Dev] interact @Area3D@2465 world=(99.5, 0.0, 52.5) screen=(5453.469, 2452.289)
[Dev] interact LootPot world=(60.5, 0.0, 65.5) screen=(3046.734, 1757.531)
[Dev] interact @Area3D@2466 world=(28.5, 0.0, 72.5) screen=(1241.683, 1089.495)
[Dev] interact @Area3D@2467 world=(69.5, 0.0, 78.5) screen=(2861.601, 2345.403)
[Dev] interact @Area3D@2468 world=(67.5, 0.0, 39.5) screen=(4574.085, 1249.824)
[Dev] interact @Area3D@2469 world=(104.5, 0.0, 51.5) screen=(5731.169, 2559.175)
[Dev] interact @Area3D@2470 world=(95.5, 0.0, 100.5) screen=(3046.734, 3628.033)
[Dev] interact @Area3D@2471 world=(79.5, 0.0, 27.5) screen=(5684.886, 1249.824)
[Dev] interact @Area3D@2472 world=(39.5, 0.0, 76.5) screen=(1565.667, 1490.317)
[Dev] interact @Area3D@2473 world=(67.5, 0.0, 56.5) screen=(3787.268, 1704.088)
[Dev] interact @Area3D@2474 world=(88.5, 0.0, 84.5) screen=(3463.285, 3013.44)
[Dev] interact @Area3D@2475 world=(86.5, 0.0, 47.5) screen=(5083.202, 1971.303)
[Dev] interact @Area3D@2476 world=(10.5, 0.0, 59.5) screen=(1010.267, 261.1301)
[Dev] interact @Area3D@2477 world=(78.5, 0.0, 5.5) screen=(6656.836, 635.2303)
[Dev] interact @Area3D@2478 world=(116.5, 0.0, 44.5) screen=(6610.553, 2692.782)
[Save] system menu → user://profiles_e2e_550_5517226.json.characters/doho_b4d5b4e58f92c8d62cad1041.json (C:/Users/FORYOUCOM/AppData/Roaming/Godot/app_userdata/Joseon Hunters/wt/codex-630-whirl-structure/profiles_e2e_550_5517226.json.characters/doho_b4d5b4e58f92c8d62cad1041.json)
[Load] lv=2 gold=2200 flags={ "opening_pending": false, "profile550": "B", "story": { "entered/motgol": true } } portal=<null> wps=[]
[Audio] BGM town → town.ogg
[Save] level 못골 마을 → user://profiles_e2e_550_5517226.json.characters/doho_00e5888d36ada9e6695284db.json (C:/Users/FORYOUCOM/AppData/Roaming/Godot/app_userdata/Joseon Hunters/wt/codex-630-whirl-structure/profiles_e2e_550_5517226.json.characters/doho_00e5888d36ada9e6695284db.json)
[Dev] stairs DungeonEntrance dir=1 world=(0.0, 0.0, -31.0) screen=(2121.067, -492.4143)
[Dev] interact Merchant world=(5.4, 0.0, -2.4) screen=(1047.293, 368.0158)
[Dev] interact Shaman world=(-5.6, 0.0, 0.4) screen=(408.5833, 148.8999)
[Dev] interact Elder world=(2.0, 0.0, -5.6) screen=(1038.037, 191.6542)
[Dev] interact Jumo world=(7.1, 0.0, -1.4) screen=(1079.692, 440.1637)
[Dev] interact StashChest world=(3.3, 0.0, -2.05) screen=(933.8992, 321.2533)
[Dev] interact Waypoint world=(-4.2, 0.0, 2.2) screen=(390.0698, 234.4085)
[Save] system menu → user://profiles_e2e_550_5517226.json.characters/doho_00e5888d36ada9e6695284db.json (C:/Users/FORYOUCOM/AppData/Roaming/Godot/app_userdata/Joseon Hunters/wt/codex-630-whirl-structure/profiles_e2e_550_5517226.json.characters/doho_00e5888d36ada9e6695284db.json)
[Load] lv=4 gold=7777 flags={ "opening_pending": false, "profile550": "A", "story": { "entered/deulnyeok": true, "entered/motgol": true } } portal=<null> wps=[]
[Dev] item 화염부 world=(32.5, 0.0, 70.5) screen=(-1066.909, 3084.798)
[Dev] item 빙결부 world=(33.5, 0.0, 69.5) screen=(-974.3427, 3084.798)
[Field] deulnyeok seed=1667324592 128x128 props=2437 packs=14 enemies=55 waypoint=(60, 60) roster=bandit,bat,talisman_master elites=["9:금색×5@구간2"]
[Audio] BGM dungeon → dungeon_4.ogg
[Save] level 못골 들녘 → user://profiles_e2e_550_5517226.json.characters/doho_b4d5b4e58f92c8d62cad1041.json (C:/Users/FORYOUCOM/AppData/Roaming/Godot/app_userdata/Joseon Hunters/wt/codex-630-whirl-structure/profiles_e2e_550_5517226.json.characters/doho_b4d5b4e58f92c8d62cad1041.json)
[Dev] stairs Down_cave dir=1 world=(88.5, 0.0, 3.5) screen=(7212.236, 897.1014)
[Dev] interact Waypoint world=(60.5, 0.0, 60.5) screen=(3278.151, 1623.924)
[Dev] interact FloorItem world=(32.5, 0.0, 70.5) screen=(1519.384, 1142.938)
[Dev] interact @Area3D@3189 world=(33.5, 0.0, 69.5) screen=(1611.95, 1142.938)
[Dev] interact PusJar world=(95.5, 0.0, 103.5) screen=(2907.884, 3708.197)
[Dev] interact @Area3D@3349 world=(101.5, 0.0, 105.5) screen=(3093.018, 3921.969)
[Dev] interact @Area3D@3350 world=(98.5, 0.0, 107.5) screen=(2861.601, 3895.247)
[Dev] interact LootChest world=(30.5, 0.0, 71.5) screen=(1380.534, 1116.216)
[Dev] interact @Area3D@3351 world=(101.5, 0.0, 103.5) screen=(3185.585, 3868.526)
[Dev] interact @Area3D@3352 world=(99.5, 0.0, 52.5) screen=(5453.469, 2452.289)
[Dev] interact LootPot world=(60.5, 0.0, 65.5) screen=(3046.734, 1757.531)
[Dev] interact @Area3D@3353 world=(28.5, 0.0, 72.5) screen=(1241.683, 1089.495)
[Dev] interact @Area3D@3354 world=(69.5, 0.0, 78.5) screen=(2861.601, 2345.403)
[Dev] interact @Area3D@3355 world=(67.5, 0.0, 39.5) screen=(4574.085, 1249.824)
[Dev] interact @Area3D@3356 world=(104.5, 0.0, 51.5) screen=(5731.169, 2559.175)
[Dev] interact @Area3D@3357 world=(95.5, 0.0, 100.5) screen=(3046.734, 3628.033)
[Dev] interact @Area3D@3358 world=(79.5, 0.0, 27.5) screen=(5684.886, 1249.824)
[Dev] interact @Area3D@3359 world=(39.5, 0.0, 76.5) screen=(1565.667, 1490.317)
[Dev] interact @Area3D@3360 world=(67.5, 0.0, 56.5) screen=(3787.268, 1704.088)
[Dev] interact @Area3D@3361 world=(88.5, 0.0, 84.5) screen=(3463.285, 3013.44)
[Dev] interact @Area3D@3362 world=(86.5, 0.0, 47.5) screen=(5083.202, 1971.303)
[Dev] interact @Area3D@3363 world=(10.5, 0.0, 59.5) screen=(1010.267, 261.1301)
[Dev] interact @Area3D@3364 world=(78.5, 0.0, 5.5) screen=(6656.836, 635.2303)
[Dev] interact @Area3D@3365 world=(116.5, 0.0, 44.5) screen=(6610.553, 2692.782)
[Save] system menu → user://profiles_e2e_550_5517226.json.characters/doho_b4d5b4e58f92c8d62cad1041.json (C:/Users/FORYOUCOM/AppData/Roaming/Godot/app_userdata/Joseon Hunters/wt/codex-630-whirl-structure/profiles_e2e_550_5517226.json.characters/doho_b4d5b4e58f92c8d62cad1041.json)
[Audio] BGM town → town.ogg
[Save] level 못골 마을 → user://save_e2e.json (C:/Users/FORYOUCOM/AppData/Roaming/Godot/app_userdata/Joseon Hunters/wt/codex-630-whirl-structure/save_e2e.json)
E2E character_profiles PASS (검사 38)
[Save] level 못골 마을 → user://save_e2e.json (C:/Users/FORYOUCOM/AppData/Roaming/Godot/app_userdata/Joseon Hunters/wt/codex-630-whirl-structure/save_e2e.json)
[Dev] stairs DungeonEntrance dir=1 world=(0.0, 0.0, -31.0) screen=(2121.067, -492.4143)
[Dev] interact Merchant world=(5.4, 0.0, -2.4) screen=(1047.293, 368.0158)
[Dev] interact Shaman world=(-5.6, 0.0, 0.4) screen=(408.5833, 148.8999)
[Dev] interact Elder world=(2.0, 0.0, -5.6) screen=(1038.037, 191.6542)
[Dev] interact Jumo world=(7.1, 0.0, -1.4) screen=(1079.692, 440.1637)
[Dev] interact StashChest world=(3.3, 0.0, -2.05) screen=(933.8992, 321.2533)
[Dev] interact Waypoint world=(-4.2, 0.0, 2.2) screen=(390.0698, 234.4085)
[Dev] stairs DungeonEntrance dir=1 world=(0.0, 0.0, -31.0) screen=(2121.067, -492.4143)
[Dev] interact Merchant world=(5.4, 0.0, -2.4) screen=(1047.293, 368.0158)
[Dev] interact Shaman world=(-5.6, 0.0, 0.4) screen=(408.5833, 148.8999)
[Dev] interact Elder world=(2.0, 0.0, -5.6) screen=(1038.037, 191.6542)
[Dev] interact Jumo world=(7.1, 0.0, -1.4) screen=(1079.692, 440.1637)
[Dev] interact StashChest world=(3.3, 0.0, -2.05) screen=(933.8992, 321.2533)
[Dev] interact Waypoint world=(-4.2, 0.0, 2.2) screen=(390.0698, 234.4085)
E2E ▶ quest_journal
[Click] world=(-5.6, 0.0, 0.4) cell=(-6, 0)
[Save] quest_log_dialogue → user://save_e2e.json (C:/Users/FORYOUCOM/AppData/Roaming/Godot/app_userdata/Joseon Hunters/wt/codex-630-whirl-structure/save_e2e.json)
[Save] talk shaman → user://save_e2e.json (C:/Users/FORYOUCOM/AppData/Roaming/Godot/app_userdata/Joseon Hunters/wt/codex-630-whirl-structure/save_e2e.json)
[Click] world=(7.1, 0.0, -1.4) cell=(7, -2)
[Save] quest → user://save_e2e.json (C:/Users/FORYOUCOM/AppData/Roaming/Godot/app_userdata/Joseon Hunters/wt/codex-630-whirl-structure/save_e2e.json)
[Save] quest_log_dialogue → user://save_e2e.json (C:/Users/FORYOUCOM/AppData/Roaming/Godot/app_userdata/Joseon Hunters/wt/codex-630-whirl-structure/save_e2e.json)
[Save] talk jumo → user://save_e2e.json (C:/Users/FORYOUCOM/AppData/Roaming/Godot/app_userdata/Joseon Hunters/wt/codex-630-whirl-structure/save_e2e.json)
[Save] quest_log_read → user://save_e2e.json (C:/Users/FORYOUCOM/AppData/Roaming/Godot/app_userdata/Joseon Hunters/wt/codex-630-whirl-structure/save_e2e.json)
[Save] boss → user://save_e2e.json (C:/Users/FORYOUCOM/AppData/Roaming/Godot/app_userdata/Joseon Hunters/wt/codex-630-whirl-structure/save_e2e.json)
[Save] quest_log_read → user://save_e2e.json (C:/Users/FORYOUCOM/AppData/Roaming/Godot/app_userdata/Joseon Hunters/wt/codex-630-whirl-structure/save_e2e.json)
[Click] world=(7.1, 0.0, -1.4) cell=(7, -2)
[Save] quest → user://save_e2e.json (C:/Users/FORYOUCOM/AppData/Roaming/Godot/app_userdata/Joseon Hunters/wt/codex-630-whirl-structure/save_e2e.json)
[Save] quest_log_dialogue → user://save_e2e.json (C:/Users/FORYOUCOM/AppData/Roaming/Godot/app_userdata/Joseon Hunters/wt/codex-630-whirl-structure/save_e2e.json)
[Save] talk jumo → user://save_e2e.json (C:/Users/FORYOUCOM/AppData/Roaming/Godot/app_userdata/Joseon Hunters/wt/codex-630-whirl-structure/save_e2e.json)
[Save] quest_log_read → user://save_e2e.json (C:/Users/FORYOUCOM/AppData/Roaming/Godot/app_userdata/Joseon Hunters/wt/codex-630-whirl-structure/save_e2e.json)
[Save] quest_log_read → user://save_e2e.json (C:/Users/FORYOUCOM/AppData/Roaming/Godot/app_userdata/Joseon Hunters/wt/codex-630-whirl-structure/save_e2e.json)
[Save] quest_log_read → user://save_e2e.json (C:/Users/FORYOUCOM/AppData/Roaming/Godot/app_userdata/Joseon Hunters/wt/codex-630-whirl-structure/save_e2e.json)
[Save] quest_log_read → user://save_e2e.json (C:/Users/FORYOUCOM/AppData/Roaming/Godot/app_userdata/Joseon Hunters/wt/codex-630-whirl-structure/save_e2e.json)
[Save] quest_log_test → user://save_e2e.json (C:/Users/FORYOUCOM/AppData/Roaming/Godot/app_userdata/Joseon Hunters/wt/codex-630-whirl-structure/save_e2e.json)
[Load] lv=1 gold=0 flags={ "boss_killed_heukrang_gul": true, "opening_pending": false, "quest": { "beomgul_seal": { "state": "accepted" }, "bongmil_gate": { "state": "accepted" }, "heukrang_seal": { "state": "done" }, "heukrang_thanks": { "state": "killed" }, "soeburi_seal": { "state": "accepted" } }, "quest_log": { "history": { "heukrang_seal": [{ "name": "무당 할매", "source": "npc/shaman", "speaker": "shaman", "static_id": "NPC_SHAMAN_OFFER_1", "text": "도사 양반, 늦었소. 못골이 석 달째 이 꼴이오.", "uid": "npc/shaman/NPC_SHAMAN_OFFER_1" }, { "name": "도호", "source": "npc/shaman", "speaker": "doho", "static_id": "NPC_SHAMAN_OFFER_2", "text": "할매, 술부터… 아, 분위기 아니구먼.", "uid": "npc/shaman/NPC_SHAMAN_OFFER_2" }, { "name": "무당 할매", "source": "npc/shaman", "speaker": "shaman", "static_id": "NPC_SHAMAN_OFFER_3", "text": "봉인이 흔들리오. 요사한 기운이 못골로 새고 있소.", "uid": "npc/shaman/NPC_SHAMAN_OFFER_3" }, { "name": "무당 할매", "source": "npc/shaman", "speaker": "shaman", "static_id": "NPC_SHAMAN_OFFER_3B", "text": "꼬리 아홉 달린 천 년 묵은 여우, 구미호가 깨어났소.", "uid": "npc/shaman/NPC_SHAMAN_OFFER_3B" }, { "name": "무당 할매", "source": "npc/shaman", "speaker": "shaman", "static_id": "NPC_SHAMAN_OFFER_3C", "text": "그 수하가 들녘 너머 흑랑 굴에 들어앉았소.", "uid": "npc/shaman/NPC_SHAMAN_OFFER_3C" }, { "name": "무당 할매", "source": "npc/shaman", "speaker": "shaman", "static_id": "NPC_SHAMAN_OFFER_4", "text": "마을 북쪽 산길 끝 봉밀굴 문 안엔 구미호가 갇혀 있소. …아직 열 때가 아니오.", "uid": "npc/shaman/NPC_SHAMAN_OFFER_4" }, { "name": "도호", "source": "npc/shaman", "speaker": "doho", "static_id": "NPC_SHAMAN_OFFER_5", "text": "…또 봉인이여.", "uid": "npc/shaman/NPC_SHAMAN_OFFER_5" }, { "name": "무당 할매", "source": "npc/shaman", "speaker": "shaman", "static_id": "NPC_SHAMAN_OFFER_6", "text": "도사 양반밖에 없소. 장터 어귀에 주모가 있소. 길은 그 사람이 아오.", "uid": "npc/shaman/NPC_SHAMAN_OFFER_6" }, { "name": "도호", "source": "npc/shaman", "speaker": "doho", "static_id": "NPC_SHAMAN_OFFER_7", "text": "술값은—", "uid": "npc/shaman/NPC_SHAMAN_OFFER_7" }, { "name": "무당 할매", "source": "npc/shaman", "speaker": "shaman", "static_id": "NPC_SHAMAN_OFFER_8", "text": "살아서 돌아오면 쳐 드리리다.", "uid": "npc/shaman/NPC_SHAMAN_OFFER_8" }, { "name": "도호", "source": "npc/shaman", "speaker": "doho", "static_id": "NPC_SHAMAN_OFFER_9", "text": "…허. 하는 김에.", "uid": "npc/shaman/NPC_SHAMAN_OFFER_9" }, { "name": "주모", "source": "npc/jumo", "speaker": "jumo", "static_id": "NPC_JUMO_MAIN_1", "text": "그나저나 도사 양반, 이 장터가 왜 닫혔는지는 아시우?", "uid": "npc/jumo/NPC_JUMO_MAIN_1" }, { "name": "도호", "source": "npc/jumo", "speaker": "doho", "static_id": "NPC_JUMO_MAIN_2", "text": "봉인이 무너져서 괴질이 돈다는 건 대충 들었지.", "uid": "npc/jumo/NPC_JUMO_MAIN_2" }, { "name": "주모", "source": "npc/jumo", "speaker": "jumo", "static_id": "NPC_JUMO_MAIN_3", "text": "마을 북쪽 산길 끝에 봉밀굴 문 있잖우. 돌문 말이우.", "uid": "npc/jumo/NPC_JUMO_MAIN_3" }, { "name": "주모", "source": "npc/jumo", "speaker": "jumo", "static_id": "NPC_JUMO_MAIN_3B", "text": "그 문 열쇠가 세 조각으로 쪼개져서, 굴마다 하나씩 박혀 있다우.", "uid": "npc/jumo/NPC_JUMO_MAIN_3B" }, { "name": "주모", "source": "npc/jumo", "speaker": "jumo", "static_id": "NPC_JUMO_MAIN_3C", "text": "개가 하나, 들녘 흑랑 굴이우. 범이 하나, 고개 너머 범굴이우.", "uid": "npc/jumo/NPC_JUMO_MAIN_3C" }, { "name": "도호", "source": "npc/jumo", "speaker": "doho", "static_id": "NPC_JUMO_MAIN_4", "text": "소문치곤 번지수까지 친절하구먼.", "uid": "npc/jumo/NPC_JUMO_MAIN_4" }, { "name": "주모", "source": "npc/jumo", "speaker": "jumo", "static_id": "NPC_JUMO_MAIN_4B", "text": "쇠 먹는 놈 뱃속에 하나는, 같은 고개 너머 쇠부리 폐광이우.", "uid": "npc/jumo/NPC_JUMO_MAIN_4B" }, { "name": "주모", "source": "npc/jumo", "speaker": "jumo", "static_id": "NPC_JUMO_MAIN_5", "text": "목로에 앉아 있으면 소문이 다 들어오우. 값은 국물에 쳐서 받지.", "uid": "npc/jumo/NPC_JUMO_MAIN_5" }, { "name": "주모", "source": "npc/jumo", "speaker": "jumo", "static_id": "NPC_JUMO_MAIN_6", "text": "열쇠를 모아 문을 열어야 이 병의 뿌리를 뽑을 수 있고, 뿌리를 뽑아야 닫힌 장터가 다시 열리지.", "uid": "npc/jumo/NPC_JUMO_MAIN_6" }, { "name": "도호", "source": "npc/jumo", "speaker": "doho", "static_id": "NPC_JUMO_MAIN_7", "text": "뿌리라… 구미호 말이지.", "uid": "npc/jumo/NPC_JUMO_MAIN_7" }, { "name": "주모", "source": "npc/jumo", "speaker": "jumo", "static_id": "NPC_JUMO_MAIN_8", "text": "…그 이름은 내 입에 올리기 싫수. 국물 식겠수.", "uid": "npc/jumo/NPC_JUMO_MAIN_8" }, { "name": "도호", "source": "npc/jumo", "speaker": "doho", "static_id": "NPC_JUMO_MAIN_9", "text": "국물값치곤 일이 크네. 외상으로 달아 두시오.", "uid": "npc/jumo/NPC_JUMO_MAIN_9" }, { "name": "주모", "source": "npc/jumo", "speaker": "jumo", "static_id": "NPC_JUMO_MAIN_10", "text": "가까운 데부터 가시구려. 동쪽 문 밖 들녘에 흑랑 굴이 있수. …국물은 식어도 외상은 안 식수.", "uid": "npc/jumo/NPC_JUMO_MAIN_10" }, { "name": "주모", "source": "npc/jumo", "speaker": "jumo", "static_id": "NPC_JUMO_NEWS1_1", "text": "벌써 하나 가져오셨수? 그게 열쇠우? 어디 좀…", "uid": "npc/jumo/NPC_JUMO_NEWS1_1" }, { "name": "", "source": "npc/jumo", "speaker": "", "static_id": "NPC_JUMO_NEWS1_2", "text": "조각으로 뻗던 주모의 손이 허공에서 멈춘다.", "uid": "npc/jumo/NPC_JUMO_NEWS1_2" }, { "name": "주모", "source": "npc/jumo", "speaker": "jumo", "static_id": "NPC_JUMO_NEWS1_3", "text": "에구, 나이 드니 손이 시려서. 도사 양반이 들고 계시우.", "uid": "npc/jumo/NPC_JUMO_NEWS1_3" }, { "name": "도호", "source": "npc/jumo", "speaker": "doho", "static_id": "NPC_JUMO_NEWS1_4", "text": "국물 한 그릇이면 들고 다니지.", "uid": "npc/jumo/NPC_JUMO_NEWS1_4" }, { "name": "주모", "source": "npc/jumo", "speaker": "jumo", "static_id": "NPC_JUMO_NEWS1_HEUK", "text": "그 개는… 편히 갔수? …아니우, 괜한 소릴.", "uid": "npc/jumo/NPC_JUMO_NEWS1_HEUK" }, { "name": "주모", "source": "npc/jumo", "speaker": "jumo", "static_id": "NPC_JUMO_NEWS1_LEFT_BEOM_SOE", "text": "남은 둘은 고개 너머 정령재에 있수. 범굴이랑 쇠부리 폐광이우. 어느 쪽이 먼저든 상관없지.", "uid": "npc/jumo/NPC_JUMO_NEWS1_LEFT_BEOM_SOE" }, { "name": "도호", "source": "npc/jumo", "speaker": "doho", "static_id": "NPC_JUMO_NEWS1_END", "text": "외상이 자꾸 느는구먼. 갚을 날이 오긴 하려나.", "uid": "npc/jumo/NPC_JUMO_NEWS1_END" }] }, "read": { "beomgul_seal": "accepted/0", "bongmil_gate": "accepted/0", "heukrang_seal": "done/31", "soeburi_seal": "accepted/0" }, "revisions": { "heukrang_seal": 31.0 } }, "seen": { "npc/jumo/start": 2.0, "npc/shaman/start": 1.0 }, "story": { "entered/motgol": true, "event/shaman_quest": true, "jumo_met": true, "jumo_seals": 1.0, "shaman_heal_intro": true, "shaman_offer": true } } portal=<null> wps=[]
[Save] level 못골 마을 → user://save_e2e.json (C:/Users/FORYOUCOM/AppData/Roaming/Godot/app_userdata/Joseon Hunters/wt/codex-630-whirl-structure/save_e2e.json)
[Dev] stairs DungeonEntrance dir=1 world=(0.0, 0.0, -31.0) screen=(2121.067, -492.4143)
[Dev] interact Merchant world=(5.4, 0.0, -2.4) screen=(1047.293, 368.0158)
[Dev] interact Shaman world=(-5.6, 0.0, 0.4) screen=(408.5833, 148.8999)
[Dev] interact Elder world=(2.0, 0.0, -5.6) screen=(1038.037, 191.6542)
[Dev] interact Jumo world=(7.1, 0.0, -1.4) screen=(1079.692, 440.1637)
[Dev] interact StashChest world=(3.3, 0.0, -2.05) screen=(933.8992, 321.2533)
[Dev] interact Waypoint world=(-4.2, 0.0, 2.2) screen=(390.0698, 234.4085)
  · revision 타입: 저장 전 2 · JSON 복원 3
[Save] level 못골 마을 → user://save_e2e.json (C:/Users/FORYOUCOM/AppData/Roaming/Godot/app_userdata/Joseon Hunters/wt/codex-630-whirl-structure/save_e2e.json)
[Dev] stairs DungeonEntrance dir=1 world=(0.0, 0.0, -31.0) screen=(2121.067, -492.4143)
[Dev] interact Merchant world=(5.4, 0.0, -2.4) screen=(1047.293, 368.0158)
[Dev] interact Shaman world=(-5.6, 0.0, 0.4) screen=(408.5833, 148.8999)
[Dev] interact Elder world=(2.0, 0.0, -5.6) screen=(1038.037, 191.6542)
[Dev] interact Jumo world=(7.1, 0.0, -1.4) screen=(1079.692, 440.1637)
[Dev] interact StashChest world=(3.3, 0.0, -2.05) screen=(933.8992, 321.2533)
[Dev] interact Waypoint world=(-4.2, 0.0, 2.2) screen=(390.0698, 234.4085)
[Dev] 역할 — 여기엔 적을 세울 자리가 없다
E2E quest_journal PASS (검사 56)
[Save] level 못골 마을 → user://save_e2e.json (C:/Users/FORYOUCOM/AppData/Roaming/Godot/app_userdata/Joseon Hunters/wt/codex-630-whirl-structure/save_e2e.json)
[Dev] stairs DungeonEntrance dir=1 world=(0.0, 0.0, -31.0) screen=(2121.067, -492.4143)
[Dev] interact Merchant world=(5.4, 0.0, -2.4) screen=(1047.293, 368.0158)
[Dev] interact Shaman world=(-5.6, 0.0, 0.4) screen=(408.5833, 148.8999)
[Dev] interact Elder world=(2.0, 0.0, -5.6) screen=(1038.037, 191.6542)
[Dev] interact Jumo world=(7.1, 0.0, -1.4) screen=(1079.692, 440.1637)
[Dev] interact StashChest world=(3.3, 0.0, -2.05) screen=(933.8992, 321.2533)
[Dev] interact Waypoint world=(-4.2, 0.0, 2.2) screen=(390.0698, 234.4085)
E2E ▶ hud_orb_fx
[Skill] 회오리베기 → mp 48/56
E2E hud_orb_fx PASS (검사 32)
[Save] level 못골 마을 → user://save_e2e.json (C:/Users/FORYOUCOM/AppData/Roaming/Godot/app_userdata/Joseon Hunters/wt/codex-630-whirl-structure/save_e2e.json)
[Dev] stairs DungeonEntrance dir=1 world=(0.0, 0.0, -31.0) screen=(2121.067, -492.4143)
[Dev] interact Merchant world=(5.4, 0.0, -2.4) screen=(1047.293, 368.0158)
[Dev] interact Shaman world=(-5.6, 0.0, 0.4) screen=(408.5833, 148.8999)
[Dev] interact Elder world=(2.0, 0.0, -5.6) screen=(1038.037, 191.6542)
[Dev] interact Jumo world=(7.1, 0.0, -1.4) screen=(1079.692, 440.1637)
[Dev] interact StashChest world=(3.3, 0.0, -2.05) screen=(933.8992, 321.2533)
[Dev] interact Waypoint world=(-4.2, 0.0, 2.2) screen=(390.0698, 234.4085)
E2E ▶ npc_hover_view
[Click] world=(5.4, 0.0, -2.4) cell=(5, -3)
[Save] talk merchant → user://save_e2e.json (C:/Users/FORYOUCOM/AppData/Roaming/Godot/app_userdata/Joseon Hunters/wt/codex-630-whirl-structure/save_e2e.json)
[Click] world=(-5.6, 0.0, 0.4) cell=(-6, 0)
[Save] quest_log_dialogue → user://save_e2e.json (C:/Users/FORYOUCOM/AppData/Roaming/Godot/app_userdata/Joseon Hunters/wt/codex-630-whirl-structure/save_e2e.json)
[Save] talk shaman → user://save_e2e.json (C:/Users/FORYOUCOM/AppData/Roaming/Godot/app_userdata/Joseon Hunters/wt/codex-630-whirl-structure/save_e2e.json)
[Click] world=(2.0, 0.0, -5.6) cell=(2, -6)
[Save] talk elder → user://save_e2e.json (C:/Users/FORYOUCOM/AppData/Roaming/Godot/app_userdata/Joseon Hunters/wt/codex-630-whirl-structure/save_e2e.json)
[Click] world=(7.1, 0.0, -1.4) cell=(7, -2)
[Save] talk jumo → user://save_e2e.json (C:/Users/FORYOUCOM/AppData/Roaming/Godot/app_userdata/Joseon Hunters/wt/codex-630-whirl-structure/save_e2e.json)
[Save] level 못골 마을 → user://save_e2e.json (C:/Users/FORYOUCOM/AppData/Roaming/Godot/app_userdata/Joseon Hunters/wt/codex-630-whirl-structure/save_e2e.json)
[Dev] stairs DungeonEntrance dir=1 world=(0.0, 0.0, -31.0) screen=(2121.067, -492.4143)
[Dev] interact Merchant world=(5.4, 0.0, -2.4) screen=(1047.293, 368.0158)
[Dev] interact Shaman world=(-5.6, 0.0, 0.4) screen=(408.5833, 148.8999)
[Dev] interact Elder world=(2.0, 0.0, -5.6) screen=(1038.037, 191.6542)
[Dev] interact Jumo world=(7.1, 0.0, -1.4) screen=(1079.692, 440.1637)
[Dev] interact StashChest world=(3.3, 0.0, -2.05) screen=(933.8992, 321.2533)
[Dev] interact Waypoint world=(-4.2, 0.0, 2.2) screen=(390.0698, 234.4085)
[Save] level 못골 마을 → user://save_e2e.json (C:/Users/FORYOUCOM/AppData/Roaming/Godot/app_userdata/Joseon Hunters/wt/codex-630-whirl-structure/save_e2e.json)
[Dev] stairs DungeonEntrance dir=1 world=(0.0, 0.0, -31.0) screen=(2121.067, -492.4143)
[Dev] interact Merchant world=(5.4, 0.0, -2.4) screen=(1047.293, 368.0158)
[Dev] interact Shaman world=(-5.6, 0.0, 0.4) screen=(408.5833, 148.8999)
[Dev] interact Elder world=(2.0, 0.0, -5.6) screen=(1038.037, 191.6542)
[Dev] interact Jumo world=(7.1, 0.0, -1.4) screen=(1079.692, 440.1637)
[Dev] interact StashChest world=(3.3, 0.0, -2.05) screen=(933.8992, 321.2533)
[Dev] interact Waypoint world=(-4.2, 0.0, 2.2) screen=(390.0698, 234.4085)
[Click] world=(7.1, 0.0, -1.4) cell=(7, -2)
[Save] talk jumo → user://save_e2e.json (C:/Users/FORYOUCOM/AppData/Roaming/Godot/app_userdata/Joseon Hunters/wt/codex-630-whirl-structure/save_e2e.json)
[Save] level 못골 마을 → user://save_e2e.json (C:/Users/FORYOUCOM/AppData/Roaming/Godot/app_userdata/Joseon Hunters/wt/codex-630-whirl-structure/save_e2e.json)
[Dev] stairs DungeonEntrance dir=1 world=(0.0, 0.0, -31.0) screen=(2121.067, -492.4143)
[Dev] interact Merchant world=(5.4, 0.0, -2.4) screen=(1047.293, 368.0158)
[Dev] interact Shaman world=(-5.6, 0.0, 0.4) screen=(408.5833, 148.8999)
[Dev] interact Elder world=(2.0, 0.0, -5.6) screen=(1038.037, 191.6542)
[Dev] interact Jumo world=(7.1, 0.0, -1.4) screen=(1079.692, 440.1637)
[Dev] interact StashChest world=(3.3, 0.0, -2.05) screen=(933.8992, 321.2533)
[Dev] interact Waypoint world=(-4.2, 0.0, 2.2) screen=(390.0698, 234.4085)
E2E npc_hover_view PASS (검사 77)
[Save] level 못골 마을 → user://save_e2e.json (C:/Users/FORYOUCOM/AppData/Roaming/Godot/app_userdata/Joseon Hunters/wt/codex-630-whirl-structure/save_e2e.json)
[Dev] stairs DungeonEntrance dir=1 world=(0.0, 0.0, -31.0) screen=(2121.067, -492.4143)
[Dev] interact Merchant world=(5.4, 0.0, -2.4) screen=(1047.293, 368.0158)
[Dev] interact Shaman world=(-5.6, 0.0, 0.4) screen=(408.5833, 148.8999)
[Dev] interact Elder world=(2.0, 0.0, -5.6) screen=(1038.037, 191.6542)
[Dev] interact Jumo world=(7.1, 0.0, -1.4) screen=(1079.692, 440.1637)
[Dev] interact StashChest world=(3.3, 0.0, -2.05) screen=(933.8992, 321.2533)
[Dev] interact Waypoint world=(-4.2, 0.0, 2.2) screen=(390.0698, 234.4085)
E2E ▶ elite_ui_view
[Dungeon] heukrang_gul 1층 lv=2 seed=403727558 gen 64x64 rooms=6 up=(44, 56) down=(7, 23) enemies=20 roster=bandit,bat,talisman_master elites=["방2:금색×3(깊이 0.50)"] named=-
[Quest] heukrang_gul 1층 — 싹쓸이 셈 시작 20 (heukrang_clear:none)
[Audio] BGM dungeon → dungeon_3.ogg
[Save] level 흑랑 굴 1층 → user://save_e2e.json (C:/Users/FORYOUCOM/AppData/Roaming/Godot/app_userdata/Joseon Hunters/wt/codex-630-whirl-structure/save_e2e.json)
[Dev] stairs StairsUp dir=-1 world=(44.5, 0.0, 56.5) screen=(593.7165, 335.9509)
[Dev] stairs StairsDown dir=1 world=(7.5, 0.0, 23.5) screen=(408.583, -1534.551)
[Dev] interact PusJar world=(29.5, 0.0, 42.5) screen=(547.433, -487.0705)
[Dev] interact @Area3D@5172 world=(14.5, 0.0, 24.5) screen=(686.2831, -1368.878)
[Dev] interact @Area3D@5173 world=(23.5, 0.0, 18.5) screen=(1380.534, -1288.714)
[Dev] interact LootChest world=(29.5, 0.0, 39.5) screen=(686.2831, -567.2349)
[Dev] interact @Area3D@5174 world=(40.5, 0.0, 38.5) screen=(1241.683, -300.0204)
[Dev] interact LootPot world=(17.5, 0.0, 43.5) screen=(-54.25064, -781.0067)
[Dev] interact @Area3D@5175 world=(18.5, 0.0, 44.5) screen=(-54.25041, -727.5637)
[Dev] interact @Area3D@5176 world=(19.5, 0.0, 9.5) screen=(1611.95, -1636.093)
[Dev] interact @Area3D@5177 world=(20.5, 0.0, 9.5) screen=(1658.234, -1609.372)
[Dev] interact @Area3D@5178 world=(43.5, 0.0, 60.5) screen=(362.2997, 368.0159)
[Dev] interact @Area3D@5179 world=(43.5, 0.0, 59.5) screen=(408.583, 341.2944)
[Dev] interact @Area3D@5180 world=(21.5, 0.0, 39.5) screen=(316.0163, -781.0065)
[Dev] removed 20 enemies
[Dev] removed 3 enemies
[Dev] removed 5 enemies
[Dev] item 붉은 문턱 (환도) world=(24.5, 0.000391, 49.5) screen=(732.5665, 397.41)
E2E elite_ui_view PASS (검사 6)
[Audio] BGM town → town.ogg
[Save] level 못골 마을 → user://save_e2e.json (C:/Users/FORYOUCOM/AppData/Roaming/Godot/app_userdata/Joseon Hunters/wt/codex-630-whirl-structure/save_e2e.json)
[Dev] stairs DungeonEntrance dir=1 world=(0.0, 0.0, -31.0) screen=(2121.067, -492.4143)
[Dev] interact Merchant world=(5.4, 0.0, -2.4) screen=(1047.293, 368.0158)
[Dev] interact Shaman world=(-5.6, 0.0, 0.4) screen=(408.5833, 148.8999)
[Dev] interact Elder world=(2.0, 0.0, -5.6) screen=(1038.037, 191.6542)
[Dev] interact Jumo world=(7.1, 0.0, -1.4) screen=(1079.692, 440.1637)
[Dev] interact StashChest world=(3.3, 0.0, -2.05) screen=(933.8992, 321.2533)
[Dev] interact Waypoint world=(-4.2, 0.0, 2.2) screen=(390.0698, 234.4085)
E2E ▶ hud_hierarchy_view
[Dungeon] heukrang_gul 1층 lv=2 seed=403727558 gen 64x64 rooms=6 up=(44, 56) down=(7, 23) enemies=20 roster=bandit,bat,talisman_master elites=["방2:금색×3(깊이 0.50)"] named=-
[Quest] heukrang_gul 1층 — 싹쓸이 셈 시작 20 (heukrang_clear:none)
[Audio] BGM dungeon → dungeon_1.ogg
[Save] level 흑랑 굴 1층 → user://save_e2e.json (C:/Users/FORYOUCOM/AppData/Roaming/Godot/app_userdata/Joseon Hunters/wt/codex-630-whirl-structure/save_e2e.json)
[Dev] stairs StairsUp dir=-1 world=(44.5, 0.0, 56.5) screen=(593.7165, 335.9509)
[Dev] stairs StairsDown dir=1 world=(7.5, 0.0, 23.5) screen=(408.583, -1534.551)
[Dev] interact PusJar world=(29.5, 0.0, 42.5) screen=(547.433, -487.0705)
[Dev] interact @Area3D@5565 world=(14.5, 0.0, 24.5) screen=(686.2831, -1368.878)
[Dev] interact @Area3D@5566 world=(23.5, 0.0, 18.5) screen=(1380.534, -1288.714)
[Dev] interact LootChest world=(29.5, 0.0, 39.5) screen=(686.2831, -567.2349)
[Dev] interact @Area3D@5567 world=(40.5, 0.0, 38.5) screen=(1241.683, -300.0204)
[Dev] interact LootPot world=(17.5, 0.0, 43.5) screen=(-54.25064, -781.0067)
[Dev] interact @Area3D@5568 world=(18.5, 0.0, 44.5) screen=(-54.25041, -727.5637)
[Dev] interact @Area3D@5569 world=(19.5, 0.0, 9.5) screen=(1611.95, -1636.093)
[Dev] interact @Area3D@5570 world=(20.5, 0.0, 9.5) screen=(1658.234, -1609.372)
[Dev] interact @Area3D@5571 world=(43.5, 0.0, 60.5) screen=(362.2997, 368.0159)
[Dev] interact @Area3D@5572 world=(43.5, 0.0, 59.5) screen=(408.583, 341.2944)
[Dev] interact @Area3D@5573 world=(21.5, 0.0, 39.5) screen=(316.0163, -781.0065)
[Dev] removed 20 enemies
[Skill] 회오리베기 → mp 88/96
E2E hud_hierarchy_view PASS (검사 120)
[Audio] BGM town → town.ogg
[Save] level 못골 마을 → user://save_e2e.json (C:/Users/FORYOUCOM/AppData/Roaming/Godot/app_userdata/Joseon Hunters/wt/codex-630-whirl-structure/save_e2e.json)
[Dev] stairs DungeonEntrance dir=1 world=(0.0, 0.0, -31.0) screen=(2121.067, -492.4143)
[Dev] interact Merchant world=(5.4, 0.0, -2.4) screen=(1047.293, 368.0158)
[Dev] interact Shaman world=(-5.6, 0.0, 0.4) screen=(408.5833, 148.8999)
[Dev] interact Elder world=(2.0, 0.0, -5.6) screen=(1038.037, 191.6542)
[Dev] interact Jumo world=(7.1, 0.0, -1.4) screen=(1079.692, 440.1637)
[Dev] interact StashChest world=(3.3, 0.0, -2.05) screen=(933.8992, 321.2533)
[Dev] interact Waypoint world=(-4.2, 0.0, 2.2) screen=(390.0698, 234.4085)
E2E ▶ pickup_feedback_view
E2E pickup_feedback_view PASS (검사 3)
[Save] level 못골 마을 → user://save_e2e.json (C:/Users/FORYOUCOM/AppData/Roaming/Godot/app_userdata/Joseon Hunters/wt/codex-630-whirl-structure/save_e2e.json)
[Dev] stairs DungeonEntrance dir=1 world=(0.0, 0.0, -31.0) screen=(2121.067, -492.4143)
[Dev] interact Merchant world=(5.4, 0.0, -2.4) screen=(1047.293, 368.0158)
[Dev] interact Shaman world=(-5.6, 0.0, 0.4) screen=(408.5833, 148.8999)
[Dev] interact Elder world=(2.0, 0.0, -5.6) screen=(1038.037, 191.6542)
[Dev] interact Jumo world=(7.1, 0.0, -1.4) screen=(1079.692, 440.1637)
[Dev] interact StashChest world=(3.3, 0.0, -2.05) screen=(933.8992, 321.2533)
[Dev] interact Waypoint world=(-4.2, 0.0, 2.2) screen=(390.0698, 234.4085)
E2E ▶ icon_intake
[Click] world=(5.4, 0.0, -2.4) cell=(5, -3)
[Click] world=(5.4, 0.0, -2.4) cell=(5, -3)
  · 청심환 즉시 회복: HP 60.50000000000000700/60.50000000000000700 · MP 60.50000000000000700/60.50000000000000700 · 재생률 HP/MP=0.0/1.3 · Player 물리=false
[Dungeon] heukrang_gul 1층 lv=2 seed=403727558 gen 64x64 rooms=6 up=(44, 56) down=(7, 23) enemies=20 roster=bandit,bat,talisman_master elites=["방2:금색×3(깊이 0.50)"] named=-
[Quest] heukrang_gul 1층 — 싹쓸이 셈 시작 20 (heukrang_clear:none)
[Audio] BGM dungeon → dungeon_2.ogg
[Save] level 흑랑 굴 1층 → user://save_e2e.json (C:/Users/FORYOUCOM/AppData/Roaming/Godot/app_userdata/Joseon Hunters/wt/codex-630-whirl-structure/save_e2e.json)
[Dev] stairs StairsUp dir=-1 world=(44.5, 0.0, 56.5) screen=(593.7165, 335.9509)
[Dev] stairs StairsDown dir=1 world=(7.5, 0.0, 23.5) screen=(408.583, -1534.551)
[Dev] interact PusJar world=(29.5, 0.0, 42.5) screen=(547.433, -487.0705)
[Dev] interact @Area3D@6105 world=(14.5, 0.0, 24.5) screen=(686.2831, -1368.878)
[Dev] interact @Area3D@6106 world=(23.5, 0.0, 18.5) screen=(1380.534, -1288.714)
[Dev] interact LootChest world=(29.5, 0.0, 39.5) screen=(686.2831, -567.2349)
[Dev] interact @Area3D@6107 world=(40.5, 0.0, 38.5) screen=(1241.683, -300.0204)
[Dev] interact LootPot world=(17.5, 0.0, 43.5) screen=(-54.25064, -781.0067)
[Dev] interact @Area3D@6108 world=(18.5, 0.0, 44.5) screen=(-54.25041, -727.5637)
[Dev] interact @Area3D@6109 world=(19.5, 0.0, 9.5) screen=(1611.95, -1636.093)
[Dev] interact @Area3D@6110 world=(20.5, 0.0, 9.5) screen=(1658.234, -1609.372)
[Dev] interact @Area3D@6111 world=(43.5, 0.0, 60.5) screen=(362.2997, 368.0159)
[Dev] interact @Area3D@6112 world=(43.5, 0.0, 59.5) screen=(408.583, 341.2944)
[Dev] interact @Area3D@6113 world=(21.5, 0.0, 39.5) screen=(316.0163, -781.0065)
[Dev] removed 20 enemies
[Click] world=(-5.6, 0.0, 0.4) cell=(-6, 0)
[Click] world=(1.72969, 0.0, 2.026486) cell=(1, 2)
[Click] world=(5.4, 0.0, -2.4) cell=(5, -3)
[Click] world=(1.142134, 0.0, 2.577593) cell=(1, 2)
[Click] world=(2.054921, 0.0, 2.999449) cell=(2, 2)
[Click] world=(1.72969, 0.0, 2.026486) cell=(1, 2)
[Click] world=(1.933486, 0.0, 2.855147) cell=(1, 2)
[Click] world=(5.4, 0.0, -2.4) cell=(5, -3)
[Click] world=(1.142134, 0.0, 2.577593) cell=(1, 2)
[Click] world=(2.054921, 0.0, 2.999449) cell=(2, 2)
[Click] world=(1.72969, 0.0, 2.026486) cell=(1, 2)
[Click] world=(1.165086, 0.0, 2.971338) cell=(1, 2)
E2E icon_intake PASS (검사 315)
[Save] level 못골 마을 → user://save_e2e.json (C:/Users/FORYOUCOM/AppData/Roaming/Godot/app_userdata/Joseon Hunters/wt/codex-630-whirl-structure/save_e2e.json)
[Dev] stairs DungeonEntrance dir=1 world=(0.0, 0.0, -31.0) screen=(2121.067, -492.4143)
[Dev] interact Merchant world=(5.4, 0.0, -2.4) screen=(1047.293, 368.0158)
[Dev] interact Shaman world=(-5.6, 0.0, 0.4) screen=(408.5833, 148.8999)
[Dev] interact Elder world=(2.0, 0.0, -5.6) screen=(1038.037, 191.6542)
[Dev] interact Jumo world=(7.1, 0.0, -1.4) screen=(1079.692, 440.1637)
[Dev] interact StashChest world=(3.3, 0.0, -2.05) screen=(933.8992, 321.2533)
[Dev] interact Waypoint world=(-4.2, 0.0, 2.2) screen=(390.0698, 234.4085)
E2E ▶ automap
[Click] world=(-2.499806, 0.0, 2.500195) cell=(-3, 2)
[Skill] 참격 → mp 46/50
[Dev] item 화염부 world=(32.5, 0.0, 70.5) screen=(-922.3114, 3077.183)
[Dev] item 빙결부 world=(33.5, 0.0, 69.5) screen=(-829.7448, 3077.183)
[Field] deulnyeok seed=355022911 128x128 props=2252 packs=18 enemies=77 waypoint=(62, 65) roster=bandit,bat,talisman_master elites=["13:파란×4@구간3"]
[Audio] BGM dungeon → dungeon_4.ogg
[Save] level 못골 들녘 → user://save_e2e.json (C:/Users/FORYOUCOM/AppData/Roaming/Godot/app_userdata/Joseon Hunters/wt/codex-630-whirl-structure/save_e2e.json)
[Dev] stairs Down_cave dir=1 world=(88.5, 0.0, 3.5) screen=(7212.236, 897.1014)
[Dev] interact Waypoint world=(62.5, 0.0, 65.5) screen=(3139.301, 1810.974)
[Dev] interact FloorItem world=(32.5, 0.0, 70.5) screen=(1519.384, 1142.938)
[Dev] interact @Area3D@7765 world=(33.5, 0.0, 69.5) screen=(1611.95, 1142.938)
[Dev] interact PusJar world=(95.5, 0.0, 103.5) screen=(2907.884, 3708.197)
[Dev] interact @Area3D@7992 world=(101.5, 0.0, 105.5) screen=(3093.018, 3921.969)
[Dev] interact @Area3D@7993 world=(98.5, 0.0, 107.5) screen=(2861.601, 3895.247)
[Dev] interact LootChest world=(27.5, 0.0, 70.5) screen=(1287.967, 1009.331)
[Dev] interact @Area3D@7994 world=(94.5, 0.0, 100.5) screen=(3000.451, 3601.312)
[Dev] interact @Area3D@7995 world=(55.5, 0.0, 52.5) screen=(3417.001, 1276.545)
[Dev] interact LootPot world=(46.5, 0.0, 68.5) screen=(2259.917, 1463.595)
[Dev] interact @Area3D@7996 world=(73.5, 0.0, 47.5) screen=(4481.519, 1623.924)
[Dev] interact @Area3D@7997 world=(90.5, 0.0, 47.5) screen=(5268.335, 2078.189)
[Dev] interact @Area3D@7998 world=(111.5, 0.0, 49.5) screen=(6147.719, 2692.782)
[Dev] interact @Area3D@7999 world=(101.5, 0.0, 101.5) screen=(3278.151, 3815.083)
[Dev] interact @Area3D@8000 world=(86.5, 0.0, 76.5) screen=(3740.984, 2746.225)
[Dev] interact @Area3D@8001 world=(53.5, 0.0, 52.5) screen=(3324.434, 1223.102)
[Dev] interact @Area3D@8002 world=(87.5, 0.0, 95.5) screen=(2907.884, 3280.654)
[Dev] interact @Area3D@8003 world=(26.5, 0.0, 66.5) screen=(1426.817, 875.7234)
[Dev] interact @Area3D@8004 world=(17.5, 0.0, 60.5) screen=(1287.967, 474.9016)
[Dev] interact @Area3D@8005 world=(86.5, 0.0, 22.5) screen=(6240.286, 1303.266)
[Dev] interact @Area3D@8006 world=(59.5, 0.0, 65.5) screen=(3000.451, 1730.81)
[Dev] interact @Area3D@8007 world=(18.5, 0.0, 74.5) screen=(686.2832, 875.7234)
[Dev] interact @Area3D@8008 world=(44.5, 0.0, 69.5) screen=(2121.067, 1436.874)
[Dev] interact @Area3D@8009 world=(73.5, 0.0, 49.5) screen=(4388.952, 1677.367)
[Dev] interact @Area3D@8010 world=(88.5, 0.0, 52.5) screen=(4944.352, 2158.353)
[Dev] removed 77 enemies
[Click] world=(88.5, 0.0, 3.500002) cell=(88, 3)
[Dungeon] heukrang_gul 1층 lv=2 seed=403727558 gen 64x64 rooms=6 up=(44, 56) down=(7, 23) enemies=20 roster=bandit,bat,talisman_master elites=["방2:금색×3(깊이 0.50)"] named=-
[Quest] heukrang_gul 1층 — 싹쓸이 셈 시작 20 (heukrang_clear:none)
[Save] level 흑랑 굴 1층 → user://save_e2e.json (C:/Users/FORYOUCOM/AppData/Roaming/Godot/app_userdata/Joseon Hunters/wt/codex-630-whirl-structure/save_e2e.json)
[Dev] stairs StairsUp dir=-1 world=(44.5, 0.0, 56.5) screen=(593.7165, 335.9509)
[Dev] stairs StairsDown dir=1 world=(7.5, 0.0, 23.5) screen=(408.583, -1534.551)
[Dev] interact PusJar world=(29.5, 0.0, 42.5) screen=(547.433, -487.0705)
[Dev] interact @Area3D@8213 world=(14.5, 0.0, 24.5) screen=(686.2831, -1368.878)
[Dev] interact @Area3D@8214 world=(23.5, 0.0, 18.5) screen=(1380.534, -1288.714)
[Dev] interact LootChest world=(29.5, 0.0, 39.5) screen=(686.2831, -567.2349)
[Dev] interact @Area3D@8215 world=(40.5, 0.0, 38.5) screen=(1241.683, -300.0204)
[Dev] interact LootPot world=(17.5, 0.0, 43.5) screen=(-54.25064, -781.0067)
[Dev] interact @Area3D@8216 world=(18.5, 0.0, 44.5) screen=(-54.25041, -727.5637)
[Dev] interact @Area3D@8217 world=(19.5, 0.0, 9.5) screen=(1611.95, -1636.093)
[Dev] interact @Area3D@8218 world=(20.5, 0.0, 9.5) screen=(1658.234, -1609.372)
[Dev] interact @Area3D@8219 world=(43.5, 0.0, 60.5) screen=(362.2997, 368.0159)
[Dev] interact @Area3D@8220 world=(43.5, 0.0, 59.5) screen=(408.583, 341.2944)
[Dev] interact @Area3D@8221 world=(21.5, 0.0, 39.5) screen=(316.0163, -781.0065)
[Dev] removed 20 enemies
[Click] world=(40.5, 0.0, 55.5) cell=(40, 55)
[Click] world=(36.38916, 0.0, 54.49975) cell=(36, 54)
[Click] world=(35.40848, 0.0, 50.43844) cell=(35, 50)
[Click] world=(35.49265, 0.000002, 46.38799) cell=(35, 46)
[Click] world=(31.49954, 0.0, 43.38654) cell=(31, 43)
[Click] world=(27.39725, 0.0, 44.45979) cell=(27, 44)
[Click] world=(23.40887, 0.0, 48.55948) cell=(23, 48)
[Dungeon] heukrang_gul 2층 lv=3 seed=3189434797 preset 28x28 rooms=2 up=(22, 23) down=(-1, -1) enemies=2 roster=bat elites=[] named=-
[Audio] BGM boss → boss.ogg
[Save] level 흑랑 굴 2층 → user://save_e2e.json (C:/Users/FORYOUCOM/AppData/Roaming/Godot/app_userdata/Joseon Hunters/wt/codex-630-whirl-structure/save_e2e.json)
[Dev] stairs StairsUp dir=-1 world=(22.5, 0.0, 23.5) screen=(593.7167, 335.9507)
[Dev] near boss hp=195/195
[Dev] item 화염부 world=(32.5, 0.0, 70.5) screen=(-1211.334, 2590.001)
[Dev] item 빙결부 world=(33.5, 0.0, 69.5) screen=(-1118.768, 2590.0)
[Field] deulnyeok seed=355022911 128x128 props=2252 packs=18 enemies=77 waypoint=(62, 65) roster=bandit,bat,talisman_master elites=["13:파란×4@구간3"]
[Audio] BGM dungeon → dungeon_2.ogg
[Save] level 못골 들녘 → user://save_e2e.json (C:/Users/FORYOUCOM/AppData/Roaming/Godot/app_userdata/Joseon Hunters/wt/codex-630-whirl-structure/save_e2e.json)
[Dev] stairs Down_cave dir=1 world=(88.5, 0.0, 3.5) screen=(7212.236, 897.1014)
[Dev] interact Waypoint world=(62.5, 0.0, 65.5) screen=(3139.301, 1810.974)
[Dev] interact FloorItem world=(32.5, 0.0, 70.5) screen=(1519.384, 1142.938)
[Dev] interact @Area3D@8795 world=(33.5, 0.0, 69.5) screen=(1611.95, 1142.938)
[Dev] interact PusJar world=(95.5, 0.0, 103.5) screen=(2907.884, 3708.197)
[Dev] interact @Area3D@9022 world=(101.5, 0.0, 105.5) screen=(3093.018, 3921.969)
[Dev] interact @Area3D@9023 world=(98.5, 0.0, 107.5) screen=(2861.601, 3895.247)
[Dev] interact LootChest world=(27.5, 0.0, 70.5) screen=(1287.967, 1009.331)
[Dev] interact @Area3D@9024 world=(94.5, 0.0, 100.5) screen=(3000.451, 3601.312)
[Dev] interact @Area3D@9025 world=(55.5, 0.0, 52.5) screen=(3417.001, 1276.545)
[Dev] interact LootPot world=(46.5, 0.0, 68.5) screen=(2259.917, 1463.595)
[Dev] interact @Area3D@9026 world=(73.5, 0.0, 47.5) screen=(4481.519, 1623.924)
[Dev] interact @Area3D@9027 world=(90.5, 0.0, 47.5) screen=(5268.335, 2078.189)
[Dev] interact @Area3D@9028 world=(111.5, 0.0, 49.5) screen=(6147.719, 2692.782)
[Dev] interact @Area3D@9029 world=(101.5, 0.0, 101.5) screen=(3278.151, 3815.083)
[Dev] interact @Area3D@9030 world=(86.5, 0.0, 76.5) screen=(3740.984, 2746.225)
[Dev] interact @Area3D@9031 world=(53.5, 0.0, 52.5) screen=(3324.434, 1223.102)
[Dev] interact @Area3D@9032 world=(87.5, 0.0, 95.5) screen=(2907.884, 3280.654)
[Dev] interact @Area3D@9033 world=(26.5, 0.0, 66.5) screen=(1426.817, 875.7234)
[Dev] interact @Area3D@9034 world=(17.5, 0.0, 60.5) screen=(1287.967, 474.9016)
[Dev] interact @Area3D@9035 world=(86.5, 0.0, 22.5) screen=(6240.286, 1303.266)
[Dev] interact @Area3D@9036 world=(59.5, 0.0, 65.5) screen=(3000.451, 1730.81)
[Dev] interact @Area3D@9037 world=(18.5, 0.0, 74.5) screen=(686.2832, 875.7234)
[Dev] interact @Area3D@9038 world=(44.5, 0.0, 69.5) screen=(2121.067, 1436.874)
[Dev] interact @Area3D@9039 world=(73.5, 0.0, 49.5) screen=(4388.952, 1677.367)
[Dev] interact @Area3D@9040 world=(88.5, 0.0, 52.5) screen=(4944.352, 2158.353)
[Dev] item 화염부 world=(32.5, 0.0, 70.5) screen=(1519.384, 1172.353)
[Dev] item 빙결부 world=(33.5, 0.0, 69.5) screen=(1611.95, 1172.353)
[Field] deulnyeok seed=2003693712 128x128 props=2327 packs=16 enemies=61 waypoint=(60, 60) roster=bandit,bat,talisman_master elites=["15:금색×3@구간3"]
[Save] level 못골 들녘 → user://save_e2e.json (C:/Users/FORYOUCOM/AppData/Roaming/Godot/app_userdata/Joseon Hunters/wt/codex-630-whirl-structure/save_e2e.json)
[Dev] stairs Down_cave dir=1 world=(88.5, 0.0, 3.5) screen=(7212.236, 897.1014)
[Dev] interact Waypoint world=(60.5, 0.0, 60.5) screen=(3278.151, 1623.924)
[Dev] interact FloorItem world=(32.5, 0.0, 70.5) screen=(1519.384, 1142.938)
[Dev] interact @Area3D@9540 world=(33.5, 0.0, 69.5) screen=(1611.95, 1142.938)
[Dev] interact PusJar world=(95.5, 0.0, 103.5) screen=(2907.884, 3708.197)
[Dev] interact @Area3D@9717 world=(101.5, 0.0, 105.5) screen=(3093.018, 3921.969)
[Dev] interact @Area3D@9718 world=(98.5, 0.0, 107.5) screen=(2861.601, 3895.247)
[Dev] interact LootChest world=(30.5, 0.0, 71.5) screen=(1380.534, 1116.216)
[Dev] interact @Area3D@9719 world=(96.5, 0.0, 101.5) screen=(3046.734, 3681.476)
[Dev] interact @Area3D@9720 world=(63.5, 0.0, 73.5) screen=(2815.317, 2051.467)
[Dev] interact @Area3D@9721 world=(96.5, 0.0, 11.5) screen=(7212.236, 1276.545)
[Dev] interact LootPot world=(94.5, 0.0, 14.5) screen=(6980.82, 1303.267)
[Dev] interact @Area3D@9722 world=(13.5, 0.0, 64.5) screen=(917.6999, 474.9017)
[Dev] interact @Area3D@9723 world=(27.5, 0.0, 71.5) screen=(1241.683, 1036.052)
[Dev] interact @Area3D@9724 world=(78.5, 0.0, 21.5) screen=(5916.303, 1062.774)
[Dev] interact @Area3D@9725 world=(95.5, 0.0, 47.5) screen=(5499.752, 2211.796)
[Dev] interact @Area3D@9726 world=(24.5, 0.0, 59.5) screen=(1658.234, 635.2303)
[Dev] interact @Area3D@9727 world=(104.5, 0.0, 35.5) screen=(6471.703, 2131.632)
[Dev] interact @Area3D@9728 world=(62.5, 0.0, 67.5) screen=(3046.734, 1864.417)
[Dev] interact @Area3D@9729 world=(61.5, 0.0, 65.5) screen=(3093.018, 1784.253)
[Dev] interact @Area3D@9730 world=(62.5, 0.0, 37.5) screen=(4435.235, 1062.774)
[Dev] interact @Area3D@9731 world=(82.5, 0.0, 71.5) screen=(3787.268, 2505.732)
[Dev] interact @Area3D@9732 world=(81.5, 0.0, 47.5) screen=(4851.785, 1837.695)
[Dev] interact @Area3D@9733 world=(94.5, 0.0, 100.5) screen=(3000.451, 3601.312)
[Dev] interact @Area3D@9734 world=(96.5, 0.0, 13.5) screen=(7119.67, 1329.988)
[Audio] BGM town → town.ogg
[Save] level 못골 마을 → user://save_e2e.json (C:/Users/FORYOUCOM/AppData/Roaming/Godot/app_userdata/Joseon Hunters/wt/codex-630-whirl-structure/save_e2e.json)
[Dev] stairs DungeonEntrance dir=1 world=(0.0, 0.0, -31.0) screen=(2121.067, -492.4143)
[Dev] interact Merchant world=(5.4, 0.0, -2.4) screen=(1047.293, 368.0158)
[Dev] interact Shaman world=(-5.6, 0.0, 0.4) screen=(408.5833, 148.8999)
[Dev] interact Elder world=(2.0, 0.0, -5.6) screen=(1038.037, 191.6542)
[Dev] interact Jumo world=(7.1, 0.0, -1.4) screen=(1079.692, 440.1637)
[Dev] interact StashChest world=(3.3, 0.0, -2.05) screen=(933.8992, 321.2533)
[Dev] interact Waypoint world=(-4.2, 0.0, 2.2) screen=(390.0698, 234.4085)
E2E automap PASS (검사 50)
[Save] level 못골 마을 → user://save_e2e.json (C:/Users/FORYOUCOM/AppData/Roaming/Godot/app_userdata/Joseon Hunters/wt/codex-630-whirl-structure/save_e2e.json)
[Dev] stairs DungeonEntrance dir=1 world=(0.0, 0.0, -31.0) screen=(2121.067, -492.4143)
[Dev] interact Merchant world=(5.4, 0.0, -2.4) screen=(1047.293, 368.0158)
[Dev] interact Shaman world=(-5.6, 0.0, 0.4) screen=(408.5833, 148.8999)
[Dev] interact Elder world=(2.0, 0.0, -5.6) screen=(1038.037, 191.6542)
[Dev] interact Jumo world=(7.1, 0.0, -1.4) screen=(1079.692, 440.1637)
[Dev] interact StashChest world=(3.3, 0.0, -2.05) screen=(933.8992, 321.2533)
[Dev] interact Waypoint world=(-4.2, 0.0, 2.2) screen=(390.0698, 234.4085)
E2E ▶ pickup_equip
[Dev] item 장검 world=(1.9, 0.0, 1.0) screen=(727.9384, 397.4098)
[Dev] item 누비옷 world=(1.711841, 0.0, 1.824379) screen=(681.0747, 414.4106)
[Dev] item 짚신 world=(1.184631, 0.0, 2.48548) screen=(626.0757, 417.9883)
[Dev] item 은가락지 world=(0.42279, 0.0, 2.852363) screen=(573.8345, 407.4345)
[Dev] item 탕약 — 쌍화탕 world=(-0.42279, 0.0, 2.852363) screen=(534.6982, 384.8393)
[Dev] item 식별부 world=(-1.184631, 0.0, 2.48548) screen=(516.4183, 354.6782)
[Dev] item 무명띠 world=(-1.711841, 0.0, 1.824379) screen=(522.6152, 322.9248)
[Dev] item 엽전 world=(-1.9, 0.0, 1.0) screen=(552.0616, 295.8683)
[Dungeon] heukrang_gul 1층 lv=2 seed=403727558 gen 64x64 rooms=6 up=(44, 56) down=(7, 23) enemies=20 roster=bandit,bat,talisman_master elites=["방2:금색×3(깊이 0.50)"] named=-
[Quest] heukrang_gul 1층 — 싹쓸이 셈 시작 20 (heukrang_clear:none)
[Audio] BGM dungeon → dungeon_3.ogg
[Save] level 흑랑 굴 1층 → user://save_e2e.json (C:/Users/FORYOUCOM/AppData/Roaming/Godot/app_userdata/Joseon Hunters/wt/codex-630-whirl-structure/save_e2e.json)
[Dev] stairs StairsUp dir=-1 world=(44.5, 0.0, 56.5) screen=(593.7165, 335.9509)
[Dev] stairs StairsDown dir=1 world=(7.5, 0.0, 23.5) screen=(408.583, -1534.551)
[Dev] interact PusJar world=(29.5, 0.0, 42.5) screen=(547.433, -487.0705)
[Dev] interact @Area3D@10265 world=(14.5, 0.0, 24.5) screen=(686.2831, -1368.878)
[Dev] interact @Area3D@10266 world=(23.5, 0.0, 18.5) screen=(1380.534, -1288.714)
[Dev] interact LootChest world=(29.5, 0.0, 39.5) screen=(686.2831, -567.2349)
[Dev] interact @Area3D@10267 world=(40.5, 0.0, 38.5) screen=(1241.683, -300.0204)
[Dev] interact LootPot world=(17.5, 0.0, 43.5) screen=(-54.25064, -781.0067)
[Dev] interact @Area3D@10268 world=(18.5, 0.0, 44.5) screen=(-54.25041, -727.5637)
[Dev] interact @Area3D@10269 world=(19.5, 0.0, 9.5) screen=(1611.95, -1636.093)
[Dev] interact @Area3D@10270 world=(20.5, 0.0, 9.5) screen=(1658.234, -1609.372)
[Dev] interact @Area3D@10271 world=(43.5, 0.0, 60.5) screen=(362.2997, 368.0159)
[Dev] interact @Area3D@10272 world=(43.5, 0.0, 59.5) screen=(408.583, 341.2944)
[Dev] interact @Area3D@10273 world=(21.5, 0.0, 39.5) screen=(316.0163, -781.0065)
[Dev] removed 20 enemies
[Dev] item 환도 world=(46.9, 0.0, 57.1) screen=(677.0266, 397.4309)
[Click] world=(46.9, 0.636939, 57.1) cell=(46, 57)
[Dev] item 은가락지 world=(47.12893, 0.000391, 57.18382) screen=(652.9406, 389.4239)
[Dev] item 탕약 — 쌍화탕 world=(47.12893, 0.000391, 57.18382) screen=(635.0751, 389.3958)
E2E pickup_equip PASS (검사 37)
[Audio] BGM town → town.ogg
[Save] level 못골 마을 → user://save_e2e.json (C:/Users/FORYOUCOM/AppData/Roaming/Godot/app_userdata/Joseon Hunters/wt/codex-630-whirl-structure/save_e2e.json)
[Dev] stairs DungeonEntrance dir=1 world=(0.0, 0.0, -31.0) screen=(2121.067, -492.4143)
[Dev] interact Merchant world=(5.4, 0.0, -2.4) screen=(1047.293, 368.0158)
[Dev] interact Shaman world=(-5.6, 0.0, 0.4) screen=(408.5833, 148.8999)
[Dev] interact Elder world=(2.0, 0.0, -5.6) screen=(1038.037, 191.6542)
[Dev] interact Jumo world=(7.1, 0.0, -1.4) screen=(1079.692, 440.1637)
[Dev] interact StashChest world=(3.3, 0.0, -2.05) screen=(933.8992, 321.2533)
[Dev] interact Waypoint world=(-4.2, 0.0, 2.2) screen=(390.0698, 234.4085)
E2E ▶ equipment_ui
E2E equipment_ui PASS (검사 33)
[Save] level 못골 마을 → user://save_e2e.json (C:/Users/FORYOUCOM/AppData/Roaming/Godot/app_userdata/Joseon Hunters/wt/codex-630-whirl-structure/save_e2e.json)
[Dev] stairs DungeonEntrance dir=1 world=(0.0, 0.0, -31.0) screen=(2121.067, -492.4143)
[Dev] interact Merchant world=(5.4, 0.0, -2.4) screen=(1047.293, 368.0158)
[Dev] interact Shaman world=(-5.6, 0.0, 0.4) screen=(408.5833, 148.8999)
[Dev] interact Elder world=(2.0, 0.0, -5.6) screen=(1038.037, 191.6542)
[Dev] interact Jumo world=(7.1, 0.0, -1.4) screen=(1079.692, 440.1637)
[Dev] interact StashChest world=(3.3, 0.0, -2.05) screen=(933.8992, 321.2533)
[Dev] interact Waypoint world=(-4.2, 0.0, 2.2) screen=(390.0698, 234.4085)
E2E ▶ inactive_gear
[Dungeon] heukrang_gul 1층 lv=2 seed=403727558 gen 64x64 rooms=6 up=(44, 56) down=(7, 23) enemies=20 roster=bandit,bat,talisman_master elites=["방2:금색×3(깊이 0.50)"] named=-
[Quest] heukrang_gul 1층 — 싹쓸이 셈 시작 20 (heukrang_clear:none)
[Audio] BGM dungeon → dungeon_1.ogg
[Save] level 흑랑 굴 1층 → user://save_e2e.json (C:/Users/FORYOUCOM/AppData/Roaming/Godot/app_userdata/Joseon Hunters/wt/codex-630-whirl-structure/save_e2e.json)
[Dev] stairs StairsUp dir=-1 world=(44.5, 0.0, 56.5) screen=(593.7165, 335.9509)
[Dev] stairs StairsDown dir=1 world=(7.5, 0.0, 23.5) screen=(408.583, -1534.551)
[Dev] interact PusJar world=(29.5, 0.0, 42.5) screen=(547.433, -487.0705)
[Dev] interact @Area3D@10799 world=(14.5, 0.0, 24.5) screen=(686.2831, -1368.878)
[Dev] interact @Area3D@10800 world=(23.5, 0.0, 18.5) screen=(1380.534, -1288.714)
[Dev] interact LootChest world=(29.5, 0.0, 39.5) screen=(686.2831, -567.2349)
[Dev] interact @Area3D@10801 world=(40.5, 0.0, 38.5) screen=(1241.683, -300.0204)
[Dev] interact LootPot world=(17.5, 0.0, 43.5) screen=(-54.25064, -781.0067)
[Dev] interact @Area3D@10802 world=(18.5, 0.0, 44.5) screen=(-54.25041, -727.5637)
[Dev] interact @Area3D@10803 world=(19.5, 0.0, 9.5) screen=(1611.95, -1636.093)
[Dev] interact @Area3D@10804 world=(20.5, 0.0, 9.5) screen=(1658.234, -1609.372)
[Dev] interact @Area3D@10805 world=(43.5, 0.0, 60.5) screen=(362.2997, 368.0159)
[Dev] interact @Area3D@10806 world=(43.5, 0.0, 59.5) screen=(408.583, 341.2944)
[Dev] interact @Area3D@10807 world=(21.5, 0.0, 39.5) screen=(316.0163, -781.0065)
[Dev] removed 20 enemies
  · 툴팁 줄 [name] 장검
  · 툴팁 줄 [base] 피해 8~14
  · 툴팁 줄 [base] 공격 속도 느림
  · 툴팁 줄 [req] 요구 레벨 5
  · 툴팁 줄 [req] 요구 힘 30
  · 툴팁 줄 [inactive] 요구치 부족 — 꺼짐
  · 툴팁 줄 [hint] 좌클릭: 벗어서 들기
  · 툴팁 줄 [hint] 우클릭 / Shift+클릭: 가방으로 벗기
[Save] e2e #427 → user://save_e2e.json (C:/Users/FORYOUCOM/AppData/Roaming/Godot/app_userdata/Joseon Hunters/wt/codex-630-whirl-structure/save_e2e.json)
[Load] lv=5 gold=0 flags={ "opening_pending": false, "quest": { "heukrang_clear": { "state": "none", "left": 20, "barked": false } }, "story": { "entered/heukrang_gul": true, "entered/motgol": true } } portal=<null> wps=[]
[Dungeon] heukrang_gul 1층 lv=2 seed=403727558 gen 64x64 rooms=6 up=(44, 56) down=(7, 23) enemies=20 roster=bandit,bat,talisman_master elites=["방2:금색×3(깊이 0.50)"] named=-
[Quest] heukrang_gul 1층 — 싹쓸이 셈 시작 20 (heukrang_clear:none)
[Save] level 흑랑 굴 1층 → user://save_e2e.json (C:/Users/FORYOUCOM/AppData/Roaming/Godot/app_userdata/Joseon Hunters/wt/codex-630-whirl-structure/save_e2e.json)
[Dev] stairs StairsUp dir=-1 world=(44.5, 0.0, 56.5) screen=(593.7165, 335.9509)
[Dev] stairs StairsDown dir=1 world=(7.5, 0.0, 23.5) screen=(408.583, -1534.551)
[Dev] interact PusJar world=(29.5, 0.0, 42.5) screen=(547.433, -487.0705)
[Dev] interact @Area3D@11012 world=(14.5, 0.0, 24.5) screen=(686.2831, -1368.878)
[Dev] interact @Area3D@11013 world=(23.5, 0.0, 18.5) screen=(1380.534, -1288.714)
[Dev] interact LootChest world=(29.5, 0.0, 39.5) screen=(686.2831, -567.2349)
[Dev] interact @Area3D@11014 world=(40.5, 0.0, 38.5) screen=(1241.683, -300.0204)
[Dev] interact LootPot world=(17.5, 0.0, 43.5) screen=(-54.25064, -781.0067)
[Dev] interact @Area3D@11015 world=(18.5, 0.0, 44.5) screen=(-54.25041, -727.5637)
[Dev] interact @Area3D@11016 world=(19.5, 0.0, 9.5) screen=(1611.95, -1636.093)
[Dev] interact @Area3D@11017 world=(20.5, 0.0, 9.5) screen=(1658.234, -1609.372)
[Dev] interact @Area3D@11018 world=(43.5, 0.0, 60.5) screen=(362.2997, 368.0159)
[Dev] interact @Area3D@11019 world=(43.5, 0.0, 59.5) screen=(408.583, 341.2944)
[Dev] interact @Area3D@11020 world=(21.5, 0.0, 39.5) screen=(316.0163, -781.0065)
[Dev] item 화염부 world=(32.5, 0.0, 70.5) screen=(-609.6509, 370.7094)
[Dev] item 빙결부 world=(33.5, 0.0, 69.5) screen=(-517.084, 370.7095)
[Field] deulnyeok seed=355022911 128x128 props=2252 packs=18 enemies=77 waypoint=(62, 65) roster=bandit,bat,talisman_master elites=["13:파란×4@구간3"]
[Save] level 못골 들녘 → user://save_e2e.json (C:/Users/FORYOUCOM/AppData/Roaming/Godot/app_userdata/Joseon Hunters/wt/codex-630-whirl-structure/save_e2e.json)
[Dev] stairs Down_cave dir=1 world=(88.5, 0.0, 3.5) screen=(7212.236, 897.1014)
[Dev] interact Waypoint world=(62.5, 0.0, 65.5) screen=(3139.301, 1810.974)
[Dev] interact FloorItem world=(32.5, 0.0, 70.5) screen=(1519.384, 1142.938)
[Dev] interact @Area3D@11522 world=(33.5, 0.0, 69.5) screen=(1611.95, 1142.938)
[Dev] interact PusJar world=(95.5, 0.0, 103.5) screen=(2907.884, 3708.197)
[Dev] interact @Area3D@11749 world=(101.5, 0.0, 105.5) screen=(3093.018, 3921.969)
[Dev] interact @Area3D@11750 world=(98.5, 0.0, 107.5) screen=(2861.601, 3895.247)
[Dev] interact LootChest world=(27.5, 0.0, 70.5) screen=(1287.967, 1009.331)
[Dev] interact @Area3D@11751 world=(94.5, 0.0, 100.5) screen=(3000.451, 3601.312)
[Dev] interact @Area3D@11752 world=(55.5, 0.0, 52.5) screen=(3417.001, 1276.545)
[Dev] interact LootPot world=(46.5, 0.0, 68.5) screen=(2259.917, 1463.595)
[Dev] interact @Area3D@11753 world=(73.5, 0.0, 47.5) screen=(4481.519, 1623.924)
[Dev] interact @Area3D@11754 world=(90.5, 0.0, 47.5) screen=(5268.335, 2078.189)
[Dev] interact @Area3D@11755 world=(111.5, 0.0, 49.5) screen=(6147.719, 2692.782)
[Dev] interact @Area3D@11756 world=(101.5, 0.0, 101.5) screen=(3278.151, 3815.083)
[Dev] interact @Area3D@11757 world=(86.5, 0.0, 76.5) screen=(3740.984, 2746.225)
[Dev] interact @Area3D@11758 world=(53.5, 0.0, 52.5) screen=(3324.434, 1223.102)
[Dev] interact @Area3D@11759 world=(87.5, 0.0, 95.5) screen=(2907.884, 3280.654)
[Dev] interact @Area3D@11760 world=(26.5, 0.0, 66.5) screen=(1426.817, 875.7234)
[Dev] interact @Area3D@11761 world=(17.5, 0.0, 60.5) screen=(1287.967, 474.9016)
[Dev] interact @Area3D@11762 world=(86.5, 0.0, 22.5) screen=(6240.286, 1303.266)
[Dev] interact @Area3D@11763 world=(59.5, 0.0, 65.5) screen=(3000.451, 1730.81)
[Dev] interact @Area3D@11764 world=(18.5, 0.0, 74.5) screen=(686.2832, 875.7234)
[Dev] interact @Area3D@11765 world=(44.5, 0.0, 69.5) screen=(2121.067, 1436.874)
[Dev] interact @Area3D@11766 world=(73.5, 0.0, 49.5) screen=(4388.952, 1677.367)
[Dev] interact @Area3D@11767 world=(88.5, 0.0, 52.5) screen=(4944.352, 2158.353)
[Dev] removed 77 enemies
[Dev] item 패랭이 world=(8.3, 0.0, 65.3) screen=(639.9997, 386.7424)
[Dev] drop paeraengi rarity=0 superior=false ilvl=1 affixes=[]
[Dev] item 은가락지 world=(111.3, 0.0, 86.3) screen=(3767.177, 3117.416)
[Dev] drop silver_ring rarity=0 superior=false ilvl=3 affixes=[]
[Audio] BGM town → town.ogg
[Save] level 못골 마을 → user://save_e2e.json (C:/Users/FORYOUCOM/AppData/Roaming/Godot/app_userdata/Joseon Hunters/wt/codex-630-whirl-structure/save_e2e.json)
[Dev] stairs DungeonEntrance dir=1 world=(0.0, 0.0, -31.0) screen=(2121.067, -492.4143)
[Dev] interact Merchant world=(5.4, 0.0, -2.4) screen=(1047.293, 368.0158)
[Dev] interact Shaman world=(-5.6, 0.0, 0.4) screen=(408.5833, 148.8999)
[Dev] interact Elder world=(2.0, 0.0, -5.6) screen=(1038.037, 191.6542)
[Dev] interact Jumo world=(7.1, 0.0, -1.4) screen=(1079.692, 440.1637)
[Dev] interact StashChest world=(3.3, 0.0, -2.05) screen=(933.8992, 321.2533)
[Dev] interact Waypoint world=(-4.2, 0.0, 2.2) screen=(390.0698, 234.4085)
  · 좌판 ilvl — 못골 들녘 1회차: 무리 레벨 1~3 · max_area_level 3 · 좌판 장비 ilvl [3, 3, 3, 3] · dev G ilvl 들머리 1 / 끝 무리 3
[Field] jeongnyeongjae seed=3599041059 128x176 props=2820 packs=13 enemies=72 waypoint=(61, 66) roster=hwajeok,vampire_bat,lightning_master | hwajeok,hollin_yeogung_bow,gaekgwi elites=["8:금색×3@구간2", "10:금색×3@구간3"]
[Audio] BGM dungeon → dungeon_4.ogg
[Save] level 정령재 → user://save_e2e.json (C:/Users/FORYOUCOM/AppData/Roaming/Godot/app_userdata/Joseon Hunters/wt/codex-630-whirl-structure/save_e2e.json)
[Dev] stairs Down_cave dir=1 world=(60.5, 0.0, 3.5) screen=(9896.671, -2149.144)
[Dev] stairs Down_mine dir=1 world=(125.5, 0.0, 70.5) screen=(9804.104, 1378.087)
[Dev] interact Waypoint world=(61.5, 0.0, 66.5) screen=(7027.103, -487.0706)
[Dev] interact LootChest world=(5.5, 0.0, 141.5) screen=(963.9833, 20.637)
[Dev] interact @Area3D@13372 world=(26.5, 0.0, 123.5) screen=(2769.034, 100.8014)
[Dev] interact @Area3D@13373 world=(61.5, 0.0, 88.5) screen=(6008.868, 100.8013)
[Dev] interact @Area3D@13374 world=(82.5, 0.0, 48.5) screen=(8832.153, -406.9061)
[Dev] interact LootPot world=(70.5, 0.0, 9.5) screen=(10081.8, -1769.7)
[Dev] interact @Area3D@13375 world=(59.5, 0.0, 82.5) screen=(6194.002, -112.9702)
[Dev] interact @Area3D@13376 world=(39.5, 0.0, 58.5) screen=(6379.136, -1288.714)
[Dev] interact @Area3D@13377 world=(32.5, 0.0, 37.5) screen=(7027.103, -2036.915)
[Dev] interact @Area3D@13378 world=(30.5, 0.0, 123.5) screen=(2954.168, 207.6872)
[Dev] interact @Area3D@13379 world=(96.5, 0.0, 125.5) screen=(5916.303, 2024.746)
[Dev] interact @Area3D@13380 world=(89.5, 0.0, 59.5) screen=(8647.021, 74.08006)
[Dev] interact @Area3D@13381 world=(22.5, 0.0, 41.5) screen=(6379.136, -2197.243)
[Dev] interact @Area3D@13382 world=(56.5, 0.0, 51.5) screen=(7489.937, -1021.5)
[Dev] interact @Area3D@13383 world=(7.5, 0.0, 142.5) screen=(1010.267, 100.8013)
[Dev] interact @Area3D@13384 world=(101.5, 0.0, 72.5) screen=(8600.737, 742.1163)
[Dev] interact @Area3D@13385 world=(77.5, 0.0, 34.5) screen=(9248.703, -914.6136)
[Dev] removed 72 enemies
[Dev] item 무명띠 world=(8.3, 0.0, 151.3) screen=(639.9997, 386.7424)
[Dev] drop cotton_belt rarity=0 superior=false ilvl=4 affixes=[]
[Dev] item 미식별 무명 도포 world=(77.3, 0.0, 39.3) screen=(7434.018, -544.7955)
[Dev] drop cotton_dopo rarity=1 superior=false ilvl=7 affixes=[{ "id": "blue", "v": 6.0 }]
[Audio] BGM town → town.ogg
[Save] level 못골 마을 → user://save_e2e.json (C:/Users/FORYOUCOM/AppData/Roaming/Godot/app_userdata/Joseon Hunters/wt/codex-630-whirl-structure/save_e2e.json)
[Dev] stairs DungeonEntrance dir=1 world=(0.0, 0.0, -31.0) screen=(2121.067, -492.4143)
[Dev] interact Merchant world=(5.4, 0.0, -2.4) screen=(1047.293, 368.0158)
[Dev] interact Shaman world=(-5.6, 0.0, 0.4) screen=(408.5833, 148.8999)
[Dev] interact Elder world=(2.0, 0.0, -5.6) screen=(1038.037, 191.6542)
[Dev] interact Jumo world=(7.1, 0.0, -1.4) screen=(1079.692, 440.1637)
[Dev] interact StashChest world=(3.3, 0.0, -2.05) screen=(933.8992, 321.2533)
[Dev] interact Waypoint world=(-4.2, 0.0, 2.2) screen=(390.0698, 234.4085)
  · 좌판 ilvl — 정령재 1회차: 무리 레벨 4~7 · max_area_level 7 · 좌판 장비 ilvl [7, 7, 7, 7] · dev G ilvl 들머리 4 / 끝 무리 7
[Field] jeongnyeongjae seed=3599041059 128x176 props=2820 packs=13 enemies=68 waypoint=(61, 66) roster=hwajeok,vampire_bat,locust | hwajeok,vampire_bat,hollin_yeogung_bow elites=["7:파란×3@구간2", "12:금색×4@구간3", "5:파란×4@구간2"]
[Audio] BGM dungeon → dungeon_3.ogg
[Save] level 정령재 → user://save_e2e.json (C:/Users/FORYOUCOM/AppData/Roaming/Godot/app_userdata/Joseon Hunters/wt/codex-630-whirl-structure/save_e2e.json)
[Dev] stairs Down_cave dir=1 world=(60.5, 0.0, 3.5) screen=(9896.671, -2149.144)
[Dev] stairs Down_mine dir=1 world=(125.5, 0.0, 70.5) screen=(9804.104, 1378.087)
[Dev] interact Waypoint world=(61.5, 0.0, 66.5) screen=(7027.103, -487.0706)
[Dev] interact LootChest world=(5.5, 0.0, 141.5) screen=(963.9833, 20.637)
[Dev] interact @Area3D@14956 world=(26.5, 0.0, 123.5) screen=(2769.034, 100.8014)
[Dev] interact @Area3D@14957 world=(61.5, 0.0, 88.5) screen=(6008.868, 100.8013)
[Dev] interact @Area3D@14958 world=(82.5, 0.0, 48.5) screen=(8832.153, -406.9061)
[Dev] interact LootPot world=(70.5, 0.0, 9.5) screen=(10081.8, -1769.7)
[Dev] interact @Area3D@14959 world=(59.5, 0.0, 82.5) screen=(6194.002, -112.9702)
[Dev] interact @Area3D@14960 world=(39.5, 0.0, 58.5) screen=(6379.136, -1288.714)
[Dev] interact @Area3D@14961 world=(32.5, 0.0, 37.5) screen=(7027.103, -2036.915)
[Dev] interact @Area3D@14962 world=(30.5, 0.0, 123.5) screen=(2954.168, 207.6872)
[Dev] interact @Area3D@14963 world=(96.5, 0.0, 125.5) screen=(5916.303, 2024.746)
[Dev] interact @Area3D@14964 world=(89.5, 0.0, 59.5) screen=(8647.021, 74.08006)
[Dev] interact @Area3D@14965 world=(22.5, 0.0, 41.5) screen=(6379.136, -2197.243)
[Dev] interact @Area3D@14966 world=(56.5, 0.0, 51.5) screen=(7489.937, -1021.5)
[Dev] interact @Area3D@14967 world=(7.5, 0.0, 142.5) screen=(1010.267, 100.8013)
[Dev] interact @Area3D@14968 world=(101.5, 0.0, 72.5) screen=(8600.737, 742.1163)
[Dev] interact @Area3D@14969 world=(77.5, 0.0, 34.5) screen=(9248.703, -914.6136)
[Dev] removed 68 enemies
[Dev] item 옥가락지 world=(8.3, 0.0, 151.3) screen=(639.9997, 386.7424)
[Dev] drop jade_ring rarity=0 superior=false ilvl=16 affixes=[]
[Dev] item 미식별 경번갑 world=(77.3, 0.0, 39.3) screen=(7400.163, -540.1475)
[Dev] drop gyeongbeongap rarity=2 superior=false ilvl=19 affixes=[{ "id": "thick", "v": 18.0 }, { "id": "of_ox", "v": 2.0 }, { "id": "of_salward", "v": 6.0 }]
[Audio] BGM town → town.ogg
[Save] level 못골 마을 → user://save_e2e.json (C:/Users/FORYOUCOM/AppData/Roaming/Godot/app_userdata/Joseon Hunters/wt/codex-630-whirl-structure/save_e2e.json)
[Dev] stairs DungeonEntrance dir=1 world=(0.0, 0.0, -31.0) screen=(2121.067, -492.4143)
[Dev] interact Merchant world=(5.4, 0.0, -2.4) screen=(1047.293, 368.0158)
[Dev] interact Shaman world=(-5.6, 0.0, 0.4) screen=(408.5833, 148.8999)
[Dev] interact Elder world=(2.0, 0.0, -5.6) screen=(1038.037, 191.6542)
[Dev] interact Jumo world=(7.1, 0.0, -1.4) screen=(1079.692, 440.1637)
[Dev] interact StashChest world=(3.3, 0.0, -2.05) screen=(933.8992, 321.2533)
[Dev] interact Waypoint world=(-4.2, 0.0, 2.2) screen=(390.0698, 234.4085)
  · 좌판 ilvl — 정령재 2회차: 무리 레벨 4~7 · max_area_level 7 · 좌판 장비 ilvl [19, 19, 19, 19] · dev G ilvl 들머리 16 / 끝 무리 19
E2E inactive_gear PASS (검사 50)
[Save] level 못골 마을 → user://save_e2e.json (C:/Users/FORYOUCOM/AppData/Roaming/Godot/app_userdata/Joseon Hunters/wt/codex-630-whirl-structure/save_e2e.json)
[Dev] stairs DungeonEntrance dir=1 world=(0.0, 0.0, -31.0) screen=(2121.067, -492.4143)
[Dev] interact Merchant world=(5.4, 0.0, -2.4) screen=(1047.293, 368.0158)
[Dev] interact Shaman world=(-5.6, 0.0, 0.4) screen=(408.5833, 148.8999)
[Dev] interact Elder world=(2.0, 0.0, -5.6) screen=(1038.037, 191.6542)
[Dev] interact Jumo world=(7.1, 0.0, -1.4) screen=(1079.692, 440.1637)
[Dev] interact StashChest world=(3.3, 0.0, -2.05) screen=(933.8992, 321.2533)
[Dev] interact Waypoint world=(-4.2, 0.0, 2.2) screen=(390.0698, 234.4085)
E2E ▶ sockets
[Dungeon] heukrang_gul 1층 lv=2 seed=403727558 gen 64x64 rooms=6 up=(44, 56) down=(7, 23) enemies=20 roster=bandit,bat,talisman_master elites=["방2:금색×3(깊이 0.50)"] named=-
[Quest] heukrang_gul 1층 — 싹쓸이 셈 시작 20 (heukrang_clear:none)
[Audio] BGM dungeon → dungeon_2.ogg
[Save] level 흑랑 굴 1층 → user://save_e2e.json (C:/Users/FORYOUCOM/AppData/Roaming/Godot/app_userdata/Joseon Hunters/wt/codex-630-whirl-structure/save_e2e.json)
[Dev] stairs StairsUp dir=-1 world=(44.5, 0.0, 56.5) screen=(593.7165, 335.9509)
[Dev] stairs StairsDown dir=1 world=(7.5, 0.0, 23.5) screen=(408.583, -1534.551)
[Dev] interact PusJar world=(29.5, 0.0, 42.5) screen=(547.433, -487.0705)
[Dev] interact @Area3D@15494 world=(14.5, 0.0, 24.5) screen=(686.2831, -1368.878)
[Dev] interact @Area3D@15495 world=(23.5, 0.0, 18.5) screen=(1380.534, -1288.714)
[Dev] interact LootChest world=(29.5, 0.0, 39.5) screen=(686.2831, -567.2349)
[Dev] interact @Area3D@15496 world=(40.5, 0.0, 38.5) screen=(1241.683, -300.0204)
[Dev] interact LootPot world=(17.5, 0.0, 43.5) screen=(-54.25064, -781.0067)
[Dev] interact @Area3D@15497 world=(18.5, 0.0, 44.5) screen=(-54.25041, -727.5637)
[Dev] interact @Area3D@15498 world=(19.5, 0.0, 9.5) screen=(1611.95, -1636.093)
[Dev] interact @Area3D@15499 world=(20.5, 0.0, 9.5) screen=(1658.234, -1609.372)
[Dev] interact @Area3D@15500 world=(43.5, 0.0, 60.5) screen=(362.2997, 368.0159)
[Dev] interact @Area3D@15501 world=(43.5, 0.0, 59.5) screen=(408.583, 341.2944)
[Dev] interact @Area3D@15502 world=(21.5, 0.0, 39.5) screen=(316.0163, -781.0065)
[Dev] removed 20 enemies
[Dev] item 깨진 적옥 world=(46.9, 0.0, 57.1) screen=(677.0266, 397.4309)
[Click] world=(46.9, 0.613593, 57.1) cell=(46, 57)
E2E sockets PASS (검사 16)
[Audio] BGM town → town.ogg
[Save] level 못골 마을 → user://save_e2e.json (C:/Users/FORYOUCOM/AppData/Roaming/Godot/app_userdata/Joseon Hunters/wt/codex-630-whirl-structure/save_e2e.json)
[Dev] stairs DungeonEntrance dir=1 world=(0.0, 0.0, -31.0) screen=(2121.067, -492.4143)
[Dev] interact Merchant world=(5.4, 0.0, -2.4) screen=(1047.293, 368.0158)
[Dev] interact Shaman world=(-5.6, 0.0, 0.4) screen=(408.5833, 148.8999)
[Dev] interact Elder world=(2.0, 0.0, -5.6) screen=(1038.037, 191.6542)
[Dev] interact Jumo world=(7.1, 0.0, -1.4) screen=(1079.692, 440.1637)
[Dev] interact StashChest world=(3.3, 0.0, -2.05) screen=(933.8992, 321.2533)
[Dev] interact Waypoint world=(-4.2, 0.0, 2.2) screen=(390.0698, 234.4085)
E2E ▶ glyph_combo
[Dungeon] heukrang_gul 1층 lv=2 seed=403727558 gen 64x64 rooms=6 up=(44, 56) down=(7, 23) enemies=20 roster=bandit,bat,talisman_master elites=["방2:금색×3(깊이 0.50)"] named=-
[Quest] heukrang_gul 1층 — 싹쓸이 셈 시작 20 (heukrang_clear:none)
[Audio] BGM dungeon → dungeon_1.ogg
[Save] level 흑랑 굴 1층 → user://save_e2e.json (C:/Users/FORYOUCOM/AppData/Roaming/Godot/app_userdata/Joseon Hunters/wt/codex-630-whirl-structure/save_e2e.json)
[Dev] stairs StairsUp dir=-1 world=(44.5, 0.0, 56.5) screen=(593.7165, 335.9509)
[Dev] stairs StairsDown dir=1 world=(7.5, 0.0, 23.5) screen=(408.583, -1534.551)
[Dev] interact PusJar world=(29.5, 0.0, 42.5) screen=(547.433, -487.0705)
[Dev] interact @Area3D@15866 world=(14.5, 0.0, 24.5) screen=(686.2831, -1368.878)
[Dev] interact @Area3D@15867 world=(23.5, 0.0, 18.5) screen=(1380.534, -1288.714)
[Dev] interact LootChest world=(29.5, 0.0, 39.5) screen=(686.2831, -567.2349)
[Dev] interact @Area3D@15868 world=(40.5, 0.0, 38.5) screen=(1241.683, -300.0204)
[Dev] interact LootPot world=(17.5, 0.0, 43.5) screen=(-54.25064, -781.0067)
[Dev] interact @Area3D@15869 world=(18.5, 0.0, 44.5) screen=(-54.25041, -727.5637)
[Dev] interact @Area3D@15870 world=(19.5, 0.0, 9.5) screen=(1611.95, -1636.093)
[Dev] interact @Area3D@15871 world=(20.5, 0.0, 9.5) screen=(1658.234, -1609.372)
[Dev] interact @Area3D@15872 world=(43.5, 0.0, 60.5) screen=(362.2997, 368.0159)
[Dev] interact @Area3D@15873 world=(43.5, 0.0, 59.5) screen=(408.583, 341.2944)
[Dev] interact @Area3D@15874 world=(21.5, 0.0, 39.5) screen=(316.0163, -781.0065)
[Dev] removed 20 enemies
E2E glyph_combo PASS (검사 26)
[Audio] BGM town → town.ogg
[Save] level 못골 마을 → user://save_e2e.json (C:/Users/FORYOUCOM/AppData/Roaming/Godot/app_userdata/Joseon Hunters/wt/codex-630-whirl-structure/save_e2e.json)
[Dev] stairs DungeonEntrance dir=1 world=(0.0, 0.0, -31.0) screen=(2121.067, -492.4143)
[Dev] interact Merchant world=(5.4, 0.0, -2.4) screen=(1047.293, 368.0158)
[Dev] interact Shaman world=(-5.6, 0.0, 0.4) screen=(408.5833, 148.8999)
[Dev] interact Elder world=(2.0, 0.0, -5.6) screen=(1038.037, 191.6542)
[Dev] interact Jumo world=(7.1, 0.0, -1.4) screen=(1079.692, 440.1637)
[Dev] interact StashChest world=(3.3, 0.0, -2.05) screen=(933.8992, 321.2533)
[Dev] interact Waypoint world=(-4.2, 0.0, 2.2) screen=(390.0698, 234.4085)
E2E ▶ combination
[Dungeon] heukrang_gul 1층 lv=2 seed=403727558 gen 64x64 rooms=6 up=(44, 56) down=(7, 23) enemies=20 roster=bandit,bat,talisman_master elites=["방2:금색×3(깊이 0.50)"] named=-
[Quest] heukrang_gul 1층 — 싹쓸이 셈 시작 20 (heukrang_clear:none)
[Audio] BGM dungeon → dungeon_4.ogg
[Save] level 흑랑 굴 1층 → user://save_e2e.json (C:/Users/FORYOUCOM/AppData/Roaming/Godot/app_userdata/Joseon Hunters/wt/codex-630-whirl-structure/save_e2e.json)
[Dev] stairs StairsUp dir=-1 world=(44.5, 0.0, 56.5) screen=(593.7165, 335.9509)
[Dev] stairs StairsDown dir=1 world=(7.5, 0.0, 23.5) screen=(408.583, -1534.551)
[Dev] interact PusJar world=(29.5, 0.0, 42.5) screen=(547.433, -487.0705)
[Dev] interact @Area3D@16240 world=(14.5, 0.0, 24.5) screen=(686.2831, -1368.878)
[Dev] interact @Area3D@16241 world=(23.5, 0.0, 18.5) screen=(1380.534, -1288.714)
[Dev] interact LootChest world=(29.5, 0.0, 39.5) screen=(686.2831, -567.2349)
[Dev] interact @Area3D@16242 world=(40.5, 0.0, 38.5) screen=(1241.683, -300.0204)
[Dev] interact LootPot world=(17.5, 0.0, 43.5) screen=(-54.25064, -781.0067)
[Dev] interact @Area3D@16243 world=(18.5, 0.0, 44.5) screen=(-54.25041, -727.5637)
[Dev] interact @Area3D@16244 world=(19.5, 0.0, 9.5) screen=(1611.95, -1636.093)
[Dev] interact @Area3D@16245 world=(20.5, 0.0, 9.5) screen=(1658.234, -1609.372)
[Dev] interact @Area3D@16246 world=(43.5, 0.0, 60.5) screen=(362.2997, 368.0159)
[Dev] interact @Area3D@16247 world=(43.5, 0.0, 59.5) screen=(408.583, 341.2944)
[Dev] interact @Area3D@16248 world=(21.5, 0.0, 39.5) screen=(316.0163, -781.0065)
[Dev] removed 20 enemies
[Dev] item 수복 world=(47.1, 0.0, 56.5) screen=(714.0531, 386.7423)
[Dev] item 강녕 world=(46.88564, 0.0, 57.3) screen=(667.1052, 402.3914)
[Click] world=(47.1, 0.611111, 56.5) cell=(47, 56)
[Click] world=(46.88564, 0.0, 57.3) cell=(46, 57)
[Dungeon] heukrang_gul 2층 lv=3 seed=3189434797 preset 28x28 rooms=2 up=(22, 23) down=(-1, -1) enemies=2 roster=bat elites=[] named=-
[Audio] BGM boss → boss.ogg
[Save] level 흑랑 굴 2층 → user://save_e2e.json (C:/Users/FORYOUCOM/AppData/Roaming/Godot/app_userdata/Joseon Hunters/wt/codex-630-whirl-structure/save_e2e.json)
[Dev] stairs StairsUp dir=-1 world=(22.5, 0.0, 23.5) screen=(377.7165, 335.9507)
[Dev] removed 3 enemies
[Load] lv=10 gold=80 flags={ "opening_pending": false, "quest": { "heukrang_clear": { "state": "none", "left": 20, "barked": false } }, "story": { "entered/heukrang_gul": true, "entered/motgol": true } } portal=<null> wps=[]
[Dungeon] heukrang_gul 2층 lv=3 seed=3189434797 preset 28x28 rooms=2 up=(22, 23) down=(-1, -1) enemies=2 roster=bat elites=[] named=-
[Save] level 흑랑 굴 2층 → user://save_e2e.json (C:/Users/FORYOUCOM/AppData/Roaming/Godot/app_userdata/Joseon Hunters/wt/codex-630-whirl-structure/save_e2e.json)
[Dev] stairs StairsUp dir=-1 world=(22.5, 0.0, 23.5) screen=(377.7165, 335.9507)
[Dev] removed 3 enemies
E2E combination PASS (검사 26)
[Audio] BGM town → town.ogg
[Save] level 못골 마을 → user://save_e2e.json (C:/Users/FORYOUCOM/AppData/Roaming/Godot/app_userdata/Joseon Hunters/wt/codex-630-whirl-structure/save_e2e.json)
[Dev] stairs DungeonEntrance dir=1 world=(0.0, 0.0, -31.0) screen=(2121.067, -492.4143)
[Dev] interact Merchant world=(5.4, 0.0, -2.4) screen=(1047.293, 368.0158)
[Dev] interact Shaman world=(-5.6, 0.0, 0.4) screen=(408.5833, 148.8999)
[Dev] interact Elder world=(2.0, 0.0, -5.6) screen=(1038.037, 191.6542)
[Dev] interact Jumo world=(7.1, 0.0, -1.4) screen=(1079.692, 440.1637)
[Dev] interact StashChest world=(3.3, 0.0, -2.05) screen=(933.8992, 321.2533)
[Dev] interact Waypoint world=(-4.2, 0.0, 2.2) screen=(390.0698, 234.4085)
E2E ▶ portal_roundtrip
[Dungeon] heukrang_gul 1층 lv=2 seed=403727558 gen 64x64 rooms=6 up=(44, 56) down=(7, 23) enemies=20 roster=bandit,bat,talisman_master elites=["방2:금색×3(깊이 0.50)"] named=-
[Quest] heukrang_gul 1층 — 싹쓸이 셈 시작 20 (heukrang_clear:none)
[Audio] BGM dungeon → dungeon_1.ogg
[Save] level 흑랑 굴 1층 → user://save_e2e.json (C:/Users/FORYOUCOM/AppData/Roaming/Godot/app_userdata/Joseon Hunters/wt/codex-630-whirl-structure/save_e2e.json)
[Dev] stairs StairsUp dir=-1 world=(44.5, 0.0, 56.5) screen=(593.7165, 335.9509)
[Dev] stairs StairsDown dir=1 world=(7.5, 0.0, 23.5) screen=(408.583, -1534.551)
[Dev] interact PusJar world=(29.5, 0.0, 42.5) screen=(547.433, -487.0705)
[Dev] interact @Area3D@16759 world=(14.5, 0.0, 24.5) screen=(686.2831, -1368.878)
[Dev] interact @Area3D@16760 world=(23.5, 0.0, 18.5) screen=(1380.534, -1288.714)
[Dev] interact LootChest world=(29.5, 0.0, 39.5) screen=(686.2831, -567.2349)
[Dev] interact @Area3D@16761 world=(40.5, 0.0, 38.5) screen=(1241.683, -300.0204)
[Dev] interact LootPot world=(17.5, 0.0, 43.5) screen=(-54.25064, -781.0067)
[Dev] interact @Area3D@16762 world=(18.5, 0.0, 44.5) screen=(-54.25041, -727.5637)
[Dev] interact @Area3D@16763 world=(19.5, 0.0, 9.5) screen=(1611.95, -1636.093)
[Dev] interact @Area3D@16764 world=(20.5, 0.0, 9.5) screen=(1658.234, -1609.372)
[Dev] interact @Area3D@16765 world=(43.5, 0.0, 60.5) screen=(362.2997, 368.0159)
[Dev] interact @Area3D@16766 world=(43.5, 0.0, 59.5) screen=(408.583, 341.2944)
[Dev] interact @Area3D@16767 world=(21.5, 0.0, 39.5) screen=(316.0163, -781.0065)
[Dev] removed 20 enemies
[Dev] interact Portal world=(46.5, 0.0, 56.5) screen=(686.2831, 338.6432)
[Portal] opened heukrang_gul 1층 pos=(46.5, 0.0, 56.5)
[Click] world=(48.7, 0.0, 58.7) cell=(48, 58)
[Click] world=(46.5, 0.0, 56.5) cell=(46, 56)
[Dev] interact Portal world=(-1.2, 0.0, 2.4) screen=(579.8315, 279.835)
[Audio] BGM town → town.ogg
[Save] level 못골 마을 → user://save_e2e.json (C:/Users/FORYOUCOM/AppData/Roaming/Godot/app_userdata/Joseon Hunters/wt/codex-630-whirl-structure/save_e2e.json)
[Portal] travel → motgol 0층 portal={ "area": &"heukrang_gul", "floor": 1, "pos": (46.5, 0.0, 56.5), "returned": false }
[Dev] stairs DungeonEntrance dir=1 world=(0.0, 0.0, -31.0) screen=(2181.236, -532.4963)
[Dev] interact Merchant world=(5.4, 0.0, -2.4) screen=(1107.462, 327.9336)
[Dev] interact Shaman world=(-5.6, 0.0, 0.4) screen=(468.7516, 108.8176)
[Dev] interact Elder world=(2.0, 0.0, -5.6) screen=(1098.205, 151.572)
[Dev] interact Jumo world=(7.1, 0.0, -1.4) screen=(1139.86, 400.0815)
[Dev] interact StashChest world=(3.3, 0.0, -2.05) screen=(994.0676, 281.1711)
[Dev] interact Waypoint world=(-4.2, 0.0, 2.2) screen=(450.2382, 194.3264)
[Dev] interact Portal world=(-1.2, 0.0, 2.4) screen=(579.8315, 279.835)
[Click] world=(1.199999, 0.0, 4.800001) cell=(1, 4)
[Click] world=(-1.2, 0.0, 2.4) cell=(-2, 2)
[Dungeon] heukrang_gul 1층 lv=2 seed=403727558 gen 64x64 rooms=6 up=(44, 56) down=(7, 23) enemies=20 roster=bandit,bat,talisman_master elites=["방2:금색×3(깊이 0.50)"] named=-
[Dev] interact Portal world=(46.5, 0.0, 56.5) screen=(593.7166, 287.8516)
[Quest] heukrang_gul 1층 — 싹쓸이 셈 시작 20 (heukrang_clear:none)
[Audio] BGM dungeon → dungeon_3.ogg
[Save] level 흑랑 굴 1층 → user://save_e2e.json (C:/Users/FORYOUCOM/AppData/Roaming/Godot/app_userdata/Joseon Hunters/wt/codex-630-whirl-structure/save_e2e.json)
[Portal] travel → heukrang_gul 1층 portal={ "area": &"heukrang_gul", "floor": 1, "pos": (46.5, 0.0, 56.5), "returned": true }
[Dev] stairs StairsUp dir=-1 world=(44.5, 0.0, 56.5) screen=(501.1499, 282.5081)
[Dev] stairs StairsDown dir=1 world=(7.5, 0.0, 23.5) screen=(316.0164, -1587.993)
[Dev] interact Portal world=(46.5, 0.0, 56.5) screen=(593.7166, 287.8516)
[Dev] interact PusJar world=(29.5, 0.0, 42.5) screen=(454.8666, -540.5134)
[Dev] interact @Area3D@17130 world=(14.5, 0.0, 24.5) screen=(593.7166, -1422.321)
[Dev] interact @Area3D@17131 world=(23.5, 0.0, 18.5) screen=(1287.967, -1342.157)
[Dev] interact LootChest world=(29.5, 0.0, 39.5) screen=(593.7167, -620.6777)
[Dev] interact @Area3D@17132 world=(40.5, 0.0, 38.5) screen=(1149.117, -353.4631)
[Dev] interact LootPot world=(17.5, 0.0, 43.5) screen=(-146.8169, -834.4494)
[Dev] interact @Area3D@17133 world=(18.5, 0.0, 44.5) screen=(-146.8171, -781.0064)
[Dev] interact @Area3D@17134 world=(19.5, 0.0, 9.5) screen=(1519.384, -1689.536)
[Dev] interact @Area3D@17135 world=(20.5, 0.0, 9.5) screen=(1565.667, -1662.814)
[Dev] interact @Area3D@17136 world=(43.5, 0.0, 60.5) screen=(269.7332, 314.5731)
[Dev] interact @Area3D@17137 world=(43.5, 0.0, 59.5) screen=(316.0165, 287.8516)
[Dev] interact @Area3D@17138 world=(21.5, 0.0, 39.5) screen=(223.4499, -834.4494)
[Click] world=(46.5, 0.0, 56.5) cell=(46, 56)
[Audio] BGM town → town.ogg
[Save] level 못골 마을 → user://save_e2e.json (C:/Users/FORYOUCOM/AppData/Roaming/Godot/app_userdata/Joseon Hunters/wt/codex-630-whirl-structure/save_e2e.json)
[Portal] travel → motgol 0층 portal=<null>
[Dev] stairs DungeonEntrance dir=1 world=(0.0, 0.0, -31.0) screen=(2181.236, -532.4963)
[Dev] interact Merchant world=(5.4, 0.0, -2.4) screen=(1107.462, 327.9336)
[Dev] interact Shaman world=(-5.6, 0.0, 0.4) screen=(468.7516, 108.8176)
[Dev] interact Elder world=(2.0, 0.0, -5.6) screen=(1098.205, 151.572)
[Dev] interact Jumo world=(7.1, 0.0, -1.4) screen=(1139.86, 400.0815)
[Dev] interact StashChest world=(3.3, 0.0, -2.05) screen=(994.0676, 281.1711)
[Dev] interact Waypoint world=(-4.2, 0.0, 2.2) screen=(450.2382, 194.3264)
E2E portal_roundtrip PASS (검사 18)
[Save] level 못골 마을 → user://save_e2e.json (C:/Users/FORYOUCOM/AppData/Roaming/Godot/app_userdata/Joseon Hunters/wt/codex-630-whirl-structure/save_e2e.json)
[Dev] stairs DungeonEntrance dir=1 world=(0.0, 0.0, -31.0) screen=(2121.067, -492.4143)
[Dev] interact Merchant world=(5.4, 0.0, -2.4) screen=(1047.293, 368.0158)
[Dev] interact Shaman world=(-5.6, 0.0, 0.4) screen=(408.5833, 148.8999)
[Dev] interact Elder world=(2.0, 0.0, -5.6) screen=(1038.037, 191.6542)
[Dev] interact Jumo world=(7.1, 0.0, -1.4) screen=(1079.692, 440.1637)
[Dev] interact StashChest world=(3.3, 0.0, -2.05) screen=(933.8992, 321.2533)
[Dev] interact Waypoint world=(-4.2, 0.0, 2.2) screen=(390.0698, 234.4085)
E2E ▶ waypoint
[Dev] item 화염부 world=(32.5, 0.0, 70.5) screen=(-1072.484, 3072.227)
[Dev] item 빙결부 world=(33.5, 0.0, 69.5) screen=(-979.9173, 3072.227)
[Field] deulnyeok seed=355022911 128x128 props=2252 packs=18 enemies=77 waypoint=(62, 65) roster=bandit,bat,talisman_master elites=["13:파란×4@구간3"]
[Audio] BGM dungeon → dungeon_4.ogg
[Save] level 못골 들녘 → user://save_e2e.json (C:/Users/FORYOUCOM/AppData/Roaming/Godot/app_userdata/Joseon Hunters/wt/codex-630-whirl-structure/save_e2e.json)
[Dev] stairs Down_cave dir=1 world=(88.5, 0.0, 3.5) screen=(7212.236, 897.1014)
[Dev] interact Waypoint world=(62.5, 0.0, 65.5) screen=(3139.301, 1810.974)
[Dev] interact FloorItem world=(32.5, 0.0, 70.5) screen=(1519.384, 1142.938)
[Dev] interact @Area3D@17961 world=(33.5, 0.0, 69.5) screen=(1611.95, 1142.938)
[Dev] interact PusJar world=(95.5, 0.0, 103.5) screen=(2907.884, 3708.197)
[Dev] interact @Area3D@18188 world=(101.5, 0.0, 105.5) screen=(3093.018, 3921.969)
[Dev] interact @Area3D@18189 world=(98.5, 0.0, 107.5) screen=(2861.601, 3895.247)
[Dev] interact LootChest world=(27.5, 0.0, 70.5) screen=(1287.967, 1009.331)
[Dev] interact @Area3D@18190 world=(94.5, 0.0, 100.5) screen=(3000.451, 3601.312)
[Dev] interact @Area3D@18191 world=(55.5, 0.0, 52.5) screen=(3417.001, 1276.545)
[Dev] interact LootPot world=(46.5, 0.0, 68.5) screen=(2259.917, 1463.595)
[Dev] interact @Area3D@18192 world=(73.5, 0.0, 47.5) screen=(4481.519, 1623.924)
[Dev] interact @Area3D@18193 world=(90.5, 0.0, 47.5) screen=(5268.335, 2078.189)
[Dev] interact @Area3D@18194 world=(111.5, 0.0, 49.5) screen=(6147.719, 2692.782)
[Dev] interact @Area3D@18195 world=(101.5, 0.0, 101.5) screen=(3278.151, 3815.083)
[Dev] interact @Area3D@18196 world=(86.5, 0.0, 76.5) screen=(3740.984, 2746.225)
[Dev] interact @Area3D@18197 world=(53.5, 0.0, 52.5) screen=(3324.434, 1223.102)
[Dev] interact @Area3D@18198 world=(87.5, 0.0, 95.5) screen=(2907.884, 3280.654)
[Dev] interact @Area3D@18199 world=(26.5, 0.0, 66.5) screen=(1426.817, 875.7234)
[Dev] interact @Area3D@18200 world=(17.5, 0.0, 60.5) screen=(1287.967, 474.9016)
[Dev] interact @Area3D@18201 world=(86.5, 0.0, 22.5) screen=(6240.286, 1303.266)
[Dev] interact @Area3D@18202 world=(59.5, 0.0, 65.5) screen=(3000.451, 1730.81)
[Dev] interact @Area3D@18203 world=(18.5, 0.0, 74.5) screen=(686.2832, 875.7234)
[Dev] interact @Area3D@18204 world=(44.5, 0.0, 69.5) screen=(2121.067, 1436.874)
[Dev] interact @Area3D@18205 world=(73.5, 0.0, 49.5) screen=(4388.952, 1677.367)
[Dev] interact @Area3D@18206 world=(88.5, 0.0, 52.5) screen=(4944.352, 2158.353)
[Dev] removed 77 enemies
[Dev] stairs Down_cave dir=1 world=(88.5, 0.0, 3.5) screen=(4620.368, -652.7427)
[Dev] interact Waypoint world=(62.5, 0.0, 65.5) screen=(547.4333, 261.1302)
[Dev] interact FloorItem world=(32.5, 0.0, 70.5) screen=(-1072.484, -406.906)
[Dev] interact @Area3D@17961 world=(33.5, 0.0, 69.5) screen=(-979.9173, -406.9061)
[Dev] interact PusJar world=(95.5, 0.0, 103.5) screen=(316.0165, 2158.353)
[Dev] interact @Area3D@18188 world=(101.5, 0.0, 105.5) screen=(501.1499, 2372.125)
[Dev] interact @Area3D@18189 world=(98.5, 0.0, 107.5) screen=(269.7332, 2345.403)
[Dev] interact LootChest world=(27.5, 0.0, 70.5) screen=(-1303.901, -540.5132)
[Dev] interact @Area3D@18190 world=(94.5, 0.0, 100.5) screen=(408.5833, 2051.468)
[Dev] interact @Area3D@18191 world=(55.5, 0.0, 52.5) screen=(825.1334, -273.2989)
[Dev] interact LootPot world=(46.5, 0.0, 68.5) screen=(-331.9504, -86.24869)
[Dev] interact @Area3D@18192 world=(73.5, 0.0, 47.5) screen=(1889.651, 74.07999)
[Dev] interact @Area3D@18193 world=(90.5, 0.0, 47.5) screen=(2676.468, 528.3447)
[Dev] interact @Area3D@18194 world=(111.5, 0.0, 49.5) screen=(3555.852, 1142.938)
[Dev] interact @Area3D@18195 world=(101.5, 0.0, 101.5) screen=(686.2833, 2265.239)
[Dev] interact @Area3D@18196 world=(86.5, 0.0, 76.5) screen=(1149.117, 1196.381)
[Dev] interact @Area3D@18197 world=(53.5, 0.0, 52.5) screen=(732.5667, -326.7417)
[Dev] interact @Area3D@18198 world=(87.5, 0.0, 95.5) screen=(316.0165, 1730.81)
[Dev] interact @Area3D@18199 world=(26.5, 0.0, 66.5) screen=(-1165.051, -674.1207)
[Dev] interact @Area3D@18200 world=(17.5, 0.0, 60.5) screen=(-1303.901, -1074.942)
[Dev] interact @Area3D@18201 world=(86.5, 0.0, 22.5) screen=(3648.418, -246.5774)
[Dev] interact @Area3D@18202 world=(59.5, 0.0, 65.5) screen=(408.5832, 180.9658)
[Dev] interact @Area3D@18203 world=(18.5, 0.0, 74.5) screen=(-1905.584, -674.1207)
[Dev] interact @Area3D@18204 world=(44.5, 0.0, 69.5) screen=(-470.8006, -112.9701)
[Dev] interact @Area3D@18205 world=(73.5, 0.0, 49.5) screen=(1797.084, 127.5229)
[Dev] interact @Area3D@18206 world=(88.5, 0.0, 52.5) screen=(2352.484, 608.5091)
[Click] world=(62.5, 0.0, 65.5) cell=(62, 65)
[Waypoint] activated deulnyeok:0
[Audio] BGM town → town.ogg
[Save] level 못골 마을 → user://save_e2e.json (C:/Users/FORYOUCOM/AppData/Roaming/Godot/app_userdata/Joseon Hunters/wt/codex-630-whirl-structure/save_e2e.json)
[Waypoint] travel → motgol:0
[Dev] stairs DungeonEntrance dir=1 world=(0.0, 0.0, -31.0) screen=(2324.714, -471.0371)
[Dev] interact Merchant world=(5.4, 0.0, -2.4) screen=(1250.94, 389.393)
[Dev] interact Shaman world=(-5.6, 0.0, 0.4) screen=(612.2299, 170.277)
[Dev] interact Elder world=(2.0, 0.0, -5.6) screen=(1241.684, 213.0314)
[Dev] interact Jumo world=(7.1, 0.0, -1.4) screen=(1283.339, 461.5409)
[Dev] interact StashChest world=(3.3, 0.0, -2.05) screen=(1137.546, 342.6304)
[Dev] interact Waypoint world=(-4.2, 0.0, 2.2) screen=(593.7167, 255.7858)
[Click] world=(-4.2, 0.0, 2.2) cell=(-5, 2)
[Dev] item 화염부 world=(32.5, 0.0, 70.5) screen=(-868.8373, 3090.953)
[Dev] item 빙결부 world=(33.5, 0.0, 69.5) screen=(-776.2708, 3090.953)
[Field] deulnyeok seed=355022911 128x128 props=2252 packs=18 enemies=77 waypoint=(62, 65) roster=bandit,bat,talisman_master elites=["13:파란×4@구간3"]
[Audio] BGM dungeon → dungeon_2.ogg
[Save] level 못골 들녘 → user://save_e2e.json (C:/Users/FORYOUCOM/AppData/Roaming/Godot/app_userdata/Joseon Hunters/wt/codex-630-whirl-structure/save_e2e.json)
[Waypoint] travel → deulnyeok:0
[Dev] stairs Down_cave dir=1 world=(88.5, 0.0, 3.5) screen=(4620.368, -652.7427)
[Dev] interact Waypoint world=(62.5, 0.0, 65.5) screen=(547.4333, 261.1302)
[Dev] interact FloorItem world=(32.5, 0.0, 70.5) screen=(-1072.484, -406.906)
[Dev] interact @Area3D@18868 world=(33.5, 0.0, 69.5) screen=(-979.9173, -406.9061)
[Dev] interact PusJar world=(95.5, 0.0, 103.5) screen=(316.0165, 2158.353)
[Dev] interact @Area3D@19095 world=(101.5, 0.0, 105.5) screen=(501.1499, 2372.125)
[Dev] interact @Area3D@19096 world=(98.5, 0.0, 107.5) screen=(269.7332, 2345.403)
[Dev] interact LootChest world=(27.5, 0.0, 70.5) screen=(-1303.901, -540.5132)
[Dev] interact @Area3D@19097 world=(94.5, 0.0, 100.5) screen=(408.5833, 2051.468)
[Dev] interact @Area3D@19098 world=(55.5, 0.0, 52.5) screen=(825.1334, -273.2989)
[Dev] interact LootPot world=(46.5, 0.0, 68.5) screen=(-331.9504, -86.24869)
[Dev] interact @Area3D@19099 world=(73.5, 0.0, 47.5) screen=(1889.651, 74.07999)
[Dev] interact @Area3D@19100 world=(90.5, 0.0, 47.5) screen=(2676.468, 528.3447)
[Dev] interact @Area3D@19101 world=(111.5, 0.0, 49.5) screen=(3555.852, 1142.938)
[Dev] interact @Area3D@19102 world=(101.5, 0.0, 101.5) screen=(686.2833, 2265.239)
[Dev] interact @Area3D@19103 world=(86.5, 0.0, 76.5) screen=(1149.117, 1196.381)
[Dev] interact @Area3D@19104 world=(53.5, 0.0, 52.5) screen=(732.5667, -326.7417)
[Dev] interact @Area3D@19105 world=(87.5, 0.0, 95.5) screen=(316.0165, 1730.81)
[Dev] interact @Area3D@19106 world=(26.5, 0.0, 66.5) screen=(-1165.051, -674.1207)
[Dev] interact @Area3D@19107 world=(17.5, 0.0, 60.5) screen=(-1303.901, -1074.942)
[Dev] interact @Area3D@19108 world=(86.5, 0.0, 22.5) screen=(3648.418, -246.5774)
[Dev] interact @Area3D@19109 world=(59.5, 0.0, 65.5) screen=(408.5832, 180.9658)
[Dev] interact @Area3D@19110 world=(18.5, 0.0, 74.5) screen=(-1905.584, -674.1207)
[Dev] interact @Area3D@19111 world=(44.5, 0.0, 69.5) screen=(-470.8006, -112.9701)
[Dev] interact @Area3D@19112 world=(73.5, 0.0, 49.5) screen=(1797.084, 127.5229)
[Dev] interact @Area3D@19113 world=(88.5, 0.0, 52.5) screen=(2352.484, 608.5091)
E2E waypoint PASS (검사 12)
[Audio] BGM town → town.ogg
[Save] level 못골 마을 → user://save_e2e.json (C:/Users/FORYOUCOM/AppData/Roaming/Godot/app_userdata/Joseon Hunters/wt/codex-630-whirl-structure/save_e2e.json)
[Dev] stairs DungeonEntrance dir=1 world=(0.0, 0.0, -31.0) screen=(2121.067, -492.4143)
[Dev] interact Merchant world=(5.4, 0.0, -2.4) screen=(1047.293, 368.0158)
[Dev] interact Shaman world=(-5.6, 0.0, 0.4) screen=(408.5833, 148.8999)
[Dev] interact Elder world=(2.0, 0.0, -5.6) screen=(1038.037, 191.6542)
[Dev] interact Jumo world=(7.1, 0.0, -1.4) screen=(1079.692, 440.1637)
[Dev] interact StashChest world=(3.3, 0.0, -2.05) screen=(933.8992, 321.2533)
[Dev] interact Waypoint world=(-4.2, 0.0, 2.2) screen=(390.0698, 234.4085)
E2E ▶ vendor_quest
[Click] world=(5.4, 0.0, -2.4) cell=(5, -3)
[Save] talk merchant → user://save_e2e.json (C:/Users/FORYOUCOM/AppData/Roaming/Godot/app_userdata/Joseon Hunters/wt/codex-630-whirl-structure/save_e2e.json)
[Vendor] buy 탕약 — 쌍화탕 price=15 gold=85
[Vendor] sell 귀환부 +10 gold=95
[Click] world=(-5.6, 0.0, 0.4) cell=(-6, 0)
[Save] quest_log_dialogue → user://save_e2e.json (C:/Users/FORYOUCOM/AppData/Roaming/Godot/app_userdata/Joseon Hunters/wt/codex-630-whirl-structure/save_e2e.json)
[Save] talk shaman → user://save_e2e.json (C:/Users/FORYOUCOM/AppData/Roaming/Godot/app_userdata/Joseon Hunters/wt/codex-630-whirl-structure/save_e2e.json)
[Click] world=(7.1, 0.0, -1.4) cell=(7, -2)
[Save] talk jumo → user://save_e2e.json (C:/Users/FORYOUCOM/AppData/Roaming/Godot/app_userdata/Joseon Hunters/wt/codex-630-whirl-structure/save_e2e.json)
[Click] world=(7.1, 0.0, -1.4) cell=(7, -2)
[Save] quest → user://save_e2e.json (C:/Users/FORYOUCOM/AppData/Roaming/Godot/app_userdata/Joseon Hunters/wt/codex-630-whirl-structure/save_e2e.json)
[Save] quest_log_dialogue → user://save_e2e.json (C:/Users/FORYOUCOM/AppData/Roaming/Godot/app_userdata/Joseon Hunters/wt/codex-630-whirl-structure/save_e2e.json)
[Save] talk jumo → user://save_e2e.json (C:/Users/FORYOUCOM/AppData/Roaming/Godot/app_userdata/Joseon Hunters/wt/codex-630-whirl-structure/save_e2e.json)
[Dev] flags={ "opening_pending": false, "story": { "entered/motgol": true, "merchant_met": true, "shaman_offer": true, "event/shaman_quest": true, "shaman_heal_intro": true, "jumo_met": true }, "seen": { "npc/merchant/start": 1, "npc/shaman/start": 1, "npc/jumo/start": 2 }, "quest_log": { "read": {  }, "history": { "heukrang_seal": [{ "uid": "npc/shaman/NPC_SHAMAN_OFFER_1", "source": "npc/shaman", "static_id": "NPC_SHAMAN_OFFER_1", "speaker": "shaman", "name": "무당 할매", "text": "도사 양반, 늦었소. 못골이 석 달째 이 꼴이오." }, { "uid": "npc/shaman/NPC_SHAMAN_OFFER_2", "source": "npc/shaman", "static_id": "NPC_SHAMAN_OFFER_2", "speaker": "doho", "name": "도호", "text": "할매, 술부터… 아, 분위기 아니구먼." }, { "uid": "npc/shaman/NPC_SHAMAN_OFFER_3", "source": "npc/shaman", "static_id": "NPC_SHAMAN_OFFER_3", "speaker": "shaman", "name": "무당 할매", "text": "봉인이 흔들리오. 요사한 기운이 못골로 새고 있소." }, { "uid": "npc/shaman/NPC_SHAMAN_OFFER_3B", "source": "npc/shaman", "static_id": "NPC_SHAMAN_OFFER_3B", "speaker": "shaman", "name": "무당 할매", "text": "꼬리 아홉 달린 천 년 묵은 여우, 구미호가 깨어났소." }, { "uid": "npc/shaman/NPC_SHAMAN_OFFER_3C", "source": "npc/shaman", "static_id": "NPC_SHAMAN_OFFER_3C", "speaker": "shaman", "name": "무당 할매", "text": "그 수하가 들녘 너머 흑랑 굴에 들어앉았소." }, { "uid": "npc/shaman/NPC_SHAMAN_OFFER_4", "source": "npc/shaman", "static_id": "NPC_SHAMAN_OFFER_4", "speaker": "shaman", "name": "무당 할매", "text": "마을 북쪽 산길 끝 봉밀굴 문 안엔 구미호가 갇혀 있소. …아직 열 때가 아니오." }, { "uid": "npc/shaman/NPC_SHAMAN_OFFER_5", "source": "npc/shaman", "static_id": "NPC_SHAMAN_OFFER_5", "speaker": "doho", "name": "도호", "text": "…또 봉인이여." }, { "uid": "npc/shaman/NPC_SHAMAN_OFFER_6", "source": "npc/shaman", "static_id": "NPC_SHAMAN_OFFER_6", "speaker": "shaman", "name": "무당 할매", "text": "도사 양반밖에 없소. 장터 어귀에 주모가 있소. 길은 그 사람이 아오." }, { "uid": "npc/shaman/NPC_SHAMAN_OFFER_7", "source": "npc/shaman", "static_id": "NPC_SHAMAN_OFFER_7", "speaker": "doho", "name": "도호", "text": "술값은—" }, { "uid": "npc/shaman/NPC_SHAMAN_OFFER_8", "source": "npc/shaman", "static_id": "NPC_SHAMAN_OFFER_8", "speaker": "shaman", "name": "무당 할매", "text": "살아서 돌아오면 쳐 드리리다." }, { "uid": "npc/shaman/NPC_SHAMAN_OFFER_9", "source": "npc/shaman", "static_id": "NPC_SHAMAN_OFFER_9", "speaker": "doho", "name": "도호", "text": "…허. 하는 김에." }, { "uid": "npc/jumo/NPC_JUMO_MAIN_1", "source": "npc/jumo", "static_id": "NPC_JUMO_MAIN_1", "speaker": "jumo", "name": "주모", "text": "그나저나 도사 양반, 이 장터가 왜 닫혔는지는 아시우?" }, { "uid": "npc/jumo/NPC_JUMO_MAIN_2", "source": "npc/jumo", "static_id": "NPC_JUMO_MAIN_2", "speaker": "doho", "name": "도호", "text": "봉인이 무너져서 괴질이 돈다는 건 대충 들었지." }, { "uid": "npc/jumo/NPC_JUMO_MAIN_3", "source": "npc/jumo", "static_id": "NPC_JUMO_MAIN_3", "speaker": "jumo", "name": "주모", "text": "마을 북쪽 산길 끝에 봉밀굴 문 있잖우. 돌문 말이우." }, { "uid": "npc/jumo/NPC_JUMO_MAIN_3B", "source": "npc/jumo", "static_id": "NPC_JUMO_MAIN_3B", "speaker": "jumo", "name": "주모", "text": "그 문 열쇠가 세 조각으로 쪼개져서, 굴마다 하나씩 박혀 있다우." }, { "uid": "npc/jumo/NPC_JUMO_MAIN_3C", "source": "npc/jumo", "static_id": "NPC_JUMO_MAIN_3C", "speaker": "jumo", "name": "주모", "text": "개가 하나, 들녘 흑랑 굴이우. 범이 하나, 고개 너머 범굴이우." }, { "uid": "npc/jumo/NPC_JUMO_MAIN_4", "source": "npc/jumo", "static_id": "NPC_JUMO_MAIN_4", "speaker": "doho", "name": "도호", "text": "소문치곤 번지수까지 친절하구먼." }, { "uid": "npc/jumo/NPC_JUMO_MAIN_4B", "source": "npc/jumo", "static_id": "NPC_JUMO_MAIN_4B", "speaker": "jumo", "name": "주모", "text": "쇠 먹는 놈 뱃속에 하나는, 같은 고개 너머 쇠부리 폐광이우." }, { "uid": "npc/jumo/NPC_JUMO_MAIN_5", "source": "npc/jumo", "static_id": "NPC_JUMO_MAIN_5", "speaker": "jumo", "name": "주모", "text": "목로에 앉아 있으면 소문이 다 들어오우. 값은 국물에 쳐서 받지." }, { "uid": "npc/jumo/NPC_JUMO_MAIN_6", "source": "npc/jumo", "static_id": "NPC_JUMO_MAIN_6", "speaker": "jumo", "name": "주모", "text": "열쇠를 모아 문을 열어야 이 병의 뿌리를 뽑을 수 있고, 뿌리를 뽑아야 닫힌 장터가 다시 열리지." }, { "uid": "npc/jumo/NPC_JUMO_MAIN_7", "source": "npc/jumo", "static_id": "NPC_JUMO_MAIN_7", "speaker": "doho", "name": "도호", "text": "뿌리라… 구미호 말이지." }, { "uid": "npc/jumo/NPC_JUMO_MAIN_8", "source": "npc/jumo", "static_id": "NPC_JUMO_MAIN_8", "speaker": "jumo", "name": "주모", "text": "…그 이름은 내 입에 올리기 싫수. 국물 식겠수." }, { "uid": "npc/jumo/NPC_JUMO_MAIN_9", "source": "npc/jumo", "static_id": "NPC_JUMO_MAIN_9", "speaker": "doho", "name": "도호", "text": "국물값치곤 일이 크네. 외상으로 달아 두시오." }, { "uid": "npc/jumo/NPC_JUMO_MAIN_10", "source": "npc/jumo", "static_id": "NPC_JUMO_MAIN_10", "speaker": "jumo", "name": "주모", "text": "가까운 데부터 가시구려. 동쪽 문 밖 들녘에 흑랑 굴이 있수. …국물은 식어도 외상은 안 식수." }] }, "revisions": { "heukrang_seal": 24 } }, "quest": { "heukrang_seal": { "state": "killed" }, "beomgul_seal": { "state": "accepted" }, "soeburi_seal": { "state": "accepted" }, "bongmil_gate": { "state": "accepted" }, "heukrang_thanks": { "state": "killed" } }, "boss_killed_heukrang_gul": true }
[Click] world=(7.1, 0.0, -1.4) cell=(7, -2)
[Save] quest → user://save_e2e.json (C:/Users/FORYOUCOM/AppData/Roaming/Godot/app_userdata/Joseon Hunters/wt/codex-630-whirl-structure/save_e2e.json)
[Save] quest_log_dialogue → user://save_e2e.json (C:/Users/FORYOUCOM/AppData/Roaming/Godot/app_userdata/Joseon Hunters/wt/codex-630-whirl-structure/save_e2e.json)
[Save] talk jumo → user://save_e2e.json (C:/Users/FORYOUCOM/AppData/Roaming/Godot/app_userdata/Joseon Hunters/wt/codex-630-whirl-structure/save_e2e.json)
[Load] lv=1 gold=95 flags={ "boss_killed_heukrang_gul": true, "opening_pending": false, "quest": { "beomgul_seal": { "state": "accepted" }, "bongmil_gate": { "state": "accepted" }, "heukrang_seal": { "state": "done" }, "heukrang_thanks": { "state": "killed" }, "soeburi_seal": { "state": "accepted" } }, "quest_log": { "history": { "heukrang_seal": [{ "name": "무당 할매", "source": "npc/shaman", "speaker": "shaman", "static_id": "NPC_SHAMAN_OFFER_1", "text": "도사 양반, 늦었소. 못골이 석 달째 이 꼴이오.", "uid": "npc/shaman/NPC_SHAMAN_OFFER_1" }, { "name": "도호", "source": "npc/shaman", "speaker": "doho", "static_id": "NPC_SHAMAN_OFFER_2", "text": "할매, 술부터… 아, 분위기 아니구먼.", "uid": "npc/shaman/NPC_SHAMAN_OFFER_2" }, { "name": "무당 할매", "source": "npc/shaman", "speaker": "shaman", "static_id": "NPC_SHAMAN_OFFER_3", "text": "봉인이 흔들리오. 요사한 기운이 못골로 새고 있소.", "uid": "npc/shaman/NPC_SHAMAN_OFFER_3" }, { "name": "무당 할매", "source": "npc/shaman", "speaker": "shaman", "static_id": "NPC_SHAMAN_OFFER_3B", "text": "꼬리 아홉 달린 천 년 묵은 여우, 구미호가 깨어났소.", "uid": "npc/shaman/NPC_SHAMAN_OFFER_3B" }, { "name": "무당 할매", "source": "npc/shaman", "speaker": "shaman", "static_id": "NPC_SHAMAN_OFFER_3C", "text": "그 수하가 들녘 너머 흑랑 굴에 들어앉았소.", "uid": "npc/shaman/NPC_SHAMAN_OFFER_3C" }, { "name": "무당 할매", "source": "npc/shaman", "speaker": "shaman", "static_id": "NPC_SHAMAN_OFFER_4", "text": "마을 북쪽 산길 끝 봉밀굴 문 안엔 구미호가 갇혀 있소. …아직 열 때가 아니오.", "uid": "npc/shaman/NPC_SHAMAN_OFFER_4" }, { "name": "도호", "source": "npc/shaman", "speaker": "doho", "static_id": "NPC_SHAMAN_OFFER_5", "text": "…또 봉인이여.", "uid": "npc/shaman/NPC_SHAMAN_OFFER_5" }, { "name": "무당 할매", "source": "npc/shaman", "speaker": "shaman", "static_id": "NPC_SHAMAN_OFFER_6", "text": "도사 양반밖에 없소. 장터 어귀에 주모가 있소. 길은 그 사람이 아오.", "uid": "npc/shaman/NPC_SHAMAN_OFFER_6" }, { "name": "도호", "source": "npc/shaman", "speaker": "doho", "static_id": "NPC_SHAMAN_OFFER_7", "text": "술값은—", "uid": "npc/shaman/NPC_SHAMAN_OFFER_7" }, { "name": "무당 할매", "source": "npc/shaman", "speaker": "shaman", "static_id": "NPC_SHAMAN_OFFER_8", "text": "살아서 돌아오면 쳐 드리리다.", "uid": "npc/shaman/NPC_SHAMAN_OFFER_8" }, { "name": "도호", "source": "npc/shaman", "speaker": "doho", "static_id": "NPC_SHAMAN_OFFER_9", "text": "…허. 하는 김에.", "uid": "npc/shaman/NPC_SHAMAN_OFFER_9" }, { "name": "주모", "source": "npc/jumo", "speaker": "jumo", "static_id": "NPC_JUMO_MAIN_1", "text": "그나저나 도사 양반, 이 장터가 왜 닫혔는지는 아시우?", "uid": "npc/jumo/NPC_JUMO_MAIN_1" }, { "name": "도호", "source": "npc/jumo", "speaker": "doho", "static_id": "NPC_JUMO_MAIN_2", "text": "봉인이 무너져서 괴질이 돈다는 건 대충 들었지.", "uid": "npc/jumo/NPC_JUMO_MAIN_2" }, { "name": "주모", "source": "npc/jumo", "speaker": "jumo", "static_id": "NPC_JUMO_MAIN_3", "text": "마을 북쪽 산길 끝에 봉밀굴 문 있잖우. 돌문 말이우.", "uid": "npc/jumo/NPC_JUMO_MAIN_3" }, { "name": "주모", "source": "npc/jumo", "speaker": "jumo", "static_id": "NPC_JUMO_MAIN_3B", "text": "그 문 열쇠가 세 조각으로 쪼개져서, 굴마다 하나씩 박혀 있다우.", "uid": "npc/jumo/NPC_JUMO_MAIN_3B" }, { "name": "주모", "source": "npc/jumo", "speaker": "jumo", "static_id": "NPC_JUMO_MAIN_3C", "text": "개가 하나, 들녘 흑랑 굴이우. 범이 하나, 고개 너머 범굴이우.", "uid": "npc/jumo/NPC_JUMO_MAIN_3C" }, { "name": "도호", "source": "npc/jumo", "speaker": "doho", "static_id": "NPC_JUMO_MAIN_4", "text": "소문치곤 번지수까지 친절하구먼.", "uid": "npc/jumo/NPC_JUMO_MAIN_4" }, { "name": "주모", "source": "npc/jumo", "speaker": "jumo", "static_id": "NPC_JUMO_MAIN_4B", "text": "쇠 먹는 놈 뱃속에 하나는, 같은 고개 너머 쇠부리 폐광이우.", "uid": "npc/jumo/NPC_JUMO_MAIN_4B" }, { "name": "주모", "source": "npc/jumo", "speaker": "jumo", "static_id": "NPC_JUMO_MAIN_5", "text": "목로에 앉아 있으면 소문이 다 들어오우. 값은 국물에 쳐서 받지.", "uid": "npc/jumo/NPC_JUMO_MAIN_5" }, { "name": "주모", "source": "npc/jumo", "speaker": "jumo", "static_id": "NPC_JUMO_MAIN_6", "text": "열쇠를 모아 문을 열어야 이 병의 뿌리를 뽑을 수 있고, 뿌리를 뽑아야 닫힌 장터가 다시 열리지.", "uid": "npc/jumo/NPC_JUMO_MAIN_6" }, { "name": "도호", "source": "npc/jumo", "speaker": "doho", "static_id": "NPC_JUMO_MAIN_7", "text": "뿌리라… 구미호 말이지.", "uid": "npc/jumo/NPC_JUMO_MAIN_7" }, { "name": "주모", "source": "npc/jumo", "speaker": "jumo", "static_id": "NPC_JUMO_MAIN_8", "text": "…그 이름은 내 입에 올리기 싫수. 국물 식겠수.", "uid": "npc/jumo/NPC_JUMO_MAIN_8" }, { "name": "도호", "source": "npc/jumo", "speaker": "doho", "static_id": "NPC_JUMO_MAIN_9", "text": "국물값치곤 일이 크네. 외상으로 달아 두시오.", "uid": "npc/jumo/NPC_JUMO_MAIN_9" }, { "name": "주모", "source": "npc/jumo", "speaker": "jumo", "static_id": "NPC_JUMO_MAIN_10", "text": "가까운 데부터 가시구려. 동쪽 문 밖 들녘에 흑랑 굴이 있수. …국물은 식어도 외상은 안 식수.", "uid": "npc/jumo/NPC_JUMO_MAIN_10" }, { "name": "주모", "source": "npc/jumo", "speaker": "jumo", "static_id": "NPC_JUMO_NEWS1_1", "text": "벌써 하나 가져오셨수? 그게 열쇠우? 어디 좀…", "uid": "npc/jumo/NPC_JUMO_NEWS1_1" }, { "name": "", "source": "npc/jumo", "speaker": "", "static_id": "NPC_JUMO_NEWS1_2", "text": "조각으로 뻗던 주모의 손이 허공에서 멈춘다.", "uid": "npc/jumo/NPC_JUMO_NEWS1_2" }, { "name": "주모", "source": "npc/jumo", "speaker": "jumo", "static_id": "NPC_JUMO_NEWS1_3", "text": "에구, 나이 드니 손이 시려서. 도사 양반이 들고 계시우.", "uid": "npc/jumo/NPC_JUMO_NEWS1_3" }, { "name": "도호", "source": "npc/jumo", "speaker": "doho", "static_id": "NPC_JUMO_NEWS1_4", "text": "국물 한 그릇이면 들고 다니지.", "uid": "npc/jumo/NPC_JUMO_NEWS1_4" }, { "name": "주모", "source": "npc/jumo", "speaker": "jumo", "static_id": "NPC_JUMO_NEWS1_HEUK", "text": "그 개는… 편히 갔수? …아니우, 괜한 소릴.", "uid": "npc/jumo/NPC_JUMO_NEWS1_HEUK" }, { "name": "주모", "source": "npc/jumo", "speaker": "jumo", "static_id": "NPC_JUMO_NEWS1_LEFT_BEOM_SOE", "text": "남은 둘은 고개 너머 정령재에 있수. 범굴이랑 쇠부리 폐광이우. 어느 쪽이 먼저든 상관없지.", "uid": "npc/jumo/NPC_JUMO_NEWS1_LEFT_BEOM_SOE" }, { "name": "도호", "source": "npc/jumo", "speaker": "doho", "static_id": "NPC_JUMO_NEWS1_END", "text": "외상이 자꾸 느는구먼. 갚을 날이 오긴 하려나.", "uid": "npc/jumo/NPC_JUMO_NEWS1_END" }] }, "read": {  }, "revisions": { "heukrang_seal": 31.0 } }, "seen": { "npc/jumo/start": 3.0, "npc/merchant/start": 1.0, "npc/shaman/start": 1.0 }, "story": { "entered/motgol": true, "event/shaman_quest": true, "jumo_met": true, "jumo_seals": 1.0, "merchant_met": true, "shaman_heal_intro": true, "shaman_offer": true } } portal=<null> wps=[]
[Save] level 못골 마을 → user://save_e2e.json (C:/Users/FORYOUCOM/AppData/Roaming/Godot/app_userdata/Joseon Hunters/wt/codex-630-whirl-structure/save_e2e.json)
[Dev] stairs DungeonEntrance dir=1 world=(0.0, 0.0, -31.0) screen=(2121.067, -492.4143)
[Dev] interact Merchant world=(5.4, 0.0, -2.4) screen=(1047.293, 368.0158)
[Dev] interact Shaman world=(-5.6, 0.0, 0.4) screen=(408.5833, 148.8999)
[Dev] interact Elder world=(2.0, 0.0, -5.6) screen=(1038.037, 191.6542)
[Dev] interact Jumo world=(7.1, 0.0, -1.4) screen=(1079.692, 440.1637)
[Dev] interact StashChest world=(3.3, 0.0, -2.05) screen=(933.8992, 321.2533)
[Dev] interact Waypoint world=(-4.2, 0.0, 2.2) screen=(390.0698, 234.4085)
[Click] world=(7.1, 0.0, -1.4) cell=(7, -2)
[Save] talk jumo → user://save_e2e.json (C:/Users/FORYOUCOM/AppData/Roaming/Godot/app_userdata/Joseon Hunters/wt/codex-630-whirl-structure/save_e2e.json)
[Click] world=(-5.6, 0.0, 0.4) cell=(-6, 0)
[Save] quest_log_dialogue → user://save_e2e.json (C:/Users/FORYOUCOM/AppData/Roaming/Godot/app_userdata/Joseon Hunters/wt/codex-630-whirl-structure/save_e2e.json)
[Save] talk shaman → user://save_e2e.json (C:/Users/FORYOUCOM/AppData/Roaming/Godot/app_userdata/Joseon Hunters/wt/codex-630-whirl-structure/save_e2e.json)
E2E vendor_quest PASS (검사 54)
[Save] level 못골 마을 → user://save_e2e.json (C:/Users/FORYOUCOM/AppData/Roaming/Godot/app_userdata/Joseon Hunters/wt/codex-630-whirl-structure/save_e2e.json)
[Dev] stairs DungeonEntrance dir=1 world=(0.0, 0.0, -31.0) screen=(2121.067, -492.4143)
[Dev] interact Merchant world=(5.4, 0.0, -2.4) screen=(1047.293, 368.0158)
[Dev] interact Shaman world=(-5.6, 0.0, 0.4) screen=(408.5833, 148.8999)
[Dev] interact Elder world=(2.0, 0.0, -5.6) screen=(1038.037, 191.6542)
[Dev] interact Jumo world=(7.1, 0.0, -1.4) screen=(1079.692, 440.1637)
[Dev] interact StashChest world=(3.3, 0.0, -2.05) screen=(933.8992, 321.2533)
[Dev] interact Waypoint world=(-4.2, 0.0, 2.2) screen=(390.0698, 234.4085)
E2E ▶ vendor_prices
[Save] level 못골 마을 → user://save_e2e.json (C:/Users/FORYOUCOM/AppData/Roaming/Godot/app_userdata/Joseon Hunters/wt/codex-630-whirl-structure/save_e2e.json)
[Dev] stairs DungeonEntrance dir=1 world=(0.0, 0.0, -31.0) screen=(2121.067, -492.4143)
[Dev] interact Merchant world=(5.4, 0.0, -2.4) screen=(1047.293, 368.0158)
[Dev] interact Shaman world=(-5.6, 0.0, 0.4) screen=(408.5833, 148.8999)
[Dev] interact Elder world=(2.0, 0.0, -5.6) screen=(1038.037, 191.6542)
[Dev] interact Jumo world=(7.1, 0.0, -1.4) screen=(1079.692, 440.1637)
[Dev] interact StashChest world=(3.3, 0.0, -2.05) screen=(933.8992, 321.2533)
[Dev] interact Waypoint world=(-4.2, 0.0, 2.2) screen=(390.0698, 234.4085)
[Click] world=(5.4, 0.0, -2.4) cell=(5, -3)
[Save] talk merchant → user://save_e2e.json (C:/Users/FORYOUCOM/AppData/Roaming/Godot/app_userdata/Joseon Hunters/wt/codex-630-whirl-structure/save_e2e.json)
E2E vendor_prices PASS (검사 12)
[Save] level 못골 마을 → user://save_e2e.json (C:/Users/FORYOUCOM/AppData/Roaming/Godot/app_userdata/Joseon Hunters/wt/codex-630-whirl-structure/save_e2e.json)
[Dev] stairs DungeonEntrance dir=1 world=(0.0, 0.0, -31.0) screen=(2121.067, -492.4143)
[Dev] interact Merchant world=(5.4, 0.0, -2.4) screen=(1047.293, 368.0158)
[Dev] interact Shaman world=(-5.6, 0.0, 0.4) screen=(408.5833, 148.8999)
[Dev] interact Elder world=(2.0, 0.0, -5.6) screen=(1038.037, 191.6542)
[Dev] interact Jumo world=(7.1, 0.0, -1.4) screen=(1079.692, 440.1637)
[Dev] interact StashChest world=(3.3, 0.0, -2.05) screen=(933.8992, 321.2533)
[Dev] interact Waypoint world=(-4.2, 0.0, 2.2) screen=(390.0698, 234.4085)
E2E ▶ stash_roundtrip
[Click] world=(3.3, 0.0, -2.05) cell=(3, -3)
[Stash] deposit 100 → 든 900 · 맡긴 100
[Stash] withdraw 40 → 든 940 · 맡긴 60
[Death] 도호 사망 → 1.2s 뒤 마을 복귀, 엽전 -94
[Save] level 못골 마을 → user://save_e2e.json (C:/Users/FORYOUCOM/AppData/Roaming/Godot/app_userdata/Joseon Hunters/wt/codex-630-whirl-structure/save_e2e.json)
[Dev] stairs DungeonEntrance dir=1 world=(0.0, 0.0, -31.0) screen=(2121.067, -492.4143)
[Dev] interact Merchant world=(5.4, 0.0, -2.4) screen=(1047.293, 368.0158)
[Dev] interact Shaman world=(-5.6, 0.0, 0.4) screen=(408.5833, 148.8999)
[Dev] interact Elder world=(2.0, 0.0, -5.6) screen=(1038.037, 191.6542)
[Dev] interact Jumo world=(7.1, 0.0, -1.4) screen=(1079.692, 440.1637)
[Dev] interact StashChest world=(3.3, 0.0, -2.05) screen=(933.8992, 321.2533)
[Dev] interact Waypoint world=(-4.2, 0.0, 2.2) screen=(390.0698, 234.4085)
[Save] e2e stash → user://save_e2e.json (C:/Users/FORYOUCOM/AppData/Roaming/Godot/app_userdata/Joseon Hunters/wt/codex-630-whirl-structure/save_e2e.json)
[Load] lv=1 gold=846 flags={ "opening_pending": false, "story": { "entered/motgol": true } } portal=<null> wps=[]
[Click] world=(3.3, 0.0, -2.05) cell=(3, -3)
E2E stash_roundtrip PASS (검사 50)
[Save] level 못골 마을 → user://save_e2e.json (C:/Users/FORYOUCOM/AppData/Roaming/Godot/app_userdata/Joseon Hunters/wt/codex-630-whirl-structure/save_e2e.json)
[Dev] stairs DungeonEntrance dir=1 world=(0.0, 0.0, -31.0) screen=(2121.067, -492.4143)
[Dev] interact Merchant world=(5.4, 0.0, -2.4) screen=(1047.293, 368.0158)
[Dev] interact Shaman world=(-5.6, 0.0, 0.4) screen=(408.5833, 148.8999)
[Dev] interact Elder world=(2.0, 0.0, -5.6) screen=(1038.037, 191.6542)
[Dev] interact Jumo world=(7.1, 0.0, -1.4) screen=(1079.692, 440.1637)
[Dev] interact StashChest world=(3.3, 0.0, -2.05) screen=(933.8992, 321.2533)
[Dev] interact Waypoint world=(-4.2, 0.0, 2.2) screen=(390.0698, 234.4085)
E2E ▶ chief_quest
[Click] world=(2.0, 0.0, -5.6) cell=(2, -6)
[Save] quest → user://save_e2e.json (C:/Users/FORYOUCOM/AppData/Roaming/Godot/app_userdata/Joseon Hunters/wt/codex-630-whirl-structure/save_e2e.json)
[Save] quest_log_dialogue → user://save_e2e.json (C:/Users/FORYOUCOM/AppData/Roaming/Godot/app_userdata/Joseon Hunters/wt/codex-630-whirl-structure/save_e2e.json)
[Save] talk elder → user://save_e2e.json (C:/Users/FORYOUCOM/AppData/Roaming/Godot/app_userdata/Joseon Hunters/wt/codex-630-whirl-structure/save_e2e.json)
[Dungeon] heukrang_gul 1층 lv=2 seed=403727558 gen 64x64 rooms=6 up=(44, 56) down=(7, 23) enemies=20 roster=bandit,bat,talisman_master elites=["방2:금색×3(깊이 0.50)"] named=-
[Quest] heukrang_gul 1층 — 싹쓸이 셈 시작 20 (heukrang_clear:accepted)
[Audio] BGM dungeon → dungeon_1.ogg
[Save] level 흑랑 굴 1층 → user://save_e2e.json (C:/Users/FORYOUCOM/AppData/Roaming/Godot/app_userdata/Joseon Hunters/wt/codex-630-whirl-structure/save_e2e.json)
[Dev] stairs StairsUp dir=-1 world=(44.5, 0.0, 56.5) screen=(593.7165, 335.9509)
[Dev] stairs StairsDown dir=1 world=(7.5, 0.0, 23.5) screen=(408.583, -1534.551)
[Dev] interact PusJar world=(29.5, 0.0, 42.5) screen=(547.433, -487.0705)
[Dev] interact @Area3D@20441 world=(14.5, 0.0, 24.5) screen=(686.2831, -1368.878)
[Dev] interact @Area3D@20442 world=(23.5, 0.0, 18.5) screen=(1380.534, -1288.714)
[Dev] interact LootChest world=(29.5, 0.0, 39.5) screen=(686.2831, -567.2349)
[Dev] interact @Area3D@20443 world=(40.5, 0.0, 38.5) screen=(1241.683, -300.0204)
[Dev] interact LootPot world=(17.5, 0.0, 43.5) screen=(-54.25064, -781.0067)
[Dev] interact @Area3D@20444 world=(18.5, 0.0, 44.5) screen=(-54.25041, -727.5637)
[Dev] interact @Area3D@20445 world=(19.5, 0.0, 9.5) screen=(1611.95, -1636.093)
[Dev] interact @Area3D@20446 world=(20.5, 0.0, 9.5) screen=(1658.234, -1609.372)
[Dev] interact @Area3D@20447 world=(43.5, 0.0, 60.5) screen=(362.2997, 368.0159)
[Dev] interact @Area3D@20448 world=(43.5, 0.0, 59.5) screen=(408.583, 341.2944)
[Dev] interact @Area3D@20449 world=(21.5, 0.0, 39.5) screen=(316.0163, -781.0065)
[Kill] +6 xp (lv 1, 6/20)
[Audio] 전투 밀집 — 노리는 무게 5 ≥ 5 → dungeon_tense
[Audio] BGM dungeon_tense → dungeon_tense.ogg
[Kill] +6 xp (lv 1, 12/20)
[Dev] item 엽전 world=(6.553033, 0.0, 17.55303) screen=(644.3613, -1744.721)
[Dev] item 영약 — 생맥산 world=(6.553033, 0.0, 17.55303) screen=(644.3613, -1744.721)
[Kill] +8 xp (lv 2, 0/57)
[LevelUp] lv=2 stat_pts=5 skill_pts=1
[Kill] +7 xp (lv 2, 7/57)
[Dev] item 엽전 world=(9.664993, 0.0, 16.66499) screen=(820.7423, -1685.342)
[Kill] +7 xp (lv 2, 14/57)
[Dev] item 엽전 world=(21.5, 0.0, 9.675) screen=(1692.027, -1555.876)
[Dev] item 미식별 무명띠 world=(21.5, 0.0, 9.675) screen=(1692.027, -1555.876)
[Dev] item 괴황지 world=(21.5, 0.0, 9.675) screen=(1692.027, -1555.876)
[Kill] +6 xp (lv 2, 20/57)
[Dev] item 엽전 world=(3.95, 0.0, 28.5) screen=(8.469925, -1521.806)
[Kill] +6 xp (lv 2, 26/57)
[Dev] item 옥패 world=(5.924265, 0.0, 28.07573) screen=(128.346, -1480.527)
[Dev] item 귀환부 world=(5.924265, 0.0, 28.07573) screen=(128.346, -1480.527)
[Kill] +7 xp (lv 2, 33/57)
[Dev] item 엽전 world=(24.78874, 0.0, 12.78874) screen=(1708.907, -1384.793)
[Kill] +6 xp (lv 2, 39/57)
[Dev] item 엽전 world=(11.5, 0.0, 22.25001) screen=(647.1441, -1487.127)
[Dev] item 영약 — 생맥산 world=(11.5, 0.0, 22.25001) screen=(647.1441, -1487.127)
[Kill] +7 xp (lv 2, 46/57)
[Kill] +7 xp (lv 2, 53/57)
[Dev] item 미식별 옥패 world=(25.5, 0.0, 17.14166) screen=(1531.543, -1249.53)
[Kill] +53 xp (lv 3, 49/104)
[LevelUp] lv=3 stat_pts=10 skill_pts=2
[Dev] item 엽전 world=(25.5, 0.0, 33.5) screen=(774.4237, -812.4111)
[Dev] item 미식별 패랭이 world=(25.5, 0.0, 33.5) screen=(774.4237, -812.4111)
[Dev] item 탕약 — 쌍화탕 world=(25.5, 0.0, 33.5) screen=(774.4237, -812.4111)
[Dev] item 미식별 은가락지 world=(25.5, 0.0, 33.5) screen=(774.4237, -812.4111)
[Dev] item 영약 — 생맥산 world=(25.5, 0.0, 33.5) screen=(774.4237, -812.4111)
[Dev] item 미식별 패랭이 world=(25.5, 0.0, 33.5) screen=(774.4237, -812.4111)
[Kill] +13 xp (lv 3, 62/104)
[Kill] +13 xp (lv 3, 75/104)
[Kill] +7 xp (lv 3, 82/104)
[Dev] item 패랭이 world=(23.5, 0.0, 52.5) screen=(-197.5267, -358.1463)
[Dev] item 탕약 — 쌍화탕 world=(23.5, 0.0, 52.5) screen=(-197.5267, -358.1463)
[Kill] +7 xp (lv 3, 89/104)
[Dev] item 엽전 world=(25.54125, 0.0, 49.45875) screen=(46.56052, -384.868)
[Dev] item 탕약 — 쌍화탕 world=(25.54125, 0.0, 49.45875) screen=(46.56052, -384.868)
[Kill] +7 xp (lv 3, 96/104)
[Dev] item 미식별 목검 world=(27.66499, 0.0, 53.33501) screen=(10.44884, 180.7068)
[Dev] item 영약 — 생맥산 world=(27.66499, 0.0, 53.33501) screen=(10.44884, 180.7068)
[Quest] heukrang_clear 남은 3 — 바크
[Kill] +7 xp (lv 3, 103/104)
[Dev] item 엽전 world=(37.25212, 0.0, 44.33275) screen=(867.6848, 199.3649)
[Dev] item 영약 — 생맥산 world=(37.25212, 0.0, 44.33275) screen=(867.6848, 199.3649)
[Kill] +7 xp (lv 4, 6/160)
[LevelUp] lv=4 stat_pts=15 skill_pts=3
[Dev] item 엽전 world=(34.78336, 0.0, 46.5) screen=(648.325, 183.3156)
[Dev] item 영약 — 생맥산 world=(34.78336, 0.0, 46.5) screen=(648.325, 183.3156)
[Audio] 같은 순간 같은 큐 상한(3) 넘침 — drop ×1 (버림 누계 5)
[Kill] +7 xp (lv 4, 13/160)
[Dev] item 엽전 world=(36.35579, 0.0, 47.50564) screen=(674.8571, 252.6916)
[Dev] item 영약 — 생맥산 world=(36.35579, 0.0, 47.50564) screen=(674.8571, 252.6916)
[Save] quest → user://save_e2e.json (C:/Users/FORYOUCOM/AppData/Roaming/Godot/app_userdata/Joseon Hunters/wt/codex-630-whirl-structure/save_e2e.json)
[Quest] heukrang_clear 싹쓸이 완료 (accepted → killed)
[Audio] BGM town → town.ogg
[Save] level 못골 마을 → user://save_e2e.json (C:/Users/FORYOUCOM/AppData/Roaming/Godot/app_userdata/Joseon Hunters/wt/codex-630-whirl-structure/save_e2e.json)
[Dev] stairs DungeonEntrance dir=1 world=(0.0, 0.0, -31.0) screen=(2121.067, -492.4143)
[Dev] interact Merchant world=(5.4, 0.0, -2.4) screen=(1047.293, 368.0158)
[Dev] interact Shaman world=(-5.6, 0.0, 0.4) screen=(408.5833, 148.8999)
[Dev] interact Elder world=(2.0, 0.0, -5.6) screen=(1038.037, 191.6542)
[Dev] interact Jumo world=(7.1, 0.0, -1.4) screen=(1079.692, 440.1637)
[Dev] interact StashChest world=(3.3, 0.0, -2.05) screen=(933.8992, 321.2533)
[Dev] interact Waypoint world=(-4.2, 0.0, 2.2) screen=(390.0698, 234.4085)
[Click] world=(2.0, 0.0, -5.6) cell=(2, -6)
[Save] quest → user://save_e2e.json (C:/Users/FORYOUCOM/AppData/Roaming/Godot/app_userdata/Joseon Hunters/wt/codex-630-whirl-structure/save_e2e.json)
[Save] quest_log_dialogue → user://save_e2e.json (C:/Users/FORYOUCOM/AppData/Roaming/Godot/app_userdata/Joseon Hunters/wt/codex-630-whirl-structure/save_e2e.json)
[Save] talk elder → user://save_e2e.json (C:/Users/FORYOUCOM/AppData/Roaming/Godot/app_userdata/Joseon Hunters/wt/codex-630-whirl-structure/save_e2e.json)
[Dev] flags={ "opening_pending": false, "story": { "entered/motgol": true, "elder_met": true, "entered/heukrang_gul": true }, "seen": { "npc/elder/start": 2 }, "quest_log": { "read": {  }, "history": { "heukrang_clear": [{ "uid": "npc/elder/NPC_ELDER_OFFER_1", "source": "npc/elder", "static_id": "NPC_ELDER_OFFER_1", "speaker": "elder", "name": "촌장", "text": "부탁이 하나 있소. 흑랑 굴 말이오." }, { "uid": "npc/elder/NPC_ELDER_OFFER_2", "source": "npc/elder", "static_id": "NPC_ELDER_OFFER_2", "speaker": "elder", "name": "촌장", "text": "밤마다 어귀에서 것들이 기어 나와 밭을 헤집고 외양간을 비우오." }, { "uid": "npc/elder/NPC_ELDER_OFFER_3", "source": "npc/elder", "static_id": "NPC_ELDER_OFFER_3", "speaker": "elder", "name": "촌장", "text": "끝까지는 바라지도 않소. 첫 층만… 비워 주시오." }, { "uid": "npc/elder/NPC_ELDER_OFFER_4", "source": "npc/elder", "static_id": "NPC_ELDER_OFFER_4", "speaker": "doho", "name": "도호", "text": "첫 층만? 그럼 산책이구먼." }, { "uid": "npc/elder/NPC_ELDER_ACCEPT_1", "source": "npc/elder", "static_id": "NPC_ELDER_ACCEPT_1", "speaker": "elder", "name": "촌장", "text": "그 산책, 부디 무사히 끝내시오." }, { "uid": "npc/elder/NPC_ELDER_CLEAR_DONE_1", "source": "npc/elder", "static_id": "NPC_ELDER_CLEAR_DONE_1", "speaker": "elder", "name": "촌장", "text": "간밤엔 굴 쪽이 조용했소. …도사 양반 솜씨요?" }, { "uid": "npc/elder/NPC_ELDER_CLEAR_DONE_2", "source": "npc/elder", "static_id": "NPC_ELDER_CLEAR_DONE_2", "speaker": "doho", "name": "도호", "text": "산책 좀 했지." }, { "uid": "npc/elder/NPC_ELDER_REPORT_1", "source": "npc/elder", "static_id": "NPC_ELDER_REPORT_1", "speaker": "elder", "name": "촌장", "text": "몇 해 전 묵어 간 도사가 두고 간 책이 한 권 있소. 우리 집안은 까막눈이라…" }] }, "revisions": { "heukrang_clear": 8 } }, "quest": { "heukrang_clear": { "state": "done", "left": 0, "barked": true }, "heukrang_seal": { "state": "killed" }, "heukrang_thanks": { "state": "killed" } }, "boss_killed_heukrang_gul": true }
[Click] world=(2.0, 0.0, -5.6) cell=(2, -6)
[Save] talk elder → user://save_e2e.json (C:/Users/FORYOUCOM/AppData/Roaming/Godot/app_userdata/Joseon Hunters/wt/codex-630-whirl-structure/save_e2e.json)
[Click] world=(2.0, 0.0, -5.6) cell=(2, -6)
[Save] quest → user://save_e2e.json (C:/Users/FORYOUCOM/AppData/Roaming/Godot/app_userdata/Joseon Hunters/wt/codex-630-whirl-structure/save_e2e.json)
[Save] talk elder → user://save_e2e.json (C:/Users/FORYOUCOM/AppData/Roaming/Godot/app_userdata/Joseon Hunters/wt/codex-630-whirl-structure/save_e2e.json)
[Click] world=(7.1, 0.0, -1.4) cell=(7, -2)
[Save] quest → user://save_e2e.json (C:/Users/FORYOUCOM/AppData/Roaming/Godot/app_userdata/Joseon Hunters/wt/codex-630-whirl-structure/save_e2e.json)
[Save] quest → user://save_e2e.json (C:/Users/FORYOUCOM/AppData/Roaming/Godot/app_userdata/Joseon Hunters/wt/codex-630-whirl-structure/save_e2e.json)
[Save] quest_log_dialogue → user://save_e2e.json (C:/Users/FORYOUCOM/AppData/Roaming/Godot/app_userdata/Joseon Hunters/wt/codex-630-whirl-structure/save_e2e.json)
[Save] talk jumo → user://save_e2e.json (C:/Users/FORYOUCOM/AppData/Roaming/Godot/app_userdata/Joseon Hunters/wt/codex-630-whirl-structure/save_e2e.json)
[Click] world=(2.0, 0.0, -5.6) cell=(2, -6)
[Save] talk elder → user://save_e2e.json (C:/Users/FORYOUCOM/AppData/Roaming/Godot/app_userdata/Joseon Hunters/wt/codex-630-whirl-structure/save_e2e.json)
[Click] world=(2.0, 0.0, -5.6) cell=(2, -6)
[Save] talk elder → user://save_e2e.json (C:/Users/FORYOUCOM/AppData/Roaming/Godot/app_userdata/Joseon Hunters/wt/codex-630-whirl-structure/save_e2e.json)
[Load] lv=4 gold=300 flags={ "boss_killed_heukrang_gul": true, "opening_pending": false, "quest": { "beomgul_seal": { "state": "accepted" }, "bongmil_gate": { "state": "accepted" }, "heukrang_clear": { "state": "done", "left": 0, "barked": true }, "heukrang_seal": { "state": "done" }, "heukrang_thanks": { "state": "done" }, "soeburi_seal": { "state": "accepted" } }, "quest_log": { "history": { "heukrang_clear": [{ "name": "촌장", "source": "npc/elder", "speaker": "elder", "static_id": "NPC_ELDER_OFFER_1", "text": "부탁이 하나 있소. 흑랑 굴 말이오.", "uid": "npc/elder/NPC_ELDER_OFFER_1" }, { "name": "촌장", "source": "npc/elder", "speaker": "elder", "static_id": "NPC_ELDER_OFFER_2", "text": "밤마다 어귀에서 것들이 기어 나와 밭을 헤집고 외양간을 비우오.", "uid": "npc/elder/NPC_ELDER_OFFER_2" }, { "name": "촌장", "source": "npc/elder", "speaker": "elder", "static_id": "NPC_ELDER_OFFER_3", "text": "끝까지는 바라지도 않소. 첫 층만… 비워 주시오.", "uid": "npc/elder/NPC_ELDER_OFFER_3" }, { "name": "도호", "source": "npc/elder", "speaker": "doho", "static_id": "NPC_ELDER_OFFER_4", "text": "첫 층만? 그럼 산책이구먼.", "uid": "npc/elder/NPC_ELDER_OFFER_4" }, { "name": "촌장", "source": "npc/elder", "speaker": "elder", "static_id": "NPC_ELDER_ACCEPT_1", "text": "그 산책, 부디 무사히 끝내시오.", "uid": "npc/elder/NPC_ELDER_ACCEPT_1" }, { "name": "촌장", "source": "npc/elder", "speaker": "elder", "static_id": "NPC_ELDER_CLEAR_DONE_1", "text": "간밤엔 굴 쪽이 조용했소. …도사 양반 솜씨요?", "uid": "npc/elder/NPC_ELDER_CLEAR_DONE_1" }, { "name": "도호", "source": "npc/elder", "speaker": "doho", "static_id": "NPC_ELDER_CLEAR_DONE_2", "text": "산책 좀 했지.", "uid": "npc/elder/NPC_ELDER_CLEAR_DONE_2" }, { "name": "촌장", "source": "npc/elder", "speaker": "elder", "static_id": "NPC_ELDER_REPORT_1", "text": "몇 해 전 묵어 간 도사가 두고 간 책이 한 권 있소. 우리 집안은 까막눈이라…", "uid": "npc/elder/NPC_ELDER_REPORT_1" }], "heukrang_seal": [{ "name": "주모", "source": "npc/jumo", "speaker": "jumo", "static_id": "NPC_JUMO_MAIN_1", "text": "그나저나 도사 양반, 이 장터가 왜 닫혔는지는 아시우?", "uid": "npc/jumo/NPC_JUMO_MAIN_1" }, { "name": "도호", "source": "npc/jumo", "speaker": "doho", "static_id": "NPC_JUMO_MAIN_2", "text": "봉인이 무너져서 괴질이 돈다는 건 대충 들었지.", "uid": "npc/jumo/NPC_JUMO_MAIN_2" }, { "name": "주모", "source": "npc/jumo", "speaker": "jumo", "static_id": "NPC_JUMO_MAIN_3", "text": "마을 북쪽 산길 끝에 봉밀굴 문 있잖우. 돌문 말이우.", "uid": "npc/jumo/NPC_JUMO_MAIN_3" }, { "name": "주모", "source": "npc/jumo", "speaker": "jumo", "static_id": "NPC_JUMO_MAIN_3B", "text": "그 문 열쇠가 세 조각으로 쪼개져서, 굴마다 하나씩 박혀 있다우.", "uid": "npc/jumo/NPC_JUMO_MAIN_3B" }, { "name": "주모", "source": "npc/jumo", "speaker": "jumo", "static_id": "NPC_JUMO_MAIN_3C", "text": "개가 하나, 들녘 흑랑 굴이우. 범이 하나, 고개 너머 범굴이우.", "uid": "npc/jumo/NPC_JUMO_MAIN_3C" }, { "name": "도호", "source": "npc/jumo", "speaker": "doho", "static_id": "NPC_JUMO_MAIN_4", "text": "소문치곤 번지수까지 친절하구먼.", "uid": "npc/jumo/NPC_JUMO_MAIN_4" }, { "name": "주모", "source": "npc/jumo", "speaker": "jumo", "static_id": "NPC_JUMO_MAIN_4B", "text": "쇠 먹는 놈 뱃속에 하나는, 같은 고개 너머 쇠부리 폐광이우.", "uid": "npc/jumo/NPC_JUMO_MAIN_4B" }, { "name": "주모", "source": "npc/jumo", "speaker": "jumo", "static_id": "NPC_JUMO_MAIN_5", "text": "목로에 앉아 있으면 소문이 다 들어오우. 값은 국물에 쳐서 받지.", "uid": "npc/jumo/NPC_JUMO_MAIN_5" }, { "name": "주모", "source": "npc/jumo", "speaker": "jumo", "static_id": "NPC_JUMO_MAIN_6", "text": "열쇠를 모아 문을 열어야 이 병의 뿌리를 뽑을 수 있고, 뿌리를 뽑아야 닫힌 장터가 다시 열리지.", "uid": "npc/jumo/NPC_JUMO_MAIN_6" }, { "name": "도호", "source": "npc/jumo", "speaker": "doho", "static_id": "NPC_JUMO_MAIN_7", "text": "뿌리라… 구미호 말이지.", "uid": "npc/jumo/NPC_JUMO_MAIN_7" }, { "name": "주모", "source": "npc/jumo", "speaker": "jumo", "static_id": "NPC_JUMO_MAIN_8", "text": "…그 이름은 내 입에 올리기 싫수. 국물 식겠수.", "uid": "npc/jumo/NPC_JUMO_MAIN_8" }, { "name": "도호", "source": "npc/jumo", "speaker": "doho", "static_id": "NPC_JUMO_MAIN_9", "text": "국물값치곤 일이 크네. 외상으로 달아 두시오.", "uid": "npc/jumo/NPC_JUMO_MAIN_9" }, { "name": "주모", "source": "npc/jumo", "speaker": "jumo", "static_id": "NPC_JUMO_NEWS1_1", "text": "벌써 하나 가져오셨수? 그게 열쇠우? 어디 좀…", "uid": "npc/jumo/NPC_JUMO_NEWS1_1" }, { "name": "", "source": "npc/jumo", "speaker": "", "static_id": "NPC_JUMO_NEWS1_2", "text": "조각으로 뻗던 주모의 손이 허공에서 멈춘다.", "uid": "npc/jumo/NPC_JUMO_NEWS1_2" }, { "name": "주모", "source": "npc/jumo", "speaker": "jumo", "static_id": "NPC_JUMO_NEWS1_3", "text": "에구, 나이 드니 손이 시려서. 도사 양반이 들고 계시우.", "uid": "npc/jumo/NPC_JUMO_NEWS1_3" }, { "name": "도호", "source": "npc/jumo", "speaker": "doho", "static_id": "NPC_JUMO_NEWS1_4", "text": "국물 한 그릇이면 들고 다니지.", "uid": "npc/jumo/NPC_JUMO_NEWS1_4" }, { "name": "주모", "source": "npc/jumo", "speaker": "jumo", "static_id": "NPC_JUMO_NEWS1_HEUK", "text": "그 개는… 편히 갔수? …아니우, 괜한 소릴.", "uid": "npc/jumo/NPC_JUMO_NEWS1_HEUK" }, { "name": "주모", "source": "npc/jumo", "speaker": "jumo", "static_id": "NPC_JUMO_NEWS1_LEFT_BEOM_SOE", "text": "남은 둘은 고개 너머 정령재에 있수. 범굴이랑 쇠부리 폐광이우. 어느 쪽이 먼저든 상관없지.", "uid": "npc/jumo/NPC_JUMO_NEWS1_LEFT_BEOM_SOE" }, { "name": "도호", "source": "npc/jumo", "speaker": "doho", "static_id": "NPC_JUMO_NEWS1_END", "text": "외상이 자꾸 느는구먼. 갚을 날이 오긴 하려나.", "uid": "npc/jumo/NPC_JUMO_NEWS1_END" }] }, "read": {  }, "revisions": { "heukrang_clear": 8.0, "heukrang_seal": 19.0 } }, "seen": { "npc/elder/start": 6.0, "npc/jumo/start": 1.0 }, "story": { "elder_after_heukrang": true, "elder_met": true, "elder_vouch_jumo": true, "entered/heukrang_gul": true, "entered/motgol": true, "jumo_met": true, "jumo_seals": 1.0, "roll/elder_greet": 1.0 } } portal=<null> wps=[]
[Save] level 못골 마을 → user://save_e2e.json (C:/Users/FORYOUCOM/AppData/Roaming/Godot/app_userdata/Joseon Hunters/wt/codex-630-whirl-structure/save_e2e.json)
[Dev] stairs DungeonEntrance dir=1 world=(0.0, 0.0, -31.0) screen=(2121.067, -492.4143)
[Dev] interact Merchant world=(5.4, 0.0, -2.4) screen=(1047.293, 368.0158)
[Dev] interact Shaman world=(-5.6, 0.0, 0.4) screen=(408.5833, 148.8999)
[Dev] interact Elder world=(2.0, 0.0, -5.6) screen=(1038.037, 191.6542)
[Dev] interact Jumo world=(7.1, 0.0, -1.4) screen=(1079.692, 440.1637)
[Dev] interact StashChest world=(3.3, 0.0, -2.05) screen=(933.8992, 321.2533)
[Dev] interact Waypoint world=(-4.2, 0.0, 2.2) screen=(390.0698, 234.4085)
[Save] level 못골 마을 → user://save_e2e.json (C:/Users/FORYOUCOM/AppData/Roaming/Godot/app_userdata/Joseon Hunters/wt/codex-630-whirl-structure/save_e2e.json)
[Dev] stairs DungeonEntrance dir=1 world=(0.0, 0.0, -31.0) screen=(2121.067, -492.4143)
[Dev] interact Merchant world=(5.4, 0.0, -2.4) screen=(1047.293, 368.0158)
[Dev] interact Shaman world=(-5.6, 0.0, 0.4) screen=(408.5833, 148.8999)
[Dev] interact Elder world=(2.0, 0.0, -5.6) screen=(1038.037, 191.6542)
[Dev] interact Jumo world=(7.1, 0.0, -1.4) screen=(1079.692, 440.1637)
[Dev] interact StashChest world=(3.3, 0.0, -2.05) screen=(933.8992, 321.2533)
[Dev] interact Waypoint world=(-4.2, 0.0, 2.2) screen=(390.0698, 234.4085)
E2E chief_quest PASS (검사 71)
[Save] level 못골 마을 → user://save_e2e.json (C:/Users/FORYOUCOM/AppData/Roaming/Godot/app_userdata/Joseon Hunters/wt/codex-630-whirl-structure/save_e2e.json)
[Dev] stairs DungeonEntrance dir=1 world=(0.0, 0.0, -31.0) screen=(2121.067, -492.4143)
[Dev] interact Merchant world=(5.4, 0.0, -2.4) screen=(1047.293, 368.0158)
[Dev] interact Shaman world=(-5.6, 0.0, 0.4) screen=(408.5833, 148.8999)
[Dev] interact Elder world=(2.0, 0.0, -5.6) screen=(1038.037, 191.6542)
[Dev] interact Jumo world=(7.1, 0.0, -1.4) screen=(1079.692, 440.1637)
[Dev] interact StashChest world=(3.3, 0.0, -2.05) screen=(933.8992, 321.2533)
[Dev] interact Waypoint world=(-4.2, 0.0, 2.2) screen=(390.0698, 234.4085)
E2E ▶ boss_greetings
[Click] world=(5.4, 0.0, -2.4) cell=(5, -3)
[Save] talk merchant → user://save_e2e.json (C:/Users/FORYOUCOM/AppData/Roaming/Godot/app_userdata/Joseon Hunters/wt/codex-630-whirl-structure/save_e2e.json)
[Click] world=(5.4, 0.0, -2.4) cell=(5, -3)
[Save] talk merchant → user://save_e2e.json (C:/Users/FORYOUCOM/AppData/Roaming/Godot/app_userdata/Joseon Hunters/wt/codex-630-whirl-structure/save_e2e.json)
[Click] world=(5.4, 0.0, -2.4) cell=(5, -3)
[Save] talk merchant → user://save_e2e.json (C:/Users/FORYOUCOM/AppData/Roaming/Godot/app_userdata/Joseon Hunters/wt/codex-630-whirl-structure/save_e2e.json)
[Click] world=(2.0, 0.0, -5.6) cell=(2, -6)
[Save] talk elder → user://save_e2e.json (C:/Users/FORYOUCOM/AppData/Roaming/Godot/app_userdata/Joseon Hunters/wt/codex-630-whirl-structure/save_e2e.json)
[Click] world=(2.0, 0.0, -5.6) cell=(2, -6)
[Save] talk elder → user://save_e2e.json (C:/Users/FORYOUCOM/AppData/Roaming/Godot/app_userdata/Joseon Hunters/wt/codex-630-whirl-structure/save_e2e.json)
[Click] world=(2.0, 0.0, -5.6) cell=(2, -6)
[Save] quest_log_dialogue → user://save_e2e.json (C:/Users/FORYOUCOM/AppData/Roaming/Godot/app_userdata/Joseon Hunters/wt/codex-630-whirl-structure/save_e2e.json)
[Save] talk elder → user://save_e2e.json (C:/Users/FORYOUCOM/AppData/Roaming/Godot/app_userdata/Joseon Hunters/wt/codex-630-whirl-structure/save_e2e.json)
[Load] lv=1 gold=0 flags={ "boss_killed_beomgul": true, "boss_killed_soeburi": true, "opening_pending": false, "quest": { "beomgul_seal": { "state": "killed" }, "soeburi_seal": { "state": "killed" } }, "quest_log": { "history": { "heukrang_clear": [{ "name": "촌장", "source": "npc/elder", "speaker": "elder", "static_id": "NPC_ELDER_OFFER_AGAIN", "text": "굴 어귀 일, 생각해 보셨소?", "uid": "npc/elder/NPC_ELDER_OFFER_AGAIN" }] }, "read": {  }, "revisions": { "heukrang_clear": 1.0 } }, "seen": { "npc/elder/start": 3.0, "npc/merchant/start": 3.0 }, "story": { "elder_after_bulgasari": true, "elder_after_jangsanbeom": true, "elder_met": true, "entered/motgol": true, "merchant_after_bulgasari": true, "merchant_after_jangsanbeom": true, "merchant_met": true, "roll/merchant_greet": 0.0 } } portal=<null> wps=[]
[Save] level 못골 마을 → user://save_e2e.json (C:/Users/FORYOUCOM/AppData/Roaming/Godot/app_userdata/Joseon Hunters/wt/codex-630-whirl-structure/save_e2e.json)
[Dev] stairs DungeonEntrance dir=1 world=(0.0, 0.0, -31.0) screen=(2121.067, -492.4143)
[Dev] interact Merchant world=(5.4, 0.0, -2.4) screen=(1047.293, 368.0158)
[Dev] interact Shaman world=(-5.6, 0.0, 0.4) screen=(408.5833, 148.8999)
[Dev] interact Elder world=(2.0, 0.0, -5.6) screen=(1038.037, 191.6542)
[Dev] interact Jumo world=(7.1, 0.0, -1.4) screen=(1079.692, 440.1637)
[Dev] interact StashChest world=(3.3, 0.0, -2.05) screen=(933.8992, 321.2533)
[Dev] interact Waypoint world=(-4.2, 0.0, 2.2) screen=(390.0698, 234.4085)
[Click] world=(5.4, 0.0, -2.4) cell=(5, -3)
[Save] talk merchant → user://save_e2e.json (C:/Users/FORYOUCOM/AppData/Roaming/Godot/app_userdata/Joseon Hunters/wt/codex-630-whirl-structure/save_e2e.json)
[Click] world=(2.0, 0.0, -5.6) cell=(2, -6)
[Save] talk elder → user://save_e2e.json (C:/Users/FORYOUCOM/AppData/Roaming/Godot/app_userdata/Joseon Hunters/wt/codex-630-whirl-structure/save_e2e.json)
E2E boss_greetings PASS (검사 36)
[Save] level 못골 마을 → user://save_e2e.json (C:/Users/FORYOUCOM/AppData/Roaming/Godot/app_userdata/Joseon Hunters/wt/codex-630-whirl-structure/save_e2e.json)
[Dev] stairs DungeonEntrance dir=1 world=(0.0, 0.0, -31.0) screen=(2121.067, -492.4143)
[Dev] interact Merchant world=(5.4, 0.0, -2.4) screen=(1047.293, 368.0158)
[Dev] interact Shaman world=(-5.6, 0.0, 0.4) screen=(408.5833, 148.8999)
[Dev] interact Elder world=(2.0, 0.0, -5.6) screen=(1038.037, 191.6542)
[Dev] interact Jumo world=(7.1, 0.0, -1.4) screen=(1079.692, 440.1637)
[Dev] interact StashChest world=(3.3, 0.0, -2.05) screen=(933.8992, 321.2533)
[Dev] interact Waypoint world=(-4.2, 0.0, 2.2) screen=(390.0698, 234.4085)
E2E ▶ shaman_heal
[Click] world=(-5.6, 0.0, 0.4) cell=(-6, 0)
[Save] quest_log_dialogue → user://save_e2e.json (C:/Users/FORYOUCOM/AppData/Roaming/Godot/app_userdata/Joseon Hunters/wt/codex-630-whirl-structure/save_e2e.json)
[Save] talk shaman → user://save_e2e.json (C:/Users/FORYOUCOM/AppData/Roaming/Godot/app_userdata/Joseon Hunters/wt/codex-630-whirl-structure/save_e2e.json)
[Click] world=(-5.6, 0.0, 0.4) cell=(-6, 0)
[Save] talk shaman → user://save_e2e.json (C:/Users/FORYOUCOM/AppData/Roaming/Godot/app_userdata/Joseon Hunters/wt/codex-630-whirl-structure/save_e2e.json)
[Click] world=(-5.6, 0.0, 0.4) cell=(-6, 0)
[Save] talk shaman → user://save_e2e.json (C:/Users/FORYOUCOM/AppData/Roaming/Godot/app_userdata/Joseon Hunters/wt/codex-630-whirl-structure/save_e2e.json)
[Click] world=(-5.6, 0.0, 0.4) cell=(-6, 0)
[Save] talk shaman → user://save_e2e.json (C:/Users/FORYOUCOM/AppData/Roaming/Godot/app_userdata/Joseon Hunters/wt/codex-630-whirl-structure/save_e2e.json)
[Click] world=(-5.6, 0.0, 0.4) cell=(-6, 0)
[Save] talk shaman → user://save_e2e.json (C:/Users/FORYOUCOM/AppData/Roaming/Godot/app_userdata/Joseon Hunters/wt/codex-630-whirl-structure/save_e2e.json)
[Click] world=(-5.6, 0.0, 0.4) cell=(-6, 0)
[Save] quest_log_dialogue → user://save_e2e.json (C:/Users/FORYOUCOM/AppData/Roaming/Godot/app_userdata/Joseon Hunters/wt/codex-630-whirl-structure/save_e2e.json)
[Save] talk shaman → user://save_e2e.json (C:/Users/FORYOUCOM/AppData/Roaming/Godot/app_userdata/Joseon Hunters/wt/codex-630-whirl-structure/save_e2e.json)
[Click] world=(-5.6, 0.0, 0.4) cell=(-6, 0)
[Save] talk shaman → user://save_e2e.json (C:/Users/FORYOUCOM/AppData/Roaming/Godot/app_userdata/Joseon Hunters/wt/codex-630-whirl-structure/save_e2e.json)
E2E shaman_heal PASS (검사 30)
[Save] level 못골 마을 → user://save_e2e.json (C:/Users/FORYOUCOM/AppData/Roaming/Godot/app_userdata/Joseon Hunters/wt/codex-630-whirl-structure/save_e2e.json)
[Dev] stairs DungeonEntrance dir=1 world=(0.0, 0.0, -31.0) screen=(2121.067, -492.4143)
[Dev] interact Merchant world=(5.4, 0.0, -2.4) screen=(1047.293, 368.0158)
[Dev] interact Shaman world=(-5.6, 0.0, 0.4) screen=(408.5833, 148.8999)
[Dev] interact Elder world=(2.0, 0.0, -5.6) screen=(1038.037, 191.6542)
[Dev] interact Jumo world=(7.1, 0.0, -1.4) screen=(1079.692, 440.1637)
[Dev] interact StashChest world=(3.3, 0.0, -2.05) screen=(933.8992, 321.2533)
[Dev] interact Waypoint world=(-4.2, 0.0, 2.2) screen=(390.0698, 234.4085)
E2E ▶ respec
[Click] world=(-5.6, 0.0, 0.4) cell=(-6, 0)
[Save] talk shaman → user://save_e2e.json (C:/Users/FORYOUCOM/AppData/Roaming/Godot/app_userdata/Joseon Hunters/wt/codex-630-whirl-structure/save_e2e.json)
[Click] world=(-5.6, 0.0, 0.4) cell=(-6, 0)
[Save] talk shaman → user://save_e2e.json (C:/Users/FORYOUCOM/AppData/Roaming/Godot/app_userdata/Joseon Hunters/wt/codex-630-whirl-structure/save_e2e.json)
[Load] lv=12 gold=600 flags={ "opening_pending": false, "seen": { "npc/shaman/start": 2.0 }, "story": { "entered/motgol": true, "event/shaman_quest": true, "roll/shaman_greet": 3.0, "shaman_heal_intro": true, "shaman_nudge": true, "shaman_offer": true } } portal=<null> wps=[]
[Save] level 못골 마을 → user://save_e2e.json (C:/Users/FORYOUCOM/AppData/Roaming/Godot/app_userdata/Joseon Hunters/wt/codex-630-whirl-structure/save_e2e.json)
[Dev] stairs DungeonEntrance dir=1 world=(0.0, 0.0, -31.0) screen=(2121.067, -492.4143)
[Dev] interact Merchant world=(5.4, 0.0, -2.4) screen=(1047.293, 368.0158)
[Dev] interact Shaman world=(-5.6, 0.0, 0.4) screen=(408.5833, 148.8999)
[Dev] interact Elder world=(2.0, 0.0, -5.6) screen=(1038.037, 191.6542)
[Dev] interact Jumo world=(7.1, 0.0, -1.4) screen=(1079.692, 440.1637)
[Dev] interact StashChest world=(3.3, 0.0, -2.05) screen=(933.8992, 321.2533)
[Dev] interact Waypoint world=(-4.2, 0.0, 2.2) screen=(390.0698, 234.4085)
[Click] world=(-5.6, 0.0, 0.4) cell=(-6, 0)
[Save] talk shaman → user://save_e2e.json (C:/Users/FORYOUCOM/AppData/Roaming/Godot/app_userdata/Joseon Hunters/wt/codex-630-whirl-structure/save_e2e.json)
[Click] world=(-5.6, 0.0, 0.4) cell=(-6, 0)
[Save] talk shaman → user://save_e2e.json (C:/Users/FORYOUCOM/AppData/Roaming/Godot/app_userdata/Joseon Hunters/wt/codex-630-whirl-structure/save_e2e.json)
[Save] level 못골 마을 → user://save_e2e.json (C:/Users/FORYOUCOM/AppData/Roaming/Godot/app_userdata/Joseon Hunters/wt/codex-630-whirl-structure/save_e2e.json)
[Dev] stairs DungeonEntrance dir=1 world=(0.0, 0.0, -31.0) screen=(2121.067, -492.4143)
[Dev] interact Merchant world=(5.4, 0.0, -2.4) screen=(1047.293, 368.0158)
[Dev] interact Shaman world=(-5.6, 0.0, 0.4) screen=(408.5833, 148.8999)
[Dev] interact Elder world=(2.0, 0.0, -5.6) screen=(1038.037, 191.6542)
[Dev] interact Jumo world=(7.1, 0.0, -1.4) screen=(1079.692, 440.1637)
[Dev] interact StashChest world=(3.3, 0.0, -2.05) screen=(933.8992, 321.2533)
[Dev] interact Waypoint world=(-4.2, 0.0, 2.2) screen=(390.0698, 234.4085)
E2E respec PASS (검사 64)
[Save] level 못골 마을 → user://save_e2e.json (C:/Users/FORYOUCOM/AppData/Roaming/Godot/app_userdata/Joseon Hunters/wt/codex-630-whirl-structure/save_e2e.json)
[Dev] stairs DungeonEntrance dir=1 world=(0.0, 0.0, -31.0) screen=(2121.067, -492.4143)
[Dev] interact Merchant world=(5.4, 0.0, -2.4) screen=(1047.293, 368.0158)
[Dev] interact Shaman world=(-5.6, 0.0, 0.4) screen=(408.5833, 148.8999)
[Dev] interact Elder world=(2.0, 0.0, -5.6) screen=(1038.037, 191.6542)
[Dev] interact Jumo world=(7.1, 0.0, -1.4) screen=(1079.692, 440.1637)
[Dev] interact StashChest world=(3.3, 0.0, -2.05) screen=(933.8992, 321.2533)
[Dev] interact Waypoint world=(-4.2, 0.0, 2.2) screen=(390.0698, 234.4085)
E2E ▶ save_continue
[Kill] +100 xp (lv 3, 23/104)
[LevelUp] lv=3 stat_pts=10 skill_pts=2
[Dev] gold=500
[Dungeon] heukrang_gul 1층 lv=2 seed=403727558 gen 64x64 rooms=6 up=(44, 56) down=(7, 23) enemies=20 roster=bandit,bat,talisman_master elites=["방2:금색×3(깊이 0.50)"] named=-
[Quest] heukrang_gul 1층 — 싹쓸이 셈 시작 20 (heukrang_clear:none)
[Audio] BGM dungeon → dungeon_4.ogg
[Save] level 흑랑 굴 1층 → user://save_e2e.json (C:/Users/FORYOUCOM/AppData/Roaming/Godot/app_userdata/Joseon Hunters/wt/codex-630-whirl-structure/save_e2e.json)
[Dev] stairs StairsUp dir=-1 world=(44.5, 0.0, 56.5) screen=(593.7165, 335.9509)
[Dev] stairs StairsDown dir=1 world=(7.5, 0.0, 23.5) screen=(408.583, -1534.551)
[Dev] interact PusJar world=(29.5, 0.0, 42.5) screen=(547.433, -487.0705)
[Dev] interact @Area3D@22389 world=(14.5, 0.0, 24.5) screen=(686.2831, -1368.878)
[Dev] interact @Area3D@22390 world=(23.5, 0.0, 18.5) screen=(1380.534, -1288.714)
[Dev] interact LootChest world=(29.5, 0.0, 39.5) screen=(686.2831, -567.2349)
[Dev] interact @Area3D@22391 world=(40.5, 0.0, 38.5) screen=(1241.683, -300.0204)
[Dev] interact LootPot world=(17.5, 0.0, 43.5) screen=(-54.25064, -781.0067)
[Dev] interact @Area3D@22392 world=(18.5, 0.0, 44.5) screen=(-54.25041, -727.5637)
[Dev] interact @Area3D@22393 world=(19.5, 0.0, 9.5) screen=(1611.95, -1636.093)
[Dev] interact @Area3D@22394 world=(20.5, 0.0, 9.5) screen=(1658.234, -1609.372)
[Dev] interact @Area3D@22395 world=(43.5, 0.0, 60.5) screen=(362.2997, 368.0159)
[Dev] interact @Area3D@22396 world=(43.5, 0.0, 59.5) screen=(408.583, 341.2944)
[Dev] interact @Area3D@22397 world=(21.5, 0.0, 39.5) screen=(316.0163, -781.0065)
[Load] lv=3 gold=500 flags={ "opening_pending": false, "quest": { "heukrang_clear": { "state": "none", "left": 20, "barked": false }, "heukrang_seal": { "state": "accepted" } }, "story": { "entered/heukrang_gul": true, "entered/motgol": true } } portal=<null> wps=[]
E2E save_continue PASS (검사 14)
[Audio] BGM town → town.ogg
[Save] level 못골 마을 → user://save_e2e.json (C:/Users/FORYOUCOM/AppData/Roaming/Godot/app_userdata/Joseon Hunters/wt/codex-630-whirl-structure/save_e2e.json)
[Dev] stairs DungeonEntrance dir=1 world=(0.0, 0.0, -31.0) screen=(2121.067, -492.4143)
[Dev] interact Merchant world=(5.4, 0.0, -2.4) screen=(1047.293, 368.0158)
[Dev] interact Shaman world=(-5.6, 0.0, 0.4) screen=(408.5833, 148.8999)
[Dev] interact Elder world=(2.0, 0.0, -5.6) screen=(1038.037, 191.6542)
[Dev] interact Jumo world=(7.1, 0.0, -1.4) screen=(1079.692, 440.1637)
[Dev] interact StashChest world=(3.3, 0.0, -2.05) screen=(933.8992, 321.2533)
[Dev] interact Waypoint world=(-4.2, 0.0, 2.2) screen=(390.0698, 234.4085)
E2E ▶ held_save
[Dungeon] heukrang_gul 1층 lv=2 seed=403727558 gen 64x64 rooms=6 up=(44, 56) down=(7, 23) enemies=20 roster=bandit,bat,talisman_master elites=["방2:금색×3(깊이 0.50)"] named=-
[Quest] heukrang_gul 1층 — 싹쓸이 셈 시작 20 (heukrang_clear:none)
[Audio] BGM dungeon → dungeon_2.ogg
[Save] level 흑랑 굴 1층 → user://save_e2e.json (C:/Users/FORYOUCOM/AppData/Roaming/Godot/app_userdata/Joseon Hunters/wt/codex-630-whirl-structure/save_e2e.json)
[Dev] stairs StairsUp dir=-1 world=(44.5, 0.0, 56.5) screen=(377.7165, 335.9507)
[Dev] stairs StairsDown dir=1 world=(7.5, 0.0, 23.5) screen=(192.583, -1534.551)
[Dev] interact PusJar world=(29.5, 0.0, 42.5) screen=(331.4331, -487.0706)
[Dev] interact @Area3D@22760 world=(14.5, 0.0, 24.5) screen=(470.2832, -1368.879)
[Dev] interact @Area3D@22761 world=(23.5, 0.0, 18.5) screen=(1164.534, -1288.714)
[Dev] interact LootChest world=(29.5, 0.0, 39.5) screen=(470.2832, -567.235)
[Dev] interact @Area3D@22762 world=(40.5, 0.0, 38.5) screen=(1025.683, -300.0205)
[Dev] interact LootPot world=(17.5, 0.0, 43.5) screen=(-270.2504, -781.0067)
[Dev] interact @Area3D@22763 world=(18.5, 0.0, 44.5) screen=(-270.2506, -727.5637)
[Dev] interact @Area3D@22764 world=(19.5, 0.0, 9.5) screen=(1395.95, -1636.093)
[Dev] interact @Area3D@22765 world=(20.5, 0.0, 9.5) screen=(1442.234, -1609.372)
[Dev] interact @Area3D@22766 world=(43.5, 0.0, 60.5) screen=(146.2997, 368.0157)
[Dev] interact @Area3D@22767 world=(43.5, 0.0, 59.5) screen=(192.5831, 341.2943)
[Dev] interact @Area3D@22768 world=(21.5, 0.0, 39.5) screen=(100.0164, -781.0067)
[Dev] removed 20 enemies
[Load] lv=1 gold=0 flags={ "opening_pending": false, "quest": { "heukrang_clear": { "state": "none", "left": 20, "barked": false } }, "story": { "entered/heukrang_gul": true, "entered/motgol": true } } portal=<null> wps=[]
[Dungeon] heukrang_gul 1층 lv=2 seed=403727558 gen 64x64 rooms=6 up=(44, 56) down=(7, 23) enemies=20 roster=bandit,bat,talisman_master elites=["방2:금색×3(깊이 0.50)"] named=-
[Quest] heukrang_gul 1층 — 싹쓸이 셈 시작 20 (heukrang_clear:none)
[Save] level 흑랑 굴 1층 → user://save_e2e.json (C:/Users/FORYOUCOM/AppData/Roaming/Godot/app_userdata/Joseon Hunters/wt/codex-630-whirl-structure/save_e2e.json)
[Dev] stairs StairsUp dir=-1 world=(44.5, 0.0, 56.5) screen=(377.7165, 335.9507)
[Dev] stairs StairsDown dir=1 world=(7.5, 0.0, 23.5) screen=(192.583, -1534.551)
[Dev] interact PusJar world=(29.5, 0.0, 42.5) screen=(331.4331, -487.0706)
[Dev] interact @Area3D@22972 world=(14.5, 0.0, 24.5) screen=(470.2832, -1368.879)
[Dev] interact @Area3D@22973 world=(23.5, 0.0, 18.5) screen=(1164.534, -1288.714)
[Dev] interact LootChest world=(29.5, 0.0, 39.5) screen=(470.2832, -567.235)
[Dev] interact @Area3D@22974 world=(40.5, 0.0, 38.5) screen=(1025.683, -300.0205)
[Dev] interact LootPot world=(17.5, 0.0, 43.5) screen=(-270.2504, -781.0067)
[Dev] interact @Area3D@22975 world=(18.5, 0.0, 44.5) screen=(-270.2506, -727.5637)
[Dev] interact @Area3D@22976 world=(19.5, 0.0, 9.5) screen=(1395.95, -1636.093)
[Dev] interact @Area3D@22977 world=(20.5, 0.0, 9.5) screen=(1442.234, -1609.372)
[Dev] interact @Area3D@22978 world=(43.5, 0.0, 60.5) screen=(146.2997, 368.0157)
[Dev] interact @Area3D@22979 world=(43.5, 0.0, 59.5) screen=(192.5831, 341.2943)
[Dev] interact @Area3D@22980 world=(21.5, 0.0, 39.5) screen=(100.0164, -781.0067)
[Dev] removed 20 enemies
[Death] 도호 사망 → 1.2s 뒤 마을 복귀, 엽전 -0
[Audio] BGM town → town.ogg
[Save] level 못골 마을 → user://save_e2e.json (C:/Users/FORYOUCOM/AppData/Roaming/Godot/app_userdata/Joseon Hunters/wt/codex-630-whirl-structure/save_e2e.json)
[Dev] stairs DungeonEntrance dir=1 world=(0.0, 0.0, -31.0) screen=(1905.067, -492.4141)
[Dev] interact Merchant world=(5.4, 0.0, -2.4) screen=(831.2935, 368.0157)
[Dev] interact Shaman world=(-5.6, 0.0, 0.4) screen=(192.5832, 148.8999)
[Dev] interact Elder world=(2.0, 0.0, -5.6) screen=(822.0369, 191.6542)
[Dev] interact Jumo world=(7.1, 0.0, -1.4) screen=(863.6919, 440.1637)
[Dev] interact StashChest world=(3.3, 0.0, -2.05) screen=(717.8992, 321.2532)
[Dev] interact Waypoint world=(-4.2, 0.0, 2.2) screen=(174.07, 234.4085)
[Load] lv=1 gold=0 flags={ "opening_pending": false, "quest": { "heukrang_clear": { "state": "none", "left": 20, "barked": false } }, "story": { "entered/heukrang_gul": true, "entered/motgol": true } } portal=<null> wps=[]
[Save] level 못골 마을 → user://save_e2e.json (C:/Users/FORYOUCOM/AppData/Roaming/Godot/app_userdata/Joseon Hunters/wt/codex-630-whirl-structure/save_e2e.json)
[Dev] stairs DungeonEntrance dir=1 world=(0.0, 0.0, -31.0) screen=(1905.067, -492.4141)
[Dev] interact Merchant world=(5.4, 0.0, -2.4) screen=(831.2935, 368.0157)
[Dev] interact Shaman world=(-5.6, 0.0, 0.4) screen=(192.5832, 148.8999)
[Dev] interact Elder world=(2.0, 0.0, -5.6) screen=(822.0369, 191.6542)
[Dev] interact Jumo world=(7.1, 0.0, -1.4) screen=(863.6919, 440.1637)
[Dev] interact StashChest world=(3.3, 0.0, -2.05) screen=(717.8992, 321.2532)
[Dev] interact Waypoint world=(-4.2, 0.0, 2.2) screen=(174.07, 234.4085)
[Dungeon] heukrang_gul 1층 lv=2 seed=403727558 gen 64x64 rooms=6 up=(44, 56) down=(7, 23) enemies=20 roster=bandit,bat,talisman_master elites=["방2:금색×3(깊이 0.50)"] named=-
[Quest] heukrang_gul 1층 — 싹쓸이 셈 시작 20 (heukrang_clear:none)
[Audio] BGM dungeon → dungeon_3.ogg
[Save] level 흑랑 굴 1층 → user://save_e2e.json (C:/Users/FORYOUCOM/AppData/Roaming/Godot/app_userdata/Joseon Hunters/wt/codex-630-whirl-structure/save_e2e.json)
[Dev] stairs StairsUp dir=-1 world=(44.5, 0.0, 56.5) screen=(377.7165, 335.9507)
[Dev] stairs StairsDown dir=1 world=(7.5, 0.0, 23.5) screen=(192.583, -1534.551)
[Dev] interact PusJar world=(29.5, 0.0, 42.5) screen=(331.4331, -487.0706)
[Dev] interact @Area3D@23504 world=(14.5, 0.0, 24.5) screen=(470.2832, -1368.879)
[Dev] interact @Area3D@23505 world=(23.5, 0.0, 18.5) screen=(1164.534, -1288.714)
[Dev] interact LootChest world=(29.5, 0.0, 39.5) screen=(470.2832, -567.235)
[Dev] interact @Area3D@23506 world=(40.5, 0.0, 38.5) screen=(1025.683, -300.0205)
[Dev] interact LootPot world=(17.5, 0.0, 43.5) screen=(-270.2504, -781.0067)
[Dev] interact @Area3D@23507 world=(18.5, 0.0, 44.5) screen=(-270.2506, -727.5637)
[Dev] interact @Area3D@23508 world=(19.5, 0.0, 9.5) screen=(1395.95, -1636.093)
[Dev] interact @Area3D@23509 world=(20.5, 0.0, 9.5) screen=(1442.234, -1609.372)
[Dev] interact @Area3D@23510 world=(43.5, 0.0, 60.5) screen=(146.2997, 368.0157)
[Dev] interact @Area3D@23511 world=(43.5, 0.0, 59.5) screen=(192.5831, 341.2943)
[Dev] interact @Area3D@23512 world=(21.5, 0.0, 39.5) screen=(100.0164, -781.0067)
[Dev] removed 20 enemies
[Load] lv=1 gold=0 flags={ "opening_pending": false, "quest": { "heukrang_clear": { "state": "none", "left": 20, "barked": false } }, "story": { "entered/heukrang_gul": true, "entered/motgol": true } } portal=<null> wps=[]
[Dungeon] heukrang_gul 1층 lv=2 seed=403727558 gen 64x64 rooms=6 up=(44, 56) down=(7, 23) enemies=20 roster=bandit,bat,talisman_master elites=["방2:금색×3(깊이 0.50)"] named=-
[Quest] heukrang_gul 1층 — 싹쓸이 셈 시작 20 (heukrang_clear:none)
[Save] level 흑랑 굴 1층 → user://save_e2e.json (C:/Users/FORYOUCOM/AppData/Roaming/Godot/app_userdata/Joseon Hunters/wt/codex-630-whirl-structure/save_e2e.json)
[Dev] item 호랑이의 날카로운 환도 world=(44.60185, 0.0, 56.44237) screen=(385.0976, 321.0992)
[Dev] stairs StairsUp dir=-1 world=(44.5, 0.0, 56.5) screen=(377.7165, 335.9507)
[Dev] stairs StairsDown dir=1 world=(7.5, 0.0, 23.5) screen=(192.583, -1534.551)
[Dev] interact FloorItem world=(44.60185, 0.5, 56.44237) screen=(385.0976, 262.3112)
[Dev] interact PusJar world=(29.5, 0.0, 42.5) screen=(331.4331, -487.0706)
[Dev] interact @Area3D@23716 world=(14.5, 0.0, 24.5) screen=(470.2832, -1368.879)
[Dev] interact @Area3D@23717 world=(23.5, 0.0, 18.5) screen=(1164.534, -1288.714)
[Dev] interact LootChest world=(29.5, 0.0, 39.5) screen=(470.2832, -567.235)
[Dev] interact @Area3D@23718 world=(40.5, 0.0, 38.5) screen=(1025.683, -300.0205)
[Dev] interact LootPot world=(17.5, 0.0, 43.5) screen=(-270.2504, -781.0067)
[Dev] interact @Area3D@23719 world=(18.5, 0.0, 44.5) screen=(-270.2506, -727.5637)
[Dev] interact @Area3D@23720 world=(19.5, 0.0, 9.5) screen=(1395.95, -1636.093)
[Dev] interact @Area3D@23721 world=(20.5, 0.0, 9.5) screen=(1442.234, -1609.372)
[Dev] interact @Area3D@23722 world=(43.5, 0.0, 60.5) screen=(146.2997, 368.0157)
[Dev] interact @Area3D@23723 world=(43.5, 0.0, 59.5) screen=(192.5831, 341.2943)
[Dev] interact @Area3D@23724 world=(21.5, 0.0, 39.5) screen=(100.0164, -781.0067)
E2E held_save PASS (검사 27)
[Audio] BGM town → town.ogg
[Save] level 못골 마을 → user://save_e2e.json (C:/Users/FORYOUCOM/AppData/Roaming/Godot/app_userdata/Joseon Hunters/wt/codex-630-whirl-structure/save_e2e.json)
[Dev] stairs DungeonEntrance dir=1 world=(0.0, 0.0, -31.0) screen=(2121.067, -492.4143)
[Dev] interact Merchant world=(5.4, 0.0, -2.4) screen=(1047.293, 368.0158)
[Dev] interact Shaman world=(-5.6, 0.0, 0.4) screen=(408.5833, 148.8999)
[Dev] interact Elder world=(2.0, 0.0, -5.6) screen=(1038.037, 191.6542)
[Dev] interact Jumo world=(7.1, 0.0, -1.4) screen=(1079.692, 440.1637)
[Dev] interact StashChest world=(3.3, 0.0, -2.05) screen=(933.8992, 321.2533)
[Dev] interact Waypoint world=(-4.2, 0.0, 2.2) screen=(390.0698, 234.4085)
E2E ▶ boss_floor
[Dungeon] heukrang_gul 1층 lv=2 seed=403727558 gen 64x64 rooms=6 up=(44, 56) down=(7, 23) enemies=20 roster=bandit,bat,talisman_master elites=["방2:금색×3(깊이 0.50)"] named=-
[Quest] heukrang_gul 1층 — 싹쓸이 셈 시작 20 (heukrang_clear:none)
[Audio] BGM dungeon → dungeon_1.ogg
[Save] level 흑랑 굴 1층 → user://save_e2e.json (C:/Users/FORYOUCOM/AppData/Roaming/Godot/app_userdata/Joseon Hunters/wt/codex-630-whirl-structure/save_e2e.json)
[Dev] stairs StairsUp dir=-1 world=(44.5, 0.0, 56.5) screen=(593.7165, 335.9509)
[Dev] stairs StairsDown dir=1 world=(7.5, 0.0, 23.5) screen=(408.583, -1534.551)
[Dev] interact PusJar world=(29.5, 0.0, 42.5) screen=(547.433, -487.0705)
[Dev] interact @Area3D@24087 world=(14.5, 0.0, 24.5) screen=(686.2831, -1368.878)
[Dev] interact @Area3D@24088 world=(23.5, 0.0, 18.5) screen=(1380.534, -1288.714)
[Dev] interact LootChest world=(29.5, 0.0, 39.5) screen=(686.2831, -567.2349)
[Dev] interact @Area3D@24089 world=(40.5, 0.0, 38.5) screen=(1241.683, -300.0204)
[Dev] interact LootPot world=(17.5, 0.0, 43.5) screen=(-54.25064, -781.0067)
[Dev] interact @Area3D@24090 world=(18.5, 0.0, 44.5) screen=(-54.25041, -727.5637)
[Dev] interact @Area3D@24091 world=(19.5, 0.0, 9.5) screen=(1611.95, -1636.093)
[Dev] interact @Area3D@24092 world=(20.5, 0.0, 9.5) screen=(1658.234, -1609.372)
[Dev] interact @Area3D@24093 world=(43.5, 0.0, 60.5) screen=(362.2997, 368.0159)
[Dev] interact @Area3D@24094 world=(43.5, 0.0, 59.5) screen=(408.583, 341.2944)
[Dev] interact @Area3D@24095 world=(21.5, 0.0, 39.5) screen=(316.0163, -781.0065)
[Dungeon] heukrang_gul 2층 lv=3 seed=3189434797 preset 28x28 rooms=2 up=(22, 23) down=(-1, -1) enemies=2 roster=bat elites=[] named=-
[Audio] BGM boss → boss.ogg
[Save] level 흑랑 굴 2층 → user://save_e2e.json (C:/Users/FORYOUCOM/AppData/Roaming/Godot/app_userdata/Joseon Hunters/wt/codex-630-whirl-structure/save_e2e.json)
[Dev] stairs StairsUp dir=-1 world=(22.5, 0.0, 23.5) screen=(593.7167, 335.9507)
[Dev] near boss hp=195/195
[Kill] +168 xp (lv 5, 168/224)
[Dev] item 미식별 가죽갑 world=(7.697169, 0.0, 8.636556) screen=(503.9554, 274.3483)
[Dev] item 탕약 — 쌍화탕 world=(7.697169, 0.0, 8.636556) screen=(503.9554, 274.3483)
[Dev] item 탕약 — 쌍화탕 world=(7.697169, 0.0, 8.636556) screen=(503.9554, 274.3483)
[Dev] item 탕약 — 쌍화탕 world=(7.697169, 0.0, 8.636556) screen=(503.9554, 274.3483)
[Dev] item 식별부 world=(7.697169, 0.0, 8.636556) screen=(503.9554, 274.3483)
[Dev] item 흠 있는 황옥 world=(7.697169, 0.0, 8.636556) screen=(503.9554, 274.3483)
[Dev] item 깨진 백옥 world=(7.697169, 0.0, 8.636556) screen=(503.9554, 274.3483)
[Dev] item 흑랑 이빨 world=(7.697169, 0.0, 8.636556) screen=(503.9554, 274.3483)
[Dev] item 형통 world=(7.697169, 0.0, 8.636556) screen=(503.9554, 274.3483)
[Dev] item 미식별 전대 world=(7.697169, 0.0, 8.636556) screen=(503.9554, 274.3483)
[Dev] item 미식별 옥가락지 world=(7.697169, 0.0, 8.636556) screen=(503.9554, 274.3483)
[Dev] item 미식별 옥패 world=(7.697169, 0.0, 8.636556) screen=(503.9554, 274.3483)
[Loot] 보스 전용 유니크 — boss_heukrang 첫 처치 → u_heukrang_fang (회차 1)
[Dev] item 흑랑의 봉인패 world=(7.697169, 0.0, 8.636556) screen=(503.9554, 274.3483)
[Dev] item 엽전 world=(7.697169, 0.0, 8.636556) screen=(503.9554, 274.3483)
[Save] boss → user://save_e2e.json (C:/Users/FORYOUCOM/AppData/Roaming/Godot/app_userdata/Joseon Hunters/wt/codex-630-whirl-structure/save_e2e.json)
[Boss] killed area=heukrang_gul level=3 flags={ "opening_pending": false, "story": { "entered/motgol": true, "entered/heukrang_gul": true }, "quest": { "heukrang_clear": { "state": "none", "left": 20, "barked": false }, "heukrang_seal": { "state": "killed" }, "heukrang_thanks": { "state": "killed" } }, "seal:boss_heukrang": 1, "boss_killed_heukrang_gul": true }
[Audio] 같은 순간 같은 큐 상한(3) 넘침 — drop ×7 (버림 누계 12)
[Audio] missing cue: drop_magic (파일 규약 design/audio.md §3)
[Audio] missing cue: drop_unique (파일 규약 design/audio.md §3)
  · 겹침: 송곳니 금 광선 = 封 가운데에서 1.31유닛(封 반폭 1.8 · 반깊이 1.62) · 조각 자리에서 1.33유닛(파문 반지름 1.1)
  · 흑랑 처치 封: 먹 폭 3.6 → 0.36 · 사라짐 4.55초
E2E boss_floor PASS (검사 46)
[Audio] BGM town → town.ogg
[Save] level 못골 마을 → user://save_e2e.json (C:/Users/FORYOUCOM/AppData/Roaming/Godot/app_userdata/Joseon Hunters/wt/codex-630-whirl-structure/save_e2e.json)
[Dev] stairs DungeonEntrance dir=1 world=(0.0, 0.0, -31.0) screen=(2121.067, -492.4143)
[Dev] interact Merchant world=(5.4, 0.0, -2.4) screen=(1047.293, 368.0158)
[Dev] interact Shaman world=(-5.6, 0.0, 0.4) screen=(408.5833, 148.8999)
[Dev] interact Elder world=(2.0, 0.0, -5.6) screen=(1038.037, 191.6542)
[Dev] interact Jumo world=(7.1, 0.0, -1.4) screen=(1079.692, 440.1637)
[Dev] interact StashChest world=(3.3, 0.0, -2.05) screen=(933.8992, 321.2533)
[Dev] interact Waypoint world=(-4.2, 0.0, 2.2) screen=(390.0698, 234.4085)
E2E ▶ boss_bulgasari
[Dev] item 화염부 world=(23.5, 0.0, 10.5) screen=(1287.967, 1228.447)
[Dungeon] soeburi 3층 lv=9 seed=100493242 preset 32x30 rooms=2 up=(26, 24) down=(-1, -1) enemies=2 roster=soemeogi elites=[] named=-
[Audio] BGM boss → boss.ogg
[Save] level 쇠부리 폐광 3층 → user://save_e2e.json (C:/Users/FORYOUCOM/AppData/Roaming/Godot/app_userdata/Joseon Hunters/wt/codex-630-whirl-structure/save_e2e.json)
[Dev] stairs StairsUp dir=-1 world=(26.5, 0.0, 24.5) screen=(593.7167, 335.9507)
[Dev] interact FloorItem world=(23.5, 0.0, 10.5) screen=(1102.833, -166.4132)
  · 화로 Brazier_4_14 · 불가살이 (5.76278, 0.0, 12.45786) · 도호 (2.5, 0.000391, 15.5) · 달아오름 6.00초 · 출처 brazier
  · 달아오름 알림 = 달아오르고 0.37초 뒤 · 그때 도호 바크 없음 · 달아오름 5.6초 남음
  · 엽전 뜯기 물기 — 0.5초 · 선딜 1(코 0) · 닿은 한 대 1 · 맞음 1 · 달아오름 0 · 물러남 0 · 거리 1.72~1.72
[Dev] item 장검 world=(7.5, 0.0, 10.5) screen=(1056.55, 373.1777)
  · 바닥 칼 없음 · 불가살이 (5.622561, 0.0, 10.57215) · 붙듦  · 간 1 · 먹은 1
  · 벽 쇠사슬 뜯음 [5] · #5 3.65칸 · 가장 가까운 #5 3.65칸 · 사슬 7
  · 헤드리스 — 뜯은 벽 사슬 그림 지움 대조 생략 (더미 렌더러는 인스턴스 값 0)
  · 삼키기 사진 틀 (화면 (1280.0, 720.0)) — 보스 머리 (609.2241, 196.309) · 발 (609.2241, 396.646) · 「무적」 (604.3615, 183.9343) · 도호 머리 (697.1553, 353.7853) · 몸집 × 1.22 · 겉칠 (0.74, 0.78, 0.86, 0.32)
  · 벽 쇠사슬 뜯음 [5, 3] · #3 6.17칸 · 가장 가까운 #3 6.17칸 · 사슬 7
  · 헤드리스 — 뜯은 벽 사슬 그림 지움 대조 생략 (더미 렌더러는 인스턴스 값 0)
  · 포효 밀린 칸 3.000 (정격 3.0 · 경직 true · 도호 (9.5, 0.000391, 10.5) → (12.49961, 0.000391, 10.45138) · 불가살이 (8.57048, 0.0, 10.50253))
  · 코 밀린 칸 2.000 (정격 2.0 · 맞음 true · 도호 (10.5, 0.000391, 10.5) → (12.5, 0.000391, 10.49747) · 불가살이 (9.290478, 0.0, 10.50102))
[Kill] +2912 xp (lv 11, 58/730)
[LevelUp] lv=11 stat_pts=50 skill_pts=10
[Dev] item 미식별 삿갓 world=(14.24876, 0.0, 10.50018) screen=(582.0798, 310.5584)
[Dev] item 탕약 — 쌍화탕 world=(14.24876, 0.0, 10.50018) screen=(582.0798, 310.5584)
[Dev] item 탕약 — 십전대보탕 world=(14.24876, 0.0, 10.50018) screen=(582.0798, 310.5584)
[Dev] item 영약 — 총명탕 world=(14.24876, 0.0, 10.50018) screen=(582.0798, 310.5584)
[Dev] item 식별부 world=(14.24876, 0.0, 10.50018) screen=(582.0798, 310.5584)
[Dev] item 흠 있는 흑옥 world=(14.24876, 0.0, 10.50018) screen=(582.0798, 310.5584)
[Dev] item 온전한 백옥 world=(14.24876, 0.0, 10.50018) screen=(582.0798, 310.5584)
[Dev] item 불가살이의 쇠비늘 world=(14.24876, 0.0, 10.50018) screen=(582.0798, 310.5584)
[Dev] item 불가살이의 쇠비늘 world=(14.24876, 0.0, 10.50018) screen=(582.0798, 310.5584)
[Dev] item 수복 world=(14.24876, 0.0, 10.50018) screen=(582.0798, 310.5584)
[Dev] item 미식별 사인검 world=(14.24876, 0.0, 10.50018) screen=(582.0798, 310.5584)
[Dev] item 미식별 본국검 world=(14.24876, 0.0, 10.50018) screen=(582.0798, 310.5584)
[Dev] item 미식별 장검 world=(14.24876, 0.0, 10.50018) screen=(582.0798, 310.5584)
[Loot] 보스 전용 유니크 — boss_bulgasari 첫 처치 → u_soe_eater (회차 1)
[Dev] item 불가살이의 사슬 조각 world=(14.24876, 0.0, 10.50018) screen=(582.0798, 310.5584)
[Dev] item 엽전 world=(14.24876, 0.0, 10.50018) screen=(582.0798, 310.5584)
[Dev] item 엽전 world=(14.24876, 0.0, 10.50018) screen=(582.0798, 310.5584)
[Save] boss → user://save_e2e.json (C:/Users/FORYOUCOM/AppData/Roaming/Godot/app_userdata/Joseon Hunters/wt/codex-630-whirl-structure/save_e2e.json)
[Boss] killed area=soeburi level=9 flags={ "opening_pending": false, "story": { "entered/motgol": true, "entered/soeburi": true }, "seal:boss_bulgasari": 1, "quest": { "soeburi_seal": { "state": "killed" } }, "boss_killed_soeburi": true }
[Audio] 같은 순간 같은 큐 상한(3) 넘침 — drop ×9 (버림 누계 21)
  · 처치 뒤 줄 — 처치 1.80초 · 스킬 포인트 3.50초 (드랍 다 앉음 ≤ 0.90초)
E2E boss_bulgasari PASS (검사 52)
[Audio] BGM town → town.ogg
[Save] level 못골 마을 → user://save_e2e.json (C:/Users/FORYOUCOM/AppData/Roaming/Godot/app_userdata/Joseon Hunters/wt/codex-630-whirl-structure/save_e2e.json)
[Dev] stairs DungeonEntrance dir=1 world=(0.0, 0.0, -31.0) screen=(2121.067, -492.4143)
[Dev] interact Merchant world=(5.4, 0.0, -2.4) screen=(1047.293, 368.0158)
[Dev] interact Shaman world=(-5.6, 0.0, 0.4) screen=(408.5833, 148.8999)
[Dev] interact Elder world=(2.0, 0.0, -5.6) screen=(1038.037, 191.6542)
[Dev] interact Jumo world=(7.1, 0.0, -1.4) screen=(1079.692, 440.1637)
[Dev] interact StashChest world=(3.3, 0.0, -2.05) screen=(933.8992, 321.2533)
[Dev] interact Waypoint world=(-4.2, 0.0, 2.2) screen=(390.0698, 234.4085)
E2E ▶ bulgasari_path
[Dev] item 화염부 world=(23.5, 0.0, 10.5) screen=(1287.967, 1228.447)
[Dungeon] soeburi 3층 lv=9 seed=100493242 preset 32x30 rooms=2 up=(26, 24) down=(-1, -1) enemies=2 roster=soemeogi elites=[] named=-
[Audio] BGM boss → boss.ogg
[Save] level 쇠부리 폐광 3층 → user://save_e2e.json (C:/Users/FORYOUCOM/AppData/Roaming/Godot/app_userdata/Joseon Hunters/wt/codex-630-whirl-structure/save_e2e.json)
[Dev] stairs StairsUp dir=-1 world=(26.5, 0.0, 24.5) screen=(593.7167, 335.9507)
[Dev] interact FloorItem world=(23.5, 0.0, 10.5) screen=(1102.833, -166.4132)
[Dev] item 장검 world=(6.826933, 0.0, 11.78921) screen=(271.479, -547.4584)
  · 화로 경로 0.00초 몸 (3.99967, 13.09992) · 칼 거리 3.116 · 붙듦 eat_item · 먹은 0
  · 화로 경로 0.50초 몸 (4.317585, 12.02966) · 칼 거리 2.521 · 붙듦 eat_item · 먹은 0
  · 먹기 끝 0.967초 · 몸 (5.551165, 0.000827, 11.55086) · 칼 없음 · 거리 1.298 · 시도 1 · 먹은 1 · HP 1496.0 → 1589.5
E2E bulgasari_path PASS (검사 15)
[Audio] BGM town → town.ogg
[Save] level 못골 마을 → user://save_e2e.json (C:/Users/FORYOUCOM/AppData/Roaming/Godot/app_userdata/Joseon Hunters/wt/codex-630-whirl-structure/save_e2e.json)
[Dev] stairs DungeonEntrance dir=1 world=(0.0, 0.0, -31.0) screen=(2121.067, -492.4143)
[Dev] interact Merchant world=(5.4, 0.0, -2.4) screen=(1047.293, 368.0158)
[Dev] interact Shaman world=(-5.6, 0.0, 0.4) screen=(408.5833, 148.8999)
[Dev] interact Elder world=(2.0, 0.0, -5.6) screen=(1038.037, 191.6542)
[Dev] interact Jumo world=(7.1, 0.0, -1.4) screen=(1079.692, 440.1637)
[Dev] interact StashChest world=(3.3, 0.0, -2.05) screen=(933.8992, 321.2533)
[Dev] interact Waypoint world=(-4.2, 0.0, 2.2) screen=(390.0698, 234.4085)
E2E ▶ boss_uniques
[Dev] item 화염부 world=(23.5, 0.0, 10.5) screen=(1287.967, 1228.447)
[Dungeon] soeburi 3층 lv=9 seed=100493242 preset 32x30 rooms=2 up=(26, 24) down=(-1, -1) enemies=2 roster=soemeogi elites=[] named=-
[Audio] BGM boss → boss.ogg
[Save] level 쇠부리 폐광 3층 → user://save_e2e.json (C:/Users/FORYOUCOM/AppData/Roaming/Godot/app_userdata/Joseon Hunters/wt/codex-630-whirl-structure/save_e2e.json)
[Dev] stairs StairsUp dir=-1 world=(26.5, 0.0, 24.5) screen=(593.7167, 335.9507)
[Dev] interact FloorItem world=(23.5, 0.0, 10.5) screen=(1102.833, -166.4132)
[Dungeon] soeburi 3층 lv=9 seed=100493242 preset 32x30 rooms=2 up=(26, 24) down=(-1, -1) enemies=2 roster=soemeogi elites=[] named=-
[Save] level 쇠부리 폐광 3층 → user://save_e2e.json (C:/Users/FORYOUCOM/AppData/Roaming/Godot/app_userdata/Joseon Hunters/wt/codex-630-whirl-structure/save_e2e.json)
[Dev] stairs StairsUp dir=-1 world=(26.5, 0.0, 24.5) screen=(593.7167, 335.9507)
[Dev] item 화염부 world=(23.5, 0.0, 10.5) screen=(1102.833, -135.1121)
[Dungeon] soeburi 3층 lv=9 seed=100493242 preset 32x30 rooms=2 up=(26, 24) down=(-1, -1) enemies=2 roster=soemeogi elites=[] named=-
[Save] level 쇠부리 폐광 3층 → user://save_e2e.json (C:/Users/FORYOUCOM/AppData/Roaming/Godot/app_userdata/Joseon Hunters/wt/codex-630-whirl-structure/save_e2e.json)
[Dev] stairs StairsUp dir=-1 world=(26.5, 0.0, 24.5) screen=(593.7167, 335.9507)
[Dev] interact FloorItem world=(23.5, 0.0, 10.5) screen=(1102.833, -166.4132)
[Dungeon] soeburi 3층 lv=9 seed=100493242 preset 32x30 rooms=2 up=(26, 24) down=(-1, -1) enemies=2 roster=soemeogi elites=[] named=-
[Save] level 쇠부리 폐광 3층 → user://save_e2e.json (C:/Users/FORYOUCOM/AppData/Roaming/Godot/app_userdata/Joseon Hunters/wt/codex-630-whirl-structure/save_e2e.json)
[Dev] stairs StairsUp dir=-1 world=(26.5, 0.0, 24.5) screen=(593.7167, 335.9507)
[Dungeon] soeburi 3층 lv=9 seed=100493242 preset 32x30 rooms=2 up=(26, 24) down=(-1, -1) enemies=2 roster=soemeogi elites=[] named=-
[Save] level 쇠부리 폐광 3층 → user://save_e2e.json (C:/Users/FORYOUCOM/AppData/Roaming/Godot/app_userdata/Joseon Hunters/wt/codex-630-whirl-structure/save_e2e.json)
[Dev] stairs StairsUp dir=-1 world=(26.5, 0.0, 24.5) screen=(593.7167, 335.9507)
  · 11칸 산적 눈 화면 자리 (1149.117, 583.4573) / 화면 (1280.0, 720.0)
[Dungeon] soeburi 3층 lv=9 seed=100493242 preset 32x30 rooms=2 up=(26, 24) down=(-1, -1) enemies=2 roster=soemeogi elites=[] named=-
[Save] level 쇠부리 폐광 3층 → user://save_e2e.json (C:/Users/FORYOUCOM/AppData/Roaming/Godot/app_userdata/Joseon Hunters/wt/codex-630-whirl-structure/save_e2e.json)
[Dev] stairs StairsUp dir=-1 world=(26.5, 0.0, 24.5) screen=(593.7167, 335.9507)
[Audio] BGM town → town.ogg
[Save] level 못골 마을 → user://save_e2e.json (C:/Users/FORYOUCOM/AppData/Roaming/Godot/app_userdata/Joseon Hunters/wt/codex-630-whirl-structure/save_e2e.json)
[Dev] stairs DungeonEntrance dir=1 world=(0.0, 0.0, -31.0) screen=(2121.067, -492.4143)
[Dev] interact Merchant world=(5.4, 0.0, -2.4) screen=(1047.293, 368.0158)
[Dev] interact Shaman world=(-5.6, 0.0, 0.4) screen=(408.5833, 148.8999)
[Dev] interact Elder world=(2.0, 0.0, -5.6) screen=(1038.037, 191.6542)
[Dev] interact Jumo world=(7.1, 0.0, -1.4) screen=(1079.692, 440.1637)
[Dev] interact StashChest world=(3.3, 0.0, -2.05) screen=(933.8992, 321.2533)
[Dev] interact Waypoint world=(-4.2, 0.0, 2.2) screen=(390.0698, 234.4085)
[Dungeon] beomgul 3층 lv=6 seed=3376041942 preset 32x30 rooms=2 up=(26, 24) down=(-1, -1) enemies=0 roster= elites=[] named=-
[Audio] BGM boss → boss.ogg
[Save] level 범굴 3층 → user://save_e2e.json (C:/Users/FORYOUCOM/AppData/Roaming/Godot/app_userdata/Joseon Hunters/wt/codex-630-whirl-structure/save_e2e.json)
[Dev] stairs StairsUp dir=-1 world=(26.5, 0.0, 24.5) screen=(593.7167, 335.9507)
[Kill] +0 xp (lv 12, 0/831)
[Kill] +0 xp (lv 12, 0/831)
[Audio] BGM town → town.ogg
[Save] level 못골 마을 → user://save_e2e.json (C:/Users/FORYOUCOM/AppData/Roaming/Godot/app_userdata/Joseon Hunters/wt/codex-630-whirl-structure/save_e2e.json)
[Dev] stairs DungeonEntrance dir=1 world=(0.0, 0.0, -31.0) screen=(2121.067, -492.4143)
[Dev] interact Merchant world=(5.4, 0.0, -2.4) screen=(1047.293, 368.0158)
[Dev] interact Shaman world=(-5.6, 0.0, 0.4) screen=(408.5833, 148.8999)
[Dev] interact Elder world=(2.0, 0.0, -5.6) screen=(1038.037, 191.6542)
[Dev] interact Jumo world=(7.1, 0.0, -1.4) screen=(1079.692, 440.1637)
[Dev] interact StashChest world=(3.3, 0.0, -2.05) screen=(933.8992, 321.2533)
[Dev] interact Waypoint world=(-4.2, 0.0, 2.2) screen=(390.0698, 234.4085)
E2E boss_uniques PASS (검사 37)
[Save] level 못골 마을 → user://save_e2e.json (C:/Users/FORYOUCOM/AppData/Roaming/Godot/app_userdata/Joseon Hunters/wt/codex-630-whirl-structure/save_e2e.json)
[Dev] stairs DungeonEntrance dir=1 world=(0.0, 0.0, -31.0) screen=(2121.067, -492.4143)
[Dev] interact Merchant world=(5.4, 0.0, -2.4) screen=(1047.293, 368.0158)
[Dev] interact Shaman world=(-5.6, 0.0, 0.4) screen=(408.5833, 148.8999)
[Dev] interact Elder world=(2.0, 0.0, -5.6) screen=(1038.037, 191.6542)
[Dev] interact Jumo world=(7.1, 0.0, -1.4) screen=(1079.692, 440.1637)
[Dev] interact StashChest world=(3.3, 0.0, -2.05) screen=(933.8992, 321.2533)
[Dev] interact Waypoint world=(-4.2, 0.0, 2.2) screen=(390.0698, 234.4085)
E2E ▶ boss_jangsanbeom
[Dungeon] beomgul 3층 lv=6 seed=3376041942 preset 32x30 rooms=2 up=(26, 24) down=(-1, -1) enemies=0 roster= elites=[] named=-
[Audio] BGM boss → boss.ogg
[Save] level 범굴 3층 → user://save_e2e.json (C:/Users/FORYOUCOM/AppData/Roaming/Godot/app_userdata/Joseon Hunters/wt/codex-630-whirl-structure/save_e2e.json)
[Dev] stairs StairsUp dir=-1 world=(26.5, 0.0, 24.5) screen=(593.7167, 335.9507)
  · 앞선 덮치기 1번 · 미끼 「바위 송곳니」 · 선딜까지 기다림 끝
  · 덮치기: 선딜 자리 (12.21983, 0.0, 5.500493) · 도호 (15.5, 0.000391, 13.5) · 끝 (15.2515, 0.000934, 12.37677) · 끝난 까닭 hit · 도호 지금 (15.5, 0.000391, 13.5)
  · 덮치기·빛 안 물기 뒤 도호 생명 110 → 90 (명중 굴림)
[Kill] +0 xp (lv 1, 0/20)
[Kill] +0 xp (lv 1, 0/20)
  · 털 낚아채기 끌린 칸 2.871 (기대 2.871 = 거리 4.271 − 몸 앞 1.400 · 경직 true · 도호 (19.5, 0.000391, 12.5) → (16.63267, 0.000391, 12.36467))
[Kill] +1000 xp (lv 7, 141/370)
[LevelUp] lv=7 stat_pts=30 skill_pts=6
[Dev] item 영약 — 총명탕 world=(15.48255, 0.0, 12.39272) screen=(582.5215, 312.1344)
[Dev] item 탕약 — 십전대보탕 world=(15.48255, 0.0, 12.39272) screen=(582.5215, 312.1344)
[Dev] item 영약 — 총명탕 world=(15.48255, 0.0, 12.39272) screen=(582.5215, 312.1344)
[Dev] item 귀환부 world=(15.48255, 0.0, 12.39272) screen=(582.5215, 312.1344)
[Dev] item 흠 있는 백옥 world=(15.48255, 0.0, 12.39272) screen=(582.5215, 312.1344)
[Dev] item 흠 있는 황옥 world=(15.48255, 0.0, 12.39272) screen=(582.5215, 312.1344)
[Dev] item 장산범의 흰 털 world=(15.48255, 0.0, 12.39272) screen=(582.5215, 312.1344)
[Dev] item 강녕 world=(15.48255, 0.0, 12.39272) screen=(582.5215, 312.1344)
[Dev] item 미식별 목검 world=(15.48255, 0.0, 12.39272) screen=(582.5215, 312.1344)
[Dev] item 미식별 은가락지 world=(15.48255, 0.0, 12.39272) screen=(582.5215, 312.1344)
[Dev] item 미식별 명두 world=(15.48255, 0.0, 12.39272) screen=(582.5215, 312.1344)
[Loot] 보스 전용 유니크 — boss_jangsanbeom 첫 처치 → u_jangsanbeom_eye (회차 1)
[Dev] item 장산범의 봉인고리 world=(15.48255, 0.0, 12.39272) screen=(582.5215, 312.1344)
[Dev] item 엽전 world=(15.48255, 0.0, 12.39272) screen=(582.5215, 312.1344)
[Save] boss → user://save_e2e.json (C:/Users/FORYOUCOM/AppData/Roaming/Godot/app_userdata/Joseon Hunters/wt/codex-630-whirl-structure/save_e2e.json)
[Boss] killed area=beomgul level=6 flags={ "opening_pending": false, "story": { "entered/motgol": true, "entered/beomgul": true }, "seal:boss_jangsanbeom": 1, "quest": { "beomgul_seal": { "state": "killed" } }, "boss_killed_beomgul": true }
[Audio] 같은 순간 같은 큐 상한(3) 넘침 — drop ×7 (버림 누계 28)
E2E boss_jangsanbeom PASS (검사 42)
[Audio] BGM town → town.ogg
[Save] level 못골 마을 → user://save_e2e.json (C:/Users/FORYOUCOM/AppData/Roaming/Godot/app_userdata/Joseon Hunters/wt/codex-630-whirl-structure/save_e2e.json)
[Dev] stairs DungeonEntrance dir=1 world=(0.0, 0.0, -31.0) screen=(2121.067, -492.4143)
[Dev] interact Merchant world=(5.4, 0.0, -2.4) screen=(1047.293, 368.0158)
[Dev] interact Shaman world=(-5.6, 0.0, 0.4) screen=(408.5833, 148.8999)
[Dev] interact Elder world=(2.0, 0.0, -5.6) screen=(1038.037, 191.6542)
[Dev] interact Jumo world=(7.1, 0.0, -1.4) screen=(1079.692, 440.1637)
[Dev] interact StashChest world=(3.3, 0.0, -2.05) screen=(933.8992, 321.2533)
[Dev] interact Waypoint world=(-4.2, 0.0, 2.2) screen=(390.0698, 234.4085)
E2E ▶ heukrang_look
[Dungeon] heukrang_gul 1층 lv=2 seed=403727558 gen 64x64 rooms=6 up=(44, 56) down=(7, 23) enemies=20 roster=bandit,bat,talisman_master elites=["방2:금색×3(깊이 0.50)"] named=-
[Quest] heukrang_gul 1층 — 싹쓸이 셈 시작 20 (heukrang_clear:none)
[Audio] BGM dungeon → dungeon_4.ogg
[Save] level 흑랑 굴 1층 → user://save_e2e.json (C:/Users/FORYOUCOM/AppData/Roaming/Godot/app_userdata/Joseon Hunters/wt/codex-630-whirl-structure/save_e2e.json)
[Dev] stairs StairsUp dir=-1 world=(44.5, 0.0, 56.5) screen=(593.7165, 335.9509)
[Dev] stairs StairsDown dir=1 world=(7.5, 0.0, 23.5) screen=(408.583, -1534.551)
[Dev] interact PusJar world=(29.5, 0.0, 42.5) screen=(547.433, -487.0705)
[Dev] interact @Area3D@26392 world=(14.5, 0.0, 24.5) screen=(686.2831, -1368.878)
[Dev] interact @Area3D@26393 world=(23.5, 0.0, 18.5) screen=(1380.534, -1288.714)
[Dev] interact LootChest world=(29.5, 0.0, 39.5) screen=(686.2831, -567.2349)
[Dev] interact @Area3D@26394 world=(40.5, 0.0, 38.5) screen=(1241.683, -300.0204)
[Dev] interact LootPot world=(17.5, 0.0, 43.5) screen=(-54.25064, -781.0067)
[Dev] interact @Area3D@26395 world=(18.5, 0.0, 44.5) screen=(-54.25041, -727.5637)
[Dev] interact @Area3D@26396 world=(19.5, 0.0, 9.5) screen=(1611.95, -1636.093)
[Dev] interact @Area3D@26397 world=(20.5, 0.0, 9.5) screen=(1658.234, -1609.372)
[Dev] interact @Area3D@26398 world=(43.5, 0.0, 60.5) screen=(362.2997, 368.0159)
[Dev] interact @Area3D@26399 world=(43.5, 0.0, 59.5) screen=(408.583, 341.2944)
[Dev] interact @Area3D@26400 world=(21.5, 0.0, 39.5) screen=(316.0163, -781.0065)
[Dungeon] heukrang_gul 2층 lv=3 seed=3189434797 preset 28x28 rooms=2 up=(22, 23) down=(-1, -1) enemies=2 roster=bat elites=[] named=-
[Audio] BGM boss → boss.ogg
[Save] level 흑랑 굴 2층 → user://save_e2e.json (C:/Users/FORYOUCOM/AppData/Roaming/Godot/app_userdata/Joseon Hunters/wt/codex-630-whirl-structure/save_e2e.json)
[Dev] stairs StairsUp dir=-1 world=(22.5, 0.0, 23.5) screen=(593.7167, 335.9507)
E2E heukrang_look PASS (검사 4)
[Audio] BGM town → town.ogg
[Save] level 못골 마을 → user://save_e2e.json (C:/Users/FORYOUCOM/AppData/Roaming/Godot/app_userdata/Joseon Hunters/wt/codex-630-whirl-structure/save_e2e.json)
[Dev] stairs DungeonEntrance dir=1 world=(0.0, 0.0, -31.0) screen=(2121.067, -492.4143)
[Dev] interact Merchant world=(5.4, 0.0, -2.4) screen=(1047.293, 368.0158)
[Dev] interact Shaman world=(-5.6, 0.0, 0.4) screen=(408.5833, 148.8999)
[Dev] interact Elder world=(2.0, 0.0, -5.6) screen=(1038.037, 191.6542)
[Dev] interact Jumo world=(7.1, 0.0, -1.4) screen=(1079.692, 440.1637)
[Dev] interact StashChest world=(3.3, 0.0, -2.05) screen=(933.8992, 321.2533)
[Dev] interact Waypoint world=(-4.2, 0.0, 2.2) screen=(390.0698, 234.4085)
E2E ▶ heukrang_pounce
[Dungeon] heukrang_gul 1층 lv=2 seed=403727558 gen 64x64 rooms=6 up=(44, 56) down=(7, 23) enemies=20 roster=bandit,bat,talisman_master elites=["방2:금색×3(깊이 0.50)"] named=-
[Quest] heukrang_gul 1층 — 싹쓸이 셈 시작 20 (heukrang_clear:none)
[Audio] BGM dungeon → dungeon_2.ogg
[Save] level 흑랑 굴 1층 → user://save_e2e.json (C:/Users/FORYOUCOM/AppData/Roaming/Godot/app_userdata/Joseon Hunters/wt/codex-630-whirl-structure/save_e2e.json)
[Dev] stairs StairsUp dir=-1 world=(44.5, 0.0, 56.5) screen=(593.7165, 335.9509)
[Dev] stairs StairsDown dir=1 world=(7.5, 0.0, 23.5) screen=(408.583, -1534.551)
[Dev] interact PusJar world=(29.5, 0.0, 42.5) screen=(547.433, -487.0705)
[Dev] interact @Area3D@26835 world=(14.5, 0.0, 24.5) screen=(686.2831, -1368.878)
[Dev] interact @Area3D@26836 world=(23.5, 0.0, 18.5) screen=(1380.534, -1288.714)
[Dev] interact LootChest world=(29.5, 0.0, 39.5) screen=(686.2831, -567.2349)
[Dev] interact @Area3D@26837 world=(40.5, 0.0, 38.5) screen=(1241.683, -300.0204)
[Dev] interact LootPot world=(17.5, 0.0, 43.5) screen=(-54.25064, -781.0067)
[Dev] interact @Area3D@26838 world=(18.5, 0.0, 44.5) screen=(-54.25041, -727.5637)
[Dev] interact @Area3D@26839 world=(19.5, 0.0, 9.5) screen=(1611.95, -1636.093)
[Dev] interact @Area3D@26840 world=(20.5, 0.0, 9.5) screen=(1658.234, -1609.372)
[Dev] interact @Area3D@26841 world=(43.5, 0.0, 60.5) screen=(362.2997, 368.0159)
[Dev] interact @Area3D@26842 world=(43.5, 0.0, 59.5) screen=(408.583, 341.2944)
[Dev] interact @Area3D@26843 world=(21.5, 0.0, 39.5) screen=(316.0163, -781.0065)
[Dungeon] heukrang_gul 2층 lv=3 seed=3189434797 preset 28x28 rooms=2 up=(22, 23) down=(-1, -1) enemies=2 roster=bat elites=[] named=-
[Audio] BGM boss → boss.ogg
[Save] level 흑랑 굴 2층 → user://save_e2e.json (C:/Users/FORYOUCOM/AppData/Roaming/Godot/app_userdata/Joseon Hunters/wt/codex-630-whirl-structure/save_e2e.json)
[Dev] stairs StairsUp dir=-1 world=(22.5, 0.0, 23.5) screen=(593.7167, 335.9507)
  · 흑랑 클립 = attack, die, hit, idle, pounce, pounce_air, pounce_land, run, walk · 덮치기 클립 있음(#506 반입 뒤 — 클립 차례를 검사한다)
  · 돌격 1 — 선딜 0.50초 pounce · 돌진 0.65초 pounce →  → pounce_air · 착지 뒤 0.9초 pounce_land →  → idle · 뜬 몸 엉덩이 +23cm (선딜 전 높이 기준)
  ·   pounce 재생 배율 × 1.00
  ·   pounce_air 재생 배율 × 1.00
  ·   pounce_land 재생 배율 × 1.00
E2E heukrang_pounce PASS (검사 11)
[Audio] BGM town → town.ogg
[Save] level 못골 마을 → user://save_e2e.json (C:/Users/FORYOUCOM/AppData/Roaming/Godot/app_userdata/Joseon Hunters/wt/codex-630-whirl-structure/save_e2e.json)
[Dev] stairs DungeonEntrance dir=1 world=(0.0, 0.0, -31.0) screen=(2121.067, -492.4143)
[Dev] interact Merchant world=(5.4, 0.0, -2.4) screen=(1047.293, 368.0158)
[Dev] interact Shaman world=(-5.6, 0.0, 0.4) screen=(408.5833, 148.8999)
[Dev] interact Elder world=(2.0, 0.0, -5.6) screen=(1038.037, 191.6542)
[Dev] interact Jumo world=(7.1, 0.0, -1.4) screen=(1079.692, 440.1637)
[Dev] interact StashChest world=(3.3, 0.0, -2.05) screen=(933.8992, 321.2533)
[Dev] interact Waypoint world=(-4.2, 0.0, 2.2) screen=(390.0698, 234.4085)
E2E ▶ visual_swap
[Click] world=(3.99961, 0.0, 0.99961) cell=(3, 0)
[Dungeon] heukrang_gul 1층 lv=2 seed=403727558 gen 64x64 rooms=6 up=(44, 56) down=(7, 23) enemies=20 roster=bandit,bat,talisman_master elites=["방2:금색×3(깊이 0.50)"] named=-
[Quest] heukrang_gul 1층 — 싹쓸이 셈 시작 20 (heukrang_clear:none)
[Audio] BGM dungeon → dungeon_3.ogg
[Save] level 흑랑 굴 1층 → user://save_e2e.json (C:/Users/FORYOUCOM/AppData/Roaming/Godot/app_userdata/Joseon Hunters/wt/codex-630-whirl-structure/save_e2e.json)
[Dev] stairs StairsUp dir=-1 world=(44.5, 0.0, 56.5) screen=(593.7165, 335.9509)
[Dev] stairs StairsDown dir=1 world=(7.5, 0.0, 23.5) screen=(408.583, -1534.551)
[Dev] interact PusJar world=(29.5, 0.0, 42.5) screen=(547.433, -487.0705)
[Dev] interact @Area3D@27282 world=(14.5, 0.0, 24.5) screen=(686.2831, -1368.878)
[Dev] interact @Area3D@27283 world=(23.5, 0.0, 18.5) screen=(1380.534, -1288.714)
[Dev] interact LootChest world=(29.5, 0.0, 39.5) screen=(686.2831, -567.2349)
[Dev] interact @Area3D@27284 world=(40.5, 0.0, 38.5) screen=(1241.683, -300.0204)
[Dev] interact LootPot world=(17.5, 0.0, 43.5) screen=(-54.25064, -781.0067)
[Dev] interact @Area3D@27285 world=(18.5, 0.0, 44.5) screen=(-54.25041, -727.5637)
[Dev] interact @Area3D@27286 world=(19.5, 0.0, 9.5) screen=(1611.95, -1636.093)
[Dev] interact @Area3D@27287 world=(20.5, 0.0, 9.5) screen=(1658.234, -1609.372)
[Dev] interact @Area3D@27288 world=(43.5, 0.0, 60.5) screen=(362.2997, 368.0159)
[Dev] interact @Area3D@27289 world=(43.5, 0.0, 59.5) screen=(408.583, 341.2944)
[Dev] interact @Area3D@27290 world=(21.5, 0.0, 39.5) screen=(316.0163, -781.0065)
E2E visual_swap PASS (검사 65)
[Audio] BGM town → town.ogg
[Save] level 못골 마을 → user://save_e2e.json (C:/Users/FORYOUCOM/AppData/Roaming/Godot/app_userdata/Joseon Hunters/wt/codex-630-whirl-structure/save_e2e.json)
[Dev] stairs DungeonEntrance dir=1 world=(0.0, 0.0, -31.0) screen=(2121.067, -492.4143)
[Dev] interact Merchant world=(5.4, 0.0, -2.4) screen=(1047.293, 368.0158)
[Dev] interact Shaman world=(-5.6, 0.0, 0.4) screen=(408.5833, 148.8999)
[Dev] interact Elder world=(2.0, 0.0, -5.6) screen=(1038.037, 191.6542)
[Dev] interact Jumo world=(7.1, 0.0, -1.4) screen=(1079.692, 440.1637)
[Dev] interact StashChest world=(3.3, 0.0, -2.05) screen=(933.8992, 321.2533)
[Dev] interact Waypoint world=(-4.2, 0.0, 2.2) screen=(390.0698, 234.4085)
E2E ▶ run_upright
[Click] world=(10.5, 0.0, 11.5) cell=(10, 11)
  · 달린 시간 1.50초 · 5.7칸 · 갱신 308(달리기 클립 308) · 머리−골반 최저 +0.443 (0.2 미만 0번) · 몸 뼈 최대 어긋남 0.0cm ()
  · 옷 뼈 최대 흔들림(애니와 벌어진 각): Hem_L 24.3°, Hem_R 24.7°, Sleeve_L 76.4°, Sleeve_R 39.2°, SashTail 45.5°
  · 순간이동 5.7칸 → 11번 잼 · 옷 뼈 최대 1.2° (Sleeve_L) · 몸 뼈 최대 0.0cm
E2E run_upright PASS (검사 16)
[Save] level 못골 마을 → user://save_e2e.json (C:/Users/FORYOUCOM/AppData/Roaming/Godot/app_userdata/Joseon Hunters/wt/codex-630-whirl-structure/save_e2e.json)
[Dev] stairs DungeonEntrance dir=1 world=(0.0, 0.0, -31.0) screen=(2121.067, -492.4143)
[Dev] interact Merchant world=(5.4, 0.0, -2.4) screen=(1047.293, 368.0158)
[Dev] interact Shaman world=(-5.6, 0.0, 0.4) screen=(408.5833, 148.8999)
[Dev] interact Elder world=(2.0, 0.0, -5.6) screen=(1038.037, 191.6542)
[Dev] interact Jumo world=(7.1, 0.0, -1.4) screen=(1079.692, 440.1637)
[Dev] interact StashChest world=(3.3, 0.0, -2.05) screen=(933.8992, 321.2533)
[Dev] interact Waypoint world=(-4.2, 0.0, 2.2) screen=(390.0698, 234.4085)
E2E ▶ teleport_settle
[Dungeon] heukrang_gul 1층 lv=2 seed=403727558 gen 64x64 rooms=6 up=(44, 56) down=(7, 23) enemies=20 roster=bandit,bat,talisman_master elites=["방2:금색×3(깊이 0.50)"] named=-
[Quest] heukrang_gul 1층 — 싹쓸이 셈 시작 20 (heukrang_clear:none)
[Audio] BGM dungeon → dungeon_2.ogg
[Save] level 흑랑 굴 1층 → user://save_e2e.json (C:/Users/FORYOUCOM/AppData/Roaming/Godot/app_userdata/Joseon Hunters/wt/codex-630-whirl-structure/save_e2e.json)
[Dev] stairs StairsUp dir=-1 world=(44.5, 0.0, 56.5) screen=(593.7165, 335.9509)
[Dev] stairs StairsDown dir=1 world=(7.5, 0.0, 23.5) screen=(408.583, -1534.551)
[Dev] interact PusJar world=(29.5, 0.0, 42.5) screen=(547.433, -487.0705)
[Dev] interact @Area3D@27814 world=(14.5, 0.0, 24.5) screen=(686.2831, -1368.878)
[Dev] interact @Area3D@27815 world=(23.5, 0.0, 18.5) screen=(1380.534, -1288.714)
[Dev] interact LootChest world=(29.5, 0.0, 39.5) screen=(686.2831, -567.2349)
[Dev] interact @Area3D@27816 world=(40.5, 0.0, 38.5) screen=(1241.683, -300.0204)
[Dev] interact LootPot world=(17.5, 0.0, 43.5) screen=(-54.25064, -781.0067)
[Dev] interact @Area3D@27817 world=(18.5, 0.0, 44.5) screen=(-54.25041, -727.5637)
[Dev] interact @Area3D@27818 world=(19.5, 0.0, 9.5) screen=(1611.95, -1636.093)
[Dev] interact @Area3D@27819 world=(20.5, 0.0, 9.5) screen=(1658.234, -1609.372)
[Dev] interact @Area3D@27820 world=(43.5, 0.0, 60.5) screen=(362.2997, 368.0159)
[Dev] interact @Area3D@27821 world=(43.5, 0.0, 59.5) screen=(408.583, 341.2944)
[Dev] interact @Area3D@27822 world=(21.5, 0.0, 39.5) screen=(316.0163, -781.0065)
[Dev] removed 20 enemies
  · 자리 (22.5, 0.000391, 49.5) → 목적지 (27.5, 0.0, 49.5) (5.0칸)
  · 01_before (초기화 끔): 첫 프레임 옷 뼈 68.4° · 끝 19.1cm (Sleeve_L) · 8프레임 최대 115.7° · 끝 30.5cm (Sleeve_R) · 몸 뼈 0.0mm · 프레임별 [68°, 112°, 116°, 115°, 111°, 106°, 104°, 100°]
  · 02_after (초기화 켬): 첫 프레임 옷 뼈 0.1° · 끝 0.0cm (Sleeve_L) · 8프레임 최대 2.1° · 끝 0.6cm (Sleeve_L) · 몸 뼈 0.0mm · 프레임별 [0°, 1°, 1°, 1°, 1°, 2°, 2°, 2°]
E2E teleport_settle PASS (검사 10)
[Audio] BGM town → town.ogg
[Save] level 못골 마을 → user://save_e2e.json (C:/Users/FORYOUCOM/AppData/Roaming/Godot/app_userdata/Joseon Hunters/wt/codex-630-whirl-structure/save_e2e.json)
[Dev] stairs DungeonEntrance dir=1 world=(0.0, 0.0, -31.0) screen=(2121.067, -492.4143)
[Dev] interact Merchant world=(5.4, 0.0, -2.4) screen=(1047.293, 368.0158)
[Dev] interact Shaman world=(-5.6, 0.0, 0.4) screen=(408.5833, 148.8999)
[Dev] interact Elder world=(2.0, 0.0, -5.6) screen=(1038.037, 191.6542)
[Dev] interact Jumo world=(7.1, 0.0, -1.4) screen=(1079.692, 440.1637)
[Dev] interact StashChest world=(3.3, 0.0, -2.05) screen=(933.8992, 321.2533)
[Dev] interact Waypoint world=(-4.2, 0.0, 2.2) screen=(390.0698, 234.4085)
E2E ▶ hit_feel
[Dungeon] heukrang_gul 1층 lv=2 seed=403727558 gen 64x64 rooms=6 up=(44, 56) down=(7, 23) enemies=20 roster=bandit,bat,talisman_master elites=["방2:금색×3(깊이 0.50)"] named=-
[Quest] heukrang_gul 1층 — 싹쓸이 셈 시작 20 (heukrang_clear:none)
[Audio] BGM dungeon → dungeon_4.ogg
[Save] level 흑랑 굴 1층 → user://save_e2e.json (C:/Users/FORYOUCOM/AppData/Roaming/Godot/app_userdata/Joseon Hunters/wt/codex-630-whirl-structure/save_e2e.json)
[Dev] stairs StairsUp dir=-1 world=(44.5, 0.0, 56.5) screen=(593.7165, 335.9509)
[Dev] stairs StairsDown dir=1 world=(7.5, 0.0, 23.5) screen=(408.583, -1534.551)
[Dev] interact PusJar world=(29.5, 0.0, 42.5) screen=(547.433, -487.0705)
[Dev] interact @Area3D@28185 world=(14.5, 0.0, 24.5) screen=(686.2831, -1368.878)
[Dev] interact @Area3D@28186 world=(23.5, 0.0, 18.5) screen=(1380.534, -1288.714)
[Dev] interact LootChest world=(29.5, 0.0, 39.5) screen=(686.2831, -567.2349)
[Dev] interact @Area3D@28187 world=(40.5, 0.0, 38.5) screen=(1241.683, -300.0204)
[Dev] interact LootPot world=(17.5, 0.0, 43.5) screen=(-54.25064, -781.0067)
[Dev] interact @Area3D@28188 world=(18.5, 0.0, 44.5) screen=(-54.25041, -727.5637)
[Dev] interact @Area3D@28189 world=(19.5, 0.0, 9.5) screen=(1611.95, -1636.093)
[Dev] interact @Area3D@28190 world=(20.5, 0.0, 9.5) screen=(1658.234, -1609.372)
[Dev] interact @Area3D@28191 world=(43.5, 0.0, 60.5) screen=(362.2997, 368.0159)
[Dev] interact @Area3D@28192 world=(43.5, 0.0, 59.5) screen=(408.583, 341.2944)
[Dev] interact @Area3D@28193 world=(21.5, 0.0, 39.5) screen=(316.0163, -781.0065)
[Dev] removed 20 enemies
[Kill] +6 xp (lv 1, 6/20)
[Dev] item 엽전 world=(48.31107, 0.0, 55.86855) screen=(799.3312, 402.2304)
[Dev] item 상품 패랭이 world=(48.31107, 0.0, 55.86855) screen=(799.3312, 402.2304)
[Audio] 같은 순간 같은 큐 상한(3) 넘침 — enemy_hurt ×1 (버림 누계 29)
[Kill] +6 xp (lv 1, 12/20)
[Kill] +6 xp (lv 1, 18/20)
[Dev] item 탕약 — 쌍화탕 world=(46.57809, 0.0, 58.10701) screen=(615.5197, 415.7376)
[Kill] +6 xp (lv 2, 4/57)
[LevelUp] lv=2 stat_pts=5 skill_pts=1
[Dev] item 탕약 — 쌍화탕 world=(46.91087, 0.0, 58.10716) screen=(630.9147, 424.6342)
[Audio] 같은 순간 같은 큐 상한(3) 넘침 — hit ×3 · enemy_hurt ×3 (버림 누계 35)
E2E hit_feel PASS (검사 27)
[Audio] BGM town → town.ogg
[Save] level 못골 마을 → user://save_e2e.json (C:/Users/FORYOUCOM/AppData/Roaming/Godot/app_userdata/Joseon Hunters/wt/codex-630-whirl-structure/save_e2e.json)
[Dev] stairs DungeonEntrance dir=1 world=(0.0, 0.0, -31.0) screen=(2121.067, -492.4143)
[Dev] interact Merchant world=(5.4, 0.0, -2.4) screen=(1047.293, 368.0158)
[Dev] interact Shaman world=(-5.6, 0.0, 0.4) screen=(408.5833, 148.8999)
[Dev] interact Elder world=(2.0, 0.0, -5.6) screen=(1038.037, 191.6542)
[Dev] interact Jumo world=(7.1, 0.0, -1.4) screen=(1079.692, 440.1637)
[Dev] interact StashChest world=(3.3, 0.0, -2.05) screen=(933.8992, 321.2533)
[Dev] interact Waypoint world=(-4.2, 0.0, 2.2) screen=(390.0698, 234.4085)
E2E ▶ element_affix
[Dungeon] heukrang_gul 1층 lv=2 seed=403727558 gen 64x64 rooms=6 up=(44, 56) down=(7, 23) enemies=20 roster=bandit,bat,talisman_master elites=["방2:금색×3(깊이 0.50)"] named=-
[Quest] heukrang_gul 1층 — 싹쓸이 셈 시작 20 (heukrang_clear:none)
[Audio] BGM dungeon → dungeon_1.ogg
[Save] level 흑랑 굴 1층 → user://save_e2e.json (C:/Users/FORYOUCOM/AppData/Roaming/Godot/app_userdata/Joseon Hunters/wt/codex-630-whirl-structure/save_e2e.json)
[Dev] stairs StairsUp dir=-1 world=(44.5, 0.0, 56.5) screen=(593.7165, 335.9509)
[Dev] stairs StairsDown dir=1 world=(7.5, 0.0, 23.5) screen=(408.583, -1534.551)
[Dev] interact PusJar world=(29.5, 0.0, 42.5) screen=(547.433, -487.0705)
[Dev] interact @Area3D@28605 world=(14.5, 0.0, 24.5) screen=(686.2831, -1368.878)
[Dev] interact @Area3D@28606 world=(23.5, 0.0, 18.5) screen=(1380.534, -1288.714)
[Dev] interact LootChest world=(29.5, 0.0, 39.5) screen=(686.2831, -567.2349)
[Dev] interact @Area3D@28607 world=(40.5, 0.0, 38.5) screen=(1241.683, -300.0204)
[Dev] interact LootPot world=(17.5, 0.0, 43.5) screen=(-54.25064, -781.0067)
[Dev] interact @Area3D@28608 world=(18.5, 0.0, 44.5) screen=(-54.25041, -727.5637)
[Dev] interact @Area3D@28609 world=(19.5, 0.0, 9.5) screen=(1611.95, -1636.093)
[Dev] interact @Area3D@28610 world=(20.5, 0.0, 9.5) screen=(1658.234, -1609.372)
[Dev] interact @Area3D@28611 world=(43.5, 0.0, 60.5) screen=(362.2997, 368.0159)
[Dev] interact @Area3D@28612 world=(43.5, 0.0, 59.5) screen=(408.583, 341.2944)
[Dev] interact @Area3D@28613 world=(21.5, 0.0, 39.5) screen=(316.0163, -781.0065)
[Dev] removed 20 enemies
[Audio] 같은 순간 같은 큐 상한(3) 넘침 — enemy_hurt ×117 · hit ×113 · hit_crit ×1 · hit_crit_low ×1 (버림 누계 267)
[Audio] 같은 순간 같은 큐 상한(3) 넘침 — hit ×37 · enemy_hurt ×37 (버림 누계 341)
E2E element_affix PASS (검사 7)
[Audio] BGM town → town.ogg
[Save] level 못골 마을 → user://save_e2e.json (C:/Users/FORYOUCOM/AppData/Roaming/Godot/app_userdata/Joseon Hunters/wt/codex-630-whirl-structure/save_e2e.json)
[Audio] 같은 순간 같은 큐 상한(3) 넘침 — hit ×2 · enemy_hurt ×3 (버림 누계 346)
[Dev] stairs DungeonEntrance dir=1 world=(0.0, 0.0, -31.0) screen=(2121.067, -492.4143)
[Dev] interact Merchant world=(5.4, 0.0, -2.4) screen=(1047.293, 368.0158)
[Dev] interact Shaman world=(-5.6, 0.0, 0.4) screen=(408.5833, 148.8999)
[Dev] interact Elder world=(2.0, 0.0, -5.6) screen=(1038.037, 191.6542)
[Dev] interact Jumo world=(7.1, 0.0, -1.4) screen=(1079.692, 440.1637)
[Dev] interact StashChest world=(3.3, 0.0, -2.05) screen=(933.8992, 321.2533)
[Dev] interact Waypoint world=(-4.2, 0.0, 2.2) screen=(390.0698, 234.4085)
E2E ▶ affix_combat
[Dungeon] heukrang_gul 1층 lv=2 seed=403727558 gen 64x64 rooms=6 up=(44, 56) down=(7, 23) enemies=20 roster=bandit,bat,talisman_master elites=["방2:금색×3(깊이 0.50)"] named=-
[Quest] heukrang_gul 1층 — 싹쓸이 셈 시작 20 (heukrang_clear:none)
[Audio] BGM dungeon → dungeon_3.ogg
[Save] level 흑랑 굴 1층 → user://save_e2e.json (C:/Users/FORYOUCOM/AppData/Roaming/Godot/app_userdata/Joseon Hunters/wt/codex-630-whirl-structure/save_e2e.json)
[Dev] stairs StairsUp dir=-1 world=(44.5, 0.0, 56.5) screen=(593.7165, 335.9509)
[Dev] stairs StairsDown dir=1 world=(7.5, 0.0, 23.5) screen=(408.583, -1534.551)
[Dev] interact PusJar world=(29.5, 0.0, 42.5) screen=(547.433, -487.0705)
[Dev] interact @Area3D@29001 world=(14.5, 0.0, 24.5) screen=(686.2831, -1368.878)
[Dev] interact @Area3D@29002 world=(23.5, 0.0, 18.5) screen=(1380.534, -1288.714)
[Dev] interact LootChest world=(29.5, 0.0, 39.5) screen=(686.2831, -567.2349)
[Dev] interact @Area3D@29003 world=(40.5, 0.0, 38.5) screen=(1241.683, -300.0204)
[Dev] interact LootPot world=(17.5, 0.0, 43.5) screen=(-54.25064, -781.0067)
[Dev] interact @Area3D@29004 world=(18.5, 0.0, 44.5) screen=(-54.25041, -727.5637)
[Dev] interact @Area3D@29005 world=(19.5, 0.0, 9.5) screen=(1611.95, -1636.093)
[Dev] interact @Area3D@29006 world=(20.5, 0.0, 9.5) screen=(1658.234, -1609.372)
[Dev] interact @Area3D@29007 world=(43.5, 0.0, 60.5) screen=(362.2997, 368.0159)
[Dev] interact @Area3D@29008 world=(43.5, 0.0, 59.5) screen=(408.583, 341.2944)
[Dev] interact @Area3D@29009 world=(21.5, 0.0, 39.5) screen=(316.0163, -781.0065)
[Dev] removed 20 enemies
  · 산적 경직 구간 0.350~0.350 → 회초리 0.450~0.450 · 밀림 0.220 → 0.330
[Kill] +2 xp (lv 12, 2/831)
[Dev] item 엽전 world=(17.7, 0.0, 49.5) screen=(695.5399, 376.0538)
[Dev] item 미식별 옥패 world=(17.7, 0.0, 49.5) screen=(695.5399, 376.0538)
[Dev] item 탕약 — 쌍화탕 world=(17.7, 0.0, 49.5) screen=(695.5399, 376.0538)
[Talisman] 화염부 → 적 (19.5, 0.0, 49.5) (배율 1.20 · 아낌 false · 흩뿌리기 {  })
[Kill] +2 xp (lv 12, 4/831)
[Dev] item 목검 world=(19.5, 0.0, 49.5) screen=(778.8499, 424.1524)
[Dev] item 식별부 world=(19.5, 0.0, 49.5) screen=(778.8499, 424.1524)
[Save] quest → user://save_e2e.json (C:/Users/FORYOUCOM/AppData/Roaming/Godot/app_userdata/Joseon Hunters/wt/codex-630-whirl-structure/save_e2e.json)
[Quest] heukrang_clear 싹쓸이 완료 (none → killed)
  · 받는 경직 구간 0.300~0.300 → −25% 0.225~0.225 → 상한 0.120~0.120
E2E affix_combat PASS (검사 40)
[Audio] BGM town → town.ogg
[Save] level 못골 마을 → user://save_e2e.json (C:/Users/FORYOUCOM/AppData/Roaming/Godot/app_userdata/Joseon Hunters/wt/codex-630-whirl-structure/save_e2e.json)
[Dev] stairs DungeonEntrance dir=1 world=(0.0, 0.0, -31.0) screen=(2121.067, -492.4143)
[Dev] interact Merchant world=(5.4, 0.0, -2.4) screen=(1047.293, 368.0158)
[Dev] interact Shaman world=(-5.6, 0.0, 0.4) screen=(408.5833, 148.8999)
[Dev] interact Elder world=(2.0, 0.0, -5.6) screen=(1038.037, 191.6542)
[Dev] interact Jumo world=(7.1, 0.0, -1.4) screen=(1079.692, 440.1637)
[Dev] interact StashChest world=(3.3, 0.0, -2.05) screen=(933.8992, 321.2533)
[Dev] interact Waypoint world=(-4.2, 0.0, 2.2) screen=(390.0698, 234.4085)
E2E ▶ attack_chain
[Dungeon] heukrang_gul 1층 lv=2 seed=403727558 gen 64x64 rooms=6 up=(44, 56) down=(7, 23) enemies=20 roster=bandit,bat,talisman_master elites=["방2:금색×3(깊이 0.50)"] named=-
[Quest] heukrang_gul 1층 — 싹쓸이 셈 시작 20 (heukrang_clear:none)
[Audio] BGM dungeon → dungeon_1.ogg
[Save] level 흑랑 굴 1층 → user://save_e2e.json (C:/Users/FORYOUCOM/AppData/Roaming/Godot/app_userdata/Joseon Hunters/wt/codex-630-whirl-structure/save_e2e.json)
[Dev] stairs StairsUp dir=-1 world=(44.5, 0.0, 56.5) screen=(593.7165, 335.9509)
[Dev] stairs StairsDown dir=1 world=(7.5, 0.0, 23.5) screen=(408.583, -1534.551)
[Dev] interact PusJar world=(29.5, 0.0, 42.5) screen=(547.433, -487.0705)
[Dev] interact @Area3D@29418 world=(14.5, 0.0, 24.5) screen=(686.2831, -1368.878)
[Dev] interact @Area3D@29419 world=(23.5, 0.0, 18.5) screen=(1380.534, -1288.714)
[Dev] interact LootChest world=(29.5, 0.0, 39.5) screen=(686.2831, -567.2349)
[Dev] interact @Area3D@29420 world=(40.5, 0.0, 38.5) screen=(1241.683, -300.0204)
[Dev] interact LootPot world=(17.5, 0.0, 43.5) screen=(-54.25064, -781.0067)
[Dev] interact @Area3D@29421 world=(18.5, 0.0, 44.5) screen=(-54.25041, -727.5637)
[Dev] interact @Area3D@29422 world=(19.5, 0.0, 9.5) screen=(1611.95, -1636.093)
[Dev] interact @Area3D@29423 world=(20.5, 0.0, 9.5) screen=(1658.234, -1609.372)
[Dev] interact @Area3D@29424 world=(43.5, 0.0, 60.5) screen=(362.2997, 368.0159)
[Dev] interact @Area3D@29425 world=(43.5, 0.0, 59.5) screen=(408.583, 341.2944)
[Dev] interact @Area3D@29426 world=(21.5, 0.0, 39.5) screen=(316.0163, -781.0065)
[Dev] removed 20 enemies
  · ① 칸 [0, 1, 2, 0, 1] · 클립 ["attack", "attack2", "attack3", "attack", "attack2"] · 섞기 ["0.12", "0.10", "0.10", "0.10", "0.10"]
E2E attack_chain PASS (검사 21)
[Audio] BGM town → town.ogg
[Save] level 못골 마을 → user://save_e2e.json (C:/Users/FORYOUCOM/AppData/Roaming/Godot/app_userdata/Joseon Hunters/wt/codex-630-whirl-structure/save_e2e.json)
[Dev] stairs DungeonEntrance dir=1 world=(0.0, 0.0, -31.0) screen=(2121.067, -492.4143)
[Dev] interact Merchant world=(5.4, 0.0, -2.4) screen=(1047.293, 368.0158)
[Dev] interact Shaman world=(-5.6, 0.0, 0.4) screen=(408.5833, 148.8999)
[Dev] interact Elder world=(2.0, 0.0, -5.6) screen=(1038.037, 191.6542)
[Dev] interact Jumo world=(7.1, 0.0, -1.4) screen=(1079.692, 440.1637)
[Dev] interact StashChest world=(3.3, 0.0, -2.05) screen=(933.8992, 321.2533)
[Dev] interact Waypoint world=(-4.2, 0.0, 2.2) screen=(390.0698, 234.4085)
E2E ▶ sword_trail_v2
[Dungeon] heukrang_gul 1층 lv=2 seed=403727558 gen 64x64 rooms=6 up=(44, 56) down=(7, 23) enemies=20 roster=bandit,bat,talisman_master elites=["방2:금색×3(깊이 0.50)"] named=-
[Quest] heukrang_gul 1층 — 싹쓸이 셈 시작 20 (heukrang_clear:none)
[Audio] BGM dungeon → dungeon_4.ogg
[Save] level 흑랑 굴 1층 → user://save_e2e.json (C:/Users/FORYOUCOM/AppData/Roaming/Godot/app_userdata/Joseon Hunters/wt/codex-630-whirl-structure/save_e2e.json)
[Dev] stairs StairsUp dir=-1 world=(44.5, 0.0, 56.5) screen=(593.7165, 335.9509)
[Dev] stairs StairsDown dir=1 world=(7.5, 0.0, 23.5) screen=(408.583, -1534.551)
[Dev] interact PusJar world=(29.5, 0.0, 42.5) screen=(547.433, -487.0705)
[Dev] interact @Area3D@29794 world=(14.5, 0.0, 24.5) screen=(686.2831, -1368.878)
[Dev] interact @Area3D@29795 world=(23.5, 0.0, 18.5) screen=(1380.534, -1288.714)
[Dev] interact LootChest world=(29.5, 0.0, 39.5) screen=(686.2831, -567.2349)
[Dev] interact @Area3D@29796 world=(40.5, 0.0, 38.5) screen=(1241.683, -300.0204)
[Dev] interact LootPot world=(17.5, 0.0, 43.5) screen=(-54.25064, -781.0067)
[Dev] interact @Area3D@29797 world=(18.5, 0.0, 44.5) screen=(-54.25041, -727.5637)
[Dev] interact @Area3D@29798 world=(19.5, 0.0, 9.5) screen=(1611.95, -1636.093)
[Dev] interact @Area3D@29799 world=(20.5, 0.0, 9.5) screen=(1658.234, -1609.372)
[Dev] interact @Area3D@29800 world=(43.5, 0.0, 60.5) screen=(362.2997, 368.0159)
[Dev] interact @Area3D@29801 world=(43.5, 0.0, 59.5) screen=(408.583, 341.2944)
[Dev] interact @Area3D@29802 world=(21.5, 0.0, 39.5) screen=(316.0163, -781.0065)
[Dev] removed 20 enemies
  · 검광 치명: 피해 8 · 그림 true · 금니 true · 표본 8
  · 검광 일반: 피해 5 · 그림 true · 금니 false · 표본 9
  · 검광 빗나감: 피해 0 · 그림 true · 금니 false · 표본 9
  · 검광 사거리 밖: 피해 0 · 그림 true · 금니 false · 표본 9
  · 검광 면역: 피해 0 · 그림 true · 금니 false · 표본 9
E2E sword_trail_v2 PASS (검사 93)
[Audio] BGM town → town.ogg
[Save] level 못골 마을 → user://save_e2e.json (C:/Users/FORYOUCOM/AppData/Roaming/Godot/app_userdata/Joseon Hunters/wt/codex-630-whirl-structure/save_e2e.json)
[Dev] stairs DungeonEntrance dir=1 world=(0.0, 0.0, -31.0) screen=(2121.067, -492.4143)
[Dev] interact Merchant world=(5.4, 0.0, -2.4) screen=(1047.293, 368.0158)
[Dev] interact Shaman world=(-5.6, 0.0, 0.4) screen=(408.5833, 148.8999)
[Dev] interact Elder world=(2.0, 0.0, -5.6) screen=(1038.037, 191.6542)
[Dev] interact Jumo world=(7.1, 0.0, -1.4) screen=(1079.692, 440.1637)
[Dev] interact StashChest world=(3.3, 0.0, -2.05) screen=(933.8992, 321.2533)
[Dev] interact Waypoint world=(-4.2, 0.0, 2.2) screen=(390.0698, 234.4085)
E2E ▶ whirl_structure_v1
[Dungeon] heukrang_gul 1층 lv=2 seed=403727558 gen 64x64 rooms=6 up=(44, 56) down=(7, 23) enemies=20 roster=bandit,bat,talisman_master elites=["방2:금색×3(깊이 0.50)"] named=-
[Quest] heukrang_gul 1층 — 싹쓸이 셈 시작 20 (heukrang_clear:none)
[Audio] BGM dungeon → dungeon_3.ogg
[Save] level 흑랑 굴 1층 → user://save_e2e.json (C:/Users/FORYOUCOM/AppData/Roaming/Godot/app_userdata/Joseon Hunters/wt/codex-630-whirl-structure/save_e2e.json)
[Dev] stairs StairsUp dir=-1 world=(44.5, 0.0, 56.5) screen=(593.7165, 335.9509)
[Dev] stairs StairsDown dir=1 world=(7.5, 0.0, 23.5) screen=(408.583, -1534.551)
[Dev] interact PusJar world=(29.5, 0.0, 42.5) screen=(547.433, -487.0705)
[Dev] interact @Area3D@30168 world=(14.5, 0.0, 24.5) screen=(686.2831, -1368.878)
[Dev] interact @Area3D@30169 world=(23.5, 0.0, 18.5) screen=(1380.534, -1288.714)
[Dev] interact LootChest world=(29.5, 0.0, 39.5) screen=(686.2831, -567.2349)
[Dev] interact @Area3D@30170 world=(40.5, 0.0, 38.5) screen=(1241.683, -300.0204)
[Dev] interact LootPot world=(17.5, 0.0, 43.5) screen=(-54.25064, -781.0067)
[Dev] interact @Area3D@30171 world=(18.5, 0.0, 44.5) screen=(-54.25041, -727.5637)
[Dev] interact @Area3D@30172 world=(19.5, 0.0, 9.5) screen=(1611.95, -1636.093)
[Dev] interact @Area3D@30173 world=(20.5, 0.0, 9.5) screen=(1658.234, -1609.372)
[Dev] interact @Area3D@30174 world=(43.5, 0.0, 60.5) screen=(362.2997, 368.0159)
[Dev] interact @Area3D@30175 world=(43.5, 0.0, 59.5) screen=(408.583, 341.2944)
[Dev] interact @Area3D@30176 world=(21.5, 0.0, 39.5) screen=(316.0163, -781.0065)
[Dev] removed 20 enemies
[Skill] 회오리베기 → mp 42/50
[Skill] 회오리베기 → mp 41/50
[Dev] item 엽전 world=(43.5, 0.0, 59.5) screen=(408.5829, 366.797)
[Loot] 항아리 지역 2 → 엽전
[Skill] 회오리베기 → mp 40/50
[Skill] 회오리베기 → mp 40/50
[Dungeon] heukrang_gul 2층 lv=3 seed=3189434797 preset 28x28 rooms=2 up=(22, 23) down=(-1, -1) enemies=2 roster=bat elites=[] named=-
[Audio] BGM boss → boss.ogg
[Save] level 흑랑 굴 2층 → user://save_e2e.json (C:/Users/FORYOUCOM/AppData/Roaming/Godot/app_userdata/Joseon Hunters/wt/codex-630-whirl-structure/save_e2e.json)
[Dev] stairs StairsUp dir=-1 world=(22.5, 0.0, 23.5) screen=(593.7167, 335.9507)
E2E whirl_structure_v1 PASS (검사 69)
[Audio] BGM town → town.ogg
[Save] level 못골 마을 → user://save_e2e.json (C:/Users/FORYOUCOM/AppData/Roaming/Godot/app_userdata/Joseon Hunters/wt/codex-630-whirl-structure/save_e2e.json)
[Dev] stairs DungeonEntrance dir=1 world=(0.0, 0.0, -31.0) screen=(2121.067, -492.4143)
[Dev] interact Merchant world=(5.4, 0.0, -2.4) screen=(1047.293, 368.0158)
[Dev] interact Shaman world=(-5.6, 0.0, 0.4) screen=(408.5833, 148.8999)
[Dev] interact Elder world=(2.0, 0.0, -5.6) screen=(1038.037, 191.6542)
[Dev] interact Jumo world=(7.1, 0.0, -1.4) screen=(1079.692, 440.1637)
[Dev] interact StashChest world=(3.3, 0.0, -2.05) screen=(933.8992, 321.2533)
[Dev] interact Waypoint world=(-4.2, 0.0, 2.2) screen=(390.0698, 234.4085)
E2E ▶ aspd_steps
[Dungeon] heukrang_gul 1층 lv=2 seed=403727558 gen 64x64 rooms=6 up=(44, 56) down=(7, 23) enemies=20 roster=bandit,bat,talisman_master elites=["방2:금색×3(깊이 0.50)"] named=-
[Quest] heukrang_gul 1층 — 싹쓸이 셈 시작 20 (heukrang_clear:none)
[Audio] BGM dungeon → dungeon_2.ogg
[Save] level 흑랑 굴 1층 → user://save_e2e.json (C:/Users/FORYOUCOM/AppData/Roaming/Godot/app_userdata/Joseon Hunters/wt/codex-630-whirl-structure/save_e2e.json)
[Dev] stairs StairsUp dir=-1 world=(44.5, 0.0, 56.5) screen=(593.7165, 335.9509)
[Dev] stairs StairsDown dir=1 world=(7.5, 0.0, 23.5) screen=(408.583, -1534.551)
[Dev] interact PusJar world=(29.5, 0.0, 42.5) screen=(547.433, -487.0705)
[Dev] interact @Area3D@30611 world=(14.5, 0.0, 24.5) screen=(686.2831, -1368.878)
[Dev] interact @Area3D@30612 world=(23.5, 0.0, 18.5) screen=(1380.534, -1288.714)
[Dev] interact LootChest world=(29.5, 0.0, 39.5) screen=(686.2831, -567.2349)
[Dev] interact @Area3D@30613 world=(40.5, 0.0, 38.5) screen=(1241.683, -300.0204)
[Dev] interact LootPot world=(17.5, 0.0, 43.5) screen=(-54.25064, -781.0067)
[Dev] interact @Area3D@30614 world=(18.5, 0.0, 44.5) screen=(-54.25041, -727.5637)
[Dev] interact @Area3D@30615 world=(19.5, 0.0, 9.5) screen=(1611.95, -1636.093)
[Dev] interact @Area3D@30616 world=(20.5, 0.0, 9.5) screen=(1658.234, -1609.372)
[Dev] interact @Area3D@30617 world=(43.5, 0.0, 60.5) screen=(362.2997, 368.0159)
[Dev] interact @Area3D@30618 world=(43.5, 0.0, 59.5) screen=(408.583, 341.2944)
[Dev] interact @Area3D@30619 world=(21.5, 0.0, 39.5) screen=(316.0163, -781.0065)
[Dev] removed 20 enemies
  · 0단계: 공속 1.100 · 간격 0.9091초 · 실제 휘두름 사이 0.917초
  · 10단계(예도 합 15): 공속 1.210 · 간격 0.8264초 · 실제 휘두름 사이 0.833초
  · 툴팁(예도) ["공격 속도", "장비 없이 1.10", "현재 1.21", "공속 +15% → 단계 +10% · 다음 단계까지 +5%"]
  · 20단계(예도 + 빠른 5, 합 20): 공속 1.320 · 간격 0.7576초 · 실제 휘두름 사이 0.767초
  · 툴팁(예도 + 빠른 5) ["공격 속도", "장비 없이 1.10", "현재 1.32", "공속 +20% → 단계 +20% · 다음 단계까지 +10%"]
E2E aspd_steps PASS (검사 27)
[Audio] BGM town → town.ogg
[Save] level 못골 마을 → user://save_e2e.json (C:/Users/FORYOUCOM/AppData/Roaming/Godot/app_userdata/Joseon Hunters/wt/codex-630-whirl-structure/save_e2e.json)
[Dev] stairs DungeonEntrance dir=1 world=(0.0, 0.0, -31.0) screen=(2121.067, -492.4143)
[Dev] interact Merchant world=(5.4, 0.0, -2.4) screen=(1047.293, 368.0158)
[Dev] interact Shaman world=(-5.6, 0.0, 0.4) screen=(408.5833, 148.8999)
[Dev] interact Elder world=(2.0, 0.0, -5.6) screen=(1038.037, 191.6542)
[Dev] interact Jumo world=(7.1, 0.0, -1.4) screen=(1079.692, 440.1637)
[Dev] interact StashChest world=(3.3, 0.0, -2.05) screen=(933.8992, 321.2533)
[Dev] interact Waypoint world=(-4.2, 0.0, 2.2) screen=(390.0698, 234.4085)
E2E ▶ skill_then_attack
[Dungeon] heukrang_gul 1층 lv=2 seed=403727558 gen 64x64 rooms=6 up=(44, 56) down=(7, 23) enemies=20 roster=bandit,bat,talisman_master elites=["방2:금색×3(깊이 0.50)"] named=-
[Quest] heukrang_gul 1층 — 싹쓸이 셈 시작 20 (heukrang_clear:none)
[Audio] BGM dungeon → dungeon_4.ogg
[Save] level 흑랑 굴 1층 → user://save_e2e.json (C:/Users/FORYOUCOM/AppData/Roaming/Godot/app_userdata/Joseon Hunters/wt/codex-630-whirl-structure/save_e2e.json)
[Dev] stairs StairsUp dir=-1 world=(44.5, 0.0, 56.5) screen=(593.7165, 335.9509)
[Dev] stairs StairsDown dir=1 world=(7.5, 0.0, 23.5) screen=(408.583, -1534.551)
[Dev] interact PusJar world=(29.5, 0.0, 42.5) screen=(547.433, -487.0705)
[Dev] interact @Area3D@30984 world=(14.5, 0.0, 24.5) screen=(686.2831, -1368.878)
[Dev] interact @Area3D@30985 world=(23.5, 0.0, 18.5) screen=(1380.534, -1288.714)
[Dev] interact LootChest world=(29.5, 0.0, 39.5) screen=(686.2831, -567.2349)
[Dev] interact @Area3D@30986 world=(40.5, 0.0, 38.5) screen=(1241.683, -300.0204)
[Dev] interact LootPot world=(17.5, 0.0, 43.5) screen=(-54.25064, -781.0067)
[Dev] interact @Area3D@30987 world=(18.5, 0.0, 44.5) screen=(-54.25041, -727.5637)
[Dev] interact @Area3D@30988 world=(19.5, 0.0, 9.5) screen=(1611.95, -1636.093)
[Dev] interact @Area3D@30989 world=(20.5, 0.0, 9.5) screen=(1658.234, -1609.372)
[Dev] interact @Area3D@30990 world=(43.5, 0.0, 60.5) screen=(362.2997, 368.0159)
[Dev] interact @Area3D@30991 world=(43.5, 0.0, 59.5) screen=(408.583, 341.2944)
[Dev] interact @Area3D@30992 world=(21.5, 0.0, 39.5) screen=(316.0163, -781.0065)
[Dev] removed 20 enemies
[Skill] 참격 → mp 46/50
  · ① 참격: 시전 → 다음 평타 1.33초 (동작 1.33초) · 그 사이 클립 ["skill_strike"] · 평타가 시작될 때 skill_strike 95% 돎 · 다음 평타 attack2
[Skill] 회오리베기 → mp 42/50
  · ② 회오리: 시전 → 다음 평타 1.17초 (동작 1.15초) · 그 사이 클립 ["skill_whirl"] · 평타가 시작될 때 skill_whirl 96% 돎 · 다음 평타 attack2
[Skill] 돌진베기 → mp 44/50
  · ③ 돌진베기: 시전 → 다음 평타 1.75초 (동작 1.74초) · 그 사이 클립 ["skill_leap"] · 평타가 시작될 때 skill_leap 96% 돎 · 다음 평타 attack
[Talisman] 화염부 → 적 (23.7, 0.0, 49.5) (배율 1.20 · 아낌 false · 흩뿌리기 {  })
  · ④ 부적: 시전 → 다음 평타 0.80초 (동작 0.80초) · 그 사이 클립 ["cast", ""] · 평타가 시작될 때 cast 98% 돎 · 다음 평타 attack2
E2E skill_then_attack PASS (검사 64)
[Audio] BGM town → town.ogg
[Save] level 못골 마을 → user://save_e2e.json (C:/Users/FORYOUCOM/AppData/Roaming/Godot/app_userdata/Joseon Hunters/wt/codex-630-whirl-structure/save_e2e.json)
[Dev] stairs DungeonEntrance dir=1 world=(0.0, 0.0, -31.0) screen=(2121.067, -492.4143)
[Dev] interact Merchant world=(5.4, 0.0, -2.4) screen=(1047.293, 368.0158)
[Dev] interact Shaman world=(-5.6, 0.0, 0.4) screen=(408.5833, 148.8999)
[Dev] interact Elder world=(2.0, 0.0, -5.6) screen=(1038.037, 191.6542)
[Dev] interact Jumo world=(7.1, 0.0, -1.4) screen=(1079.692, 440.1637)
[Dev] interact StashChest world=(3.3, 0.0, -2.05) screen=(933.8992, 321.2533)
[Dev] interact Waypoint world=(-4.2, 0.0, 2.2) screen=(390.0698, 234.4085)
E2E ▶ anim_commit
[Dungeon] heukrang_gul 1층 lv=2 seed=403727558 gen 64x64 rooms=6 up=(44, 56) down=(7, 23) enemies=20 roster=bandit,bat,talisman_master elites=["방2:금색×3(깊이 0.50)"] named=-
[Quest] heukrang_gul 1층 — 싹쓸이 셈 시작 20 (heukrang_clear:none)
[Audio] BGM dungeon → dungeon_3.ogg
[Save] level 흑랑 굴 1층 → user://save_e2e.json (C:/Users/FORYOUCOM/AppData/Roaming/Godot/app_userdata/Joseon Hunters/wt/codex-630-whirl-structure/save_e2e.json)
[Dev] stairs StairsUp dir=-1 world=(44.5, 0.0, 56.5) screen=(593.7165, 335.9509)
[Dev] stairs StairsDown dir=1 world=(7.5, 0.0, 23.5) screen=(408.583, -1534.551)
[Dev] interact PusJar world=(29.5, 0.0, 42.5) screen=(547.433, -487.0705)
[Dev] interact @Area3D@31366 world=(14.5, 0.0, 24.5) screen=(686.2831, -1368.878)
[Dev] interact @Area3D@31367 world=(23.5, 0.0, 18.5) screen=(1380.534, -1288.714)
[Dev] interact LootChest world=(29.5, 0.0, 39.5) screen=(686.2831, -567.2349)
[Dev] interact @Area3D@31368 world=(40.5, 0.0, 38.5) screen=(1241.683, -300.0204)
[Dev] interact LootPot world=(17.5, 0.0, 43.5) screen=(-54.25064, -781.0067)
[Dev] interact @Area3D@31369 world=(18.5, 0.0, 44.5) screen=(-54.25041, -727.5637)
[Dev] interact @Area3D@31370 world=(19.5, 0.0, 9.5) screen=(1611.95, -1636.093)
[Dev] interact @Area3D@31371 world=(20.5, 0.0, 9.5) screen=(1658.234, -1609.372)
[Dev] interact @Area3D@31372 world=(43.5, 0.0, 60.5) screen=(362.2997, 368.0159)
[Dev] interact @Area3D@31373 world=(43.5, 0.0, 59.5) screen=(408.583, 341.2944)
[Dev] interact @Area3D@31374 world=(21.5, 0.0, 39.5) screen=(316.0163, -781.0065)
[Dev] removed 20 enemies
  · 무대 = 방 가운데 (22.5, 0.0, 49.5) · 적 쪽 (1.0, 0.0, 0.0)(트임 6.0) · 땅 클릭 (19.5, 0.0, 49.5) · 먼 적 (22.5, 0.0, 53.5)
[Skill] 참격 → mp 46/50
[Skill] 회오리베기 → mp 42/50
[Skill] 돌진베기 → mp 44/50
[Skill] 찌르기 → mp 45/50
[Skill] 도약 베기 → mp 41/50
[Click] world=(19.50016, 0.0, 49.50016) cell=(19, 49)
  · 땅 클릭 (휘두름 시작 + 0.049초 · 칼이 닿기 0.221초 전 · 누를 때 클립 attack): 0.15초 뒤 0.00유닛 움직임 · 클립 attack · 그 칼 맞음 (피해 틱 0.297초) · 동작 끝(시작 + 0.600초)까지 0.00유닛 · 끝나고 0.1초 뒤 클립 run · 첫 걸음 = 클릭 뒤 +0.558초(동작 끝 = 클릭 뒤 0.558초) · 끝나고 1.5초 뒤 클릭 자리까지 0.13유닛
[Click] world=(22.5, 0.0, 53.5) cell=(22, 53)
[Click] world=(22.5, 0.0, 53.5) cell=(22, 53)
[Click] world=(22.5, 0.0, 53.5) cell=(22, 53)
  · 먼 적 클릭(4.0유닛 옆) (휘두름 시작 + 0.048초 · 칼이 닿기 0.222초 전 · 누를 때 클립 attack): 0.15초 뒤 0.00유닛 움직임 · 클립 attack · 그 칼 맞음 (피해 틱 0.291초) · 동작 끝(시작 + 0.600초)까지 0.00유닛 · 끝나고 0.1초 뒤 클립 run · 첫 걸음 = 클릭 뒤 +0.571초(동작 끝 = 클릭 뒤 0.557초) · 끝나고 1.5초 뒤 먼 적까지 1.53유닛 · 먼 적 피해 2번 · 타깃 = 먼 적
[Skill] 참격 → mp 46/50
  · 평타 중 참격 (평타 attack 시작 + 0.042초 = 칼 닿기 0.228초 전 우클릭): 평타 클립이 돈 창 0.607초(동작 0.60) · skill_strike 시작 = 우클릭 +0.565초 · 이 사이 피해(맞을 때 클립 · 우클릭 기준) ["attack 47% @ 우클릭 +0.252초", "skill_strike 46% @ 우클릭 +1.172초"] · 평타: attack attack: 동작 0.60초 · 예약 피해 0.270초 · 피해 틱 0.293초(클립 47.2%) · 칼끝 최고속 0.277초(클립 43.1%, 357.5 u/s) · 차이(피해 − 최고속) +0.017초 = +1.0틱 · 피해 틱 칼끝 90% · [뾰족1.1%] 90% 이상 프레임 [-2] · 곡선 0 0 358 0 [321] 0 0 0 0 0 0 0 0 0 0 0 0 158 0 22 0 0 0 0 0 0 0 0 0 0 0 0 0 0 0 0 23 · 곁들이(피해 틱 기준 초) 타격 소리 -0.007 · 먹 튐 -0.007 · 도장 — · 반달·고리 — · 검광 끝 +0.127 · 참격 skill_strike: 동작 1.33초 · 예약 피해 0.600초 · 피해 틱 0.607초(클립 46.2%) · 칼끝 최고속 0.583초(클립 44.4%, 227.6 u/s) · 차이(피해 − 최고속) +0.024초 = +1.4틱 · 피해 틱 칼끝 63% · [뾰족0.5%] 90% 이상 프레임 [-3] · 곡선 0 228 0 0 [142] 0 0 0 0 0 0 0 0 0 0 0 80 0 16 0 0 0 0 0 0 0 0 0 0 0 0 0 0 0 0 0 0 0 0 0 0 0 0 0 0 · 곁들이(피해 틱 기준 초) 타격 소리 -0.007 · 먹 튐 -0.007 · 도장 -0.007 · 반달·고리 -0.062 · 검광 끝 +0.145
  · 피격 중 평타: 맞음 1 · 맞은 뒤 클립 attack · 평타 attack: 동작 0.60초 · 예약 피해 0.270초 · 피해 틱 0.289초(클립 47.2%) · 칼끝 최고속 0.272초(클립 43.1%, 345.4 u/s) · 차이(피해 − 최고속) +0.017초 = +1.0틱 · 피해 틱 칼끝 89% · [뾰족1.0%] 90% 이상 프레임 [-2] · 곡선 146 0 345 0 [308] 0 0 0 0 0 0 0 0 0 0 0 152 0 0 21 0 0 0 0 0 0 0 0 0 0 0 0 0 0 0 0 23 · 곁들이(피해 틱 기준 초) 타격 소리 -0.007 · 먹 튐 -0.007 · 도장 — · 반달·고리 — · 검광 끝 +0.132
[Skill] 참격 → mp 46/50
  · 피격 중 참격: 맞음 1 · 맞은 뒤 클립 skill_strike · 참격 skill_strike: 동작 1.33초 · 예약 피해 0.600초 · 피해 틱 0.623초(클립 46.2%) · 칼끝 최고속 0.599초(클립 44.4%, 226.0 u/s) · 차이(피해 − 최고속) +0.024초 = +1.5틱 · 피해 틱 칼끝 63% · [뾰족0.5%] 90% 이상 프레임 [-3] · 곡선 0 226 0 0 [141] 0 0 0 0 0 0 0 0 0 0 0 80 0 16 0 0 0 0 0 0 0 0 0 0 0 0 0 0 0 0 0 0 0 0 0 0 0 0 0 0 · 곁들이(피해 틱 기준 초) 타격 소리 -0.007 · 먹 튐 -0.007 · 도장 -0.007 · 반달·고리 -0.056 · 검광 끝 +0.139
[Click] world=(19.50015, 0.0, 49.50015) cell=(19, 49)
[Click] world=(18.64109, 0.0, 49.50024) cell=(18, 49)
[Click] world=(18.12914, 0.0, 49.50024) cell=(18, 49)
[Click] world=(17.58069, 0.0, 49.50024) cell=(17, 49)
[Click] world=(17.05674, 0.0, 49.50024) cell=(17, 49)
[Click] world=(16.53316, 0.0, 49.50024) cell=(16, 49)
[Click] world=(15.98163, 0.0, 49.50024) cell=(15, 49)
[Click] world=(15.45697, 0.0, 49.50024) cell=(15, 49)
[Click] world=(14.93319, 0.0, 49.50024) cell=(14, 49)
[Click] world=(14.38162, 0.0, 49.50024) cell=(14, 49)
[Click] world=(13.85695, 0.0, 49.50024) cell=(13, 49)
[Click] world=(13.33318, 0.0, 49.50024) cell=(13, 49)
[Click] world=(12.84073, 0.0, 49.50024) cell=(12, 49)
  · 누른 채 땅 (휘두름 시작 + 0.055초 · 칼이 닿기 0.215초 전 · 누를 때 클립 attack): 0.15초 뒤 0.00유닛 움직임 · 클립 attack · 그 칼 맞음 (피해 틱 0.296초) · 동작 끝(시작 + 0.600초)까지 0.00유닛 · 끝나고 0.1초 뒤 클립 run · 첫 걸음 = 클릭 뒤 +0.557초(동작 끝 = 클릭 뒤 0.557초) · 끝나고 1.5초 뒤 누른 자리까지 3.87유닛
  · 표 — 행마다: 동작 길이 · 예약 피해(impact_frac × 동작) · 피해 틱(시작 뒤 초 · 클립 %) · 칼끝 최고속(시작 뒤 초 · 클립 % · Visual 공간 u/s) · 차이(피해 − 최고속, 초 · 60Hz 틱) · 피해 틱 칼끝 속도 ÷ 최고속 · 90% 이상 프레임(피해 프레임 기준) · 칼끝 곡선(u/s, [피해 프레임]) · 곁들이(피해 틱 기준 초)
  · 평타1 attack: 동작 0.60초 · 예약 피해 0.270초 · 피해 틱 0.294초(클립 47.2%) · 칼끝 최고속 0.269초(클립 43.1%, 343.2 u/s) · 차이(피해 − 최고속) +0.024초 = +1.5틱 · 피해 틱 칼끝 90% · [뾰족1.0%] 90% 이상 프레임 [-3] · 곡선 0 343 0 0 [308] 0 0 0 0 0 0 0 0 0 0 0 152 0 21 0 0 0 0 0 0 0 0 0 0 0 0 0 0 0 0 23 · 곁들이(피해 틱 기준 초) 타격 소리 -0.007 · 먹 튐 -0.007 · 도장 — · 반달·고리 — · 검광 끝 +0.132
  · 평타2 attack2: 동작 0.60초 · 예약 피해 0.276초 · 피해 틱 0.292초(클립 47.2%) · 칼끝 최고속 0.288초(클립 45.8%, 228.4 u/s) · 차이(피해 − 최고속) +0.003초 = +0.2틱 · 피해 틱 칼끝 100% · [뾰족1.0%] 90% 이상 프레임 [0] · 곡선 0 166 0 0 [228] 0 0 0 0 0 0 0 0 0 0 0 154 0 46 0 0 0 0 0 0 0 0 0 0 0 0 0 0 0 0 0 0 9 · 곁들이(피해 틱 기준 초) 타격 소리 -0.007 · 먹 튐 -0.007 · 도장 — · 반달·고리 — · 검광 끝 +0.139
  · 평타3 attack3: 동작 0.60초 · 예약 피해 0.270초 · 피해 틱 0.297초(클립 47.2%) · 칼끝 최고속 0.293초(클립 45.8%, 256.7 u/s) · 차이(피해 − 최고속) +0.003초 = +0.2틱 · 피해 틱 칼끝 100% · [뾰족1.0%] 90% 이상 프레임 [0] · 곡선 0 223 0 0 [257] 0 0 0 0 0 0 0 0 0 0 0 135 0 15 0 0 0 0 0 0 0 0 0 0 0 0 0 0 0 0 0 0 0 0 0 8 · 곁들이(피해 틱 기준 초) 타격 소리 -0.007 · 먹 튐 -0.007 · 도장 — · 반달·고리 — · 검광 끝 +0.124
  · 참격 skill_strike: 동작 1.33초 · 예약 피해 0.600초 · 피해 틱 0.617초(클립 46.2%) · 칼끝 최고속 0.593초(클립 44.4%, 226.0 u/s) · 차이(피해 − 최고속) +0.024초 = +1.5틱 · 피해 틱 칼끝 63% · [뾰족0.5%] 90% 이상 프레임 [-3] · 곡선 0 226 0 0 [141] 0 0 0 0 0 0 0 0 0 0 0 80 0 16 0 0 0 0 0 0 0 0 0 0 0 0 0 0 0 0 0 0 0 0 0 0 0 0 0 0 · 곁들이(피해 틱 기준 초) 타격 소리 -0.007 · 먹 튐 -0.007 · 도장 -0.007 · 반달·고리 -0.056 · 검광 끝 +0.146
  · 회오리베기 skill_whirl: 동작 1.15초 · 예약 피해 0.450초 · 피해 틱 0.475초(클립 40.5%) · 칼끝 최고속 0.457초(클립 38.4%, 182.3 u/s) · 차이(피해 − 최고속) +0.017초 = +1.0틱 · 피해 틱 칼끝 90% · [뾰족1.2%] 90% 이상 프레임 [-2, 0] · 곡선 0 0 182 0 [164] 0 0 0 0 0 0 0 0 0 0 0 132 0 0 11 0 0 0 0 0 0 0 0 0 0 0 0 0 0 0 0 30 · 곁들이(피해 틱 기준 초) 타격 소리 -0.007 · 먹 튐 -0.007 · 도장 -0.007 · 반달·고리 -0.055 · 검광 끝 +0.138
  · 돌진베기 skill_leap: 동작 1.74초 · 예약 피해 0.548초 · 피해 틱 0.550초(클립 31.6%) · 칼끝 최고속 0.547초(클립 31.1%, 203.9 u/s) · 차이(피해 − 최고속) +0.003초 = +0.2틱 · 피해 틱 칼끝 100% · [뾰족0.4%] 90% 이상 프레임 [0] · 곡선 0 0 77 0 [204] 0 0 0 0 0 0 0 0 0 0 0 149 0 0 100 0 72 · 곁들이(피해 틱 기준 초) 타격 소리 -0.007 · 먹 튐 -0.007 · 도장 -0.007 · 반달·고리 — · 검광 끝 +0.159 · 몸 5.0유닛 이동 — 이동 끝 0.550초 · 도착 0.550초 · 적 곁을 지난 때 0.419초(피해 틱은 그 +0.131초 뒤)
  · 찌르기 skill_thrust: 동작 0.63초 · 예약 피해 0.322초 · 피해 틱 0.344초(클립 52.7%) · 칼끝 최고속 0.341초(클립 51.4%, 142.0 u/s) · 차이(피해 − 최고속) +0.003초 = +0.2틱 · 피해 틱 칼끝 100% · [평평2.1%] 90% 이상 프레임 [-3, 0] · 곡선 0 133 0 0 [142] 0 0 0 0 0 0 0 0 0 0 0 68 0 44 0 0 6 · 곁들이(피해 틱 기준 초) 타격 소리 -0.007 · 먹 튐 -0.007 · 도장 -0.007 · 반달·고리 — · 검광 끝 +0.137
  · 도약 베기 skill_leap: 동작 1.74초 · 예약 피해 0.548초 · 피해 틱 0.550초(클립 31.6%) · 칼끝 최고속 0.547초(클립 31.1%, 203.8 u/s) · 차이(피해 − 최고속) +0.003초 = +0.2틱 · 피해 틱 칼끝 100% · [뾰족0.4%] 90% 이상 프레임 [0] · 곡선 0 0 77 0 [204] 0 0 0 0 0 0 0 0 0 0 0 149 0 0 100 0 72 · 곁들이(피해 틱 기준 초) 타격 소리 -0.007 · 먹 튐 -0.007 · 도장 -0.007 · 반달·고리 — · 검광 끝 +0.159
  · 평타 중 참격 skill_strike: 동작 1.33초 · 예약 피해 0.600초 · 피해 틱 0.607초(클립 46.2%) · 칼끝 최고속 0.583초(클립 44.4%, 227.6 u/s) · 차이(피해 − 최고속) +0.024초 = +1.4틱 · 피해 틱 칼끝 63% · [뾰족0.5%] 90% 이상 프레임 [-3] · 곡선 0 228 0 0 [142] 0 0 0 0 0 0 0 0 0 0 0 80 0 16 0 0 0 0 0 0 0 0 0 0 0 0 0 0 0 0 0 0 0 0 0 0 0 0 0 0 · 곁들이(피해 틱 기준 초) 타격 소리 -0.007 · 먹 튐 -0.007 · 도장 -0.007 · 반달·고리 -0.062 · 검광 끝 +0.145
  · 그림 프레임 간격 가운데 0.0069초 · 가장 긴 0.0965초 (4318프레임)
E2E anim_commit PASS (검사 65)
[Audio] BGM town → town.ogg
[Save] level 못골 마을 → user://save_e2e.json (C:/Users/FORYOUCOM/AppData/Roaming/Godot/app_userdata/Joseon Hunters/wt/codex-630-whirl-structure/save_e2e.json)
[Dev] stairs DungeonEntrance dir=1 world=(0.0, 0.0, -31.0) screen=(2121.067, -492.4143)
[Dev] interact Merchant world=(5.4, 0.0, -2.4) screen=(1047.293, 368.0158)
[Dev] interact Shaman world=(-5.6, 0.0, 0.4) screen=(408.5833, 148.8999)
[Dev] interact Elder world=(2.0, 0.0, -5.6) screen=(1038.037, 191.6542)
[Dev] interact Jumo world=(7.1, 0.0, -1.4) screen=(1079.692, 440.1637)
[Dev] interact StashChest world=(3.3, 0.0, -2.05) screen=(933.8992, 321.2533)
[Dev] interact Waypoint world=(-4.2, 0.0, 2.2) screen=(390.0698, 234.4085)
E2E ▶ player_resource_clock
[Skill] 참격 → mp 96/300
[Skill] 참격 → mp 96/300
E2E player_resource_clock PASS (검사 73)
[Save] level 못골 마을 → user://save_e2e.json (C:/Users/FORYOUCOM/AppData/Roaming/Godot/app_userdata/Joseon Hunters/wt/codex-630-whirl-structure/save_e2e.json)
[Dev] stairs DungeonEntrance dir=1 world=(0.0, 0.0, -31.0) screen=(2121.067, -492.4143)
[Dev] interact Merchant world=(5.4, 0.0, -2.4) screen=(1047.293, 368.0158)
[Dev] interact Shaman world=(-5.6, 0.0, 0.4) screen=(408.5833, 148.8999)
[Dev] interact Elder world=(2.0, 0.0, -5.6) screen=(1038.037, 191.6542)
[Dev] interact Jumo world=(7.1, 0.0, -1.4) screen=(1079.692, 440.1637)
[Dev] interact StashChest world=(3.3, 0.0, -2.05) screen=(933.8992, 321.2533)
[Dev] interact Waypoint world=(-4.2, 0.0, 2.2) screen=(390.0698, 234.4085)
E2E ▶ invisible_sword
[Dungeon] heukrang_gul 1층 lv=2 seed=403727558 gen 64x64 rooms=6 up=(44, 56) down=(7, 23) enemies=20 roster=bandit,bat,talisman_master elites=["방2:금색×3(깊이 0.50)"] named=-
[Quest] heukrang_gul 1층 — 싹쓸이 셈 시작 20 (heukrang_clear:none)
[Audio] BGM dungeon → dungeon_1.ogg
[Save] level 흑랑 굴 1층 → user://save_e2e.json (C:/Users/FORYOUCOM/AppData/Roaming/Godot/app_userdata/Joseon Hunters/wt/codex-630-whirl-structure/save_e2e.json)
[Dev] stairs StairsUp dir=-1 world=(44.5, 0.0, 56.5) screen=(593.7165, 335.9509)
[Dev] stairs StairsDown dir=1 world=(7.5, 0.0, 23.5) screen=(408.583, -1534.551)
[Dev] interact PusJar world=(29.5, 0.0, 42.5) screen=(547.433, -487.0705)
[Dev] interact @Area3D@31930 world=(14.5, 0.0, 24.5) screen=(686.2831, -1368.878)
[Dev] interact @Area3D@31931 world=(23.5, 0.0, 18.5) screen=(1380.534, -1288.714)
[Dev] interact LootChest world=(29.5, 0.0, 39.5) screen=(686.2831, -567.2349)
[Dev] interact @Area3D@31932 world=(40.5, 0.0, 38.5) screen=(1241.683, -300.0204)
[Dev] interact LootPot world=(17.5, 0.0, 43.5) screen=(-54.25064, -781.0067)
[Dev] interact @Area3D@31933 world=(18.5, 0.0, 44.5) screen=(-54.25041, -727.5637)
[Dev] interact @Area3D@31934 world=(19.5, 0.0, 9.5) screen=(1611.95, -1636.093)
[Dev] interact @Area3D@31935 world=(20.5, 0.0, 9.5) screen=(1658.234, -1609.372)
[Dev] interact @Area3D@31936 world=(43.5, 0.0, 60.5) screen=(362.2997, 368.0159)
[Dev] interact @Area3D@31937 world=(43.5, 0.0, 59.5) screen=(408.583, 341.2944)
[Dev] interact @Area3D@31938 world=(21.5, 0.0, 39.5) screen=(316.0163, -781.0065)
[Dev] removed 20 enemies
[Skill] 참격 → mp 46/50
[Skill] 참격 → mp 44/50
[Skill] 참격 → mp 42/50
[Skill] 참격 → mp 40/50
  · ① 순서(시작 뒤 초) 평타 0.00 → 참격 0.60 → 평타 1.93 → 참격 2.53 → 평타 3.87 → 참격 4.47 → 평타 5.80 → 참격 6.40
[Skill] 참격 → mp 46/50
[Skill] 참격 → mp 46/50
[Skill] 돌진베기 → mp 44/50
[Kill] +6 xp (lv 1, 6/20)
[Skill] 회오리베기 → mp 42/50
[Dungeon] heukrang_gul 1층 lv=2 seed=403727558 gen 64x64 rooms=6 up=(44, 56) down=(7, 23) enemies=20 roster=bandit,bat,talisman_master elites=["방2:금색×3(깊이 0.50)"] named=-
[Quest] heukrang_gul 1층 — 싹쓸이 셈 시작 21 (heukrang_clear:none)
[Save] level 흑랑 굴 1층 → user://save_e2e.json (C:/Users/FORYOUCOM/AppData/Roaming/Godot/app_userdata/Joseon Hunters/wt/codex-630-whirl-structure/save_e2e.json)
[Dev] stairs StairsUp dir=-1 world=(44.5, 0.0, 56.5) screen=(593.7165, 335.9509)
[Dev] stairs StairsDown dir=1 world=(7.5, 0.0, 23.5) screen=(408.583, -1534.551)
[Dev] interact PusJar world=(29.5, 0.0, 42.5) screen=(547.433, -487.0705)
[Dev] interact @Area3D@32157 world=(14.5, 0.0, 24.5) screen=(686.2831, -1368.878)
[Dev] interact @Area3D@32158 world=(23.5, 0.0, 18.5) screen=(1380.534, -1288.714)
[Dev] interact LootChest world=(29.5, 0.0, 39.5) screen=(686.2831, -567.2349)
[Dev] interact @Area3D@32159 world=(40.5, 0.0, 38.5) screen=(1241.683, -300.0204)
[Dev] interact LootPot world=(17.5, 0.0, 43.5) screen=(-54.25064, -781.0067)
[Dev] interact @Area3D@32160 world=(18.5, 0.0, 44.5) screen=(-54.25041, -727.5637)
[Dev] interact @Area3D@32161 world=(19.5, 0.0, 9.5) screen=(1611.95, -1636.093)
[Dev] interact @Area3D@32162 world=(20.5, 0.0, 9.5) screen=(1658.234, -1609.372)
[Dev] interact @Area3D@32163 world=(43.5, 0.0, 60.5) screen=(362.2997, 368.0159)
[Dev] interact @Area3D@32164 world=(43.5, 0.0, 59.5) screen=(408.583, 341.2944)
[Dev] interact @Area3D@32165 world=(21.5, 0.0, 39.5) screen=(316.0163, -781.0065)
  · ④ 옛 자리 ↔ 새 자리 24.0유닛 · 층 이동 뒤 피해 0 (옛 자리 허수아비 0) · 곁들이 []
[Dev] removed 21 enemies
[Dev] interact Portal world=(23.5, 0.0, 49.5) screen=(686.2831, 338.775)
[Portal] opened heukrang_gul 1층 pos=(23.5, 0.0, 49.5)
[Click] world=(23.5, 0.0, 49.5) cell=(23, 49)
[Dev] interact Portal world=(-1.2, 0.0, 2.4) screen=(579.8315, 279.835)
[Audio] BGM town → town.ogg
[Save] level 못골 마을 → user://save_e2e.json (C:/Users/FORYOUCOM/AppData/Roaming/Godot/app_userdata/Joseon Hunters/wt/codex-630-whirl-structure/save_e2e.json)
[Portal] travel → motgol 0층 portal={ "area": &"heukrang_gul", "floor": 1, "pos": (23.5, 0.0, 49.5), "returned": false }
[Dev] stairs DungeonEntrance dir=1 world=(0.0, 0.0, -31.0) screen=(2181.236, -532.4963)
[Dev] interact Merchant world=(5.4, 0.0, -2.4) screen=(1107.462, 327.9336)
[Dev] interact Shaman world=(-5.6, 0.0, 0.4) screen=(468.7516, 108.8176)
[Dev] interact Elder world=(2.0, 0.0, -5.6) screen=(1098.205, 151.572)
[Dev] interact Jumo world=(7.1, 0.0, -1.4) screen=(1139.86, 400.0815)
[Dev] interact StashChest world=(3.3, 0.0, -2.05) screen=(994.0676, 281.1711)
[Dev] interact Waypoint world=(-4.2, 0.0, 2.2) screen=(450.2382, 194.3264)
[Dev] interact Portal world=(-1.2, 0.0, 2.4) screen=(579.8315, 279.835)
[Save] level 못골 마을 → user://save_e2e.json (C:/Users/FORYOUCOM/AppData/Roaming/Godot/app_userdata/Joseon Hunters/wt/codex-630-whirl-structure/save_e2e.json)
[Dev] stairs DungeonEntrance dir=1 world=(0.0, 0.0, -31.0) screen=(2121.067, -492.4143)
[Dev] interact Merchant world=(5.4, 0.0, -2.4) screen=(1047.293, 368.0158)
[Dev] interact Shaman world=(-5.6, 0.0, 0.4) screen=(408.5833, 148.8999)
[Dev] interact Elder world=(2.0, 0.0, -5.6) screen=(1038.037, 191.6542)
[Dev] interact Jumo world=(7.1, 0.0, -1.4) screen=(1079.692, 440.1637)
[Dev] interact StashChest world=(3.3, 0.0, -2.05) screen=(933.8992, 321.2533)
[Dev] interact Waypoint world=(-4.2, 0.0, 2.2) screen=(390.0698, 234.4085)
[Dungeon] heukrang_gul 1층 lv=2 seed=403727558 gen 64x64 rooms=6 up=(44, 56) down=(7, 23) enemies=20 roster=bandit,bat,talisman_master elites=["방2:금색×3(깊이 0.50)"] named=-
[Quest] heukrang_gul 1층 — 싹쓸이 셈 시작 20 (heukrang_clear:none)
[Audio] BGM dungeon → dungeon_2.ogg
[Save] level 흑랑 굴 1층 → user://save_e2e.json (C:/Users/FORYOUCOM/AppData/Roaming/Godot/app_userdata/Joseon Hunters/wt/codex-630-whirl-structure/save_e2e.json)
[Dev] stairs StairsUp dir=-1 world=(44.5, 0.0, 56.5) screen=(593.7165, 335.9509)
[Dev] stairs StairsDown dir=1 world=(7.5, 0.0, 23.5) screen=(408.583, -1534.551)
[Dev] interact PusJar world=(29.5, 0.0, 42.5) screen=(547.433, -487.0705)
[Dev] interact @Area3D@32694 world=(14.5, 0.0, 24.5) screen=(686.2831, -1368.878)
[Dev] interact @Area3D@32695 world=(23.5, 0.0, 18.5) screen=(1380.534, -1288.714)
[Dev] interact LootChest world=(29.5, 0.0, 39.5) screen=(686.2831, -567.2349)
[Dev] interact @Area3D@32696 world=(40.5, 0.0, 38.5) screen=(1241.683, -300.0204)
[Dev] interact LootPot world=(17.5, 0.0, 43.5) screen=(-54.25064, -781.0067)
[Dev] interact @Area3D@32697 world=(18.5, 0.0, 44.5) screen=(-54.25041, -727.5637)
[Dev] interact @Area3D@32698 world=(19.5, 0.0, 9.5) screen=(1611.95, -1636.093)
[Dev] interact @Area3D@32699 world=(20.5, 0.0, 9.5) screen=(1658.234, -1609.372)
[Dev] interact @Area3D@32700 world=(43.5, 0.0, 60.5) screen=(362.2997, 368.0159)
[Dev] interact @Area3D@32701 world=(43.5, 0.0, 59.5) screen=(408.583, 341.2944)
[Dev] interact @Area3D@32702 world=(21.5, 0.0, 39.5) screen=(316.0163, -781.0065)
[Dev] removed 20 enemies
[Skill] 회오리베기 → mp 42/50
[Audio] BGM town → town.ogg
[Save] level 못골 마을 → user://save_e2e.json (C:/Users/FORYOUCOM/AppData/Roaming/Godot/app_userdata/Joseon Hunters/wt/codex-630-whirl-structure/save_e2e.json)
[Dev] stairs DungeonEntrance dir=1 world=(0.0, 0.0, -31.0) screen=(2121.067, -492.4143)
[Dev] interact Merchant world=(5.4, 0.0, -2.4) screen=(1047.293, 368.0158)
[Dev] interact Shaman world=(-5.6, 0.0, 0.4) screen=(408.5833, 148.8999)
[Dev] interact Elder world=(2.0, 0.0, -5.6) screen=(1038.037, 191.6542)
[Dev] interact Jumo world=(7.1, 0.0, -1.4) screen=(1079.692, 440.1637)
[Dev] interact StashChest world=(3.3, 0.0, -2.05) screen=(933.8992, 321.2533)
[Dev] interact Waypoint world=(-4.2, 0.0, 2.2) screen=(390.0698, 234.4085)
[Save] level 못골 마을 → user://save_e2e.json (C:/Users/FORYOUCOM/AppData/Roaming/Godot/app_userdata/Joseon Hunters/wt/codex-630-whirl-structure/save_e2e.json)
[Dev] stairs DungeonEntrance dir=1 world=(0.0, 0.0, -31.0) screen=(2121.067, -492.4143)
[Dev] interact Merchant world=(5.4, 0.0, -2.4) screen=(1047.293, 368.0158)
[Dev] interact Shaman world=(-5.6, 0.0, 0.4) screen=(408.5833, 148.8999)
[Dev] interact Elder world=(2.0, 0.0, -5.6) screen=(1038.037, 191.6542)
[Dev] interact Jumo world=(7.1, 0.0, -1.4) screen=(1079.692, 440.1637)
[Dev] interact StashChest world=(3.3, 0.0, -2.05) screen=(933.8992, 321.2533)
[Dev] interact Waypoint world=(-4.2, 0.0, 2.2) screen=(390.0698, 234.4085)
[Dungeon] heukrang_gul 1층 lv=2 seed=403727558 gen 64x64 rooms=6 up=(44, 56) down=(7, 23) enemies=20 roster=bandit,bat,talisman_master elites=["방2:금색×3(깊이 0.50)"] named=-
[Quest] heukrang_gul 1층 — 싹쓸이 셈 시작 20 (heukrang_clear:none)
[Audio] BGM dungeon → dungeon_1.ogg
[Save] level 흑랑 굴 1층 → user://save_e2e.json (C:/Users/FORYOUCOM/AppData/Roaming/Godot/app_userdata/Joseon Hunters/wt/codex-630-whirl-structure/save_e2e.json)
[Dev] stairs StairsUp dir=-1 world=(44.5, 0.0, 56.5) screen=(593.7165, 335.9509)
[Dev] stairs StairsDown dir=1 world=(7.5, 0.0, 23.5) screen=(408.583, -1534.551)
[Dev] interact PusJar world=(29.5, 0.0, 42.5) screen=(547.433, -487.0705)
[Dev] interact @Area3D@33228 world=(14.5, 0.0, 24.5) screen=(686.2831, -1368.878)
[Dev] interact @Area3D@33229 world=(23.5, 0.0, 18.5) screen=(1380.534, -1288.714)
[Dev] interact LootChest world=(29.5, 0.0, 39.5) screen=(686.2831, -567.2349)
[Dev] interact @Area3D@33230 world=(40.5, 0.0, 38.5) screen=(1241.683, -300.0204)
[Dev] interact LootPot world=(17.5, 0.0, 43.5) screen=(-54.25064, -781.0067)
[Dev] interact @Area3D@33231 world=(18.5, 0.0, 44.5) screen=(-54.25041, -727.5637)
[Dev] interact @Area3D@33232 world=(19.5, 0.0, 9.5) screen=(1611.95, -1636.093)
[Dev] interact @Area3D@33233 world=(20.5, 0.0, 9.5) screen=(1658.234, -1609.372)
[Dev] interact @Area3D@33234 world=(43.5, 0.0, 60.5) screen=(362.2997, 368.0159)
[Dev] interact @Area3D@33235 world=(43.5, 0.0, 59.5) screen=(408.583, 341.2944)
[Dev] interact @Area3D@33236 world=(21.5, 0.0, 39.5) screen=(316.0163, -781.0065)
[Dev] removed 20 enemies
[Death] 도호 사망 → 1.2s 뒤 마을 복귀, 엽전 -0
  · ② 평타 — 시작 뒤 0.22초에 쓰러짐 · 그 전 피해 0 · 뒤 피해 0 · 뒤 곁들이 []
[Audio] BGM town → town.ogg
[Save] level 못골 마을 → user://save_e2e.json (C:/Users/FORYOUCOM/AppData/Roaming/Godot/app_userdata/Joseon Hunters/wt/codex-630-whirl-structure/save_e2e.json)
[Dev] stairs DungeonEntrance dir=1 world=(0.0, 0.0, -31.0) screen=(2121.067, -492.4143)
[Dev] interact Merchant world=(5.4, 0.0, -2.4) screen=(1047.293, 368.0158)
[Dev] interact Shaman world=(-5.6, 0.0, 0.4) screen=(408.5833, 148.8999)
[Dev] interact Elder world=(2.0, 0.0, -5.6) screen=(1038.037, 191.6542)
[Dev] interact Jumo world=(7.1, 0.0, -1.4) screen=(1079.692, 440.1637)
[Dev] interact StashChest world=(3.3, 0.0, -2.05) screen=(933.8992, 321.2533)
[Dev] interact Waypoint world=(-4.2, 0.0, 2.2) screen=(390.0698, 234.4085)
[Dungeon] heukrang_gul 1층 lv=2 seed=403727558 gen 64x64 rooms=6 up=(44, 56) down=(7, 23) enemies=20 roster=bandit,bat,talisman_master elites=["방2:금색×3(깊이 0.50)"] named=-
[Quest] heukrang_gul 1층 — 싹쓸이 셈 시작 20 (heukrang_clear:none)
[Audio] BGM dungeon → dungeon_4.ogg
[Save] level 흑랑 굴 1층 → user://save_e2e.json (C:/Users/FORYOUCOM/AppData/Roaming/Godot/app_userdata/Joseon Hunters/wt/codex-630-whirl-structure/save_e2e.json)
[Dev] stairs StairsUp dir=-1 world=(44.5, 0.0, 56.5) screen=(593.7165, 335.9509)
[Dev] stairs StairsDown dir=1 world=(7.5, 0.0, 23.5) screen=(408.583, -1534.551)
[Dev] interact PusJar world=(29.5, 0.0, 42.5) screen=(547.433, -487.0705)
[Dev] interact @Area3D@33601 world=(14.5, 0.0, 24.5) screen=(686.2831, -1368.878)
[Dev] interact @Area3D@33602 world=(23.5, 0.0, 18.5) screen=(1380.534, -1288.714)
[Dev] interact LootChest world=(29.5, 0.0, 39.5) screen=(686.2831, -567.2349)
[Dev] interact @Area3D@33603 world=(40.5, 0.0, 38.5) screen=(1241.683, -300.0204)
[Dev] interact LootPot world=(17.5, 0.0, 43.5) screen=(-54.25064, -781.0067)
[Dev] interact @Area3D@33604 world=(18.5, 0.0, 44.5) screen=(-54.25041, -727.5637)
[Dev] interact @Area3D@33605 world=(19.5, 0.0, 9.5) screen=(1611.95, -1636.093)
[Dev] interact @Area3D@33606 world=(20.5, 0.0, 9.5) screen=(1658.234, -1609.372)
[Dev] interact @Area3D@33607 world=(43.5, 0.0, 60.5) screen=(362.2997, 368.0159)
[Dev] interact @Area3D@33608 world=(43.5, 0.0, 59.5) screen=(408.583, 341.2944)
[Dev] interact @Area3D@33609 world=(21.5, 0.0, 39.5) screen=(316.0163, -781.0065)
[Dev] removed 20 enemies
[Skill] 참격 → mp 46/50
[Death] 도호 사망 → 1.2s 뒤 마을 복귀, 엽전 -0
  · ② 참격 — 시작 뒤 0.32초에 쓰러짐 · 그 전 피해 0 · 뒤 피해 0 · 뒤 곁들이 []
[Audio] BGM town → town.ogg
[Save] level 못골 마을 → user://save_e2e.json (C:/Users/FORYOUCOM/AppData/Roaming/Godot/app_userdata/Joseon Hunters/wt/codex-630-whirl-structure/save_e2e.json)
[Dev] stairs DungeonEntrance dir=1 world=(0.0, 0.0, -31.0) screen=(2121.067, -492.4143)
[Dev] interact Merchant world=(5.4, 0.0, -2.4) screen=(1047.293, 368.0158)
[Dev] interact Shaman world=(-5.6, 0.0, 0.4) screen=(408.5833, 148.8999)
[Dev] interact Elder world=(2.0, 0.0, -5.6) screen=(1038.037, 191.6542)
[Dev] interact Jumo world=(7.1, 0.0, -1.4) screen=(1079.692, 440.1637)
[Dev] interact StashChest world=(3.3, 0.0, -2.05) screen=(933.8992, 321.2533)
[Dev] interact Waypoint world=(-4.2, 0.0, 2.2) screen=(390.0698, 234.4085)
[Dungeon] heukrang_gul 1층 lv=2 seed=403727558 gen 64x64 rooms=6 up=(44, 56) down=(7, 23) enemies=20 roster=bandit,bat,talisman_master elites=["방2:금색×3(깊이 0.50)"] named=-
[Quest] heukrang_gul 1층 — 싹쓸이 셈 시작 20 (heukrang_clear:none)
[Audio] BGM dungeon → dungeon_2.ogg
[Save] level 흑랑 굴 1층 → user://save_e2e.json (C:/Users/FORYOUCOM/AppData/Roaming/Godot/app_userdata/Joseon Hunters/wt/codex-630-whirl-structure/save_e2e.json)
[Dev] stairs StairsUp dir=-1 world=(44.5, 0.0, 56.5) screen=(593.7165, 335.9509)
[Dev] stairs StairsDown dir=1 world=(7.5, 0.0, 23.5) screen=(408.583, -1534.551)
[Dev] interact PusJar world=(29.5, 0.0, 42.5) screen=(547.433, -487.0705)
[Dev] interact @Area3D@33974 world=(14.5, 0.0, 24.5) screen=(686.2831, -1368.878)
[Dev] interact @Area3D@33975 world=(23.5, 0.0, 18.5) screen=(1380.534, -1288.714)
[Dev] interact LootChest world=(29.5, 0.0, 39.5) screen=(686.2831, -567.2349)
[Dev] interact @Area3D@33976 world=(40.5, 0.0, 38.5) screen=(1241.683, -300.0204)
[Dev] interact LootPot world=(17.5, 0.0, 43.5) screen=(-54.25064, -781.0067)
[Dev] interact @Area3D@33977 world=(18.5, 0.0, 44.5) screen=(-54.25041, -727.5637)
[Dev] interact @Area3D@33978 world=(19.5, 0.0, 9.5) screen=(1611.95, -1636.093)
[Dev] interact @Area3D@33979 world=(20.5, 0.0, 9.5) screen=(1658.234, -1609.372)
[Dev] interact @Area3D@33980 world=(43.5, 0.0, 60.5) screen=(362.2997, 368.0159)
[Dev] interact @Area3D@33981 world=(43.5, 0.0, 59.5) screen=(408.583, 341.2944)
[Dev] interact @Area3D@33982 world=(21.5, 0.0, 39.5) screen=(316.0163, -781.0065)
[Dev] removed 20 enemies
[Skill] 회오리베기 → mp 42/50
[Death] 도호 사망 → 1.2s 뒤 마을 복귀, 엽전 -0
  · ② 회오리 — 시작 뒤 0.17초에 쓰러짐 · 그 전 피해 0 · 뒤 피해 0 · 뒤 곁들이 []
[Audio] BGM town → town.ogg
[Save] level 못골 마을 → user://save_e2e.json (C:/Users/FORYOUCOM/AppData/Roaming/Godot/app_userdata/Joseon Hunters/wt/codex-630-whirl-structure/save_e2e.json)
[Dev] stairs DungeonEntrance dir=1 world=(0.0, 0.0, -31.0) screen=(2121.067, -492.4143)
[Dev] interact Merchant world=(5.4, 0.0, -2.4) screen=(1047.293, 368.0158)
[Dev] interact Shaman world=(-5.6, 0.0, 0.4) screen=(408.5833, 148.8999)
[Dev] interact Elder world=(2.0, 0.0, -5.6) screen=(1038.037, 191.6542)
[Dev] interact Jumo world=(7.1, 0.0, -1.4) screen=(1079.692, 440.1637)
[Dev] interact StashChest world=(3.3, 0.0, -2.05) screen=(933.8992, 321.2533)
[Dev] interact Waypoint world=(-4.2, 0.0, 2.2) screen=(390.0698, 234.4085)
[Dungeon] heukrang_gul 1층 lv=2 seed=403727558 gen 64x64 rooms=6 up=(44, 56) down=(7, 23) enemies=20 roster=bandit,bat,talisman_master elites=["방2:금색×3(깊이 0.50)"] named=-
[Quest] heukrang_gul 1층 — 싹쓸이 셈 시작 20 (heukrang_clear:none)
[Audio] BGM dungeon → dungeon_3.ogg
[Save] level 흑랑 굴 1층 → user://save_e2e.json (C:/Users/FORYOUCOM/AppData/Roaming/Godot/app_userdata/Joseon Hunters/wt/codex-630-whirl-structure/save_e2e.json)
[Dev] stairs StairsUp dir=-1 world=(44.5, 0.0, 56.5) screen=(593.7165, 335.9509)
[Dev] stairs StairsDown dir=1 world=(7.5, 0.0, 23.5) screen=(408.583, -1534.551)
[Dev] interact PusJar world=(29.5, 0.0, 42.5) screen=(547.433, -487.0705)
[Dev] interact @Area3D@34347 world=(14.5, 0.0, 24.5) screen=(686.2831, -1368.878)
[Dev] interact @Area3D@34348 world=(23.5, 0.0, 18.5) screen=(1380.534, -1288.714)
[Dev] interact LootChest world=(29.5, 0.0, 39.5) screen=(686.2831, -567.2349)
[Dev] interact @Area3D@34349 world=(40.5, 0.0, 38.5) screen=(1241.683, -300.0204)
[Dev] interact LootPot world=(17.5, 0.0, 43.5) screen=(-54.25064, -781.0067)
[Dev] interact @Area3D@34350 world=(18.5, 0.0, 44.5) screen=(-54.25041, -727.5637)
[Dev] interact @Area3D@34351 world=(19.5, 0.0, 9.5) screen=(1611.95, -1636.093)
[Dev] interact @Area3D@34352 world=(20.5, 0.0, 9.5) screen=(1658.234, -1609.372)
[Dev] interact @Area3D@34353 world=(43.5, 0.0, 60.5) screen=(362.2997, 368.0159)
[Dev] interact @Area3D@34354 world=(43.5, 0.0, 59.5) screen=(408.583, 341.2944)
[Dev] interact @Area3D@34355 world=(21.5, 0.0, 39.5) screen=(316.0163, -781.0065)
[Dev] removed 20 enemies
[Skill] 돌진베기 → mp 44/50
[Death] 도호 사망 → 1.2s 뒤 마을 복귀, 엽전 -0
  · ② 돌진 · 떠나기 전 — 시작 뒤 0.12초에 쓰러짐 · 그 전 피해 0 · 뒤 피해 0 · 뒤 곁들이 []
[Audio] BGM town → town.ogg
[Save] level 못골 마을 → user://save_e2e.json (C:/Users/FORYOUCOM/AppData/Roaming/Godot/app_userdata/Joseon Hunters/wt/codex-630-whirl-structure/save_e2e.json)
[Dev] stairs DungeonEntrance dir=1 world=(0.0, 0.0, -31.0) screen=(2121.067, -492.4143)
[Dev] interact Merchant world=(5.4, 0.0, -2.4) screen=(1047.293, 368.0158)
[Dev] interact Shaman world=(-5.6, 0.0, 0.4) screen=(408.5833, 148.8999)
[Dev] interact Elder world=(2.0, 0.0, -5.6) screen=(1038.037, 191.6542)
[Dev] interact Jumo world=(7.1, 0.0, -1.4) screen=(1079.692, 440.1637)
[Dev] interact StashChest world=(3.3, 0.0, -2.05) screen=(933.8992, 321.2533)
[Dev] interact Waypoint world=(-4.2, 0.0, 2.2) screen=(390.0698, 234.4085)
[Dungeon] heukrang_gul 1층 lv=2 seed=403727558 gen 64x64 rooms=6 up=(44, 56) down=(7, 23) enemies=20 roster=bandit,bat,talisman_master elites=["방2:금색×3(깊이 0.50)"] named=-
[Quest] heukrang_gul 1층 — 싹쓸이 셈 시작 20 (heukrang_clear:none)
[Audio] BGM dungeon → dungeon_1.ogg
[Save] level 흑랑 굴 1층 → user://save_e2e.json (C:/Users/FORYOUCOM/AppData/Roaming/Godot/app_userdata/Joseon Hunters/wt/codex-630-whirl-structure/save_e2e.json)
[Dev] stairs StairsUp dir=-1 world=(44.5, 0.0, 56.5) screen=(593.7165, 335.9509)
[Dev] stairs StairsDown dir=1 world=(7.5, 0.0, 23.5) screen=(408.583, -1534.551)
[Dev] interact PusJar world=(29.5, 0.0, 42.5) screen=(547.433, -487.0705)
[Dev] interact @Area3D@34720 world=(14.5, 0.0, 24.5) screen=(686.2831, -1368.878)
[Dev] interact @Area3D@34721 world=(23.5, 0.0, 18.5) screen=(1380.534, -1288.714)
[Dev] interact LootChest world=(29.5, 0.0, 39.5) screen=(686.2831, -567.2349)
[Dev] interact @Area3D@34722 world=(40.5, 0.0, 38.5) screen=(1241.683, -300.0204)
[Dev] interact LootPot world=(17.5, 0.0, 43.5) screen=(-54.25064, -781.0067)
[Dev] interact @Area3D@34723 world=(18.5, 0.0, 44.5) screen=(-54.25041, -727.5637)
[Dev] interact @Area3D@34724 world=(19.5, 0.0, 9.5) screen=(1611.95, -1636.093)
[Dev] interact @Area3D@34725 world=(20.5, 0.0, 9.5) screen=(1658.234, -1609.372)
[Dev] interact @Area3D@34726 world=(43.5, 0.0, 60.5) screen=(362.2997, 368.0159)
[Dev] interact @Area3D@34727 world=(43.5, 0.0, 59.5) screen=(408.583, 341.2944)
[Dev] interact @Area3D@34728 world=(21.5, 0.0, 39.5) screen=(316.0163, -781.0065)
[Dev] removed 20 enemies
[Skill] 돌진베기 → mp 44/50
[Death] 도호 사망 → 1.2s 뒤 마을 복귀, 엽전 -0
  · ② 돌진 · 도약 중 — 시작 뒤 0.47초에 쓰러짐 · 그 전 피해 0 · 뒤 피해 0 · 뒤 곁들이 []
[Audio] BGM town → town.ogg
[Save] level 못골 마을 → user://save_e2e.json (C:/Users/FORYOUCOM/AppData/Roaming/Godot/app_userdata/Joseon Hunters/wt/codex-630-whirl-structure/save_e2e.json)
[Dev] stairs DungeonEntrance dir=1 world=(0.0, 0.0, -31.0) screen=(2121.067, -492.4143)
[Dev] interact Merchant world=(5.4, 0.0, -2.4) screen=(1047.293, 368.0158)
[Dev] interact Shaman world=(-5.6, 0.0, 0.4) screen=(408.5833, 148.8999)
[Dev] interact Elder world=(2.0, 0.0, -5.6) screen=(1038.037, 191.6542)
[Dev] interact Jumo world=(7.1, 0.0, -1.4) screen=(1079.692, 440.1637)
[Dev] interact StashChest world=(3.3, 0.0, -2.05) screen=(933.8992, 321.2533)
[Dev] interact Waypoint world=(-4.2, 0.0, 2.2) screen=(390.0698, 234.4085)
[Dungeon] heukrang_gul 1층 lv=2 seed=403727558 gen 64x64 rooms=6 up=(44, 56) down=(7, 23) enemies=20 roster=bandit,bat,talisman_master elites=["방2:금색×3(깊이 0.50)"] named=-
[Quest] heukrang_gul 1층 — 싹쓸이 셈 시작 20 (heukrang_clear:none)
[Audio] BGM dungeon → dungeon_3.ogg
[Save] level 흑랑 굴 1층 → user://save_e2e.json (C:/Users/FORYOUCOM/AppData/Roaming/Godot/app_userdata/Joseon Hunters/wt/codex-630-whirl-structure/save_e2e.json)
[Dev] stairs StairsUp dir=-1 world=(44.5, 0.0, 56.5) screen=(593.7165, 335.9509)
[Dev] stairs StairsDown dir=1 world=(7.5, 0.0, 23.5) screen=(408.583, -1534.551)
[Dev] interact PusJar world=(29.5, 0.0, 42.5) screen=(547.433, -487.0705)
[Dev] interact @Area3D@35093 world=(14.5, 0.0, 24.5) screen=(686.2831, -1368.878)
[Dev] interact @Area3D@35094 world=(23.5, 0.0, 18.5) screen=(1380.534, -1288.714)
[Dev] interact LootChest world=(29.5, 0.0, 39.5) screen=(686.2831, -567.2349)
[Dev] interact @Area3D@35095 world=(40.5, 0.0, 38.5) screen=(1241.683, -300.0204)
[Dev] interact LootPot world=(17.5, 0.0, 43.5) screen=(-54.25064, -781.0067)
[Dev] interact @Area3D@35096 world=(18.5, 0.0, 44.5) screen=(-54.25041, -727.5637)
[Dev] interact @Area3D@35097 world=(19.5, 0.0, 9.5) screen=(1611.95, -1636.093)
[Dev] interact @Area3D@35098 world=(20.5, 0.0, 9.5) screen=(1658.234, -1609.372)
[Dev] interact @Area3D@35099 world=(43.5, 0.0, 60.5) screen=(362.2997, 368.0159)
[Dev] interact @Area3D@35100 world=(43.5, 0.0, 59.5) screen=(408.583, 341.2944)
[Dev] interact @Area3D@35101 world=(21.5, 0.0, 39.5) screen=(316.0163, -781.0065)
[Dev] removed 20 enemies
[Talisman] 화염부 → 적 (23.7, 0.0, 49.5) (배율 1.20 · 아낌 false · 흩뿌리기 {  })
[Death] 도호 사망 → 1.2s 뒤 마을 복귀, 엽전 -0
  · ② 부적 시전 — 시작 뒤 0.27초에 쓰러짐 · 그 전 피해 0 · 뒤 피해 0 · 뒤 곁들이 []
[Audio] BGM town → town.ogg
[Save] level 못골 마을 → user://save_e2e.json (C:/Users/FORYOUCOM/AppData/Roaming/Godot/app_userdata/Joseon Hunters/wt/codex-630-whirl-structure/save_e2e.json)
[Dev] stairs DungeonEntrance dir=1 world=(0.0, 0.0, -31.0) screen=(2121.067, -492.4143)
[Dev] interact Merchant world=(5.4, 0.0, -2.4) screen=(1047.293, 368.0158)
[Dev] interact Shaman world=(-5.6, 0.0, 0.4) screen=(408.5833, 148.8999)
[Dev] interact Elder world=(2.0, 0.0, -5.6) screen=(1038.037, 191.6542)
[Dev] interact Jumo world=(7.1, 0.0, -1.4) screen=(1079.692, 440.1637)
[Dev] interact StashChest world=(3.3, 0.0, -2.05) screen=(933.8992, 321.2533)
[Dev] interact Waypoint world=(-4.2, 0.0, 2.2) screen=(390.0698, 234.4085)
E2E invisible_sword PASS (검사 68)
[Save] level 못골 마을 → user://save_e2e.json (C:/Users/FORYOUCOM/AppData/Roaming/Godot/app_userdata/Joseon Hunters/wt/codex-630-whirl-structure/save_e2e.json)
[Dev] stairs DungeonEntrance dir=1 world=(0.0, 0.0, -31.0) screen=(2121.067, -492.4143)
[Dev] interact Merchant world=(5.4, 0.0, -2.4) screen=(1047.293, 368.0158)
[Dev] interact Shaman world=(-5.6, 0.0, 0.4) screen=(408.5833, 148.8999)
[Dev] interact Elder world=(2.0, 0.0, -5.6) screen=(1038.037, 191.6542)
[Dev] interact Jumo world=(7.1, 0.0, -1.4) screen=(1079.692, 440.1637)
[Dev] interact StashChest world=(3.3, 0.0, -2.05) screen=(933.8992, 321.2533)
[Dev] interact Waypoint world=(-4.2, 0.0, 2.2) screen=(390.0698, 234.4085)
E2E ▶ heavy_react
[Dungeon] heukrang_gul 1층 lv=2 seed=403727558 gen 64x64 rooms=6 up=(44, 56) down=(7, 23) enemies=20 roster=bandit,bat,talisman_master elites=["방2:금색×3(깊이 0.50)"] named=-
[Quest] heukrang_gul 1층 — 싹쓸이 셈 시작 20 (heukrang_clear:none)
[Audio] BGM dungeon → dungeon_4.ogg
[Save] level 흑랑 굴 1층 → user://save_e2e.json (C:/Users/FORYOUCOM/AppData/Roaming/Godot/app_userdata/Joseon Hunters/wt/codex-630-whirl-structure/save_e2e.json)
[Dev] stairs StairsUp dir=-1 world=(44.5, 0.0, 56.5) screen=(593.7165, 335.9509)
[Dev] stairs StairsDown dir=1 world=(7.5, 0.0, 23.5) screen=(408.583, -1534.551)
[Dev] interact PusJar world=(29.5, 0.0, 42.5) screen=(547.433, -487.0705)
[Dev] interact @Area3D@35627 world=(14.5, 0.0, 24.5) screen=(686.2831, -1368.878)
[Dev] interact @Area3D@35628 world=(23.5, 0.0, 18.5) screen=(1380.534, -1288.714)
[Dev] interact LootChest world=(29.5, 0.0, 39.5) screen=(686.2831, -567.2349)
[Dev] interact @Area3D@35629 world=(40.5, 0.0, 38.5) screen=(1241.683, -300.0204)
[Dev] interact LootPot world=(17.5, 0.0, 43.5) screen=(-54.25064, -781.0067)
[Dev] interact @Area3D@35630 world=(18.5, 0.0, 44.5) screen=(-54.25041, -727.5637)
[Dev] interact @Area3D@35631 world=(19.5, 0.0, 9.5) screen=(1611.95, -1636.093)
[Dev] interact @Area3D@35632 world=(20.5, 0.0, 9.5) screen=(1658.234, -1609.372)
[Dev] interact @Area3D@35633 world=(43.5, 0.0, 60.5) screen=(362.2997, 368.0159)
[Dev] interact @Area3D@35634 world=(43.5, 0.0, 59.5) screen=(408.583, 341.2944)
[Dev] interact @Area3D@35635 world=(21.5, 0.0, 39.5) screen=(316.0163, -781.0065)
[Dev] removed 20 enemies
  · ① 평타 1타: 뜬 높이 0.00 · 앞 0.22 · 옆 0.00 · 밀림 속도 3.67 · 반응 0.37초 · 클립 hit, run · 공격 0
  · ② 평타 3타: 뜬 높이 0.00 · 앞 0.33 · 옆 0.03 · 밀림 속도 5.50 · 반응 0.37초 · 클립 hit, run · 공격 0
  · ③ 강타(참격): 뜬 높이 0.52 · 앞 1.40 · 옆 0.00 · 밀림 속도 0.00 · 반응 1.45초 · 클립 hit, die, idle · 공격 0
  · ④ 회오리: 뜬 높이 0.47 · 앞 1.20 · 옆 0.00 · 밀림 속도 0.00 · 반응 1.42초 · 클립 hit, die, idle · 공격 0
  · ⑤ 돌진베기: 뜬 높이 0.00 · 앞 0.22 · 옆 0.00 · 밀림 속도 3.67 · 반응 0.37초 · 클립 hit, run · 공격 0
  · ⑥ 부적술사 강타: 뜬 높이 0.52 · 앞 1.40 · 옆 0.00 · 밀림 속도 0.00 · 반응 1.45초 · 클립 attack, die, idle · 공격 0
  · ⑦ 박쥐 강타: 뜬 높이 0.69 · 앞 1.96 · 옆 0.00 · 밀림 속도 0.00 · 반응 1.55초 · 클립  · 공격 0
  · ⑧ 흑랑 강타(제외): 뜬 높이 0.00 · 앞 0.08 · 옆 0.00 · 밀림 속도 1.33 · 반응 0.13초 · 클립 hit, idle · 공격 0
  · ⑨ 쿨다운 3.0초: 넘어져 있는 1.45초 + 쿨다운 = 한 판 4.45초 중 33%가 누움 (쿨다운 0이면 강타 쿨 1.5초에 걸려 97%)
  · ⑫ 돌진베기 넘어뜨리기 시험: 적 3.19u에서 맞아 4.49u에 누움 · 도호는 5.00u에 섬 → 사이 0.51u (겹침 문턱 0.80u) · 날아가는 내내 가장 가까웠던 거리 0.51u
  · ── 표 | 타격 · 적 | 뜬 높이 | 앞 거리 | 밀림 속도 | 반응 | 클립
  · 표 | ① 평타 1타 · 산적 | 0.00 | 0.22 | 3.67 | 0.37초 | hit, run
  · 표 | ② 평타 3타 · 산적 | 0.00 | 0.33 | 5.50 | 0.37초 | hit, run
  · 표 | ③ 강타(참격) · 산적 | 0.52 | 1.40 | 0.00 | 1.45초 | hit, die, idle
  · 표 | ④ 회오리 · 산적 | 0.47 | 1.20 | 0.00 | 1.42초 | hit, die, idle
  · 표 | ⑤ 돌진베기 · 산적 | 0.00 | 0.22 | 3.67 | 0.37초 | hit, run
  · 표 | ⑥ 강타 · 부적술사 | 0.52 | 1.40 | 0.00 | 1.45초 | attack, die, idle
  · 표 | ⑦ 강타 · 박쥐 | 0.69 | 1.96 | 0.00 | 1.55초 | (없음)
  · 표 | ⑧ 강타 · 흑랑(제외) | 0.00 | 0.08 | 1.33 | 0.13초 | hit, idle
  · §6.6 구현 있음(2단계 판정선) · 넘어짐 = 날아감 + 누움 0.5초 + 일어남 0.45초 · 쿨다운 3.0초
E2E heavy_react PASS (검사 97)
[Audio] BGM town → town.ogg
[Save] level 못골 마을 → user://save_e2e.json (C:/Users/FORYOUCOM/AppData/Roaming/Godot/app_userdata/Joseon Hunters/wt/codex-630-whirl-structure/save_e2e.json)
[Dev] stairs DungeonEntrance dir=1 world=(0.0, 0.0, -31.0) screen=(2121.067, -492.4143)
[Dev] interact Merchant world=(5.4, 0.0, -2.4) screen=(1047.293, 368.0158)
[Dev] interact Shaman world=(-5.6, 0.0, 0.4) screen=(408.5833, 148.8999)
[Dev] interact Elder world=(2.0, 0.0, -5.6) screen=(1038.037, 191.6542)
[Dev] interact Jumo world=(7.1, 0.0, -1.4) screen=(1079.692, 440.1637)
[Dev] interact StashChest world=(3.3, 0.0, -2.05) screen=(933.8992, 321.2533)
[Dev] interact Waypoint world=(-4.2, 0.0, 2.2) screen=(390.0698, 234.4085)
E2E ▶ pack_ai
[Dev] item 화염부 world=(32.5, 0.0, 70.5) screen=(-1072.484, 3072.227)
[Dev] item 빙결부 world=(33.5, 0.0, 69.5) screen=(-979.9173, 3072.227)
[Field] deulnyeok seed=355022911 128x128 props=2252 packs=18 enemies=77 waypoint=(62, 65) roster=bandit,bat,talisman_master elites=["13:파란×4@구간3"]
[Audio] BGM dungeon → dungeon_2.ogg
[Save] level 못골 들녘 → user://save_e2e.json (C:/Users/FORYOUCOM/AppData/Roaming/Godot/app_userdata/Joseon Hunters/wt/codex-630-whirl-structure/save_e2e.json)
[Dev] stairs Down_cave dir=1 world=(88.5, 0.0, 3.5) screen=(7212.236, 897.1014)
[Dev] interact Waypoint world=(62.5, 0.0, 65.5) screen=(3139.301, 1810.974)
[Dev] interact FloorItem world=(32.5, 0.0, 70.5) screen=(1519.384, 1142.938)
[Dev] interact @Area3D@36324 world=(33.5, 0.0, 69.5) screen=(1611.95, 1142.938)
[Dev] interact PusJar world=(95.5, 0.0, 103.5) screen=(2907.884, 3708.197)
[Dev] interact @Area3D@36551 world=(101.5, 0.0, 105.5) screen=(3093.018, 3921.969)
[Dev] interact @Area3D@36552 world=(98.5, 0.0, 107.5) screen=(2861.601, 3895.247)
[Dev] interact LootChest world=(27.5, 0.0, 70.5) screen=(1287.967, 1009.331)
[Dev] interact @Area3D@36553 world=(94.5, 0.0, 100.5) screen=(3000.451, 3601.312)
[Dev] interact @Area3D@36554 world=(55.5, 0.0, 52.5) screen=(3417.001, 1276.545)
[Dev] interact LootPot world=(46.5, 0.0, 68.5) screen=(2259.917, 1463.595)
[Dev] interact @Area3D@36555 world=(73.5, 0.0, 47.5) screen=(4481.519, 1623.924)
[Dev] interact @Area3D@36556 world=(90.5, 0.0, 47.5) screen=(5268.335, 2078.189)
[Dev] interact @Area3D@36557 world=(111.5, 0.0, 49.5) screen=(6147.719, 2692.782)
[Dev] interact @Area3D@36558 world=(101.5, 0.0, 101.5) screen=(3278.151, 3815.083)
[Dev] interact @Area3D@36559 world=(86.5, 0.0, 76.5) screen=(3740.984, 2746.225)
[Dev] interact @Area3D@36560 world=(53.5, 0.0, 52.5) screen=(3324.434, 1223.102)
[Dev] interact @Area3D@36561 world=(87.5, 0.0, 95.5) screen=(2907.884, 3280.654)
[Dev] interact @Area3D@36562 world=(26.5, 0.0, 66.5) screen=(1426.817, 875.7234)
[Dev] interact @Area3D@36563 world=(17.5, 0.0, 60.5) screen=(1287.967, 474.9016)
[Dev] interact @Area3D@36564 world=(86.5, 0.0, 22.5) screen=(6240.286, 1303.266)
[Dev] interact @Area3D@36565 world=(59.5, 0.0, 65.5) screen=(3000.451, 1730.81)
[Dev] interact @Area3D@36566 world=(18.5, 0.0, 74.5) screen=(686.2832, 875.7234)
[Dev] interact @Area3D@36567 world=(44.5, 0.0, 69.5) screen=(2121.067, 1436.874)
[Dev] interact @Area3D@36568 world=(73.5, 0.0, 49.5) screen=(4388.952, 1677.367)
[Dev] interact @Area3D@36569 world=(88.5, 0.0, 52.5) screen=(4944.352, 2158.353)
[Dev] removed 77 enemies
  · 띠 첫 자리 (18.5, 0.0, 64.5)
  · §13.4.1 구현 있음 — 판정선을 본다
[Dev] removed 0 enemies
[Dev] removed 6 enemies
[Dev] removed 1 enemies
[Dev] removed 0 enemies
[Audio] 전투 밀집 — 노리는 무게 5 ≥ 5 → dungeon_tense
[Audio] BGM dungeon_tense → dungeon_tense.ogg
[Kill] +46 xp (lv 2, 26/57)
[LevelUp] lv=2 stat_pts=5 skill_pts=1
[Dev] item 엽전 world=(34.54324, 0.0, 65.31499) screen=(696.8471, 420.3642)
[Dev] item 엽전 world=(34.54324, 0.0, 65.31499) screen=(696.8471, 420.3642)
[Dev] item 미식별 짚신 world=(34.54324, 0.0, 65.31499) screen=(696.8471, 420.3642)
[Dev] item 엽전 world=(34.54324, 0.0, 65.31499) screen=(696.8471, 420.3642)
[Dev] item 탕약 — 쌍화탕 world=(34.54324, 0.0, 65.31499) screen=(696.8471, 420.3642)
[Dev] item 미식별 은가락지 world=(34.54324, 0.0, 65.31499) screen=(696.8471, 420.3642)
[Audio] 같은 순간 같은 큐 상한(3) 넘침 — drop ×1 (버림 누계 347)
[Dev] removed 4 enemies
[Dev] removed 0 enemies
[Kill] +37 xp (lv 3, 6/104)
[LevelUp] lv=3 stat_pts=10 skill_pts=2
[Dev] item 탕약 — 쌍화탕 world=(35.5, 0.0, 64.5) screen=(778.8499, 424.4492)
[Dev] item 철검 world=(35.5, 0.0, 64.5) screen=(778.8499, 424.4492)
[Dev] item 인장 world=(35.5, 0.0, 64.5) screen=(778.8499, 424.4492)
[Dev] removed 3 enemies
[Dev] removed 0 enemies
[Dev] removed 0 enemies
  · ── 표 (§13.4.1 전/후)
  · 표 | ① 무리 어그로: 한 대 뒤 깬 A 3/3 · B 0/3 · 신호 1+2 · 4.5초 뒤 A 곁 3/3 · B 깸 0
  · 표 | ② 놓침: 붙은 뒤 도호 24.9u 밖 → LOST 6.02초 · 도호 쪽 끝 x +5.75 (본 자리 +6.00) · 두리번 3.02초(517°) · 쉼 = 본 자리 0.25u · 처음 자리 8.75u · 숨음 → LOST 0.02초
  · 표 | ③ 흩어짐: 하수인 셋 — 멀어진 거리(가장 적은 몸) +5.47u · 흩어지는 2.5초 동안 공격 시작 0 · 돌아옴 [2.51666666666438, 2.51666666666438, 2.51666666666438] · 4.5초 뒤 다시 다가옴 3/3 · 곁(3칸) 2/3 · 박쥐 흩어짐 false
  · 표 | ④ 넘어뜨림: 산적 선딜 넘어짐 true · 한 대 0 | 우두머리 선딜 넘어짐 false · 선딜 그대로 true · 한 대 1 | 쫓던 우두머리 넘어짐 false · 경직 0.11초 · 넉백 속도 1.10 | 흑랑 넘어짐 false
E2E pack_ai PASS (검사 46)
[Audio] BGM town → town.ogg
[Save] level 못골 마을 → user://save_e2e.json (C:/Users/FORYOUCOM/AppData/Roaming/Godot/app_userdata/Joseon Hunters/wt/codex-630-whirl-structure/save_e2e.json)
[Dev] stairs DungeonEntrance dir=1 world=(0.0, 0.0, -31.0) screen=(2121.067, -492.4143)
[Dev] interact Merchant world=(5.4, 0.0, -2.4) screen=(1047.293, 368.0158)
[Dev] interact Shaman world=(-5.6, 0.0, 0.4) screen=(408.5833, 148.8999)
[Dev] interact Elder world=(2.0, 0.0, -5.6) screen=(1038.037, 191.6542)
[Dev] interact Jumo world=(7.1, 0.0, -1.4) screen=(1079.692, 440.1637)
[Dev] interact StashChest world=(3.3, 0.0, -2.05) screen=(933.8992, 321.2533)
[Dev] interact Waypoint world=(-4.2, 0.0, 2.2) screen=(390.0698, 234.4085)
E2E ▶ kill_slump
[Dungeon] heukrang_gul 1층 lv=2 seed=403727558 gen 64x64 rooms=6 up=(44, 56) down=(7, 23) enemies=20 roster=bandit,bat,talisman_master elites=["방2:금색×3(깊이 0.50)"] named=-
[Quest] heukrang_gul 1층 — 싹쓸이 셈 시작 20 (heukrang_clear:none)
[Audio] BGM dungeon → dungeon_3.ogg
[Save] level 흑랑 굴 1층 → user://save_e2e.json (C:/Users/FORYOUCOM/AppData/Roaming/Godot/app_userdata/Joseon Hunters/wt/codex-630-whirl-structure/save_e2e.json)
[Dev] stairs StairsUp dir=-1 world=(44.5, 0.0, 56.5) screen=(593.7165, 335.9509)
[Dev] stairs StairsDown dir=1 world=(7.5, 0.0, 23.5) screen=(408.583, -1534.551)
[Dev] interact PusJar world=(29.5, 0.0, 42.5) screen=(547.433, -487.0705)
[Dev] interact @Area3D@36997 world=(14.5, 0.0, 24.5) screen=(686.2831, -1368.878)
[Dev] interact @Area3D@36998 world=(23.5, 0.0, 18.5) screen=(1380.534, -1288.714)
[Dev] interact LootChest world=(29.5, 0.0, 39.5) screen=(686.2831, -567.2349)
[Dev] interact @Area3D@36999 world=(40.5, 0.0, 38.5) screen=(1241.683, -300.0204)
[Dev] interact LootPot world=(17.5, 0.0, 43.5) screen=(-54.25064, -781.0067)
[Dev] interact @Area3D@37000 world=(18.5, 0.0, 44.5) screen=(-54.25041, -727.5637)
[Dev] interact @Area3D@37001 world=(19.5, 0.0, 9.5) screen=(1611.95, -1636.093)
[Dev] interact @Area3D@37002 world=(20.5, 0.0, 9.5) screen=(1658.234, -1609.372)
[Dev] interact @Area3D@37003 world=(43.5, 0.0, 60.5) screen=(362.2997, 368.0159)
[Dev] interact @Area3D@37004 world=(43.5, 0.0, 59.5) screen=(408.583, 341.2944)
[Dev] interact @Area3D@37005 world=(21.5, 0.0, 39.5) screen=(316.0163, -781.0065)
[Dev] removed 20 enemies
[Kill] +6 xp (lv 1, 6/20)
[Dev] item 엽전 world=(43.6, 0.0, 56.5) screen=(598.3447, 320.1827)
[Save] quest → user://save_e2e.json (C:/Users/FORYOUCOM/AppData/Roaming/Godot/app_userdata/Joseon Hunters/wt/codex-630-whirl-structure/save_e2e.json)
[Quest] heukrang_clear 싹쓸이 완료 (none → killed)
  · ① 평타 막타: 누움 0.79초 · 이동 0.00 · 누운 골반 0.12 · 비틀림 0
[Kill] +6 xp (lv 1, 12/20)
[Dev] item 엽전 world=(43.6, 0.0, 57.7) screen=(542.8046, 352.0051)
[Dev] item 패랭이 world=(43.6, 0.0, 57.7) screen=(542.8046, 352.0051)
[Dev] item 식별부 world=(43.6, 0.0, 57.7) screen=(542.8046, 352.0051)
[Kill] +6 xp (lv 1, 18/20)
[Kill] +6 xp (lv 2, 4/57)
[LevelUp] lv=2 stat_pts=5 skill_pts=1
[Dev] item 엽전 world=(45.7, 0.0, 57.85) screen=(633.0574, 412.1284)
[Kill] +6 xp (lv 2, 10/57)
[Dev] item 엽전 world=(45.7, 0.0, 56.95) screen=(674.7123, 388.0791)
[Kill] +6 xp (lv 2, 16/57)
[Dev] item 엽전 world=(45.7, 0.0, 56.05) screen=(716.3675, 364.0298)
[Dev] item 목검 world=(45.7, 0.0, 56.05) screen=(716.3675, 364.0298)
[Kill] +6 xp (lv 2, 22/57)
[Dev] item 무명띠 world=(45.7, 0.0, 55.15) screen=(758.0224, 339.9805)
[Dev] item 탕약 — 쌍화탕 world=(45.7, 0.0, 55.15) screen=(758.0224, 339.9805)
[Kill] +6 xp (lv 2, 28/57)
[Dev] item 영약 — 생맥산 world=(45.7, 0.0, 54.25) screen=(799.6775, 315.9312)
  · ② 비틀림 갈래 [-1, 0, 1, -1, 0, 1] · 누운 방향 [-25.9999986745346, -0.00000250447817, 26.0000004957675, -25.9999986745346, -0.00000250447817, 26.0000004957675]°
[Kill] +5 xp (lv 2, 33/57)
[Dev] item 엽전 world=(43.6, 0.0, 55.3) screen=(653.8848, 287.8731)
[Kill] +6 xp (lv 2, 39/57)
[Dev] item 엽전 world=(43.6, 0.0, 56.5) screen=(598.3447, 319.9388)
[Dev] item 탕약 — 쌍화탕 world=(43.6, 0.0, 56.5) screen=(598.3447, 319.9388)
[Kill] +6 xp (lv 2, 45/57)
[Dev] item 엽전 world=(43.6, 0.0, 57.7) screen=(542.8046, 352.0046)
[Dev] item 미식별 무명옷 world=(43.6, 0.0, 57.7) screen=(542.8046, 352.0046)
[Dev] item 탕약 — 쌍화탕 world=(43.6, 0.0, 57.7) screen=(542.8046, 352.0046)
[Kill] +5 xp (lv 2, 50/57)
[Dev] item 무명띠 world=(43.6, 0.0, 54.1) screen=(709.4249, 255.8073)
  · ⑥ 박쥐 평타: 이동 0.00 · 모델 높이 0.93 → 0.19
[Kill] +120 xp (lv 4, 9/160)
[LevelUp] lv=4 stat_pts=15 skill_pts=3
[Dev] item 탕약 — 쌍화탕 world=(44.5, 0.0, 54.5) screen=(732.5665, 290.5453)
[Dev] item 탕약 — 쌍화탕 world=(44.5, 0.0, 54.5) screen=(732.5665, 290.5453)
[Dev] item 탕약 — 쌍화탕 world=(44.5, 0.0, 54.5) screen=(732.5665, 290.5453)
[Dev] item 식별부 world=(44.5, 0.0, 54.5) screen=(732.5665, 290.5453)
[Dev] item 깨진 백옥 world=(44.5, 0.0, 54.5) screen=(732.5665, 290.5453)
[Dev] item 흑랑 이빨 world=(44.5, 0.0, 54.5) screen=(732.5665, 290.5453)
[Dev] item 수복 world=(44.5, 0.0, 54.5) screen=(732.5665, 290.5453)
[Dev] item 미식별 은가락지 world=(44.5, 0.0, 54.5) screen=(732.5665, 290.5453)
[Dev] item 미식별 피주 world=(44.5, 0.0, 54.5) screen=(732.5665, 290.5453)
[Dev] item 미식별 옥패 world=(44.5, 0.0, 54.5) screen=(732.5665, 290.5453)
[Loot] 보스 전용 유니크 — boss_heukrang 첫 처치 → u_heukrang_fang (회차 1)
[Dev] item 흑랑의 봉인패 world=(44.5, 0.0, 54.5) screen=(732.5665, 290.5453)
[Dev] item 엽전 world=(44.5, 0.0, 54.5) screen=(732.5665, 290.5453)
[Save] boss → user://save_e2e.json (C:/Users/FORYOUCOM/AppData/Roaming/Godot/app_userdata/Joseon Hunters/wt/codex-630-whirl-structure/save_e2e.json)
[Boss] killed area= level=1 flags={ "opening_pending": false, "story": { "entered/motgol": true, "entered/heukrang_gul": true }, "quest": { "heukrang_clear": { "state": "killed", "left": 0, "barked": false }, "heukrang_seal": { "state": "killed" }, "heukrang_thanks": { "state": "killed" } }, "seal:boss_heukrang": 1, "boss_killed_": true }
[Audio] 같은 순간 같은 큐 상한(3) 넘침 — drop ×6 (버림 누계 353)
[Kill] +6 xp (lv 4, 15/160)
[Dev] item 엽전 world=(43.6, 0.0, 56.5) screen=(598.3447, 319.9388)
  · 시체 10 · 핏자국 14 (상한 32) · 피 튐 크기 1.00
E2E kill_slump PASS (검사 51)
[Audio] BGM town → town.ogg
[Save] level 못골 마을 → user://save_e2e.json (C:/Users/FORYOUCOM/AppData/Roaming/Godot/app_userdata/Joseon Hunters/wt/codex-630-whirl-structure/save_e2e.json)
[Dev] stairs DungeonEntrance dir=1 world=(0.0, 0.0, -31.0) screen=(2121.067, -492.4143)
[Dev] interact Merchant world=(5.4, 0.0, -2.4) screen=(1047.293, 368.0158)
[Dev] interact Shaman world=(-5.6, 0.0, 0.4) screen=(408.5833, 148.8999)
[Dev] interact Elder world=(2.0, 0.0, -5.6) screen=(1038.037, 191.6542)
[Dev] interact Jumo world=(7.1, 0.0, -1.4) screen=(1079.692, 440.1637)
[Dev] interact StashChest world=(3.3, 0.0, -2.05) screen=(933.8992, 321.2533)
[Dev] interact Waypoint world=(-4.2, 0.0, 2.2) screen=(390.0698, 234.4085)
E2E ▶ kill_bisect
[Dungeon] heukrang_gul 1층 lv=2 seed=403727558 gen 64x64 rooms=6 up=(44, 56) down=(7, 23) enemies=20 roster=bandit,bat,talisman_master elites=["방2:금색×3(깊이 0.50)"] named=-
[Quest] heukrang_gul 1층 — 싹쓸이 셈 시작 20 (heukrang_clear:none)
[Audio] BGM dungeon → dungeon_1.ogg
[Save] level 흑랑 굴 1층 → user://save_e2e.json (C:/Users/FORYOUCOM/AppData/Roaming/Godot/app_userdata/Joseon Hunters/wt/codex-630-whirl-structure/save_e2e.json)
[Dev] stairs StairsUp dir=-1 world=(44.5, 0.0, 56.5) screen=(593.7165, 335.9509)
[Dev] stairs StairsDown dir=1 world=(7.5, 0.0, 23.5) screen=(408.583, -1534.551)
[Dev] interact PusJar world=(29.5, 0.0, 42.5) screen=(547.433, -487.0705)
[Dev] interact @Area3D@37476 world=(14.5, 0.0, 24.5) screen=(686.2831, -1368.878)
[Dev] interact @Area3D@37477 world=(23.5, 0.0, 18.5) screen=(1380.534, -1288.714)
[Dev] interact LootChest world=(29.5, 0.0, 39.5) screen=(686.2831, -567.2349)
[Dev] interact @Area3D@37478 world=(40.5, 0.0, 38.5) screen=(1241.683, -300.0204)
[Dev] interact LootPot world=(17.5, 0.0, 43.5) screen=(-54.25064, -781.0067)
[Dev] interact @Area3D@37479 world=(18.5, 0.0, 44.5) screen=(-54.25041, -727.5637)
[Dev] interact @Area3D@37480 world=(19.5, 0.0, 9.5) screen=(1611.95, -1636.093)
[Dev] interact @Area3D@37481 world=(20.5, 0.0, 9.5) screen=(1658.234, -1609.372)
[Dev] interact @Area3D@37482 world=(43.5, 0.0, 60.5) screen=(362.2997, 368.0159)
[Dev] interact @Area3D@37483 world=(43.5, 0.0, 59.5) screen=(408.583, 341.2944)
[Dev] interact @Area3D@37484 world=(21.5, 0.0, 39.5) screen=(316.0163, -781.0065)
[Dev] removed 20 enemies
[Kill] +6 xp (lv 1, 6/20)
[Dev] item 엽전 world=(22.5, 0.0, 49.5) screen=(681.6547, 368.0671)
[Dev] item 무명띠 world=(22.5, 0.0, 49.5) screen=(681.6547, 368.0671)
[Save] quest → user://save_e2e.json (C:/Users/FORYOUCOM/AppData/Roaming/Godot/app_userdata/Joseon Hunters/wt/codex-630-whirl-structure/save_e2e.json)
[Quest] heukrang_clear 싹쓸이 완료 (none → killed)
  · ① 평타 치명 (게임 426.4초에 막타 · +0.22초 갈라짐): 윗몸 옆으로 0.41 · 아랫몸 75° · 뿜음 4
[Kill] +6 xp (lv 1, 12/20)
[Dev] item 엽전 world=(22.5, 0.0, 51.1) screen=(607.6014, 410.7922)
[Kill] +6 xp (lv 1, 18/20)
  · ③ 강타 치명 (게임 428.3초에 막타): slide · 윗몸 0.42u (계획 0.42) · 최고 +0.00
[Kill] +6 xp (lv 2, 4/57)
[LevelUp] lv=2 stat_pts=5 skill_pts=1
  · ⑦ 평타 (게임 430.4초에 막타): 칼 방향 (0.962022, 0.120746, 0.244813) · 칼끝 속도 (20.26722, -6.506568, -10.2697) → 궤적 16.0° · 갈래 h · 단면 16.0° · cleave · 윗몸 계획 0.45u
[Kill] +6 xp (lv 2, 10/57)
[Dev] item 깨진 황옥 world=(25.5, 0.0, 34.5) screen=(681.6549, 368.048)
  · ⑦ 회오리베기 (게임 432.3초에 막타): 칼 방향 (-0.6236, 0.268077, -0.734342) · 칼끝 속도 (-4.129694, -2.591182, -16.46209) → 궤적 8.7° · 갈래 h · 단면 8.7° · slide · 윗몸 계획 0.44u
[Kill] +6 xp (lv 2, 16/57)
[Dev] item 엽전 world=(24.5, 0.0, 13.5) screen=(681.6549, 368.0394)
  · ⑦ 참격 (게임 434.4초에 막타): 칼 방향 (0.14251, -0.533152, -0.833931) · 칼끝 속도 (3.565508, -15.30326, -7.669443) → 궤적 61.1° · 갈래 d · 단면 55.0° · cleave · 윗몸 계획 0.45u
[Kill] +6 xp (lv 2, 22/57)
[Dev] item 괴황지 world=(22.5, 0.0, 47.9) screen=(-1003.059, 1233.813)
[Kill] +6 xp (lv 2, 28/57)
[Dev] item 엽전 world=(22.5, 0.0, 47.9) screen=(-999.228, 1227.427)
[Dev] item 미식별 철검 world=(22.5, 0.0, 47.9) screen=(-999.228, 1227.427)
[Kill] +6 xp (lv 2, 34/57)
[Dev] item 엽전 world=(22.5, 0.0, 47.9) screen=(-999.2303, 1227.431)
[Dev] item 패랭이 world=(22.5, 0.0, 47.9) screen=(-999.2303, 1227.431)
[Kill] +6 xp (lv 2, 40/57)
[Dev] item 엽전 world=(22.5, 0.0, 47.9) screen=(-999.2303, 1227.431)
[Kill] +5 xp (lv 2, 45/57)
[Dev] item 엽전 world=(22.5, 0.0, 47.9) screen=(-1003.059, 1233.812)
[Dev] item 탕약 — 쌍화탕 world=(22.5, 0.0, 47.9) screen=(-1003.059, 1233.812)
[Dev] item 깨진 백옥 world=(22.5, 0.0, 47.9) screen=(-1003.059, 1233.812)
[Kill] +120 xp (lv 4, 4/160)
[LevelUp] lv=4 stat_pts=15 skill_pts=3
[Dev] item 영약 — 생맥산 world=(22.5, 0.0, 51.1) screen=(-1147.719, 1313.577)
[Dev] item 탕약 — 쌍화탕 world=(22.5, 0.0, 51.1) screen=(-1147.719, 1313.577)
[Dev] item 영약 — 생맥산 world=(22.5, 0.0, 51.1) screen=(-1147.719, 1313.577)
[Dev] item 귀환부 world=(22.5, 0.0, 51.1) screen=(-1147.719, 1313.577)
[Dev] item 깨진 백옥 world=(22.5, 0.0, 51.1) screen=(-1147.719, 1313.577)
[Dev] item 흠 있는 황옥 world=(22.5, 0.0, 51.1) screen=(-1147.719, 1313.577)
[Dev] item 흑랑 이빨 world=(22.5, 0.0, 51.1) screen=(-1147.719, 1313.577)
[Dev] item 흑랑 이빨 world=(22.5, 0.0, 51.1) screen=(-1147.719, 1313.577)
[Dev] item 수복 world=(22.5, 0.0, 51.1) screen=(-1147.719, 1313.577)
[Dev] item 미식별 예도 world=(22.5, 0.0, 51.1) screen=(-1147.719, 1313.577)
[Dev] item 미식별 누비옷 world=(22.5, 0.0, 51.1) screen=(-1147.719, 1313.577)
[Dev] item 미식별 옥패 world=(22.5, 0.0, 51.1) screen=(-1147.719, 1313.577)
[Loot] 보스 전용 유니크 — boss_heukrang 첫 처치 → u_heukrang_fang (회차 1)
[Dev] item 흑랑의 봉인패 world=(22.5, 0.0, 51.1) screen=(-1147.719, 1313.577)
[Dev] item 엽전 world=(22.5, 0.0, 51.1) screen=(-1147.719, 1313.577)
[Save] boss → user://save_e2e.json (C:/Users/FORYOUCOM/AppData/Roaming/Godot/app_userdata/Joseon Hunters/wt/codex-630-whirl-structure/save_e2e.json)
[Boss] killed area= level=1 flags={ "opening_pending": false, "story": { "entered/motgol": true, "entered/heukrang_gul": true }, "quest": { "heukrang_clear": { "state": "killed", "left": 0, "barked": false }, "heukrang_seal": { "state": "killed" }, "heukrang_thanks": { "state": "killed" } }, "seal:boss_heukrang": 1, "boss_killed_": true }
[Kill] +6 xp (lv 4, 10/160)
[Dev] item 엽전 world=(22.5, 0.0, 47.9) screen=(-999.9559, 1228.64)
[Dev] item 영약 — 생맥산 world=(22.5, 0.0, 47.9) screen=(-999.9559, 1228.64)
  · 무대 17곳 · 단면 기울기 평타 16.0° · 회오리 8.7° · 참격 55.0° · 시체 11 · 핏자국 17
[Kill] +6 xp (lv 4, 16/160)
[Dev] item 괴황지 world=(22.5, 0.0, 47.9) screen=(-1003.059, 1233.812)
[Audio] BGM town → town.ogg
[Save] level 못골 마을 → user://save_e2e.json (C:/Users/FORYOUCOM/AppData/Roaming/Godot/app_userdata/Joseon Hunters/wt/codex-630-whirl-structure/save_e2e.json)
[Dev] stairs DungeonEntrance dir=1 world=(0.0, 0.0, -31.0) screen=(2121.067, -492.4143)
[Dev] interact Merchant world=(5.4, 0.0, -2.4) screen=(1047.293, 368.0158)
[Dev] interact Shaman world=(-5.6, 0.0, 0.4) screen=(408.5833, 148.8999)
[Dev] interact Elder world=(2.0, 0.0, -5.6) screen=(1038.037, 191.6542)
[Dev] interact Jumo world=(7.1, 0.0, -1.4) screen=(1079.692, 440.1637)
[Dev] interact StashChest world=(3.3, 0.0, -2.05) screen=(933.8992, 321.2533)
[Dev] interact Waypoint world=(-4.2, 0.0, 2.2) screen=(390.0698, 234.4085)
E2E kill_bisect PASS (검사 68)
[Save] level 못골 마을 → user://save_e2e.json (C:/Users/FORYOUCOM/AppData/Roaming/Godot/app_userdata/Joseon Hunters/wt/codex-630-whirl-structure/save_e2e.json)
[Dev] stairs DungeonEntrance dir=1 world=(0.0, 0.0, -31.0) screen=(2121.067, -492.4143)
[Dev] interact Merchant world=(5.4, 0.0, -2.4) screen=(1047.293, 368.0158)
[Dev] interact Shaman world=(-5.6, 0.0, 0.4) screen=(408.5833, 148.8999)
[Dev] interact Elder world=(2.0, 0.0, -5.6) screen=(1038.037, 191.6542)
[Dev] interact Jumo world=(7.1, 0.0, -1.4) screen=(1079.692, 440.1637)
[Dev] interact StashChest world=(3.3, 0.0, -2.05) screen=(933.8992, 321.2533)
[Dev] interact Waypoint world=(-4.2, 0.0, 2.2) screen=(390.0698, 234.4085)
E2E ▶ slice_deaths
[Dungeon] heukrang_gul 1층 lv=2 seed=403727558 gen 64x64 rooms=6 up=(44, 56) down=(7, 23) enemies=20 roster=bandit,bat,talisman_master elites=["방2:금색×3(깊이 0.50)"] named=-
[Quest] heukrang_gul 1층 — 싹쓸이 셈 시작 20 (heukrang_clear:none)
[Audio] BGM dungeon → dungeon_4.ogg
[Save] level 흑랑 굴 1층 → user://save_e2e.json (C:/Users/FORYOUCOM/AppData/Roaming/Godot/app_userdata/Joseon Hunters/wt/codex-630-whirl-structure/save_e2e.json)
[Dev] stairs StairsUp dir=-1 world=(44.5, 0.0, 56.5) screen=(593.7165, 335.9509)
[Dev] stairs StairsDown dir=1 world=(7.5, 0.0, 23.5) screen=(408.583, -1534.551)
[Dev] interact PusJar world=(29.5, 0.0, 42.5) screen=(547.433, -487.0705)
[Dev] interact @Area3D@38166 world=(14.5, 0.0, 24.5) screen=(686.2831, -1368.878)
[Dev] interact @Area3D@38167 world=(23.5, 0.0, 18.5) screen=(1380.534, -1288.714)
[Dev] interact LootChest world=(29.5, 0.0, 39.5) screen=(686.2831, -567.2349)
[Dev] interact @Area3D@38168 world=(40.5, 0.0, 38.5) screen=(1241.683, -300.0204)
[Dev] interact LootPot world=(17.5, 0.0, 43.5) screen=(-54.25064, -781.0067)
[Dev] interact @Area3D@38169 world=(18.5, 0.0, 44.5) screen=(-54.25041, -727.5637)
[Dev] interact @Area3D@38170 world=(19.5, 0.0, 9.5) screen=(1611.95, -1636.093)
[Dev] interact @Area3D@38171 world=(20.5, 0.0, 9.5) screen=(1658.234, -1609.372)
[Dev] interact @Area3D@38172 world=(43.5, 0.0, 60.5) screen=(362.2997, 368.0159)
[Dev] interact @Area3D@38173 world=(43.5, 0.0, 59.5) screen=(408.583, 341.2944)
[Dev] interact @Area3D@38174 world=(21.5, 0.0, 39.5) screen=(316.0163, -781.0065)
[Dev] removed 20 enemies
  · 무대 = (23.5, 0.0, 46.5) · 간격 ×1.00 · 도호 = 줄 앞 3.0u
[Kill] +6 xp (lv 1, 6/20)
[Kill] +5 xp (lv 1, 11/20)
[Kill] +9 xp (lv 2, 0/57)
[LevelUp] lv=2 stat_pts=5 skill_pts=1
[Dev] item 엽전 world=(22.93431, 0.0, 47.06569) screen=(587.6362, 306.1772)
[Kill] +11 xp (lv 2, 11/57)
[Dev] item 엽전 world=(24.03033, 0.0, 45.96967) screen=(689.0908, 306.1772)
[Dev] item 목검 world=(24.03033, 0.0, 45.96967) screen=(689.0908, 306.1772)
[Kill] +7 xp (lv 2, 18/57)
[Dev] item 무명띠 world=(25.12635, 0.0, 44.87365) screen=(790.5454, 306.1772)
[Dev] item 탕약 — 쌍화탕 world=(25.12635, 0.0, 44.87365) screen=(790.5454, 306.1772)
[Kill] +6 xp (lv 2, 24/57)
[Dev] item 영약 — 생맥산 world=(26.32843, 0.0, 43.67157) screen=(901.8179, 306.1772)
  · ① 평타 막타 — 게임 438.18초에 막타 (여섯 몸 같은 프레임)
[Save] quest → user://save_e2e.json (C:/Users/FORYOUCOM/AppData/Roaming/Godot/app_userdata/Joseon Hunters/wt/codex-630-whirl-structure/save_e2e.json)
[Quest] heukrang_clear 싹쓸이 완료 (none → killed)
[Audio] 같은 순간 같은 큐 상한(3) 넘침 — hit ×3 · enemy_hurt ×3 · kill_extra ×3 · enemy_die ×3 · blood_splat ×2 (버림 누계 367)
  ·   사람형: 이동 0.00 · 뜸 0.00 · 두 동강 false · 윗몸 0.00 · 단면 - · 누움 0.80초 · die 클립 true · 죽음 slump/slump
  ·   짐승: 이동 0.00 · 뜸 0.00 · 두 동강 false · 윗몸 0.00 · 단면 - · 누움 0.67초 · die 클립 true · 죽음 plague/slump
  ·   벌레: 이동 0.00 · 뜸 0.00 · 두 동강 false · 윗몸 0.00 · 단면 - · 누움 0.52초 · die 클립 false · 죽음 plague/drop
  ·   떠다님·피: 이동 0.00 · 뜸 0.00 · 두 동강 false · 윗몸 0.00 · 단면 - · 누움 0.52초 · die 클립 false · 죽음 drop/drop
  ·   떠다님·넋: 이동 0.00 · 뜸 0.00 · 두 동강 false · 윗몸 0.00 · 단면 - · 누움 0.52초 · die 클립 false · 죽음 scatter/scatter
  ·   큰 덩치: 이동 0.00 · 뜸 0.00 · 두 동강 false · 윗몸 0.00 · 단면 - · 누움 0.80초 · die 클립 true · 죽음 slump/slump
[Dev] removed 6 enemies
[Kill] +6 xp (lv 2, 30/57)
[Kill] +5 xp (lv 2, 35/57)
[Kill] +9 xp (lv 2, 44/57)
[Dev] item 엽전 world=(22.93431, 0.0, 47.06569) screen=(587.6362, 306.1772)
[Kill] +11 xp (lv 2, 55/57)
[Dev] item 엽전 world=(24.03033, 0.0, 45.96967) screen=(689.0908, 306.1772)
[Dev] item 목검 world=(24.03033, 0.0, 45.96967) screen=(689.0908, 306.1772)
[Kill] +7 xp (lv 3, 5/104)
[LevelUp] lv=3 stat_pts=10 skill_pts=2
[Dev] item 무명띠 world=(25.12635, 0.0, 44.87365) screen=(790.5454, 306.1772)
[Dev] item 탕약 — 쌍화탕 world=(25.12635, 0.0, 44.87365) screen=(790.5454, 306.1772)
[Kill] +6 xp (lv 3, 11/104)
[Dev] item 영약 — 생맥산 world=(26.32843, 0.0, 43.67157) screen=(901.8179, 306.1772)
  · ② 평타 치명 막타 — 게임 440.45초에 막타 (여섯 몸 같은 프레임)
[Audio] 같은 순간 같은 큐 상한(3) 넘침 — hit_crit ×3 · enemy_hurt ×3 · kill_extra ×3 · hit_crit_low ×3 · enemy_die ×3 · blood_splat ×2 (버림 누계 384)
  ·   사람형: 이동 0.00 · 뜸 0.00 · 두 동강 true · 윗몸 0.44 · 단면 0° · 누움 0.82초 · die 클립 true · 죽음 cleave/cleave
  ·   짐승: 이동 0.00 · 뜸 0.00 · 두 동강 true · 윗몸 0.41 · 단면 90° · 누움 0.82초 · die 클립 true · 죽음 plague/cleave
  ·   벌레: 이동 0.00 · 뜸 0.00 · 두 동강 false · 윗몸 0.00 · 단면 - · 누움 0.52초 · die 클립 false · 죽음 plague/slashed
  ·   떠다님·피: 이동 0.00 · 뜸 0.00 · 두 동강 false · 윗몸 0.00 · 단면 - · 누움 0.52초 · die 클립 false · 죽음 slashed/slashed
  ·   떠다님·넋: 이동 0.00 · 뜸 0.00 · 두 동강 false · 윗몸 0.00 · 단면 - · 누움 0.52초 · die 클립 false · 죽음 scatter/scatter
  ·   큰 덩치: 이동 0.00 · 뜸 0.00 · 두 동강 true · 윗몸 0.44 · 단면 0° · 누움 1.12초 · die 클립 true · 죽음 slide/slide
[Dev] removed 6 enemies
[Kill] +6 xp (lv 3, 17/104)
[Kill] +5 xp (lv 3, 22/104)
[Kill] +9 xp (lv 3, 31/104)
[Dev] item 엽전 world=(22.93431, 0.0, 47.06569) screen=(587.6362, 306.1772)
[Kill] +11 xp (lv 3, 42/104)
[Dev] item 엽전 world=(24.03033, 0.0, 45.96967) screen=(689.0908, 306.1772)
[Dev] item 목검 world=(24.03033, 0.0, 45.96967) screen=(689.0908, 306.1772)
[Kill] +7 xp (lv 3, 49/104)
[Dev] item 무명띠 world=(25.12635, 0.0, 44.87365) screen=(790.5454, 306.1772)
[Dev] item 탕약 — 쌍화탕 world=(25.12635, 0.0, 44.87365) screen=(790.5454, 306.1772)
[Kill] +6 xp (lv 3, 55/104)
[Dev] item 영약 — 생맥산 world=(26.32843, 0.0, 43.67157) screen=(901.8179, 306.1772)
  · ③ 참격 막타 — 사선 칼 — 게임 442.70초에 막타 (여섯 몸 같은 프레임)
[Audio] 같은 순간 같은 큐 상한(3) 넘침 — hit ×3 · enemy_hurt ×3 · kill_extra ×3 · enemy_die ×3 · blood_splat ×2 (버림 누계 398)
  ·   사람형: 이동 0.00 · 뜸 0.00 · 두 동강 true · 윗몸 0.33 · 단면 45° · 누움 0.82초 · die 클립 true · 죽음 cleave/cleave
  ·   짐승: 이동 0.00 · 뜸 0.00 · 두 동강 true · 윗몸 0.41 · 단면 90° · 누움 0.82초 · die 클립 true · 죽음 plague/cleave
  ·   벌레: 이동 0.00 · 뜸 0.00 · 두 동강 false · 윗몸 0.00 · 단면 - · 누움 0.52초 · die 클립 false · 죽음 plague/slashed
  ·   떠다님·피: 이동 0.00 · 뜸 0.00 · 두 동강 false · 윗몸 0.00 · 단면 - · 누움 0.52초 · die 클립 false · 죽음 slashed/slashed
  ·   떠다님·넋: 이동 0.00 · 뜸 0.00 · 두 동강 false · 윗몸 0.00 · 단면 - · 누움 0.52초 · die 클립 false · 죽음 scatter/scatter
  ·   큰 덩치: 이동 0.00 · 뜸 0.00 · 두 동강 true · 윗몸 0.37 · 단면 45° · 누움 1.12초 · die 클립 true · 죽음 slide/slide
[Dev] removed 6 enemies
[Kill] +6 xp (lv 3, 61/104)
[Kill] +5 xp (lv 3, 66/104)
[Kill] +9 xp (lv 3, 75/104)
[Dev] item 엽전 world=(22.93431, 0.0, 47.06569) screen=(587.6362, 306.1772)
[Kill] +11 xp (lv 3, 86/104)
[Dev] item 엽전 world=(24.03033, 0.0, 45.96967) screen=(689.0908, 306.1772)
[Dev] item 목검 world=(24.03033, 0.0, 45.96967) screen=(689.0908, 306.1772)
[Kill] +7 xp (lv 3, 93/104)
[Dev] item 무명띠 world=(25.12635, 0.0, 44.87365) screen=(790.5454, 306.1772)
[Dev] item 탕약 — 쌍화탕 world=(25.12635, 0.0, 44.87365) screen=(790.5454, 306.1772)
[Kill] +6 xp (lv 3, 99/104)
[Dev] item 영약 — 생맥산 world=(26.32843, 0.0, 43.67157) screen=(901.8179, 306.1772)
  · ④ 회오리 막타 — 가로 칼 — 게임 444.97초에 막타 (여섯 몸 같은 프레임)
[Audio] 같은 순간 같은 큐 상한(3) 넘침 — hit ×3 · enemy_hurt ×3 · kill_extra ×3 · enemy_die ×3 · blood_splat ×2 (버림 누계 412)
  ·   사람형: 이동 0.00 · 뜸 0.00 · 두 동강 true · 윗몸 0.33 · 단면 0° · 누움 0.82초 · die 클립 true · 죽음 cleave/cleave
  ·   짐승: 이동 0.00 · 뜸 0.00 · 두 동강 true · 윗몸 0.41 · 단면 90° · 누움 0.82초 · die 클립 true · 죽음 plague/cleave
  ·   벌레: 이동 0.00 · 뜸 0.00 · 두 동강 false · 윗몸 0.00 · 단면 - · 누움 0.52초 · die 클립 false · 죽음 plague/slashed
  ·   떠다님·피: 이동 0.00 · 뜸 0.00 · 두 동강 false · 윗몸 0.00 · 단면 - · 누움 0.52초 · die 클립 false · 죽음 slashed/slashed
  ·   떠다님·넋: 이동 0.00 · 뜸 0.00 · 두 동강 false · 윗몸 0.00 · 단면 - · 누움 0.52초 · die 클립 false · 죽음 scatter/scatter
  ·   큰 덩치: 이동 0.00 · 뜸 0.00 · 두 동강 true · 윗몸 0.44 · 단면 0° · 누움 1.12초 · die 클립 true · 죽음 slide/slide
[Dev] removed 6 enemies
[Kill] +6 xp (lv 4, 1/160)
[LevelUp] lv=4 stat_pts=15 skill_pts=3
[Kill] +5 xp (lv 4, 6/160)
[Kill] +9 xp (lv 4, 15/160)
[Dev] item 엽전 world=(22.93431, 0.0, 47.06569) screen=(587.6362, 306.1772)
[Kill] +11 xp (lv 4, 26/160)
[Dev] item 엽전 world=(24.03033, 0.0, 45.96967) screen=(689.0908, 306.1772)
[Dev] item 목검 world=(24.03033, 0.0, 45.96967) screen=(689.0908, 306.1772)
[Kill] +7 xp (lv 4, 33/160)
[Dev] item 무명띠 world=(25.12635, 0.0, 44.87365) screen=(790.5454, 306.1772)
[Dev] item 탕약 — 쌍화탕 world=(25.12635, 0.0, 44.87365) screen=(790.5454, 306.1772)
[Kill] +6 xp (lv 4, 39/160)
[Dev] item 영약 — 생맥산 world=(26.32843, 0.0, 43.67157) screen=(901.8179, 306.1772)
  · ⑤ 도약 베기 막타 — 세로 칼 — 게임 447.22초에 막타 (여섯 몸 같은 프레임)
[Audio] 같은 순간 같은 큐 상한(3) 넘침 — hit ×3 · enemy_hurt ×3 · kill_extra ×3 · enemy_die ×3 · blood_splat ×2 (버림 누계 426)
  ·   사람형: 이동 0.00 · 뜸 0.00 · 두 동강 true · 윗몸 0.99 · 단면 90° · 누움 0.68초 · die 클립 true · 죽음 cleave/cleave
  ·   짐승: 이동 0.00 · 뜸 0.00 · 두 동강 true · 윗몸 0.41 · 단면 90° · 누움 0.82초 · die 클립 true · 죽음 plague/cleave
  ·   벌레: 이동 0.00 · 뜸 0.00 · 두 동강 false · 윗몸 0.00 · 단면 - · 누움 0.53초 · die 클립 false · 죽음 plague/slashed
  ·   떠다님·피: 이동 0.00 · 뜸 0.00 · 두 동강 false · 윗몸 0.00 · 단면 - · 누움 0.53초 · die 클립 false · 죽음 slashed/slashed
  ·   떠다님·넋: 이동 0.00 · 뜸 0.00 · 두 동강 false · 윗몸 0.00 · 단면 - · 누움 0.53초 · die 클립 false · 죽음 scatter/scatter
  ·   큰 덩치: 이동 0.00 · 뜸 0.00 · 두 동강 true · 윗몸 1.77 · 단면 90° · 누움 0.82초 · die 클립 true · 죽음 cleave/cleave
[Dev] removed 6 enemies
[Kill] +6 xp (lv 4, 45/160)
[Kill] +5 xp (lv 4, 50/160)
[Kill] +9 xp (lv 4, 59/160)
[Dev] item 엽전 world=(22.93431, 0.0, 47.06569) screen=(587.6362, 306.1772)
[Kill] +11 xp (lv 4, 70/160)
[Dev] item 엽전 world=(24.03033, 0.0, 45.96967) screen=(689.0908, 306.1772)
[Dev] item 목검 world=(24.03033, 0.0, 45.96967) screen=(689.0908, 306.1772)
[Kill] +7 xp (lv 4, 77/160)
[Dev] item 무명띠 world=(25.12635, 0.0, 44.87365) screen=(790.5454, 306.1772)
[Dev] item 탕약 — 쌍화탕 world=(25.12635, 0.0, 44.87365) screen=(790.5454, 306.1772)
[Kill] +6 xp (lv 4, 83/160)
[Dev] item 영약 — 생맥산 world=(26.32843, 0.0, 43.67157) screen=(901.8179, 306.1772)
  · ⑥ 참격 치명 + 넘친 피해 — 게임 449.48초에 막타 (여섯 몸 같은 프레임)
[Audio] 같은 순간 같은 큐 상한(3) 넘침 — hit_crit ×3 · enemy_hurt ×3 · kill_extra ×3 · hit_crit_low ×3 · enemy_die ×3 · blood_splat ×2 (버림 누계 443)
  ·   사람형: 이동 0.00 · 뜸 0.00 · 두 동강 true · 윗몸 0.45 · 단면 45° · 누움 0.82초 · die 클립 true · 죽음 gibs/cleave
  ·   짐승: 이동 0.00 · 뜸 0.00 · 두 동강 true · 윗몸 0.41 · 단면 90° · 누움 0.82초 · die 클립 true · 죽음 plague/cleave
  ·   벌레: 이동 0.00 · 뜸 0.00 · 두 동강 false · 윗몸 0.00 · 단면 - · 누움 0.52초 · die 클립 false · 죽음 plague/slashed
  ·   떠다님·피: 이동 0.00 · 뜸 0.00 · 두 동강 false · 윗몸 0.00 · 단면 - · 누움 0.52초 · die 클립 false · 죽음 slashed/slashed
  ·   떠다님·넋: 이동 0.00 · 뜸 0.00 · 두 동강 false · 윗몸 0.00 · 단면 - · 누움 0.52초 · die 클립 false · 죽음 scatter/scatter
  ·   큰 덩치: 이동 0.00 · 뜸 0.00 · 두 동강 true · 윗몸 0.37 · 단면 45° · 누움 1.12초 · die 클립 true · 죽음 gibs/slide
[Dev] removed 6 enemies
[Kill] +6 xp (lv 4, 89/160)
[Kill] +5 xp (lv 4, 94/160)
[Kill] +9 xp (lv 4, 103/160)
[Dev] item 엽전 world=(22.93431, 0.0, 47.06569) screen=(587.6362, 306.1772)
[Kill] +11 xp (lv 4, 114/160)
[Dev] item 엽전 world=(24.03033, 0.0, 45.96967) screen=(689.0908, 306.1772)
[Dev] item 목검 world=(24.03033, 0.0, 45.96967) screen=(689.0908, 306.1772)
[Kill] +7 xp (lv 4, 121/160)
[Dev] item 무명띠 world=(25.12635, 0.0, 44.87365) screen=(790.5454, 306.1772)
[Dev] item 탕약 — 쌍화탕 world=(25.12635, 0.0, 44.87365) screen=(790.5454, 306.1772)
[Kill] +6 xp (lv 4, 127/160)
[Dev] item 영약 — 생맥산 world=(26.32843, 0.0, 43.67157) screen=(901.8179, 306.1772)
  · ⑦ 화염 막타 (부적, dev 강제) — 게임 451.73초에 막타 (여섯 몸 같은 프레임)
[Audio] 같은 순간 같은 큐 상한(3) 넘침 — enemy_hurt ×3 · kill_extra ×3 · enemy_die ×3 · burn ×3 (버림 누계 455)
  ·   사람형: 이동 0.00 · 뜸 0.00 · 두 동강 false · 윗몸 0.00 · 단면 - · 누움 0.52초 · die 클립 true · 죽음 ash/ash
  ·   짐승: 이동 0.00 · 뜸 0.00 · 두 동강 false · 윗몸 0.00 · 단면 - · 누움 0.52초 · die 클립 true · 죽음 ash/ash
  ·   벌레: 이동 0.00 · 뜸 0.00 · 두 동강 false · 윗몸 0.00 · 단면 - · 누움 0.52초 · die 클립 false · 죽음 ash/ash
  ·   떠다님·피: 이동 0.00 · 뜸 0.00 · 두 동강 false · 윗몸 0.00 · 단면 - · 누움 0.52초 · die 클립 false · 죽음 ash/ash
  ·   떠다님·넋: 이동 0.00 · 뜸 0.00 · 두 동강 false · 윗몸 0.00 · 단면 - · 누움 0.52초 · die 클립 false · 죽음 ash/ash
  ·   큰 덩치: 이동 0.00 · 뜸 0.00 · 두 동강 false · 윗몸 0.00 · 단면 - · 누움 0.52초 · die 클립 true · 죽음 ash/ash
[Dev] removed 6 enemies
[Kill] +6 xp (lv 4, 133/160)
[Kill] +5 xp (lv 4, 138/160)
[Kill] +9 xp (lv 4, 147/160)
[Dev] item 엽전 world=(22.93431, 0.0, 47.06569) screen=(587.6362, 306.1772)
[Kill] +11 xp (lv 4, 158/160)
[Dev] item 엽전 world=(24.03033, 0.0, 45.96967) screen=(689.0908, 306.1772)
[Dev] item 목검 world=(24.03033, 0.0, 45.96967) screen=(689.0908, 306.1772)
[Kill] +7 xp (lv 5, 5/224)
[LevelUp] lv=5 stat_pts=20 skill_pts=4
[Dev] item 무명띠 world=(25.12635, 0.0, 44.87365) screen=(790.5454, 306.1772)
[Dev] item 탕약 — 쌍화탕 world=(25.12635, 0.0, 44.87365) screen=(790.5454, 306.1772)
[Kill] +6 xp (lv 5, 11/224)
[Dev] item 영약 — 생맥산 world=(26.32843, 0.0, 43.67157) screen=(901.8179, 306.1772)
  · ⑧ 냉기 막타 (빙결 뒤 참격, dev 강제) — 게임 453.98초에 막타 (여섯 몸 같은 프레임)
[Audio] 같은 순간 같은 큐 상한(3) 넘침 — hit ×3 · enemy_hurt ×3 · kill_extra ×3 · enemy_die ×3 · freeze ×3 (버림 누계 470)
[Audio] 같은 순간 같은 큐 상한(3) 넘침 — shatter ×3 (버림 누계 473)
  ·   사람형: 이동 0.00 · 뜸 0.00 · 두 동강 false · 윗몸 0.00 · 단면 - · 누움 0.52초 · die 클립 true · 죽음 shatter/shatter
  ·   짐승: 이동 0.00 · 뜸 0.00 · 두 동강 false · 윗몸 0.00 · 단면 - · 누움 0.52초 · die 클립 true · 죽음 shatter/shatter
  ·   벌레: 이동 0.00 · 뜸 0.00 · 두 동강 false · 윗몸 0.00 · 단면 - · 누움 0.52초 · die 클립 false · 죽음 shatter/shatter
  ·   떠다님·피: 이동 0.00 · 뜸 0.00 · 두 동강 false · 윗몸 0.00 · 단면 - · 누움 0.52초 · die 클립 false · 죽음 shatter/shatter
  ·   떠다님·넋: 이동 0.00 · 뜸 0.00 · 두 동강 false · 윗몸 0.00 · 단면 - · 누움 0.52초 · die 클립 false · 죽음 shatter/shatter
  ·   큰 덩치: 이동 0.00 · 뜸 0.00 · 두 동강 false · 윗몸 0.00 · 단면 - · 누움 0.52초 · die 클립 true · 죽음 shatter/shatter
[Dev] removed 6 enemies
[Kill] +6 xp (lv 5, 17/224)
[Kill] +5 xp (lv 5, 22/224)
[Kill] +9 xp (lv 5, 31/224)
[Dev] item 엽전 world=(22.93431, 0.0, 47.06569) screen=(587.6362, 306.1772)
[Kill] +11 xp (lv 5, 42/224)
[Dev] item 엽전 world=(24.03033, 0.0, 45.96967) screen=(689.0908, 306.1772)
[Dev] item 목검 world=(24.03033, 0.0, 45.96967) screen=(689.0908, 306.1772)
[Kill] +7 xp (lv 5, 49/224)
[Dev] item 무명띠 world=(25.12635, 0.0, 44.87365) screen=(790.5454, 306.1772)
[Dev] item 탕약 — 쌍화탕 world=(25.12635, 0.0, 44.87365) screen=(790.5454, 306.1772)
[Kill] +6 xp (lv 5, 55/224)
[Dev] item 영약 — 생맥산 world=(26.32843, 0.0, 43.67157) screen=(901.8179, 306.1772)
  · ⑨ 피 끄기 + 참격 막타 — 게임 456.23초에 막타 (여섯 몸 같은 프레임)
[Audio] 같은 순간 같은 큐 상한(3) 넘침 — hit ×3 · enemy_hurt ×3 · kill_extra ×3 · enemy_die ×3 · blood_splat ×2 (버림 누계 487)
  ·   사람형: 이동 0.00 · 뜸 0.00 · 두 동강 true · 윗몸 0.33 · 단면 45° · 누움 0.82초 · die 클립 true · 죽음 cleave/cleave
  ·   짐승: 이동 0.00 · 뜸 0.00 · 두 동강 true · 윗몸 0.41 · 단면 90° · 누움 0.82초 · die 클립 true · 죽음 plague/cleave
  ·   벌레: 이동 0.00 · 뜸 0.00 · 두 동강 false · 윗몸 0.00 · 단면 - · 누움 0.52초 · die 클립 false · 죽음 plague/slashed
  ·   떠다님·피: 이동 0.00 · 뜸 0.00 · 두 동강 false · 윗몸 0.00 · 단면 - · 누움 0.52초 · die 클립 false · 죽음 slashed/slashed
  ·   떠다님·넋: 이동 0.00 · 뜸 0.00 · 두 동강 false · 윗몸 0.00 · 단면 - · 누움 0.52초 · die 클립 false · 죽음 scatter/scatter
  ·   큰 덩치: 이동 0.00 · 뜸 0.00 · 두 동강 true · 윗몸 0.37 · 단면 45° · 누움 1.12초 · die 클립 true · 죽음 slide/slide
[Dev] removed 6 enemies
[Kill] +6 xp (lv 5, 61/224)
[Dev] item 탕약 — 쌍화탕 world=(20.74228, 0.0, 49.25772) screen=(384.727, 306.1772)
  · ⑩ 산적1 — 게임 458.47초에 막타
[Kill] +6 xp (lv 5, 67/224)
[Dev] item 엽전 world=(21.8383, 0.0, 48.1617) screen=(486.1816, 306.1772)
[Dev] item 은가락지 world=(21.8383, 0.0, 48.1617) screen=(486.1816, 306.1772)
  · ⑩ 산적2 — 게임 459.28초에 막타
[Kill] +6 xp (lv 5, 73/224)
[Dev] item 엽전 world=(22.93431, 0.0, 47.06569) screen=(587.6362, 306.1772)
  · ⑩ 산적3 — 게임 460.10초에 막타
[Kill] +6 xp (lv 5, 79/224)
[Dev] item 엽전 world=(24.03033, 0.0, 45.96967) screen=(689.0908, 306.1772)
  · ⑩ 산적4 — 게임 460.92초에 막타
[Kill] +6 xp (lv 5, 85/224)
  · ⑩ 산적5 — 게임 461.73초에 막타
  · ⑩ 반복 — 같은 참격(사선 칼) 다섯 번:
  ·   산적1: 이동 0.00 · 뜸 0.00 · 두 동강 true · 윗몸 0.33 · 단면 45° · 누움 0.82초 · die 클립 true · 죽음 cleave/cleave
  ·   산적2: 이동 0.00 · 뜸 0.00 · 두 동강 true · 윗몸 0.37 · 단면 45° · 누움 1.12초 · die 클립 true · 죽음 slide/slide
  ·   산적3: 이동 0.00 · 뜸 0.00 · 두 동강 true · 윗몸 0.33 · 단면 45° · 누움 0.82초 · die 클립 true · 죽음 cleave/cleave
  ·   산적4: 이동 0.00 · 뜸 0.00 · 두 동강 true · 윗몸 0.37 · 단면 45° · 누움 1.12초 · die 클립 true · 죽음 slide/slide
  ·   산적5: 이동 0.00 · 뜸 0.00 · 두 동강 true · 윗몸 0.33 · 단면 45° · 누움 0.82초 · die 클립 true · 죽음 cleave/cleave
[Dev] removed 5 enemies
E2E slice_deaths PASS (검사 111)
[Audio] BGM town → town.ogg
[Save] level 못골 마을 → user://save_e2e.json (C:/Users/FORYOUCOM/AppData/Roaming/Godot/app_userdata/Joseon Hunters/wt/codex-630-whirl-structure/save_e2e.json)
[Dev] stairs DungeonEntrance dir=1 world=(0.0, 0.0, -31.0) screen=(2121.067, -492.4143)
[Dev] interact Merchant world=(5.4, 0.0, -2.4) screen=(1047.293, 368.0158)
[Dev] interact Shaman world=(-5.6, 0.0, 0.4) screen=(408.5833, 148.8999)
[Dev] interact Elder world=(2.0, 0.0, -5.6) screen=(1038.037, 191.6542)
[Dev] interact Jumo world=(7.1, 0.0, -1.4) screen=(1079.692, 440.1637)
[Dev] interact StashChest world=(3.3, 0.0, -2.05) screen=(933.8992, 321.2533)
[Dev] interact Waypoint world=(-4.2, 0.0, 2.2) screen=(390.0698, 234.4085)
E2E ▶ monster_motion_gallery
  · 봉우리 셈 자기검사 — 표본 위상 20가지 × 봉우리 셋: 꼭짓점 폭 0.0025초 (표본 그대로면 0.0158초) · 대칭 봉우리 오차 0.0002초
[Dev] item 화염부 world=(32.5, 0.0, 70.5) screen=(-1072.484, 3072.227)
[Dev] item 빙결부 world=(33.5, 0.0, 69.5) screen=(-979.9173, 3072.227)
[Field] deulnyeok seed=355022911 128x128 props=2252 packs=18 enemies=77 waypoint=(62, 65) roster=bandit,bat,talisman_master elites=["13:파란×4@구간3"]
[Audio] BGM dungeon → dungeon_2.ogg
[Save] level 못골 들녘 → user://save_e2e.json (C:/Users/FORYOUCOM/AppData/Roaming/Godot/app_userdata/Joseon Hunters/wt/codex-630-whirl-structure/save_e2e.json)
[Dev] stairs Down_cave dir=1 world=(88.5, 0.0, 3.5) screen=(7212.236, 897.1014)
[Dev] interact Waypoint world=(62.5, 0.0, 65.5) screen=(3139.301, 1810.974)
[Dev] interact FloorItem world=(32.5, 0.0, 70.5) screen=(1519.384, 1142.938)
[Dev] interact @Area3D@39352 world=(33.5, 0.0, 69.5) screen=(1611.95, 1142.938)
[Dev] interact PusJar world=(95.5, 0.0, 103.5) screen=(2907.884, 3708.197)
[Dev] interact @Area3D@39579 world=(101.5, 0.0, 105.5) screen=(3093.018, 3921.969)
[Dev] interact @Area3D@39580 world=(98.5, 0.0, 107.5) screen=(2861.601, 3895.247)
[Dev] interact LootChest world=(27.5, 0.0, 70.5) screen=(1287.967, 1009.331)
[Dev] interact @Area3D@39581 world=(94.5, 0.0, 100.5) screen=(3000.451, 3601.312)
[Dev] interact @Area3D@39582 world=(55.5, 0.0, 52.5) screen=(3417.001, 1276.545)
[Dev] interact LootPot world=(46.5, 0.0, 68.5) screen=(2259.917, 1463.595)
[Dev] interact @Area3D@39583 world=(73.5, 0.0, 47.5) screen=(4481.519, 1623.924)
[Dev] interact @Area3D@39584 world=(90.5, 0.0, 47.5) screen=(5268.335, 2078.189)
[Dev] interact @Area3D@39585 world=(111.5, 0.0, 49.5) screen=(6147.719, 2692.782)
[Dev] interact @Area3D@39586 world=(101.5, 0.0, 101.5) screen=(3278.151, 3815.083)
[Dev] interact @Area3D@39587 world=(86.5, 0.0, 76.5) screen=(3740.984, 2746.225)
[Dev] interact @Area3D@39588 world=(53.5, 0.0, 52.5) screen=(3324.434, 1223.102)
[Dev] interact @Area3D@39589 world=(87.5, 0.0, 95.5) screen=(2907.884, 3280.654)
[Dev] interact @Area3D@39590 world=(26.5, 0.0, 66.5) screen=(1426.817, 875.7234)
[Dev] interact @Area3D@39591 world=(17.5, 0.0, 60.5) screen=(1287.967, 474.9016)
[Dev] interact @Area3D@39592 world=(86.5, 0.0, 22.5) screen=(6240.286, 1303.266)
[Dev] interact @Area3D@39593 world=(59.5, 0.0, 65.5) screen=(3000.451, 1730.81)
[Dev] interact @Area3D@39594 world=(18.5, 0.0, 74.5) screen=(686.2832, 875.7234)
[Dev] interact @Area3D@39595 world=(44.5, 0.0, 69.5) screen=(2121.067, 1436.874)
[Dev] interact @Area3D@39596 world=(73.5, 0.0, 49.5) screen=(4388.952, 1677.367)
[Dev] interact @Area3D@39597 world=(88.5, 0.0, 52.5) screen=(4944.352, 2158.353)
[Dev] removed 77 enemies
  · 목록 없는 MultiMesh 1덩이 = 풀·꽃 셈 밖 ["GroundMist"]
  · 헤드리스 — 들녘 소품 MultiMesh 인스턴스 = 심은 목록 대조 생략 (더미 렌더러는 인스턴스 값 0)
  · 무대 = (26.5, 0.0, 30.5) · 숨긴 풀·꽃 4 · 도호 = 오른쪽 8.4u
  · 사진 = 구간마다 틀(쉼 (-8.4, 5.4) · 걷기 (-8.4, 5.8) · 달리기 (-8.4, 7.9), 여백 5%) · 무대 조명 = 가운데 위 6.0u · 세기 3.5 · 반경 18 · 감쇠 0.5 (대본 끝에 치움)
  · 떠다님·넋 (떠도는 넋) = tteodoneun_neok (크기 ×1.00) · 뼈 없음(정지 메시) · 클립 없음
  · 떠다님·몸 (나찰녀) = nachalnyeo (크기 ×1.00) · 뼈 없음(정지 메시) · 클립 없음
  · 네발·짐승 (역병 든 들개) = plague_dog (크기 ×0.91) · 뼈 19 · 발 4 · 골반 Hips · 머리 Head · 손 0 · attack 0.50 · die 1.25 · hit 0.30 · idle 2.20 · pounce 0.60 · pounce_air 0.40 · pounce_land 0.25 · run 0.55 · walk 0.85
  · 네발·족속 (흑랑 새끼 대역) = heukrang_kin (크기 ×0.55) · 뼈 19 · 발 4 · 골반 Hips · 머리 Head · 손 0 · attack 0.67 · die 1.25 · hit 0.30 · idle 2.20 · pounce 0.65 · pounce_air 0.40 · pounce_land 0.25 · run 0.77 · walk 1.02
  · 두 발·Tripo (산적) = bandit (크기 ×1.00) · 뼈 65 · 발 2 · 골반 mixamorig_Hips · 머리 mixamorig_Head · 손 2 · attack 0.55 · attack2 0.55 · die 3.00 · hit 0.30 · idle 7.67 · run 0.58 · walk 1.12
  · 두 발·Meshy (홀린 여창) = hollin_yeogung_spear (크기 ×1.00) · 뼈 24 · 발 2 · 골반 Hips · 머리 Head · 손 2 · attack_bow 0.75 · attack_spear 0.75 · die 3.00 · hit 0.30 · idle 1.30 · run 0.63 · walk 1.03
  · 떠다님 2몸 = 그림 틱을 물리 틱에 묶어 잰다 (_tick_float)
  · ① 대기 3.0초 — 뼈 있는 몸 = 머리 봉우리-봉우리(목표 2~15cm) · 떠다님 = 둥실 반폭(3~8cm)·주기(1.8~3.2초):
  ·   떠다님·넋 (떠도는 넋): 둥실 5.0cm ○ · 주기 2.23초 ○ · 옆 흔들림 4.5° · 뼈 없음
  ·   떠다님·몸 (나찰녀): 둥실 6.0cm ○ · 주기 2.00초 ○ · 옆 흔들림 4.5° · 뼈 없음
  ·   네발·짐승 (역병 든 들개): 들썩임 4.6cm ○ · 클립 idle
  ·   네발·족속 (흑랑 새끼 대역): 들썩임 3.3cm ○ · 클립 idle
  ·   두 발·Tripo (산적): 들썩임 9.5cm ○ · 클립 idle
  ·   두 발·Meshy (홀린 여창): 들썩임 6.4cm ○ · 클립 idle
  · ② 걷기 1.2u/s — 1.5초 · 화면 오른쪽으로 곧게 (발 미끄러짐 목표 ≤ 5cm/s · 떠다님 앞 기울기 목표 3~8°):
  ·   떠다님·넋 (떠도는 넋): 빠르기 1.20u/s · 뼈 없음 · 앞 기울기 5.4° ○ · 옆 흔들림 7.0° · 둥실 2.5cm · 옷자락 끌림 4.2cm (물결 메시 2)
  ·   떠다님·몸 (나찰녀): 빠르기 1.20u/s · 뼈 없음 · 앞 기울기 5.4° ○ · 옆 흔들림 7.0° · 둥실 4.5cm · 옷자락 끌림 3.6cm (물결 메시 2)
  ·   네발·짐승 (역병 든 들개): 빠르기 1.20u/s · 클립 walk × 1.55 · 발 미끄러짐 1cm/s (몸의 0%) ○ · 걸음마다 0.1cm · 디딤 몫 0.57 · 걸음 4.3/초
  ·   네발·족속 (흑랑 새끼 대역): 빠르기 1.20u/s · 클립 walk × 1.72 · 발 미끄러짐 1cm/s (몸의 0%) ○ · 걸음마다 0.1cm · 디딤 몫 0.57 · 걸음 3.9/초
  ·   두 발·Tripo (산적): 빠르기 1.20u/s · 클립 walk × 1.40 · 발 미끄러짐 0cm/s (몸의 0%) ○ · 걸음마다 0.0cm · 디딤 몫 0.49 · 걸음 3.2/초
  ·   두 발·Meshy (홀린 여창): 빠르기 1.20u/s · 클립 walk × 0.97 · 발 미끄러짐 1cm/s (몸의 1%) ○ · 걸음마다 0.2cm · 디딤 몫 0.28 · 걸음 2.4/초
  · ③ 달리기(쫓는 빠르기 = move_speed) — 1.0초 · 화면 오른쪽으로 곧게 (발 미끄러짐 목표 ≤ 10cm/s · 떠다님 앞 기울기 목표 9~16°):
  ·   떠다님·넋 (떠도는 넋): 빠르기 2.80u/s · 뼈 없음 · 앞 기울기 12.5° ○ · 옆 흔들림 13.3° · 둥실 1.9cm · 옷자락 끌림 9.8cm (물결 메시 2)
  ·   떠다님·몸 (나찰녀): 빠르기 3.60u/s · 뼈 없음 · 앞 기울기 15.9° ○ · 옆 흔들림 16.6° · 둥실 4.3cm · 옷자락 끌림 10.8cm (물결 메시 2)
  ·   네발·짐승 (역병 든 들개): 빠르기 4.50u/s · 클립 run × 1.29 · 발 미끄러짐 2cm/s (몸의 0%) ○ · 걸음마다 0.1cm · 디딤 몫 0.24 · 걸음 4.6/초
  ·   네발·족속 (흑랑 새끼 대역): 빠르기 4.50u/s · 클립 run × 1.66 · 발 미끄러짐 1cm/s (몸의 0%) ○ · 걸음마다 0.1cm · 디딤 몫 0.24 · 걸음 4.6/초
  ·   두 발·Tripo (산적): 빠르기 3.50u/s · 클립 run × 1.20 · 발 미끄러짐 1cm/s (몸의 0%) ○ · 걸음마다 0.1cm · 디딤 몫 0.26 · 걸음 5.2/초
  ·   두 발·Meshy (홀린 여창): 빠르기 3.80u/s · 클립 run × 0.87 · 발 미끄러짐 1cm/s (몸의 0%) ○ · 걸음마다 0.1cm · 디딤 몫 0.23 · 걸음 3.9/초
[Audio] 전투 밀집 — 노리는 무게 6 ≥ 5 → dungeon_tense
[Audio] BGM dungeon_tense → dungeon_tense.ogg
  · ④ 공격 — 같은 틱에 선딜(피해 = 선딜 끝 · 타격 몫 목표 0.50~0.70 · 치는 곳 가장 빠른 때 = 선딜 끝 ± 0.08초, 2u/s 이상):
  ·   떠다님·넋 (떠도는 넋): 선딜 0.30초 · 잠금 0.55초 · 공격 클립 없음 · 가장 빠른 때 0.270초(타격 -0.030) ○ · 12.4u/s · 당김 10cm (0.23초) · 쏘기 40cm (0.30초) · 머리 쏘기 40cm
  ·   떠다님·몸 (나찰녀): 선딜 0.50초 · 잠금 0.75초 · 공격 클립 없음 · 가장 빠른 때 0.460초(타격 -0.040) ○ · 4.7u/s · 당김 8cm (0.42초) · 쏘기 15cm (0.50초) · 머리 쏘기 15cm
  ·   네발·짐승 (역병 든 들개): 선딜 0.30초 · 잠금 0.50초 · 클립 attack 0.50초 × 1.00배 · 타격 몫 0.60 ○ · 가장 빠른 때 0.280초(타격 -0.020) ○ · 6.6u/s · 당김 5cm (0.23초) · 쏘기 15cm (0.30초) · 머리 쏘기 17cm
  ·   네발·족속 (흑랑 새끼 대역): 선딜 0.40초 · 잠금 0.67초 · 클립 attack 0.67초 × 1.00배 · 타격 몫 0.60 ○ · 가장 빠른 때 0.352초(타격 -0.048) ○ · 5.0u/s · 당김 5cm (0.30초) · 쏘기 16cm (0.40초) · 머리 쏘기 22cm
  ·   두 발·Tripo (산적): 선딜 0.30초 · 잠금 0.55초 · 클립 attack2 0.55초 × 1.00배 · 타격 몫 0.55 ○ · 가장 빠른 때 0.280초(타격 -0.020) ○ · 18.8u/s · 당김 0cm (0.00초) · 쏘기 0cm (0.00초) · 머리 쏘기 43cm
  ·   두 발·Meshy (홀린 여창): 선딜 0.40초 · 잠금 0.75초 · 클립 attack_spear 0.75초 × 1.00배 · 타격 몫 0.53 ○ · 가장 빠른 때 0.397초(타격 -0.003) ○ · 9.5u/s · 당김 0cm (0.00초) · 쏘기 1cm (0.10초) · 머리 쏘기 2cm
[Audio] 같은 순간 같은 큐 상한(3) 넘침 — hit ×1 · enemy_hurt ×1 (버림 누계 489)
  · ⑤ 맞기 — 한 대(오른쪽에서 · 반응 ≥ 6cm 또는 젖힘 ≥ 8° · 피격 동작 0.20~0.40초):
  ·   떠다님·넋 (떠도는 넋): 경직 0.35초 · 피격 동작 없음 · 반응 15cm · 젖힘 12° ○ · 몸 밀림 22cm
  ·   떠다님·몸 (나찰녀): 경직 0.35초 · 피격 동작 없음 · 반응 10cm · 젖힘 8° ○ · 몸 밀림 22cm
  ·   네발·짐승 (역병 든 들개): 경직 0.35초 · 클립 hit 0.30초 × 1.0배 = 0.30초 ○ · 반응 8cm · 젖힘 6° ○ · 몸 밀림 22cm
  ·   네발·족속 (흑랑 새끼 대역): 경직 0.35초 · 클립 hit 0.30초 × 1.0배 = 0.30초 ○ · 반응 8cm · 젖힘 2° ○ · 몸 밀림 22cm
  ·   두 발·Tripo (산적): 경직 0.35초 · 클립 hit 0.30초 × 1.0배 = 0.30초 ○ · 반응 0cm · 젖힘 26° ○ · 몸 밀림 22cm
  ·   두 발·Meshy (홀린 여창): 경직 0.35초 · 클립 hit 0.30초 × 1.0배 = 0.30초 ○ · 반응 8cm · 젖힘 6° ○ · 몸 밀림 22cm
  · 요약 (○ = 목표 안 · 사양 monster_motion_v2 §2):
  ·   떠다님·넋 (떠도는 넋): 둥실 5.0cm○·2.2초○ · 기울기 걷기 5.4°○·쫓기 12.5°○ · 빠른 때○ · 당김 10○·쏘기 40○ · 맞기 15cm·12°○
  ·   떠다님·몸 (나찰녀): 둥실 6.0cm○·2.0초○ · 기울기 걷기 5.4°○·쫓기 15.9°○ · 빠른 때○ · 당김 8○·쏘기 15○ · 맞기 10cm·8°○
  ·   네발·짐승 (역병 든 들개): 대기 4.6cm○ · 미끄러짐 걷기 1○·달리기 2○ · 타격 몫 0.60○ · 빠른 때○ · 머리 쏘기 17○ · 맞기 8cm·6°○·동작 0.30초○
  ·   네발·족속 (흑랑 새끼 대역): 대기 3.3cm○ · 미끄러짐 걷기 1○·달리기 1○ · 타격 몫 0.60○ · 빠른 때○ · 머리 쏘기 22○ · 맞기 8cm·2°○·동작 0.30초○
  ·   두 발·Tripo (산적): 대기 9.5cm○ · 미끄러짐 걷기 0○·달리기 1○ · 타격 몫 0.55○ · 빠른 때○ · 맞기 0cm·26°○·동작 0.30초○
  ·   두 발·Meshy (홀린 여창): 대기 6.4cm○ · 미끄러짐 걷기 1○·달리기 1○ · 타격 몫 0.53○ · 빠른 때○ · 맞기 8cm·6°○·동작 0.30초○
E2E monster_motion_gallery PASS (검사 71)
[Audio] BGM town → town.ogg
[Save] level 못골 마을 → user://save_e2e.json (C:/Users/FORYOUCOM/AppData/Roaming/Godot/app_userdata/Joseon Hunters/wt/codex-630-whirl-structure/save_e2e.json)
[Dev] stairs DungeonEntrance dir=1 world=(0.0, 0.0, -31.0) screen=(2121.067, -492.4143)
[Dev] interact Merchant world=(5.4, 0.0, -2.4) screen=(1047.293, 368.0158)
[Dev] interact Shaman world=(-5.6, 0.0, 0.4) screen=(408.5833, 148.8999)
[Dev] interact Elder world=(2.0, 0.0, -5.6) screen=(1038.037, 191.6542)
[Dev] interact Jumo world=(7.1, 0.0, -1.4) screen=(1079.692, 440.1637)
[Dev] interact StashChest world=(3.3, 0.0, -2.05) screen=(933.8992, 321.2533)
[Dev] interact Waypoint world=(-4.2, 0.0, 2.2) screen=(390.0698, 234.4085)
E2E ▶ element_status
[Dungeon] heukrang_gul 1층 lv=2 seed=403727558 gen 64x64 rooms=6 up=(44, 56) down=(7, 23) enemies=20 roster=bandit,bat,talisman_master elites=["방2:금색×3(깊이 0.50)"] named=-
[Quest] heukrang_gul 1층 — 싹쓸이 셈 시작 20 (heukrang_clear:none)
[Audio] BGM dungeon → dungeon_1.ogg
[Save] level 흑랑 굴 1층 → user://save_e2e.json (C:/Users/FORYOUCOM/AppData/Roaming/Godot/app_userdata/Joseon Hunters/wt/codex-630-whirl-structure/save_e2e.json)
[Dev] stairs StairsUp dir=-1 world=(44.5, 0.0, 56.5) screen=(593.7165, 335.9509)
[Dev] stairs StairsDown dir=1 world=(7.5, 0.0, 23.5) screen=(408.583, -1534.551)
[Dev] interact PusJar world=(29.5, 0.0, 42.5) screen=(547.433, -487.0705)
[Dev] interact @Area3D@39991 world=(14.5, 0.0, 24.5) screen=(686.2831, -1368.878)
[Dev] interact @Area3D@39992 world=(23.5, 0.0, 18.5) screen=(1380.534, -1288.714)
[Dev] interact LootChest world=(29.5, 0.0, 39.5) screen=(686.2831, -567.2349)
[Dev] interact @Area3D@39993 world=(40.5, 0.0, 38.5) screen=(1241.683, -300.0204)
[Dev] interact LootPot world=(17.5, 0.0, 43.5) screen=(-54.25064, -781.0067)
[Dev] interact @Area3D@39994 world=(18.5, 0.0, 44.5) screen=(-54.25041, -727.5637)
[Dev] interact @Area3D@39995 world=(19.5, 0.0, 9.5) screen=(1611.95, -1636.093)
[Dev] interact @Area3D@39996 world=(20.5, 0.0, 9.5) screen=(1658.234, -1609.372)
[Dev] interact @Area3D@39997 world=(43.5, 0.0, 60.5) screen=(362.2997, 368.0159)
[Dev] interact @Area3D@39998 world=(43.5, 0.0, 59.5) screen=(408.583, 341.2944)
[Dev] interact @Area3D@39999 world=(21.5, 0.0, 39.5) screen=(316.0163, -781.0065)
[Dev] removed 20 enemies
  · 무대 = 방 [P: (15, 43), S: (14, 13)], 가로 11.0u
[Dev] 한기 3초 → 산적
  · 한기 이동 실측 2.27 / 3.50 = ×0.65 (사양 ×0.65)
[Dev] 빙결 → 산적 (얼음)
[Dev] 빙결 → 산적 (안 얼어 한기로)
[Kill] +6 xp (lv 1, 6/20)
[Dev] item 엽전 world=(18.15742, 0.0, 50.42831) screen=(673.7453, 413.0826)
[Kill] +6 xp (lv 1, 12/20)
[Dev] item 엽전 world=(18.5, 0.0, 48.5) screen=(774.2488, 363.0409)
[Dev] item 은가락지 world=(18.5, 0.0, 48.5) screen=(774.2488, 363.0409)
[Save] quest → user://save_e2e.json (C:/Users/FORYOUCOM/AppData/Roaming/Godot/app_userdata/Joseon Hunters/wt/codex-630-whirl-structure/save_e2e.json)
[Quest] heukrang_clear 싹쓸이 완료 (none → killed)
[Dev] removed 2 enemies
[Dev] removed 0 enemies
[Dev] 화상 3/초 × 2초 → 산적
[Kill] +6 xp (lv 1, 18/20)
[Dev] removed 3 enemies
[Dev] removed 0 enemies
[Click] world=(27.5, 0.0, 49.5) cell=(27, 49)
[Dev] 도호 빙결 요청 → 한기 3.0초
[Click] world=(27.5, 0.0, 49.5) cell=(27, 49)
E2E element_status PASS (검사 78)
[Audio] BGM town → town.ogg
[Save] level 못골 마을 → user://save_e2e.json (C:/Users/FORYOUCOM/AppData/Roaming/Godot/app_userdata/Joseon Hunters/wt/codex-630-whirl-structure/save_e2e.json)
[Dev] stairs DungeonEntrance dir=1 world=(0.0, 0.0, -31.0) screen=(2121.067, -492.4143)
[Dev] interact Merchant world=(5.4, 0.0, -2.4) screen=(1047.293, 368.0158)
[Dev] interact Shaman world=(-5.6, 0.0, 0.4) screen=(408.5833, 148.8999)
[Dev] interact Elder world=(2.0, 0.0, -5.6) screen=(1038.037, 191.6542)
[Dev] interact Jumo world=(7.1, 0.0, -1.4) screen=(1079.692, 440.1637)
[Dev] interact StashChest world=(3.3, 0.0, -2.05) screen=(933.8992, 321.2533)
[Dev] interact Waypoint world=(-4.2, 0.0, 2.2) screen=(390.0698, 234.4085)
E2E ▶ element_ui
[Dungeon] heukrang_gul 1층 lv=2 seed=403727558 gen 64x64 rooms=6 up=(44, 56) down=(7, 23) enemies=20 roster=bandit,bat,talisman_master elites=["방2:금색×3(깊이 0.50)"] named=-
[Quest] heukrang_gul 1층 — 싹쓸이 셈 시작 20 (heukrang_clear:none)
[Audio] BGM dungeon → dungeon_2.ogg
[Save] level 흑랑 굴 1층 → user://save_e2e.json (C:/Users/FORYOUCOM/AppData/Roaming/Godot/app_userdata/Joseon Hunters/wt/codex-630-whirl-structure/save_e2e.json)
[Dev] stairs StairsUp dir=-1 world=(44.5, 0.0, 56.5) screen=(593.7165, 335.9509)
[Dev] stairs StairsDown dir=1 world=(7.5, 0.0, 23.5) screen=(408.583, -1534.551)
[Dev] interact PusJar world=(29.5, 0.0, 42.5) screen=(547.433, -487.0705)
[Dev] interact @Area3D@40409 world=(14.5, 0.0, 24.5) screen=(686.2831, -1368.878)
[Dev] interact @Area3D@40410 world=(23.5, 0.0, 18.5) screen=(1380.534, -1288.714)
[Dev] interact LootChest world=(29.5, 0.0, 39.5) screen=(686.2831, -567.2349)
[Dev] interact @Area3D@40411 world=(40.5, 0.0, 38.5) screen=(1241.683, -300.0204)
[Dev] interact LootPot world=(17.5, 0.0, 43.5) screen=(-54.25064, -781.0067)
[Dev] interact @Area3D@40412 world=(18.5, 0.0, 44.5) screen=(-54.25041, -727.5637)
[Dev] interact @Area3D@40413 world=(19.5, 0.0, 9.5) screen=(1611.95, -1636.093)
[Dev] interact @Area3D@40414 world=(20.5, 0.0, 9.5) screen=(1658.234, -1609.372)
[Dev] interact @Area3D@40415 world=(43.5, 0.0, 60.5) screen=(362.2997, 368.0159)
[Dev] interact @Area3D@40416 world=(43.5, 0.0, 59.5) screen=(408.583, 341.2944)
[Dev] interact @Area3D@40417 world=(21.5, 0.0, 39.5) screen=(316.0163, -781.0065)
[Dev] removed 20 enemies
E2E element_ui PASS (검사 13)
[Audio] BGM town → town.ogg
[Save] level 못골 마을 → user://save_e2e.json (C:/Users/FORYOUCOM/AppData/Roaming/Godot/app_userdata/Joseon Hunters/wt/codex-630-whirl-structure/save_e2e.json)
[Dev] stairs DungeonEntrance dir=1 world=(0.0, 0.0, -31.0) screen=(2121.067, -492.4143)
[Dev] interact Merchant world=(5.4, 0.0, -2.4) screen=(1047.293, 368.0158)
[Dev] interact Shaman world=(-5.6, 0.0, 0.4) screen=(408.5833, 148.8999)
[Dev] interact Elder world=(2.0, 0.0, -5.6) screen=(1038.037, 191.6542)
[Dev] interact Jumo world=(7.1, 0.0, -1.4) screen=(1079.692, 440.1637)
[Dev] interact StashChest world=(3.3, 0.0, -2.05) screen=(933.8992, 321.2533)
[Dev] interact Waypoint world=(-4.2, 0.0, 2.2) screen=(390.0698, 234.4085)
E2E ▶ element_sal
[Dungeon] heukrang_gul 1층 lv=2 seed=403727558 gen 64x64 rooms=6 up=(44, 56) down=(7, 23) enemies=20 roster=bandit,bat,talisman_master elites=["방2:금색×3(깊이 0.50)"] named=-
[Quest] heukrang_gul 1층 — 싹쓸이 셈 시작 20 (heukrang_clear:none)
[Audio] BGM dungeon → dungeon_3.ogg
[Save] level 흑랑 굴 1층 → user://save_e2e.json (C:/Users/FORYOUCOM/AppData/Roaming/Godot/app_userdata/Joseon Hunters/wt/codex-630-whirl-structure/save_e2e.json)
[Dev] stairs StairsUp dir=-1 world=(44.5, 0.0, 56.5) screen=(593.7165, 335.9509)
[Dev] stairs StairsDown dir=1 world=(7.5, 0.0, 23.5) screen=(408.583, -1534.551)
[Dev] interact PusJar world=(29.5, 0.0, 42.5) screen=(547.433, -487.0705)
[Dev] interact @Area3D@40782 world=(14.5, 0.0, 24.5) screen=(686.2831, -1368.878)
[Dev] interact @Area3D@40783 world=(23.5, 0.0, 18.5) screen=(1380.534, -1288.714)
[Dev] interact LootChest world=(29.5, 0.0, 39.5) screen=(686.2831, -567.2349)
[Dev] interact @Area3D@40784 world=(40.5, 0.0, 38.5) screen=(1241.683, -300.0204)
[Dev] interact LootPot world=(17.5, 0.0, 43.5) screen=(-54.25064, -781.0067)
[Dev] interact @Area3D@40785 world=(18.5, 0.0, 44.5) screen=(-54.25041, -727.5637)
[Dev] interact @Area3D@40786 world=(19.5, 0.0, 9.5) screen=(1611.95, -1636.093)
[Dev] interact @Area3D@40787 world=(20.5, 0.0, 9.5) screen=(1658.234, -1609.372)
[Dev] interact @Area3D@40788 world=(43.5, 0.0, 60.5) screen=(362.2997, 368.0159)
[Dev] interact @Area3D@40789 world=(43.5, 0.0, 59.5) screen=(408.583, 341.2944)
[Dev] interact @Area3D@40790 world=(21.5, 0.0, 39.5) screen=(316.0163, -781.0065)
[Dev] removed 20 enemies
  · 무대 = 방 [P: (15, 43), S: (14, 13)], 가로 11.0u
[Dev] removed 1 enemies
  · 탕약 1초 = 살 없음 +5.81 · 살이 낌 +2.90 (한 병 40 ÷ 7초 = 5.71/초)
[Dev] removed 0 enemies
[Kill] +8 xp (lv 1, 8/20)
[Dev] item 엽전 world=(17.75003, 0.0, 49.5) screen=(697.8552, 377.3905)
[Dev] item 짚신 world=(17.75003, 0.0, 49.5) screen=(697.8552, 377.3905)
[Save] quest → user://save_e2e.json (C:/Users/FORYOUCOM/AppData/Roaming/Godot/app_userdata/Joseon Hunters/wt/codex-630-whirl-structure/save_e2e.json)
[Quest] heukrang_clear 싹쓸이 완료 (none → killed)
[Dev] removed 1 enemies
E2E element_sal PASS (검사 42)
[Audio] BGM town → town.ogg
[Save] level 못골 마을 → user://save_e2e.json (C:/Users/FORYOUCOM/AppData/Roaming/Godot/app_userdata/Joseon Hunters/wt/codex-630-whirl-structure/save_e2e.json)
[Dev] stairs DungeonEntrance dir=1 world=(0.0, 0.0, -31.0) screen=(2121.067, -492.4143)
[Dev] interact Merchant world=(5.4, 0.0, -2.4) screen=(1047.293, 368.0158)
[Dev] interact Shaman world=(-5.6, 0.0, 0.4) screen=(408.5833, 148.8999)
[Dev] interact Elder world=(2.0, 0.0, -5.6) screen=(1038.037, 191.6542)
[Dev] interact Jumo world=(7.1, 0.0, -1.4) screen=(1079.692, 440.1637)
[Dev] interact StashChest world=(3.3, 0.0, -2.05) screen=(933.8992, 321.2533)
[Dev] interact Waypoint world=(-4.2, 0.0, 2.2) screen=(390.0698, 234.4085)
E2E ▶ talisman_targeting
[Dungeon] heukrang_gul 1층 lv=2 seed=403727558 gen 64x64 rooms=6 up=(44, 56) down=(7, 23) enemies=20 roster=bandit,bat,talisman_master elites=["방2:금색×3(깊이 0.50)"] named=-
[Quest] heukrang_gul 1층 — 싹쓸이 셈 시작 20 (heukrang_clear:none)
[Audio] BGM dungeon → dungeon_4.ogg
[Save] level 흑랑 굴 1층 → user://save_e2e.json (C:/Users/FORYOUCOM/AppData/Roaming/Godot/app_userdata/Joseon Hunters/wt/codex-630-whirl-structure/save_e2e.json)
[Dev] stairs StairsUp dir=-1 world=(44.5, 0.0, 56.5) screen=(593.7165, 335.9509)
[Dev] stairs StairsDown dir=1 world=(7.5, 0.0, 23.5) screen=(408.583, -1534.551)
[Dev] interact PusJar world=(29.5, 0.0, 42.5) screen=(547.433, -487.0705)
[Dev] interact @Area3D@41158 world=(14.5, 0.0, 24.5) screen=(686.2831, -1368.878)
[Dev] interact @Area3D@41159 world=(23.5, 0.0, 18.5) screen=(1380.534, -1288.714)
[Dev] interact LootChest world=(29.5, 0.0, 39.5) screen=(686.2831, -567.2349)
[Dev] interact @Area3D@41160 world=(40.5, 0.0, 38.5) screen=(1241.683, -300.0204)
[Dev] interact LootPot world=(17.5, 0.0, 43.5) screen=(-54.25064, -781.0067)
[Dev] interact @Area3D@41161 world=(18.5, 0.0, 44.5) screen=(-54.25041, -727.5637)
[Dev] interact @Area3D@41162 world=(19.5, 0.0, 9.5) screen=(1611.95, -1636.093)
[Dev] interact @Area3D@41163 world=(20.5, 0.0, 9.5) screen=(1658.234, -1609.372)
[Dev] interact @Area3D@41164 world=(43.5, 0.0, 60.5) screen=(362.2997, 368.0159)
[Dev] interact @Area3D@41165 world=(43.5, 0.0, 59.5) screen=(408.583, 341.2944)
[Dev] interact @Area3D@41166 world=(21.5, 0.0, 39.5) screen=(316.0163, -781.0065)
[Dev] removed 20 enemies
[Talisman] 화염부 → 적 (20.5, 0.0, 49.5) (배율 1.20 · 아낌 false · 흩뿌리기 {  })
[Talisman] 빙결부 → 바닥 (18.987, 0.0, 50.99368) (배율 1.20 · 아낌 false · 흩뿌리기 {  })
[Talisman] 화염부 → 적 (20.5, 0.0, 49.5) (배율 1.20 · 아낌 false · 흩뿌리기 {  })
[Talisman] 화염부 → 적 (20.5, 0.0, 49.5) (배율 1.20 · 아낌 false · 흩뿌리기 {  })
[Talisman] 빙결부 → 적 (20.5, 0.0, 49.5) (배율 1.20 · 아낌 false · 흩뿌리기 {  })
[Talisman] 벽력부 → 적 (20.5, 0.0, 49.5) (배율 1.20 · 아낌 false · 흩뿌리기 {  })
[Vfx] missing cue: talisman_lightning_trail (큐 표 design/vfx.md §2)
[Audio] BGM town → town.ogg
[Save] level 못골 마을 → user://save_e2e.json (C:/Users/FORYOUCOM/AppData/Roaming/Godot/app_userdata/Joseon Hunters/wt/codex-630-whirl-structure/save_e2e.json)
[Dev] stairs DungeonEntrance dir=1 world=(0.0, 0.0, -31.0) screen=(1905.067, -492.4141)
[Dev] interact Merchant world=(5.4, 0.0, -2.4) screen=(831.2935, 368.0157)
[Dev] interact Shaman world=(-5.6, 0.0, 0.4) screen=(192.5832, 148.8999)
[Dev] interact Elder world=(2.0, 0.0, -5.6) screen=(822.0369, 191.6542)
[Dev] interact Jumo world=(7.1, 0.0, -1.4) screen=(863.6919, 440.1637)
[Dev] interact StashChest world=(3.3, 0.0, -2.05) screen=(717.8992, 321.2532)
[Dev] interact Waypoint world=(-4.2, 0.0, 2.2) screen=(174.07, 234.4085)
[Dungeon] heukrang_gul 1층 lv=2 seed=403727558 gen 64x64 rooms=6 up=(44, 56) down=(7, 23) enemies=20 roster=bandit,bat,talisman_master elites=["방2:금색×3(깊이 0.50)"] named=-
[Quest] heukrang_gul 1층 — 싹쓸이 셈 시작 20 (heukrang_clear:none)
[Audio] BGM dungeon → dungeon_3.ogg
[Save] level 흑랑 굴 1층 → user://save_e2e.json (C:/Users/FORYOUCOM/AppData/Roaming/Godot/app_userdata/Joseon Hunters/wt/codex-630-whirl-structure/save_e2e.json)
[Dev] stairs StairsUp dir=-1 world=(44.5, 0.0, 56.5) screen=(377.7165, 335.9507)
[Dev] stairs StairsDown dir=1 world=(7.5, 0.0, 23.5) screen=(192.583, -1534.551)
[Dev] interact PusJar world=(29.5, 0.0, 42.5) screen=(331.4331, -487.0706)
[Dev] interact @Area3D@41547 world=(14.5, 0.0, 24.5) screen=(470.2832, -1368.879)
[Dev] interact @Area3D@41548 world=(23.5, 0.0, 18.5) screen=(1164.534, -1288.714)
[Dev] interact LootChest world=(29.5, 0.0, 39.5) screen=(470.2832, -567.235)
[Dev] interact @Area3D@41549 world=(40.5, 0.0, 38.5) screen=(1025.683, -300.0205)
[Dev] interact LootPot world=(17.5, 0.0, 43.5) screen=(-270.2504, -781.0067)
[Dev] interact @Area3D@41550 world=(18.5, 0.0, 44.5) screen=(-270.2506, -727.5637)
[Dev] interact @Area3D@41551 world=(19.5, 0.0, 9.5) screen=(1395.95, -1636.093)
[Dev] interact @Area3D@41552 world=(20.5, 0.0, 9.5) screen=(1442.234, -1609.372)
[Dev] interact @Area3D@41553 world=(43.5, 0.0, 60.5) screen=(146.2997, 368.0157)
[Dev] interact @Area3D@41554 world=(43.5, 0.0, 59.5) screen=(192.5831, 341.2943)
[Dev] interact @Area3D@41555 world=(21.5, 0.0, 39.5) screen=(100.0164, -781.0067)
[Dev] removed 20 enemies
[Death] 도호 사망 → 1.2s 뒤 마을 복귀, 엽전 -0
[Audio] BGM town → town.ogg
[Save] level 못골 마을 → user://save_e2e.json (C:/Users/FORYOUCOM/AppData/Roaming/Godot/app_userdata/Joseon Hunters/wt/codex-630-whirl-structure/save_e2e.json)
[Dev] stairs DungeonEntrance dir=1 world=(0.0, 0.0, -31.0) screen=(1905.067, -492.4141)
[Dev] interact Merchant world=(5.4, 0.0, -2.4) screen=(831.2935, 368.0157)
[Dev] interact Shaman world=(-5.6, 0.0, 0.4) screen=(192.5832, 148.8999)
[Dev] interact Elder world=(2.0, 0.0, -5.6) screen=(822.0369, 191.6542)
[Dev] interact Jumo world=(7.1, 0.0, -1.4) screen=(863.6919, 440.1637)
[Dev] interact StashChest world=(3.3, 0.0, -2.05) screen=(717.8992, 321.2532)
[Dev] interact Waypoint world=(-4.2, 0.0, 2.2) screen=(174.07, 234.4085)
[Vendor] sell 화염부 +20 gold=20
E2E talisman_targeting PASS (검사 75)
[Save] level 못골 마을 → user://save_e2e.json (C:/Users/FORYOUCOM/AppData/Roaming/Godot/app_userdata/Joseon Hunters/wt/codex-630-whirl-structure/save_e2e.json)
[Dev] stairs DungeonEntrance dir=1 world=(0.0, 0.0, -31.0) screen=(2121.067, -492.4143)
[Dev] interact Merchant world=(5.4, 0.0, -2.4) screen=(1047.293, 368.0158)
[Dev] interact Shaman world=(-5.6, 0.0, 0.4) screen=(408.5833, 148.8999)
[Dev] interact Elder world=(2.0, 0.0, -5.6) screen=(1038.037, 191.6542)
[Dev] interact Jumo world=(7.1, 0.0, -1.4) screen=(1079.692, 440.1637)
[Dev] interact StashChest world=(3.3, 0.0, -2.05) screen=(933.8992, 321.2533)
[Dev] interact Waypoint world=(-4.2, 0.0, 2.2) screen=(390.0698, 234.4085)
E2E ▶ talisman_throw
[Dungeon] heukrang_gul 1층 lv=2 seed=403727558 gen 64x64 rooms=6 up=(44, 56) down=(7, 23) enemies=20 roster=bandit,bat,talisman_master elites=["방2:금색×3(깊이 0.50)"] named=-
[Quest] heukrang_gul 1층 — 싹쓸이 셈 시작 20 (heukrang_clear:none)
[Audio] BGM dungeon → dungeon_2.ogg
[Save] level 흑랑 굴 1층 → user://save_e2e.json (C:/Users/FORYOUCOM/AppData/Roaming/Godot/app_userdata/Joseon Hunters/wt/codex-630-whirl-structure/save_e2e.json)
[Dev] stairs StairsUp dir=-1 world=(44.5, 0.0, 56.5) screen=(593.7165, 335.9509)
[Dev] stairs StairsDown dir=1 world=(7.5, 0.0, 23.5) screen=(408.583, -1534.551)
[Dev] interact PusJar world=(29.5, 0.0, 42.5) screen=(547.433, -487.0705)
[Dev] interact @Area3D@42079 world=(14.5, 0.0, 24.5) screen=(686.2831, -1368.878)
[Dev] interact @Area3D@42080 world=(23.5, 0.0, 18.5) screen=(1380.534, -1288.714)
[Dev] interact LootChest world=(29.5, 0.0, 39.5) screen=(686.2831, -567.2349)
[Dev] interact @Area3D@42081 world=(40.5, 0.0, 38.5) screen=(1241.683, -300.0204)
[Dev] interact LootPot world=(17.5, 0.0, 43.5) screen=(-54.25064, -781.0067)
[Dev] interact @Area3D@42082 world=(18.5, 0.0, 44.5) screen=(-54.25041, -727.5637)
[Dev] interact @Area3D@42083 world=(19.5, 0.0, 9.5) screen=(1611.95, -1636.093)
[Dev] interact @Area3D@42084 world=(20.5, 0.0, 9.5) screen=(1658.234, -1609.372)
[Dev] interact @Area3D@42085 world=(43.5, 0.0, 60.5) screen=(362.2997, 368.0159)
[Dev] interact @Area3D@42086 world=(43.5, 0.0, 59.5) screen=(408.583, 341.2944)
[Dev] interact @Area3D@42087 world=(21.5, 0.0, 39.5) screen=(316.0163, -781.0065)
[Dev] removed 20 enemies
  · 무대 = 방 [P: (15, 43), S: (14, 13)]
[Talisman] 화염부 → 적 (19.5, 0.0, 49.5) (배율 1.20 · 아낌 false · 흩뿌리기 {  })
[Talisman] 화염부 → 적 (19.5, 0.0, 49.5) (배율 1.20 · 아낌 false · 흩뿌리기 {  })
[Talisman] 빙결부 → 적 (19.7, 0.0, 50.0) (배율 1.20 · 아낌 false · 흩뿌리기 {  })
[Talisman] 빙결부 → 적 (20.0, 0.0, 49.5) (배율 1.20 · 아낌 false · 흩뿌리기 {  })
[Talisman] 화염부 → 적 (19.5, 0.0, 49.5) (배율 1.20 · 아낌 false · 흩뿌리기 {  })
[Kill] +6 xp (lv 1, 6/20)
[Dev] item 엽전 world=(19.5, 0.0, 49.5) screen=(778.8499, 424.153)
[Dev] item 상품 철검 world=(19.5, 0.0, 49.5) screen=(778.8499, 424.153)
[Dev] item 탕약 — 쌍화탕 world=(19.5, 0.0, 49.5) screen=(778.8499, 424.153)
[Dev] item 미식별 무명띠 world=(19.5, 0.0, 49.5) screen=(778.8499, 424.153)
[Loot] 첫 매직 보장 — bandit (cotton_belt ilvl 1) · 회차 1
[Save] quest → user://save_e2e.json (C:/Users/FORYOUCOM/AppData/Roaming/Godot/app_userdata/Joseon Hunters/wt/codex-630-whirl-structure/save_e2e.json)
[Quest] heukrang_clear 싹쓸이 완료 (none → killed)
[Click] world=(19.42579, 0.0, 48.65583) cell=(19, 48)
[Talisman] 빙결부 → 적 (19.5, 0.0, 49.0) (배율 1.20 · 아낌 false · 흩뿌리기 {  })
[Kill] +6 xp (lv 1, 12/20)
[Dev] item 엽전 world=(19.5, 0.0, 49.0) screen=(801.9916, 410.7923)
[Dev] item 영약 — 생맥산 world=(19.5, 0.0, 49.0) screen=(801.9916, 410.7923)
[Dev] item 귀환부 world=(19.5, 0.0, 49.0) screen=(801.9916, 410.7923)
[Dev] item 미식별 패랭이 world=(19.5, 0.0, 49.0) screen=(801.9916, 410.7923)
[Loot] 첫 매직 보장 — bandit (paeraengi ilvl 1) · 회차 1
[Kill] +6 xp (lv 1, 18/20)
[Dev] item 목검 world=(19.5, 0.0, 50.0) screen=(755.7083, 437.5137)
[Audio] 같은 순간 같은 큐 상한(3) 넘침 — drop ×1 (버림 누계 490)
[Dev] item 화염부 world=(32.5, 0.0, 70.5) screen=(408.583, 1332.682)
[Dev] item 빙결부 world=(33.5, 0.0, 69.5) screen=(501.1497, 1332.682)
[Field] deulnyeok seed=355022911 128x128 props=2252 packs=18 enemies=77 waypoint=(62, 65) roster=bandit,bat,talisman_master elites=["13:파란×4@구간3"]
[Save] level 못골 들녘 → user://save_e2e.json (C:/Users/FORYOUCOM/AppData/Roaming/Godot/app_userdata/Joseon Hunters/wt/codex-630-whirl-structure/save_e2e.json)
[Dev] stairs Down_cave dir=1 world=(88.5, 0.0, 3.5) screen=(7212.236, 897.1014)
[Dev] interact Waypoint world=(62.5, 0.0, 65.5) screen=(3139.301, 1810.974)
[Dev] interact FloorItem world=(32.5, 0.0, 70.5) screen=(1519.384, 1142.938)
[Dev] interact @Area3D@42638 world=(33.5, 0.0, 69.5) screen=(1611.95, 1142.938)
[Dev] interact PusJar world=(95.5, 0.0, 103.5) screen=(2907.884, 3708.197)
[Dev] interact @Area3D@42865 world=(101.5, 0.0, 105.5) screen=(3093.018, 3921.969)
[Dev] interact @Area3D@42866 world=(98.5, 0.0, 107.5) screen=(2861.601, 3895.247)
[Dev] interact LootChest world=(27.5, 0.0, 70.5) screen=(1287.967, 1009.331)
[Dev] interact @Area3D@42867 world=(94.5, 0.0, 100.5) screen=(3000.451, 3601.312)
[Dev] interact @Area3D@42868 world=(55.5, 0.0, 52.5) screen=(3417.001, 1276.545)
[Dev] interact LootPot world=(46.5, 0.0, 68.5) screen=(2259.917, 1463.595)
[Dev] interact @Area3D@42869 world=(73.5, 0.0, 47.5) screen=(4481.519, 1623.924)
[Dev] interact @Area3D@42870 world=(90.5, 0.0, 47.5) screen=(5268.335, 2078.189)
[Dev] interact @Area3D@42871 world=(111.5, 0.0, 49.5) screen=(6147.719, 2692.782)
[Dev] interact @Area3D@42872 world=(101.5, 0.0, 101.5) screen=(3278.151, 3815.083)
[Dev] interact @Area3D@42873 world=(86.5, 0.0, 76.5) screen=(3740.984, 2746.225)
[Dev] interact @Area3D@42874 world=(53.5, 0.0, 52.5) screen=(3324.434, 1223.102)
[Dev] interact @Area3D@42875 world=(87.5, 0.0, 95.5) screen=(2907.884, 3280.654)
[Dev] interact @Area3D@42876 world=(26.5, 0.0, 66.5) screen=(1426.817, 875.7234)
[Dev] interact @Area3D@42877 world=(17.5, 0.0, 60.5) screen=(1287.967, 474.9016)
[Dev] interact @Area3D@42878 world=(86.5, 0.0, 22.5) screen=(6240.286, 1303.266)
[Dev] interact @Area3D@42879 world=(59.5, 0.0, 65.5) screen=(3000.451, 1730.81)
[Dev] interact @Area3D@42880 world=(18.5, 0.0, 74.5) screen=(686.2832, 875.7234)
[Dev] interact @Area3D@42881 world=(44.5, 0.0, 69.5) screen=(2121.067, 1436.874)
[Dev] interact @Area3D@42882 world=(73.5, 0.0, 49.5) screen=(4388.952, 1677.367)
[Dev] interact @Area3D@42883 world=(88.5, 0.0, 52.5) screen=(4944.352, 2158.353)
[Field] deulnyeok seed=355022911 128x128 props=2252 packs=18 enemies=77 waypoint=(62, 65) roster=bandit,bat,talisman_master elites=["13:파란×4@구간3"]
[Save] level 못골 들녘 → user://save_e2e.json (C:/Users/FORYOUCOM/AppData/Roaming/Godot/app_userdata/Joseon Hunters/wt/codex-630-whirl-structure/save_e2e.json)
[Dev] stairs Down_cave dir=1 world=(88.5, 0.0, 3.5) screen=(7212.236, 897.1014)
[Dev] interact Waypoint world=(62.5, 0.0, 65.5) screen=(3139.301, 1810.974)
[Dev] interact PusJar world=(95.5, 0.0, 103.5) screen=(2907.884, 3708.197)
[Dev] interact @Area3D@43612 world=(101.5, 0.0, 105.5) screen=(3093.018, 3921.969)
[Dev] interact @Area3D@43613 world=(98.5, 0.0, 107.5) screen=(2861.601, 3895.247)
[Dev] interact LootChest world=(27.5, 0.0, 70.5) screen=(1287.967, 1009.331)
[Dev] interact @Area3D@43614 world=(94.5, 0.0, 100.5) screen=(3000.451, 3601.312)
[Dev] interact @Area3D@43615 world=(55.5, 0.0, 52.5) screen=(3417.001, 1276.545)
[Dev] interact LootPot world=(46.5, 0.0, 68.5) screen=(2259.917, 1463.595)
[Dev] interact @Area3D@43616 world=(73.5, 0.0, 47.5) screen=(4481.519, 1623.924)
[Dev] interact @Area3D@43617 world=(90.5, 0.0, 47.5) screen=(5268.335, 2078.189)
[Dev] interact @Area3D@43618 world=(111.5, 0.0, 49.5) screen=(6147.719, 2692.782)
[Dev] interact @Area3D@43619 world=(101.5, 0.0, 101.5) screen=(3278.151, 3815.083)
[Dev] interact @Area3D@43620 world=(86.5, 0.0, 76.5) screen=(3740.984, 2746.225)
[Dev] interact @Area3D@43621 world=(53.5, 0.0, 52.5) screen=(3324.434, 1223.102)
[Dev] interact @Area3D@43622 world=(87.5, 0.0, 95.5) screen=(2907.884, 3280.654)
[Dev] interact @Area3D@43623 world=(26.5, 0.0, 66.5) screen=(1426.817, 875.7234)
[Dev] interact @Area3D@43624 world=(17.5, 0.0, 60.5) screen=(1287.967, 474.9016)
[Dev] interact @Area3D@43625 world=(86.5, 0.0, 22.5) screen=(6240.286, 1303.266)
[Dev] interact @Area3D@43626 world=(59.5, 0.0, 65.5) screen=(3000.451, 1730.81)
[Dev] interact @Area3D@43627 world=(18.5, 0.0, 74.5) screen=(686.2832, 875.7234)
[Dev] interact @Area3D@43628 world=(44.5, 0.0, 69.5) screen=(2121.067, 1436.874)
[Dev] interact @Area3D@43629 world=(73.5, 0.0, 49.5) screen=(4388.952, 1677.367)
[Dev] interact @Area3D@43630 world=(88.5, 0.0, 52.5) screen=(4944.352, 2158.353)
[Dev] item 화염부 world=(32.5, 0.0, 70.5) screen=(1519.384, 1172.353)
[Dev] item 빙결부 world=(33.5, 0.0, 69.5) screen=(1611.95, 1172.353)
[Field] deulnyeok seed=355022911 128x128 props=2252 packs=18 enemies=77 waypoint=(62, 65) roster=bandit,bat,talisman_master elites=["12:파란×4@구간3", "7:파란×4@구간2"]
[Save] level 못골 들녘 → user://save_e2e.json (C:/Users/FORYOUCOM/AppData/Roaming/Godot/app_userdata/Joseon Hunters/wt/codex-630-whirl-structure/save_e2e.json)
[Dev] stairs Down_cave dir=1 world=(88.5, 0.0, 3.5) screen=(7212.236, 897.1014)
[Dev] interact Waypoint world=(62.5, 0.0, 65.5) screen=(3139.301, 1810.974)
[Dev] interact FloorItem world=(32.5, 0.0, 70.5) screen=(1519.384, 1142.938)
[Dev] interact @Area3D@44132 world=(33.5, 0.0, 69.5) screen=(1611.95, 1142.938)
[Dev] interact PusJar world=(95.5, 0.0, 103.5) screen=(2907.884, 3708.197)
[Dev] interact @Area3D@44355 world=(101.5, 0.0, 105.5) screen=(3093.018, 3921.969)
[Dev] interact @Area3D@44356 world=(98.5, 0.0, 107.5) screen=(2861.601, 3895.247)
[Dev] interact LootChest world=(27.5, 0.0, 70.5) screen=(1287.967, 1009.331)
[Dev] interact @Area3D@44357 world=(94.5, 0.0, 100.5) screen=(3000.451, 3601.312)
[Dev] interact @Area3D@44358 world=(55.5, 0.0, 52.5) screen=(3417.001, 1276.545)
[Dev] interact LootPot world=(46.5, 0.0, 68.5) screen=(2259.917, 1463.595)
[Dev] interact @Area3D@44359 world=(73.5, 0.0, 47.5) screen=(4481.519, 1623.924)
[Dev] interact @Area3D@44360 world=(90.5, 0.0, 47.5) screen=(5268.335, 2078.189)
[Dev] interact @Area3D@44361 world=(111.5, 0.0, 49.5) screen=(6147.719, 2692.782)
[Dev] interact @Area3D@44362 world=(101.5, 0.0, 101.5) screen=(3278.151, 3815.083)
[Dev] interact @Area3D@44363 world=(86.5, 0.0, 76.5) screen=(3740.984, 2746.225)
[Dev] interact @Area3D@44364 world=(53.5, 0.0, 52.5) screen=(3324.434, 1223.102)
[Dev] interact @Area3D@44365 world=(87.5, 0.0, 95.5) screen=(2907.884, 3280.654)
[Dev] interact @Area3D@44366 world=(26.5, 0.0, 66.5) screen=(1426.817, 875.7234)
[Dev] interact @Area3D@44367 world=(17.5, 0.0, 60.5) screen=(1287.967, 474.9016)
[Dev] interact @Area3D@44368 world=(86.5, 0.0, 22.5) screen=(6240.286, 1303.266)
[Dev] interact @Area3D@44369 world=(59.5, 0.0, 65.5) screen=(3000.451, 1730.81)
[Dev] interact @Area3D@44370 world=(18.5, 0.0, 74.5) screen=(686.2832, 875.7234)
[Dev] interact @Area3D@44371 world=(44.5, 0.0, 69.5) screen=(2121.067, 1436.874)
[Dev] interact @Area3D@44372 world=(73.5, 0.0, 49.5) screen=(4388.952, 1677.367)
[Dev] interact @Area3D@44373 world=(88.5, 0.0, 52.5) screen=(4944.352, 2158.353)
E2E talisman_throw PASS (검사 56)
[Audio] BGM town → town.ogg
[Save] level 못골 마을 → user://save_e2e.json (C:/Users/FORYOUCOM/AppData/Roaming/Godot/app_userdata/Joseon Hunters/wt/codex-630-whirl-structure/save_e2e.json)
[Dev] stairs DungeonEntrance dir=1 world=(0.0, 0.0, -31.0) screen=(2121.067, -492.4143)
[Dev] interact Merchant world=(5.4, 0.0, -2.4) screen=(1047.293, 368.0158)
[Dev] interact Shaman world=(-5.6, 0.0, 0.4) screen=(408.5833, 148.8999)
[Dev] interact Elder world=(2.0, 0.0, -5.6) screen=(1038.037, 191.6542)
[Dev] interact Jumo world=(7.1, 0.0, -1.4) screen=(1079.692, 440.1637)
[Dev] interact StashChest world=(3.3, 0.0, -2.05) screen=(933.8992, 321.2533)
[Dev] interact Waypoint world=(-4.2, 0.0, 2.2) screen=(390.0698, 234.4085)
E2E ▶ talisman_aoe
[Dungeon] heukrang_gul 1층 lv=2 seed=403727558 gen 64x64 rooms=6 up=(44, 56) down=(7, 23) enemies=20 roster=bandit,bat,talisman_master elites=["방2:금색×3(깊이 0.50)"] named=-
[Quest] heukrang_gul 1층 — 싹쓸이 셈 시작 20 (heukrang_clear:none)
[Audio] BGM dungeon → dungeon_1.ogg
[Save] level 흑랑 굴 1층 → user://save_e2e.json (C:/Users/FORYOUCOM/AppData/Roaming/Godot/app_userdata/Joseon Hunters/wt/codex-630-whirl-structure/save_e2e.json)
[Dev] stairs StairsUp dir=-1 world=(44.5, 0.0, 56.5) screen=(593.7165, 335.9509)
[Dev] stairs StairsDown dir=1 world=(7.5, 0.0, 23.5) screen=(408.583, -1534.551)
[Dev] interact PusJar world=(29.5, 0.0, 42.5) screen=(547.433, -487.0705)
[Dev] interact @Area3D@44736 world=(14.5, 0.0, 24.5) screen=(686.2831, -1368.878)
[Dev] interact @Area3D@44737 world=(23.5, 0.0, 18.5) screen=(1380.534, -1288.714)
[Dev] interact LootChest world=(29.5, 0.0, 39.5) screen=(686.2831, -567.2349)
[Dev] interact @Area3D@44738 world=(40.5, 0.0, 38.5) screen=(1241.683, -300.0204)
[Dev] interact LootPot world=(17.5, 0.0, 43.5) screen=(-54.25064, -781.0067)
[Dev] interact @Area3D@44739 world=(18.5, 0.0, 44.5) screen=(-54.25041, -727.5637)
[Dev] interact @Area3D@44740 world=(19.5, 0.0, 9.5) screen=(1611.95, -1636.093)
[Dev] interact @Area3D@44741 world=(20.5, 0.0, 9.5) screen=(1658.234, -1609.372)
[Dev] interact @Area3D@44742 world=(43.5, 0.0, 60.5) screen=(362.2997, 368.0159)
[Dev] interact @Area3D@44743 world=(43.5, 0.0, 59.5) screen=(408.583, 341.2944)
[Dev] interact @Area3D@44744 world=(21.5, 0.0, 39.5) screen=(316.0163, -781.0065)
[Dev] removed 20 enemies
[Talisman] 화염부 → 적 (20.5, 0.0, 50.2) (배율 1.20 · 아낌 false · 흩뿌리기 {  })
[Kill] +6 xp (lv 1, 6/20)
[Kill] +6 xp (lv 1, 12/20)
[Dev] item 엽전 world=(19.1, 0.0, 49.59925) screen=(755.7427, 416.1167)
  · fire: 겨눈 자리 (20.0, 0.0, 49.5) · 끝 = burst (radius=1.50)
  ·   [터지는 순간] #0 hp0=3 죽음 — 막타 속성=fire · kind=ash play=ash
  ·   [터지는 순간] #1 hp0=3 그대로(반경 밖)
  ·   [터지는 순간] #2 hp0=3 죽음 — 막타 속성=fire · kind=ash play=ash
  ·   [터지는 순간] #3 hp0=3 그대로(반경 밖)
  ·   [터지는 순간] #4 hp0=15 hp=1.0 화상=true 빙결=false 한기=false
  ·   [터지는 순간] #5 hp0=15 그대로(반경 밖)
[Kill] +6 xp (lv 1, 18/20)
  ·   [0.5초] #0 hp0=3 죽음 — 막타 속성=fire · kind=ash play=ash
  ·   [0.5초] #1 hp0=3 그대로(반경 밖)
  ·   [0.5초] #2 hp0=3 죽음 — 막타 속성=fire · kind=ash play=ash
  ·   [0.5초] #3 hp0=3 그대로(반경 밖)
  ·   [0.5초] #4 hp0=15 죽음 — 막타 속성=fire · kind=ash play=ash
  ·   [0.5초] #5 hp0=15 그대로(반경 밖)
  ·   [1.5초] #0 hp0=3 죽음 — 막타 속성=fire · kind=ash play=ash
  ·   [1.5초] #1 hp0=3 그대로(반경 밖)
  ·   [1.5초] #2 hp0=3 죽음 — 막타 속성=fire · kind=ash play=ash
  ·   [1.5초] #3 hp0=3 그대로(반경 밖)
  ·   [1.5초] #4 hp0=15 죽음 — 막타 속성=fire · kind=ash play=ash
  ·   [1.5초] #5 hp0=15 그대로(반경 밖)
  · fire: 요약 — 맞은 마릿수 3/6 · 죽음 3/6 · 막타 속성 [&"fire"] · 죽음 종류 [&"ash"]
[Talisman] 빙결부 → 적 (20.5, 0.0, 50.2) (배율 1.20 · 아낌 false · 흩뿌리기 {  })
[Kill] +6 xp (lv 2, 4/57)
[LevelUp] lv=2 stat_pts=5 skill_pts=1
[Dev] item 엽전 world=(19.1, 0.0, 48.88861) screen=(788.6335, 397.1267)
[Dev] item 짚신 world=(19.1, 0.0, 48.88861) screen=(788.6335, 397.1267)
[Kill] +6 xp (lv 2, 10/57)
[Dev] item 묵함 world=(19.1, 0.0, 49.59925) screen=(755.7427, 416.1161)
  · cold: 겨눈 자리 (20.0, 0.0, 49.5) · 끝 = burst (radius=1.50)
  ·   [터지는 순간] #0 hp0=3 죽음 — 막타 속성=cold · kind=shatter play=shatter
  ·   [터지는 순간] #1 hp0=3 그대로(반경 밖)
  ·   [터지는 순간] #2 hp0=3 죽음 — 막타 속성=cold · kind=shatter play=shatter
  ·   [터지는 순간] #3 hp0=3 그대로(반경 밖)
  ·   [터지는 순간] #4 hp0=15 hp=8.0 화상=false 빙결=true 한기=true
  ·   [터지는 순간] #5 hp0=15 그대로(반경 밖)
  ·   [0.5초] #0 hp0=3 죽음 — 막타 속성=cold · kind=shatter play=shatter
  ·   [0.5초] #1 hp0=3 그대로(반경 밖)
  ·   [0.5초] #2 hp0=3 죽음 — 막타 속성=cold · kind=shatter play=shatter
  ·   [0.5초] #3 hp0=3 그대로(반경 밖)
  ·   [0.5초] #4 hp0=15 hp=8.0 화상=false 빙결=true 한기=true
  ·   [0.5초] #5 hp0=15 그대로(반경 밖)
  ·   [1.5초] #0 hp0=3 죽음 — 막타 속성=cold · kind=shatter play=shatter
  ·   [1.5초] #1 hp0=3 그대로(반경 밖)
  ·   [1.5초] #2 hp0=3 죽음 — 막타 속성=cold · kind=shatter play=shatter
  ·   [1.5초] #3 hp0=3 그대로(반경 밖)
  ·   [1.5초] #4 hp0=15 hp=8.0 화상=false 빙결=false 한기=true
  ·   [1.5초] #5 hp0=15 그대로(반경 밖)
  · cold: 요약 — 맞은 마릿수 3/6 · 죽음 2/6 · 막타 속성 [&"cold"] · 죽음 종류 [&"shatter"]
E2E talisman_aoe PASS (검사 16)
[Audio] BGM town → town.ogg
[Save] level 못골 마을 → user://save_e2e.json (C:/Users/FORYOUCOM/AppData/Roaming/Godot/app_userdata/Joseon Hunters/wt/codex-630-whirl-structure/save_e2e.json)
[Dev] stairs DungeonEntrance dir=1 world=(0.0, 0.0, -31.0) screen=(2121.067, -492.4143)
[Dev] interact Merchant world=(5.4, 0.0, -2.4) screen=(1047.293, 368.0158)
[Dev] interact Shaman world=(-5.6, 0.0, 0.4) screen=(408.5833, 148.8999)
[Dev] interact Elder world=(2.0, 0.0, -5.6) screen=(1038.037, 191.6542)
[Dev] interact Jumo world=(7.1, 0.0, -1.4) screen=(1079.692, 440.1637)
[Dev] interact StashChest world=(3.3, 0.0, -2.05) screen=(933.8992, 321.2533)
[Dev] interact Waypoint world=(-4.2, 0.0, 2.2) screen=(390.0698, 234.4085)
E2E ▶ loot_drop
[Dungeon] heukrang_gul 1층 lv=2 seed=403727558 gen 64x64 rooms=6 up=(44, 56) down=(7, 23) enemies=20 roster=bandit,bat,talisman_master elites=["방2:금색×3(깊이 0.50)"] named=-
[Quest] heukrang_gul 1층 — 싹쓸이 셈 시작 20 (heukrang_clear:none)
[Audio] BGM dungeon → dungeon_4.ogg
[Save] level 흑랑 굴 1층 → user://save_e2e.json (C:/Users/FORYOUCOM/AppData/Roaming/Godot/app_userdata/Joseon Hunters/wt/codex-630-whirl-structure/save_e2e.json)
[Dev] stairs StairsUp dir=-1 world=(44.5, 0.0, 56.5) screen=(593.7165, 335.9509)
[Dev] stairs StairsDown dir=1 world=(7.5, 0.0, 23.5) screen=(408.583, -1534.551)
[Dev] interact PusJar world=(29.5, 0.0, 42.5) screen=(547.433, -487.0705)
[Dev] interact @Area3D@45163 world=(14.5, 0.0, 24.5) screen=(686.2831, -1368.878)
[Dev] interact @Area3D@45164 world=(23.5, 0.0, 18.5) screen=(1380.534, -1288.714)
[Dev] interact LootChest world=(29.5, 0.0, 39.5) screen=(686.2831, -567.2349)
[Dev] interact @Area3D@45165 world=(40.5, 0.0, 38.5) screen=(1241.683, -300.0204)
[Dev] interact LootPot world=(17.5, 0.0, 43.5) screen=(-54.25064, -781.0067)
[Dev] interact @Area3D@45166 world=(18.5, 0.0, 44.5) screen=(-54.25041, -727.5637)
[Dev] interact @Area3D@45167 world=(19.5, 0.0, 9.5) screen=(1611.95, -1636.093)
[Dev] interact @Area3D@45168 world=(20.5, 0.0, 9.5) screen=(1658.234, -1609.372)
[Dev] interact @Area3D@45169 world=(43.5, 0.0, 60.5) screen=(362.2997, 368.0159)
[Dev] interact @Area3D@45170 world=(43.5, 0.0, 59.5) screen=(408.583, 341.2944)
[Dev] interact @Area3D@45171 world=(21.5, 0.0, 39.5) screen=(316.0163, -781.0065)
[Dev] removed 20 enemies
[Dev] item 철검 world=(46.9, 0.0, 57.9) screen=(639.9998, 418.8081)
[Dev] item 누비옷 world=(46.9, 0.0, 57.9) screen=(639.9998, 418.8081)
[Dev] item 은가락지 world=(46.9, 0.0, 57.9) screen=(639.9998, 418.8081)
[Dev] item 탕약 — 쌍화탕 world=(46.9, 0.0, 57.9) screen=(639.9998, 418.8081)
[Dev] item 엽전 world=(46.9, 0.0, 57.9) screen=(639.9998, 418.8081)
[Audio] 같은 순간 같은 큐 상한(3) 넘침 — drop ×2 (버림 누계 492)
[Dev] item 철검 world=(43.7, 0.0, 58.1) screen=(482.6365, 338.6437)
[Dev] item 철검 world=(44.9, 0.0, 58.1) screen=(538.1766, 370.7094)
[Dev] item  (철검) world=(46.1, 0.0, 58.1) screen=(593.7165, 402.7751)
[Dev] item 서당 훈장 회초리 world=(47.3, 0.0, 58.1) screen=(649.2565, 434.8409)
[Audio] missing cue: drop_rare (파일 규약 design/audio.md §3)
[Dev] item 철검 world=(32.5, 0.0, 32.5) screen=(1149.117, -644.7056)
[Dev] item 누비옷 world=(32.5, 0.0, 32.5) screen=(1149.117, -644.7056)
[Dev] item 은가락지 world=(32.5, 0.0, 32.5) screen=(1149.117, -644.7056)
[Dev] item 탕약 — 쌍화탕 world=(32.5, 0.0, 32.5) screen=(1149.117, -644.7056)
[Dev] item 엽전 world=(32.5, 0.0, 32.5) screen=(1149.117, -644.7056)
E2E loot_drop PASS (검사 24)
[Audio] BGM town → town.ogg
[Save] level 못골 마을 → user://save_e2e.json (C:/Users/FORYOUCOM/AppData/Roaming/Godot/app_userdata/Joseon Hunters/wt/codex-630-whirl-structure/save_e2e.json)
[Dev] stairs DungeonEntrance dir=1 world=(0.0, 0.0, -31.0) screen=(2121.067, -492.4143)
[Dev] interact Merchant world=(5.4, 0.0, -2.4) screen=(1047.293, 368.0158)
[Dev] interact Shaman world=(-5.6, 0.0, 0.4) screen=(408.5833, 148.8999)
[Dev] interact Elder world=(2.0, 0.0, -5.6) screen=(1038.037, 191.6542)
[Dev] interact Jumo world=(7.1, 0.0, -1.4) screen=(1079.692, 440.1637)
[Dev] interact StashChest world=(3.3, 0.0, -2.05) screen=(933.8992, 321.2533)
[Dev] interact Waypoint world=(-4.2, 0.0, 2.2) screen=(390.0698, 234.4085)
E2E ▶ potion_icons
  · #599 여섯 병: 다 마신 직후 생명 +5.71 · 1초 뒤 6.7 → 43.9 · 영약 끝 5.00초(도력 166.0000) · 탕약 끝 7.00초(생명 261.0000)
[Dungeon] heukrang_gul 1층 lv=2 seed=403727558 gen 64x64 rooms=6 up=(44, 56) down=(7, 23) enemies=20 roster=bandit,bat,talisman_master elites=["방2:금색×3(깊이 0.50)"] named=-
[Quest] heukrang_gul 1층 — 싹쓸이 셈 시작 20 (heukrang_clear:none)
[Audio] BGM dungeon → dungeon_2.ogg
[Save] level 흑랑 굴 1층 → user://save_e2e.json (C:/Users/FORYOUCOM/AppData/Roaming/Godot/app_userdata/Joseon Hunters/wt/codex-630-whirl-structure/save_e2e.json)
[Dev] stairs StairsUp dir=-1 world=(44.5, 0.0, 56.5) screen=(593.7165, 335.9509)
[Dev] stairs StairsDown dir=1 world=(7.5, 0.0, 23.5) screen=(408.583, -1534.551)
[Dev] interact PusJar world=(29.5, 0.0, 42.5) screen=(547.433, -487.0705)
[Dev] interact @Area3D@45565 world=(14.5, 0.0, 24.5) screen=(686.2831, -1368.878)
[Dev] interact @Area3D@45566 world=(23.5, 0.0, 18.5) screen=(1380.534, -1288.714)
[Dev] interact LootChest world=(29.5, 0.0, 39.5) screen=(686.2831, -567.2349)
[Dev] interact @Area3D@45567 world=(40.5, 0.0, 38.5) screen=(1241.683, -300.0204)
[Dev] interact LootPot world=(17.5, 0.0, 43.5) screen=(-54.25064, -781.0067)
[Dev] interact @Area3D@45568 world=(18.5, 0.0, 44.5) screen=(-54.25041, -727.5637)
[Dev] interact @Area3D@45569 world=(19.5, 0.0, 9.5) screen=(1611.95, -1636.093)
[Dev] interact @Area3D@45570 world=(20.5, 0.0, 9.5) screen=(1658.234, -1609.372)
[Dev] interact @Area3D@45571 world=(43.5, 0.0, 60.5) screen=(362.2997, 368.0159)
[Dev] interact @Area3D@45572 world=(43.5, 0.0, 59.5) screen=(408.583, 341.2944)
[Dev] interact @Area3D@45573 world=(21.5, 0.0, 39.5) screen=(316.0163, -781.0065)
[Dev] removed 20 enemies
[Click] world=(46.5, 0.0, 56.5) cell=(46, 56)
  · #599 겹침 끔: 알림 ["탕약 기운이 아직 돈다"] · 던전 1층 → 귀환문 → 마을을 지나 생명 1 → 41.0000
E2E potion_icons PASS (검사 57)
[Save] level 못골 마을 → user://save_e2e.json (C:/Users/FORYOUCOM/AppData/Roaming/Godot/app_userdata/Joseon Hunters/wt/codex-630-whirl-structure/save_e2e.json)
[Dev] stairs DungeonEntrance dir=1 world=(0.0, 0.0, -31.0) screen=(2121.067, -492.4143)
[Dev] interact Merchant world=(5.4, 0.0, -2.4) screen=(1047.293, 368.0158)
[Dev] interact Shaman world=(-5.6, 0.0, 0.4) screen=(408.5833, 148.8999)
[Dev] interact Elder world=(2.0, 0.0, -5.6) screen=(1038.037, 191.6542)
[Dev] interact Jumo world=(7.1, 0.0, -1.4) screen=(1079.692, 440.1637)
[Dev] interact StashChest world=(3.3, 0.0, -2.05) screen=(933.8992, 321.2533)
[Dev] interact Waypoint world=(-4.2, 0.0, 2.2) screen=(390.0698, 234.4085)
E2E ▶ potion_tiers
[Save] level 못골 마을 → user://save_e2e.json (C:/Users/FORYOUCOM/AppData/Roaming/Godot/app_userdata/Joseon Hunters/wt/codex-630-whirl-structure/save_e2e.json)
[Dev] stairs DungeonEntrance dir=1 world=(0.0, 0.0, -31.0) screen=(2121.067, -492.4143)
[Dev] interact Merchant world=(5.4, 0.0, -2.4) screen=(1047.293, 368.0158)
[Dev] interact Shaman world=(-5.6, 0.0, 0.4) screen=(408.5833, 148.8999)
[Dev] interact Elder world=(2.0, 0.0, -5.6) screen=(1038.037, 191.6542)
[Dev] interact Jumo world=(7.1, 0.0, -1.4) screen=(1079.692, 440.1637)
[Dev] interact StashChest world=(3.3, 0.0, -2.05) screen=(933.8992, 321.2533)
[Dev] interact Waypoint world=(-4.2, 0.0, 2.2) screen=(390.0698, 234.4085)
[Kill] +1 xp (lv 30, 1/3286)
[Kill] +1 xp (lv 30, 2/3286)
[Dev] item 엽전 world=(2.0, 0.0, 3.0) screen=(640.0, 442.5959)
[Dev] item 무명띠 world=(2.0, 0.0, 3.0) screen=(640.0, 442.5959)
[Dev] item 화염부 world=(2.0, 0.0, 3.0) screen=(640.0, 442.5959)
[Kill] +1 xp (lv 30, 3/3286)
[Dev] item 엽전 world=(2.0, 0.0, 3.0) screen=(640.0, 443.105)
[Dev] item 식별부 world=(2.0, 0.0, 3.0) screen=(640.0, 443.105)
[Kill] +1 xp (lv 30, 4/3286)
[Kill] +1 xp (lv 30, 5/3286)
[Dev] item 엽전 world=(2.0, 0.0, 3.0) screen=(640.0, 443.0442)
[Kill] +1 xp (lv 30, 6/3286)
[Dev] item 엽전 world=(2.0, 0.0, 3.0) screen=(640.0, 442.8281)
[Kill] +1 xp (lv 30, 7/3286)
[Dev] item 영약 — 생맥산 world=(2.0, 0.0, 3.0) screen=(640.0, 442.8235)
[Kill] +1 xp (lv 30, 8/3286)
[Kill] +1 xp (lv 30, 9/3286)
[Dev] item 탕약 — 쌍화탕 world=(2.0, 0.0, 3.0) screen=(640.0, 442.7362)
[Dev] item 식별부 world=(2.0, 0.0, 3.0) screen=(640.0, 442.7362)
[Dev] item 화염부 world=(2.0, 0.0, 3.0) screen=(640.0, 442.7362)
[Kill] +1 xp (lv 30, 10/3286)
[Kill] +1 xp (lv 30, 11/3286)
[Dev] item 엽전 world=(2.0, 0.0, 3.0) screen=(640.0, 442.7328)
[Dev] item 무명 도포 world=(2.0, 0.0, 3.0) screen=(640.0, 442.7328)
[Kill] +1 xp (lv 30, 12/3286)
[Kill] +1 xp (lv 30, 13/3286)
[Dev] item 엽전 world=(2.0, 0.0, 3.0) screen=(640.0, 442.7309)
[Dev] item 철검 world=(2.0, 0.0, 3.0) screen=(640.0, 442.7309)
[Kill] +1 xp (lv 30, 14/3286)
[Dev] item 엽전 world=(2.0, 0.0, 3.0) screen=(640.0, 442.7302)
[Kill] +1 xp (lv 30, 15/3286)
[Dev] item 엽전 world=(2.0, 0.0, 3.0) screen=(640.0, 442.7362)
[Dev] item 은가락지 world=(2.0, 0.0, 3.0) screen=(640.0, 442.7362)
[Dev] item 귀환부 world=(2.0, 0.0, 3.0) screen=(640.0, 442.7362)
[Kill] +1 xp (lv 30, 16/3286)
[Dev] item 엽전 world=(2.0, 0.0, 3.0) screen=(640.0, 442.7847)
[Dev] item 철검 world=(2.0, 0.0, 3.0) screen=(640.0, 442.7847)
[Dev] item 탕약 — 쌍화탕 world=(2.0, 0.0, 3.0) screen=(640.0, 442.7847)
[Kill] +1 xp (lv 30, 17/3286)
[Dev] item 엽전 world=(4.645292, 0.0, 5.834851) screen=(640.6503, 450.4775)
[Dev] item 은가락지 world=(4.645292, 0.0, 5.834851) screen=(640.6503, 450.4775)
[Dev] item 식별부 world=(4.645292, 0.0, 5.834851) screen=(640.6503, 450.4775)
[Kill] +1 xp (lv 30, 18/3286)
[Kill] +1 xp (lv 30, 19/3286)
[Dev] item 엽전 world=(4.645292, 0.0, 5.834851) screen=(636.2599, 443.1603)
[Kill] +1 xp (lv 30, 20/3286)
[Dev] item 엽전 world=(4.645292, 0.0, 5.834851) screen=(636.3673, 443.3391)
[Kill] +1 xp (lv 30, 21/3286)
[Kill] +1 xp (lv 30, 22/3286)
[Dev] item 엽전 world=(4.645292, 0.0, 5.834851) screen=(636.4896, 443.5431)
[Dev] item 괴황지 world=(4.645292, 0.0, 5.834851) screen=(636.4896, 443.5431)
[Kill] +1 xp (lv 30, 23/3286)
[Dev] item 엽전 world=(4.645292, 0.0, 5.834851) screen=(636.5325, 443.6145)
[Kill] +1 xp (lv 30, 24/3286)
[Dev] item 엽전 world=(4.645292, 0.0, 5.834851) screen=(636.5093, 443.576)
[Dev] item 미식별 정자관 world=(4.645292, 0.0, 5.834851) screen=(636.5093, 443.576)
[Dev] item 탕약 — 쌍화탕 world=(4.645292, 0.0, 5.834851) screen=(636.5093, 443.576)
[Kill] +1 xp (lv 30, 25/3286)
[Dev] item 엽전 world=(4.645292, 0.0, 5.834851) screen=(636.5093, 443.576)
[Kill] +1 xp (lv 30, 26/3286)
[Dev] item 엽전 world=(4.645292, 0.0, 5.834851) screen=(636.5093, 443.576)
[Dev] item 영약 — 총명탕 world=(4.645292, 0.0, 5.834851) screen=(636.5093, 443.576)
[Kill] +1 xp (lv 30, 27/3286)
[Kill] +1 xp (lv 30, 28/3286)
[Dev] item 엽전 world=(4.645292, 0.0, 5.834851) screen=(636.5093, 443.576)
[Dev] item 철검 world=(4.645292, 0.0, 5.834851) screen=(636.5093, 443.576)
[Kill] +1 xp (lv 30, 29/3286)
[Dev] item 엽전 world=(4.645292, 0.0, 5.834851) screen=(636.5093, 443.576)
[Dev] item 빙결부 world=(4.645292, 0.0, 5.834851) screen=(636.5093, 443.576)
[Kill] +1 xp (lv 30, 30/3286)
[Dev] item 엽전 world=(4.645292, 0.0, 5.834851) screen=(636.5093, 443.576)
[Dev] item 탕약 — 십전대보탕 world=(4.645292, 0.0, 5.834851) screen=(636.5093, 443.576)
[Kill] +1 xp (lv 30, 31/3286)
[Dev] item 영약 — 총명탕 world=(4.645292, 0.0, 5.834851) screen=(636.5093, 443.576)
[Kill] +1 xp (lv 30, 32/3286)
[Dev] item 탕약 — 십전대보탕 world=(4.645292, 0.0, 5.834851) screen=(636.5093, 443.576)
[Kill] +2 xp (lv 30, 34/3286)
[Dev] item 탕약 — 경옥고 world=(4.645292, 0.0, 5.834851) screen=(640.6503, 450.4773)
[Kill] +2 xp (lv 30, 36/3286)
[Kill] +2 xp (lv 30, 38/3286)
[Dev] item 엽전 world=(4.645292, 0.0, 5.834851) screen=(640.6503, 442.4258)
[Dev] item 미식별 예도 world=(4.645292, 0.0, 5.834851) screen=(640.6503, 442.4258)
[Kill] +2 xp (lv 30, 40/3286)
[Dev] item 영약 — 총명탕 world=(4.645292, 0.0, 5.834851) screen=(636.4633, 443.499)
[Kill] +2 xp (lv 30, 42/3286)
[Kill] +2 xp (lv 30, 44/3286)
[Dev] item 엽전 world=(4.645292, 0.0, 5.834851) screen=(640.6503, 442.4288)
[Dev] item 본국검 world=(4.645292, 0.0, 5.834851) screen=(640.6503, 442.4288)
[Kill] +2 xp (lv 30, 46/3286)
[Dev] item 엽전 world=(4.645292, 0.0, 5.834851) screen=(636.5064, 443.5709)
[Dev] item 미식별 두정갑 world=(4.645292, 0.0, 5.834851) screen=(636.5064, 443.5709)
[Dev] item 귀환부 world=(4.645292, 0.0, 5.834851) screen=(636.5064, 443.5709)
[Dev] item 빙결부 world=(4.645292, 0.0, 5.834851) screen=(636.5064, 443.5709)
[Kill] +2 xp (lv 30, 48/3286)
[Dev] item 엽전 world=(4.645292, 0.0, 5.848902) screen=(635.8511, 443.938)
[Dev] item 경면주사 world=(4.645292, 0.0, 5.848902) screen=(635.8511, 443.938)
[Kill] +2 xp (lv 30, 50/3286)
[Dev] item 엽전 world=(4.645292, 0.0, 5.834851) screen=(640.6503, 442.4133)
[Dev] item 미식별 제독검 world=(4.645292, 0.0, 5.834851) screen=(640.6503, 442.4133)
[Kill] +2 xp (lv 30, 52/3286)
[Dev] item 엽전 world=(4.645292, 0.0, 5.834851) screen=(636.5015, 443.5627)
[Dev] item 무명 도포 world=(4.645292, 0.0, 5.834851) screen=(636.5015, 443.5627)
[Dev] item 탕약 — 경옥고 world=(4.645292, 0.0, 5.834851) screen=(636.5015, 443.5627)
[Dev] item 살풀이 부적 world=(4.645292, 0.0, 5.834851) screen=(636.5015, 443.5627)
[Kill] +2 xp (lv 30, 54/3286)
[Kill] +2 xp (lv 30, 56/3286)
[Dev] item 엽전 world=(4.645292, 0.0, 5.834851) screen=(636.4595, 443.4926)
[Dev] item 제독검 world=(4.645292, 0.0, 5.834851) screen=(636.4595, 443.4926)
[Kill] +2 xp (lv 30, 58/3286)
[Dev] item 엽전 world=(4.645292, 0.0, 5.848902) screen=(635.8092, 443.8681)
[Dev] item 광다회 world=(4.645292, 0.0, 5.848902) screen=(635.8092, 443.8681)
[Kill] +2 xp (lv 30, 60/3286)
[Dev] item 엽전 world=(4.645292, 0.0, 5.834851) screen=(640.6503, 442.3319)
[Dev] item 정자관 world=(4.645292, 0.0, 5.834851) screen=(640.6503, 442.3319)
[Kill] +2 xp (lv 30, 62/3286)
[Dev] item 엽전 world=(4.645292, 0.0, 5.834851) screen=(636.4595, 443.4926)
[Dev] item 청심환 world=(4.645292, 0.0, 5.834851) screen=(636.4595, 443.4926)
[Kill] +2 xp (lv 30, 64/3286)
[Dev] item 엽전 world=(4.645292, 0.0, 5.834851) screen=(636.4595, 443.4926)
[Kill] +2 xp (lv 30, 66/3286)
[Dev] item 엽전 world=(4.645292, 0.0, 5.834851) screen=(636.4595, 443.4926)
[Dev] item 본국검 world=(4.645292, 0.0, 5.834851) screen=(636.4595, 443.4926)
[Kill] +2 xp (lv 30, 68/3286)
[Kill] +2 xp (lv 30, 70/3286)
[Dev] item 영약 — 공진단 world=(4.645292, 0.0, 5.834851) screen=(640.6503, 442.343)
[Kill] +2 xp (lv 30, 72/3286)
[Dev] item 엽전 world=(4.645292, 0.0, 5.834851) screen=(636.4756, 443.5193)
[Dev] item 예도 world=(4.645292, 0.0, 5.834851) screen=(636.4756, 443.5193)
[Kill] +2 xp (lv 30, 74/3286)
[Kill] +2 xp (lv 30, 76/3286)
[Dev] item 엽전 world=(4.645292, 0.0, 5.834851) screen=(640.6503, 442.4119)
[Dev] item 탕약 — 십전대보탕 world=(4.645292, 0.0, 5.834851) screen=(640.6503, 442.4119)
[Save] level 못골 마을 → user://save_e2e.json (C:/Users/FORYOUCOM/AppData/Roaming/Godot/app_userdata/Joseon Hunters/wt/codex-630-whirl-structure/save_e2e.json)
[Dev] stairs DungeonEntrance dir=1 world=(0.0, 0.0, -31.0) screen=(2121.067, -492.4143)
[Dev] interact Merchant world=(5.4, 0.0, -2.4) screen=(1047.293, 368.0158)
[Dev] interact Shaman world=(-5.6, 0.0, 0.4) screen=(408.5833, 148.8999)
[Dev] interact Elder world=(2.0, 0.0, -5.6) screen=(1038.037, 191.6542)
[Dev] interact Jumo world=(7.1, 0.0, -1.4) screen=(1079.692, 440.1637)
[Dev] interact StashChest world=(3.3, 0.0, -2.05) screen=(933.8992, 321.2533)
[Dev] interact Waypoint world=(-4.2, 0.0, 2.2) screen=(390.0698, 234.4085)
[Click] world=(5.4, 0.0, -2.4) cell=(5, -3)
[Save] talk merchant → user://save_e2e.json (C:/Users/FORYOUCOM/AppData/Roaming/Godot/app_userdata/Joseon Hunters/wt/codex-630-whirl-structure/save_e2e.json)
E2E potion_tiers PASS (검사 10)
[Save] level 못골 마을 → user://save_e2e.json (C:/Users/FORYOUCOM/AppData/Roaming/Godot/app_userdata/Joseon Hunters/wt/codex-630-whirl-structure/save_e2e.json)
[Dev] stairs DungeonEntrance dir=1 world=(0.0, 0.0, -31.0) screen=(2121.067, -492.4143)
[Dev] interact Merchant world=(5.4, 0.0, -2.4) screen=(1047.293, 368.0158)
[Dev] interact Shaman world=(-5.6, 0.0, 0.4) screen=(408.5833, 148.8999)
[Dev] interact Elder world=(2.0, 0.0, -5.6) screen=(1038.037, 191.6542)
[Dev] interact Jumo world=(7.1, 0.0, -1.4) screen=(1079.692, 440.1637)
[Dev] interact StashChest world=(3.3, 0.0, -2.05) screen=(933.8992, 321.2533)
[Dev] interact Waypoint world=(-4.2, 0.0, 2.2) screen=(390.0698, 234.4085)
E2E ▶ loot_props
[Dungeon] heukrang_gul 1층 lv=2 seed=403727558 gen 64x64 rooms=6 up=(44, 56) down=(7, 23) enemies=20 roster=bandit,bat,talisman_master elites=["방2:금색×3(깊이 0.50)"] named=-
[Quest] heukrang_gul 1층 — 싹쓸이 셈 시작 20 (heukrang_clear:none)
[Audio] BGM dungeon → dungeon_4.ogg
[Save] level 흑랑 굴 1층 → user://save_e2e.json (C:/Users/FORYOUCOM/AppData/Roaming/Godot/app_userdata/Joseon Hunters/wt/codex-630-whirl-structure/save_e2e.json)
[Dev] stairs StairsUp dir=-1 world=(44.5, 0.0, 56.5) screen=(593.7165, 335.9509)
[Dev] stairs StairsDown dir=1 world=(7.5, 0.0, 23.5) screen=(408.583, -1534.551)
[Dev] interact PusJar world=(29.5, 0.0, 42.5) screen=(547.433, -487.0705)
[Dev] interact @Area3D@47101 world=(14.5, 0.0, 24.5) screen=(686.2831, -1368.878)
[Dev] interact @Area3D@47102 world=(23.5, 0.0, 18.5) screen=(1380.534, -1288.714)
[Dev] interact LootChest world=(29.5, 0.0, 39.5) screen=(686.2831, -567.2349)
[Dev] interact @Area3D@47103 world=(40.5, 0.0, 38.5) screen=(1241.683, -300.0204)
[Dev] interact LootPot world=(17.5, 0.0, 43.5) screen=(-54.25064, -781.0067)
[Dev] interact @Area3D@47104 world=(18.5, 0.0, 44.5) screen=(-54.25041, -727.5637)
[Dev] interact @Area3D@47105 world=(19.5, 0.0, 9.5) screen=(1611.95, -1636.093)
[Dev] interact @Area3D@47106 world=(20.5, 0.0, 9.5) screen=(1658.234, -1609.372)
[Dev] interact @Area3D@47107 world=(43.5, 0.0, 60.5) screen=(362.2997, 368.0159)
[Dev] interact @Area3D@47108 world=(43.5, 0.0, 59.5) screen=(408.583, 341.2944)
[Dev] interact @Area3D@47109 world=(21.5, 0.0, 39.5) screen=(316.0163, -781.0065)
[Dev] removed 20 enemies
[Click] world=(21.5, 0.0, 39.5) cell=(21, 39)
[Dev] item 엽전 world=(21.5, 0.0, 39.5) screen=(579.1749, 304.2693)
[Loot] 항아리 지역 2 → 엽전
[Click] world=(29.5, 0.0, 39.5) cell=(29, 39)
[Dev] item 은가락지 world=(29.5, 0.0, 39.5) screen=(729.9243, 393.1665)
[Dev] item 영약 — 생맥산 world=(29.5, 0.0, 39.5) screen=(729.9243, 393.1665)
[Loot] 궤짝 지역 2 → 은가락지, 영약 — 생맥산
[Click] world=(29.83607, 0.076394, 39.682) cell=(29, 39)
[Click] world=(19.5, 0.0, 44.5) cell=(19, 44)
[Click] world=(19.5, 0.0, 44.5) cell=(19, 44)
[Click] world=(19.5, 0.0, 44.5) cell=(19, 44)
[Loot] 항아리 지역 2 → 빈 것
[Dev] removed 1 enemies
[Dungeon] heukrang_gul 2층 lv=3 seed=3189434797 preset 28x28 rooms=2 up=(22, 23) down=(-1, -1) enemies=2 roster=bat elites=[] named=-
[Audio] BGM boss → boss.ogg
[Save] level 흑랑 굴 2층 → user://save_e2e.json (C:/Users/FORYOUCOM/AppData/Roaming/Godot/app_userdata/Joseon Hunters/wt/codex-630-whirl-structure/save_e2e.json)
[Dev] stairs StairsUp dir=-1 world=(22.5, 0.0, 23.5) screen=(593.7167, 335.9507)
[Dev] item 화염부 world=(32.5, 0.0, 70.5) screen=(-1118.768, 1840.389)
[Dev] item 빙결부 world=(33.5, 0.0, 69.5) screen=(-1026.201, 1840.389)
[Field] deulnyeok seed=355022911 128x128 props=2252 packs=18 enemies=77 waypoint=(62, 65) roster=bandit,bat,talisman_master elites=["13:파란×4@구간3"]
[Audio] BGM dungeon → dungeon_3.ogg
[Save] level 못골 들녘 → user://save_e2e.json (C:/Users/FORYOUCOM/AppData/Roaming/Godot/app_userdata/Joseon Hunters/wt/codex-630-whirl-structure/save_e2e.json)
[Dev] stairs Down_cave dir=1 world=(88.5, 0.0, 3.5) screen=(7212.236, 897.1014)
[Dev] interact Waypoint world=(62.5, 0.0, 65.5) screen=(3139.301, 1810.974)
[Dev] interact FloorItem world=(32.5, 0.0, 70.5) screen=(1519.384, 1142.938)
[Dev] interact @Area3D@47689 world=(33.5, 0.0, 69.5) screen=(1611.95, 1142.938)
[Dev] interact PusJar world=(95.5, 0.0, 103.5) screen=(2907.884, 3708.197)
[Dev] interact @Area3D@47916 world=(101.5, 0.0, 105.5) screen=(3093.018, 3921.969)
[Dev] interact @Area3D@47917 world=(98.5, 0.0, 107.5) screen=(2861.601, 3895.247)
[Dev] interact LootChest world=(27.5, 0.0, 70.5) screen=(1287.967, 1009.331)
[Dev] interact @Area3D@47918 world=(94.5, 0.0, 100.5) screen=(3000.451, 3601.312)
[Dev] interact @Area3D@47919 world=(55.5, 0.0, 52.5) screen=(3417.001, 1276.545)
[Dev] interact LootPot world=(46.5, 0.0, 68.5) screen=(2259.917, 1463.595)
[Dev] interact @Area3D@47920 world=(73.5, 0.0, 47.5) screen=(4481.519, 1623.924)
[Dev] interact @Area3D@47921 world=(90.5, 0.0, 47.5) screen=(5268.335, 2078.189)
[Dev] interact @Area3D@47922 world=(111.5, 0.0, 49.5) screen=(6147.719, 2692.782)
[Dev] interact @Area3D@47923 world=(101.5, 0.0, 101.5) screen=(3278.151, 3815.083)
[Dev] interact @Area3D@47924 world=(86.5, 0.0, 76.5) screen=(3740.984, 2746.225)
[Dev] interact @Area3D@47925 world=(53.5, 0.0, 52.5) screen=(3324.434, 1223.102)
[Dev] interact @Area3D@47926 world=(87.5, 0.0, 95.5) screen=(2907.884, 3280.654)
[Dev] interact @Area3D@47927 world=(26.5, 0.0, 66.5) screen=(1426.817, 875.7234)
[Dev] interact @Area3D@47928 world=(17.5, 0.0, 60.5) screen=(1287.967, 474.9016)
[Dev] interact @Area3D@47929 world=(86.5, 0.0, 22.5) screen=(6240.286, 1303.266)
[Dev] interact @Area3D@47930 world=(59.5, 0.0, 65.5) screen=(3000.451, 1730.81)
[Dev] interact @Area3D@47931 world=(18.5, 0.0, 74.5) screen=(686.2832, 875.7234)
[Dev] interact @Area3D@47932 world=(44.5, 0.0, 69.5) screen=(2121.067, 1436.874)
[Dev] interact @Area3D@47933 world=(73.5, 0.0, 49.5) screen=(4388.952, 1677.367)
[Dev] interact @Area3D@47934 world=(88.5, 0.0, 52.5) screen=(4944.352, 2158.353)
E2E loot_props PASS (검사 19)
[Audio] BGM town → town.ogg
[Save] level 못골 마을 → user://save_e2e.json (C:/Users/FORYOUCOM/AppData/Roaming/Godot/app_userdata/Joseon Hunters/wt/codex-630-whirl-structure/save_e2e.json)
[Dev] stairs DungeonEntrance dir=1 world=(0.0, 0.0, -31.0) screen=(2121.067, -492.4143)
[Dev] interact Merchant world=(5.4, 0.0, -2.4) screen=(1047.293, 368.0158)
[Dev] interact Shaman world=(-5.6, 0.0, 0.4) screen=(408.5833, 148.8999)
[Dev] interact Elder world=(2.0, 0.0, -5.6) screen=(1038.037, 191.6542)
[Dev] interact Jumo world=(7.1, 0.0, -1.4) screen=(1079.692, 440.1637)
[Dev] interact StashChest world=(3.3, 0.0, -2.05) screen=(933.8992, 321.2533)
[Dev] interact Waypoint world=(-4.2, 0.0, 2.2) screen=(390.0698, 234.4085)
E2E ▶ elite_pack
[Dungeon] heukrang_gul 1층 lv=2 seed=403727558 gen 64x64 rooms=6 up=(44, 56) down=(7, 23) enemies=20 roster=bandit,bat,talisman_master elites=["방2:금색×3(깊이 0.50)"] named=-
[Quest] heukrang_gul 1층 — 싹쓸이 셈 시작 20 (heukrang_clear:none)
[Audio] BGM dungeon → dungeon_1.ogg
[Save] level 흑랑 굴 1층 → user://save_e2e.json (C:/Users/FORYOUCOM/AppData/Roaming/Godot/app_userdata/Joseon Hunters/wt/codex-630-whirl-structure/save_e2e.json)
[Dev] stairs StairsUp dir=-1 world=(44.5, 0.0, 56.5) screen=(593.7165, 335.9509)
[Dev] stairs StairsDown dir=1 world=(7.5, 0.0, 23.5) screen=(408.583, -1534.551)
[Dev] interact PusJar world=(29.5, 0.0, 42.5) screen=(547.433, -487.0705)
[Dev] interact @Area3D@48297 world=(14.5, 0.0, 24.5) screen=(686.2831, -1368.878)
[Dev] interact @Area3D@48298 world=(23.5, 0.0, 18.5) screen=(1380.534, -1288.714)
[Dev] interact LootChest world=(29.5, 0.0, 39.5) screen=(686.2831, -567.2349)
[Dev] interact @Area3D@48299 world=(40.5, 0.0, 38.5) screen=(1241.683, -300.0204)
[Dev] interact LootPot world=(17.5, 0.0, 43.5) screen=(-54.25064, -781.0067)
[Dev] interact @Area3D@48300 world=(18.5, 0.0, 44.5) screen=(-54.25041, -727.5637)
[Dev] interact @Area3D@48301 world=(19.5, 0.0, 9.5) screen=(1611.95, -1636.093)
[Dev] interact @Area3D@48302 world=(20.5, 0.0, 9.5) screen=(1658.234, -1609.372)
[Dev] interact @Area3D@48303 world=(43.5, 0.0, 60.5) screen=(362.2997, 368.0159)
[Dev] interact @Area3D@48304 world=(43.5, 0.0, 59.5) screen=(408.583, 341.2944)
[Dev] interact @Area3D@48305 world=(21.5, 0.0, 39.5) screen=(316.0163, -781.0065)
[Dev] removed 20 enemies
  · 층 지역 레벨 2
[Dev] 파란 무리 질긴 산적 ×4 · 1회차 · Lv3 · 생명 94 · 옵션 tough · 무리 606
[Audio] 전투 밀집 — 노리는 무게 8 ≥ 5 → dungeon_tense
[Audio] BGM dungeon_tense → dungeon_tense.ogg
[Dev] removed 4 enemies
[Dev] 우두머리 악귀 같은 바우 ×3 · 1회차 · Lv4 · 생명 104 · 옵션 fire_enchanted · 무리 607
[Kill] +55 xp (lv 2, 35/57)
[LevelUp] lv=2 stat_pts=5 skill_pts=1
[Dev] item 엽전 world=(19.5, 0.0, 49.5) screen=(513.5597, 271.3467)
[Dev] item 괴황지 world=(19.5, 0.0, 49.5) screen=(513.5597, 271.3467)
[Dev] item 엽전 world=(19.5, 0.0, 49.5) screen=(513.5597, 271.3467)
[Dev] item 영약 — 생맥산 world=(19.5, 0.0, 49.5) screen=(513.5597, 271.3467)
[Dev] item 수복 world=(19.5, 0.0, 49.5) screen=(513.5597, 271.3467)
[Dev] item 엽전 world=(19.5, 0.0, 49.5) screen=(513.5597, 271.3467)
[Dev] item 미식별 가죽갑 world=(19.5, 0.0, 49.5) screen=(513.5597, 271.3467)
[Audio] 같은 순간 같은 큐 상한(3) 넘침 — drop ×3 (버림 누계 495)
[Dev] removed 3 enemies
[Kill] +26 xp (lv 3, 4/104)
[LevelUp] lv=3 stat_pts=10 skill_pts=2
[Dev] item 엽전 world=(23.5, 0.0, 49.5) screen=(778.6039, 424.0114)
[Dev] item 인장 world=(23.5, 0.0, 49.5) screen=(778.6039, 424.0114)
[Dev] item 탕약 — 쌍화탕 world=(23.5, 0.0, 49.5) screen=(778.6039, 424.0114)
[Dev] item 귀환부 world=(23.5, 0.0, 49.5) screen=(778.6039, 424.0114)
[Dev] item 괴황지 world=(23.5, 0.0, 49.5) screen=(778.6039, 424.0114)
[Dev] item 경면주사 world=(23.5, 0.0, 49.5) screen=(778.6039, 424.0114)
[Dev] removed 3 enemies
[Audio] 같은 순간 같은 큐 상한(3) 넘침 — drop ×3 (버림 누계 498)
[Dev] removed 3 enemies
[Dev] removed 3 enemies
E2E elite_pack PASS (검사 52)
[Audio] BGM town → town.ogg
[Save] level 못골 마을 → user://save_e2e.json (C:/Users/FORYOUCOM/AppData/Roaming/Godot/app_userdata/Joseon Hunters/wt/codex-630-whirl-structure/save_e2e.json)
[Dev] stairs DungeonEntrance dir=1 world=(0.0, 0.0, -31.0) screen=(2121.067, -492.4143)
[Dev] interact Merchant world=(5.4, 0.0, -2.4) screen=(1047.293, 368.0158)
[Dev] interact Shaman world=(-5.6, 0.0, 0.4) screen=(408.5833, 148.8999)
[Dev] interact Elder world=(2.0, 0.0, -5.6) screen=(1038.037, 191.6542)
[Dev] interact Jumo world=(7.1, 0.0, -1.4) screen=(1079.692, 440.1637)
[Dev] interact StashChest world=(3.3, 0.0, -2.05) screen=(933.8992, 321.2533)
[Dev] interact Waypoint world=(-4.2, 0.0, 2.2) screen=(390.0698, 234.4085)
E2E ▶ elite_slots
[Dev] item 화염부 world=(32.5, 0.0, 70.5) screen=(-1072.484, 3072.227)
[Dev] item 빙결부 world=(33.5, 0.0, 69.5) screen=(-979.9173, 3072.227)
[Field] deulnyeok seed=137177645 128x128 props=2363 packs=18 enemies=73 waypoint=(59, 60) roster=bandit,bat,talisman_master elites=["11:파란×4@구간2"]
[Audio] BGM dungeon → dungeon_4.ogg
[Save] level 못골 들녘 → user://save_e2e.json (C:/Users/FORYOUCOM/AppData/Roaming/Godot/app_userdata/Joseon Hunters/wt/codex-630-whirl-structure/save_e2e.json)
  · 시드 3340239649 · 무리 11/18 · 구간 2 · 레벨 2 · 산적 ×4 · 강화 fierce
[Dev] item 화염부 world=(32.5, 0.0, 70.5) screen=(1519.384, 1175.004)
[Dev] item 빙결부 world=(33.5, 0.0, 69.5) screen=(1611.95, 1175.004)
[Field] deulnyeok seed=137177645 128x128 props=2363 packs=18 enemies=72 waypoint=(59, 60) roster=bandit,bat,talisman_master elites=[]
[Save] level 못골 들녘 → user://save_e2e.json (C:/Users/FORYOUCOM/AppData/Roaming/Godot/app_userdata/Joseon Hunters/wt/codex-630-whirl-structure/save_e2e.json)
[Dev] item 화염부 world=(32.5, 0.0, 70.5) screen=(1519.384, 1175.004)
[Dev] item 빙결부 world=(33.5, 0.0, 69.5) screen=(1611.95, 1175.004)
[Field] deulnyeok seed=137177645 128x128 props=2363 packs=18 enemies=73 waypoint=(59, 60) roster=bandit,bat,talisman_master elites=["11:파란×4@구간2"]
[Save] level 못골 들녘 → user://save_e2e.json (C:/Users/FORYOUCOM/AppData/Roaming/Godot/app_userdata/Joseon Hunters/wt/codex-630-whirl-structure/save_e2e.json)
[Dev] stairs Down_cave dir=1 world=(88.5, 0.0, 3.5) screen=(7212.236, 897.1014)
[Dev] interact Waypoint world=(59.5, 0.0, 60.5) screen=(3231.868, 1597.203)
[Dev] interact FloorItem world=(32.5, 0.0, 70.5) screen=(1519.384, 1142.938)
[Dev] interact @Area3D@50513 world=(33.5, 0.0, 69.5) screen=(1611.95, 1142.938)
[Dev] interact PusJar world=(95.5, 0.0, 103.5) screen=(2907.884, 3708.197)
[Dev] interact @Area3D@50729 world=(101.5, 0.0, 105.5) screen=(3093.018, 3921.969)
[Dev] interact @Area3D@50730 world=(98.5, 0.0, 107.5) screen=(2861.601, 3895.247)
[Dev] interact LootChest world=(32.5, 0.0, 65.5) screen=(1750.8, 1009.331)
[Dev] interact @Area3D@50731 world=(100.5, 0.0, 101.5) screen=(3231.868, 3788.362)
[Dev] interact @Area3D@50732 world=(39.5, 0.0, 75.5) screen=(1611.95, 1463.595)
[Dev] interact LootPot world=(112.5, 0.0, 40.5) screen=(6610.553, 2479.01)
[Dev] interact @Area3D@50733 world=(34.5, 0.0, 66.5) screen=(1797.084, 1089.495)
[Dev] interact @Area3D@50734 world=(24.5, 0.0, 59.5) screen=(1658.234, 635.2303)
[Dev] interact @Area3D@50735 world=(102.5, 0.0, 93.5) screen=(3694.702, 3628.033)
[Dev] interact @Area3D@50736 world=(39.5, 0.0, 73.5) screen=(1704.517, 1410.152)
[Dev] interact @Area3D@50737 world=(58.5, 0.0, 37.5) screen=(4250.102, 955.8878)
[Dev] interact @Area3D@50738 world=(66.5, 0.0, 62.5) screen=(3463.285, 1837.696)
[Dev] interact @Area3D@50739 world=(104.5, 0.0, 55.5) screen=(5546.036, 2666.061)
[Dev] interact @Area3D@50740 world=(75.5, 0.0, 60.5) screen=(3972.401, 2024.746)
[Dev] interact @Area3D@50741 world=(80.5, 0.0, 75.5) screen=(3509.568, 2559.175)
[Dev] interact @Area3D@50742 world=(89.5, 0.0, 20.5) screen=(6471.703, 1329.988)
[Dev] interact @Area3D@50743 world=(84.5, 0.0, 48.5) screen=(4944.352, 1944.581)
[Dev] interact @Area3D@50744 world=(102.5, 0.0, 102.5) screen=(3278.151, 3868.526)
[Dev] interact @Area3D@50745 world=(115.5, 0.0, 37.5) screen=(6888.253, 2479.01)
[Dev] interact @Area3D@50746 world=(29.5, 0.0, 72.5) screen=(1287.967, 1116.216)
[Dev] stairs Down_cave dir=1 world=(88.5, 0.0, 3.5) screen=(7212.236, 897.1014)
[Dev] interact Waypoint world=(59.5, 0.0, 60.5) screen=(3231.868, 1597.203)
[Dev] interact FloorItem world=(32.5, 0.0, 70.5) screen=(1519.384, 1142.938)
[Dev] interact @Area3D@50513 world=(33.5, 0.0, 69.5) screen=(1611.95, 1142.938)
[Dev] interact PusJar world=(95.5, 0.0, 103.5) screen=(2907.884, 3708.197)
[Dev] interact @Area3D@50729 world=(101.5, 0.0, 105.5) screen=(3093.018, 3921.969)
[Dev] interact @Area3D@50730 world=(98.5, 0.0, 107.5) screen=(2861.601, 3895.247)
[Dev] interact LootChest world=(32.5, 0.0, 65.5) screen=(1750.8, 1009.331)
[Dev] interact @Area3D@50731 world=(100.5, 0.0, 101.5) screen=(3231.868, 3788.362)
[Dev] interact @Area3D@50732 world=(39.5, 0.0, 75.5) screen=(1611.95, 1463.595)
[Dev] interact LootPot world=(112.5, 0.0, 40.5) screen=(6610.553, 2479.01)
[Dev] interact @Area3D@50733 world=(34.5, 0.0, 66.5) screen=(1797.084, 1089.495)
[Dev] interact @Area3D@50734 world=(24.5, 0.0, 59.5) screen=(1658.234, 635.2303)
[Dev] interact @Area3D@50735 world=(102.5, 0.0, 93.5) screen=(3694.702, 3628.033)
[Dev] interact @Area3D@50736 world=(39.5, 0.0, 73.5) screen=(1704.517, 1410.152)
[Dev] interact @Area3D@50737 world=(58.5, 0.0, 37.5) screen=(4250.102, 955.8878)
[Dev] interact @Area3D@50738 world=(66.5, 0.0, 62.5) screen=(3463.285, 1837.696)
[Dev] interact @Area3D@50739 world=(104.5, 0.0, 55.5) screen=(5546.036, 2666.061)
[Dev] interact @Area3D@50740 world=(75.5, 0.0, 60.5) screen=(3972.401, 2024.746)
[Dev] interact @Area3D@50741 world=(80.5, 0.0, 75.5) screen=(3509.568, 2559.175)
[Dev] interact @Area3D@50742 world=(89.5, 0.0, 20.5) screen=(6471.703, 1329.988)
[Dev] interact @Area3D@50743 world=(84.5, 0.0, 48.5) screen=(4944.352, 1944.581)
[Dev] interact @Area3D@50744 world=(102.5, 0.0, 102.5) screen=(3278.151, 3868.526)
[Dev] interact @Area3D@50745 world=(115.5, 0.0, 37.5) screen=(6888.253, 2479.01)
[Dev] interact @Area3D@50746 world=(29.5, 0.0, 72.5) screen=(1287.967, 1116.216)
[Dev] stairs Down_cave dir=1 world=(88.5, 0.0, 3.5) screen=(7212.236, 897.1014)
[Dev] interact Waypoint world=(59.5, 0.0, 60.5) screen=(3231.868, 1597.203)
[Dev] interact FloorItem world=(32.5, 0.0, 70.5) screen=(1519.384, 1142.938)
[Dev] interact @Area3D@50513 world=(33.5, 0.0, 69.5) screen=(1611.95, 1142.938)
[Dev] interact PusJar world=(95.5, 0.0, 103.5) screen=(2907.884, 3708.197)
[Dev] interact @Area3D@50729 world=(101.5, 0.0, 105.5) screen=(3093.018, 3921.969)
[Dev] interact @Area3D@50730 world=(98.5, 0.0, 107.5) screen=(2861.601, 3895.247)
[Dev] interact LootChest world=(32.5, 0.0, 65.5) screen=(1750.8, 1009.331)
[Dev] interact @Area3D@50731 world=(100.5, 0.0, 101.5) screen=(3231.868, 3788.362)
[Dev] interact @Area3D@50732 world=(39.5, 0.0, 75.5) screen=(1611.95, 1463.595)
[Dev] interact LootPot world=(112.5, 0.0, 40.5) screen=(6610.553, 2479.01)
[Dev] interact @Area3D@50733 world=(34.5, 0.0, 66.5) screen=(1797.084, 1089.495)
[Dev] interact @Area3D@50734 world=(24.5, 0.0, 59.5) screen=(1658.234, 635.2303)
[Dev] interact @Area3D@50735 world=(102.5, 0.0, 93.5) screen=(3694.702, 3628.033)
[Dev] interact @Area3D@50736 world=(39.5, 0.0, 73.5) screen=(1704.517, 1410.152)
[Dev] interact @Area3D@50737 world=(58.5, 0.0, 37.5) screen=(4250.102, 955.8878)
[Dev] interact @Area3D@50738 world=(66.5, 0.0, 62.5) screen=(3463.285, 1837.696)
[Dev] interact @Area3D@50739 world=(104.5, 0.0, 55.5) screen=(5546.036, 2666.061)
[Dev] interact @Area3D@50740 world=(75.5, 0.0, 60.5) screen=(3972.401, 2024.746)
[Dev] interact @Area3D@50741 world=(80.5, 0.0, 75.5) screen=(3509.568, 2559.175)
[Dev] interact @Area3D@50742 world=(89.5, 0.0, 20.5) screen=(6471.703, 1329.988)
[Dev] interact @Area3D@50743 world=(84.5, 0.0, 48.5) screen=(4944.352, 1944.581)
[Dev] interact @Area3D@50744 world=(102.5, 0.0, 102.5) screen=(3278.151, 3868.526)
[Dev] interact @Area3D@50745 world=(115.5, 0.0, 37.5) screen=(6888.253, 2479.01)
[Dev] interact @Area3D@50746 world=(29.5, 0.0, 72.5) screen=(1287.967, 1116.216)
[Kill] +28 xp (lv 2, 8/57)
[LevelUp] lv=2 stat_pts=5 skill_pts=1
[Dev] item 엽전 world=(94.5, 0.0, 45.5) screen=(1010.267, 291.7604)
[Dev] item 엽전 world=(94.5, 0.0, 45.5) screen=(1010.267, 291.7604)
[Dev] item 전대 world=(94.5, 0.0, 45.5) screen=(1010.267, 291.7604)
[Dev] item 화염부 world=(32.5, 0.0, 70.5) screen=(-3016.385, -696.9333)
[Dev] item 빙결부 world=(33.5, 0.0, 69.5) screen=(-2923.818, -696.9333)
[Field] deulnyeok seed=137177645 128x128 props=2363 packs=18 enemies=73 waypoint=(59, 60) roster=bandit,bat,talisman_master elites=["16:금색×3@구간3", "11:파란×4@구간2"]
[Save] level 못골 들녘 → user://save_e2e.json (C:/Users/FORYOUCOM/AppData/Roaming/Godot/app_userdata/Joseon Hunters/wt/codex-630-whirl-structure/save_e2e.json)
[Dev] stairs Down_cave dir=1 world=(88.5, 0.0, 3.5) screen=(7212.236, 897.1014)
[Dev] interact Waypoint world=(59.5, 0.0, 60.5) screen=(3231.868, 1597.203)
[Dev] interact FloorItem world=(32.5, 0.0, 70.5) screen=(1519.384, 1142.938)
[Dev] interact @Area3D@51253 world=(33.5, 0.0, 69.5) screen=(1611.95, 1142.938)
[Dev] interact PusJar world=(95.5, 0.0, 103.5) screen=(2907.884, 3708.197)
[Dev] interact @Area3D@51466 world=(101.5, 0.0, 105.5) screen=(3093.018, 3921.969)
[Dev] interact @Area3D@51467 world=(98.5, 0.0, 107.5) screen=(2861.601, 3895.247)
[Dev] interact LootChest world=(32.5, 0.0, 65.5) screen=(1750.8, 1009.331)
[Dev] interact @Area3D@51468 world=(100.5, 0.0, 101.5) screen=(3231.868, 3788.362)
[Dev] interact @Area3D@51469 world=(39.5, 0.0, 75.5) screen=(1611.95, 1463.595)
[Dev] interact LootPot world=(112.5, 0.0, 40.5) screen=(6610.553, 2479.01)
[Dev] interact @Area3D@51470 world=(34.5, 0.0, 66.5) screen=(1797.084, 1089.495)
[Dev] interact @Area3D@51471 world=(24.5, 0.0, 59.5) screen=(1658.234, 635.2303)
[Dev] interact @Area3D@51472 world=(102.5, 0.0, 93.5) screen=(3694.702, 3628.033)
[Dev] interact @Area3D@51473 world=(39.5, 0.0, 73.5) screen=(1704.517, 1410.152)
[Dev] interact @Area3D@51474 world=(58.5, 0.0, 37.5) screen=(4250.102, 955.8878)
[Dev] interact @Area3D@51475 world=(66.5, 0.0, 62.5) screen=(3463.285, 1837.696)
[Dev] interact @Area3D@51476 world=(104.5, 0.0, 55.5) screen=(5546.036, 2666.061)
[Dev] interact @Area3D@51477 world=(75.5, 0.0, 60.5) screen=(3972.401, 2024.746)
[Dev] interact @Area3D@51478 world=(80.5, 0.0, 75.5) screen=(3509.568, 2559.175)
[Dev] interact @Area3D@51479 world=(89.5, 0.0, 20.5) screen=(6471.703, 1329.988)
[Dev] interact @Area3D@51480 world=(84.5, 0.0, 48.5) screen=(4944.352, 1944.581)
[Dev] interact @Area3D@51481 world=(102.5, 0.0, 102.5) screen=(3278.151, 3868.526)
[Dev] interact @Area3D@51482 world=(115.5, 0.0, 37.5) screen=(6888.253, 2479.01)
[Dev] interact @Area3D@51483 world=(29.5, 0.0, 72.5) screen=(1287.967, 1116.216)
[Dungeon] heukrang_gul 1층 lv=2 seed=875064324 gen 64x64 rooms=9 up=(39, 23) down=(7, 6) enemies=35 roster=bandit,bat,talisman_master elites=["방3:금색×5(깊이 0.71)"] named=-
[Quest] heukrang_gul 1층 — 싹쓸이 셈 시작 108 (heukrang_clear:none)
[Save] level 흑랑 굴 1층 → user://save_e2e.json (C:/Users/FORYOUCOM/AppData/Roaming/Godot/app_userdata/Joseon Hunters/wt/codex-630-whirl-structure/save_e2e.json)
  · 시드 160326318 · 방 3 (깊이 0.71) · 산적 · 대머리 판돌이 + 하수인 4 · 옵션 cold_enchanted
[Dungeon] heukrang_gul 1층 lv=2 seed=875064324 gen 64x64 rooms=9 up=(39, 23) down=(7, 6) enemies=36 roster=bandit,bat,talisman_master elites=[] named=-
[Quest] heukrang_gul 1층 — 싹쓸이 셈 시작 144 (heukrang_clear:none)
[Save] level 흑랑 굴 1층 → user://save_e2e.json (C:/Users/FORYOUCOM/AppData/Roaming/Godot/app_userdata/Joseon Hunters/wt/codex-630-whirl-structure/save_e2e.json)
[Dungeon] heukrang_gul 1층 lv=2 seed=875064324 gen 64x64 rooms=9 up=(39, 23) down=(7, 6) enemies=35 roster=bandit,bat,talisman_master elites=["방3:금색×5(깊이 0.71)"] named=-
[Quest] heukrang_gul 1층 — 싹쓸이 셈 시작 179 (heukrang_clear:none)
[Save] level 흑랑 굴 1층 → user://save_e2e.json (C:/Users/FORYOUCOM/AppData/Roaming/Godot/app_userdata/Joseon Hunters/wt/codex-630-whirl-structure/save_e2e.json)
[Dev] stairs StairsUp dir=-1 world=(39.5, 0.0, 23.5) screen=(593.7167, 335.9507)
[Dev] stairs StairsDown dir=1 world=(7.5, 0.0, 6.5) screen=(-100.5338, -973.4005)
[Dev] interact PusJar world=(49.5, 0.0, 48.5) screen=(-100.5337, 1223.102)
[Dev] interact @Area3D@52311 world=(18.5, 0.0, 13.5) screen=(84.5998, -540.5136)
[Dev] interact LootChest world=(15.5, 0.0, 12.5) screen=(-7.966995, -647.3994)
[Dev] interact @Area3D@52312 world=(38.5, 0.0, 54.5) screen=(-887.3508, 1089.495)
[Dev] interact @Area3D@52313 world=(49.5, 0.0, 59.5) screen=(-609.6506, 1517.038)
[Dev] interact LootPot world=(43.5, 0.0, 55.5) screen=(-702.2173, 1249.824)
[Dev] interact @Area3D@52314 world=(44.5, 0.0, 54.5) screen=(-609.6506, 1249.824)
[Dev] interact @Area3D@52315 world=(59.5, 0.0, 53.5) screen=(130.8831, 1623.924)
[Dev] interact @Area3D@52316 world=(18.5, 0.0, 43.5) screen=(-1303.901, 261.1299)
[Dev] interact @Area3D@52317 world=(19.5, 0.0, 42.5) screen=(-1211.334, 261.1299)
[Dev] interact @Area3D@52318 world=(1.5, 0.0, 6.5) screen=(-378.2337, -1181.828)
[Dev] interact @Area3D@52319 world=(1.5, 0.0, 7.5) screen=(-424.517, -1155.107)
[Dev] interact @Area3D@52320 world=(1.5, 0.0, 8.5) screen=(-470.8004, -1128.385)
[Dev] interact @Area3D@52321 world=(8.5, 0.0, 26.5) screen=(-979.9176, -460.3491)
[Dev] interact @Area3D@52322 world=(9.5, 0.0, 27.5) screen=(-979.9175, -406.9064)
[Dev] stairs StairsUp dir=-1 world=(39.5, 0.0, 23.5) screen=(593.7167, 335.9507)
[Dev] stairs StairsDown dir=1 world=(7.5, 0.0, 6.5) screen=(-100.5338, -973.4005)
[Dev] interact PusJar world=(49.5, 0.0, 48.5) screen=(-100.5337, 1223.102)
[Dev] interact @Area3D@52311 world=(18.5, 0.0, 13.5) screen=(84.5998, -540.5136)
[Dev] interact LootChest world=(15.5, 0.0, 12.5) screen=(-7.966995, -647.3994)
[Dev] interact @Area3D@52312 world=(38.5, 0.0, 54.5) screen=(-887.3508, 1089.495)
[Dev] interact @Area3D@52313 world=(49.5, 0.0, 59.5) screen=(-609.6506, 1517.038)
[Dev] interact LootPot world=(43.5, 0.0, 55.5) screen=(-702.2173, 1249.824)
[Dev] interact @Area3D@52314 world=(44.5, 0.0, 54.5) screen=(-609.6506, 1249.824)
[Dev] interact @Area3D@52315 world=(59.5, 0.0, 53.5) screen=(130.8831, 1623.924)
[Dev] interact @Area3D@52316 world=(18.5, 0.0, 43.5) screen=(-1303.901, 261.1299)
[Dev] interact @Area3D@52317 world=(19.5, 0.0, 42.5) screen=(-1211.334, 261.1299)
[Dev] interact @Area3D@52318 world=(1.5, 0.0, 6.5) screen=(-378.2337, -1181.828)
[Dev] interact @Area3D@52319 world=(1.5, 0.0, 7.5) screen=(-424.517, -1155.107)
[Dev] interact @Area3D@52320 world=(1.5, 0.0, 8.5) screen=(-470.8004, -1128.385)
[Dev] interact @Area3D@52321 world=(8.5, 0.0, 26.5) screen=(-979.9176, -460.3491)
[Dev] interact @Area3D@52322 world=(9.5, 0.0, 27.5) screen=(-979.9175, -406.9064)
[Dev] stairs StairsUp dir=-1 world=(39.5, 0.0, 23.5) screen=(593.7167, 335.9507)
[Dev] stairs StairsDown dir=1 world=(7.5, 0.0, 6.5) screen=(-100.5338, -973.4005)
[Dev] interact PusJar world=(49.5, 0.0, 48.5) screen=(-100.5337, 1223.102)
[Dev] interact @Area3D@52311 world=(18.5, 0.0, 13.5) screen=(84.5998, -540.5136)
[Dev] interact LootChest world=(15.5, 0.0, 12.5) screen=(-7.966995, -647.3994)
[Dev] interact @Area3D@52312 world=(38.5, 0.0, 54.5) screen=(-887.3508, 1089.495)
[Dev] interact @Area3D@52313 world=(49.5, 0.0, 59.5) screen=(-609.6506, 1517.038)
[Dev] interact LootPot world=(43.5, 0.0, 55.5) screen=(-702.2173, 1249.824)
[Dev] interact @Area3D@52314 world=(44.5, 0.0, 54.5) screen=(-609.6506, 1249.824)
[Dev] interact @Area3D@52315 world=(59.5, 0.0, 53.5) screen=(130.8831, 1623.924)
[Dev] interact @Area3D@52316 world=(18.5, 0.0, 43.5) screen=(-1303.901, 261.1299)
[Dev] interact @Area3D@52317 world=(19.5, 0.0, 42.5) screen=(-1211.334, 261.1299)
[Dev] interact @Area3D@52318 world=(1.5, 0.0, 6.5) screen=(-378.2337, -1181.828)
[Dev] interact @Area3D@52319 world=(1.5, 0.0, 7.5) screen=(-424.517, -1155.107)
[Dev] interact @Area3D@52320 world=(1.5, 0.0, 8.5) screen=(-470.8004, -1128.385)
[Dev] interact @Area3D@52321 world=(8.5, 0.0, 26.5) screen=(-979.9176, -460.3491)
[Dev] interact @Area3D@52322 world=(9.5, 0.0, 27.5) screen=(-979.9175, -406.9064)
[Kill] +53 xp (lv 3, 4/104)
[LevelUp] lv=3 stat_pts=10 skill_pts=2
[Dev] item 엽전 world=(9.5, 0.0, 32.5) screen=(917.7001, 345.4044)
[Dev] item 미식별 복주머니 world=(9.5, 0.0, 32.5) screen=(917.7001, 345.4044)
[Dev] item 영약 — 생맥산 world=(9.5, 0.0, 32.5) screen=(917.7001, 345.4044)
[Dev] item 엽전 world=(9.5, 0.0, 32.5) screen=(917.7001, 345.4044)
[Dev] item 패랭이 world=(9.5, 0.0, 32.5) screen=(917.7001, 345.4044)
[Dungeon] heukrang_gul 2층 lv=3 seed=2242901156 preset 28x28 rooms=2 up=(22, 23) down=(-1, -1) enemies=2 roster=bat elites=[] named=-
[Audio] BGM boss → boss.ogg
[Save] level 흑랑 굴 2층 → user://save_e2e.json (C:/Users/FORYOUCOM/AppData/Roaming/Godot/app_userdata/Joseon Hunters/wt/codex-630-whirl-structure/save_e2e.json)
[Dev] stairs StairsUp dir=-1 world=(22.5, 0.0, 23.5) screen=(593.7167, 335.9507)
E2E elite_slots PASS (검사 31)
[Audio] BGM town → town.ogg
[Save] level 못골 마을 → user://save_e2e.json (C:/Users/FORYOUCOM/AppData/Roaming/Godot/app_userdata/Joseon Hunters/wt/codex-630-whirl-structure/save_e2e.json)
[Dev] stairs DungeonEntrance dir=1 world=(0.0, 0.0, -31.0) screen=(2121.067, -492.4143)
[Dev] interact Merchant world=(5.4, 0.0, -2.4) screen=(1047.293, 368.0158)
[Dev] interact Shaman world=(-5.6, 0.0, 0.4) screen=(408.5833, 148.8999)
[Dev] interact Elder world=(2.0, 0.0, -5.6) screen=(1038.037, 191.6542)
[Dev] interact Jumo world=(7.1, 0.0, -1.4) screen=(1079.692, 440.1637)
[Dev] interact StashChest world=(3.3, 0.0, -2.05) screen=(933.8992, 321.2533)
[Dev] interact Waypoint world=(-4.2, 0.0, 2.2) screen=(390.0698, 234.4085)
E2E ▶ flee_chase
[Dev] item 화염부 world=(32.5, 0.0, 70.5) screen=(-1072.715, 3071.843)
[Dev] item 빙결부 world=(33.5, 0.0, 69.5) screen=(-980.1478, 3071.843)
[Field] deulnyeok seed=355022911 128x128 props=2252 packs=18 enemies=77 waypoint=(62, 65) roster=bandit,bat,talisman_master elites=["13:파란×4@구간3"]
[Audio] BGM dungeon → dungeon_2.ogg
[Save] level 못골 들녘 → user://save_e2e.json (C:/Users/FORYOUCOM/AppData/Roaming/Godot/app_userdata/Joseon Hunters/wt/codex-630-whirl-structure/save_e2e.json)
[Dev] stairs Down_cave dir=1 world=(88.5, 0.0, 3.5) screen=(7212.236, 897.1014)
[Dev] interact Waypoint world=(62.5, 0.0, 65.5) screen=(3139.301, 1810.974)
[Dev] interact FloorItem world=(32.5, 0.0, 70.5) screen=(1519.384, 1142.938)
[Dev] interact @Area3D@53060 world=(33.5, 0.0, 69.5) screen=(1611.95, 1142.938)
[Dev] interact PusJar world=(95.5, 0.0, 103.5) screen=(2907.884, 3708.197)
[Dev] interact @Area3D@53287 world=(101.5, 0.0, 105.5) screen=(3093.018, 3921.969)
[Dev] interact @Area3D@53288 world=(98.5, 0.0, 107.5) screen=(2861.601, 3895.247)
[Dev] interact LootChest world=(27.5, 0.0, 70.5) screen=(1287.967, 1009.331)
[Dev] interact @Area3D@53289 world=(94.5, 0.0, 100.5) screen=(3000.451, 3601.312)
[Dev] interact @Area3D@53290 world=(55.5, 0.0, 52.5) screen=(3417.001, 1276.545)
[Dev] interact LootPot world=(46.5, 0.0, 68.5) screen=(2259.917, 1463.595)
[Dev] interact @Area3D@53291 world=(73.5, 0.0, 47.5) screen=(4481.519, 1623.924)
[Dev] interact @Area3D@53292 world=(90.5, 0.0, 47.5) screen=(5268.335, 2078.189)
[Dev] interact @Area3D@53293 world=(111.5, 0.0, 49.5) screen=(6147.719, 2692.782)
[Dev] interact @Area3D@53294 world=(101.5, 0.0, 101.5) screen=(3278.151, 3815.083)
[Dev] interact @Area3D@53295 world=(86.5, 0.0, 76.5) screen=(3740.984, 2746.225)
[Dev] interact @Area3D@53296 world=(53.5, 0.0, 52.5) screen=(3324.434, 1223.102)
[Dev] interact @Area3D@53297 world=(87.5, 0.0, 95.5) screen=(2907.884, 3280.654)
[Dev] interact @Area3D@53298 world=(26.5, 0.0, 66.5) screen=(1426.817, 875.7234)
[Dev] interact @Area3D@53299 world=(17.5, 0.0, 60.5) screen=(1287.967, 474.9016)
[Dev] interact @Area3D@53300 world=(86.5, 0.0, 22.5) screen=(6240.286, 1303.266)
[Dev] interact @Area3D@53301 world=(59.5, 0.0, 65.5) screen=(3000.451, 1730.81)
[Dev] interact @Area3D@53302 world=(18.5, 0.0, 74.5) screen=(686.2832, 875.7234)
[Dev] interact @Area3D@53303 world=(44.5, 0.0, 69.5) screen=(2121.067, 1436.874)
[Dev] interact @Area3D@53304 world=(73.5, 0.0, 49.5) screen=(4388.952, 1677.367)
[Dev] interact @Area3D@53305 world=(88.5, 0.0, 52.5) screen=(4944.352, 2158.353)
  · 띠 첫 자리 (18.5, 0.0, 64.5) (들머리에서 11.0u)
[Dev] removed 77 enemies
[Click] world=(24.5, 0.000391, 64.5) cell=(24, 64)
[Click] world=(24.5, 0.000391, 64.5) cell=(24, 64)
[Click] world=(25.025, 0.000391, 64.5) cell=(25, 64)
[Click] world=(25.585, 0.000391, 64.5) cell=(25, 64)
[Click] world=(26.14499, 0.000391, 64.5) cell=(26, 64)
[Click] world=(26.70499, 0.000391, 64.5) cell=(26, 64)
[Click] world=(27.26499, 0.000391, 64.5) cell=(27, 64)
[Click] world=(27.82499, 0.000391, 64.5) cell=(27, 64)
[Click] world=(28.38498, 0.000391, 64.5) cell=(28, 64)
[Click] world=(28.80498, 0.000391, 64.5) cell=(28, 64)
[Click] world=(28.98498, 0.000391, 64.5) cell=(28, 64)
[Click] world=(29.16498, 0.000391, 64.5) cell=(29, 64)
[Click] world=(29.34498, 0.000391, 64.5) cell=(29, 64)
[Dev] removed 1 enemies
[Click] world=(21.1525, 0.000842, 64.5) cell=(21, 64)
[Click] world=(21.9925, 0.000842, 64.5) cell=(21, 64)
[Click] world=(22.83249, 0.000842, 64.5) cell=(22, 64)
[Dev] removed 1 enemies
[Click] world=(21.15333, 0.000842, 64.5) cell=(21, 64)
[Click] world=(22.00666, 0.000842, 64.5) cell=(22, 64)
[Click] world=(22.86, 0.000842, 64.5) cell=(22, 64)
[Dev] removed 1 enemies
  · 표 — 판 · 붙잡음(첫 칼) · 닿음 · 휘두름 · 도망친 거리 · 물러나는 빠르기(가운데/최대) | 맞은 뒤 4초: 멀어지며 걸은 시간·거리 · 공격 시작 · 첫 공격 · 닿은 공격 · 적 칼 맞음/휘두름 · 적이 움직인 거리
  · 부적술사      걷기 3.00 | 붙잡음 2.78초 · 닿음 2.35초 · 휘두름 1 · 도망친 거리 4.30u (2.05초) · 물러나는 빠르기 2.10/2.10 | 맞은 뒤: 멀어지며 0.00초 0.00u · 공격 시작 1 · 첫 공격 1.67초 · 닿은 공격 1 · 적 칼 맞음 4/4 · 움직인 거리 0.72u
  · 박쥐        걷기 4.50 | 붙잡음 0.98초 · 닿음 0.55초 · 휘두름 1 · 도망친 거리 1.73u (0.55초) · 물러나는 빠르기 3.15/3.15 | 맞은 뒤: 멀어지며 0.00초 0.00u · 공격 시작 1 · 첫 공격 2.28초 · 닿은 공격 2 · 적 칼 맞음 4/4 · 움직인 거리 0.60u
  · 날랜 박쥐     걷기 6.08 | 붙잡음 1.02초 · 닿음 0.58초 · 휘두름 1 · 도망친 거리 1.87u (0.58초) · 물러나는 빠르기 3.20/3.20 | 맞은 뒤: 멀어지며 0.00초 0.00u · 공격 시작 2 · 첫 공격 1.40초 · 닿은 공격 3 · 적 칼 맞음 4/4 · 움직인 거리 0.17u
E2E flee_chase PASS (검사 35)
[Audio] BGM town → town.ogg
[Save] level 못골 마을 → user://save_e2e.json (C:/Users/FORYOUCOM/AppData/Roaming/Godot/app_userdata/Joseon Hunters/wt/codex-630-whirl-structure/save_e2e.json)
[Dev] stairs DungeonEntrance dir=1 world=(0.0, 0.0, -31.0) screen=(2121.067, -492.4143)
[Dev] interact Merchant world=(5.4, 0.0, -2.4) screen=(1047.293, 368.0158)
[Dev] interact Shaman world=(-5.6, 0.0, 0.4) screen=(408.5833, 148.8999)
[Dev] interact Elder world=(2.0, 0.0, -5.6) screen=(1038.037, 191.6542)
[Dev] interact Jumo world=(7.1, 0.0, -1.4) screen=(1079.692, 440.1637)
[Dev] interact StashChest world=(3.3, 0.0, -2.05) screen=(933.8992, 321.2533)
[Dev] interact Waypoint world=(-4.2, 0.0, 2.2) screen=(390.0698, 234.4085)
E2E ▶ verify_flows
[Click] world=(-5.6, 0.0, 0.4) cell=(-6, 0)
[Save] quest_log_dialogue → user://save_e2e.json (C:/Users/FORYOUCOM/AppData/Roaming/Godot/app_userdata/Joseon Hunters/wt/codex-630-whirl-structure/save_e2e.json)
[Save] talk shaman → user://save_e2e.json (C:/Users/FORYOUCOM/AppData/Roaming/Godot/app_userdata/Joseon Hunters/wt/codex-630-whirl-structure/save_e2e.json)
[Dungeon] heukrang_gul 1층 lv=2 seed=403727558 gen 64x64 rooms=6 up=(44, 56) down=(7, 23) enemies=20 roster=bandit,bat,talisman_master elites=["방2:금색×3(깊이 0.50)"] named=-
[Quest] heukrang_gul 1층 — 싹쓸이 셈 시작 20 (heukrang_clear:none)
[Audio] BGM dungeon → dungeon_3.ogg
[Save] level 흑랑 굴 1층 → user://save_e2e.json (C:/Users/FORYOUCOM/AppData/Roaming/Godot/app_userdata/Joseon Hunters/wt/codex-630-whirl-structure/save_e2e.json)
[Dev] stairs StairsUp dir=-1 world=(44.5, 0.0, 56.5) screen=(593.7165, 335.9509)
[Dev] stairs StairsDown dir=1 world=(7.5, 0.0, 23.5) screen=(408.583, -1534.551)
[Dev] interact PusJar world=(29.5, 0.0, 42.5) screen=(547.433, -487.0705)
[Dev] interact @Area3D@53676 world=(14.5, 0.0, 24.5) screen=(686.2831, -1368.878)
[Dev] interact @Area3D@53677 world=(23.5, 0.0, 18.5) screen=(1380.534, -1288.714)
[Dev] interact LootChest world=(29.5, 0.0, 39.5) screen=(686.2831, -567.2349)
[Dev] interact @Area3D@53678 world=(40.5, 0.0, 38.5) screen=(1241.683, -300.0204)
[Dev] interact LootPot world=(17.5, 0.0, 43.5) screen=(-54.25064, -781.0067)
[Dev] interact @Area3D@53679 world=(18.5, 0.0, 44.5) screen=(-54.25041, -727.5637)
[Dev] interact @Area3D@53680 world=(19.5, 0.0, 9.5) screen=(1611.95, -1636.093)
[Dev] interact @Area3D@53681 world=(20.5, 0.0, 9.5) screen=(1658.234, -1609.372)
[Dev] interact @Area3D@53682 world=(43.5, 0.0, 60.5) screen=(362.2997, 368.0159)
[Dev] interact @Area3D@53683 world=(43.5, 0.0, 59.5) screen=(408.583, 341.2944)
[Dev] interact @Area3D@53684 world=(21.5, 0.0, 39.5) screen=(316.0163, -781.0065)
[Dungeon] heukrang_gul 2층 lv=3 seed=3189434797 preset 28x28 rooms=2 up=(22, 23) down=(-1, -1) enemies=2 roster=bat elites=[] named=-
[Audio] BGM boss → boss.ogg
[Save] level 흑랑 굴 2층 → user://save_e2e.json (C:/Users/FORYOUCOM/AppData/Roaming/Godot/app_userdata/Joseon Hunters/wt/codex-630-whirl-structure/save_e2e.json)
[Dev] stairs StairsUp dir=-1 world=(22.5, 0.0, 23.5) screen=(593.7167, 335.9507)
[Kill] +185 xp (lv 4, 4/160)
[LevelUp] lv=4 stat_pts=15 skill_pts=3
[Dev] item 영약 — 생맥산 world=(9.884946, 0.0, 9.48048) screen=(657.1328, -397.092)
[Dev] item 영약 — 생맥산 world=(9.884946, 0.0, 9.48048) screen=(657.1328, -397.092)
[Dev] item 탕약 — 쌍화탕 world=(9.884946, 0.0, 9.48048) screen=(657.1328, -397.092)
[Dev] item 식별부 world=(9.884946, 0.0, 9.48048) screen=(657.1328, -397.092)
[Dev] item 흠 있는 흑옥 world=(9.884946, 0.0, 9.48048) screen=(657.1328, -397.092)
[Dev] item 흑랑 이빨 world=(9.884946, 0.0, 9.48048) screen=(657.1328, -397.092)
[Dev] item 흑랑 이빨 world=(9.884946, 0.0, 9.48048) screen=(657.1328, -397.092)
[Dev] item 수복 world=(9.884946, 0.0, 9.48048) screen=(657.1328, -397.092)
[Dev] item 미식별 은가락지 world=(9.884946, 0.0, 9.48048) screen=(657.1328, -397.092)
[Dev] item 미식별 누비옷 world=(9.884946, 0.0, 9.48048) screen=(657.1328, -397.092)
[Dev] item 미식별 옥패 world=(9.884946, 0.0, 9.48048) screen=(657.1328, -397.092)
[Loot] 보스 전용 유니크 — boss_heukrang 첫 처치 → u_heukrang_fang (회차 1)
[Dev] item 흑랑의 봉인패 world=(9.884946, 0.0, 9.48048) screen=(657.1328, -397.092)
[Dev] item 엽전 world=(9.884946, 0.0, 9.48048) screen=(657.1328, -397.092)
[Save] boss → user://save_e2e.json (C:/Users/FORYOUCOM/AppData/Roaming/Godot/app_userdata/Joseon Hunters/wt/codex-630-whirl-structure/save_e2e.json)
[Boss] killed area=heukrang_gul level=3 flags={ "opening_pending": false, "story": { "entered/motgol": true, "shaman_offer": true, "event/shaman_quest": true, "shaman_heal_intro": true, "entered/heukrang_gul": true }, "seen": { "npc/shaman/start": 1 }, "quest_log": { "read": {  }, "history": { "heukrang_seal": [{ "uid": "npc/shaman/NPC_SHAMAN_OFFER_1", "source": "npc/shaman", "static_id": "NPC_SHAMAN_OFFER_1", "speaker": "shaman", "name": "무당 할매", "text": "도사 양반, 늦었소. 못골이 석 달째 이 꼴이오." }, { "uid": "npc/shaman/NPC_SHAMAN_OFFER_2", "source": "npc/shaman", "static_id": "NPC_SHAMAN_OFFER_2", "speaker": "doho", "name": "도호", "text": "할매, 술부터… 아, 분위기 아니구먼." }, { "uid": "npc/shaman/NPC_SHAMAN_OFFER_3", "source": "npc/shaman", "static_id": "NPC_SHAMAN_OFFER_3", "speaker": "shaman", "name": "무당 할매", "text": "봉인이 흔들리오. 요사한 기운이 못골로 새고 있소." }, { "uid": "npc/shaman/NPC_SHAMAN_OFFER_3B", "source": "npc/shaman", "static_id": "NPC_SHAMAN_OFFER_3B", "speaker": "shaman", "name": "무당 할매", "text": "꼬리 아홉 달린 천 년 묵은 여우, 구미호가 깨어났소." }, { "uid": "npc/shaman/NPC_SHAMAN_OFFER_3C", "source": "npc/shaman", "static_id": "NPC_SHAMAN_OFFER_3C", "speaker": "shaman", "name": "무당 할매", "text": "그 수하가 들녘 너머 흑랑 굴에 들어앉았소." }, { "uid": "npc/shaman/NPC_SHAMAN_OFFER_4", "source": "npc/shaman", "static_id": "NPC_SHAMAN_OFFER_4", "speaker": "shaman", "name": "무당 할매", "text": "마을 북쪽 산길 끝 봉밀굴 문 안엔 구미호가 갇혀 있소. …아직 열 때가 아니오." }, { "uid": "npc/shaman/NPC_SHAMAN_OFFER_5", "source": "npc/shaman", "static_id": "NPC_SHAMAN_OFFER_5", "speaker": "doho", "name": "도호", "text": "…또 봉인이여." }, { "uid": "npc/shaman/NPC_SHAMAN_OFFER_6", "source": "npc/shaman", "static_id": "NPC_SHAMAN_OFFER_6", "speaker": "shaman", "name": "무당 할매", "text": "도사 양반밖에 없소. 장터 어귀에 주모가 있소. 길은 그 사람이 아오." }, { "uid": "npc/shaman/NPC_SHAMAN_OFFER_7", "source": "npc/shaman", "static_id": "NPC_SHAMAN_OFFER_7", "speaker": "doho", "name": "도호", "text": "술값은—" }, { "uid": "npc/shaman/NPC_SHAMAN_OFFER_8", "source": "npc/shaman", "static_id": "NPC_SHAMAN_OFFER_8", "speaker": "shaman", "name": "무당 할매", "text": "살아서 돌아오면 쳐 드리리다." }, { "uid": "npc/shaman/NPC_SHAMAN_OFFER_9", "source": "npc/shaman", "static_id": "NPC_SHAMAN_OFFER_9", "speaker": "doho", "name": "도호", "text": "…허. 하는 김에." }] }, "revisions": { "heukrang_seal": 11 } }, "quest": { "heukrang_clear": { "state": "none", "left": 20, "barked": false }, "heukrang_seal": { "state": "killed" }, "heukrang_thanks": { "state": "killed" } }, "seal:boss_heukrang": 1, "boss_killed_heukrang_gul": true }
[Kill] +6 xp (lv 4, 10/160)
[Dev] item 탕약 — 쌍화탕 world=(24.75001, 0.0, 23.5) screen=(696.2673, 374.7449)
E2E verify_flows PASS (검사 16)
[Audio] BGM town → town.ogg
[Save] level 못골 마을 → user://save_e2e.json (C:/Users/FORYOUCOM/AppData/Roaming/Godot/app_userdata/Joseon Hunters/wt/codex-630-whirl-structure/save_e2e.json)
[Dev] stairs DungeonEntrance dir=1 world=(0.0, 0.0, -31.0) screen=(2121.067, -492.4143)
[Dev] interact Merchant world=(5.4, 0.0, -2.4) screen=(1047.293, 368.0158)
[Dev] interact Shaman world=(-5.6, 0.0, 0.4) screen=(408.5833, 148.8999)
[Dev] interact Elder world=(2.0, 0.0, -5.6) screen=(1038.037, 191.6542)
[Dev] interact Jumo world=(7.1, 0.0, -1.4) screen=(1079.692, 440.1637)
[Dev] interact StashChest world=(3.3, 0.0, -2.05) screen=(933.8992, 321.2533)
[Dev] interact Waypoint world=(-4.2, 0.0, 2.2) screen=(390.0698, 234.4085)
E2E ▶ player_death
[Dungeon] heukrang_gul 1층 lv=2 seed=403727558 gen 64x64 rooms=6 up=(44, 56) down=(7, 23) enemies=20 roster=bandit,bat,talisman_master elites=["방2:금색×3(깊이 0.50)"] named=-
[Quest] heukrang_gul 1층 — 싹쓸이 셈 시작 20 (heukrang_clear:none)
[Audio] BGM dungeon → dungeon_1.ogg
[Save] level 흑랑 굴 1층 → user://save_e2e.json (C:/Users/FORYOUCOM/AppData/Roaming/Godot/app_userdata/Joseon Hunters/wt/codex-630-whirl-structure/save_e2e.json)
[Dev] stairs StairsUp dir=-1 world=(44.5, 0.0, 56.5) screen=(593.7165, 335.9509)
[Dev] stairs StairsDown dir=1 world=(7.5, 0.0, 23.5) screen=(408.583, -1534.551)
[Dev] interact PusJar world=(29.5, 0.0, 42.5) screen=(547.433, -487.0705)
[Dev] interact @Area3D@54177 world=(14.5, 0.0, 24.5) screen=(686.2831, -1368.878)
[Dev] interact @Area3D@54178 world=(23.5, 0.0, 18.5) screen=(1380.534, -1288.714)
[Dev] interact LootChest world=(29.5, 0.0, 39.5) screen=(686.2831, -567.2349)
[Dev] interact @Area3D@54179 world=(40.5, 0.0, 38.5) screen=(1241.683, -300.0204)
[Dev] interact LootPot world=(17.5, 0.0, 43.5) screen=(-54.25064, -781.0067)
[Dev] interact @Area3D@54180 world=(18.5, 0.0, 44.5) screen=(-54.25041, -727.5637)
[Dev] interact @Area3D@54181 world=(19.5, 0.0, 9.5) screen=(1611.95, -1636.093)
[Dev] interact @Area3D@54182 world=(20.5, 0.0, 9.5) screen=(1658.234, -1609.372)
[Dev] interact @Area3D@54183 world=(43.5, 0.0, 60.5) screen=(362.2997, 368.0159)
[Dev] interact @Area3D@54184 world=(43.5, 0.0, 59.5) screen=(408.583, 341.2944)
[Dev] interact @Area3D@54185 world=(21.5, 0.0, 39.5) screen=(316.0163, -781.0065)
[Dev] removed 20 enemies
[Death] 도호 사망 → 1.2s 뒤 마을 복귀, 엽전 -20
[Audio] BGM town → town.ogg
[Save] level 못골 마을 → user://save_e2e.json (C:/Users/FORYOUCOM/AppData/Roaming/Godot/app_userdata/Joseon Hunters/wt/codex-630-whirl-structure/save_e2e.json)
[Dev] stairs DungeonEntrance dir=1 world=(0.0, 0.0, -31.0) screen=(2121.067, -492.4143)
[Dev] interact Merchant world=(5.4, 0.0, -2.4) screen=(1047.293, 368.0158)
[Dev] interact Shaman world=(-5.6, 0.0, 0.4) screen=(408.5833, 148.8999)
[Dev] interact Elder world=(2.0, 0.0, -5.6) screen=(1038.037, 191.6542)
[Dev] interact Jumo world=(7.1, 0.0, -1.4) screen=(1079.692, 440.1637)
[Dev] interact StashChest world=(3.3, 0.0, -2.05) screen=(933.8992, 321.2533)
[Dev] interact Waypoint world=(-4.2, 0.0, 2.2) screen=(390.0698, 234.4085)
[Click] world=(2.999607, 0.0, 0.999607) cell=(2, 0)
[Dungeon] heukrang_gul 1층 lv=2 seed=403727558 gen 64x64 rooms=6 up=(44, 56) down=(7, 23) enemies=20 roster=bandit,bat,talisman_master elites=["방2:금색×3(깊이 0.50)"] named=-
[Quest] heukrang_gul 1층 — 싹쓸이 셈 시작 20 (heukrang_clear:none)
[Audio] BGM dungeon → dungeon_4.ogg
[Save] level 흑랑 굴 1층 → user://save_e2e.json (C:/Users/FORYOUCOM/AppData/Roaming/Godot/app_userdata/Joseon Hunters/wt/codex-630-whirl-structure/save_e2e.json)
[Dev] stairs StairsUp dir=-1 world=(44.5, 0.0, 56.5) screen=(593.7165, 335.9509)
[Dev] stairs StairsDown dir=1 world=(7.5, 0.0, 23.5) screen=(408.583, -1534.551)
[Dev] interact PusJar world=(29.5, 0.0, 42.5) screen=(547.433, -487.0705)
[Dev] interact @Area3D@54550 world=(14.5, 0.0, 24.5) screen=(686.2831, -1368.878)
[Dev] interact @Area3D@54551 world=(23.5, 0.0, 18.5) screen=(1380.534, -1288.714)
[Dev] interact LootChest world=(29.5, 0.0, 39.5) screen=(686.2831, -567.2349)
[Dev] interact @Area3D@54552 world=(40.5, 0.0, 38.5) screen=(1241.683, -300.0204)
[Dev] interact LootPot world=(17.5, 0.0, 43.5) screen=(-54.25064, -781.0067)
[Dev] interact @Area3D@54553 world=(18.5, 0.0, 44.5) screen=(-54.25041, -727.5637)
[Dev] interact @Area3D@54554 world=(19.5, 0.0, 9.5) screen=(1611.95, -1636.093)
[Dev] interact @Area3D@54555 world=(20.5, 0.0, 9.5) screen=(1658.234, -1609.372)
[Dev] interact @Area3D@54556 world=(43.5, 0.0, 60.5) screen=(362.2997, 368.0159)
[Dev] interact @Area3D@54557 world=(43.5, 0.0, 59.5) screen=(408.583, 341.2944)
[Dev] interact @Area3D@54558 world=(21.5, 0.0, 39.5) screen=(316.0163, -781.0065)
[Dev] removed 20 enemies
[Click] world=(48.49961, 0.0, 56.49961) cell=(48, 56)
[Death] 도호 사망 → 1.2s 뒤 마을 복귀, 엽전 -18
[Audio] BGM town → town.ogg
[Save] level 못골 마을 → user://save_e2e.json (C:/Users/FORYOUCOM/AppData/Roaming/Godot/app_userdata/Joseon Hunters/wt/codex-630-whirl-structure/save_e2e.json)
[Dev] stairs DungeonEntrance dir=1 world=(0.0, 0.0, -31.0) screen=(2121.067, -492.4143)
[Dev] interact Merchant world=(5.4, 0.0, -2.4) screen=(1047.293, 368.0158)
[Dev] interact Shaman world=(-5.6, 0.0, 0.4) screen=(408.5833, 148.8999)
[Dev] interact Elder world=(2.0, 0.0, -5.6) screen=(1038.037, 191.6542)
[Dev] interact Jumo world=(7.1, 0.0, -1.4) screen=(1079.692, 440.1637)
[Dev] interact StashChest world=(3.3, 0.0, -2.05) screen=(933.8992, 321.2533)
[Dev] interact Waypoint world=(-4.2, 0.0, 2.2) screen=(390.0698, 234.4085)
[Dungeon] heukrang_gul 1층 lv=2 seed=403727558 gen 64x64 rooms=6 up=(44, 56) down=(7, 23) enemies=20 roster=bandit,bat,talisman_master elites=["방2:금색×3(깊이 0.50)"] named=-
[Quest] heukrang_gul 1층 — 싹쓸이 셈 시작 20 (heukrang_clear:none)
[Audio] BGM dungeon → dungeon_1.ogg
[Save] level 흑랑 굴 1층 → user://save_e2e.json (C:/Users/FORYOUCOM/AppData/Roaming/Godot/app_userdata/Joseon Hunters/wt/codex-630-whirl-structure/save_e2e.json)
[Dev] stairs StairsUp dir=-1 world=(44.5, 0.0, 56.5) screen=(593.7165, 335.9509)
[Dev] stairs StairsDown dir=1 world=(7.5, 0.0, 23.5) screen=(408.583, -1534.551)
[Dev] interact PusJar world=(29.5, 0.0, 42.5) screen=(547.433, -487.0705)
[Dev] interact @Area3D@54921 world=(14.5, 0.0, 24.5) screen=(686.2831, -1368.878)
[Dev] interact @Area3D@54922 world=(23.5, 0.0, 18.5) screen=(1380.534, -1288.714)
[Dev] interact LootChest world=(29.5, 0.0, 39.5) screen=(686.2831, -567.2349)
[Dev] interact @Area3D@54923 world=(40.5, 0.0, 38.5) screen=(1241.683, -300.0204)
[Dev] interact LootPot world=(17.5, 0.0, 43.5) screen=(-54.25064, -781.0067)
[Dev] interact @Area3D@54924 world=(18.5, 0.0, 44.5) screen=(-54.25041, -727.5637)
[Dev] interact @Area3D@54925 world=(19.5, 0.0, 9.5) screen=(1611.95, -1636.093)
[Dev] interact @Area3D@54926 world=(20.5, 0.0, 9.5) screen=(1658.234, -1609.372)
[Dev] interact @Area3D@54927 world=(43.5, 0.0, 60.5) screen=(362.2997, 368.0159)
[Dev] interact @Area3D@54928 world=(43.5, 0.0, 59.5) screen=(408.583, 341.2944)
[Dev] interact @Area3D@54929 world=(21.5, 0.0, 39.5) screen=(316.0163, -781.0065)
[Dev] removed 20 enemies
[Death] 도호 사망 → 1.2s 뒤 마을 복귀, 엽전 -16
[Audio] BGM town → town.ogg
[Save] level 못골 마을 → user://save_e2e.json (C:/Users/FORYOUCOM/AppData/Roaming/Godot/app_userdata/Joseon Hunters/wt/codex-630-whirl-structure/save_e2e.json)
[Dev] stairs DungeonEntrance dir=1 world=(0.0, 0.0, -31.0) screen=(2121.067, -492.4143)
[Dev] interact Merchant world=(5.4, 0.0, -2.4) screen=(1047.293, 368.0158)
[Dev] interact Shaman world=(-5.6, 0.0, 0.4) screen=(408.5833, 148.8999)
[Dev] interact Elder world=(2.0, 0.0, -5.6) screen=(1038.037, 191.6542)
[Dev] interact Jumo world=(7.1, 0.0, -1.4) screen=(1079.692, 440.1637)
[Dev] interact StashChest world=(3.3, 0.0, -2.05) screen=(933.8992, 321.2533)
[Dev] interact Waypoint world=(-4.2, 0.0, 2.2) screen=(390.0698, 234.4085)
[Dungeon] heukrang_gul 1층 lv=2 seed=403727558 gen 64x64 rooms=6 up=(44, 56) down=(7, 23) enemies=20 roster=bandit,bat,talisman_master elites=["방2:금색×3(깊이 0.50)"] named=-
[Quest] heukrang_gul 1층 — 싹쓸이 셈 시작 20 (heukrang_clear:none)
[Audio] BGM dungeon → dungeon_2.ogg
[Save] level 흑랑 굴 1층 → user://save_e2e.json (C:/Users/FORYOUCOM/AppData/Roaming/Godot/app_userdata/Joseon Hunters/wt/codex-630-whirl-structure/save_e2e.json)
[Dev] stairs StairsUp dir=-1 world=(44.5, 0.0, 56.5) screen=(593.7165, 335.9509)
[Dev] stairs StairsDown dir=1 world=(7.5, 0.0, 23.5) screen=(408.583, -1534.551)
[Dev] interact PusJar world=(29.5, 0.0, 42.5) screen=(547.433, -487.0705)
[Dev] interact @Area3D@55292 world=(14.5, 0.0, 24.5) screen=(686.2831, -1368.878)
[Dev] interact @Area3D@55293 world=(23.5, 0.0, 18.5) screen=(1380.534, -1288.714)
[Dev] interact LootChest world=(29.5, 0.0, 39.5) screen=(686.2831, -567.2349)
[Dev] interact @Area3D@55294 world=(40.5, 0.0, 38.5) screen=(1241.683, -300.0204)
[Dev] interact LootPot world=(17.5, 0.0, 43.5) screen=(-54.25064, -781.0067)
[Dev] interact @Area3D@55295 world=(18.5, 0.0, 44.5) screen=(-54.25041, -727.5637)
[Dev] interact @Area3D@55296 world=(19.5, 0.0, 9.5) screen=(1611.95, -1636.093)
[Dev] interact @Area3D@55297 world=(20.5, 0.0, 9.5) screen=(1658.234, -1609.372)
[Dev] interact @Area3D@55298 world=(43.5, 0.0, 60.5) screen=(362.2997, 368.0159)
[Dev] interact @Area3D@55299 world=(43.5, 0.0, 59.5) screen=(408.583, 341.2944)
[Dev] interact @Area3D@55300 world=(21.5, 0.0, 39.5) screen=(316.0163, -781.0065)
E2E player_death PASS (검사 27)
[Audio] BGM town → town.ogg
[Save] level 못골 마을 → user://save_e2e.json (C:/Users/FORYOUCOM/AppData/Roaming/Godot/app_userdata/Joseon Hunters/wt/codex-630-whirl-structure/save_e2e.json)
[Dev] stairs DungeonEntrance dir=1 world=(0.0, 0.0, -31.0) screen=(2121.067, -492.4143)
[Dev] interact Merchant world=(5.4, 0.0, -2.4) screen=(1047.293, 368.0158)
[Dev] interact Shaman world=(-5.6, 0.0, 0.4) screen=(408.5833, 148.8999)
[Dev] interact Elder world=(2.0, 0.0, -5.6) screen=(1038.037, 191.6542)
[Dev] interact Jumo world=(7.1, 0.0, -1.4) screen=(1079.692, 440.1637)
[Dev] interact StashChest world=(3.3, 0.0, -2.05) screen=(933.8992, 321.2533)
[Dev] interact Waypoint world=(-4.2, 0.0, 2.2) screen=(390.0698, 234.4085)
E2E ▶ wall_cutaway
[Dungeon] heukrang_gul 1층 lv=2 seed=403727558 gen 64x64 rooms=6 up=(44, 56) down=(7, 23) enemies=20 roster=bandit,bat,talisman_master elites=["방2:금색×3(깊이 0.50)"] named=-
[Quest] heukrang_gul 1층 — 싹쓸이 셈 시작 20 (heukrang_clear:none)
[Audio] BGM dungeon → dungeon_3.ogg
[Save] level 흑랑 굴 1층 → user://save_e2e.json (C:/Users/FORYOUCOM/AppData/Roaming/Godot/app_userdata/Joseon Hunters/wt/codex-630-whirl-structure/save_e2e.json)
[Dev] stairs StairsUp dir=-1 world=(44.5, 0.0, 56.5) screen=(593.7165, 335.9509)
[Dev] stairs StairsDown dir=1 world=(7.5, 0.0, 23.5) screen=(408.583, -1534.551)
[Dev] interact PusJar world=(29.5, 0.0, 42.5) screen=(547.433, -487.0705)
[Dev] interact @Area3D@55663 world=(14.5, 0.0, 24.5) screen=(686.2831, -1368.878)
[Dev] interact @Area3D@55664 world=(23.5, 0.0, 18.5) screen=(1380.534, -1288.714)
[Dev] interact LootChest world=(29.5, 0.0, 39.5) screen=(686.2831, -567.2349)
[Dev] interact @Area3D@55665 world=(40.5, 0.0, 38.5) screen=(1241.683, -300.0204)
[Dev] interact LootPot world=(17.5, 0.0, 43.5) screen=(-54.25064, -781.0067)
[Dev] interact @Area3D@55666 world=(18.5, 0.0, 44.5) screen=(-54.25041, -727.5637)
[Dev] interact @Area3D@55667 world=(19.5, 0.0, 9.5) screen=(1611.95, -1636.093)
[Dev] interact @Area3D@55668 world=(20.5, 0.0, 9.5) screen=(1658.234, -1609.372)
[Dev] interact @Area3D@55669 world=(43.5, 0.0, 60.5) screen=(362.2997, 368.0159)
[Dev] interact @Area3D@55670 world=(43.5, 0.0, 59.5) screen=(408.583, 341.2944)
[Dev] interact @Area3D@55671 world=(21.5, 0.0, 39.5) screen=(316.0163, -781.0065)
[Dev] removed 20 enemies
  · stand=(48, 51) wall=(49, 52) player=(48.5, 0.000391, 51.5) 후보 116칸
E2E wall_cutaway PASS (검사 17)
[Audio] BGM town → town.ogg
[Save] level 못골 마을 → user://save_e2e.json (C:/Users/FORYOUCOM/AppData/Roaming/Godot/app_userdata/Joseon Hunters/wt/codex-630-whirl-structure/save_e2e.json)
[Dev] stairs DungeonEntrance dir=1 world=(0.0, 0.0, -31.0) screen=(2121.067, -492.4143)
[Dev] interact Merchant world=(5.4, 0.0, -2.4) screen=(1047.293, 368.0158)
[Dev] interact Shaman world=(-5.6, 0.0, 0.4) screen=(408.5833, 148.8999)
[Dev] interact Elder world=(2.0, 0.0, -5.6) screen=(1038.037, 191.6542)
[Dev] interact Jumo world=(7.1, 0.0, -1.4) screen=(1079.692, 440.1637)
[Dev] interact StashChest world=(3.3, 0.0, -2.05) screen=(933.8992, 321.2533)
[Dev] interact Waypoint world=(-4.2, 0.0, 2.2) screen=(390.0698, 234.4085)
E2E ▶ floor_seams
[Dungeon] heukrang_gul 1층 lv=2 seed=403727558 gen 64x64 rooms=6 up=(44, 56) down=(7, 23) enemies=20 roster=bandit,bat,talisman_master elites=["방2:금색×3(깊이 0.50)"] named=-
[Quest] heukrang_gul 1층 — 싹쓸이 셈 시작 20 (heukrang_clear:none)
[Audio] BGM dungeon → dungeon_2.ogg
[Save] level 흑랑 굴 1층 → user://save_e2e.json (C:/Users/FORYOUCOM/AppData/Roaming/Godot/app_userdata/Joseon Hunters/wt/codex-630-whirl-structure/save_e2e.json)
[Dev] stairs StairsUp dir=-1 world=(44.5, 0.0, 56.5) screen=(593.7165, 335.9509)
[Dev] stairs StairsDown dir=1 world=(7.5, 0.0, 23.5) screen=(408.583, -1534.551)
[Dev] interact PusJar world=(29.5, 0.0, 42.5) screen=(547.433, -487.0705)
[Dev] interact @Area3D@56039 world=(14.5, 0.0, 24.5) screen=(686.2831, -1368.878)
[Dev] interact @Area3D@56040 world=(23.5, 0.0, 18.5) screen=(1380.534, -1288.714)
[Dev] interact LootChest world=(29.5, 0.0, 39.5) screen=(686.2831, -567.2349)
[Dev] interact @Area3D@56041 world=(40.5, 0.0, 38.5) screen=(1241.683, -300.0204)
[Dev] interact LootPot world=(17.5, 0.0, 43.5) screen=(-54.25064, -781.0067)
[Dev] interact @Area3D@56042 world=(18.5, 0.0, 44.5) screen=(-54.25041, -727.5637)
[Dev] interact @Area3D@56043 world=(19.5, 0.0, 9.5) screen=(1611.95, -1636.093)
[Dev] interact @Area3D@56044 world=(20.5, 0.0, 9.5) screen=(1658.234, -1609.372)
[Dev] interact @Area3D@56045 world=(43.5, 0.0, 60.5) screen=(362.2997, 368.0159)
[Dev] interact @Area3D@56046 world=(43.5, 0.0, 59.5) screen=(408.583, 341.2944)
[Dev] interact @Area3D@56047 world=(21.5, 0.0, 39.5) screen=(316.0163, -781.0065)
[Dev] removed 20 enemies
  · 헤드리스 — 밝기 실측 생략
E2E floor_seams PASS (검사 3)
[Audio] BGM town → town.ogg
[Save] level 못골 마을 → user://save_e2e.json (C:/Users/FORYOUCOM/AppData/Roaming/Godot/app_userdata/Joseon Hunters/wt/codex-630-whirl-structure/save_e2e.json)
[Dev] stairs DungeonEntrance dir=1 world=(0.0, 0.0, -31.0) screen=(2121.067, -492.4143)
[Dev] interact Merchant world=(5.4, 0.0, -2.4) screen=(1047.293, 368.0158)
[Dev] interact Shaman world=(-5.6, 0.0, 0.4) screen=(408.5833, 148.8999)
[Dev] interact Elder world=(2.0, 0.0, -5.6) screen=(1038.037, 191.6542)
[Dev] interact Jumo world=(7.1, 0.0, -1.4) screen=(1079.692, 440.1637)
[Dev] interact StashChest world=(3.3, 0.0, -2.05) screen=(933.8992, 321.2533)
[Dev] interact Waypoint world=(-4.2, 0.0, 2.2) screen=(390.0698, 234.4085)
E2E ▶ char_light
  · 마을: 키 0.450 오는 쪽 (0.067, 0.643, 0.763) · 보조 0.060 오는 쪽 (-0.079, 0.423, -0.903) (카메라 자리 (0.577, 0.577, 0.577))
  · 헤드리스 — town 스윕 [0.45, 0.15, 0.8] 픽셀 실측 생략 (배우 5명 · glTF 기본값 금속 재질 0)
[Dungeon] heukrang_gul 1층 lv=2 seed=403727558 gen 64x64 rooms=6 up=(44, 56) down=(7, 23) enemies=20 roster=bandit,bat,talisman_master elites=["방2:금색×3(깊이 0.50)"] named=-
[Quest] heukrang_gul 1층 — 싹쓸이 셈 시작 20 (heukrang_clear:none)
[Audio] BGM dungeon → dungeon_1.ogg
[Save] level 흑랑 굴 1층 → user://save_e2e.json (C:/Users/FORYOUCOM/AppData/Roaming/Godot/app_userdata/Joseon Hunters/wt/codex-630-whirl-structure/save_e2e.json)
[Dev] stairs StairsUp dir=-1 world=(44.5, 0.0, 56.5) screen=(593.7165, 335.9509)
[Dev] stairs StairsDown dir=1 world=(7.5, 0.0, 23.5) screen=(408.583, -1534.551)
[Dev] interact PusJar world=(29.5, 0.0, 42.5) screen=(547.433, -487.0705)
[Dev] interact @Area3D@56416 world=(14.5, 0.0, 24.5) screen=(686.2831, -1368.878)
[Dev] interact @Area3D@56417 world=(23.5, 0.0, 18.5) screen=(1380.534, -1288.714)
[Dev] interact LootChest world=(29.5, 0.0, 39.5) screen=(686.2831, -567.2349)
[Dev] interact @Area3D@56418 world=(40.5, 0.0, 38.5) screen=(1241.683, -300.0204)
[Dev] interact LootPot world=(17.5, 0.0, 43.5) screen=(-54.25064, -781.0067)
[Dev] interact @Area3D@56419 world=(18.5, 0.0, 44.5) screen=(-54.25041, -727.5637)
[Dev] interact @Area3D@56420 world=(19.5, 0.0, 9.5) screen=(1611.95, -1636.093)
[Dev] interact @Area3D@56421 world=(20.5, 0.0, 9.5) screen=(1658.234, -1609.372)
[Dev] interact @Area3D@56422 world=(43.5, 0.0, 60.5) screen=(362.2997, 368.0159)
[Dev] interact @Area3D@56423 world=(43.5, 0.0, 59.5) screen=(408.583, 341.2944)
[Dev] interact @Area3D@56424 world=(21.5, 0.0, 39.5) screen=(316.0163, -781.0065)
  · 던전 1층: 키 0.350 오는 쪽 (0.067, 0.643, 0.763) · 보조 0.047 오는 쪽 (-0.079, 0.423, -0.903) (카메라 자리 (0.577, 0.577, 0.577))
  · 헤드리스 — dungeon 스윕 [0.35, 0.8, 1.5] 픽셀 실측 생략 (배우 5명 · glTF 기본값 금속 재질 0)
[Dungeon] heukrang_gul 2층 lv=3 seed=3189434797 preset 28x28 rooms=2 up=(22, 23) down=(-1, -1) enemies=2 roster=bat elites=[] named=-
[Audio] BGM boss → boss.ogg
[Save] level 흑랑 굴 2층 → user://save_e2e.json (C:/Users/FORYOUCOM/AppData/Roaming/Godot/app_userdata/Joseon Hunters/wt/codex-630-whirl-structure/save_e2e.json)
[Dev] stairs StairsUp dir=-1 world=(22.5, 0.0, 23.5) screen=(593.7167, 335.9507)
  · 보스 층: 키 0.350 오는 쪽 (0.067, 0.643, 0.763) · 보조 0.047 오는 쪽 (-0.079, 0.423, -0.903) (카메라 자리 (0.577, 0.577, 0.577))
E2E char_light PASS (검사 102)
[Audio] BGM town → town.ogg
[Save] level 못골 마을 → user://save_e2e.json (C:/Users/FORYOUCOM/AppData/Roaming/Godot/app_userdata/Joseon Hunters/wt/codex-630-whirl-structure/save_e2e.json)
[Dev] stairs DungeonEntrance dir=1 world=(0.0, 0.0, -31.0) screen=(2121.067, -492.4143)
[Dev] interact Merchant world=(5.4, 0.0, -2.4) screen=(1047.293, 368.0158)
[Dev] interact Shaman world=(-5.6, 0.0, 0.4) screen=(408.5833, 148.8999)
[Dev] interact Elder world=(2.0, 0.0, -5.6) screen=(1038.037, 191.6542)
[Dev] interact Jumo world=(7.1, 0.0, -1.4) screen=(1079.692, 440.1637)
[Dev] interact StashChest world=(3.3, 0.0, -2.05) screen=(933.8992, 321.2533)
[Dev] interact Waypoint world=(-4.2, 0.0, 2.2) screen=(390.0698, 234.4085)
E2E ▶ town_layout
  · 광장→입구 내비 경로 41.7u
  · 갈대 154포기
  · 헤드리스 — 갈대 MultiMesh 인스턴스 = 심은 목록 대조 생략 (더미 렌더러는 인스턴스 값 0)
  · 돌담 마디 64 · 바위 89 · 울타리 마디 1
[SealGate] 첫 접근 혼잣말 — …이 빛, 낯이 익은데.
  · 문짝 쪽 대시 정지 — 문 좌표 (-0.236755, 1.523116) (빈 홈 앞면 z 0.76)
E2E town_layout PASS (검사 68)
[Save] level 못골 마을 → user://save_e2e.json (C:/Users/FORYOUCOM/AppData/Roaming/Godot/app_userdata/Joseon Hunters/wt/codex-630-whirl-structure/save_e2e.json)
[Dev] stairs DungeonEntrance dir=1 world=(0.0, 0.0, -31.0) screen=(2121.067, -492.4143)
[Dev] interact Merchant world=(5.4, 0.0, -2.4) screen=(1047.293, 368.0158)
[Dev] interact Shaman world=(-5.6, 0.0, 0.4) screen=(408.5833, 148.8999)
[Dev] interact Elder world=(2.0, 0.0, -5.6) screen=(1038.037, 191.6542)
[Dev] interact Jumo world=(7.1, 0.0, -1.4) screen=(1079.692, 440.1637)
[Dev] interact StashChest world=(3.3, 0.0, -2.05) screen=(933.8992, 321.2533)
[Dev] interact Waypoint world=(-4.2, 0.0, 2.2) screen=(390.0698, 234.4085)
E2E ▶ town_approach
[Click] world=(-1.5, 0.0, -1.5) cell=(-2, -2)
[Click] world=(-1.5, 0.0, -4.500002) cell=(-2, -5)
[Click] world=(-2.500001, 0.0, -4.5) cell=(-3, -5)
[Click] world=(-4.500002, 0.0, -6.499999) cell=(-5, -7)
[Click] world=(-6.500001, 0.0, -9.500002) cell=(-7, -10)
[Click] world=(-8.5, 0.0, -11.5) cell=(-9, -12)
[Click] world=(-9.999999, 0.0, -13.0) cell=(-10, -14)
[Click] world=(-8.500001, 0.0, -15.5) cell=(-9, -16)
[Click] world=(-8.500001, 0.0, -16.5) cell=(-9, -17)
[Click] world=(-7.5, 0.0, -19.5) cell=(-8, -20)
[Click] world=(-5.5, 0.0, -21.5) cell=(-6, -22)
[Click] world=(-3.500002, 0.0, -21.5) cell=(-4, -22)
[Click] world=(-1.5, 0.0, -23.5) cell=(-2, -24)
[Click] world=(1.5, 0.0, -23.5) cell=(1, -24)
[Click] world=(0.5, 0.0, -26.5) cell=(0, -27)
[SealGate] 첫 접근 혼잣말 — …이 빛, 낯이 익은데.
[Click] world=(0.5, 0.0, -27.5) cell=(0, -28)
[Click] world=(0.000002, 0.0, -28.6) cell=(0, -29)
  · 문턱까지 클릭 주행 11.46s (캡처·입력 대기 포함)
[Click] world=(0.0, 0.0, -31.0) cell=(0, -31)
[Click] world=(-0.000002, 0.0, -28.6) cell=(-1, -29)
[Click] world=(-1.769491, 0.0, -33.5361) cell=(-2, -34)
  · 가운데 빈 홈 클릭 → 도호 선 자리 문 좌표 (-0.66774, 2.718911) (클릭점 = (0, 2.3))
[Click] world=(0.5, 0.0, -28.5) cell=(0, -29)
[Click] world=(0.5, 0.0, -27.5) cell=(0, -28)
[Click] world=(1.499999, 0.0, -24.5) cell=(1, -25)
[Click] world=(1.5, 0.0, -23.5) cell=(1, -24)
[Click] world=(-1.5, 0.0, -22.5) cell=(-2, -23)
[Click] world=(-3.5, 0.0, -21.5) cell=(-4, -22)
[Click] world=(-6.500001, 0.0, -19.5) cell=(-7, -20)
[Click] world=(-7.499999, 0.0, -19.5) cell=(-8, -20)
[Click] world=(-8.499999, 0.0, -16.5) cell=(-9, -17)
[Click] world=(-9.499998, 0.0, -13.5) cell=(-10, -14)
[Click] world=(-10.0, 0.0, -13.0) cell=(-10, -13)
[Click] world=(-7.500002, 0.0, -10.5) cell=(-8, -11)
[Click] world=(-6.500001, 0.0, -9.499999) cell=(-7, -10)
[Click] world=(-4.500001, 0.0, -6.5) cell=(-5, -7)
[Click] world=(-2.500003, -0.000001, -4.500001) cell=(-3, -5)
[Click] world=(-1.499998, 0.0, -1.499998) cell=(-2, -2)
[Click] world=(-1.999999, 0.0, 1.000002) cell=(-2, 1)
[Click] world=(-3.500002, 0.0, -1.5) cell=(-4, -2)
[Click] world=(-5.000002, 0.0, -2.799999) cell=(-6, -3)
[Click] world=(-7.500002, 0.0, -2.500001) cell=(-8, -3)
[Click] world=(-10.5, 0.0, -2.5) cell=(-11, -3)
[Click] world=(-12.8, 0.0, -2.8) cell=(-13, -3)
[Click] world=(-12.5, 0.0, -5.500001) cell=(-13, -6)
[Click] world=(-12.8, -0.000002, -9.000002) cell=(-13, -10)
[Click] world=(-12.5, 0.0, -6.500001) cell=(-13, -7)
[Click] world=(-12.5, 0.0, -3.5) cell=(-13, -4)
[Click] world=(-12.5, 0.0, -0.499999) cell=(-13, -1)
[Click] world=(-12.5, 0.0, 2.5) cell=(-13, 2)
[Click] world=(-12.5, 0.0, 5.5) cell=(-13, 5)
[Click] world=(-12.5, 0.0, 8.499998) cell=(-13, 8)
[Click] world=(-12.5, 0.0, 11.5) cell=(-13, 11)
[Click] world=(-9.500001, 0.0, 11.5) cell=(-10, 11)
[Click] world=(-6.500001, 0.0, 11.5) cell=(-7, 11)
[Click] world=(-8.500003, 0.0, 9.5) cell=(-9, 9)
[Click] world=(-11.5, 0.0, 9.500002) cell=(-12, 9)
[Click] world=(-11.5, 0.0, 6.5) cell=(-12, 6)
[Click] world=(-11.5, 0.0, 3.499998) cell=(-12, 3)
[Click] world=(-11.5, 0.0, 0.5) cell=(-12, 0)
[Click] world=(-9.499999, 0.0, -1.499999) cell=(-10, -2)
[Click] world=(-6.5, 0.0, -1.500003) cell=(-7, -2)
[Click] world=(-3.499999, 0.0, 0.5) cell=(-4, 0)
[Click] world=(-0.499999, 0.000001, 1.500002) cell=(-1, 1)
[Click] world=(0.0, 0.0, 1.0) cell=(0, 1)
[Click] world=(1.5, 0.0, 3.500002) cell=(1, 3)
[Click] world=(4.5, 0.0, 3.500002) cell=(4, 3)
[Click] world=(7.499999, 0.0, 5.500001) cell=(7, 5)
[Click] world=(8.5, 0.0, 5.5) cell=(8, 5)
[Click] world=(9.499998, 0.0, 8.5) cell=(9, 8)
[Click] world=(11.2, 0.0, 10.6) cell=(11, 10)
[Click] world=(16.4, 0.0, 11.4) cell=(16, 11)
[Dev] item 화염부 world=(32.5, 0.0, 70.5) screen=(-1223.079, 2422.179)
[Dev] item 빙결부 world=(33.5, 0.0, 69.5) screen=(-1130.513, 2422.179)
[Field] deulnyeok seed=355022911 128x128 props=2252 packs=18 enemies=77 waypoint=(62, 65) roster=bandit,bat,talisman_master elites=["13:파란×4@구간3"]
[Audio] BGM dungeon → dungeon_3.ogg
[Save] level 못골 들녘 → user://save_e2e.json (C:/Users/FORYOUCOM/AppData/Roaming/Godot/app_userdata/Joseon Hunters/wt/codex-630-whirl-structure/save_e2e.json)
[Dev] stairs Down_cave dir=1 world=(88.5, 0.0, 3.5) screen=(7212.236, 897.1014)
[Dev] interact Waypoint world=(62.5, 0.0, 65.5) screen=(3139.301, 1810.974)
[Dev] interact FloorItem world=(32.5, 0.0, 70.5) screen=(1519.384, 1142.938)
[Dev] interact @Area3D@57319 world=(33.5, 0.0, 69.5) screen=(1611.95, 1142.938)
[Dev] interact PusJar world=(95.5, 0.0, 103.5) screen=(2907.884, 3708.197)
[Dev] interact @Area3D@57546 world=(101.5, 0.0, 105.5) screen=(3093.018, 3921.969)
[Dev] interact @Area3D@57547 world=(98.5, 0.0, 107.5) screen=(2861.601, 3895.247)
[Dev] interact LootChest world=(27.5, 0.0, 70.5) screen=(1287.967, 1009.331)
[Dev] interact @Area3D@57548 world=(94.5, 0.0, 100.5) screen=(3000.451, 3601.312)
[Dev] interact @Area3D@57549 world=(55.5, 0.0, 52.5) screen=(3417.001, 1276.545)
[Dev] interact LootPot world=(46.5, 0.0, 68.5) screen=(2259.917, 1463.595)
[Dev] interact @Area3D@57550 world=(73.5, 0.0, 47.5) screen=(4481.519, 1623.924)
[Dev] interact @Area3D@57551 world=(90.5, 0.0, 47.5) screen=(5268.335, 2078.189)
[Dev] interact @Area3D@57552 world=(111.5, 0.0, 49.5) screen=(6147.719, 2692.782)
[Dev] interact @Area3D@57553 world=(101.5, 0.0, 101.5) screen=(3278.151, 3815.083)
[Dev] interact @Area3D@57554 world=(86.5, 0.0, 76.5) screen=(3740.984, 2746.225)
[Dev] interact @Area3D@57555 world=(53.5, 0.0, 52.5) screen=(3324.434, 1223.102)
[Dev] interact @Area3D@57556 world=(87.5, 0.0, 95.5) screen=(2907.884, 3280.654)
[Dev] interact @Area3D@57557 world=(26.5, 0.0, 66.5) screen=(1426.817, 875.7234)
[Dev] interact @Area3D@57558 world=(17.5, 0.0, 60.5) screen=(1287.967, 474.9016)
[Dev] interact @Area3D@57559 world=(86.5, 0.0, 22.5) screen=(6240.286, 1303.266)
[Dev] interact @Area3D@57560 world=(59.5, 0.0, 65.5) screen=(3000.451, 1730.81)
[Dev] interact @Area3D@57561 world=(18.5, 0.0, 74.5) screen=(686.2832, 875.7234)
[Dev] interact @Area3D@57562 world=(44.5, 0.0, 69.5) screen=(2121.067, 1436.874)
[Dev] interact @Area3D@57563 world=(73.5, 0.0, 49.5) screen=(4388.952, 1677.367)
[Dev] interact @Area3D@57564 world=(88.5, 0.0, 52.5) screen=(4944.352, 2158.353)
[Dev] removed 77 enemies
[Click] world=(2.5, 0.0, 64.5) cell=(2, 64)
[Audio] BGM town → town.ogg
[Save] level 못골 마을 → user://save_e2e.json (C:/Users/FORYOUCOM/AppData/Roaming/Godot/app_userdata/Joseon Hunters/wt/codex-630-whirl-structure/save_e2e.json)
[Dev] stairs DungeonEntrance dir=1 world=(0.0, 0.0, -31.0) screen=(1959.075, -1115.024)
[Dev] interact Merchant world=(5.4, 0.0, -2.4) screen=(885.3018, -254.594)
[Dev] interact Shaman world=(-5.6, 0.0, 0.4) screen=(246.5916, -473.7099)
[Dev] interact Elder world=(2.0, 0.0, -5.6) screen=(876.0451, -430.9556)
[Dev] interact Jumo world=(7.1, 0.0, -1.4) screen=(917.7001, -182.4461)
[Dev] interact StashChest world=(3.3, 0.0, -2.05) screen=(771.9075, -301.3565)
[Dev] interact Waypoint world=(-4.2, 0.0, 2.2) screen=(228.0781, -388.2012)
E2E town_approach PASS (검사 140)
[Save] level 못골 마을 → user://save_e2e.json (C:/Users/FORYOUCOM/AppData/Roaming/Godot/app_userdata/Joseon Hunters/wt/codex-630-whirl-structure/save_e2e.json)
[Dev] stairs DungeonEntrance dir=1 world=(0.0, 0.0, -31.0) screen=(2121.067, -492.4143)
[Dev] interact Merchant world=(5.4, 0.0, -2.4) screen=(1047.293, 368.0158)
[Dev] interact Shaman world=(-5.6, 0.0, 0.4) screen=(408.5833, 148.8999)
[Dev] interact Elder world=(2.0, 0.0, -5.6) screen=(1038.037, 191.6542)
[Dev] interact Jumo world=(7.1, 0.0, -1.4) screen=(1079.692, 440.1637)
[Dev] interact StashChest world=(3.3, 0.0, -2.05) screen=(933.8992, 321.2533)
[Dev] interact Waypoint world=(-4.2, 0.0, 2.2) screen=(390.0698, 234.4085)
E2E ▶ bgm_hooks
[Dungeon] heukrang_gul 1층 lv=2 seed=403727558 gen 64x64 rooms=6 up=(44, 56) down=(7, 23) enemies=20 roster=bandit,bat,talisman_master elites=["방2:금색×3(깊이 0.50)"] named=-
[Quest] heukrang_gul 1층 — 싹쓸이 셈 시작 20 (heukrang_clear:none)
[Audio] BGM dungeon → dungeon_4.ogg
[Save] level 흑랑 굴 1층 → user://save_e2e.json (C:/Users/FORYOUCOM/AppData/Roaming/Godot/app_userdata/Joseon Hunters/wt/codex-630-whirl-structure/save_e2e.json)
[Dev] stairs StairsUp dir=-1 world=(44.5, 0.0, 56.5) screen=(593.7165, 335.9509)
[Dev] stairs StairsDown dir=1 world=(7.5, 0.0, 23.5) screen=(408.583, -1534.551)
[Dev] interact PusJar world=(29.5, 0.0, 42.5) screen=(547.433, -487.0705)
[Dev] interact @Area3D@58102 world=(14.5, 0.0, 24.5) screen=(686.2831, -1368.878)
[Dev] interact @Area3D@58103 world=(23.5, 0.0, 18.5) screen=(1380.534, -1288.714)
[Dev] interact LootChest world=(29.5, 0.0, 39.5) screen=(686.2831, -567.2349)
[Dev] interact @Area3D@58104 world=(40.5, 0.0, 38.5) screen=(1241.683, -300.0204)
[Dev] interact LootPot world=(17.5, 0.0, 43.5) screen=(-54.25064, -781.0067)
[Dev] interact @Area3D@58105 world=(18.5, 0.0, 44.5) screen=(-54.25041, -727.5637)
[Dev] interact @Area3D@58106 world=(19.5, 0.0, 9.5) screen=(1611.95, -1636.093)
[Dev] interact @Area3D@58107 world=(20.5, 0.0, 9.5) screen=(1658.234, -1609.372)
[Dev] interact @Area3D@58108 world=(43.5, 0.0, 60.5) screen=(362.2997, 368.0159)
[Dev] interact @Area3D@58109 world=(43.5, 0.0, 59.5) screen=(408.583, 341.2944)
[Dev] interact @Area3D@58110 world=(21.5, 0.0, 39.5) screen=(316.0163, -781.0065)
[Dev] removed 20 enemies
[Audio] 전투 밀집 — 노리는 무게 5 ≥ 5 → dungeon_tense
[Audio] BGM dungeon_tense → dungeon_tense.ogg
[Kill] +8 xp (lv 1, 8/20)
[Dev] item 엽전 world=(49.18424, 0.0, 58.05767) screen=(738.4245, 484.0596)
[Kill] +8 xp (lv 1, 16/20)
[Dev] item 미식별 목검 world=(43.94233, 0.0, 60.18424) screen=(397.3864, 400.813)
[Kill] +8 xp (lv 2, 4/57)
[LevelUp] lv=2 stat_pts=5 skill_pts=1
[Dev] item 엽전 world=(41.81576, 0.0, 54.94233) screen=(541.5751, 203.9164)
[Kill] +7 xp (lv 2, 11/57)
[Dev] item 엽전 world=(47.05767, 0.0, 52.81576) screen=(882.6133, 287.163)
[Kill] +7 xp (lv 2, 18/57)
[Dev] item 엽전 world=(49.18424, 0.0, 58.05767) screen=(738.4245, 484.0596)
[Dev] item 무명옷 world=(49.18424, 0.0, 58.05767) screen=(738.4245, 484.0596)
[Dev] item 탕약 — 쌍화탕 world=(49.18424, 0.0, 58.05767) screen=(738.4245, 484.0596)
[Save] quest → user://save_e2e.json (C:/Users/FORYOUCOM/AppData/Roaming/Godot/app_userdata/Joseon Hunters/wt/codex-630-whirl-structure/save_e2e.json)
[Quest] heukrang_clear 싹쓸이 완료 (none → killed)
[Audio] 같은 순간 같은 큐 상한(3) 넘침 — drop ×2 (버림 누계 500)
[Audio] 전투 밀집 끝 — 무게 ≤ 2가 6초 → dungeon
[Audio] BGM dungeon → dungeon_4.ogg
  · 다 잡고 원래 곡까지 5.86초 (나오기 6초 · 재는 간격 0.25초)
[Dev] removed 5 enemies
[Audio] 전투 밀집 — 노리는 무게 6 ≥ 5 → dungeon_tense
[Audio] BGM dungeon_tense → dungeon_tense.ogg
[Dungeon] heukrang_gul 1층 lv=2 seed=403727558 gen 64x64 rooms=6 up=(44, 56) down=(7, 23) enemies=20 roster=bandit,bat,talisman_master elites=["방2:금색×3(깊이 0.50)"] named=-
[Quest] heukrang_gul 1층 — 싹쓸이 셈 시작 23 (heukrang_clear:killed)
[Audio] BGM dungeon → dungeon_2.ogg
[Save] level 흑랑 굴 1층 → user://save_e2e.json (C:/Users/FORYOUCOM/AppData/Roaming/Godot/app_userdata/Joseon Hunters/wt/codex-630-whirl-structure/save_e2e.json)
[Dev] stairs StairsUp dir=-1 world=(44.5, 0.0, 56.5) screen=(593.7165, 335.9509)
[Dev] stairs StairsDown dir=1 world=(7.5, 0.0, 23.5) screen=(408.583, -1534.551)
[Dev] interact PusJar world=(29.5, 0.0, 42.5) screen=(547.433, -487.0705)
[Dev] interact @Area3D@58362 world=(14.5, 0.0, 24.5) screen=(686.2831, -1368.878)
[Dev] interact @Area3D@58363 world=(23.5, 0.0, 18.5) screen=(1380.534, -1288.714)
[Dev] interact LootChest world=(29.5, 0.0, 39.5) screen=(686.2831, -567.2349)
[Dev] interact @Area3D@58364 world=(40.5, 0.0, 38.5) screen=(1241.683, -300.0204)
[Dev] interact LootPot world=(17.5, 0.0, 43.5) screen=(-54.25064, -781.0067)
[Dev] interact @Area3D@58365 world=(18.5, 0.0, 44.5) screen=(-54.25041, -727.5637)
[Dev] interact @Area3D@58366 world=(19.5, 0.0, 9.5) screen=(1611.95, -1636.093)
[Dev] interact @Area3D@58367 world=(20.5, 0.0, 9.5) screen=(1658.234, -1609.372)
[Dev] interact @Area3D@58368 world=(43.5, 0.0, 60.5) screen=(362.2997, 368.0159)
[Dev] interact @Area3D@58369 world=(43.5, 0.0, 59.5) screen=(408.583, 341.2944)
[Dev] interact @Area3D@58370 world=(21.5, 0.0, 39.5) screen=(316.0163, -781.0065)
[Dev] removed 20 enemies
[Audio] 전투 밀집 — 노리는 무게 5 ≥ 5 → dungeon_tense
[Audio] BGM dungeon_tense → dungeon_tense.ogg
[Dungeon] heukrang_gul 1층 lv=2 seed=403727558 gen 64x64 rooms=6 up=(44, 56) down=(7, 23) enemies=20 roster=bandit,bat,talisman_master elites=["방2:금색×3(깊이 0.50)"] named=-
[Quest] heukrang_gul 1층 — 싹쓸이 셈 시작 25 (heukrang_clear:killed)
[Audio] BGM dungeon → dungeon_4.ogg
[Save] level 흑랑 굴 1층 → user://save_e2e.json (C:/Users/FORYOUCOM/AppData/Roaming/Godot/app_userdata/Joseon Hunters/wt/codex-630-whirl-structure/save_e2e.json)
[Dev] stairs StairsUp dir=-1 world=(44.5, 0.0, 56.5) screen=(593.7165, 335.9509)
[Dev] stairs StairsDown dir=1 world=(7.5, 0.0, 23.5) screen=(408.583, -1534.551)
[Dev] interact PusJar world=(29.5, 0.0, 42.5) screen=(547.433, -487.0705)
[Dev] interact @Area3D@58587 world=(14.5, 0.0, 24.5) screen=(686.2831, -1368.878)
[Dev] interact @Area3D@58588 world=(23.5, 0.0, 18.5) screen=(1380.534, -1288.714)
[Dev] interact LootChest world=(29.5, 0.0, 39.5) screen=(686.2831, -567.2349)
[Dev] interact @Area3D@58589 world=(40.5, 0.0, 38.5) screen=(1241.683, -300.0204)
[Dev] interact LootPot world=(17.5, 0.0, 43.5) screen=(-54.25064, -781.0067)
[Dev] interact @Area3D@58590 world=(18.5, 0.0, 44.5) screen=(-54.25041, -727.5637)
[Dev] interact @Area3D@58591 world=(19.5, 0.0, 9.5) screen=(1611.95, -1636.093)
[Dev] interact @Area3D@58592 world=(20.5, 0.0, 9.5) screen=(1658.234, -1609.372)
[Dev] interact @Area3D@58593 world=(43.5, 0.0, 60.5) screen=(362.2997, 368.0159)
[Dev] interact @Area3D@58594 world=(43.5, 0.0, 59.5) screen=(408.583, 341.2944)
[Dev] interact @Area3D@58595 world=(21.5, 0.0, 39.5) screen=(316.0163, -781.0065)
[Dev] removed 20 enemies
[Dungeon] heukrang_gul 2층 lv=3 seed=3189434797 preset 28x28 rooms=2 up=(22, 23) down=(-1, -1) enemies=2 roster=bat elites=[] named=-
[Audio] BGM boss → boss.ogg
[Save] level 흑랑 굴 2층 → user://save_e2e.json (C:/Users/FORYOUCOM/AppData/Roaming/Godot/app_userdata/Joseon Hunters/wt/codex-630-whirl-structure/save_e2e.json)
[Dev] stairs StairsUp dir=-1 world=(22.5, 0.0, 23.5) screen=(593.7167, 335.9507)
[Dev] removed 3 enemies
[Dungeon] bongmil_gul 4층 lv=12 seed=3811254728 preset 32x30 rooms=2 up=(26, 23) down=(-1, -1) enemies=3 roster=yeou,yeoubul elites=[] named=-
[Audio] BGM kumiho → kumiho.ogg
[Save] level 봉밀굴 구미원 → user://save_e2e.json (C:/Users/FORYOUCOM/AppData/Roaming/Godot/app_userdata/Joseon Hunters/wt/codex-630-whirl-structure/save_e2e.json)
[Dev] stairs StairsUp dir=-1 world=(26.5, 0.0, 23.5) screen=(593.7167, 335.9507)
[Dev] removed 4 enemies
E2E bgm_hooks PASS (검사 23)
[Audio] BGM town → town.ogg
[Save] level 못골 마을 → user://save_e2e.json (C:/Users/FORYOUCOM/AppData/Roaming/Godot/app_userdata/Joseon Hunters/wt/codex-630-whirl-structure/save_e2e.json)
[Dev] stairs DungeonEntrance dir=1 world=(0.0, 0.0, -31.0) screen=(2121.067, -492.4143)
[Dev] interact Merchant world=(5.4, 0.0, -2.4) screen=(1047.293, 368.0158)
[Dev] interact Shaman world=(-5.6, 0.0, 0.4) screen=(408.5833, 148.8999)
[Dev] interact Elder world=(2.0, 0.0, -5.6) screen=(1038.037, 191.6542)
[Dev] interact Jumo world=(7.1, 0.0, -1.4) screen=(1079.692, 440.1637)
[Dev] interact StashChest world=(3.3, 0.0, -2.05) screen=(933.8992, 321.2533)
[Dev] interact Waypoint world=(-4.2, 0.0, 2.2) screen=(390.0698, 234.4085)
E2E ▶ ui_windows
[Dev] item 환도 world=(1.3, 0.0, 2.3) screen=(640.0, 413.4636)
[Click] world=(5.4, 0.0, -2.4) cell=(5, -3)
[Save] talk merchant → user://save_e2e.json (C:/Users/FORYOUCOM/AppData/Roaming/Godot/app_userdata/Joseon Hunters/wt/codex-630-whirl-structure/save_e2e.json)
[Click] world=(-5.6, 0.0, 0.4) cell=(-6, 0)
[Save] quest_log_dialogue → user://save_e2e.json (C:/Users/FORYOUCOM/AppData/Roaming/Godot/app_userdata/Joseon Hunters/wt/codex-630-whirl-structure/save_e2e.json)
[Save] talk shaman → user://save_e2e.json (C:/Users/FORYOUCOM/AppData/Roaming/Godot/app_userdata/Joseon Hunters/wt/codex-630-whirl-structure/save_e2e.json)
[Click] world=(2.0, 0.0, -5.6) cell=(2, -6)
[Save] talk elder → user://save_e2e.json (C:/Users/FORYOUCOM/AppData/Roaming/Godot/app_userdata/Joseon Hunters/wt/codex-630-whirl-structure/save_e2e.json)
[Click] world=(-4.2, 0.0, 2.2) cell=(-5, 2)
[Load] lv=1 gold=0 flags={ "opening_pending": false } portal=<null> wps=[]
[Save] level 못골 마을 → user://ui_windows_550_739562749.json.characters/doho_dd288563f2978cd4e945dded.json (C:/Users/FORYOUCOM/AppData/Roaming/Godot/app_userdata/Joseon Hunters/wt/codex-630-whirl-structure/ui_windows_550_739562749.json.characters/doho_dd288563f2978cd4e945dded.json)
[Dev] stairs DungeonEntrance dir=1 world=(0.0, 0.0, -31.0) screen=(2121.067, -492.4143)
[Dev] interact Merchant world=(5.4, 0.0, -2.4) screen=(1047.293, 368.0158)
[Dev] interact Shaman world=(-5.6, 0.0, 0.4) screen=(408.5833, 148.8999)
[Dev] interact Elder world=(2.0, 0.0, -5.6) screen=(1038.037, 191.6542)
[Dev] interact Jumo world=(7.1, 0.0, -1.4) screen=(1079.692, 440.1637)
[Dev] interact StashChest world=(3.3, 0.0, -2.05) screen=(933.8992, 321.2533)
[Dev] interact Waypoint world=(-4.2, 0.0, 2.2) screen=(390.0698, 234.4085)
E2E ui_windows PASS (검사 65)
[Save] level 못골 마을 → user://save_e2e.json (C:/Users/FORYOUCOM/AppData/Roaming/Godot/app_userdata/Joseon Hunters/wt/codex-630-whirl-structure/save_e2e.json)
[Dev] stairs DungeonEntrance dir=1 world=(0.0, 0.0, -31.0) screen=(2121.067, -492.4143)
[Dev] interact Merchant world=(5.4, 0.0, -2.4) screen=(1047.293, 368.0158)
[Dev] interact Shaman world=(-5.6, 0.0, 0.4) screen=(408.5833, 148.8999)
[Dev] interact Elder world=(2.0, 0.0, -5.6) screen=(1038.037, 191.6542)
[Dev] interact Jumo world=(7.1, 0.0, -1.4) screen=(1079.692, 440.1637)
[Dev] interact StashChest world=(3.3, 0.0, -2.05) screen=(933.8992, 321.2533)
[Dev] interact Waypoint world=(-4.2, 0.0, 2.2) screen=(390.0698, 234.4085)
E2E ▶ story_cutin
[Save] level 못골 마을 → user://save_e2e.json (C:/Users/FORYOUCOM/AppData/Roaming/Godot/app_userdata/Joseon Hunters/wt/codex-630-whirl-structure/save_e2e.json)
[Dev] stairs DungeonEntrance dir=1 world=(0.0, 0.0, -31.0) screen=(2121.067, -492.4143)
[Dev] interact Merchant world=(5.4, 0.0, -2.4) screen=(1047.293, 368.0158)
[Dev] interact Shaman world=(-5.6, 0.0, 0.4) screen=(408.5833, 148.8999)
[Dev] interact Elder world=(2.0, 0.0, -5.6) screen=(1038.037, 191.6542)
[Dev] interact Jumo world=(7.1, 0.0, -1.4) screen=(1079.692, 440.1637)
[Dev] interact StashChest world=(3.3, 0.0, -2.05) screen=(933.8992, 321.2533)
[Dev] interact Waypoint world=(-4.2, 0.0, 2.2) screen=(390.0698, 234.4085)
[Load] lv=1 gold=0 flags={ "opening_pending": true, "story": { "entered/motgol": true } } portal=<null> wps=[]
[Save] level 못골 마을 → user://save_e2e.json (C:/Users/FORYOUCOM/AppData/Roaming/Godot/app_userdata/Joseon Hunters/wt/codex-630-whirl-structure/save_e2e.json)
[Dev] stairs DungeonEntrance dir=1 world=(0.0, 0.0, -31.0) screen=(2121.067, -492.4143)
[Dev] interact Merchant world=(5.4, 0.0, -2.4) screen=(1047.293, 368.0158)
[Dev] interact Shaman world=(-5.6, 0.0, 0.4) screen=(408.5833, 148.8999)
[Dev] interact Elder world=(2.0, 0.0, -5.6) screen=(1038.037, 191.6542)
[Dev] interact Jumo world=(7.1, 0.0, -1.4) screen=(1079.692, 440.1637)
[Dev] interact StashChest world=(3.3, 0.0, -2.05) screen=(933.8992, 321.2533)
[Dev] interact Waypoint world=(-4.2, 0.0, 2.2) screen=(390.0698, 234.4085)
  · 사설 가장 긴 줄 869 / 글 폭 1101 px (화면 (1280.0, 720.0)) 「그날 이후 괴질이 돌았으니라! 옛 도사들이 걸어 둔 봉인이 새어 병이 번져 방방곡곡 휘몰아쳐—」
[Save] opening → user://save_e2e.json (C:/Users/FORYOUCOM/AppData/Roaming/Godot/app_userdata/Joseon Hunters/wt/codex-630-whirl-structure/save_e2e.json)
[Dungeon] heukrang_gul 2층 lv=3 seed=3189434797 preset 28x28 rooms=2 up=(22, 23) down=(-1, -1) enemies=2 roster=bat elites=[] named=-
[Audio] BGM boss → boss.ogg
[Save] level 흑랑 굴 2층 → user://save_e2e.json (C:/Users/FORYOUCOM/AppData/Roaming/Godot/app_userdata/Joseon Hunters/wt/codex-630-whirl-structure/save_e2e.json)
[Dev] stairs StairsUp dir=-1 world=(22.5, 0.0, 23.5) screen=(593.7167, 335.9507)
  · 컷인 조우 before tick=41986 intro=false signals=0 visible=false kind= paused=true menu=false distance=4.000
  · 컷인 조우 after tick=41987 delta=1 opened=true intro=true signals=1 visible=true kind=boss paused=true menu=false
  · 컷인 Esc tick=41989 intro=true signals=1 visible=false paused=false menu=false
[Dungeon] beomgul 3층 lv=6 seed=3376041942 preset 32x30 rooms=2 up=(26, 24) down=(-1, -1) enemies=0 roster= elites=[] named=-
[Save] level 범굴 3층 → user://save_e2e.json (C:/Users/FORYOUCOM/AppData/Roaming/Godot/app_userdata/Joseon Hunters/wt/codex-630-whirl-structure/save_e2e.json)
[Dev] stairs StairsUp dir=-1 world=(26.5, 0.0, 24.5) screen=(593.7167, 335.9507)
E2E story_cutin PASS (검사 32)
[Audio] BGM town → town.ogg
[Save] level 못골 마을 → user://save_e2e.json (C:/Users/FORYOUCOM/AppData/Roaming/Godot/app_userdata/Joseon Hunters/wt/codex-630-whirl-structure/save_e2e.json)
[Dev] stairs DungeonEntrance dir=1 world=(0.0, 0.0, -31.0) screen=(2121.067, -492.4143)
[Dev] interact Merchant world=(5.4, 0.0, -2.4) screen=(1047.293, 368.0158)
[Dev] interact Shaman world=(-5.6, 0.0, 0.4) screen=(408.5833, 148.8999)
[Dev] interact Elder world=(2.0, 0.0, -5.6) screen=(1038.037, 191.6542)
[Dev] interact Jumo world=(7.1, 0.0, -1.4) screen=(1079.692, 440.1637)
[Dev] interact StashChest world=(3.3, 0.0, -2.05) screen=(933.8992, 321.2533)
[Dev] interact Waypoint world=(-4.2, 0.0, 2.2) screen=(390.0698, 234.4085)
E2E ▶ dialogue_band
[Click] world=(5.4, 0.0, -2.4) cell=(5, -3)
[Save] talk merchant → user://save_e2e.json (C:/Users/FORYOUCOM/AppData/Roaming/Godot/app_userdata/Joseon Hunters/wt/codex-630-whirl-structure/save_e2e.json)
[Dev] 한기 3초 → 산적
[Dev] 빙결 → 산적 (얼음)
[Dev] 화상 3/초 × 2초 → 산적
  · 이름표 글꼴 = 궁서
E2E dialogue_band PASS (검사 78)
[Save] level 못골 마을 → user://save_e2e.json (C:/Users/FORYOUCOM/AppData/Roaming/Godot/app_userdata/Joseon Hunters/wt/codex-630-whirl-structure/save_e2e.json)
[Dev] stairs DungeonEntrance dir=1 world=(0.0, 0.0, -31.0) screen=(2121.067, -492.4143)
[Dev] interact Merchant world=(5.4, 0.0, -2.4) screen=(1047.293, 368.0158)
[Dev] interact Shaman world=(-5.6, 0.0, 0.4) screen=(408.5833, 148.8999)
[Dev] interact Elder world=(2.0, 0.0, -5.6) screen=(1038.037, 191.6542)
[Dev] interact Jumo world=(7.1, 0.0, -1.4) screen=(1079.692, 440.1637)
[Dev] interact StashChest world=(3.3, 0.0, -2.05) screen=(933.8992, 321.2533)
[Dev] interact Waypoint world=(-4.2, 0.0, 2.2) screen=(390.0698, 234.4085)
E2E ▶ dialogue_event
[Click] world=(-5.6, 0.0, 0.4) cell=(-6, 0)
[Click] world=(-3.9, 0.0, 0.6) cell=(-4, 0)
[Save] quest_log_dialogue → user://save_e2e.json (C:/Users/FORYOUCOM/AppData/Roaming/Godot/app_userdata/Joseon Hunters/wt/codex-630-whirl-structure/save_e2e.json)
[Click] world=(-1.767355, 0.0, 2.585504) cell=(-2, 2)
[Click] world=(-5.6, 0.0, 0.4) cell=(-6, 0)
[Save] talk shaman → user://save_e2e.json (C:/Users/FORYOUCOM/AppData/Roaming/Godot/app_userdata/Joseon Hunters/wt/codex-630-whirl-structure/save_e2e.json)
[Click] world=(-3.9, 0.0, 0.6) cell=(-4, 0)
E2E dialogue_event PASS (검사 50)
[Save] level 못골 마을 → user://save_e2e.json (C:/Users/FORYOUCOM/AppData/Roaming/Godot/app_userdata/Joseon Hunters/wt/codex-630-whirl-structure/save_e2e.json)
[Dev] stairs DungeonEntrance dir=1 world=(0.0, 0.0, -31.0) screen=(2121.067, -492.4143)
[Dev] interact Merchant world=(5.4, 0.0, -2.4) screen=(1047.293, 368.0158)
[Dev] interact Shaman world=(-5.6, 0.0, 0.4) screen=(408.5833, 148.8999)
[Dev] interact Elder world=(2.0, 0.0, -5.6) screen=(1038.037, 191.6542)
[Dev] interact Jumo world=(7.1, 0.0, -1.4) screen=(1079.692, 440.1637)
[Dev] interact StashChest world=(3.3, 0.0, -2.05) screen=(933.8992, 321.2533)
[Dev] interact Waypoint world=(-4.2, 0.0, 2.2) screen=(390.0698, 234.4085)
E2E ▶ dialogue_choices
[Click] world=(-5.6, 0.0, 0.4) cell=(-6, 0)
[Save] quest_log_dialogue → user://save_e2e.json (C:/Users/FORYOUCOM/AppData/Roaming/Godot/app_userdata/Joseon Hunters/wt/codex-630-whirl-structure/save_e2e.json)
[Save] talk shaman → user://save_e2e.json (C:/Users/FORYOUCOM/AppData/Roaming/Godot/app_userdata/Joseon Hunters/wt/codex-630-whirl-structure/save_e2e.json)
[Save] level 못골 마을 → user://save_e2e.json (C:/Users/FORYOUCOM/AppData/Roaming/Godot/app_userdata/Joseon Hunters/wt/codex-630-whirl-structure/save_e2e.json)
[Dev] stairs DungeonEntrance dir=1 world=(0.0, 0.0, -31.0) screen=(2121.067, -492.4143)
[Dev] interact Merchant world=(5.4, 0.0, -2.4) screen=(1047.293, 368.0158)
[Dev] interact Shaman world=(-5.6, 0.0, 0.4) screen=(408.5833, 148.8999)
[Dev] interact Elder world=(2.0, 0.0, -5.6) screen=(1038.037, 191.6542)
[Dev] interact Jumo world=(7.1, 0.0, -1.4) screen=(1079.692, 440.1637)
[Dev] interact StashChest world=(3.3, 0.0, -2.05) screen=(933.8992, 321.2533)
[Dev] interact Waypoint world=(-4.2, 0.0, 2.2) screen=(390.0698, 234.4085)
[Click] world=(-5.6, 0.0, 0.4) cell=(-6, 0)
[Save] quest_log_dialogue → user://save_e2e.json (C:/Users/FORYOUCOM/AppData/Roaming/Godot/app_userdata/Joseon Hunters/wt/codex-630-whirl-structure/save_e2e.json)
[Save] talk shaman → user://save_e2e.json (C:/Users/FORYOUCOM/AppData/Roaming/Godot/app_userdata/Joseon Hunters/wt/codex-630-whirl-structure/save_e2e.json)
[Save] level 못골 마을 → user://save_e2e.json (C:/Users/FORYOUCOM/AppData/Roaming/Godot/app_userdata/Joseon Hunters/wt/codex-630-whirl-structure/save_e2e.json)
[Dev] stairs DungeonEntrance dir=1 world=(0.0, 0.0, -31.0) screen=(2121.067, -492.4143)
[Dev] interact Merchant world=(5.4, 0.0, -2.4) screen=(1047.293, 368.0158)
[Dev] interact Shaman world=(-5.6, 0.0, 0.4) screen=(408.5833, 148.8999)
[Dev] interact Elder world=(2.0, 0.0, -5.6) screen=(1038.037, 191.6542)
[Dev] interact Jumo world=(7.1, 0.0, -1.4) screen=(1079.692, 440.1637)
[Dev] interact StashChest world=(3.3, 0.0, -2.05) screen=(933.8992, 321.2533)
[Dev] interact Waypoint world=(-4.2, 0.0, 2.2) screen=(390.0698, 234.4085)
[Click] world=(-5.6, 0.0, 0.4) cell=(-6, 0)
[Save] quest → user://save_e2e.json (C:/Users/FORYOUCOM/AppData/Roaming/Godot/app_userdata/Joseon Hunters/wt/codex-630-whirl-structure/save_e2e.json)
[Save] quest → user://save_e2e.json (C:/Users/FORYOUCOM/AppData/Roaming/Godot/app_userdata/Joseon Hunters/wt/codex-630-whirl-structure/save_e2e.json)
[Save] quest → user://save_e2e.json (C:/Users/FORYOUCOM/AppData/Roaming/Godot/app_userdata/Joseon Hunters/wt/codex-630-whirl-structure/save_e2e.json)
[Save] quest_log_dialogue → user://save_e2e.json (C:/Users/FORYOUCOM/AppData/Roaming/Godot/app_userdata/Joseon Hunters/wt/codex-630-whirl-structure/save_e2e.json)
[Save] talk shaman → user://save_e2e.json (C:/Users/FORYOUCOM/AppData/Roaming/Godot/app_userdata/Joseon Hunters/wt/codex-630-whirl-structure/save_e2e.json)
E2E dialogue_choices PASS (검사 46)
[Save] level 못골 마을 → user://save_e2e.json (C:/Users/FORYOUCOM/AppData/Roaming/Godot/app_userdata/Joseon Hunters/wt/codex-630-whirl-structure/save_e2e.json)
[Dev] stairs DungeonEntrance dir=1 world=(0.0, 0.0, -31.0) screen=(2121.067, -492.4143)
[Dev] interact Merchant world=(5.4, 0.0, -2.4) screen=(1047.293, 368.0158)
[Dev] interact Shaman world=(-5.6, 0.0, 0.4) screen=(408.5833, 148.8999)
[Dev] interact Elder world=(2.0, 0.0, -5.6) screen=(1038.037, 191.6542)
[Dev] interact Jumo world=(7.1, 0.0, -1.4) screen=(1079.692, 440.1637)
[Dev] interact StashChest world=(3.3, 0.0, -2.05) screen=(933.8992, 321.2533)
[Dev] interact Waypoint world=(-4.2, 0.0, 2.2) screen=(390.0698, 234.4085)
E2E ▶ ui_docks
  · none camera settled, player x=640.00
  · right camera settled, player x=424.00
[Click] world=(-0.898153, 0.64099, 0.94237) cell=(-1, 0)
  · right after pickup camera settled, player x=424.00
  · left camera settled, player x=856.00
[Click] world=(0.989948, 0.0, 0.01005) cell=(0, 0)
  · left after movement camera settled, player x=857.43
  · both camera settled, player x=640.28
  · skills and bag camera settled, player x=640.17
  · Esc restores center camera settled, player x=640.10
[Click] world=(5.4, 0.0, -2.4) cell=(5, -3)
  · dialog alone camera settled, player x=641.44
  · vendor and bag camera settled, player x=640.00
  · after vendor close camera settled, player x=640.00
[Click] world=(-4.2, 0.0, 2.2) cell=(-5, 2)
  · waypoint alone camera settled, player x=854.51
  · waypoint and bag camera settled, player x=639.71
  · final center camera settled, player x=639.83
E2E ui_docks PASS (검사 61)
[Save] level 못골 마을 → user://save_e2e.json (C:/Users/FORYOUCOM/AppData/Roaming/Godot/app_userdata/Joseon Hunters/wt/codex-630-whirl-structure/save_e2e.json)
[Dev] stairs DungeonEntrance dir=1 world=(0.0, 0.0, -31.0) screen=(2121.067, -492.4143)
[Dev] interact Merchant world=(5.4, 0.0, -2.4) screen=(1047.293, 368.0158)
[Dev] interact Shaman world=(-5.6, 0.0, 0.4) screen=(408.5833, 148.8999)
[Dev] interact Elder world=(2.0, 0.0, -5.6) screen=(1038.037, 191.6542)
[Dev] interact Jumo world=(7.1, 0.0, -1.4) screen=(1079.692, 440.1637)
[Dev] interact StashChest world=(3.3, 0.0, -2.05) screen=(933.8992, 321.2533)
[Dev] interact Waypoint world=(-4.2, 0.0, 2.2) screen=(390.0698, 234.4085)
E2E ▶ ui_tooltips
E2E ui_tooltips PASS (검사 108)
[Save] level 못골 마을 → user://save_e2e.json (C:/Users/FORYOUCOM/AppData/Roaming/Godot/app_userdata/Joseon Hunters/wt/codex-630-whirl-structure/save_e2e.json)
[Dev] stairs DungeonEntrance dir=1 world=(0.0, 0.0, -31.0) screen=(2121.067, -492.4143)
[Dev] interact Merchant world=(5.4, 0.0, -2.4) screen=(1047.293, 368.0158)
[Dev] interact Shaman world=(-5.6, 0.0, 0.4) screen=(408.5833, 148.8999)
[Dev] interact Elder world=(2.0, 0.0, -5.6) screen=(1038.037, 191.6542)
[Dev] interact Jumo world=(7.1, 0.0, -1.4) screen=(1079.692, 440.1637)
[Dev] interact StashChest world=(3.3, 0.0, -2.05) screen=(933.8992, 321.2533)
[Dev] interact Waypoint world=(-4.2, 0.0, 2.2) screen=(390.0698, 234.4085)
E2E ▶ belt_unify
E2E belt_unify PASS (검사 15)
[Save] level 못골 마을 → user://save_e2e.json (C:/Users/FORYOUCOM/AppData/Roaming/Godot/app_userdata/Joseon Hunters/wt/codex-630-whirl-structure/save_e2e.json)
[Dev] stairs DungeonEntrance dir=1 world=(0.0, 0.0, -31.0) screen=(2121.067, -492.4143)
[Dev] interact Merchant world=(5.4, 0.0, -2.4) screen=(1047.293, 368.0158)
[Dev] interact Shaman world=(-5.6, 0.0, 0.4) screen=(408.5833, 148.8999)
[Dev] interact Elder world=(2.0, 0.0, -5.6) screen=(1038.037, 191.6542)
[Dev] interact Jumo world=(7.1, 0.0, -1.4) screen=(1079.692, 440.1637)
[Dev] interact StashChest world=(3.3, 0.0, -2.05) screen=(933.8992, 321.2533)
[Dev] interact Waypoint world=(-4.2, 0.0, 2.2) screen=(390.0698, 234.4085)
E2E ▶ item_ui
E2E item_ui PASS (검사 42)
[Save] level 못골 마을 → user://save_e2e.json (C:/Users/FORYOUCOM/AppData/Roaming/Godot/app_userdata/Joseon Hunters/wt/codex-630-whirl-structure/save_e2e.json)
[Dev] stairs DungeonEntrance dir=1 world=(0.0, 0.0, -31.0) screen=(2121.067, -492.4143)
[Dev] interact Merchant world=(5.4, 0.0, -2.4) screen=(1047.293, 368.0158)
[Dev] interact Shaman world=(-5.6, 0.0, 0.4) screen=(408.5833, 148.8999)
[Dev] interact Elder world=(2.0, 0.0, -5.6) screen=(1038.037, 191.6542)
[Dev] interact Jumo world=(7.1, 0.0, -1.4) screen=(1079.692, 440.1637)
[Dev] interact StashChest world=(3.3, 0.0, -2.05) screen=(933.8992, 321.2533)
[Dev] interact Waypoint world=(-4.2, 0.0, 2.2) screen=(390.0698, 234.4085)
E2E ▶ skill_picker
[Save] skill_picker_e2e → user://save_e2e.json (C:/Users/FORYOUCOM/AppData/Roaming/Godot/app_userdata/Joseon Hunters/wt/codex-630-whirl-structure/save_e2e.json)
[Load] lv=6 gold=0 flags={ "opening_pending": false, "story": { "entered/motgol": true } } portal=<null> wps=[]
[Save] level 못골 마을 → user://save_e2e.json (C:/Users/FORYOUCOM/AppData/Roaming/Godot/app_userdata/Joseon Hunters/wt/codex-630-whirl-structure/save_e2e.json)
[Dev] stairs DungeonEntrance dir=1 world=(0.0, 0.0, -31.0) screen=(2121.067, -492.4143)
[Dev] interact Merchant world=(5.4, 0.0, -2.4) screen=(1047.293, 368.0158)
[Dev] interact Shaman world=(-5.6, 0.0, 0.4) screen=(408.5833, 148.8999)
[Dev] interact Elder world=(2.0, 0.0, -5.6) screen=(1038.037, 191.6542)
[Dev] interact Jumo world=(7.1, 0.0, -1.4) screen=(1079.692, 440.1637)
[Dev] interact StashChest world=(3.3, 0.0, -2.05) screen=(933.8992, 321.2533)
[Dev] interact Waypoint world=(-4.2, 0.0, 2.2) screen=(390.0698, 234.4085)
[Skill] 참격 → mp 46/50
[Skill] 참격 → mp 46/50
[Skill] 회오리베기 → mp 38/50
[Dev] item 탕약 — 쌍화탕 world=(-0.187194, 0.0, 1.880317) screen=(374.592, 362.5098)
[Save] level 못골 마을 → user://save_e2e.json (C:/Users/FORYOUCOM/AppData/Roaming/Godot/app_userdata/Joseon Hunters/wt/codex-630-whirl-structure/save_e2e.json)
[Dev] stairs DungeonEntrance dir=1 world=(0.0, 0.0, -31.0) screen=(2121.067, -492.4143)
[Dev] interact Merchant world=(5.4, 0.0, -2.4) screen=(1047.293, 368.0158)
[Dev] interact Shaman world=(-5.6, 0.0, 0.4) screen=(408.5833, 148.8999)
[Dev] interact Elder world=(2.0, 0.0, -5.6) screen=(1038.037, 191.6542)
[Dev] interact Jumo world=(7.1, 0.0, -1.4) screen=(1079.692, 440.1637)
[Dev] interact StashChest world=(3.3, 0.0, -2.05) screen=(933.8992, 321.2533)
[Dev] interact Waypoint world=(-4.2, 0.0, 2.2) screen=(390.0698, 234.4085)
[Death] 도호 사망 → 1.2s 뒤 마을 복귀, 엽전 -0
[Save] level 못골 마을 → user://save_e2e.json (C:/Users/FORYOUCOM/AppData/Roaming/Godot/app_userdata/Joseon Hunters/wt/codex-630-whirl-structure/save_e2e.json)
[Dev] stairs DungeonEntrance dir=1 world=(0.0, 0.0, -31.0) screen=(2121.067, -492.4143)
[Dev] interact Merchant world=(5.4, 0.0, -2.4) screen=(1047.293, 368.0158)
[Dev] interact Shaman world=(-5.6, 0.0, 0.4) screen=(408.5833, 148.8999)
[Dev] interact Elder world=(2.0, 0.0, -5.6) screen=(1038.037, 191.6542)
[Dev] interact Jumo world=(7.1, 0.0, -1.4) screen=(1079.692, 440.1637)
[Dev] interact StashChest world=(3.3, 0.0, -2.05) screen=(933.8992, 321.2533)
[Dev] interact Waypoint world=(-4.2, 0.0, 2.2) screen=(390.0698, 234.4085)
E2E skill_picker PASS (검사 191)
[Save] level 못골 마을 → user://save_e2e.json (C:/Users/FORYOUCOM/AppData/Roaming/Godot/app_userdata/Joseon Hunters/wt/codex-630-whirl-structure/save_e2e.json)
[Dev] stairs DungeonEntrance dir=1 world=(0.0, 0.0, -31.0) screen=(2121.067, -492.4143)
[Dev] interact Merchant world=(5.4, 0.0, -2.4) screen=(1047.293, 368.0158)
[Dev] interact Shaman world=(-5.6, 0.0, 0.4) screen=(408.5833, 148.8999)
[Dev] interact Elder world=(2.0, 0.0, -5.6) screen=(1038.037, 191.6542)
[Dev] interact Jumo world=(7.1, 0.0, -1.4) screen=(1079.692, 440.1637)
[Dev] interact StashChest world=(3.3, 0.0, -2.05) screen=(933.8992, 321.2533)
[Dev] interact Waypoint world=(-4.2, 0.0, 2.2) screen=(390.0698, 234.4085)
E2E ▶ skill_icons
[Skill] 회오리베기 → mp 42/50
E2E skill_icons PASS (검사 81)
[Save] level 못골 마을 → user://save_e2e.json (C:/Users/FORYOUCOM/AppData/Roaming/Godot/app_userdata/Joseon Hunters/wt/codex-630-whirl-structure/save_e2e.json)
[Dev] stairs DungeonEntrance dir=1 world=(0.0, 0.0, -31.0) screen=(2121.067, -492.4143)
[Dev] interact Merchant world=(5.4, 0.0, -2.4) screen=(1047.293, 368.0158)
[Dev] interact Shaman world=(-5.6, 0.0, 0.4) screen=(408.5833, 148.8999)
[Dev] interact Elder world=(2.0, 0.0, -5.6) screen=(1038.037, 191.6542)
[Dev] interact Jumo world=(7.1, 0.0, -1.4) screen=(1079.692, 440.1637)
[Dev] interact StashChest world=(3.3, 0.0, -2.05) screen=(933.8992, 321.2533)
[Dev] interact Waypoint world=(-4.2, 0.0, 2.2) screen=(390.0698, 234.4085)
E2E ▶ vfx_cues
[Dungeon] heukrang_gul 1층 lv=2 seed=403727558 gen 64x64 rooms=6 up=(44, 56) down=(7, 23) enemies=20 roster=bandit,bat,talisman_master elites=["방2:금색×3(깊이 0.50)"] named=-
[Quest] heukrang_gul 1층 — 싹쓸이 셈 시작 20 (heukrang_clear:none)
[Audio] BGM dungeon → dungeon_3.ogg
[Save] level 흑랑 굴 1층 → user://save_e2e.json (C:/Users/FORYOUCOM/AppData/Roaming/Godot/app_userdata/Joseon Hunters/wt/codex-630-whirl-structure/save_e2e.json)
[Dev] stairs StairsUp dir=-1 world=(44.5, 0.0, 56.5) screen=(593.7165, 335.9509)
[Dev] stairs StairsDown dir=1 world=(7.5, 0.0, 23.5) screen=(408.583, -1534.551)
[Dev] interact PusJar world=(29.5, 0.0, 42.5) screen=(547.433, -487.0705)
[Dev] interact @Area3D@62363 world=(14.5, 0.0, 24.5) screen=(686.2831, -1368.878)
[Dev] interact @Area3D@62364 world=(23.5, 0.0, 18.5) screen=(1380.534, -1288.714)
[Dev] interact LootChest world=(29.5, 0.0, 39.5) screen=(686.2831, -567.2349)
[Dev] interact @Area3D@62365 world=(40.5, 0.0, 38.5) screen=(1241.683, -300.0204)
[Dev] interact LootPot world=(17.5, 0.0, 43.5) screen=(-54.25064, -781.0067)
[Dev] interact @Area3D@62366 world=(18.5, 0.0, 44.5) screen=(-54.25041, -727.5637)
[Dev] interact @Area3D@62367 world=(19.5, 0.0, 9.5) screen=(1611.95, -1636.093)
[Dev] interact @Area3D@62368 world=(20.5, 0.0, 9.5) screen=(1658.234, -1609.372)
[Dev] interact @Area3D@62369 world=(43.5, 0.0, 60.5) screen=(362.2997, 368.0159)
[Dev] interact @Area3D@62370 world=(43.5, 0.0, 59.5) screen=(408.583, 341.2944)
[Dev] interact @Area3D@62371 world=(21.5, 0.0, 39.5) screen=(316.0163, -781.0065)
[Dev] removed 20 enemies
[Dev] item 철검 world=(45.5, 0.0, 58.0) screen=(570.5748, 384.0701)
[Dev] item 목검 world=(47.0, 0.0, 56.5) screen=(709.4249, 384.0702)
  · 선딜 시트 pos=(44.5, 0.030391, 56.5) 적=(44.5, 0.000391, 56.5) 화면=(593.7165, 331.6754) visible=true frame=6/23
[Kill] +6 xp (lv 1, 6/20)
[Save] quest → user://save_e2e.json (C:/Users/FORYOUCOM/AppData/Roaming/Godot/app_userdata/Joseon Hunters/wt/codex-630-whirl-structure/save_e2e.json)
[Quest] heukrang_clear 싹쓸이 완료 (none → killed)
[Audio] 같은 순간 같은 큐 상한(3) 넘침 — enemy_hurt ×1 (버림 누계 501)
[Kill] +6 xp (lv 1, 12/20)
[Kill] +6 xp (lv 1, 18/20)
[Kill] +6 xp (lv 2, 4/57)
[LevelUp] lv=2 stat_pts=5 skill_pts=1
[Dev] item 미식별 은가락지 world=(44.20557, 0.0, 57.44046) screen=(536.562, 334.5294)
[Dev] item 귀환부 world=(44.20557, 0.0, 57.44046) screen=(536.562, 334.5294)
[Kill] +6 xp (lv 2, 10/57)
[Dev] item 엽전 world=(44.20557, 0.0, 55.55954) screen=(623.6169, 284.2687)
[Kill] +6 xp (lv 2, 16/57)
[Dev] item 엽전 world=(45.99443, 0.0, 54.97831) screen=(733.3125, 316.538)
[Dev] item 철검 world=(45.99443, 0.0, 54.97831) screen=(733.3125, 316.538)
[Audio] 같은 순간 같은 큐 상한(3) 넘침 — hit ×2 · enemy_hurt ×2 · kill_extra ×2 · enemy_die ×2 · blood_splat ×2 (버림 누계 511)
[Audio] 같은 순간 같은 큐 상한(3) 넘침 — drop ×1 (버림 누계 512)
[Audio] 같은 순간 같은 큐 상한(3) 넘침 — body_fall ×2 (버림 누계 514)
  · 처치 5연속: 동시 단발 최고 18/24 · body_fall 5 · hit_spark 0
[Skill] 참격 → mp 46/50
[Skill] 참격 → mp 46/50
[Skill] 돌진베기 → mp 44/50
[Skill] 회오리베기 → mp 42/50
[Kill] +100 xp (lv 4, 50/160)
[LevelUp] lv=4 stat_pts=10 skill_pts=2
  · 레벨업 道: 발 위 4.30 · 칸 15장 · 흩어짐 0.32(1.55초) · 사라짐 2.03초
  · 흑랑 포효: 怒 발 위 2.74 · 먹 파문 시트 4장(바깥 흰 테 + 검은 먹 · 안쪽 흰 테 + 검은 먹) · 카메라 킥 0.2 · 怒 사라짐 1.42초
  · 포효 怒 높이: 몸 꼭대기 흑랑 1.74 · 구미호 2.17 · 장산범 2.10 · 불가살이 2.33 (+1.0 = 怒 가운데)
[Dev] item 철검 world=(47.1, 0.0, 57.9) screen=(510.4072, 343.9885)
[Dev] item  (철검) world=(47.1, 0.0, 57.9) screen=(510.4072, 343.9885)
[Dev] item 목검 world=(47.1, 0.0, 57.9) screen=(510.4072, 343.9885)
[Dev] item 엽전 world=(47.1, 0.0, 57.9) screen=(510.4072, 343.9885)
[Dev] item 서당 훈장 회초리 world=(47.0, 0.0, 56.5) screen=(570.5756, 303.9063)
[Dev] item 흑랑의 봉인패 world=(47.1, 0.0, 57.9) screen=(510.4072, 343.9885)
[Dev] item 서당 훈장 회초리 world=(47.1, 0.0, 57.9) screen=(510.4072, 343.9885)
  · 寶(유니크 + 봉인 조각 한 무리): 寶 1번 · 착지 큐 1번 · 유니크가 앉은 뒤 1.73초에 사라짐
[Dev] item 장산범의 봉인고리 world=(47.1, 0.0, 57.9) screen=(510.4072, 343.9885)
[Dev] item 서당 훈장 회초리 world=(47.1, 0.0, 57.9) screen=(510.4072, 343.9885)
[Dev] item 서당 훈장 회초리 world=(47.1, 0.0, 57.9) screen=(510.4072, 343.9885)
[Dev] interact Portal world=(48.5, 0.0, 56.5) screen=(640.0007, 311.9223)
[Portal] opened heukrang_gul 1층 pos=(48.5, 0.0, 56.5)
[Vfx] missing cue: no_such_cue_zzz (큐 표 design/vfx.md §2)
  · 루프 103 · 단발 2
E2E vfx_cues PASS (검사 151)
[Audio] BGM town → town.ogg
[Save] level 못골 마을 → user://save_e2e.json (C:/Users/FORYOUCOM/AppData/Roaming/Godot/app_userdata/Joseon Hunters/wt/codex-630-whirl-structure/save_e2e.json)
[Dev] stairs DungeonEntrance dir=1 world=(0.0, 0.0, -31.0) screen=(2121.067, -492.4143)
[Dev] interact Merchant world=(5.4, 0.0, -2.4) screen=(1047.293, 368.0158)
[Dev] interact Shaman world=(-5.6, 0.0, 0.4) screen=(408.5833, 148.8999)
[Dev] interact Elder world=(2.0, 0.0, -5.6) screen=(1038.037, 191.6542)
[Dev] interact Jumo world=(7.1, 0.0, -1.4) screen=(1079.692, 440.1637)
[Dev] interact StashChest world=(3.3, 0.0, -2.05) screen=(933.8992, 321.2533)
[Dev] interact Waypoint world=(-4.2, 0.0, 2.2) screen=(390.0698, 234.4085)
E2E ▶ area_title
[Save] level 못골 마을 → user://save_e2e.json (C:/Users/FORYOUCOM/AppData/Roaming/Godot/app_userdata/Joseon Hunters/wt/codex-630-whirl-structure/save_e2e.json)
[Dev] stairs DungeonEntrance dir=1 world=(0.0, 0.0, -31.0) screen=(2121.067, -492.4143)
[Dev] interact Merchant world=(5.4, 0.0, -2.4) screen=(1047.293, 368.0158)
[Dev] interact Shaman world=(-5.6, 0.0, 0.4) screen=(408.5833, 148.8999)
[Dev] interact Elder world=(2.0, 0.0, -5.6) screen=(1038.037, 191.6542)
[Dev] interact Jumo world=(7.1, 0.0, -1.4) screen=(1079.692, 440.1637)
[Dev] interact StashChest world=(3.3, 0.0, -2.05) screen=(933.8992, 321.2533)
[Dev] interact Waypoint world=(-4.2, 0.0, 2.2) screen=(390.0698, 234.4085)
[Dev] item 화염부 world=(32.5, 0.0, 70.5) screen=(-1072.484, 3069.577)
[Dev] item 빙결부 world=(33.5, 0.0, 69.5) screen=(-979.9173, 3069.577)
[Field] deulnyeok seed=355022911 128x128 props=2252 packs=18 enemies=77 waypoint=(62, 65) roster=bandit,bat,talisman_master elites=["13:파란×4@구간3"]
[Audio] BGM dungeon → dungeon_1.ogg
[Save] level 못골 들녘 → user://save_e2e.json (C:/Users/FORYOUCOM/AppData/Roaming/Godot/app_userdata/Joseon Hunters/wt/codex-630-whirl-structure/save_e2e.json)
[Dev] stairs Down_cave dir=1 world=(88.5, 0.0, 3.5) screen=(7212.236, 897.1014)
[Dev] interact Waypoint world=(62.5, 0.0, 65.5) screen=(3139.301, 1810.974)
[Dev] interact FloorItem world=(32.5, 0.0, 70.5) screen=(1519.384, 1142.938)
[Dev] interact @Area3D@63320 world=(33.5, 0.0, 69.5) screen=(1611.95, 1142.938)
[Dev] interact PusJar world=(95.5, 0.0, 103.5) screen=(2907.884, 3708.197)
[Dev] interact @Area3D@63547 world=(101.5, 0.0, 105.5) screen=(3093.018, 3921.969)
[Dev] interact @Area3D@63548 world=(98.5, 0.0, 107.5) screen=(2861.601, 3895.247)
[Dev] interact LootChest world=(27.5, 0.0, 70.5) screen=(1287.967, 1009.331)
[Dev] interact @Area3D@63549 world=(94.5, 0.0, 100.5) screen=(3000.451, 3601.312)
[Dev] interact @Area3D@63550 world=(55.5, 0.0, 52.5) screen=(3417.001, 1276.545)
[Dev] interact LootPot world=(46.5, 0.0, 68.5) screen=(2259.917, 1463.595)
[Dev] interact @Area3D@63551 world=(73.5, 0.0, 47.5) screen=(4481.519, 1623.924)
[Dev] interact @Area3D@63552 world=(90.5, 0.0, 47.5) screen=(5268.335, 2078.189)
[Dev] interact @Area3D@63553 world=(111.5, 0.0, 49.5) screen=(6147.719, 2692.782)
[Dev] interact @Area3D@63554 world=(101.5, 0.0, 101.5) screen=(3278.151, 3815.083)
[Dev] interact @Area3D@63555 world=(86.5, 0.0, 76.5) screen=(3740.984, 2746.225)
[Dev] interact @Area3D@63556 world=(53.5, 0.0, 52.5) screen=(3324.434, 1223.102)
[Dev] interact @Area3D@63557 world=(87.5, 0.0, 95.5) screen=(2907.884, 3280.654)
[Dev] interact @Area3D@63558 world=(26.5, 0.0, 66.5) screen=(1426.817, 875.7234)
[Dev] interact @Area3D@63559 world=(17.5, 0.0, 60.5) screen=(1287.967, 474.9016)
[Dev] interact @Area3D@63560 world=(86.5, 0.0, 22.5) screen=(6240.286, 1303.266)
[Dev] interact @Area3D@63561 world=(59.5, 0.0, 65.5) screen=(3000.451, 1730.81)
[Dev] interact @Area3D@63562 world=(18.5, 0.0, 74.5) screen=(686.2832, 875.7234)
[Dev] interact @Area3D@63563 world=(44.5, 0.0, 69.5) screen=(2121.067, 1436.874)
[Dev] interact @Area3D@63564 world=(73.5, 0.0, 49.5) screen=(4388.952, 1677.367)
[Dev] interact @Area3D@63565 world=(88.5, 0.0, 52.5) screen=(4944.352, 2158.353)
[Dungeon] heukrang_gul 1층 lv=2 seed=403727558 gen 64x64 rooms=6 up=(44, 56) down=(7, 23) enemies=20 roster=bandit,bat,talisman_master elites=["방2:금색×3(깊이 0.50)"] named=-
[Quest] heukrang_gul 1층 — 싹쓸이 셈 시작 97 (heukrang_clear:none)
[Save] level 흑랑 굴 1층 → user://save_e2e.json (C:/Users/FORYOUCOM/AppData/Roaming/Godot/app_userdata/Joseon Hunters/wt/codex-630-whirl-structure/save_e2e.json)
[Dev] stairs StairsUp dir=-1 world=(44.5, 0.0, 56.5) screen=(593.7165, 335.9509)
[Dev] stairs StairsDown dir=1 world=(7.5, 0.0, 23.5) screen=(408.583, -1534.551)
[Dev] interact PusJar world=(29.5, 0.0, 42.5) screen=(547.433, -487.0705)
[Dev] interact @Area3D@63768 world=(14.5, 0.0, 24.5) screen=(686.2831, -1368.878)
[Dev] interact @Area3D@63769 world=(23.5, 0.0, 18.5) screen=(1380.534, -1288.714)
[Dev] interact LootChest world=(29.5, 0.0, 39.5) screen=(686.2831, -567.2349)
[Dev] interact @Area3D@63770 world=(40.5, 0.0, 38.5) screen=(1241.683, -300.0204)
[Dev] interact LootPot world=(17.5, 0.0, 43.5) screen=(-54.25064, -781.0067)
[Dev] interact @Area3D@63771 world=(18.5, 0.0, 44.5) screen=(-54.25041, -727.5637)
[Dev] interact @Area3D@63772 world=(19.5, 0.0, 9.5) screen=(1611.95, -1636.093)
[Dev] interact @Area3D@63773 world=(20.5, 0.0, 9.5) screen=(1658.234, -1609.372)
[Dev] interact @Area3D@63774 world=(43.5, 0.0, 60.5) screen=(362.2997, 368.0159)
[Dev] interact @Area3D@63775 world=(43.5, 0.0, 59.5) screen=(408.583, 341.2944)
[Dev] interact @Area3D@63776 world=(21.5, 0.0, 39.5) screen=(316.0163, -781.0065)
[Dungeon] heukrang_gul 1층 lv=2 seed=403727558 gen 64x64 rooms=6 up=(44, 56) down=(7, 23) enemies=20 roster=bandit,bat,talisman_master elites=["방2:금색×3(깊이 0.50)"] named=-
[Quest] heukrang_gul 1층 — 싹쓸이 셈 시작 40 (heukrang_clear:none)
[Save] level 흑랑 굴 1층 → user://save_e2e.json (C:/Users/FORYOUCOM/AppData/Roaming/Godot/app_userdata/Joseon Hunters/wt/codex-630-whirl-structure/save_e2e.json)
[Dev] stairs StairsUp dir=-1 world=(44.5, 0.0, 56.5) screen=(593.7165, 335.9509)
[Dev] stairs StairsDown dir=1 world=(7.5, 0.0, 23.5) screen=(408.583, -1534.551)
[Dev] interact PusJar world=(29.5, 0.0, 42.5) screen=(547.433, -487.0705)
[Dev] interact @Area3D@63981 world=(14.5, 0.0, 24.5) screen=(686.2831, -1368.878)
[Dev] interact @Area3D@63982 world=(23.5, 0.0, 18.5) screen=(1380.534, -1288.714)
[Dev] interact LootChest world=(29.5, 0.0, 39.5) screen=(686.2831, -567.2349)
[Dev] interact @Area3D@63983 world=(40.5, 0.0, 38.5) screen=(1241.683, -300.0204)
[Dev] interact LootPot world=(17.5, 0.0, 43.5) screen=(-54.25064, -781.0067)
[Dev] interact @Area3D@63984 world=(18.5, 0.0, 44.5) screen=(-54.25041, -727.5637)
[Dev] interact @Area3D@63985 world=(19.5, 0.0, 9.5) screen=(1611.95, -1636.093)
[Dev] interact @Area3D@63986 world=(20.5, 0.0, 9.5) screen=(1658.234, -1609.372)
[Dev] interact @Area3D@63987 world=(43.5, 0.0, 60.5) screen=(362.2997, 368.0159)
[Dev] interact @Area3D@63988 world=(43.5, 0.0, 59.5) screen=(408.583, 341.2944)
[Dev] interact @Area3D@63989 world=(21.5, 0.0, 39.5) screen=(316.0163, -781.0065)
[Audio] BGM town → town.ogg
[Save] level 못골 마을 → user://save_e2e.json (C:/Users/FORYOUCOM/AppData/Roaming/Godot/app_userdata/Joseon Hunters/wt/codex-630-whirl-structure/save_e2e.json)
[Dev] stairs DungeonEntrance dir=1 world=(0.0, 0.0, -31.0) screen=(751.08, 298.5407)
[Dev] interact Merchant world=(5.4, 0.0, -2.4) screen=(-322.6938, 1158.971)
[Dev] interact Shaman world=(-5.6, 0.0, 0.4) screen=(-961.4041, 939.8548)
[Dev] interact Elder world=(2.0, 0.0, -5.6) screen=(-331.9505, 982.6092)
[Dev] interact Jumo world=(7.1, 0.0, -1.4) screen=(-290.2955, 1231.119)
[Dev] interact StashChest world=(3.3, 0.0, -2.05) screen=(-436.0881, 1112.208)
[Dev] interact Waypoint world=(-4.2, 0.0, 2.2) screen=(-979.9176, 1025.363)
[SealGate] 첫 접근 혼잣말 — …이 빛, 낯이 익은데.
[Dungeon] heukrang_gul 1층 lv=2 seed=403727558 gen 64x64 rooms=6 up=(44, 56) down=(7, 23) enemies=20 roster=bandit,bat,talisman_master elites=["방2:금색×3(깊이 0.50)"] named=-
[Quest] heukrang_gul 1층 — 싹쓸이 셈 시작 20 (heukrang_clear:none)
[Audio] BGM dungeon → dungeon_3.ogg
[Save] level 흑랑 굴 1층 → user://save_e2e.json (C:/Users/FORYOUCOM/AppData/Roaming/Godot/app_userdata/Joseon Hunters/wt/codex-630-whirl-structure/save_e2e.json)
[Dev] stairs StairsUp dir=-1 world=(44.5, 0.0, 56.5) screen=(593.7165, 335.9509)
[Dev] stairs StairsDown dir=1 world=(7.5, 0.0, 23.5) screen=(408.583, -1534.551)
[Dev] interact PusJar world=(29.5, 0.0, 42.5) screen=(547.433, -487.0705)
[Dev] interact @Area3D@64352 world=(14.5, 0.0, 24.5) screen=(686.2831, -1368.878)
[Dev] interact @Area3D@64353 world=(23.5, 0.0, 18.5) screen=(1380.534, -1288.714)
[Dev] interact LootChest world=(29.5, 0.0, 39.5) screen=(686.2831, -567.2349)
[Dev] interact @Area3D@64354 world=(40.5, 0.0, 38.5) screen=(1241.683, -300.0204)
[Dev] interact LootPot world=(17.5, 0.0, 43.5) screen=(-54.25064, -781.0067)
[Dev] interact @Area3D@64355 world=(18.5, 0.0, 44.5) screen=(-54.25041, -727.5637)
[Dev] interact @Area3D@64356 world=(19.5, 0.0, 9.5) screen=(1611.95, -1636.093)
[Dev] interact @Area3D@64357 world=(20.5, 0.0, 9.5) screen=(1658.234, -1609.372)
[Dev] interact @Area3D@64358 world=(43.5, 0.0, 60.5) screen=(362.2997, 368.0159)
[Dev] interact @Area3D@64359 world=(43.5, 0.0, 59.5) screen=(408.583, 341.2944)
[Dev] interact @Area3D@64360 world=(21.5, 0.0, 39.5) screen=(316.0163, -781.0065)
[Seal] bongmil_gul 1층 봉인석 3/3 남음 [(26, 29), (33, 39), (30, 55)]
[Dungeon] bongmil_gul 1층 lv=10 seed=696739425 gen 72x72 rooms=11 up=(36, 11) down=(48, 59) enemies=46 roster=honbureum_sulsa,hollin_yeogung_bow2,hollin_yeogung_spear,yeou elites=["방7:금색×5(깊이 0.89)", "방4:파란×4(깊이 0.33)"] named=-
[Save] level 봉밀굴 초굴 → user://save_e2e.json (C:/Users/FORYOUCOM/AppData/Roaming/Godot/app_userdata/Joseon Hunters/wt/codex-630-whirl-structure/save_e2e.json)
[Dev] stairs StairsUp dir=-1 world=(36.5, 0.0, 11.5) screen=(593.7167, 335.9507)
[Dev] stairs StairsDown dir=1 world=(48.5, 0.0, 59.5) screen=(-1072.484, 1939.238)
[Dev] interact SealStone_0 world=(26.5, 0.0, 29.5) screen=(-702.2173, 501.623)
[Dev] interact SealStone_1 world=(33.5, 0.0, 39.5) screen=(-841.0674, 955.8877)
[Dev] interact SealStone_2 world=(30.5, 0.0, 55.5) screen=(-1720.451, 1303.267)
[Dev] interact LootChest world=(29.5, 0.0, 23.5) screen=(-285.6672, 421.4587)
[Dev] interact @Area3D@64743 world=(34.5, 0.0, 35.5) screen=(-609.6506, 875.7233)
[Dev] interact @Area3D@64744 world=(6.5, 0.0, 51.5) screen=(-2646.118, 555.0659)
[Dev] interact LootPot world=(5.5, 0.0, 49.5) screen=(-2599.835, 474.9016)
[Dev] interact @Area3D@64745 world=(6.5, 0.0, 50.5) screen=(-2599.835, 528.3444)
[Dev] interact @Area3D@64746 world=(56.5, 0.0, 9.5) screen=(1611.951, 768.8375)
[Dev] interact @Area3D@64747 world=(34.5, 0.0, 33.5) screen=(-517.084, 822.2805)
[Dev] interact @Area3D@64748 world=(3.5, 0.0, 21.5) screen=(-1396.468, -326.7419)
[Dev] interact @Area3D@64749 world=(4.5, 0.0, 20.5) screen=(-1303.901, -326.742)
[Dev] interact @Area3D@64750 world=(5.5, 0.0, 20.5) screen=(-1257.618, -300.0205)
[Dev] interact @Area3D@64751 world=(42.5, 0.0, 54.5) screen=(-1118.768, 1597.202)
[Dev] interact @Area3D@64752 world=(51.5, 0.0, 51.5) screen=(-563.3672, 1757.531)
[Dungeon] beomgul 1층 lv=5 seed=3470036558 gen 64x64 rooms=10 up=(52, 51) down=(7, 7) enemies=41 roster=hwajeok,vampire_bat,spider elites=["방8:파란×3(깊이 0.63)"] named=-
[Save] level 범굴 1층 → user://save_e2e.json (C:/Users/FORYOUCOM/AppData/Roaming/Godot/app_userdata/Joseon Hunters/wt/codex-630-whirl-structure/save_e2e.json)
[Dev] stairs StairsUp dir=-1 world=(52.5, 0.0, 51.5) screen=(593.7166, 335.951)
[Dev] stairs StairsDown dir=1 world=(7.5, 0.0, 7.5) screen=(547.4335, -2042.258)
[Dev] interact LootChest world=(56.5, 0.0, 56.5) screen=(547.4333, 528.3447)
[Dev] interact @Area3D@65040 world=(47.5, 0.0, 34.5) screen=(1149.117, -300.0203)
[Dev] interact LootPot world=(25.5, 0.0, 15.5) screen=(1010.267, -1395.6)
[Dev] interact @Area3D@65041 world=(24.5, 0.0, 16.5) screen=(917.7001, -1395.6)
[Dev] interact @Area3D@65042 world=(24.5, 0.0, 15.5) screen=(963.9833, -1422.321)
[Dev] interact @Area3D@65043 world=(32.5, 0.0, 60.5) screen=(-748.5005, -6.084366)
[Dev] interact @Area3D@65044 world=(7.5, 0.0, 60.5) screen=(-1905.584, -674.1207)
[Dev] interact @Area3D@65045 world=(8.5, 0.0, 61.5) screen=(-1905.585, -620.6777)
[Dev] interact @Area3D@65046 world=(20.5, 0.0, 43.5) screen=(-517.084, -781.0064)
[Dev] interact @Area3D@65047 world=(56.5, 0.0, 23.5) screen=(2074.784, -353.4632)
[Dev] interact @Area3D@65048 world=(48.5, 0.0, 48.5) screen=(547.4333, 100.8015)
[Dev] interact @Area3D@65049 world=(48.5, 0.0, 49.5) screen=(501.1499, 127.5229)
[Dungeon] heukrang_gul 2층 lv=3 seed=3189434797 preset 28x28 rooms=2 up=(22, 23) down=(-1, -1) enemies=2 roster=bat elites=[] named=-
[Audio] BGM boss → boss.ogg
[Save] level 흑랑 굴 2층 → user://save_e2e.json (C:/Users/FORYOUCOM/AppData/Roaming/Godot/app_userdata/Joseon Hunters/wt/codex-630-whirl-structure/save_e2e.json)
[Dev] stairs StairsUp dir=-1 world=(22.5, 0.0, 23.5) screen=(593.7167, 335.9507)
[Audio] BGM town → town.ogg
[Save] level 못골 마을 → user://save_e2e.json (C:/Users/FORYOUCOM/AppData/Roaming/Godot/app_userdata/Joseon Hunters/wt/codex-630-whirl-structure/save_e2e.json)
[Dev] stairs DungeonEntrance dir=1 world=(0.0, 0.0, -31.0) screen=(2121.067, -492.4143)
[Dev] interact Merchant world=(5.4, 0.0, -2.4) screen=(1047.293, 368.0158)
[Dev] interact Shaman world=(-5.6, 0.0, 0.4) screen=(408.5833, 148.8999)
[Dev] interact Elder world=(2.0, 0.0, -5.6) screen=(1038.037, 191.6542)
[Dev] interact Jumo world=(7.1, 0.0, -1.4) screen=(1079.692, 440.1637)
[Dev] interact StashChest world=(3.3, 0.0, -2.05) screen=(933.8992, 321.2533)
[Dev] interact Waypoint world=(-4.2, 0.0, 2.2) screen=(390.0698, 234.4085)
[Save] level 못골 마을 → user://save_e2e.json (C:/Users/FORYOUCOM/AppData/Roaming/Godot/app_userdata/Joseon Hunters/wt/codex-630-whirl-structure/save_e2e.json)
[Dev] stairs DungeonEntrance dir=1 world=(0.0, 0.0, -31.0) screen=(2121.067, -492.4143)
[Dev] interact Merchant world=(5.4, 0.0, -2.4) screen=(1047.293, 368.0158)
[Dev] interact Shaman world=(-5.6, 0.0, 0.4) screen=(408.5833, 148.8999)
[Dev] interact Elder world=(2.0, 0.0, -5.6) screen=(1038.037, 191.6542)
[Dev] interact Jumo world=(7.1, 0.0, -1.4) screen=(1079.692, 440.1637)
[Dev] interact StashChest world=(3.3, 0.0, -2.05) screen=(933.8992, 321.2533)
[Dev] interact Waypoint world=(-4.2, 0.0, 2.2) screen=(390.0698, 234.4085)
[Dev] flags={ "opening_pending": false, "story": { "entered/motgol": true }, "quest": { "heukrang_seal": { "state": "killed" }, "heukrang_thanks": { "state": "killed" } }, "boss_killed_heukrang_gul": true }
[Click] world=(2.0, 0.0, -5.6) cell=(2, -6)
[Save] quest_log_dialogue → user://save_e2e.json (C:/Users/FORYOUCOM/AppData/Roaming/Godot/app_userdata/Joseon Hunters/wt/codex-630-whirl-structure/save_e2e.json)
[Save] talk elder → user://save_e2e.json (C:/Users/FORYOUCOM/AppData/Roaming/Godot/app_userdata/Joseon Hunters/wt/codex-630-whirl-structure/save_e2e.json)
[Click] world=(2.0, 0.0, -5.6) cell=(2, -6)
[Save] quest → user://save_e2e.json (C:/Users/FORYOUCOM/AppData/Roaming/Godot/app_userdata/Joseon Hunters/wt/codex-630-whirl-structure/save_e2e.json)
[Save] talk elder → user://save_e2e.json (C:/Users/FORYOUCOM/AppData/Roaming/Godot/app_userdata/Joseon Hunters/wt/codex-630-whirl-structure/save_e2e.json)
E2E area_title PASS (검사 70)
[Save] level 못골 마을 → user://save_e2e.json (C:/Users/FORYOUCOM/AppData/Roaming/Godot/app_userdata/Joseon Hunters/wt/codex-630-whirl-structure/save_e2e.json)
[Dev] stairs DungeonEntrance dir=1 world=(0.0, 0.0, -31.0) screen=(2121.067, -492.4143)
[Dev] interact Merchant world=(5.4, 0.0, -2.4) screen=(1047.293, 368.0158)
[Dev] interact Shaman world=(-5.6, 0.0, 0.4) screen=(408.5833, 148.8999)
[Dev] interact Elder world=(2.0, 0.0, -5.6) screen=(1038.037, 191.6542)
[Dev] interact Jumo world=(7.1, 0.0, -1.4) screen=(1079.692, 440.1637)
[Dev] interact StashChest world=(3.3, 0.0, -2.05) screen=(933.8992, 321.2533)
[Dev] interact Waypoint world=(-4.2, 0.0, 2.2) screen=(390.0698, 234.4085)
E2E ▶ ink_transition
[Dungeon] heukrang_gul 1층 lv=2 seed=403727558 gen 64x64 rooms=6 up=(44, 56) down=(7, 23) enemies=20 roster=bandit,bat,talisman_master elites=["방2:금색×3(깊이 0.50)"] named=-
[Quest] heukrang_gul 1층 — 싹쓸이 셈 시작 20 (heukrang_clear:none)
[Audio] BGM dungeon → dungeon_4.ogg
[Save] level 흑랑 굴 1층 → user://save_e2e.json (C:/Users/FORYOUCOM/AppData/Roaming/Godot/app_userdata/Joseon Hunters/wt/codex-630-whirl-structure/save_e2e.json)
[Dev] stairs StairsUp dir=-1 world=(44.5, 0.0, 56.5) screen=(593.7165, 335.9509)
[Dev] stairs StairsDown dir=1 world=(7.5, 0.0, 23.5) screen=(408.583, -1534.551)
[Dev] interact PusJar world=(29.5, 0.0, 42.5) screen=(547.433, -487.0705)
[Dev] interact @Area3D@65810 world=(14.5, 0.0, 24.5) screen=(686.2831, -1368.878)
[Dev] interact @Area3D@65811 world=(23.5, 0.0, 18.5) screen=(1380.534, -1288.714)
[Dev] interact LootChest world=(29.5, 0.0, 39.5) screen=(686.2831, -567.2349)
[Dev] interact @Area3D@65812 world=(40.5, 0.0, 38.5) screen=(1241.683, -300.0204)
[Dev] interact LootPot world=(17.5, 0.0, 43.5) screen=(-54.25064, -781.0067)
[Dev] interact @Area3D@65813 world=(18.5, 0.0, 44.5) screen=(-54.25041, -727.5637)
[Dev] interact @Area3D@65814 world=(19.5, 0.0, 9.5) screen=(1611.95, -1636.093)
[Dev] interact @Area3D@65815 world=(20.5, 0.0, 9.5) screen=(1658.234, -1609.372)
[Dev] interact @Area3D@65816 world=(43.5, 0.0, 60.5) screen=(362.2997, 368.0159)
[Dev] interact @Area3D@65817 world=(43.5, 0.0, 59.5) screen=(408.583, 341.2944)
[Dev] interact @Area3D@65818 world=(21.5, 0.0, 39.5) screen=(316.0163, -781.0065)
[Dev] removed 20 enemies
[Click] world=(7.500002, 0.0, 23.5) cell=(7, 23)
[Dungeon] heukrang_gul 2층 lv=3 seed=3189434797 preset 28x28 rooms=2 up=(22, 23) down=(-1, -1) enemies=2 roster=bat elites=[] named=-
[Audio] BGM boss → boss.ogg
[Save] level 흑랑 굴 2층 → user://save_e2e.json (C:/Users/FORYOUCOM/AppData/Roaming/Godot/app_userdata/Joseon Hunters/wt/codex-630-whirl-structure/save_e2e.json)
[Dev] stairs StairsUp dir=-1 world=(22.5, 0.0, 23.5) screen=(593.7167, 335.9507)
[Dev] removed 3 enemies
[Dungeon] heukrang_gul 1층 lv=2 seed=403727558 gen 64x64 rooms=6 up=(44, 56) down=(7, 23) enemies=20 roster=bandit,bat,talisman_master elites=["방2:금색×3(깊이 0.50)"] named=-
[Quest] heukrang_gul 1층 — 싹쓸이 셈 시작 20 (heukrang_clear:none)
[Audio] BGM dungeon → dungeon_2.ogg
[Save] level 흑랑 굴 1층 → user://save_e2e.json (C:/Users/FORYOUCOM/AppData/Roaming/Godot/app_userdata/Joseon Hunters/wt/codex-630-whirl-structure/save_e2e.json)
[Dev] stairs StairsUp dir=-1 world=(44.5, 0.0, 56.5) screen=(778.8501, 2206.452)
[Dev] stairs StairsDown dir=1 world=(7.5, 0.0, 23.5) screen=(593.7167, 335.9507)
[Dev] interact PusJar world=(29.5, 0.0, 42.5) screen=(732.5667, 1383.431)
[Dev] interact @Area3D@66094 world=(14.5, 0.0, 24.5) screen=(871.4167, 501.623)
[Dev] interact @Area3D@66095 world=(23.5, 0.0, 18.5) screen=(1565.667, 581.7873)
[Dev] interact LootChest world=(29.5, 0.0, 39.5) screen=(871.4168, 1303.267)
[Dev] interact @Area3D@66096 world=(40.5, 0.0, 38.5) screen=(1426.817, 1570.481)
[Dev] interact LootPot world=(17.5, 0.0, 43.5) screen=(130.8831, 1089.495)
[Dev] interact @Area3D@66097 world=(18.5, 0.0, 44.5) screen=(130.8831, 1142.938)
[Dev] interact @Area3D@66098 world=(19.5, 0.0, 9.5) screen=(1797.084, 234.4085)
[Dev] interact @Area3D@66099 world=(20.5, 0.0, 9.5) screen=(1843.367, 261.13)
[Dev] interact @Area3D@66100 world=(43.5, 0.0, 60.5) screen=(547.4333, 2238.517)
[Dev] interact @Area3D@66101 world=(43.5, 0.0, 59.5) screen=(593.7167, 2211.796)
[Dev] interact @Area3D@66102 world=(21.5, 0.0, 39.5) screen=(501.15, 1089.495)
[Audio] 같은 순간 같은 큐 상한(3) 넘침 — bat_attack ×1 (버림 누계 515)
[Audio] 같은 순간 같은 큐 상한(3) 넘침 — bat_attack ×1 (버림 누계 516)
[Audio] 전투 밀집 — 노리는 무게 7 ≥ 5 → dungeon_tense
[Audio] BGM dungeon_tense → dungeon_tense.ogg
[Click] world=(11.5, 0.0, 23.5) cell=(11, 23)
[Dev] removed 21 enemies
[Dev] interact Portal world=(10.5, 0.0, 22.5) screen=(770.0473, 333.5609)
[Portal] opened heukrang_gul 1층 pos=(10.5, 0.0, 22.5)
[Click] world=(12.79016, 0.0, 24.7) cell=(12, 24)
[Click] world=(10.5, 0.0, 22.5) cell=(10, 22)
[Dev] interact Portal world=(-1.2, 0.0, 2.4) screen=(579.8315, 279.835)
[Audio] BGM town → town.ogg
[Save] level 못골 마을 → user://save_e2e.json (C:/Users/FORYOUCOM/AppData/Roaming/Godot/app_userdata/Joseon Hunters/wt/codex-630-whirl-structure/save_e2e.json)
[Portal] travel → motgol 0층 portal={ "area": &"heukrang_gul", "floor": 1, "pos": (10.5, 0.0, 22.5), "returned": false }
[Dev] stairs DungeonEntrance dir=1 world=(0.0, 0.0, -31.0) screen=(2181.236, -532.4963)
[Dev] interact Merchant world=(5.4, 0.0, -2.4) screen=(1107.462, 327.9336)
[Dev] interact Shaman world=(-5.6, 0.0, 0.4) screen=(468.7516, 108.8176)
[Dev] interact Elder world=(2.0, 0.0, -5.6) screen=(1098.205, 151.572)
[Dev] interact Jumo world=(7.1, 0.0, -1.4) screen=(1139.86, 400.0815)
[Dev] interact StashChest world=(3.3, 0.0, -2.05) screen=(994.0676, 281.1711)
[Dev] interact Waypoint world=(-4.2, 0.0, 2.2) screen=(450.2382, 194.3264)
[Dev] interact Portal world=(-1.2, 0.0, 2.4) screen=(579.8315, 279.835)
[Dungeon] heukrang_gul 1층 lv=2 seed=403727558 gen 64x64 rooms=6 up=(44, 56) down=(7, 23) enemies=20 roster=bandit,bat,talisman_master elites=["방2:금색×3(깊이 0.50)"] named=-
[Dev] interact Portal world=(10.5, 0.0, 22.5) screen=(593.7167, 287.8514)
[Quest] heukrang_gul 1층 — 싹쓸이 셈 시작 20 (heukrang_clear:none)
[Audio] BGM dungeon → dungeon_1.ogg
[Save] level 흑랑 굴 1층 → user://save_e2e.json (C:/Users/FORYOUCOM/AppData/Roaming/Godot/app_userdata/Joseon Hunters/wt/codex-630-whirl-structure/save_e2e.json)
[Portal] travel → heukrang_gul 1층 portal={ "area": &"heukrang_gul", "floor": 1, "pos": (10.5, 0.0, 22.5), "returned": true }
[Dev] stairs StairsUp dir=-1 world=(44.5, 0.0, 56.5) screen=(593.7167, 2153.01)
[Dev] stairs StairsDown dir=1 world=(7.5, 0.0, 23.5) screen=(408.5833, 282.5079)
[Dev] interact Portal world=(10.5, 0.0, 22.5) screen=(593.7167, 287.8514)
[Dev] interact PusJar world=(29.5, 0.0, 42.5) screen=(547.4333, 1329.988)
[Dev] interact @Area3D@66474 world=(14.5, 0.0, 24.5) screen=(686.2834, 448.1801)
[Dev] interact @Area3D@66475 world=(23.5, 0.0, 18.5) screen=(1380.534, 528.3445)
[Dev] interact LootChest world=(29.5, 0.0, 39.5) screen=(686.2833, 1249.824)
[Dev] interact @Area3D@66476 world=(40.5, 0.0, 38.5) screen=(1241.684, 1517.038)
[Dev] interact LootPot world=(17.5, 0.0, 43.5) screen=(-54.25034, 1036.052)
[Dev] interact @Area3D@66477 world=(18.5, 0.0, 44.5) screen=(-54.25034, 1089.495)
[Dev] interact @Area3D@66478 world=(19.5, 0.0, 9.5) screen=(1611.951, 180.9656)
[Dev] interact @Area3D@66479 world=(20.5, 0.0, 9.5) screen=(1658.234, 207.687)
[Dev] interact @Area3D@66480 world=(43.5, 0.0, 60.5) screen=(362.2999, 2185.074)
[Dev] interact @Area3D@66481 world=(43.5, 0.0, 59.5) screen=(408.5833, 2158.353)
[Dev] interact @Area3D@66482 world=(21.5, 0.0, 39.5) screen=(316.0165, 1036.052)
[Dev] item 화염부 world=(32.5, 0.0, 70.5) screen=(-609.6505, 2190.419)
[Dev] item 빙결부 world=(33.5, 0.0, 69.5) screen=(-517.084, 2190.419)
[Field] deulnyeok seed=355022911 128x128 props=2252 packs=18 enemies=77 waypoint=(62, 65) roster=bandit,bat,talisman_master elites=["13:파란×4@구간3"]
[Save] level 못골 들녘 → user://save_e2e.json (C:/Users/FORYOUCOM/AppData/Roaming/Godot/app_userdata/Joseon Hunters/wt/codex-630-whirl-structure/save_e2e.json)
[Dev] stairs Down_cave dir=1 world=(88.5, 0.0, 3.5) screen=(825.1336, 255.7865)
[Dev] interact Waypoint world=(62.5, 0.0, 65.5) screen=(-3247.802, 1169.659)
[Dev] interact FloorItem world=(32.5, 0.0, 70.5) screen=(-4867.719, 501.6231)
[Dev] interact @Area3D@66985 world=(33.5, 0.0, 69.5) screen=(-4775.152, 501.6231)
[Dev] interact PusJar world=(95.5, 0.0, 103.5) screen=(-3479.219, 3066.883)
[Dev] interact @Area3D@67212 world=(101.5, 0.0, 105.5) screen=(-3294.085, 3280.654)
[Dev] interact @Area3D@67213 world=(98.5, 0.0, 107.5) screen=(-3525.502, 3253.933)
[Dev] interact LootChest world=(27.5, 0.0, 70.5) screen=(-5099.136, 368.0159)
[Dev] interact @Area3D@67214 world=(94.5, 0.0, 100.5) screen=(-3386.652, 2959.997)
[Dev] interact @Area3D@67215 world=(55.5, 0.0, 52.5) screen=(-2970.102, 635.2303)
[Dev] interact LootPot world=(46.5, 0.0, 68.5) screen=(-4127.186, 822.2805)
[Dev] interact @Area3D@67216 world=(73.5, 0.0, 47.5) screen=(-1905.584, 982.6093)
[Dev] interact @Area3D@67217 world=(90.5, 0.0, 47.5) screen=(-1118.767, 1436.874)
[Dev] interact @Area3D@67218 world=(111.5, 0.0, 49.5) screen=(-239.3836, 2051.467)
[Dev] interact @Area3D@67219 world=(101.5, 0.0, 101.5) screen=(-3108.952, 3173.768)
[Dev] interact @Area3D@67220 world=(86.5, 0.0, 76.5) screen=(-2646.118, 2104.91)
[Dev] interact @Area3D@67221 world=(53.5, 0.0, 52.5) screen=(-3062.668, 581.7875)
[Dev] interact @Area3D@67222 world=(87.5, 0.0, 95.5) screen=(-3479.219, 2639.339)
[Dev] interact @Area3D@67223 world=(26.5, 0.0, 66.5) screen=(-4960.286, 234.4087)
[Dev] interact @Area3D@67224 world=(17.5, 0.0, 60.5) screen=(-5099.136, -166.413)
[Dev] interact @Area3D@67225 world=(86.5, 0.0, 22.5) screen=(-146.8169, 661.9518)
[Dev] interact @Area3D@67226 world=(59.5, 0.0, 65.5) screen=(-3386.652, 1089.495)
[Dev] interact @Area3D@67227 world=(18.5, 0.0, 74.5) screen=(-5700.82, 234.4085)
[Dev] interact @Area3D@67228 world=(44.5, 0.0, 69.5) screen=(-4266.036, 795.5591)
[Dev] interact @Area3D@67229 world=(73.5, 0.0, 49.5) screen=(-1998.151, 1036.052)
[Dev] interact @Area3D@67230 world=(88.5, 0.0, 52.5) screen=(-1442.751, 1517.038)
[Dev] interact Portal world=(-1.2, 0.0, 2.4) screen=(723.3101, 341.2944)
[Audio] BGM town → town.ogg
[Save] level 못골 마을 → user://save_e2e.json (C:/Users/FORYOUCOM/AppData/Roaming/Godot/app_userdata/Joseon Hunters/wt/codex-630-whirl-structure/save_e2e.json)
[Waypoint] travel → motgol:0
[Dev] stairs DungeonEntrance dir=1 world=(0.0, 0.0, -31.0) screen=(2324.714, -471.0371)
[Dev] interact Merchant world=(5.4, 0.0, -2.4) screen=(1250.94, 389.393)
[Dev] interact Shaman world=(-5.6, 0.0, 0.4) screen=(612.2299, 170.277)
[Dev] interact Elder world=(2.0, 0.0, -5.6) screen=(1241.684, 213.0314)
[Dev] interact Jumo world=(7.1, 0.0, -1.4) screen=(1283.339, 461.5409)
[Dev] interact StashChest world=(3.3, 0.0, -2.05) screen=(1137.546, 342.6304)
[Dev] interact Waypoint world=(-4.2, 0.0, 2.2) screen=(593.7167, 255.7858)
[Dev] interact Portal world=(-1.2, 0.0, 2.4) screen=(723.3101, 341.2944)
[Dev] item 화염부 world=(32.5, 0.0, 70.5) screen=(-868.8373, 3090.953)
[Dev] item 빙결부 world=(33.5, 0.0, 69.5) screen=(-776.2708, 3090.953)
[Field] deulnyeok seed=355022911 128x128 props=2252 packs=18 enemies=77 waypoint=(62, 65) roster=bandit,bat,talisman_master elites=["13:파란×4@구간3"]
[Audio] BGM dungeon → dungeon_2.ogg
[Save] level 못골 들녘 → user://save_e2e.json (C:/Users/FORYOUCOM/AppData/Roaming/Godot/app_userdata/Joseon Hunters/wt/codex-630-whirl-structure/save_e2e.json)
[Dev] stairs Down_cave dir=1 world=(88.5, 0.0, 3.5) screen=(7212.236, 897.1014)
[Dev] interact Waypoint world=(62.5, 0.0, 65.5) screen=(3139.301, 1810.974)
[Dev] interact FloorItem world=(32.5, 0.0, 70.5) screen=(1519.384, 1142.938)
[Dev] interact @Area3D@67893 world=(33.5, 0.0, 69.5) screen=(1611.95, 1142.938)
[Dev] interact PusJar world=(95.5, 0.0, 103.5) screen=(2907.884, 3708.197)
[Dev] interact @Area3D@68120 world=(101.5, 0.0, 105.5) screen=(3093.018, 3921.969)
[Dev] interact @Area3D@68121 world=(98.5, 0.0, 107.5) screen=(2861.601, 3895.247)
[Dev] interact LootChest world=(27.5, 0.0, 70.5) screen=(1287.967, 1009.331)
[Dev] interact @Area3D@68122 world=(94.5, 0.0, 100.5) screen=(3000.451, 3601.312)
[Dev] interact @Area3D@68123 world=(55.5, 0.0, 52.5) screen=(3417.001, 1276.545)
[Dev] interact LootPot world=(46.5, 0.0, 68.5) screen=(2259.917, 1463.595)
[Dev] interact @Area3D@68124 world=(73.5, 0.0, 47.5) screen=(4481.519, 1623.924)
[Dev] interact @Area3D@68125 world=(90.5, 0.0, 47.5) screen=(5268.335, 2078.189)
[Dev] interact @Area3D@68126 world=(111.5, 0.0, 49.5) screen=(6147.719, 2692.782)
[Dev] interact @Area3D@68127 world=(101.5, 0.0, 101.5) screen=(3278.151, 3815.083)
[Dev] interact @Area3D@68128 world=(86.5, 0.0, 76.5) screen=(3740.984, 2746.225)
[Dev] interact @Area3D@68129 world=(53.5, 0.0, 52.5) screen=(3324.434, 1223.102)
[Dev] interact @Area3D@68130 world=(87.5, 0.0, 95.5) screen=(2907.884, 3280.654)
[Dev] interact @Area3D@68131 world=(26.5, 0.0, 66.5) screen=(1426.817, 875.7234)
[Dev] interact @Area3D@68132 world=(17.5, 0.0, 60.5) screen=(1287.967, 474.9016)
[Dev] interact @Area3D@68133 world=(86.5, 0.0, 22.5) screen=(6240.286, 1303.266)
[Dev] interact @Area3D@68134 world=(59.5, 0.0, 65.5) screen=(3000.451, 1730.81)
[Dev] interact @Area3D@68135 world=(18.5, 0.0, 74.5) screen=(686.2832, 875.7234)
[Dev] interact @Area3D@68136 world=(44.5, 0.0, 69.5) screen=(2121.067, 1436.874)
[Dev] interact @Area3D@68137 world=(73.5, 0.0, 49.5) screen=(4388.952, 1677.367)
[Dev] interact @Area3D@68138 world=(88.5, 0.0, 52.5) screen=(4944.352, 2158.353)
[Dev] removed 77 enemies
[Dev] interact Portal world=(8.5, 0.0, 63.5) screen=(732.5665, 311.9218)
[Portal] opened deulnyeok 0층 pos=(8.5, 0.0, 63.5)
[Dungeon] heukrang_gul 1층 lv=2 seed=403727558 gen 64x64 rooms=6 up=(44, 56) down=(7, 23) enemies=20 roster=bandit,bat,talisman_master elites=["방2:금색×3(깊이 0.50)"] named=-
[Quest] heukrang_gul 1층 — 싹쓸이 셈 시작 20 (heukrang_clear:none)
[Save] level 흑랑 굴 1층 → user://save_e2e.json (C:/Users/FORYOUCOM/AppData/Roaming/Godot/app_userdata/Joseon Hunters/wt/codex-630-whirl-structure/save_e2e.json)
[Dev] stairs StairsUp dir=-1 world=(44.5, 0.0, 56.5) screen=(593.7165, 335.9509)
[Dev] stairs StairsDown dir=1 world=(7.5, 0.0, 23.5) screen=(408.583, -1534.551)
[Dev] interact PusJar world=(29.5, 0.0, 42.5) screen=(547.433, -487.0705)
[Dev] interact @Area3D@68341 world=(14.5, 0.0, 24.5) screen=(686.2831, -1368.878)
[Dev] interact @Area3D@68342 world=(23.5, 0.0, 18.5) screen=(1380.534, -1288.714)
[Dev] interact LootChest world=(29.5, 0.0, 39.5) screen=(686.2831, -567.2349)
[Dev] interact @Area3D@68343 world=(40.5, 0.0, 38.5) screen=(1241.683, -300.0204)
[Dev] interact LootPot world=(17.5, 0.0, 43.5) screen=(-54.25064, -781.0067)
[Dev] interact @Area3D@68344 world=(18.5, 0.0, 44.5) screen=(-54.25041, -727.5637)
[Dev] interact @Area3D@68345 world=(19.5, 0.0, 9.5) screen=(1611.95, -1636.093)
[Dev] interact @Area3D@68346 world=(20.5, 0.0, 9.5) screen=(1658.234, -1609.372)
[Dev] interact @Area3D@68347 world=(43.5, 0.0, 60.5) screen=(362.2997, 368.0159)
[Dev] interact @Area3D@68348 world=(43.5, 0.0, 59.5) screen=(408.583, 341.2944)
[Dev] interact @Area3D@68349 world=(21.5, 0.0, 39.5) screen=(316.0163, -781.0065)
[Dev] removed 20 enemies
[Audio] BGM town → town.ogg
[Save] level 못골 마을 → user://save_e2e.json (C:/Users/FORYOUCOM/AppData/Roaming/Godot/app_userdata/Joseon Hunters/wt/codex-630-whirl-structure/save_e2e.json)
[Dev] stairs DungeonEntrance dir=1 world=(0.0, 0.0, -31.0) screen=(2121.067, -492.4143)
[Dev] interact Merchant world=(5.4, 0.0, -2.4) screen=(1047.293, 368.0158)
[Dev] interact Shaman world=(-5.6, 0.0, 0.4) screen=(408.5833, 148.8999)
[Dev] interact Elder world=(2.0, 0.0, -5.6) screen=(1038.037, 191.6542)
[Dev] interact Jumo world=(7.1, 0.0, -1.4) screen=(1079.692, 440.1637)
[Dev] interact StashChest world=(3.3, 0.0, -2.05) screen=(933.8992, 321.2533)
[Dev] interact Waypoint world=(-4.2, 0.0, 2.2) screen=(390.0698, 234.4085)
[Dungeon] heukrang_gul 1층 lv=2 seed=403727558 gen 64x64 rooms=6 up=(44, 56) down=(7, 23) enemies=20 roster=bandit,bat,talisman_master elites=["방2:금색×3(깊이 0.50)"] named=-
[Quest] heukrang_gul 1층 — 싹쓸이 셈 시작 20 (heukrang_clear:none)
[Audio] BGM dungeon → dungeon_4.ogg
[Save] level 흑랑 굴 1층 → user://save_e2e.json (C:/Users/FORYOUCOM/AppData/Roaming/Godot/app_userdata/Joseon Hunters/wt/codex-630-whirl-structure/save_e2e.json)
[Dev] stairs StairsUp dir=-1 world=(44.5, 0.0, 56.5) screen=(593.7165, 335.9509)
[Dev] stairs StairsDown dir=1 world=(7.5, 0.0, 23.5) screen=(408.583, -1534.551)
[Dev] interact PusJar world=(29.5, 0.0, 42.5) screen=(547.433, -487.0705)
[Dev] interact @Area3D@68713 world=(14.5, 0.0, 24.5) screen=(686.2831, -1368.878)
[Dev] interact @Area3D@68714 world=(23.5, 0.0, 18.5) screen=(1380.534, -1288.714)
[Dev] interact LootChest world=(29.5, 0.0, 39.5) screen=(686.2831, -567.2349)
[Dev] interact @Area3D@68715 world=(40.5, 0.0, 38.5) screen=(1241.683, -300.0204)
[Dev] interact LootPot world=(17.5, 0.0, 43.5) screen=(-54.25064, -781.0067)
[Dev] interact @Area3D@68716 world=(18.5, 0.0, 44.5) screen=(-54.25041, -727.5637)
[Dev] interact @Area3D@68717 world=(19.5, 0.0, 9.5) screen=(1611.95, -1636.093)
[Dev] interact @Area3D@68718 world=(20.5, 0.0, 9.5) screen=(1658.234, -1609.372)
[Dev] interact @Area3D@68719 world=(43.5, 0.0, 60.5) screen=(362.2997, 368.0159)
[Dev] interact @Area3D@68720 world=(43.5, 0.0, 59.5) screen=(408.583, 341.2944)
[Dev] interact @Area3D@68721 world=(21.5, 0.0, 39.5) screen=(316.0163, -781.0065)
[Dev] removed 20 enemies
[Dev] interact Portal world=(46.5, 0.0, 55.5) screen=(732.5665, 311.9218)
[Portal] opened heukrang_gul 1층 pos=(46.5, 0.0, 55.5)
[Death] 도호 사망 → 1.2s 뒤 마을 복귀, 엽전 -0
[Dev] interact Portal world=(-1.2, 0.0, 2.4) screen=(519.6633, 319.9171)
[Audio] BGM town → town.ogg
[Save] level 못골 마을 → user://save_e2e.json (C:/Users/FORYOUCOM/AppData/Roaming/Godot/app_userdata/Joseon Hunters/wt/codex-630-whirl-structure/save_e2e.json)
[Dev] stairs DungeonEntrance dir=1 world=(0.0, 0.0, -31.0) screen=(2121.067, -492.4143)
[Dev] interact Merchant world=(5.4, 0.0, -2.4) screen=(1047.293, 368.0158)
[Dev] interact Shaman world=(-5.6, 0.0, 0.4) screen=(408.5833, 148.8999)
[Dev] interact Elder world=(2.0, 0.0, -5.6) screen=(1038.037, 191.6542)
[Dev] interact Jumo world=(7.1, 0.0, -1.4) screen=(1079.692, 440.1637)
[Dev] interact StashChest world=(3.3, 0.0, -2.05) screen=(933.8992, 321.2533)
[Dev] interact Waypoint world=(-4.2, 0.0, 2.2) screen=(390.0698, 234.4085)
[Dev] interact Portal world=(-1.2, 0.0, 2.4) screen=(519.6633, 319.9171)
E2E ink_transition PASS (검사 62)
[Save] level 못골 마을 → user://save_e2e.json (C:/Users/FORYOUCOM/AppData/Roaming/Godot/app_userdata/Joseon Hunters/wt/codex-630-whirl-structure/save_e2e.json)
[Dev] stairs DungeonEntrance dir=1 world=(0.0, 0.0, -31.0) screen=(2121.067, -492.4143)
[Dev] interact Merchant world=(5.4, 0.0, -2.4) screen=(1047.293, 368.0158)
[Dev] interact Shaman world=(-5.6, 0.0, 0.4) screen=(408.5833, 148.8999)
[Dev] interact Elder world=(2.0, 0.0, -5.6) screen=(1038.037, 191.6542)
[Dev] interact Jumo world=(7.1, 0.0, -1.4) screen=(1079.692, 440.1637)
[Dev] interact StashChest world=(3.3, 0.0, -2.05) screen=(933.8992, 321.2533)
[Dev] interact Waypoint world=(-4.2, 0.0, 2.2) screen=(390.0698, 234.4085)
E2E ▶ vfx_cap_blood
[Kill] +120 xp (lv 3, 43/104)
[LevelUp] lv=3 stat_pts=10 skill_pts=2
[Dev] item 미식별 무명옷 world=(4.0, 0.0, 1.0) screen=(825.1334, 451.473)
[Dev] item 탕약 — 쌍화탕 world=(4.0, 0.0, 1.0) screen=(825.1334, 451.473)
[Dev] item 탕약 — 쌍화탕 world=(4.0, 0.0, 1.0) screen=(825.1334, 451.473)
[Dev] item 탕약 — 쌍화탕 world=(4.0, 0.0, 1.0) screen=(825.1334, 451.473)
[Dev] item 식별부 world=(4.0, 0.0, 1.0) screen=(825.1334, 451.473)
[Dev] item 흠 있는 백옥 world=(4.0, 0.0, 1.0) screen=(825.1334, 451.473)
[Dev] item 흑랑 이빨 world=(4.0, 0.0, 1.0) screen=(825.1334, 451.473)
[Dev] item 흑랑 이빨 world=(4.0, 0.0, 1.0) screen=(825.1334, 451.473)
[Dev] item 강녕 world=(4.0, 0.0, 1.0) screen=(825.1334, 451.473)
[Dev] item 미식별 미투리 world=(4.0, 0.0, 1.0) screen=(825.1334, 451.473)
[Dev] item 미식별 은가락지 world=(4.0, 0.0, 1.0) screen=(825.1334, 451.473)
[Dev] item 미식별 옥패 world=(4.0, 0.0, 1.0) screen=(825.1334, 451.473)
[Loot] 보스 전용 유니크 — boss_heukrang 첫 처치 → u_heukrang_fang (회차 1)
[Dev] item 흑랑의 봉인패 world=(4.0, 0.0, 1.0) screen=(825.1334, 451.473)
[Dev] item 엽전 world=(4.0, 0.0, 1.0) screen=(825.1334, 451.473)
[Save] boss → user://save_e2e.json (C:/Users/FORYOUCOM/AppData/Roaming/Godot/app_userdata/Joseon Hunters/wt/codex-630-whirl-structure/save_e2e.json)
[Boss] killed area= level=1 flags={ "opening_pending": false, "story": { "entered/motgol": true }, "seal:boss_heukrang": 1, "quest": { "heukrang_seal": { "state": "killed" }, "heukrang_thanks": { "state": "killed" } }, "boss_killed_": true }
[Kill] +6 xp (lv 3, 49/104)
[Dev] item 엽전 world=(5.2, 0.0, 1.0) screen=(880.6734, 482.9394)
[Dev] item 묵함 world=(5.2, 0.0, 1.0) screen=(880.6734, 482.9394)
  · #395 (고친 뒤) — 둘째 킬 직전 살아 있는 단발 22/24(장식성 패딩 17개) · 새로 생겼나=true · 킬 뒤 살아있는 단발 24 · 피 전용 4/24
E2E vfx_cap_blood PASS (검사 3)
[Save] level 못골 마을 → user://save_e2e.json (C:/Users/FORYOUCOM/AppData/Roaming/Godot/app_userdata/Joseon Hunters/wt/codex-630-whirl-structure/save_e2e.json)
[Dev] stairs DungeonEntrance dir=1 world=(0.0, 0.0, -31.0) screen=(2121.067, -492.4143)
[Dev] interact Merchant world=(5.4, 0.0, -2.4) screen=(1047.293, 368.0158)
[Dev] interact Shaman world=(-5.6, 0.0, 0.4) screen=(408.5833, 148.8999)
[Dev] interact Elder world=(2.0, 0.0, -5.6) screen=(1038.037, 191.6542)
[Dev] interact Jumo world=(7.1, 0.0, -1.4) screen=(1079.692, 440.1637)
[Dev] interact StashChest world=(3.3, 0.0, -2.05) screen=(933.8992, 321.2533)
[Dev] interact Waypoint world=(-4.2, 0.0, 2.2) screen=(390.0698, 234.4085)
E2E ▶ hit_blood
[Dungeon] heukrang_gul 1층 lv=2 seed=403727558 gen 64x64 rooms=6 up=(44, 56) down=(7, 23) enemies=20 roster=bandit,bat,talisman_master elites=["방2:금색×3(깊이 0.50)"] named=-
[Quest] heukrang_gul 1층 — 싹쓸이 셈 시작 20 (heukrang_clear:none)
[Audio] BGM dungeon → dungeon_1.ogg
[Save] level 흑랑 굴 1층 → user://save_e2e.json (C:/Users/FORYOUCOM/AppData/Roaming/Godot/app_userdata/Joseon Hunters/wt/codex-630-whirl-structure/save_e2e.json)
[Dev] stairs StairsUp dir=-1 world=(44.5, 0.0, 56.5) screen=(593.7165, 335.9509)
[Dev] stairs StairsDown dir=1 world=(7.5, 0.0, 23.5) screen=(408.583, -1534.551)
[Dev] interact PusJar world=(29.5, 0.0, 42.5) screen=(547.433, -487.0705)
[Dev] interact @Area3D@69444 world=(14.5, 0.0, 24.5) screen=(686.2831, -1368.878)
[Dev] interact @Area3D@69445 world=(23.5, 0.0, 18.5) screen=(1380.534, -1288.714)
[Dev] interact LootChest world=(29.5, 0.0, 39.5) screen=(686.2831, -567.2349)
[Dev] interact @Area3D@69446 world=(40.5, 0.0, 38.5) screen=(1241.683, -300.0204)
[Dev] interact LootPot world=(17.5, 0.0, 43.5) screen=(-54.25064, -781.0067)
[Dev] interact @Area3D@69447 world=(18.5, 0.0, 44.5) screen=(-54.25041, -727.5637)
[Dev] interact @Area3D@69448 world=(19.5, 0.0, 9.5) screen=(1611.95, -1636.093)
[Dev] interact @Area3D@69449 world=(20.5, 0.0, 9.5) screen=(1658.234, -1609.372)
[Dev] interact @Area3D@69450 world=(43.5, 0.0, 60.5) screen=(362.2997, 368.0159)
[Dev] interact @Area3D@69451 world=(43.5, 0.0, 59.5) screen=(408.583, 341.2944)
[Dev] interact @Area3D@69452 world=(21.5, 0.0, 39.5) screen=(316.0163, -781.0065)
[Dev] removed 20 enemies
[Audio] 같은 순간 같은 큐 상한(3) 넘침 — hit ×3 · enemy_hurt ×3 (버림 누계 522)
  · ④ 흘림 40%: 자국 4 · 간격 ["0.87", "0.87", "0.88"] (기대 0.83u)
[Kill] +6 xp (lv 1, 6/20)
[Dev] item 영약 — 생맥산 world=(44.6, 0.0, 54.94115) screen=(670.4933, 278.284)
[Kill] +6 xp (lv 1, 12/20)
[Dev] item 엽전 world=(46.4, 0.0, 54.94115) screen=(753.8035, 326.3827)
[Dev] item 괴황지 world=(46.4, 0.0, 54.94115) screen=(753.8035, 326.3827)
[Kill] +6 xp (lv 1, 18/20)
[Dev] item 엽전 world=(48.09808, 0.0, 58.0) screen=(690.8224, 453.4945)
[Save] quest → user://save_e2e.json (C:/Users/FORYOUCOM/AppData/Roaming/Godot/app_userdata/Joseon Hunters/wt/codex-630-whirl-structure/save_e2e.json)
[Quest] heukrang_clear 싹쓸이 완료 (none → killed)
[Audio] 같은 순간 같은 큐 상한(3) 넘침 — drop ×1 (버림 누계 523)
[Kill] +6 xp (lv 2, 4/57)
[LevelUp] lv=2 stat_pts=5 skill_pts=1
[Dev] item 엽전 world=(45.5, 0.0, 59.5) screen=(501.1498, 424.1523)
[Dev] item 미식별 목검 world=(45.5, 0.0, 59.5) screen=(501.1498, 424.1523)
[Skill] 회오리베기 → mp 42/50
[Audio] 같은 순간 같은 큐 상한(3) 넘침 — hit ×5 · enemy_hurt ×5 (버림 누계 533)
  · ⑨ 회오리 8: hit 8 · hit_spark 8 · 평소 피 8 · 생략 공용 0 · 평소 피 0 · 뿜음 0 · 피 칸 8/24 · 공용 18/24
[Kill] +6 xp (lv 2, 10/57)
[Dev] item 엽전 world=(42.90192, 0.0, 58.0) screen=(450.3271, 314.6458)
  · ⑩ 잡몹 막타 멈춤: 값 0.22 · 맞은 몸 0.233 · 도호 0.233초
[Kill] +44 xp (lv 2, 54/57)
[Dev] item 엽전 world=(42.5, 0.0, 56.5) screen=(501.1497, 263.8237)
[Dev] item 무명 도포 world=(42.5, 0.0, 56.5) screen=(501.1497, 263.8237)
  · ⑩ 우두머리 막타 멈춤: 값 0.28 · 맞은 몸 0.283 · 도호 0.283초
[Kill] +9 xp (lv 3, 6/104)
[LevelUp] lv=3 stat_pts=10 skill_pts=2
[Dev] item 엽전 world=(42.90192, 0.0, 55.0) screen=(589.1772, 234.4815)
[Dev] item 미식별 철검 world=(42.90192, 0.0, 55.0) screen=(589.1772, 234.4815)
[Dev] item 짚신 world=(42.90192, 0.0, 55.0) screen=(589.1772, 234.4815)
[Loot] 네임드 — bandit 첫 처치 → 없음 · 조각 없음 · 장비 2 (회차 1)
  · ⑩ 네임드 막타 멈춤: 값 0.30 · 맞은 몸 0.317 · 도호 0.317초
E2E hit_blood PASS (검사 73)
[Audio] BGM town → town.ogg
[Save] level 못골 마을 → user://save_e2e.json (C:/Users/FORYOUCOM/AppData/Roaming/Godot/app_userdata/Joseon Hunters/wt/codex-630-whirl-structure/save_e2e.json)
[Dev] stairs DungeonEntrance dir=1 world=(0.0, 0.0, -31.0) screen=(2121.067, -492.4143)
[Dev] interact Merchant world=(5.4, 0.0, -2.4) screen=(1047.293, 368.0158)
[Dev] interact Shaman world=(-5.6, 0.0, 0.4) screen=(408.5833, 148.8999)
[Dev] interact Elder world=(2.0, 0.0, -5.6) screen=(1038.037, 191.6542)
[Dev] interact Jumo world=(7.1, 0.0, -1.4) screen=(1079.692, 440.1637)
[Dev] interact StashChest world=(3.3, 0.0, -2.05) screen=(933.8992, 321.2533)
[Dev] interact Waypoint world=(-4.2, 0.0, 2.2) screen=(390.0698, 234.4085)
E2E ▶ skill_area
[Dungeon] heukrang_gul 1층 lv=2 seed=403727558 gen 64x64 rooms=6 up=(44, 56) down=(7, 23) enemies=20 roster=bandit,bat,talisman_master elites=["방2:금색×3(깊이 0.50)"] named=-
[Quest] heukrang_gul 1층 — 싹쓸이 셈 시작 20 (heukrang_clear:none)
[Audio] BGM dungeon → dungeon_3.ogg
[Save] level 흑랑 굴 1층 → user://save_e2e.json (C:/Users/FORYOUCOM/AppData/Roaming/Godot/app_userdata/Joseon Hunters/wt/codex-630-whirl-structure/save_e2e.json)
[Dev] stairs StairsUp dir=-1 world=(44.5, 0.0, 56.5) screen=(593.7165, 335.9509)
[Dev] stairs StairsDown dir=1 world=(7.5, 0.0, 23.5) screen=(408.583, -1534.551)
[Dev] interact PusJar world=(29.5, 0.0, 42.5) screen=(547.433, -487.0705)
[Dev] interact @Area3D@69961 world=(14.5, 0.0, 24.5) screen=(686.2831, -1368.878)
[Dev] interact @Area3D@69962 world=(23.5, 0.0, 18.5) screen=(1380.534, -1288.714)
[Dev] interact LootChest world=(29.5, 0.0, 39.5) screen=(686.2831, -567.2349)
[Dev] interact @Area3D@69963 world=(40.5, 0.0, 38.5) screen=(1241.683, -300.0204)
[Dev] interact LootPot world=(17.5, 0.0, 43.5) screen=(-54.25064, -781.0067)
[Dev] interact @Area3D@69964 world=(18.5, 0.0, 44.5) screen=(-54.25041, -727.5637)
[Dev] interact @Area3D@69965 world=(19.5, 0.0, 9.5) screen=(1611.95, -1636.093)
[Dev] interact @Area3D@69966 world=(20.5, 0.0, 9.5) screen=(1658.234, -1609.372)
[Dev] interact @Area3D@69967 world=(43.5, 0.0, 60.5) screen=(362.2997, 368.0159)
[Dev] interact @Area3D@69968 world=(43.5, 0.0, 59.5) screen=(408.583, 341.2944)
[Dev] interact @Area3D@69969 world=(21.5, 0.0, 39.5) screen=(316.0163, -781.0065)
[Dev] removed 20 enemies
[Skill] 참격 → mp 46/50
  · 참격: 반지름 2.20 · 각 120° · 칼이 닿는 시각 0.60초
[Audio] 같은 순간 같은 큐 상한(3) 넘침 — hit ×1 · enemy_hurt ×1 · blood_splat ×1 (버림 누계 536)
  · slash 타격 관측 physics=true · 물리시간 0.61666666666610581 · 실제틱 0.01666666666666667
[Skill] 회오리베기 → mp 42/50
  · 회오리베기: 반지름 2.50 · 칼이 닿는 시각 0.45초
  · whirl 타격 관측 physics=true · 물리시간 0.46666666666624224 · 실제틱 0.01666666666666667
[Skill] 돌진베기 → mp 44/50
  · 돌진베기: 길이 5.00 (벽에서 끊김 반영) · 반폭 1.10 · 칼이 닿는 시각 0.55초
  · dash 타격 관측 physics=true · 물리시간 0.54999999999949978 · 실제틱 0.01666666666666667
E2E skill_area PASS (검사 93)
[Audio] BGM town → town.ogg
[Save] level 못골 마을 → user://save_e2e.json (C:/Users/FORYOUCOM/AppData/Roaming/Godot/app_userdata/Joseon Hunters/wt/codex-630-whirl-structure/save_e2e.json)
[Dev] stairs DungeonEntrance dir=1 world=(0.0, 0.0, -31.0) screen=(2121.067, -492.4143)
[Dev] interact Merchant world=(5.4, 0.0, -2.4) screen=(1047.293, 368.0158)
[Dev] interact Shaman world=(-5.6, 0.0, 0.4) screen=(408.5833, 148.8999)
[Dev] interact Elder world=(2.0, 0.0, -5.6) screen=(1038.037, 191.6542)
[Dev] interact Jumo world=(7.1, 0.0, -1.4) screen=(1079.692, 440.1637)
[Dev] interact StashChest world=(3.3, 0.0, -2.05) screen=(933.8992, 321.2533)
[Dev] interact Waypoint world=(-4.2, 0.0, 2.2) screen=(390.0698, 234.4085)
E2E ▶ skill_tiers
[Dungeon] heukrang_gul 1층 lv=2 seed=403727558 gen 64x64 rooms=6 up=(44, 56) down=(7, 23) enemies=20 roster=bandit,bat,talisman_master elites=["방2:금색×3(깊이 0.50)"] named=-
[Quest] heukrang_gul 1층 — 싹쓸이 셈 시작 20 (heukrang_clear:none)
[Audio] BGM dungeon → dungeon_1.ogg
[Save] level 흑랑 굴 1층 → user://save_e2e.json (C:/Users/FORYOUCOM/AppData/Roaming/Godot/app_userdata/Joseon Hunters/wt/codex-630-whirl-structure/save_e2e.json)
[Dev] stairs StairsUp dir=-1 world=(44.5, 0.0, 56.5) screen=(593.7165, 335.9509)
[Dev] stairs StairsDown dir=1 world=(7.5, 0.0, 23.5) screen=(408.583, -1534.551)
[Dev] interact PusJar world=(29.5, 0.0, 42.5) screen=(547.433, -487.0705)
[Dev] interact @Area3D@70390 world=(14.5, 0.0, 24.5) screen=(686.2831, -1368.878)
[Dev] interact @Area3D@70391 world=(23.5, 0.0, 18.5) screen=(1380.534, -1288.714)
[Dev] interact LootChest world=(29.5, 0.0, 39.5) screen=(686.2831, -567.2349)
[Dev] interact @Area3D@70392 world=(40.5, 0.0, 38.5) screen=(1241.683, -300.0204)
[Dev] interact LootPot world=(17.5, 0.0, 43.5) screen=(-54.25064, -781.0067)
[Dev] interact @Area3D@70393 world=(18.5, 0.0, 44.5) screen=(-54.25041, -727.5637)
[Dev] interact @Area3D@70394 world=(19.5, 0.0, 9.5) screen=(1611.95, -1636.093)
[Dev] interact @Area3D@70395 world=(20.5, 0.0, 9.5) screen=(1658.234, -1609.372)
[Dev] interact @Area3D@70396 world=(43.5, 0.0, 60.5) screen=(362.2997, 368.0159)
[Dev] interact @Area3D@70397 world=(43.5, 0.0, 59.5) screen=(408.583, 341.2944)
[Dev] interact @Area3D@70398 world=(21.5, 0.0, 39.5) screen=(316.0163, -781.0065)
[Dev] removed 20 enemies
[Skill] 회오리베기 → mp 42/50
[Audio] 같은 순간 같은 큐 상한(3) 넘침 — hit ×5 · enemy_hurt ×5 (버림 누계 546)
[Audio] 전투 밀집 — 노리는 무게 8 ≥ 5 → dungeon_tense
[Audio] BGM dungeon_tense → dungeon_tense.ogg
  · Lv1: 반경 2.50 → 2.50(배수 1.00) · 타수 1 · 이펙트 등급 0(화면 판단)
[Skill] 회오리베기 → mp 41/50
[Audio] 같은 순간 같은 큐 상한(3) 넘침 — enemy_hurt ×13 · hit ×12 (버림 누계 571)
  · Lv5: 반경 2.50 → 3.50(배수 1.40) · 타수 1 · 이펙트 등급 1(화면 판단)
[Skill] 회오리베기 → mp 40/50
[Audio] 같은 순간 같은 큐 상한(3) 넘침 — hit ×13 · enemy_hurt ×13 (버림 누계 597)
[Audio] 같은 순간 같은 큐 상한(3) 넘침 — hit ×12 · enemy_hurt ×13 (버림 누계 622)
  · Lv10: 반경 2.50 → 3.50(배수 1.40) · 타수 2 · 이펙트 등급 2(화면 판단)
E2E skill_tiers PASS (검사 72)
[Audio] BGM town → town.ogg
[Save] level 못골 마을 → user://save_e2e.json (C:/Users/FORYOUCOM/AppData/Roaming/Godot/app_userdata/Joseon Hunters/wt/codex-630-whirl-structure/save_e2e.json)
[Dev] stairs DungeonEntrance dir=1 world=(0.0, 0.0, -31.0) screen=(2121.067, -492.4143)
[Dev] interact Merchant world=(5.4, 0.0, -2.4) screen=(1047.293, 368.0158)
[Dev] interact Shaman world=(-5.6, 0.0, 0.4) screen=(408.5833, 148.8999)
[Dev] interact Elder world=(2.0, 0.0, -5.6) screen=(1038.037, 191.6542)
[Dev] interact Jumo world=(7.1, 0.0, -1.4) screen=(1079.692, 440.1637)
[Dev] interact StashChest world=(3.3, 0.0, -2.05) screen=(933.8992, 321.2533)
[Dev] interact Waypoint world=(-4.2, 0.0, 2.2) screen=(390.0698, 234.4085)
E2E ▶ aoe_skills
[Dungeon] heukrang_gul 1층 lv=2 seed=403727558 gen 64x64 rooms=6 up=(44, 56) down=(7, 23) enemies=20 roster=bandit,bat,talisman_master elites=["방2:금색×3(깊이 0.50)"] named=-
[Quest] heukrang_gul 1층 — 싹쓸이 셈 시작 20 (heukrang_clear:none)
[Audio] BGM dungeon → dungeon_4.ogg
[Save] level 흑랑 굴 1층 → user://save_e2e.json (C:/Users/FORYOUCOM/AppData/Roaming/Godot/app_userdata/Joseon Hunters/wt/codex-630-whirl-structure/save_e2e.json)
[Dev] stairs StairsUp dir=-1 world=(44.5, 0.0, 56.5) screen=(593.7165, 335.9509)
[Dev] stairs StairsDown dir=1 world=(7.5, 0.0, 23.5) screen=(408.583, -1534.551)
[Dev] interact PusJar world=(29.5, 0.0, 42.5) screen=(547.433, -487.0705)
[Dev] interact @Area3D@71006 world=(14.5, 0.0, 24.5) screen=(686.2831, -1368.878)
[Dev] interact @Area3D@71007 world=(23.5, 0.0, 18.5) screen=(1380.534, -1288.714)
[Dev] interact LootChest world=(29.5, 0.0, 39.5) screen=(686.2831, -567.2349)
[Dev] interact @Area3D@71008 world=(40.5, 0.0, 38.5) screen=(1241.683, -300.0204)
[Dev] interact LootPot world=(17.5, 0.0, 43.5) screen=(-54.25064, -781.0067)
[Dev] interact @Area3D@71009 world=(18.5, 0.0, 44.5) screen=(-54.25041, -727.5637)
[Dev] interact @Area3D@71010 world=(19.5, 0.0, 9.5) screen=(1611.95, -1636.093)
[Dev] interact @Area3D@71011 world=(20.5, 0.0, 9.5) screen=(1658.234, -1609.372)
[Dev] interact @Area3D@71012 world=(43.5, 0.0, 60.5) screen=(362.2997, 368.0159)
[Dev] interact @Area3D@71013 world=(43.5, 0.0, 59.5) screen=(408.583, 341.2944)
[Dev] interact @Area3D@71014 world=(21.5, 0.0, 39.5) screen=(316.0163, -781.0065)
[Dev] removed 20 enemies
  · 무대 = 무리 한가운데 (44.5, 0.0, 56.5) · 도호 (47.32843, 0.0, 59.32843) (화면 아래 4.0u) · 트임 4.0
[Skill] 도약 베기 → mp 41/50
[Kill] +4 xp (lv 9, 4/540)
[Kill] +4 xp (lv 9, 8/540)
[Dev] item 목검 world=(43.61969, 0.0, 57.3155) screen=(561.5121, 281.7713)
[Kill] +4 xp (lv 9, 12/540)
[Dev] item 탕약 — 쌍화탕 world=(44.23391, 0.0, 55.32987) screen=(681.8422, 245.1255)
[Audio] 같은 순간 같은 큐 상한(3) 넘침 — hit ×3 · enemy_hurt ×3 · blood_splat ×3 (버림 누계 631)
  · 도약 베기 요약 — 맞음 6/6 · 죽음 3 · 막타 속성 [&""] · 죽음 [&"cleave", &"gibs"] · 경직 [0.60000000000002, 0.60000000000002, 0.60000000000002]
[Seal] 부적 진 화염부 → (44.5, 0.0, 56.5) 반경 2.00 · 6.0초 · 굴림 2.8~4.2 (아낌 false)
[Skill] 부적 진 → mp 44/50
[Audio] 전투 밀집 — 노리는 무게 6 ≥ 5 → dungeon_tense
[Audio] BGM dungeon_tense → dungeon_tense.ogg
[Kill] +4 xp (lv 9, 16/540)
[Dev] item 엽전 world=(45.65327, 0.0, 56.85675) screen=(676.8656, 323.853)
[Kill] +4 xp (lv 9, 20/540)
[Dev] item 엽전 world=(43.62128, 0.0, 57.32251) screen=(561.2617, 282.0011)
[Dev] item 미식별 은가락지 world=(43.62128, 0.0, 57.32251) screen=(561.2617, 282.0011)
[Dev] item 영약 — 생맥산 world=(43.62128, 0.0, 57.32251) screen=(561.2617, 282.0011)
[Kill] +4 xp (lv 9, 24/540)
[Dev] item 짚신 world=(44.22705, 0.0, 55.32775) screen=(681.6229, 244.8853)
[Dev] item 영약 — 생맥산 world=(44.22705, 0.0, 55.32775) screen=(681.6229, 244.8853)
[Dev] item 경면주사 world=(44.22705, 0.0, 55.32775) screen=(681.6229, 244.8853)
[Audio] 같은 순간 같은 큐 상한(3) 넘침 — drop ×3 (버림 누계 634)
  · fire 진 요약 — 맞음 6/6 · 죽음 3 · 막타 속성 [&"fire"] · 죽음 [&"ash"] · 틱 5
[Seal] 부적 진 빙결부 → (44.5, 0.0, 56.5) 반경 2.00 · 6.0초 · 굴림 1.4~2.1 (아낌 false)
[Skill] 부적 진 → mp 44/50
[Kill] +4 xp (lv 9, 28/540)
[Dev] item 미식별 목검 world=(45.6464, 0.0, 56.85463) screen=(676.6464, 323.6129)
[Kill] +4 xp (lv 9, 32/540)
[Kill] +4 xp (lv 9, 36/540)
[Dev] item 엽전 world=(44.23391, 0.0, 55.32987) screen=(681.8422, 245.1255)
  · cold 진 요약 — 맞음 6/6 · 죽음 3 · 막타 속성 [&"cold"] · 죽음 [&"shatter"] · 틱 10
E2E aoe_skills PASS (검사 66)
[Audio] BGM town → town.ogg
[Save] level 못골 마을 → user://save_e2e.json (C:/Users/FORYOUCOM/AppData/Roaming/Godot/app_userdata/Joseon Hunters/wt/codex-630-whirl-structure/save_e2e.json)
[Dev] stairs DungeonEntrance dir=1 world=(0.0, 0.0, -31.0) screen=(2121.067, -492.4143)
[Dev] interact Merchant world=(5.4, 0.0, -2.4) screen=(1047.293, 368.0158)
[Dev] interact Shaman world=(-5.6, 0.0, 0.4) screen=(408.5833, 148.8999)
[Dev] interact Elder world=(2.0, 0.0, -5.6) screen=(1038.037, 191.6542)
[Dev] interact Jumo world=(7.1, 0.0, -1.4) screen=(1079.692, 440.1637)
[Dev] interact StashChest world=(3.3, 0.0, -2.05) screen=(933.8992, 321.2533)
[Dev] interact Waypoint world=(-4.2, 0.0, 2.2) screen=(390.0698, 234.4085)
E2E ▶ aoe_skills_2
[Dungeon] heukrang_gul 1층 lv=2 seed=403727558 gen 64x64 rooms=6 up=(44, 56) down=(7, 23) enemies=20 roster=bandit,bat,talisman_master elites=["방2:금색×3(깊이 0.50)"] named=-
[Quest] heukrang_gul 1층 — 싹쓸이 셈 시작 20 (heukrang_clear:none)
[Audio] BGM dungeon → dungeon_3.ogg
[Save] level 흑랑 굴 1층 → user://save_e2e.json (C:/Users/FORYOUCOM/AppData/Roaming/Godot/app_userdata/Joseon Hunters/wt/codex-630-whirl-structure/save_e2e.json)
[Dev] stairs StairsUp dir=-1 world=(44.5, 0.0, 56.5) screen=(593.7165, 335.9509)
[Dev] stairs StairsDown dir=1 world=(7.5, 0.0, 23.5) screen=(408.583, -1534.551)
[Dev] interact PusJar world=(29.5, 0.0, 42.5) screen=(547.433, -487.0705)
[Dev] interact @Area3D@71491 world=(14.5, 0.0, 24.5) screen=(686.2831, -1368.878)
[Dev] interact @Area3D@71492 world=(23.5, 0.0, 18.5) screen=(1380.534, -1288.714)
[Dev] interact LootChest world=(29.5, 0.0, 39.5) screen=(686.2831, -567.2349)
[Dev] interact @Area3D@71493 world=(40.5, 0.0, 38.5) screen=(1241.683, -300.0204)
[Dev] interact LootPot world=(17.5, 0.0, 43.5) screen=(-54.25064, -781.0067)
[Dev] interact @Area3D@71494 world=(18.5, 0.0, 44.5) screen=(-54.25041, -727.5637)
[Dev] interact @Area3D@71495 world=(19.5, 0.0, 9.5) screen=(1611.95, -1636.093)
[Dev] interact @Area3D@71496 world=(20.5, 0.0, 9.5) screen=(1658.234, -1609.372)
[Dev] interact @Area3D@71497 world=(43.5, 0.0, 60.5) screen=(362.2997, 368.0159)
[Dev] interact @Area3D@71498 world=(43.5, 0.0, 59.5) screen=(408.583, 341.2944)
[Dev] interact @Area3D@71499 world=(21.5, 0.0, 39.5) screen=(316.0163, -781.0065)
[Dev] removed 20 enemies
  · 무대 = 무리 한가운데 (44.5, 0.0, 56.5) · 트임 3.6 · 화면 위쪽 (-0.707107, 0.0, -0.707107)
[Skill] 찌르기 → mp 45/50
[Kill] +1 xp (lv 15, 1/1162)
[Dev] item 엽전 world=(44.5, 0.0, 56.5) screen=(640.0, 298.6191)
[Dev] item 은가락지 world=(44.5, 0.0, 56.5) screen=(640.0, 298.6191)
[Kill] +1 xp (lv 15, 2/1162)
[Dev] item 엽전 world=(43.58076, 0.0, 55.58076) screen=(640.0, 249.4923)
[Dev] item 탕약 — 쌍화탕 world=(43.58076, 0.0, 55.58076) screen=(640.0, 249.4923)
[Kill] +1 xp (lv 15, 3/1162)
[Dev] item 엽전 world=(45.41924, 0.0, 57.41924) screen=(640.0, 347.7459)
[Audio] 같은 순간 같은 큐 상한(3) 넘침 — drop ×2 (버림 누계 636)
  · 찌르기 요약 — 맞음 3/7 [0, 1, 4] · 죽음 3 · 막타 [&"slashed"] · 칼이 닿기까지 0.33초 · 동작 0.63초
[Audio] 같은 순간 같은 큐 상한(3) 넘침 — hit ×1 · enemy_hurt ×1 (버림 누계 638)
[Audio] 같은 순간 같은 큐 상한(3) 넘침 — hit ×4 · enemy_hurt ×4 (버림 누계 646)
[Audio] 전투 밀집 — 노리는 무게 7 ≥ 5 → dungeon_tense
[Audio] BGM dungeon_tense → dungeon_tense.ogg
[Kill] +1 xp (lv 15, 4/1162)
[Dev] item 엽전 world=(44.0677, 0.0, 56.05897) screen=(640.4041, 275.2823)
[Dev] item 탕약 — 쌍화탕 world=(44.0677, 0.0, 56.05897) screen=(640.4041, 275.2823)
[Kill] +1 xp (lv 15, 5/1162)
[Dev] item 화염부 world=(43.73469, 0.0, 57.79058) screen=(544.8467, 312.655)
[Kill] +1 xp (lv 15, 6/1162)
[Dev] item 엽전 world=(45.79058, 0.0, 55.73469) screen=(735.1533, 312.655)
[Dev] item 깨진 백옥 world=(45.79058, 0.0, 55.73469) screen=(735.1533, 312.655)
[Dev] item 괴황지 world=(45.79058, 0.0, 55.73469) screen=(735.1533, 312.655)
[Audio] 같은 순간 같은 큐 상한(3) 넘침 — hit ×3 · enemy_hurt ×3 (버림 누계 652)
[Kill] +1 xp (lv 15, 7/1162)
[Audio] 같은 순간 같은 큐 상한(3) 넘침 — hit ×1 · enemy_hurt ×1 (버림 누계 654)
[Audio] 같은 순간 같은 큐 상한(3) 넘침 — drop ×3 (버림 누계 657)
  · 칼바람 요약 — 바퀴 9(누른 동안 9) · 박자 0.302초 · 도력 18.0 · 맞힌 합 28 · 맞음 7/7 · 죽음 4 [&"cleave", &"slide"] · 앞으로 6.4u · 뗀 뒤 0.27초에 섬
[Talisman] 화염부 → 적 (45.41924, 0.0, 57.41924) (배율 1.28 · 아낌 false · 흩뿌리기 { "n": 3, "ratio": 0.4, "arc": 50.0, "radius_mult": 1.0, "grade": 0 })
[Kill] +1 xp (lv 15, 8/1162)
[Dev] item 미식별 무명띠 world=(44.16354, 0.0, 57.7557) screen=(566.3091, 323.1825)
[Kill] +1 xp (lv 15, 9/1162)
[Dev] item 탕약 — 쌍화탕 world=(45.7557, 0.0, 56.16354) screen=(713.6909, 323.1825)
[Dev] item 식별부 world=(45.7557, 0.0, 56.16354) screen=(713.6909, 323.1825)
[Loot] 항아리 지역 2 → 빈 것
  · 흩뿌리기 요약 — 장당 맞힌 수 [3, 1, 1] · 맞음 3/7 · 죽음 2 [&"ash"]
[Rain] 부적 비 화염부 × 6 → (44.5, 0.0, 56.5) 반경 4.00 · 한 장 배율 0.81 (아낌 0)
[Skill] 부적 비 → mp 38/50
[Kill] +1 xp (lv 15, 10/1162)
[Kill] +1 xp (lv 15, 11/1162)
[Dev] item 엽전 world=(43.58076, 0.0, 55.58076) screen=(640.0, 249.4923)
[Dev] item 무명옷 world=(43.58076, 0.0, 55.58076) screen=(640.0, 249.4923)
[Dev] item 영약 — 생맥산 world=(43.58076, 0.0, 55.58076) screen=(640.0, 249.4923)
[Kill] +1 xp (lv 15, 12/1162)
[Dev] item 엽전 world=(44.16354, 0.0, 57.7557) screen=(566.3091, 323.1825)
[Kill] +1 xp (lv 15, 13/1162)
[Audio] 같은 순간 같은 큐 상한(3) 넘침 — enemy_hurt ×4 · kill_extra ×1 · enemy_die ×1 · burn ×1 (버림 누계 664)
[Audio] 같은 순간 같은 큐 상한(3) 넘침 — drop ×1 (버림 누계 665)
  · 부적 비 요약 — 6장 · 맞음 7/7 · 죽음 4 [&"ash"] · 버티는 몸 타는 중 3
E2E aoe_skills_2 PASS (검사 68)
[Audio] BGM town → town.ogg
[Save] level 못골 마을 → user://save_e2e.json (C:/Users/FORYOUCOM/AppData/Roaming/Godot/app_userdata/Joseon Hunters/wt/codex-630-whirl-structure/save_e2e.json)
[Dev] stairs DungeonEntrance dir=1 world=(0.0, 0.0, -31.0) screen=(2121.067, -492.4143)
[Dev] interact Merchant world=(5.4, 0.0, -2.4) screen=(1047.293, 368.0158)
[Dev] interact Shaman world=(-5.6, 0.0, 0.4) screen=(408.5833, 148.8999)
[Dev] interact Elder world=(2.0, 0.0, -5.6) screen=(1038.037, 191.6542)
[Dev] interact Jumo world=(7.1, 0.0, -1.4) screen=(1079.692, 440.1637)
[Dev] interact StashChest world=(3.3, 0.0, -2.05) screen=(933.8992, 321.2533)
[Dev] interact Waypoint world=(-4.2, 0.0, 2.2) screen=(390.0698, 234.4085)
E2E ▶ build_changers
[Dungeon] heukrang_gul 1층 lv=2 seed=403727558 gen 64x64 rooms=6 up=(44, 56) down=(7, 23) enemies=20 roster=bandit,bat,talisman_master elites=["방2:금색×3(깊이 0.50)"] named=-
[Quest] heukrang_gul 1층 — 싹쓸이 셈 시작 20 (heukrang_clear:none)
[Audio] BGM dungeon → dungeon_2.ogg
[Save] level 흑랑 굴 1층 → user://save_e2e.json (C:/Users/FORYOUCOM/AppData/Roaming/Godot/app_userdata/Joseon Hunters/wt/codex-630-whirl-structure/save_e2e.json)
[Dev] stairs StairsUp dir=-1 world=(44.5, 0.0, 56.5) screen=(593.7165, 335.9509)
[Dev] stairs StairsDown dir=1 world=(7.5, 0.0, 23.5) screen=(408.583, -1534.551)
[Dev] interact PusJar world=(29.5, 0.0, 42.5) screen=(547.433, -487.0705)
[Dev] interact @Area3D@72091 world=(14.5, 0.0, 24.5) screen=(686.2831, -1368.878)
[Dev] interact @Area3D@72092 world=(23.5, 0.0, 18.5) screen=(1380.534, -1288.714)
[Dev] interact LootChest world=(29.5, 0.0, 39.5) screen=(686.2831, -567.2349)
[Dev] interact @Area3D@72093 world=(40.5, 0.0, 38.5) screen=(1241.683, -300.0204)
[Dev] interact LootPot world=(17.5, 0.0, 43.5) screen=(-54.25064, -781.0067)
[Dev] interact @Area3D@72094 world=(18.5, 0.0, 44.5) screen=(-54.25041, -727.5637)
[Dev] interact @Area3D@72095 world=(19.5, 0.0, 9.5) screen=(1611.95, -1636.093)
[Dev] interact @Area3D@72096 world=(20.5, 0.0, 9.5) screen=(1658.234, -1609.372)
[Dev] interact @Area3D@72097 world=(43.5, 0.0, 60.5) screen=(362.2997, 368.0159)
[Dev] interact @Area3D@72098 world=(43.5, 0.0, 59.5) screen=(408.583, 341.2944)
[Dev] interact @Area3D@72099 world=(21.5, 0.0, 39.5) screen=(316.0163, -781.0065)
[Dev] removed 20 enemies
  · 무대 = 한가운데 (44.5, 0.0, 56.5) · 도호 (47.32843, 0.0, 59.32843) (화면 아래 4.0u) · 트임 4.0
[Kill] +2 xp (lv 12, 2/831)
[Save] quest → user://save_e2e.json (C:/Users/FORYOUCOM/AppData/Roaming/Godot/app_userdata/Joseon Hunters/wt/codex-630-whirl-structure/save_e2e.json)
[Quest] heukrang_clear 싹쓸이 완료 (none → killed)
  · 처형 — 죽음 cleave/cleave · 면 h
[Kill] +2 xp (lv 12, 4/831)
[Dev] item 엽전 world=(46.55061, 0.0, 58.55061) screen=(640.0002, 393.0937)
[Kill] +2 xp (lv 12, 6/831)
[Dev] item 엽전 world=(46.55061, 0.0, 58.55061) screen=(640.0002, 393.0937)
[Kill] +2 xp (lv 12, 8/831)
[Dev] item 엽전 world=(46.55061, 0.0, 58.55061) screen=(640.0002, 393.0937)
[Dev] item 패랭이 world=(46.55061, 0.0, 58.55061) screen=(640.0002, 393.0937)
[Dev] item 영약 — 생맥산 world=(46.55061, 0.0, 58.55061) screen=(640.0002, 393.0937)
[Kill] +2 xp (lv 12, 10/831)
[Dev] item 엽전 world=(46.55061, 0.0, 58.55061) screen=(640.0002, 393.0937)
[Dev] item 미식별 목검 world=(46.55061, 0.0, 58.55061) screen=(640.0002, 393.0937)
[Kill] +2 xp (lv 12, 12/831)
[Dev] item 엽전 world=(46.55061, 0.0, 58.55061) screen=(640.0002, 393.0937)
[Kill] +2 xp (lv 12, 14/831)
[Dev] item 엽전 world=(46.55061, 0.0, 58.55061) screen=(640.0002, 393.0937)
[Dev] item 짚신 world=(46.55061, 0.0, 58.55061) screen=(640.0002, 393.0937)
[Dev] item 탕약 — 쌍화탕 world=(46.55061, 0.0, 58.55061) screen=(640.0002, 393.0937)
[Kill] +2 xp (lv 12, 16/831)
[Dev] item 엽전 world=(46.55061, 0.0, 58.55061) screen=(640.0002, 393.0937)
[Dev] item 탕약 — 쌍화탕 world=(46.55061, 0.0, 58.55061) screen=(640.0002, 393.0937)
[Kill] +2 xp (lv 12, 18/831)
[Dev] item 묵함 world=(46.55061, 0.0, 58.55061) screen=(640.0002, 393.0937)
  · 망나니 칼 요약 — 대조 환도 남은 생명 124 · 처형 한 대 · 두 동강 4/8
[Kill] +2 xp (lv 12, 20/831)
[Dev] item 철검 world=(46.57777, 0.0, 58.5523) screen=(641.1794, 393.8646)
[Dev] item 괴황지 world=(46.57777, 0.0, 58.5523) screen=(641.1794, 393.8646)
[Kill] +2 xp (lv 12, 22/831)
[Dev] item 철검 world=(46.57777, 0.0, 58.5523) screen=(641.1794, 393.8646)
[Dev] item 괴황지 world=(46.57777, 0.0, 58.5523) screen=(641.1794, 393.8646)
[Kill] +2 xp (lv 12, 24/831)
[Dev] item 엽전 world=(46.54073, 0.0, 57.75933) screen=(676.166, 371.6855)
[Dev] item 미식별 무명띠 world=(46.54073, 0.0, 57.75933) screen=(676.166, 371.6855)
[Kill] +2 xp (lv 12, 26/831)
[Dev] item 미식별 짚신 world=(45.87553, 0.0, 58.50857) screen=(610.701, 373.9312)
[Dev] item 탕약 — 쌍화탕 world=(45.87553, 0.0, 58.50857) screen=(610.701, 373.9312)
[Kill] +2 xp (lv 12, 28/831)
[Dev] item 엽전 world=(44.89857, 0.0, 58.31009) screen=(574.6705, 342.5219)
[Dev] item 무명옷 world=(44.89857, 0.0, 58.31009) screen=(574.6705, 342.5219)
[Audio] 같은 순간 같은 큐 상한(3) 넘침 — drop ×1 (버림 누계 666)
[Kill] +2 xp (lv 12, 30/831)
[Dev] item 엽전 world=(44.58059, 0.0, 57.36199) screen=(603.8344, 308.6904)
[Dev] item 패랭이 world=(44.58059, 0.0, 57.36199) screen=(603.8344, 308.6904)
[Kill] +2 xp (lv 12, 32/831)
[Dev] item 탕약 — 쌍화탕 world=(45.24268, 0.0, 56.61256) screen=(669.164, 306.3565)
[Kill] +2 xp (lv 12, 34/831)
  · 도깨비불 요약 — 첫 불씨 3 · 무리 재 6/6
[Skill] 회오리베기 → mp 122/130
[Audio] 같은 순간 같은 큐 상한(3) 넘침 — hit ×3 · enemy_hurt ×3 (버림 누계 672)
[Audio] 전투 밀집 — 노리는 무게 6 ≥ 5 → dungeon_tense
[Audio] BGM dungeon_tense → dungeon_tense.ogg
[Skill] 회오리베기 → mp 122/130
[Loot] 항아리 지역 2 → 빈 것
[Audio] 같은 순간 같은 큐 상한(3) 넘침 — enemy_hurt ×3 · hit ×1 (버림 누계 676)
[Skill] 회오리베기 → mp 121/130
[Audio] 같은 순간 같은 큐 상한(3) 넘침 — enemy_hurt ×3 · hit ×1 (버림 누계 680)
[Skill] 회오리베기 → mp 121/130
[Audio] 같은 순간 같은 큐 상한(3) 넘침 — hit ×3 · enemy_hurt ×3 (버림 누계 686)
[Audio] 같은 순간 같은 큐 상한(3) 넘침 — hit ×3 · enemy_hurt ×3 (버림 누계 692)
  · 이무기 비늘 요약 — 3점 반경 2.50 → 3.50 · 5점 바퀴 1 → 2
[Skill] 도약 베기 → mp 121/130
[Audio] 같은 순간 같은 큐 상한(3) 넘침 — hit ×3 · enemy_hurt ×3 · blood_splat ×3 (버림 누계 701)
[Skill] 도약 베기 → mp 121/130
[Audio] 같은 순간 같은 큐 상한(3) 넘침 — hit ×1 · enemy_hurt ×3 · blood_splat ×3 (버림 누계 708)
[Seal] 부적 진 화염부 → (42.9, 0.0, 56.5) 반경 2.00 · 6.0초 · 굴림 3.7~5.6 (아낌 false)
[Skill] 부적 진 → mp 124/130
[Seal] 부적 진 화염부 → (44.5, 0.0, 56.5) 반경 2.00 · 6.0초 · 굴림 3.7~5.6 (아낌 false)
[Skill] 부적 진 → mp 124/130
[Seal] 부적 진 화염부 → (46.1, 0.0, 56.5) 반경 2.00 · 6.0초 · 굴림 3.7~5.6 (아낌 false)
[Skill] 부적 진 → mp 124/130
[Seal] 부적 진 화염부 → (42.9, 0.0, 56.5) 반경 2.00 · 6.0초 · 굴림 4.4~6.6 (아낌 false)
[Skill] 부적 진 → mp 144/150
[Seal] 부적 진 화염부 → (44.5, 0.0, 56.5) 반경 2.00 · 6.0초 · 굴림 4.4~6.6 (아낌 false)
[Skill] 부적 진 → mp 144/150
[Seal] 부적 진 화염부 → (46.1, 0.0, 56.5) 반경 2.00 · 6.0초 · 굴림 4.4~6.6 (아낌 false)
[Skill] 부적 진 → mp 144/150
  · 사인참사검 요약 — 진 셋 쳐서 선 수: 사인검 2 → 사인참사검 3
[Skill] 참격 → mp 126/130
[Audio] 전투 밀집 끝 — 무게 ≤ 2가 6초 → dungeon
[Audio] BGM dungeon → dungeon_2.ogg
[Skill] 참격 → mp 126/130
  · 본국검 요약 — 맞은 수 보통 [1, 0, 0, 0] → 검기 [1, 1, 1, 1] · 검기 길이 6.8
E2E build_changers PASS (검사 88)
[Audio] BGM town → town.ogg
[Save] level 못골 마을 → user://save_e2e.json (C:/Users/FORYOUCOM/AppData/Roaming/Godot/app_userdata/Joseon Hunters/wt/codex-630-whirl-structure/save_e2e.json)
[Dev] stairs DungeonEntrance dir=1 world=(0.0, 0.0, -31.0) screen=(2121.067, -492.4143)
[Dev] interact Merchant world=(5.4, 0.0, -2.4) screen=(1047.293, 368.0158)
[Dev] interact Shaman world=(-5.6, 0.0, 0.4) screen=(408.5833, 148.8999)
[Dev] interact Elder world=(2.0, 0.0, -5.6) screen=(1038.037, 191.6542)
[Dev] interact Jumo world=(7.1, 0.0, -1.4) screen=(1079.692, 440.1637)
[Dev] interact StashChest world=(3.3, 0.0, -2.05) screen=(933.8992, 321.2533)
[Dev] interact Waypoint world=(-4.2, 0.0, 2.2) screen=(390.0698, 234.4085)
E2E ▶ body_arts
[Dungeon] heukrang_gul 1층 lv=2 seed=403727558 gen 64x64 rooms=6 up=(44, 56) down=(7, 23) enemies=20 roster=bandit,bat,talisman_master elites=["방2:금색×3(깊이 0.50)"] named=-
[Quest] heukrang_gul 1층 — 싹쓸이 셈 시작 20 (heukrang_clear:none)
[Audio] BGM dungeon → dungeon_3.ogg
[Save] level 흑랑 굴 1층 → user://save_e2e.json (C:/Users/FORYOUCOM/AppData/Roaming/Godot/app_userdata/Joseon Hunters/wt/codex-630-whirl-structure/save_e2e.json)
[Dev] stairs StairsUp dir=-1 world=(44.5, 0.0, 56.5) screen=(593.7165, 335.9509)
[Dev] stairs StairsDown dir=1 world=(7.5, 0.0, 23.5) screen=(408.583, -1534.551)
[Dev] interact PusJar world=(29.5, 0.0, 42.5) screen=(547.433, -487.0705)
[Dev] interact @Area3D@72806 world=(14.5, 0.0, 24.5) screen=(686.2831, -1368.878)
[Dev] interact @Area3D@72807 world=(23.5, 0.0, 18.5) screen=(1380.534, -1288.714)
[Dev] interact LootChest world=(29.5, 0.0, 39.5) screen=(686.2831, -567.2349)
[Dev] interact @Area3D@72808 world=(40.5, 0.0, 38.5) screen=(1241.683, -300.0204)
[Dev] interact LootPot world=(17.5, 0.0, 43.5) screen=(-54.25064, -781.0067)
[Dev] interact @Area3D@72809 world=(18.5, 0.0, 44.5) screen=(-54.25041, -727.5637)
[Dev] interact @Area3D@72810 world=(19.5, 0.0, 9.5) screen=(1611.95, -1636.093)
[Dev] interact @Area3D@72811 world=(20.5, 0.0, 9.5) screen=(1658.234, -1609.372)
[Dev] interact @Area3D@72812 world=(43.5, 0.0, 60.5) screen=(362.2997, 368.0159)
[Dev] interact @Area3D@72813 world=(43.5, 0.0, 59.5) screen=(408.583, 341.2944)
[Dev] interact @Area3D@72814 world=(21.5, 0.0, 39.5) screen=(316.0163, -781.0065)
[Dev] removed 20 enemies
[Skill] 축지법 → mp 45/53
[Skill] 축지법 → mp 45/53
[Skill] 축지법 → mp 45/53
  · 벽 너머 짝 = (39.5, 0.0, 51.5) → (37.0, 0.0, 51.5) (2.5u · 길 10.1)
[Skill] 도력 방패 → mp 43/53
[Skill] 도력 방패 → mp 43/53
[Skill] 도력 방패 → mp 43/53
[Skill] 도력 방패 → mp 43/53
[Death] 도호 사망 → 1.2s 뒤 마을 복귀, 엽전 -0
[Audio] BGM town → town.ogg
[Save] level 못골 마을 → user://save_e2e.json (C:/Users/FORYOUCOM/AppData/Roaming/Godot/app_userdata/Joseon Hunters/wt/codex-630-whirl-structure/save_e2e.json)
[Dev] stairs DungeonEntrance dir=1 world=(0.0, 0.0, -31.0) screen=(2121.067, -492.4143)
[Dev] interact Merchant world=(5.4, 0.0, -2.4) screen=(1047.293, 368.0158)
[Dev] interact Shaman world=(-5.6, 0.0, 0.4) screen=(408.5833, 148.8999)
[Dev] interact Elder world=(2.0, 0.0, -5.6) screen=(1038.037, 191.6542)
[Dev] interact Jumo world=(7.1, 0.0, -1.4) screen=(1079.692, 440.1637)
[Dev] interact StashChest world=(3.3, 0.0, -2.05) screen=(933.8992, 321.2533)
[Dev] interact Waypoint world=(-4.2, 0.0, 2.2) screen=(390.0698, 234.4085)
[Skill] 도력 방패 → mp 43/53
E2E body_arts PASS (검사 66)
[Save] level 못골 마을 → user://save_e2e.json (C:/Users/FORYOUCOM/AppData/Roaming/Godot/app_userdata/Joseon Hunters/wt/codex-630-whirl-structure/save_e2e.json)
[Dev] stairs DungeonEntrance dir=1 world=(0.0, 0.0, -31.0) screen=(2121.067, -492.4143)
[Dev] interact Merchant world=(5.4, 0.0, -2.4) screen=(1047.293, 368.0158)
[Dev] interact Shaman world=(-5.6, 0.0, 0.4) screen=(408.5833, 148.8999)
[Dev] interact Elder world=(2.0, 0.0, -5.6) screen=(1038.037, 191.6542)
[Dev] interact Jumo world=(7.1, 0.0, -1.4) screen=(1079.692, 440.1637)
[Dev] interact StashChest world=(3.3, 0.0, -2.05) screen=(933.8992, 321.2533)
[Dev] interact Waypoint world=(-4.2, 0.0, 2.2) screen=(390.0698, 234.4085)
E2E ▶ dungeon_layout
[Dungeon] heukrang_gul 1층 lv=2 seed=403727558 gen 64x64 rooms=6 up=(44, 56) down=(7, 23) enemies=20 roster=bandit,bat,talisman_master elites=["방2:금색×3(깊이 0.50)"] named=-
[Quest] heukrang_gul 1층 — 싹쓸이 셈 시작 20 (heukrang_clear:none)
[Audio] BGM dungeon → dungeon_4.ogg
[Save] level 흑랑 굴 1층 → user://save_e2e.json (C:/Users/FORYOUCOM/AppData/Roaming/Godot/app_userdata/Joseon Hunters/wt/codex-630-whirl-structure/save_e2e.json)
[Dev] stairs StairsUp dir=-1 world=(44.5, 0.0, 56.5) screen=(593.7165, 335.9509)
[Dev] stairs StairsDown dir=1 world=(7.5, 0.0, 23.5) screen=(408.583, -1534.551)
[Dev] interact PusJar world=(29.5, 0.0, 42.5) screen=(547.433, -487.0705)
[Dev] interact @Area3D@73345 world=(14.5, 0.0, 24.5) screen=(686.2831, -1368.878)
[Dev] interact @Area3D@73346 world=(23.5, 0.0, 18.5) screen=(1380.534, -1288.714)
[Dev] interact LootChest world=(29.5, 0.0, 39.5) screen=(686.2831, -567.2349)
[Dev] interact @Area3D@73347 world=(40.5, 0.0, 38.5) screen=(1241.683, -300.0204)
[Dev] interact LootPot world=(17.5, 0.0, 43.5) screen=(-54.25064, -781.0067)
[Dev] interact @Area3D@73348 world=(18.5, 0.0, 44.5) screen=(-54.25041, -727.5637)
[Dev] interact @Area3D@73349 world=(19.5, 0.0, 9.5) screen=(1611.95, -1636.093)
[Dev] interact @Area3D@73350 world=(20.5, 0.0, 9.5) screen=(1658.234, -1609.372)
[Dev] interact @Area3D@73351 world=(43.5, 0.0, 60.5) screen=(362.2997, 368.0159)
[Dev] interact @Area3D@73352 world=(43.5, 0.0, 59.5) screen=(408.583, 341.2944)
[Dev] interact @Area3D@73353 world=(21.5, 0.0, 39.5) screen=(316.0163, -781.0065)
  · 1층 격자 64x64 · 방 6 (한 변 8~14) · 걷는 칸 882(복도 126) · 적 20 { "bandit": 15, "bat": 5 } · 보스 0 · 횃불 48 · 소품 9
  · 1층 모양 갈래 { "bandit_v2": 7, "bandit_v2_dagger": 8 } · 두 갈래가 같이 있는 방 4곳 [1, 2, 4, 5]
[Dungeon] heukrang_gul 2층 lv=3 seed=3189434797 preset 28x28 rooms=2 up=(22, 23) down=(-1, -1) enemies=2 roster=bat elites=[] named=-
[Audio] BGM boss → boss.ogg
[Save] level 흑랑 굴 2층 → user://save_e2e.json (C:/Users/FORYOUCOM/AppData/Roaming/Godot/app_userdata/Joseon Hunters/wt/codex-630-whirl-structure/save_e2e.json)
[Dev] stairs StairsUp dir=-1 world=(22.5, 0.0, 23.5) screen=(593.7167, 335.9507)
  · 2층 격자 28x28 · 방 2 (한 변 7~14) · 걷는 칸 274(복도 45) · 적 2 { "bat": 2 } · 보스 1 · 횃불 16 · 소품 2
  · 2층 모양 갈래 {  } · 두 갈래가 같이 있는 방 0곳 []
[Dungeon] heukrang_gul 1층 lv=2 seed=403727558 gen 64x64 rooms=6 up=(44, 56) down=(7, 23) enemies=20 roster=bandit,bat,talisman_master elites=["방2:금색×3(깊이 0.50)"] named=-
[Quest] heukrang_gul 1층 — 싹쓸이 셈 시작 23 (heukrang_clear:none)
[Audio] BGM dungeon → dungeon_2.ogg
[Save] level 흑랑 굴 1층 → user://save_e2e.json (C:/Users/FORYOUCOM/AppData/Roaming/Godot/app_userdata/Joseon Hunters/wt/codex-630-whirl-structure/save_e2e.json)
[Dev] stairs StairsUp dir=-1 world=(44.5, 0.0, 56.5) screen=(778.8501, 2206.452)
[Dev] stairs StairsDown dir=1 world=(7.5, 0.0, 23.5) screen=(593.7167, 335.9507)
[Dev] interact PusJar world=(29.5, 0.0, 42.5) screen=(732.5667, 1383.431)
[Dev] interact @Area3D@73628 world=(14.5, 0.0, 24.5) screen=(871.4167, 501.623)
[Dev] interact @Area3D@73629 world=(23.5, 0.0, 18.5) screen=(1565.667, 581.7873)
[Dev] interact LootChest world=(29.5, 0.0, 39.5) screen=(871.4168, 1303.267)
[Dev] interact @Area3D@73630 world=(40.5, 0.0, 38.5) screen=(1426.817, 1570.481)
[Dev] interact LootPot world=(17.5, 0.0, 43.5) screen=(130.8831, 1089.495)
[Dev] interact @Area3D@73631 world=(18.5, 0.0, 44.5) screen=(130.8831, 1142.938)
[Dev] interact @Area3D@73632 world=(19.5, 0.0, 9.5) screen=(1797.084, 234.4085)
[Dev] interact @Area3D@73633 world=(20.5, 0.0, 9.5) screen=(1843.367, 261.13)
[Dev] interact @Area3D@73634 world=(43.5, 0.0, 60.5) screen=(547.4333, 2238.517)
[Dev] interact @Area3D@73635 world=(43.5, 0.0, 59.5) screen=(593.7167, 2211.796)
[Dev] interact @Area3D@73636 world=(21.5, 0.0, 39.5) screen=(501.15, 1089.495)
[Audio] 같은 순간 같은 큐 상한(3) 넘침 — bat_attack ×1 (버림 누계 709)
[Audio] 같은 순간 같은 큐 상한(3) 넘침 — bat_attack ×1 (버림 누계 710)
E2E dungeon_layout PASS (검사 34)
[Audio] BGM town → town.ogg
[Save] level 못골 마을 → user://save_e2e.json (C:/Users/FORYOUCOM/AppData/Roaming/Godot/app_userdata/Joseon Hunters/wt/codex-630-whirl-structure/save_e2e.json)
[Dev] stairs DungeonEntrance dir=1 world=(0.0, 0.0, -31.0) screen=(2121.067, -492.4143)
[Dev] interact Merchant world=(5.4, 0.0, -2.4) screen=(1047.293, 368.0158)
[Dev] interact Shaman world=(-5.6, 0.0, 0.4) screen=(408.5833, 148.8999)
[Dev] interact Elder world=(2.0, 0.0, -5.6) screen=(1038.037, 191.6542)
[Dev] interact Jumo world=(7.1, 0.0, -1.4) screen=(1079.692, 440.1637)
[Dev] interact StashChest world=(3.3, 0.0, -2.05) screen=(933.8992, 321.2533)
[Dev] interact Waypoint world=(-4.2, 0.0, 2.2) screen=(390.0698, 234.4085)
E2E ▶ beomgul_walk
[Field] jeongnyeongjae seed=3599041059 128x176 props=2820 packs=13 enemies=72 waypoint=(61, 66) roster=hwajeok,vampire_bat,lightning_master | hwajeok,hollin_yeogung_bow,gaekgwi elites=["8:금색×3@구간2", "10:금색×3@구간3"]
[Audio] BGM dungeon → dungeon_1.ogg
[Save] level 정령재 → user://save_e2e.json (C:/Users/FORYOUCOM/AppData/Roaming/Godot/app_userdata/Joseon Hunters/wt/codex-630-whirl-structure/save_e2e.json)
[Dev] stairs Down_cave dir=1 world=(60.5, 0.0, 3.5) screen=(825.1336, 255.7865)
[Dev] stairs Down_mine dir=1 world=(125.5, 0.0, 70.5) screen=(732.5671, 3783.018)
[Dev] interact Waypoint world=(61.5, 0.0, 66.5) screen=(-2044.434, 1917.86)
[Dev] interact LootChest world=(5.5, 0.0, 141.5) screen=(-8107.554, 2425.568)
[Dev] interact @Area3D@75242 world=(26.5, 0.0, 123.5) screen=(-6302.504, 2505.732)
[Dev] interact @Area3D@75243 world=(61.5, 0.0, 88.5) screen=(-3062.668, 2505.732)
[Dev] interact @Area3D@75244 world=(82.5, 0.0, 48.5) screen=(-239.3836, 1998.024)
[Dev] interact LootPot world=(70.5, 0.0, 9.5) screen=(1010.267, 635.2303)
[Dev] interact @Area3D@75245 world=(59.5, 0.0, 82.5) screen=(-2877.535, 2291.96)
[Dev] interact @Area3D@75246 world=(39.5, 0.0, 58.5) screen=(-2692.401, 1116.216)
[Dev] interact @Area3D@75247 world=(32.5, 0.0, 37.5) screen=(-2044.434, 368.0158)
[Dev] interact @Area3D@75248 world=(30.5, 0.0, 123.5) screen=(-6117.37, 2612.618)
[Dev] interact @Area3D@75249 world=(96.5, 0.0, 125.5) screen=(-3155.235, 4429.677)
[Dev] interact @Area3D@75250 world=(89.5, 0.0, 59.5) screen=(-424.517, 2479.01)
[Dev] interact @Area3D@75251 world=(22.5, 0.0, 41.5) screen=(-2692.401, 207.6872)
[Dev] interact @Area3D@75252 world=(56.5, 0.0, 51.5) screen=(-1581.601, 1383.431)
[Dev] interact @Area3D@75253 world=(7.5, 0.0, 142.5) screen=(-8061.271, 2505.732)
[Dev] interact @Area3D@75254 world=(101.5, 0.0, 72.5) screen=(-470.8004, 3147.047)
[Dev] interact @Area3D@75255 world=(77.5, 0.0, 34.5) screen=(177.1666, 1490.317)
[Dev] removed 72 enemies
[Click] world=(60.5, 0.0, 3.5) cell=(60, 3)
[Dungeon] beomgul 1층 lv=5 seed=3470036558 gen 64x64 rooms=10 up=(52, 51) down=(7, 7) enemies=41 roster=hwajeok,vampire_bat,spider elites=["방8:파란×3(깊이 0.63)"] named=-
[Save] level 범굴 1층 → user://save_e2e.json (C:/Users/FORYOUCOM/AppData/Roaming/Godot/app_userdata/Joseon Hunters/wt/codex-630-whirl-structure/save_e2e.json)
[Dev] stairs StairsUp dir=-1 world=(52.5, 0.0, 51.5) screen=(593.7166, 335.951)
[Dev] stairs StairsDown dir=1 world=(7.5, 0.0, 7.5) screen=(547.4335, -2042.258)
[Dev] interact LootChest world=(56.5, 0.0, 56.5) screen=(547.4333, 528.3447)
[Dev] interact @Area3D@75543 world=(47.5, 0.0, 34.5) screen=(1149.117, -300.0203)
[Dev] interact LootPot world=(25.5, 0.0, 15.5) screen=(1010.267, -1395.6)
[Dev] interact @Area3D@75544 world=(24.5, 0.0, 16.5) screen=(917.7001, -1395.6)
[Dev] interact @Area3D@75545 world=(24.5, 0.0, 15.5) screen=(963.9833, -1422.321)
[Dev] interact @Area3D@75546 world=(32.5, 0.0, 60.5) screen=(-748.5005, -6.084366)
[Dev] interact @Area3D@75547 world=(7.5, 0.0, 60.5) screen=(-1905.584, -674.1207)
[Dev] interact @Area3D@75548 world=(8.5, 0.0, 61.5) screen=(-1905.585, -620.6777)
[Dev] interact @Area3D@75549 world=(20.5, 0.0, 43.5) screen=(-517.084, -781.0064)
[Dev] interact @Area3D@75550 world=(56.5, 0.0, 23.5) screen=(2074.784, -353.4632)
[Dev] interact @Area3D@75551 world=(48.5, 0.0, 48.5) screen=(547.4333, 100.8015)
[Dev] interact @Area3D@75552 world=(48.5, 0.0, 49.5) screen=(501.1499, 127.5229)
  · 1층 64x64 · 적 41 · 명단 ["hwajeok", "vampire_bat", "spider"] · 장식 ["Rock 55", "RuinStone 68", "Bones 20", "Fur 12"] · 정예 자리 1
[Dungeon] beomgul 2층 lv=6 seed=2703187923 gen 64x64 rooms=7 up=(13, 7) down=(17, 55) enemies=22 roster=hwajeok,vampire_bat,spider elites=["방3:파란×4(깊이 0.60)"] named=-
[Save] level 범굴 2층 → user://save_e2e.json (C:/Users/FORYOUCOM/AppData/Roaming/Godot/app_userdata/Joseon Hunters/wt/codex-630-whirl-structure/save_e2e.json)
[Dev] stairs StairsUp dir=-1 world=(13.5, 0.0, 7.5) screen=(593.7167, 335.9507)
[Dev] stairs StairsDown dir=1 world=(17.5, 0.0, 55.5) screen=(-1442.751, 1725.466)
[Dev] interact LootChest world=(30.5, 0.0, 31.5) screen=(269.7332, 1383.431)
[Dev] interact @Area3D@75770 world=(50.5, 0.0, 50.5) screen=(316.0165, 2425.567)
[Dev] interact LootPot world=(11.5, 0.0, 52.5) screen=(-1581.601, 1436.874)
[Dev] interact @Area3D@75771 world=(29.5, 0.0, 40.5) screen=(-193.1004, 1597.202)
[Dev] interact @Area3D@75772 world=(29.5, 0.0, 39.5) screen=(-146.817, 1570.481)
[Dev] interact @Area3D@75773 world=(40.5, 0.0, 29.5) screen=(825.1334, 1597.203)
[Dev] interact @Area3D@75774 world=(41.5, 0.0, 29.5) screen=(871.4167, 1623.924)
[Dev] interact @Area3D@75775 world=(13.5, 0.0, 32.5) screen=(-563.3672, 955.8877)
[Dev] interact @Area3D@75776 world=(14.5, 0.0, 31.5) screen=(-470.8005, 955.8877)
  · 2층 64x64 · 적 22 · 명단 ["hwajeok", "vampire_bat", "spider"] · 장식 ["Rock 40", "RuinStone 54", "Bones 22", "Fur 16"] · 정예 자리 1
[Dungeon] beomgul 3층 lv=6 seed=3376041942 preset 32x30 rooms=2 up=(26, 24) down=(-1, -1) enemies=0 roster= elites=[] named=-
[Audio] BGM boss → boss.ogg
[Save] level 범굴 3층 → user://save_e2e.json (C:/Users/FORYOUCOM/AppData/Roaming/Godot/app_userdata/Joseon Hunters/wt/codex-630-whirl-structure/save_e2e.json)
[Dev] stairs StairsUp dir=-1 world=(26.5, 0.0, 24.5) screen=(593.7167, 335.9507)
  · 3층 32x30 · 적 0 · 명단 [] · 장식 ["Rock 12", "RuinStone 16", "Bones 9", "Fur 3"] · 정예 자리 0
[Dungeon] beomgul 2층 lv=6 seed=2703187923 gen 64x64 rooms=7 up=(13, 7) down=(17, 55) enemies=22 roster=hwajeok,vampire_bat,spider elites=["방3:파란×4(깊이 0.60)"] named=-
[Audio] BGM dungeon → dungeon_2.ogg
[Save] level 범굴 2층 → user://save_e2e.json (C:/Users/FORYOUCOM/AppData/Roaming/Godot/app_userdata/Joseon Hunters/wt/codex-630-whirl-structure/save_e2e.json)
[Dev] stairs StairsUp dir=-1 world=(13.5, 0.0, 7.5) screen=(2630.184, -1053.565)
[Dev] stairs StairsDown dir=1 world=(17.5, 0.0, 55.5) screen=(593.7165, 335.9509)
[Dev] interact LootChest world=(30.5, 0.0, 31.5) screen=(2306.201, -6.084366)
[Dev] interact @Area3D@76071 world=(50.5, 0.0, 50.5) screen=(2352.484, 1036.052)
[Dev] interact LootPot world=(11.5, 0.0, 52.5) screen=(454.8664, 47.3585)
[Dev] interact @Area3D@76072 world=(29.5, 0.0, 40.5) screen=(1843.367, 207.6872)
[Dev] interact @Area3D@76073 world=(29.5, 0.0, 39.5) screen=(1889.65, 180.9657)
[Dev] interact @Area3D@76074 world=(40.5, 0.0, 29.5) screen=(2861.601, 207.6871)
[Dev] interact @Area3D@76075 world=(41.5, 0.0, 29.5) screen=(2907.884, 234.4085)
[Dev] interact @Area3D@76076 world=(13.5, 0.0, 32.5) screen=(1473.1, -433.6277)
[Dev] interact @Area3D@76077 world=(14.5, 0.0, 31.5) screen=(1565.667, -433.6276)
[Dungeon] beomgul 1층 lv=5 seed=3470036558 gen 64x64 rooms=10 up=(52, 51) down=(7, 7) enemies=41 roster=hwajeok,vampire_bat,spider elites=["방8:파란×3(깊이 0.63)"] named=-
[Save] level 범굴 1층 → user://save_e2e.json (C:/Users/FORYOUCOM/AppData/Roaming/Godot/app_userdata/Joseon Hunters/wt/codex-630-whirl-structure/save_e2e.json)
[Dev] stairs StairsUp dir=-1 world=(52.5, 0.0, 51.5) screen=(640.0, 2714.16)
[Dev] stairs StairsDown dir=1 world=(7.5, 0.0, 7.5) screen=(593.7167, 335.9507)
[Dev] interact LootChest world=(56.5, 0.0, 56.5) screen=(593.7166, 2906.554)
[Dev] interact @Area3D@76365 world=(47.5, 0.0, 34.5) screen=(1195.4, 2078.188)
[Dev] interact LootPot world=(25.5, 0.0, 15.5) screen=(1056.55, 982.6092)
[Dev] interact @Area3D@76366 world=(24.5, 0.0, 16.5) screen=(963.9835, 982.6092)
[Dev] interact @Area3D@76367 world=(24.5, 0.0, 15.5) screen=(1010.267, 955.8877)
[Dev] interact @Area3D@76368 world=(32.5, 0.0, 60.5) screen=(-702.2174, 2372.125)
[Dev] interact @Area3D@76369 world=(7.5, 0.0, 60.5) screen=(-1859.301, 1704.088)
[Dev] interact @Area3D@76370 world=(8.5, 0.0, 61.5) screen=(-1859.301, 1757.531)
[Dev] interact @Area3D@76371 world=(20.5, 0.0, 43.5) screen=(-470.8005, 1597.203)
[Dev] interact @Area3D@76372 world=(56.5, 0.0, 23.5) screen=(2121.067, 2024.746)
[Dev] interact @Area3D@76373 world=(48.5, 0.0, 48.5) screen=(593.7166, 2479.01)
[Dev] interact @Area3D@76374 world=(48.5, 0.0, 49.5) screen=(547.4332, 2505.732)
[Audio] 같은 순간 같은 큐 상한(3) 넘침 — bat_attack ×1 (버림 누계 711)
[Field] jeongnyeongjae seed=3599041059 128x176 props=2820 packs=13 enemies=72 waypoint=(61, 66) roster=hwajeok,vampire_bat,lightning_master | hwajeok,hollin_yeogung_bow,gaekgwi elites=["8:금색×3@구간2", "10:금색×3@구간3"]
[Save] level 정령재 → user://save_e2e.json (C:/Users/FORYOUCOM/AppData/Roaming/Godot/app_userdata/Joseon Hunters/wt/codex-630-whirl-structure/save_e2e.json)
[Dev] stairs Down_cave dir=1 world=(60.5, 0.0, 3.5) screen=(825.1336, 255.7865)
[Dev] stairs Down_mine dir=1 world=(125.5, 0.0, 70.5) screen=(732.5671, 3783.018)
[Dev] interact Waypoint world=(61.5, 0.0, 66.5) screen=(-2044.434, 1917.86)
[Dev] interact LootChest world=(5.5, 0.0, 141.5) screen=(-8107.554, 2425.568)
[Dev] interact @Area3D@77819 world=(26.5, 0.0, 123.5) screen=(-6302.504, 2505.732)
[Dev] interact @Area3D@77820 world=(61.5, 0.0, 88.5) screen=(-3062.668, 2505.732)
[Dev] interact @Area3D@77821 world=(82.5, 0.0, 48.5) screen=(-239.3836, 1998.024)
[Dev] interact LootPot world=(70.5, 0.0, 9.5) screen=(1010.267, 635.2303)
[Dev] interact @Area3D@77822 world=(59.5, 0.0, 82.5) screen=(-2877.535, 2291.96)
[Dev] interact @Area3D@77823 world=(39.5, 0.0, 58.5) screen=(-2692.401, 1116.216)
[Dev] interact @Area3D@77824 world=(32.5, 0.0, 37.5) screen=(-2044.434, 368.0158)
[Dev] interact @Area3D@77825 world=(30.5, 0.0, 123.5) screen=(-6117.37, 2612.618)
[Dev] interact @Area3D@77826 world=(96.5, 0.0, 125.5) screen=(-3155.235, 4429.677)
[Dev] interact @Area3D@77827 world=(89.5, 0.0, 59.5) screen=(-424.517, 2479.01)
[Dev] interact @Area3D@77828 world=(22.5, 0.0, 41.5) screen=(-2692.401, 207.6872)
[Dev] interact @Area3D@77829 world=(56.5, 0.0, 51.5) screen=(-1581.601, 1383.431)
[Dev] interact @Area3D@77830 world=(7.5, 0.0, 142.5) screen=(-8061.271, 2505.732)
[Dev] interact @Area3D@77831 world=(101.5, 0.0, 72.5) screen=(-470.8004, 3147.047)
[Dev] interact @Area3D@77832 world=(77.5, 0.0, 34.5) screen=(177.1666, 1490.317)
E2E beomgul_walk PASS (검사 46)
[Audio] BGM town → town.ogg
[Save] level 못골 마을 → user://save_e2e.json (C:/Users/FORYOUCOM/AppData/Roaming/Godot/app_userdata/Joseon Hunters/wt/codex-630-whirl-structure/save_e2e.json)
[Dev] stairs DungeonEntrance dir=1 world=(0.0, 0.0, -31.0) screen=(2121.067, -492.4143)
[Dev] interact Merchant world=(5.4, 0.0, -2.4) screen=(1047.293, 368.0158)
[Dev] interact Shaman world=(-5.6, 0.0, 0.4) screen=(408.5833, 148.8999)
[Dev] interact Elder world=(2.0, 0.0, -5.6) screen=(1038.037, 191.6542)
[Dev] interact Jumo world=(7.1, 0.0, -1.4) screen=(1079.692, 440.1637)
[Dev] interact StashChest world=(3.3, 0.0, -2.05) screen=(933.8992, 321.2533)
[Dev] interact Waypoint world=(-4.2, 0.0, 2.2) screen=(390.0698, 234.4085)
E2E ▶ mine_walk
[Field] jeongnyeongjae seed=3599041059 128x176 props=2820 packs=13 enemies=72 waypoint=(61, 66) roster=hwajeok,vampire_bat,lightning_master | hwajeok,hollin_yeogung_bow,gaekgwi elites=["8:금색×3@구간2", "10:금색×3@구간3"]
[Audio] BGM dungeon → dungeon_1.ogg
[Save] level 정령재 → user://save_e2e.json (C:/Users/FORYOUCOM/AppData/Roaming/Godot/app_userdata/Joseon Hunters/wt/codex-630-whirl-structure/save_e2e.json)
[Dev] stairs Down_cave dir=1 world=(60.5, 0.0, 3.5) screen=(917.7001, -3057.673)
[Dev] stairs Down_mine dir=1 world=(125.5, 0.0, 70.5) screen=(825.1334, 469.5583)
[Dev] interact Waypoint world=(61.5, 0.0, 66.5) screen=(-1951.868, -1395.6)
[Dev] interact LootChest world=(5.5, 0.0, 141.5) screen=(-8014.987, -887.8924)
[Dev] interact @Area3D@79435 world=(26.5, 0.0, 123.5) screen=(-6209.937, -807.7277)
[Dev] interact @Area3D@79436 world=(61.5, 0.0, 88.5) screen=(-2970.102, -807.7279)
[Dev] interact @Area3D@79437 world=(82.5, 0.0, 48.5) screen=(-146.8171, -1315.435)
[Dev] interact LootPot world=(70.5, 0.0, 9.5) screen=(1102.833, -2678.229)
[Dev] interact @Area3D@79438 world=(59.5, 0.0, 82.5) screen=(-2784.968, -1021.499)
[Dev] interact @Area3D@79439 world=(39.5, 0.0, 58.5) screen=(-2599.834, -2197.243)
[Dev] interact @Area3D@79440 world=(32.5, 0.0, 37.5) screen=(-1951.868, -2945.444)
[Dev] interact @Area3D@79441 world=(30.5, 0.0, 123.5) screen=(-6024.804, -700.8422)
[Dev] interact @Area3D@79442 world=(96.5, 0.0, 125.5) screen=(-3062.668, 1116.217)
[Dev] interact @Area3D@79443 world=(89.5, 0.0, 59.5) screen=(-331.9504, -834.4492)
[Dev] interact @Area3D@79444 world=(22.5, 0.0, 41.5) screen=(-2599.835, -3105.772)
[Dev] interact @Area3D@79445 world=(56.5, 0.0, 51.5) screen=(-1489.035, -1930.029)
[Dev] interact @Area3D@79446 world=(7.5, 0.0, 142.5) screen=(-7968.704, -807.7279)
[Dev] interact @Area3D@79447 world=(101.5, 0.0, 72.5) screen=(-378.2339, -166.413)
[Dev] interact @Area3D@79448 world=(77.5, 0.0, 34.5) screen=(269.733, -1823.143)
[Dev] removed 72 enemies
[Click] world=(125.5, 0.0, 70.5) cell=(125, 70)
[Dungeon] soeburi 1층 lv=7 seed=2076465379 gen 64x64 rooms=6 up=(10, 55) down=(55, 10) enemies=20 roster=plague_miner,cave_bat,soemeogi elites=["방4:금색×3(깊이 0.50)"] named=-
[Save] level 쇠부리 폐광 1층 → user://save_e2e.json (C:/Users/FORYOUCOM/AppData/Roaming/Godot/app_userdata/Joseon Hunters/wt/codex-630-whirl-structure/save_e2e.json)
[Dev] stairs StairsUp dir=-1 world=(10.5, 0.0, 55.5) screen=(593.7165, 335.9509)
[Dev] stairs StairsDown dir=1 world=(55.5, 0.0, 10.5) screen=(4759.218, 335.9509)
[Dev] interact LootChest world=(42.5, 0.0, 31.5) screen=(3185.584, 501.6231)
[Dev] interact @Area3D@79640 world=(59.5, 0.0, 15.5) screen=(4712.935, 528.3446)
[Dev] interact @Area3D@79641 world=(49.5, 0.0, 19.5) screen=(4064.968, 368.0158)
[Dev] interact LootPot world=(22.5, 0.0, 36.5) screen=(2028.5, 100.8014)
[Dev] interact @Area3D@79642 world=(22.5, 0.0, 37.5) screen=(1982.217, 127.5229)
[Dev] interact @Area3D@79643 world=(60.5, 0.0, 7.5) screen=(5129.485, 341.2944)
[Dev] interact @Area3D@79644 world=(59.5, 0.0, 6.5) screen=(5129.485, 287.8515)
[Dev] interact @Area3D@79645 world=(38.5, 0.0, 23.5) screen=(3370.718, 180.9658)
[Dev] interact @Area3D@79646 world=(39.5, 0.0, 23.5) screen=(3417.001, 207.6872)
[Dev] interact @Area3D@79647 world=(37.5, 0.0, 23.5) screen=(3324.434, 154.2443)
  · 1층 64x64 · 적 20 · 명단 ["plague_miner", "cave_bat", "soemeogi"] · 장식 { "Crate": 2, "Woodpile": 2, "SlagHeap": 1, "Slag": 34, "RuinStone": 17, "Bones": 9, "Timber": 20, "Chain": 3, "ChainFloor": 3, "Rail": 27, "OreCart": 1 } · 정예 자리 1 · 네임드 (-1, -1)
[Dungeon] soeburi 2층 lv=8 seed=212727641 gen 64x64 rooms=8 up=(15, 24) down=(52, 52) enemies=27 roster=plague_miner,soemeogi,yacha,nachalnyeo elites=["방2:파란×3(깊이 0.50)", "방3:금색×3(깊이 0.33)"] named=방4 (50, 21)
[Save] level 쇠부리 폐광 2층 → user://save_e2e.json (C:/Users/FORYOUCOM/AppData/Roaming/Godot/app_userdata/Joseon Hunters/wt/codex-630-whirl-structure/save_e2e.json)
[Dev] stairs StairsUp dir=-1 world=(15.5, 0.0, 24.5) screen=(593.7167, 335.9507)
[Dev] stairs StairsDown dir=1 world=(52.5, 0.0, 52.5) screen=(1010.267, 2072.845)
[Dev] interact LootChest world=(2.5, 0.0, 46.5) screen=(-1026.201, 528.3445)
[Dev] interact @Area3D@79892 world=(55.5, 0.0, 47.5) screen=(1380.534, 1971.303)
[Dev] interact @Area3D@79893 world=(36.5, 0.0, 23.5) screen=(1611.95, 822.2805)
[Dev] interact LootPot world=(54.5, 0.0, 17.5) screen=(2722.751, 1142.938)
[Dev] interact @Area3D@79894 world=(55.5, 0.0, 18.5) screen=(2722.751, 1196.381)
[Dev] interact @Area3D@79895 world=(54.5, 0.0, 18.5) screen=(2676.468, 1169.659)
[Dev] interact @Area3D@79896 world=(17.5, 0.0, 48.5) screen=(-424.5173, 982.6092)
[Dev] interact @Area3D@79897 world=(18.5, 0.0, 48.5) screen=(-378.2339, 1009.331)
[Dev] interact @Area3D@79898 world=(12.5, 0.0, 19.5) screen=(686.2833, 74.0798)
  · 2층 64x64 · 적 26 · 명단 ["plague_miner", "soemeogi", "yacha", "nachalnyeo"] · 장식 { "Woodpile": 1, "Crate": 2, "SlagHeap": 1, "Slag": 38, "RuinStone": 18, "Bones": 8, "Timber": 27, "Chain": 2, "ChainFloor": 2, "Rail": 47, "OreCart": 1 } · 정예 자리 2 · 네임드 (50, 21)
[Dev] item 화염부 world=(23.5, 0.0, 10.5) screen=(1627.469, 147.9663)
[Dungeon] soeburi 3층 lv=9 seed=100493242 preset 32x30 rooms=2 up=(26, 24) down=(-1, -1) enemies=2 roster=soemeogi elites=[] named=-
[Audio] BGM boss → boss.ogg
[Save] level 쇠부리 폐광 3층 → user://save_e2e.json (C:/Users/FORYOUCOM/AppData/Roaming/Godot/app_userdata/Joseon Hunters/wt/codex-630-whirl-structure/save_e2e.json)
[Dev] stairs StairsUp dir=-1 world=(26.5, 0.0, 24.5) screen=(593.7167, 335.9507)
[Dev] interact FloorItem world=(23.5, 0.0, 10.5) screen=(1102.833, -166.4132)
  · 3층 32x30 · 적 2 · 명단 ["soemeogi"] · 장식 { "Slag": 27, "RuinStone": 6, "Bones": 2, "Timber": 7, "Chain": 7, "ChainFloor": 10, "Rail": 13, "OreCart": 1 } · 정예 자리 0 · 네임드 (-1, -1)
[Kill] +2912 xp (lv 11, 58/730)
[LevelUp] lv=11 stat_pts=50 skill_pts=10
[Dev] item 탕약 — 십전대보탕 world=(9.5, 0.0, 4.604293) screen=(743.2574, -677.615)
[Dev] item 탕약 — 쌍화탕 world=(9.5, 0.0, 4.604293) screen=(743.2574, -677.615)
[Dev] item 탕약 — 십전대보탕 world=(9.5, 0.0, 4.604293) screen=(743.2574, -677.615)
[Dev] item 귀환부 world=(9.5, 0.0, 4.604293) screen=(743.2574, -677.615)
[Dev] item 온전한 흑옥 world=(9.5, 0.0, 4.604293) screen=(743.2574, -677.615)
[Dev] item 흠 있는 흑옥 world=(9.5, 0.0, 4.604293) screen=(743.2574, -677.615)
[Dev] item 불가살이의 쇠비늘 world=(9.5, 0.0, 4.604293) screen=(743.2574, -677.615)
[Dev] item 불가살이의 쇠비늘 world=(9.5, 0.0, 4.604293) screen=(743.2574, -677.615)
[Dev] item 소멸 world=(9.5, 0.0, 4.604293) screen=(743.2574, -677.615)
[Dev] item 미식별 지갑 world=(9.5, 0.0, 4.604293) screen=(743.2574, -677.615)
[Dev] item 미식별 피주 world=(9.5, 0.0, 4.604293) screen=(743.2574, -677.615)
[Dev] item 미식별 장검 world=(9.5, 0.0, 4.604293) screen=(743.2574, -677.615)
[Loot] 보스 전용 유니크 — boss_bulgasari 첫 처치 → u_soe_eater (회차 1)
[Dev] item 불가살이의 사슬 조각 world=(9.5, 0.0, 4.604293) screen=(743.2574, -677.615)
[Dev] item 엽전 world=(9.5, 0.0, 4.604293) screen=(743.2574, -677.615)
[Save] boss → user://save_e2e.json (C:/Users/FORYOUCOM/AppData/Roaming/Godot/app_userdata/Joseon Hunters/wt/codex-630-whirl-structure/save_e2e.json)
[Boss] killed area=soeburi level=9 flags={ "opening_pending": false, "story": { "entered/motgol": true, "entered/jeongnyeongjae": true, "entered/soeburi": true }, "seal:boss_bulgasari": 1, "quest": { "soeburi_seal": { "state": "killed" } }, "boss_killed_soeburi": true }
[Dungeon] soeburi 2층 lv=8 seed=212727641 gen 64x64 rooms=8 up=(15, 24) down=(52, 52) enemies=27 roster=plague_miner,soemeogi,yacha,nachalnyeo elites=["방2:파란×3(깊이 0.50)", "방3:금색×3(깊이 0.33)"] named=방4 (50, 21)
[Audio] BGM dungeon → dungeon_4.ogg
[Save] level 쇠부리 폐광 2층 → user://save_e2e.json (C:/Users/FORYOUCOM/AppData/Roaming/Godot/app_userdata/Joseon Hunters/wt/codex-630-whirl-structure/save_e2e.json)
[Dev] stairs StairsUp dir=-1 world=(15.5, 0.0, 24.5) screen=(177.1665, -1400.943)
[Dev] stairs StairsDown dir=1 world=(52.5, 0.0, 52.5) screen=(593.7166, 335.951)
[Dev] interact LootChest world=(2.5, 0.0, 46.5) screen=(-1442.751, -1208.55)
[Dev] interact @Area3D@80235 world=(55.5, 0.0, 47.5) screen=(963.9835, 234.4087)
[Dev] interact @Area3D@80236 world=(36.5, 0.0, 23.5) screen=(1195.4, -914.6136)
[Dev] interact LootPot world=(54.5, 0.0, 17.5) screen=(2306.201, -593.9562)
[Dev] interact @Area3D@80237 world=(55.5, 0.0, 18.5) screen=(2306.201, -540.5134)
[Dev] interact @Area3D@80238 world=(54.5, 0.0, 18.5) screen=(2259.917, -567.2349)
[Dev] interact @Area3D@80239 world=(17.5, 0.0, 48.5) screen=(-841.0674, -754.285)
[Dev] interact @Area3D@80240 world=(18.5, 0.0, 48.5) screen=(-794.7842, -727.5635)
[Dev] interact @Area3D@80241 world=(12.5, 0.0, 19.5) screen=(269.7333, -1662.814)
[Dungeon] soeburi 1층 lv=7 seed=2076465379 gen 64x64 rooms=6 up=(10, 55) down=(55, 10) enemies=20 roster=plague_miner,cave_bat,soemeogi elites=["방4:금색×3(깊이 0.50)"] named=-
[Save] level 쇠부리 폐광 1층 → user://save_e2e.json (C:/Users/FORYOUCOM/AppData/Roaming/Godot/app_userdata/Joseon Hunters/wt/codex-630-whirl-structure/save_e2e.json)
[Dev] stairs StairsUp dir=-1 world=(10.5, 0.0, 55.5) screen=(-3571.785, 335.9509)
[Dev] stairs StairsDown dir=1 world=(55.5, 0.0, 10.5) screen=(593.7168, 335.9508)
[Dev] interact LootChest world=(42.5, 0.0, 31.5) screen=(-979.9173, 501.6231)
[Dev] interact @Area3D@80434 world=(59.5, 0.0, 15.5) screen=(547.4335, 528.3445)
[Dev] interact @Area3D@80435 world=(49.5, 0.0, 19.5) screen=(-100.5336, 368.0159)
[Dev] interact LootPot world=(22.5, 0.0, 36.5) screen=(-2137.001, 100.8013)
[Dev] interact @Area3D@80436 world=(22.5, 0.0, 37.5) screen=(-2183.285, 127.5228)
[Dev] interact @Area3D@80437 world=(60.5, 0.0, 7.5) screen=(963.9837, 341.2944)
[Dev] interact @Area3D@80438 world=(59.5, 0.0, 6.5) screen=(963.9836, 287.8515)
[Dev] interact @Area3D@80439 world=(38.5, 0.0, 23.5) screen=(-794.7838, 180.9657)
[Dev] interact @Area3D@80440 world=(39.5, 0.0, 23.5) screen=(-748.5005, 207.6872)
[Dev] interact @Area3D@80441 world=(37.5, 0.0, 23.5) screen=(-841.0672, 154.2443)
[Audio] 같은 순간 같은 큐 상한(3) 넘침 — bat_attack ×2 (버림 누계 713)
[Audio] 같은 순간 같은 큐 상한(3) 넘침 — bat_attack ×1 (버림 누계 714)
[Field] jeongnyeongjae seed=3599041059 128x176 props=2820 packs=13 enemies=72 waypoint=(61, 66) roster=hwajeok,vampire_bat,lightning_master | hwajeok,hollin_yeogung_bow,gaekgwi elites=["8:금색×3@구간2", "10:금색×3@구간3"]
[Save] level 정령재 → user://save_e2e.json (C:/Users/FORYOUCOM/AppData/Roaming/Godot/app_userdata/Joseon Hunters/wt/codex-630-whirl-structure/save_e2e.json)
[Dev] stairs Down_cave dir=1 world=(60.5, 0.0, 3.5) screen=(917.7001, -3057.673)
[Dev] stairs Down_mine dir=1 world=(125.5, 0.0, 70.5) screen=(825.1334, 469.5583)
[Dev] interact Waypoint world=(61.5, 0.0, 66.5) screen=(-1951.868, -1395.6)
[Dev] interact LootChest world=(5.5, 0.0, 141.5) screen=(-8014.987, -887.8924)
[Dev] interact @Area3D@81888 world=(26.5, 0.0, 123.5) screen=(-6209.937, -807.7277)
[Dev] interact @Area3D@81889 world=(61.5, 0.0, 88.5) screen=(-2970.102, -807.7279)
[Dev] interact @Area3D@81890 world=(82.5, 0.0, 48.5) screen=(-146.8171, -1315.435)
[Dev] interact LootPot world=(70.5, 0.0, 9.5) screen=(1102.833, -2678.229)
[Dev] interact @Area3D@81891 world=(59.5, 0.0, 82.5) screen=(-2784.968, -1021.499)
[Dev] interact @Area3D@81892 world=(39.5, 0.0, 58.5) screen=(-2599.834, -2197.243)
[Dev] interact @Area3D@81893 world=(32.5, 0.0, 37.5) screen=(-1951.868, -2945.444)
[Dev] interact @Area3D@81894 world=(30.5, 0.0, 123.5) screen=(-6024.804, -700.8422)
[Dev] interact @Area3D@81895 world=(96.5, 0.0, 125.5) screen=(-3062.668, 1116.217)
[Dev] interact @Area3D@81896 world=(89.5, 0.0, 59.5) screen=(-331.9504, -834.4492)
[Dev] interact @Area3D@81897 world=(22.5, 0.0, 41.5) screen=(-2599.835, -3105.772)
[Dev] interact @Area3D@81898 world=(56.5, 0.0, 51.5) screen=(-1489.035, -1930.029)
[Dev] interact @Area3D@81899 world=(7.5, 0.0, 142.5) screen=(-7968.704, -807.7279)
[Dev] interact @Area3D@81900 world=(101.5, 0.0, 72.5) screen=(-378.2339, -166.413)
[Dev] interact @Area3D@81901 world=(77.5, 0.0, 34.5) screen=(269.733, -1823.143)
E2E mine_walk PASS (검사 66)
[Audio] BGM town → town.ogg
[Save] level 못골 마을 → user://save_e2e.json (C:/Users/FORYOUCOM/AppData/Roaming/Godot/app_userdata/Joseon Hunters/wt/codex-630-whirl-structure/save_e2e.json)
[Dev] stairs DungeonEntrance dir=1 world=(0.0, 0.0, -31.0) screen=(2121.067, -492.4143)
[Dev] interact Merchant world=(5.4, 0.0, -2.4) screen=(1047.293, 368.0158)
[Dev] interact Shaman world=(-5.6, 0.0, 0.4) screen=(408.5833, 148.8999)
[Dev] interact Elder world=(2.0, 0.0, -5.6) screen=(1038.037, 191.6542)
[Dev] interact Jumo world=(7.1, 0.0, -1.4) screen=(1079.692, 440.1637)
[Dev] interact StashChest world=(3.3, 0.0, -2.05) screen=(933.8992, 321.2533)
[Dev] interact Waypoint world=(-4.2, 0.0, 2.2) screen=(390.0698, 234.4085)
E2E ▶ bongmil_walk
[Save] level 못골 마을 → user://save_e2e.json (C:/Users/FORYOUCOM/AppData/Roaming/Godot/app_userdata/Joseon Hunters/wt/codex-630-whirl-structure/save_e2e.json)
[Dev] stairs DungeonEntrance dir=1 world=(0.0, 0.0, -31.0) screen=(751.08, 298.5407)
[Dev] interact Merchant world=(5.4, 0.0, -2.4) screen=(-322.6938, 1158.971)
[Dev] interact Shaman world=(-5.6, 0.0, 0.4) screen=(-961.4041, 939.8548)
[Dev] interact Elder world=(2.0, 0.0, -5.6) screen=(-331.9505, 982.6092)
[Dev] interact Jumo world=(7.1, 0.0, -1.4) screen=(-290.2955, 1231.119)
[Dev] interact StashChest world=(3.3, 0.0, -2.05) screen=(-436.0881, 1112.208)
[Dev] interact Waypoint world=(-4.2, 0.0, 2.2) screen=(-979.9176, 1025.363)
[SealGate] 첫 접근 혼잣말 — …이 빛, 낯이 익은데.
[Click] world=(-0.000002, 0.0, -31.0) cell=(-1, -31)
  · 첫 접근 혼잣말 — 닿음까지 0.50초 (줄 2.6초 · 미룸 2.70초)
[Save] level 못골 마을 → user://save_e2e.json (C:/Users/FORYOUCOM/AppData/Roaming/Godot/app_userdata/Joseon Hunters/wt/codex-630-whirl-structure/save_e2e.json)
[Dev] stairs DungeonEntrance dir=1 world=(0.0, 0.0, -31.0) screen=(751.08, 298.5407)
[Dev] interact Merchant world=(5.4, 0.0, -2.4) screen=(-322.6938, 1158.971)
[Dev] interact Shaman world=(-5.6, 0.0, 0.4) screen=(-961.4041, 939.8548)
[Dev] interact Elder world=(2.0, 0.0, -5.6) screen=(-331.9505, 982.6092)
[Dev] interact Jumo world=(7.1, 0.0, -1.4) screen=(-290.2955, 1231.119)
[Dev] interact StashChest world=(3.3, 0.0, -2.05) screen=(-436.0881, 1112.208)
[Dev] interact Waypoint world=(-4.2, 0.0, 2.2) screen=(-979.9176, 1025.363)
[Click] world=(-0.000002, 0.0, -31.0) cell=(-1, -31)
[Click] world=(0.0, 0.000002, -31.0) cell=(0, -31)
[Click] world=(0.0, 0.000002, -31.0) cell=(0, -31)
[SealGate] bongmil_gul 열림 — 회차 1 · 댄 조각 ["seal_heukrang", "seal_jangsanbeom", "seal_bulgasari"]
[Click] world=(0.0, 0.000002, -31.0) cell=(0, -31)
[Seal] bongmil_gul 1층 봉인석 3/3 남음 [(26, 29), (33, 39), (30, 55)]
[Dungeon] bongmil_gul 1층 lv=10 seed=696739425 gen 72x72 rooms=11 up=(36, 11) down=(48, 59) enemies=46 roster=honbureum_sulsa,hollin_yeogung_bow2,hollin_yeogung_spear,yeou elites=["방7:금색×5(깊이 0.89)", "방4:파란×4(깊이 0.33)"] named=-
[Audio] BGM dungeon → dungeon_3.ogg
[Save] level 봉밀굴 초굴 → user://save_e2e.json (C:/Users/FORYOUCOM/AppData/Roaming/Godot/app_userdata/Joseon Hunters/wt/codex-630-whirl-structure/save_e2e.json)
[Dev] stairs StairsUp dir=-1 world=(36.5, 0.0, 11.5) screen=(593.7167, 335.9507)
[Dev] stairs StairsDown dir=1 world=(48.5, 0.0, 59.5) screen=(-1072.484, 1939.238)
[Dev] interact SealStone_0 world=(26.5, 0.0, 29.5) screen=(-702.2173, 501.623)
[Dev] interact SealStone_1 world=(33.5, 0.0, 39.5) screen=(-841.0674, 955.8877)
[Dev] interact SealStone_2 world=(30.5, 0.0, 55.5) screen=(-1720.451, 1303.267)
[Dev] interact LootChest world=(29.5, 0.0, 23.5) screen=(-285.6672, 421.4587)
[Dev] interact @Area3D@82763 world=(34.5, 0.0, 35.5) screen=(-609.6506, 875.7233)
[Dev] interact @Area3D@82764 world=(6.5, 0.0, 51.5) screen=(-2646.118, 555.0659)
[Dev] interact LootPot world=(5.5, 0.0, 49.5) screen=(-2599.835, 474.9016)
[Dev] interact @Area3D@82765 world=(6.5, 0.0, 50.5) screen=(-2599.835, 528.3444)
[Dev] interact @Area3D@82766 world=(56.5, 0.0, 9.5) screen=(1611.951, 768.8375)
[Dev] interact @Area3D@82767 world=(34.5, 0.0, 33.5) screen=(-517.084, 822.2805)
[Dev] interact @Area3D@82768 world=(3.5, 0.0, 21.5) screen=(-1396.468, -326.7419)
[Dev] interact @Area3D@82769 world=(4.5, 0.0, 20.5) screen=(-1303.901, -326.742)
[Dev] interact @Area3D@82770 world=(5.5, 0.0, 20.5) screen=(-1257.618, -300.0205)
[Dev] interact @Area3D@82771 world=(42.5, 0.0, 54.5) screen=(-1118.768, 1597.202)
[Dev] interact @Area3D@82772 world=(51.5, 0.0, 51.5) screen=(-563.3672, 1757.531)
  · 1층 72x72 · 적 46 · 명단 ["honbureum_sulsa", "hollin_yeogung_bow2", "hollin_yeogung_spear", "yeou"] · 장식 { "Stele": 9, "SteleFallen": 8, "PaperBits": 47, "Bones": 15, "RuinStone": 54, "RopeIntact": 19 } · 정예 자리 2 · 네임드 (-1, -1) · 봉인석 [(26, 29), (33, 39), (30, 55)] · 고리 [(0, 2), (2, 5), (1, 9)]
[Dev] removed 46 enemies
[Click] world=(48.5, 0.0, 59.5) cell=(48, 59)
[Click] world=(26.5, 0.0, 29.5) cell=(26, 29)
[Dev] item 비결서 쪽 world=(26.5, 0.0, 29.5) screen=(740.8469, 302.1791)
[Seal] bongmil_gul 1층 봉인석 2/3 남음 [(26, 29), (33, 39), (30, 55)]
[Seal] bongmil_gul 1층 봉인석 1/3 남음 [(26, 29), (33, 39), (30, 55)]
[Seal] bongmil_gul 1층 봉인석 0/3 남음 [(26, 29), (33, 39), (30, 55)]
[Seal] bongmil_gul 1층 봉인석 0/3 남음 [(26, 29), (33, 39), (30, 55)]
[Dungeon] bongmil_gul 1층 lv=10 seed=696739425 gen 72x72 rooms=11 up=(36, 11) down=(48, 59) enemies=46 roster=honbureum_sulsa,hollin_yeogung_bow2,hollin_yeogung_spear,yeou elites=["방7:금색×5(깊이 0.89)", "방4:파란×4(깊이 0.33)"] named=-
[Save] level 봉밀굴 초굴 → user://save_e2e.json (C:/Users/FORYOUCOM/AppData/Roaming/Godot/app_userdata/Joseon Hunters/wt/codex-630-whirl-structure/save_e2e.json)
[Dev] stairs StairsUp dir=-1 world=(36.5, 0.0, 11.5) screen=(593.7167, 335.9507)
[Dev] stairs StairsDown dir=1 world=(48.5, 0.0, 59.5) screen=(-1072.484, 1939.238)
[Dev] interact SealStone_0 world=(26.5, 0.0, 29.5) screen=(-702.2173, 501.623)
[Dev] interact SealStone_1 world=(33.5, 0.0, 39.5) screen=(-841.0674, 955.8877)
[Dev] interact SealStone_2 world=(30.5, 0.0, 55.5) screen=(-1720.451, 1303.267)
[Dev] interact LootChest world=(29.5, 0.0, 23.5) screen=(-285.6672, 421.4587)
[Dev] interact @Area3D@83157 world=(34.5, 0.0, 35.5) screen=(-609.6506, 875.7233)
[Dev] interact @Area3D@83158 world=(6.5, 0.0, 51.5) screen=(-2646.118, 555.0659)
[Dev] interact LootPot world=(5.5, 0.0, 49.5) screen=(-2599.835, 474.9016)
[Dev] interact @Area3D@83159 world=(6.5, 0.0, 50.5) screen=(-2599.835, 528.3444)
[Dev] interact @Area3D@83160 world=(56.5, 0.0, 9.5) screen=(1611.951, 768.8375)
[Dev] interact @Area3D@83161 world=(34.5, 0.0, 33.5) screen=(-517.084, 822.2805)
[Dev] interact @Area3D@83162 world=(3.5, 0.0, 21.5) screen=(-1396.468, -326.7419)
[Dev] interact @Area3D@83163 world=(4.5, 0.0, 20.5) screen=(-1303.901, -326.742)
[Dev] interact @Area3D@83164 world=(5.5, 0.0, 20.5) screen=(-1257.618, -300.0205)
[Dev] interact @Area3D@83165 world=(42.5, 0.0, 54.5) screen=(-1118.768, 1597.202)
[Dev] interact @Area3D@83166 world=(51.5, 0.0, 51.5) screen=(-563.3672, 1757.531)
[Dev] removed 46 enemies
[Click] world=(48.5, 0.0, 59.5) cell=(48, 59)
[Seal] bongmil_gul 2층 봉인석 3/3 남음 [(23, 20), (31, 12), (45, 7)]
[Dungeon] bongmil_gul 2층 lv=11 seed=2770941237 gen 72x72 rooms=9 up=(18, 45) down=(57, 46) enemies=35 roster=honbureum_sulsa,hollin_yeogung_bow2,hollin_yeogung_spear,yeou elites=["방2:파란×3(깊이 0.29)", "방6:금색×5(깊이 0.43)"] named=-
[Save] level 봉밀굴 중굴 → user://save_e2e.json (C:/Users/FORYOUCOM/AppData/Roaming/Godot/app_userdata/Joseon Hunters/wt/codex-630-whirl-structure/save_e2e.json)
[Dev] stairs StairsUp dir=-1 world=(18.5, 0.0, 45.5) screen=(593.7167, 335.9507)
[Dev] stairs StairsDown dir=1 world=(57.5, 0.0, 46.5) screen=(2352.484, 1404.809)
[Dev] interact Waypoint world=(33.5, 0.0, 36.5) screen=(1704.517, 448.1801)
[Dev] interact SealStone_0 world=(23.5, 0.0, 20.5) screen=(1982.217, -246.5777)
[Dev] interact SealStone_1 world=(31.5, 0.0, 12.5) screen=(2722.751, -246.5776)
[Dev] interact SealStone_2 world=(45.5, 0.0, 7.5) screen=(3602.135, -6.08458)
[Dev] interact LootChest world=(18.5, 0.0, 19.5) screen=(1797.084, -406.9063)
[Dev] interact @Area3D@83481 world=(11.5, 0.0, 32.5) screen=(871.4167, -246.5776)
[Dev] interact @Area3D@83482 world=(54.5, 0.0, 40.5) screen=(2491.334, 1116.216)
[Dev] interact LootPot world=(58.5, 0.0, 52.5) screen=(2121.067, 1543.76)
[Dev] interact @Area3D@83483 world=(59.5, 0.0, 27.5) screen=(3324.435, 902.4448)
[Dev] interact @Area3D@83484 world=(58.5, 0.0, 27.5) screen=(3278.152, 875.7233)
[Dev] interact @Area3D@83485 world=(10.5, 0.0, 32.5) screen=(825.1335, -273.2991)
[Dev] interact @Area3D@83486 world=(9.5, 0.0, 31.5) screen=(825.1334, -326.742)
[Dev] interact @Area3D@83487 world=(10.5, 0.0, 31.5) screen=(871.4167, -300.0205)
[Dev] interact @Area3D@83488 world=(32.5, 0.0, 39.5) screen=(1519.384, 501.623)
[Dev] interact @Area3D@83489 world=(20.5, 0.0, 65.5) screen=(-239.3838, 875.7233)
[Dev] interact @Area3D@83490 world=(19.5, 0.0, 64.5) screen=(-239.3838, 822.2805)
[Dev] interact @Area3D@83491 world=(19.5, 0.0, 63.5) screen=(-193.1004, 795.559)
  · 2층 72x72 · 적 35 · 명단 ["honbureum_sulsa", "hollin_yeogung_bow2", "hollin_yeogung_spear", "yeou"] · 장식 { "Stele": 3, "SteleFallen": 4, "PaperBits": 42, "Bones": 16, "RuinStone": 29, "RopeIntact": 11 } · 정예 자리 2 · 네임드 (-1, -1) · 봉인석 [(23, 20), (31, 12), (45, 7)] · 고리 [(4, 6), (3, 4), (0, 2), (4, 8)]
[Dev] removed 35 enemies
[Seal] bongmil_gul 3층 봉인석 3/3 남음 [(22, 44), (59, 11), (63, 39)]
[Dungeon] bongmil_gul 3층 lv=12 seed=2306257040 gen 72x72 rooms=9 up=(21, 18) down=(57, 55) enemies=34 roster=hollin_yeogung_bow2,hollin_yeogung_spear,yeou,wang_geomi elites=["방6:파란×4(깊이 0.86)", "방5:파란×4(깊이 0.29)"] named=방1 (6, 61)
[Save] level 봉밀굴 심굴 → user://save_e2e.json (C:/Users/FORYOUCOM/AppData/Roaming/Godot/app_userdata/Joseon Hunters/wt/codex-630-whirl-structure/save_e2e.json)
[Dev] stairs StairsUp dir=-1 world=(21.5, 0.0, 18.5) screen=(593.7167, 335.9507)
[Dev] stairs StairsDown dir=1 world=(57.5, 0.0, 55.5) screen=(547.4333, 2286.616)
[Dev] interact SealStone_0 world=(22.5, 0.0, 44.5) screen=(-563.3672, 1009.331)
[Dev] interact SealStone_1 world=(59.5, 0.0, 11.5) screen=(2676.468, 1116.216)
[Dev] interact SealStone_2 world=(63.5, 0.0, 39.5) screen=(1565.667, 1971.303)
[Dev] interact LootChest world=(25.5, 0.0, 39.5) screen=(-193.1004, 955.8877)
[Dev] interact @Area3D@83809 world=(26.5, 0.0, 11.5) screen=(1149.117, 234.4085)
[Dev] interact @Area3D@83810 world=(9.5, 0.0, 67.5) screen=(-2229.568, 1276.545)
[Dev] interact LootPot world=(13.5, 0.0, 31.5) screen=(-378.2338, 421.4586)
[Dev] interact @Area3D@83811 world=(13.5, 0.0, 32.5) screen=(-424.5172, 448.1801)
[Dev] interact @Area3D@83812 world=(14.5, 0.0, 30.5) screen=(-285.6672, 421.4587)
[Dev] interact @Area3D@83813 world=(63.5, 0.0, 45.5) screen=(1287.967, 2131.632)
[Dev] interact @Area3D@83814 world=(63.5, 0.0, 44.5) screen=(1334.25, 2104.91)
[Dev] interact @Area3D@83815 world=(64.5, 0.0, 44.5) screen=(1380.534, 2131.631)
  · 3층 72x72 · 적 33 · 명단 ["hollin_yeogung_bow2", "hollin_yeogung_spear", "yeou", "wang_geomi"] · 장식 { "Stele": 6, "SteleFallen": 2, "PaperBits": 38, "Bones": 16, "RuinStone": 40, "RopeIntact": 11 } · 정예 자리 2 · 네임드 (6, 61) · 봉인석 [(22, 44), (59, 11), (63, 39)] · 고리 [(7, 8), (3, 8), (2, 6)]
[Dev] removed 34 enemies
[Dungeon] bongmil_gul 4층 lv=12 seed=3811254728 preset 32x30 rooms=2 up=(26, 23) down=(-1, -1) enemies=3 roster=yeou,yeoubul elites=[] named=-
[Audio] BGM kumiho → kumiho.ogg
[Save] level 봉밀굴 구미원 → user://save_e2e.json (C:/Users/FORYOUCOM/AppData/Roaming/Godot/app_userdata/Joseon Hunters/wt/codex-630-whirl-structure/save_e2e.json)
[Dev] stairs StairsUp dir=-1 world=(26.5, 0.0, 23.5) screen=(593.7167, 335.9507)
  · 4층 32x30 · 적 3 · 명단 ["yeou", "yeoubul"] · 장식 { "PaperBits": 8, "Bones": 6, "RuinStone": 11, "RopeIntact": 2 } · 정예 자리 0 · 네임드 (-1, -1) · 봉인석 [] · 고리 []
[Kill] +3840 xp (lv 12, 256/831)
[LevelUp] lv=12 stat_pts=55 skill_pts=11
[Dev] item 탕약 — 쌍화탕 world=(11.5, 0.0, 7.576002) screen=(636.4824, -520.386)
[Dev] item 영약 — 총명탕 world=(11.5, 0.0, 7.576002) screen=(636.4824, -520.386)
[Dev] item 영약 — 총명탕 world=(11.5, 0.0, 7.576002) screen=(636.4824, -520.386)
[Dev] item 귀환부 world=(11.5, 0.0, 7.576002) screen=(636.4824, -520.386)
[Dev] item 영롱한 흑옥 world=(11.5, 0.0, 7.576002) screen=(636.4824, -520.386)
[Dev] item 흠 있는 백옥 world=(11.5, 0.0, 7.576002) screen=(636.4824, -520.386)
[Dev] item 구미호 꼬리털 world=(11.5, 0.0, 7.576002) screen=(636.4824, -520.386)
[Dev] item 구미호 꼬리털 world=(11.5, 0.0, 7.576002) screen=(636.4824, -520.386)
[Dev] item 형통 world=(11.5, 0.0, 7.576002) screen=(636.4824, -520.386)
[Dev] item 미식별 두정갑 world=(11.5, 0.0, 7.576002) screen=(636.4824, -520.386)
[Dev] item 미식별 전대 world=(11.5, 0.0, 7.576002) screen=(636.4824, -520.386)
[Dev] item 미식별 야광주 world=(11.5, 0.0, 7.576002) screen=(636.4824, -520.386)
[Loot] 보스 전용 유니크 — boss_gumiho 첫 처치 → u_fox_bead (회차 1)
[Dev] item 엽전 world=(11.5, 0.0, 7.576002) screen=(636.4824, -520.386)
[Save] boss → user://save_e2e.json (C:/Users/FORYOUCOM/AppData/Roaming/Godot/app_userdata/Joseon Hunters/wt/codex-630-whirl-structure/save_e2e.json)
[Boss] killed area=bongmil_gul level=12 flags={ "opening_pending": false, "story": { "entered/motgol": true, "gate_first_look": true, "entered/bongmil_gul": true, "jumo_gone": true }, "boss_killed_heukrang_gul": true, "boss_killed_beomgul": true, "boss_killed_soeburi": true, "seal_gate": 1, "sealstone:bongmil_gul:1:0": 1, "bigyeol_page:bongmil_gul:1": 1, "sealstone:bongmil_gul:1:1": 1, "sealstone:bongmil_gul:1:2": 1, "quest": { "bongmil_gate": { "state": "killed" } }, "boss_killed_bongmil_gul": true }
[Seal] bongmil_gul 3층 봉인석 3/3 남음 [(22, 44), (59, 11), (63, 39)]
[Dungeon] bongmil_gul 3층 lv=12 seed=2306257040 gen 72x72 rooms=9 up=(21, 18) down=(57, 55) enemies=34 roster=hollin_yeogung_bow2,hollin_yeogung_spear,yeou,wang_geomi elites=["방6:파란×4(깊이 0.86)", "방5:파란×4(깊이 0.29)"] named=방1 (6, 61)
[Audio] BGM dungeon → dungeon_4.ogg
[Save] level 봉밀굴 심굴 → user://save_e2e.json (C:/Users/FORYOUCOM/AppData/Roaming/Godot/app_userdata/Joseon Hunters/wt/codex-630-whirl-structure/save_e2e.json)
[Dev] stairs StairsUp dir=-1 world=(21.5, 0.0, 18.5) screen=(640.0, -1614.715)
[Dev] stairs StairsDown dir=1 world=(57.5, 0.0, 55.5) screen=(593.7166, 335.951)
[Dev] interact SealStone_0 world=(22.5, 0.0, 44.5) screen=(-517.0838, -941.3351)
[Dev] interact SealStone_1 world=(59.5, 0.0, 11.5) screen=(2722.751, -834.4494)
[Dev] interact SealStone_2 world=(63.5, 0.0, 39.5) screen=(1611.95, 20.63713)
[Dev] interact LootChest world=(25.5, 0.0, 39.5) screen=(-146.8171, -994.7781)
[Dev] interact @Area3D@84234 world=(26.5, 0.0, 11.5) screen=(1195.4, -1716.257)
[Dev] interact @Area3D@84235 world=(9.5, 0.0, 67.5) screen=(-2183.285, -674.1207)
[Dev] interact LootPot world=(13.5, 0.0, 31.5) screen=(-331.9506, -1529.207)
[Dev] interact @Area3D@84236 world=(13.5, 0.0, 32.5) screen=(-378.2339, -1502.486)
[Dev] interact @Area3D@84237 world=(14.5, 0.0, 30.5) screen=(-239.3838, -1529.207)
[Dev] interact @Area3D@84238 world=(63.5, 0.0, 45.5) screen=(1334.25, 180.9659)
[Dev] interact @Area3D@84239 world=(63.5, 0.0, 44.5) screen=(1380.534, 154.2444)
[Dev] interact @Area3D@84240 world=(64.5, 0.0, 44.5) screen=(1426.817, 180.9659)
[Seal] bongmil_gul 2층 봉인석 3/3 남음 [(23, 20), (31, 12), (45, 7)]
[Dungeon] bongmil_gul 2층 lv=11 seed=2770941237 gen 72x72 rooms=9 up=(18, 45) down=(57, 46) enemies=35 roster=honbureum_sulsa,hollin_yeogung_bow2,hollin_yeogung_spear,yeou elites=["방2:파란×3(깊이 0.29)", "방6:금색×5(깊이 0.43)"] named=-
[Save] level 봉밀굴 중굴 → user://save_e2e.json (C:/Users/FORYOUCOM/AppData/Roaming/Godot/app_userdata/Joseon Hunters/wt/codex-630-whirl-structure/save_e2e.json)
[Dev] stairs StairsUp dir=-1 world=(18.5, 0.0, 45.5) screen=(-1165.051, -732.9071)
[Dev] stairs StairsDown dir=1 world=(57.5, 0.0, 46.5) screen=(593.7168, 335.9508)
[Dev] interact Waypoint world=(33.5, 0.0, 36.5) screen=(-54.25018, -620.6779)
[Dev] interact SealStone_0 world=(23.5, 0.0, 20.5) screen=(223.4499, -1315.435)
[Dev] interact SealStone_1 world=(31.5, 0.0, 12.5) screen=(963.9836, -1315.435)
[Dev] interact SealStone_2 world=(45.5, 0.0, 7.5) screen=(1843.367, -1074.943)
[Dev] interact LootChest world=(18.5, 0.0, 19.5) screen=(38.31638, -1475.764)
[Dev] interact @Area3D@84556 world=(11.5, 0.0, 32.5) screen=(-887.3505, -1315.436)
[Dev] interact @Area3D@84557 world=(54.5, 0.0, 40.5) screen=(732.5669, 47.35843)
[Dev] interact LootPot world=(58.5, 0.0, 52.5) screen=(362.3001, 474.9017)
[Dev] interact @Area3D@84558 world=(59.5, 0.0, 27.5) screen=(1565.667, -166.4132)
[Dev] interact @Area3D@84559 world=(58.5, 0.0, 27.5) screen=(1519.384, -193.1345)
[Dev] interact @Area3D@84560 world=(10.5, 0.0, 32.5) screen=(-933.6339, -1342.157)
[Dev] interact @Area3D@84561 world=(9.5, 0.0, 31.5) screen=(-933.6339, -1395.6)
[Dev] interact @Area3D@84562 world=(10.5, 0.0, 31.5) screen=(-887.3505, -1368.878)
[Dev] interact @Area3D@84563 world=(32.5, 0.0, 39.5) screen=(-239.3835, -567.2349)
[Dev] interact @Area3D@84564 world=(20.5, 0.0, 65.5) screen=(-1998.151, -193.1346)
[Dev] interact @Area3D@84565 world=(19.5, 0.0, 64.5) screen=(-1998.151, -246.5775)
[Dev] interact @Area3D@84566 world=(19.5, 0.0, 63.5) screen=(-1951.868, -273.299)
[Seal] bongmil_gul 1층 봉인석 0/3 남음 [(26, 29), (33, 39), (30, 55)]
[Dungeon] bongmil_gul 1층 lv=10 seed=696739425 gen 72x72 rooms=11 up=(36, 11) down=(48, 59) enemies=46 roster=honbureum_sulsa,hollin_yeogung_bow2,hollin_yeogung_spear,yeou elites=["방7:금색×5(깊이 0.89)", "방4:파란×4(깊이 0.33)"] named=-
[Save] level 봉밀굴 초굴 → user://save_e2e.json (C:/Users/FORYOUCOM/AppData/Roaming/Godot/app_userdata/Joseon Hunters/wt/codex-630-whirl-structure/save_e2e.json)
[Dev] stairs StairsUp dir=-1 world=(36.5, 0.0, 11.5) screen=(2259.917, -1267.336)
[Dev] stairs StairsDown dir=1 world=(48.5, 0.0, 59.5) screen=(593.7166, 335.951)
[Dev] interact SealStone_0 world=(26.5, 0.0, 29.5) screen=(963.9833, -1101.664)
[Dev] interact SealStone_1 world=(33.5, 0.0, 39.5) screen=(825.1335, -647.3992)
[Dev] interact SealStone_2 world=(30.5, 0.0, 55.5) screen=(-54.25034, -300.0203)
[Dev] interact LootChest world=(29.5, 0.0, 23.5) screen=(1380.534, -1181.828)
[Dev] interact @Area3D@84949 world=(34.5, 0.0, 35.5) screen=(1056.55, -727.5634)
[Dev] interact @Area3D@84950 world=(6.5, 0.0, 51.5) screen=(-979.9175, -1048.221)
[Dev] interact LootPot world=(5.5, 0.0, 49.5) screen=(-933.6342, -1128.385)
[Dev] interact @Area3D@84951 world=(6.5, 0.0, 50.5) screen=(-933.634, -1074.942)
[Dev] interact @Area3D@84952 world=(56.5, 0.0, 9.5) screen=(3278.152, -834.4494)
[Dev] interact @Area3D@84953 world=(34.5, 0.0, 33.5) screen=(1149.117, -781.0064)
[Dev] interact @Area3D@84954 world=(3.5, 0.0, 21.5) screen=(269.7333, -1930.029)
[Dev] interact @Area3D@84955 world=(4.5, 0.0, 20.5) screen=(362.2998, -1930.029)
[Dev] interact @Area3D@84956 world=(5.5, 0.0, 20.5) screen=(408.5833, -1903.307)
[Dev] interact @Area3D@84957 world=(42.5, 0.0, 54.5) screen=(547.4333, -6.084323)
[Dev] interact @Area3D@84958 world=(51.5, 0.0, 51.5) screen=(1102.833, 154.2444)
[Audio] BGM town → town.ogg
[Save] level 못골 마을 → user://save_e2e.json (C:/Users/FORYOUCOM/AppData/Roaming/Godot/app_userdata/Joseon Hunters/wt/codex-630-whirl-structure/save_e2e.json)
[Dev] stairs DungeonEntrance dir=1 world=(0.0, 0.0, -31.0) screen=(751.08, 298.5407)
[Dev] interact Merchant world=(5.4, 0.0, -2.4) screen=(-322.6938, 1158.971)
[Dev] interact Shaman world=(-5.6, 0.0, 0.4) screen=(-961.4041, 939.8548)
[Dev] interact Elder world=(2.0, 0.0, -5.6) screen=(-331.9505, 982.6092)
[Dev] interact Jumo world=(7.1, 0.0, -1.4) screen=(-290.2955, 1231.119)
[Dev] interact StashChest world=(3.3, 0.0, -2.05) screen=(-436.0881, 1112.208)
[Dev] interact Waypoint world=(-4.2, 0.0, 2.2) screen=(-979.9176, 1025.363)
E2E bongmil_walk PASS (검사 110)
[Save] level 못골 마을 → user://save_e2e.json (C:/Users/FORYOUCOM/AppData/Roaming/Godot/app_userdata/Joseon Hunters/wt/codex-630-whirl-structure/save_e2e.json)
[Dev] stairs DungeonEntrance dir=1 world=(0.0, 0.0, -31.0) screen=(2121.067, -492.4143)
[Dev] interact Merchant world=(5.4, 0.0, -2.4) screen=(1047.293, 368.0158)
[Dev] interact Shaman world=(-5.6, 0.0, 0.4) screen=(408.5833, 148.8999)
[Dev] interact Elder world=(2.0, 0.0, -5.6) screen=(1038.037, 191.6542)
[Dev] interact Jumo world=(7.1, 0.0, -1.4) screen=(1079.692, 440.1637)
[Dev] interact StashChest world=(3.3, 0.0, -2.05) screen=(933.8992, 321.2533)
[Dev] interact Waypoint world=(-4.2, 0.0, 2.2) screen=(390.0698, 234.4085)
E2E ▶ room_props
[Dungeon] heukrang_gul 1층 lv=2 seed=403727558 gen 64x64 rooms=6 up=(44, 56) down=(7, 23) enemies=20 roster=bandit,bat,talisman_master elites=["방2:금색×3(깊이 0.50)"] named=-
[Quest] heukrang_gul 1층 — 싹쓸이 셈 시작 20 (heukrang_clear:none)
[Audio] BGM dungeon → dungeon_1.ogg
[Save] level 흑랑 굴 1층 → user://save_e2e.json (C:/Users/FORYOUCOM/AppData/Roaming/Godot/app_userdata/Joseon Hunters/wt/codex-630-whirl-structure/save_e2e.json)
[Dev] stairs StairsUp dir=-1 world=(44.5, 0.0, 56.5) screen=(593.7165, 335.9509)
[Dev] stairs StairsDown dir=1 world=(7.5, 0.0, 23.5) screen=(408.583, -1534.551)
[Dev] interact PusJar world=(29.5, 0.0, 42.5) screen=(547.433, -487.0705)
[Dev] interact @Area3D@85480 world=(14.5, 0.0, 24.5) screen=(686.2831, -1368.878)
[Dev] interact @Area3D@85481 world=(23.5, 0.0, 18.5) screen=(1380.534, -1288.714)
[Dev] interact LootChest world=(29.5, 0.0, 39.5) screen=(686.2831, -567.2349)
[Dev] interact @Area3D@85482 world=(40.5, 0.0, 38.5) screen=(1241.683, -300.0204)
[Dev] interact LootPot world=(17.5, 0.0, 43.5) screen=(-54.25064, -781.0067)
[Dev] interact @Area3D@85483 world=(18.5, 0.0, 44.5) screen=(-54.25041, -727.5637)
[Dev] interact @Area3D@85484 world=(19.5, 0.0, 9.5) screen=(1611.95, -1636.093)
[Dev] interact @Area3D@85485 world=(20.5, 0.0, 9.5) screen=(1658.234, -1609.372)
[Dev] interact @Area3D@85486 world=(43.5, 0.0, 60.5) screen=(362.2997, 368.0159)
[Dev] interact @Area3D@85487 world=(43.5, 0.0, 59.5) screen=(408.583, 341.2944)
[Dev] interact @Area3D@85488 world=(21.5, 0.0, 39.5) screen=(316.0163, -781.0065)
  · 흑랑 굴 1층 소품 9 · 역할 { &"mouth": 6, &"nook": 3 } · 막는 칸 0
[Dungeon] heukrang_gul 1층 lv=2 seed=403727558 gen 64x64 rooms=6 up=(44, 56) down=(7, 23) enemies=20 roster=bandit,bat,talisman_master elites=["방2:금색×3(깊이 0.50)"] named=-
[Quest] heukrang_gul 1층 — 싹쓸이 셈 시작 40 (heukrang_clear:none)
[Save] level 흑랑 굴 1층 → user://save_e2e.json (C:/Users/FORYOUCOM/AppData/Roaming/Godot/app_userdata/Joseon Hunters/wt/codex-630-whirl-structure/save_e2e.json)
[Dev] stairs StairsUp dir=-1 world=(44.5, 0.0, 56.5) screen=(593.7165, 335.9509)
[Dev] stairs StairsDown dir=1 world=(7.5, 0.0, 23.5) screen=(408.583, -1534.551)
[Dev] interact PusJar world=(29.5, 0.0, 42.5) screen=(547.433, -487.0705)
[Dev] interact @Area3D@85692 world=(14.5, 0.0, 24.5) screen=(686.2831, -1368.878)
[Dev] interact @Area3D@85693 world=(23.5, 0.0, 18.5) screen=(1380.534, -1288.714)
[Dev] interact LootChest world=(29.5, 0.0, 39.5) screen=(686.2831, -567.2349)
[Dev] interact @Area3D@85694 world=(40.5, 0.0, 38.5) screen=(1241.683, -300.0204)
[Dev] interact LootPot world=(17.5, 0.0, 43.5) screen=(-54.25064, -781.0067)
[Dev] interact @Area3D@85695 world=(18.5, 0.0, 44.5) screen=(-54.25041, -727.5637)
[Dev] interact @Area3D@85696 world=(19.5, 0.0, 9.5) screen=(1611.95, -1636.093)
[Dev] interact @Area3D@85697 world=(20.5, 0.0, 9.5) screen=(1658.234, -1609.372)
[Dev] interact @Area3D@85698 world=(43.5, 0.0, 60.5) screen=(362.2997, 368.0159)
[Dev] interact @Area3D@85699 world=(43.5, 0.0, 59.5) screen=(408.583, 341.2944)
[Dev] interact @Area3D@85700 world=(21.5, 0.0, 39.5) screen=(316.0163, -781.0065)
[Dev] removed 20 enemies
[Click] world=(8.499996, 0.0, 17.5) cell=(8, 17)
[Click] world=(11.5, 0.0, 17.5) cell=(11, 17)
[Dungeon] heukrang_gul 2층 lv=3 seed=3189434797 preset 28x28 rooms=2 up=(22, 23) down=(-1, -1) enemies=2 roster=bat elites=[] named=-
[Audio] BGM boss → boss.ogg
[Save] level 흑랑 굴 2층 → user://save_e2e.json (C:/Users/FORYOUCOM/AppData/Roaming/Godot/app_userdata/Joseon Hunters/wt/codex-630-whirl-structure/save_e2e.json)
[Dev] stairs StairsUp dir=-1 world=(22.5, 0.0, 23.5) screen=(593.7167, 335.9507)
  · 흑랑 굴 2층 소품 7 · 역할 { &"mouth": 2, &"lair": 5 } · 막는 칸 0
[Dev] removed 3 enemies
[Click] world=(8.499996, 0.0, 3.499998) cell=(8, 3)
[Click] world=(14.5, 0.0, 3.499999) cell=(14, 3)
[Click] world=(15.5, 0.0, 3.500002) cell=(15, 3)
[Seal] bongmil_gul 1층 봉인석 3/3 남음 [(26, 29), (33, 39), (30, 55)]
[Dungeon] bongmil_gul 1층 lv=10 seed=696739425 gen 72x72 rooms=11 up=(36, 11) down=(48, 59) enemies=46 roster=honbureum_sulsa,hollin_yeogung_bow2,hollin_yeogung_spear,yeou elites=["방7:금색×5(깊이 0.89)", "방4:파란×4(깊이 0.33)"] named=-
[Audio] BGM dungeon → dungeon_3.ogg
[Save] level 봉밀굴 초굴 → user://save_e2e.json (C:/Users/FORYOUCOM/AppData/Roaming/Godot/app_userdata/Joseon Hunters/wt/codex-630-whirl-structure/save_e2e.json)
[Dev] stairs StairsUp dir=-1 world=(36.5, 0.0, 11.5) screen=(593.7167, 335.9507)
[Dev] stairs StairsDown dir=1 world=(48.5, 0.0, 59.5) screen=(-1072.484, 1939.238)
[Dev] interact SealStone_0 world=(26.5, 0.0, 29.5) screen=(-702.2173, 501.623)
[Dev] interact SealStone_1 world=(33.5, 0.0, 39.5) screen=(-841.0674, 955.8877)
[Dev] interact SealStone_2 world=(30.5, 0.0, 55.5) screen=(-1720.451, 1303.267)
[Dev] interact LootChest world=(29.5, 0.0, 23.5) screen=(-285.6672, 421.4587)
[Dev] interact @Area3D@86153 world=(34.5, 0.0, 35.5) screen=(-609.6506, 875.7233)
[Dev] interact @Area3D@86154 world=(6.5, 0.0, 51.5) screen=(-2646.118, 555.0659)
[Dev] interact LootPot world=(5.5, 0.0, 49.5) screen=(-2599.835, 474.9016)
[Dev] interact @Area3D@86155 world=(6.5, 0.0, 50.5) screen=(-2599.835, 528.3444)
[Dev] interact @Area3D@86156 world=(56.5, 0.0, 9.5) screen=(1611.951, 768.8375)
[Dev] interact @Area3D@86157 world=(34.5, 0.0, 33.5) screen=(-517.084, 822.2805)
[Dev] interact @Area3D@86158 world=(3.5, 0.0, 21.5) screen=(-1396.468, -326.7419)
[Dev] interact @Area3D@86159 world=(4.5, 0.0, 20.5) screen=(-1303.901, -326.742)
[Dev] interact @Area3D@86160 world=(5.5, 0.0, 20.5) screen=(-1257.618, -300.0205)
[Dev] interact @Area3D@86161 world=(42.5, 0.0, 54.5) screen=(-1118.768, 1597.202)
[Dev] interact @Area3D@86162 world=(51.5, 0.0, 51.5) screen=(-563.3672, 1757.531)
  · 봉밀굴 1층 소품 6 · 역할 { &"seal": 6 } · 막는 칸 6
[Seal] bongmil_gul 1층 봉인석 3/3 남음 [(26, 29), (33, 39), (30, 55)]
[Dungeon] bongmil_gul 1층 lv=10 seed=696739425 gen 72x72 rooms=11 up=(36, 11) down=(48, 59) enemies=46 roster=honbureum_sulsa,hollin_yeogung_bow2,hollin_yeogung_spear,yeou elites=["방7:금색×5(깊이 0.89)", "방4:파란×4(깊이 0.33)"] named=-
[Save] level 봉밀굴 초굴 → user://save_e2e.json (C:/Users/FORYOUCOM/AppData/Roaming/Godot/app_userdata/Joseon Hunters/wt/codex-630-whirl-structure/save_e2e.json)
[Dev] stairs StairsUp dir=-1 world=(36.5, 0.0, 11.5) screen=(593.7167, 335.9507)
[Dev] stairs StairsDown dir=1 world=(48.5, 0.0, 59.5) screen=(-1072.484, 1939.238)
[Dev] interact SealStone_0 world=(26.5, 0.0, 29.5) screen=(-702.2173, 501.623)
[Dev] interact SealStone_1 world=(33.5, 0.0, 39.5) screen=(-841.0674, 955.8877)
[Dev] interact SealStone_2 world=(30.5, 0.0, 55.5) screen=(-1720.451, 1303.267)
[Dev] interact LootChest world=(29.5, 0.0, 23.5) screen=(-285.6672, 421.4587)
[Dev] interact @Area3D@86543 world=(34.5, 0.0, 35.5) screen=(-609.6506, 875.7233)
[Dev] interact @Area3D@86544 world=(6.5, 0.0, 51.5) screen=(-2646.118, 555.0659)
[Dev] interact LootPot world=(5.5, 0.0, 49.5) screen=(-2599.835, 474.9016)
[Dev] interact @Area3D@86545 world=(6.5, 0.0, 50.5) screen=(-2599.835, 528.3444)
[Dev] interact @Area3D@86546 world=(56.5, 0.0, 9.5) screen=(1611.951, 768.8375)
[Dev] interact @Area3D@86547 world=(34.5, 0.0, 33.5) screen=(-517.084, 822.2805)
[Dev] interact @Area3D@86548 world=(3.5, 0.0, 21.5) screen=(-1396.468, -326.7419)
[Dev] interact @Area3D@86549 world=(4.5, 0.0, 20.5) screen=(-1303.901, -326.742)
[Dev] interact @Area3D@86550 world=(5.5, 0.0, 20.5) screen=(-1257.618, -300.0205)
[Dev] interact @Area3D@86551 world=(42.5, 0.0, 54.5) screen=(-1118.768, 1597.202)
[Dev] interact @Area3D@86552 world=(51.5, 0.0, 51.5) screen=(-563.3672, 1757.531)
[Dev] removed 46 enemies
[Click] world=(33.5, 0.000001, 38.5) cell=(33, 38)
[Click] world=(38.5, 0.0, 39.5) cell=(38, 39)
[Dungeon] bongmil_gul 4층 lv=12 seed=3811254728 preset 32x30 rooms=2 up=(26, 23) down=(-1, -1) enemies=3 roster=yeou,yeoubul elites=[] named=-
[Audio] BGM kumiho → kumiho.ogg
[Save] level 봉밀굴 구미원 → user://save_e2e.json (C:/Users/FORYOUCOM/AppData/Roaming/Godot/app_userdata/Joseon Hunters/wt/codex-630-whirl-structure/save_e2e.json)
[Dev] stairs StairsUp dir=-1 world=(26.5, 0.0, 23.5) screen=(593.7167, 335.9507)
  · 봉밀굴 4층 구미원 소품 8 · 역할 { &"stage": 8 } · 막는 칸 4
[Dev] removed 4 enemies
[Click] world=(8.499996, 0.0, 3.499998) cell=(8, 3)
[Click] world=(14.5, 0.0, 3.499999) cell=(14, 3)
[Click] world=(20.5, -0.000001, 3.5) cell=(20, 3)
[Dungeon] heukrang_gul 1층 lv=2 seed=4059631991 gen 64x64 rooms=9 up=(8, 54) down=(53, 25) enemies=37 roster=bandit,bat,talisman_master elites=["방4:파란×4(깊이 0.71)"] named=-
[Quest] heukrang_gul 1층 — 싹쓸이 셈 시작 37 (heukrang_clear:none)
[Audio] BGM dungeon → dungeon_2.ogg
[Save] level 흑랑 굴 1층 → user://save_e2e.json (C:/Users/FORYOUCOM/AppData/Roaming/Godot/app_userdata/Joseon Hunters/wt/codex-630-whirl-structure/save_e2e.json)
[Dev] stairs StairsUp dir=-1 world=(8.5, 0.0, 54.5) screen=(593.7165, 335.9509)
[Dev] stairs StairsDown dir=1 world=(53.5, 0.0, 25.5) screen=(4018.685, 763.4941)
[Dev] interact PusJar world=(19.5, 0.0, 22.5) screen=(2583.901, -273.2989)
[Dev] interact @Area3D@86930 world=(43.5, 0.0, 51.5) screen=(2352.484, 1142.938)
[Dev] interact @Area3D@86931 world=(47.5, 0.0, 19.5) screen=(4018.685, 394.7373)
[Dev] interact LootChest world=(50.5, 0.0, 1.5) screen=(4990.635, -6.084323)
[Dev] interact @Area3D@86932 world=(23.5, 0.0, 35.5) screen=(2167.351, 180.9657)
[Dev] interact @Area3D@86933 world=(8.5, 0.0, 6.5) screen=(2815.317, -994.7781)
[Dev] interact LootPot world=(47.5, 0.0, 1.5) screen=(4851.785, -86.24881)
[Dev] interact @Area3D@86934 world=(56.5, 0.0, 23.5) screen=(4250.102, 742.1161)
[Dev] interact @Area3D@86935 world=(56.5, 0.0, 22.5) screen=(4296.385, 715.3947)
[Dev] interact @Area3D@86936 world=(55.5, 0.0, 22.5) screen=(4250.102, 688.6733)
[Dev] interact @Area3D@86937 world=(15.5, 0.0, 27.5) screen=(2167.351, -246.5775)
[Dev] interact @Area3D@86938 world=(15.5, 0.0, 28.5) screen=(2121.067, -219.8561)
[Dev] interact @Area3D@86939 world=(55.5, 0.0, 55.5) screen=(2722.751, 1570.481)
[Dev] interact @Area3D@86940 world=(56.5, 0.0, 55.5) screen=(2769.034, 1597.203)
[Dev] interact @Area3D@86941 world=(54.5, 0.0, 54.5) screen=(2722.751, 1517.038)
[Dev] interact @Area3D@86942 world=(20.5, 0.0, 8.5) screen=(3278.151, -620.6777)
  · 흑랑 굴 1층(다른 시드) 소품 9 · 역할 { &"mouth": 6, &"nook": 3 } · 막는 칸 0
[Dev] removed 37 enemies
[Click] world=(7.499999, 0.0, 48.5) cell=(7, 48)
[Click] world=(13.5, -0.000001, 48.5) cell=(13, 48)
[Click] world=(14.5, 0.0, 48.5) cell=(14, 48)
[Seal] bongmil_gul 2층 봉인석 3/3 남음 [(8, 55), (65, 46), (34, 20)]
[Dungeon] bongmil_gul 2층 lv=11 seed=2240632468 gen 72x72 rooms=11 up=(9, 29) down=(59, 13) enemies=38 roster=hollin_yeogung_bow2,hollin_yeogung_spear,yeou,geomeun_yacha,pitbit_nachalnyeo elites=["방7:파란×3(깊이 0.44)", "방9:파란×4(깊이 0.33)"] named=-
[Save] level 봉밀굴 중굴 → user://save_e2e.json (C:/Users/FORYOUCOM/AppData/Roaming/Godot/app_userdata/Joseon Hunters/wt/codex-630-whirl-structure/save_e2e.json)
[Dev] stairs StairsUp dir=-1 world=(9.5, 0.0, 29.5) screen=(593.7167, 335.9507)
[Dev] stairs StairsDown dir=1 world=(59.5, 0.0, 13.5) screen=(3648.418, 1244.48)
[Dev] interact Waypoint world=(46.5, 0.0, 19.5) screen=(2769.035, 1009.331)
[Dev] interact SealStone_0 world=(8.5, 0.0, 55.5) screen=(-655.934, 955.8877)
[Dev] interact SealStone_1 world=(65.5, 0.0, 46.5) screen=(2398.768, 2238.517)
[Dev] interact SealStone_2 world=(34.5, 0.0, 20.5) screen=(2167.351, 715.3947)
[Dev] interact LootChest world=(42.5, 0.0, 69.5) screen=(269.7332, 2238.517)
[Dev] interact @Area3D@87292 world=(3.5, 0.0, 34.5) screen=(84.59972, 261.13)
[Dev] interact LootPot world=(49.5, 0.0, 22.5) screen=(2769.035, 1169.659)
[Dev] interact @Area3D@87293 world=(59.5, 0.0, 37.5) screen=(2537.617, 1837.695)
[Dev] interact @Area3D@87294 world=(65.5, 0.0, 11.5) screen=(4018.685, 1303.266)
[Dev] interact @Area3D@87295 world=(65.5, 0.0, 12.5) screen=(3972.401, 1329.988)
[Dev] interact @Area3D@87296 world=(12.5, 0.0, 61.5) screen=(-748.5007, 1223.102)
[Dev] interact @Area3D@87297 world=(43.5, 0.0, 68.5) screen=(362.2998, 2238.517)
[Dev] interact @Area3D@87298 world=(36.5, 0.0, 49.5) screen=(917.7001, 1543.76)
[Dev] interact @Area3D@87299 world=(34.5, 0.0, 30.5) screen=(1704.517, 982.6092)
  · 봉밀굴 2층(다른 시드) 소품 6 · 역할 { &"seal": 6 } · 막는 칸 6
[Dev] removed 38 enemies
[Click] world=(9.499999, 0.0, 55.5) cell=(9, 55)
[Click] world=(12.5, 0.0, 55.5) cell=(12, 55)
E2E room_props PASS (검사 78)
[Audio] BGM town → town.ogg
[Save] level 못골 마을 → user://save_e2e.json (C:/Users/FORYOUCOM/AppData/Roaming/Godot/app_userdata/Joseon Hunters/wt/codex-630-whirl-structure/save_e2e.json)
[Dev] stairs DungeonEntrance dir=1 world=(0.0, 0.0, -31.0) screen=(2121.067, -492.4143)
[Dev] interact Merchant world=(5.4, 0.0, -2.4) screen=(1047.293, 368.0158)
[Dev] interact Shaman world=(-5.6, 0.0, 0.4) screen=(408.5833, 148.8999)
[Dev] interact Elder world=(2.0, 0.0, -5.6) screen=(1038.037, 191.6542)
[Dev] interact Jumo world=(7.1, 0.0, -1.4) screen=(1079.692, 440.1637)
[Dev] interact StashChest world=(3.3, 0.0, -2.05) screen=(933.8992, 321.2533)
[Dev] interact Waypoint world=(-4.2, 0.0, 2.2) screen=(390.0698, 234.4085)
E2E ▶ town_exits
[SealGate] 첫 접근 혼잣말 — …이 빛, 낯이 익은데.
[Dungeon] heukrang_gul 1층 lv=2 seed=403727558 gen 64x64 rooms=6 up=(44, 56) down=(7, 23) enemies=20 roster=bandit,bat,talisman_master elites=["방2:금색×3(깊이 0.50)"] named=-
[Quest] heukrang_gul 1층 — 싹쓸이 셈 시작 20 (heukrang_clear:none)
[Audio] BGM dungeon → dungeon_1.ogg
[Save] level 흑랑 굴 1층 → user://save_e2e.json (C:/Users/FORYOUCOM/AppData/Roaming/Godot/app_userdata/Joseon Hunters/wt/codex-630-whirl-structure/save_e2e.json)
[Dev] stairs StairsUp dir=-1 world=(44.5, 0.0, 56.5) screen=(593.7165, 335.9509)
[Dev] stairs StairsDown dir=1 world=(7.5, 0.0, 23.5) screen=(408.583, -1534.551)
[Dev] interact PusJar world=(29.5, 0.0, 42.5) screen=(547.433, -487.0705)
[Dev] interact @Area3D@87662 world=(14.5, 0.0, 24.5) screen=(686.2831, -1368.878)
[Dev] interact @Area3D@87663 world=(23.5, 0.0, 18.5) screen=(1380.534, -1288.714)
[Dev] interact LootChest world=(29.5, 0.0, 39.5) screen=(686.2831, -567.2349)
[Dev] interact @Area3D@87664 world=(40.5, 0.0, 38.5) screen=(1241.683, -300.0204)
[Dev] interact LootPot world=(17.5, 0.0, 43.5) screen=(-54.25064, -781.0067)
[Dev] interact @Area3D@87665 world=(18.5, 0.0, 44.5) screen=(-54.25041, -727.5637)
[Dev] interact @Area3D@87666 world=(19.5, 0.0, 9.5) screen=(1611.95, -1636.093)
[Dev] interact @Area3D@87667 world=(20.5, 0.0, 9.5) screen=(1658.234, -1609.372)
[Dev] interact @Area3D@87668 world=(43.5, 0.0, 60.5) screen=(362.2997, 368.0159)
[Dev] interact @Area3D@87669 world=(43.5, 0.0, 59.5) screen=(408.583, 341.2944)
[Dev] interact @Area3D@87670 world=(21.5, 0.0, 39.5) screen=(316.0163, -781.0065)
E2E town_exits PASS (검사 8)
[Audio] BGM town → town.ogg
[Save] level 못골 마을 → user://save_e2e.json (C:/Users/FORYOUCOM/AppData/Roaming/Godot/app_userdata/Joseon Hunters/wt/codex-630-whirl-structure/save_e2e.json)
[Dev] stairs DungeonEntrance dir=1 world=(0.0, 0.0, -31.0) screen=(2121.067, -492.4143)
[Dev] interact Merchant world=(5.4, 0.0, -2.4) screen=(1047.293, 368.0158)
[Dev] interact Shaman world=(-5.6, 0.0, 0.4) screen=(408.5833, 148.8999)
[Dev] interact Elder world=(2.0, 0.0, -5.6) screen=(1038.037, 191.6542)
[Dev] interact Jumo world=(7.1, 0.0, -1.4) screen=(1079.692, 440.1637)
[Dev] interact StashChest world=(3.3, 0.0, -2.05) screen=(933.8992, 321.2533)
[Dev] interact Waypoint world=(-4.2, 0.0, 2.2) screen=(390.0698, 234.4085)
E2E ▶ field_layout
[Dev] item 화염부 world=(32.5, 0.0, 70.5) screen=(-1072.484, 3072.227)
[Dev] item 빙결부 world=(33.5, 0.0, 69.5) screen=(-979.9173, 3072.227)
[Field] deulnyeok seed=355022911 128x128 props=2252 packs=18 enemies=77 waypoint=(62, 65) roster=bandit,bat,talisman_master elites=["13:파란×4@구간3"]
[Audio] BGM dungeon → dungeon_4.ogg
[Save] level 못골 들녘 → user://save_e2e.json (C:/Users/FORYOUCOM/AppData/Roaming/Godot/app_userdata/Joseon Hunters/wt/codex-630-whirl-structure/save_e2e.json)
[Dev] stairs Down_cave dir=1 world=(88.5, 0.0, 3.5) screen=(7212.236, 897.1014)
[Dev] interact Waypoint world=(62.5, 0.0, 65.5) screen=(3139.301, 1810.974)
[Dev] interact FloorItem world=(32.5, 0.0, 70.5) screen=(1519.384, 1142.938)
[Dev] interact @Area3D@88332 world=(33.5, 0.0, 69.5) screen=(1611.95, 1142.938)
[Dev] interact PusJar world=(95.5, 0.0, 103.5) screen=(2907.884, 3708.197)
[Dev] interact @Area3D@88559 world=(101.5, 0.0, 105.5) screen=(3093.018, 3921.969)
[Dev] interact @Area3D@88560 world=(98.5, 0.0, 107.5) screen=(2861.601, 3895.247)
[Dev] interact LootChest world=(27.5, 0.0, 70.5) screen=(1287.967, 1009.331)
[Dev] interact @Area3D@88561 world=(94.5, 0.0, 100.5) screen=(3000.451, 3601.312)
[Dev] interact @Area3D@88562 world=(55.5, 0.0, 52.5) screen=(3417.001, 1276.545)
[Dev] interact LootPot world=(46.5, 0.0, 68.5) screen=(2259.917, 1463.595)
[Dev] interact @Area3D@88563 world=(73.5, 0.0, 47.5) screen=(4481.519, 1623.924)
[Dev] interact @Area3D@88564 world=(90.5, 0.0, 47.5) screen=(5268.335, 2078.189)
[Dev] interact @Area3D@88565 world=(111.5, 0.0, 49.5) screen=(6147.719, 2692.782)
[Dev] interact @Area3D@88566 world=(101.5, 0.0, 101.5) screen=(3278.151, 3815.083)
[Dev] interact @Area3D@88567 world=(86.5, 0.0, 76.5) screen=(3740.984, 2746.225)
[Dev] interact @Area3D@88568 world=(53.5, 0.0, 52.5) screen=(3324.434, 1223.102)
[Dev] interact @Area3D@88569 world=(87.5, 0.0, 95.5) screen=(2907.884, 3280.654)
[Dev] interact @Area3D@88570 world=(26.5, 0.0, 66.5) screen=(1426.817, 875.7234)
[Dev] interact @Area3D@88571 world=(17.5, 0.0, 60.5) screen=(1287.967, 474.9016)
[Dev] interact @Area3D@88572 world=(86.5, 0.0, 22.5) screen=(6240.286, 1303.266)
[Dev] interact @Area3D@88573 world=(59.5, 0.0, 65.5) screen=(3000.451, 1730.81)
[Dev] interact @Area3D@88574 world=(18.5, 0.0, 74.5) screen=(686.2832, 875.7234)
[Dev] interact @Area3D@88575 world=(44.5, 0.0, 69.5) screen=(2121.067, 1436.874)
[Dev] interact @Area3D@88576 world=(73.5, 0.0, 49.5) screen=(4388.952, 1677.367)
[Dev] interact @Area3D@88577 world=(88.5, 0.0, 52.5) screen=(4944.352, 2158.353)
  · 자리 10곳 · 모닥불 3 · 자리 둘레 소품 77
  · 들녘 모양 갈래 { "bandit_v2_dagger": 38, "bandit_v2": 33 } · 산적 있는 무리 18 중 두 갈래가 섞인 무리 17
  · 들녘 적 77 { 1: 22, 2: 27, 3: 28 } · 장식 2252 · 무리 18 · 서낭단 (62, 65)
  · 거대 건축물 자리 { "fort_lintel": (119.5388, 38.16928), "stone_pagoda": (89.5, 45.5), "flag_pillar": (86.95444, 48.04556) } · 폐사지 닻 칸 (88.5, 0.0, 44.5)
E2E field_layout PASS (검사 32)
[Audio] BGM town → town.ogg
[Save] level 못골 마을 → user://save_e2e.json (C:/Users/FORYOUCOM/AppData/Roaming/Godot/app_userdata/Joseon Hunters/wt/codex-630-whirl-structure/save_e2e.json)
[Dev] stairs DungeonEntrance dir=1 world=(0.0, 0.0, -31.0) screen=(2121.067, -492.4143)
[Dev] interact Merchant world=(5.4, 0.0, -2.4) screen=(1047.293, 368.0158)
[Dev] interact Shaman world=(-5.6, 0.0, 0.4) screen=(408.5833, 148.8999)
[Dev] interact Elder world=(2.0, 0.0, -5.6) screen=(1038.037, 191.6542)
[Dev] interact Jumo world=(7.1, 0.0, -1.4) screen=(1079.692, 440.1637)
[Dev] interact StashChest world=(3.3, 0.0, -2.05) screen=(933.8992, 321.2533)
[Dev] interact Waypoint world=(-4.2, 0.0, 2.2) screen=(390.0698, 234.4085)
E2E ▶ field2_layout
[Dev] item 화염부 world=(32.5, 0.0, 70.5) screen=(-1072.484, 3072.227)
[Dev] item 빙결부 world=(33.5, 0.0, 69.5) screen=(-979.9173, 3072.227)
[Field] deulnyeok seed=355022911 128x128 props=2252 packs=18 enemies=77 waypoint=(62, 65) roster=bandit,bat,talisman_master elites=["13:파란×4@구간3"]
[Audio] BGM dungeon → dungeon_2.ogg
[Save] level 못골 들녘 → user://save_e2e.json (C:/Users/FORYOUCOM/AppData/Roaming/Godot/app_userdata/Joseon Hunters/wt/codex-630-whirl-structure/save_e2e.json)
[Dev] stairs Down_cave dir=1 world=(88.5, 0.0, 3.5) screen=(7212.236, 897.1014)
[Dev] interact Waypoint world=(62.5, 0.0, 65.5) screen=(3139.301, 1810.974)
[Dev] interact FloorItem world=(32.5, 0.0, 70.5) screen=(1519.384, 1142.938)
[Dev] interact @Area3D@89239 world=(33.5, 0.0, 69.5) screen=(1611.95, 1142.938)
[Dev] interact PusJar world=(95.5, 0.0, 103.5) screen=(2907.884, 3708.197)
[Dev] interact @Area3D@89466 world=(101.5, 0.0, 105.5) screen=(3093.018, 3921.969)
[Dev] interact @Area3D@89467 world=(98.5, 0.0, 107.5) screen=(2861.601, 3895.247)
[Dev] interact LootChest world=(27.5, 0.0, 70.5) screen=(1287.967, 1009.331)
[Dev] interact @Area3D@89468 world=(94.5, 0.0, 100.5) screen=(3000.451, 3601.312)
[Dev] interact @Area3D@89469 world=(55.5, 0.0, 52.5) screen=(3417.001, 1276.545)
[Dev] interact LootPot world=(46.5, 0.0, 68.5) screen=(2259.917, 1463.595)
[Dev] interact @Area3D@89470 world=(73.5, 0.0, 47.5) screen=(4481.519, 1623.924)
[Dev] interact @Area3D@89471 world=(90.5, 0.0, 47.5) screen=(5268.335, 2078.189)
[Dev] interact @Area3D@89472 world=(111.5, 0.0, 49.5) screen=(6147.719, 2692.782)
[Dev] interact @Area3D@89473 world=(101.5, 0.0, 101.5) screen=(3278.151, 3815.083)
[Dev] interact @Area3D@89474 world=(86.5, 0.0, 76.5) screen=(3740.984, 2746.225)
[Dev] interact @Area3D@89475 world=(53.5, 0.0, 52.5) screen=(3324.434, 1223.102)
[Dev] interact @Area3D@89476 world=(87.5, 0.0, 95.5) screen=(2907.884, 3280.654)
[Dev] interact @Area3D@89477 world=(26.5, 0.0, 66.5) screen=(1426.817, 875.7234)
[Dev] interact @Area3D@89478 world=(17.5, 0.0, 60.5) screen=(1287.967, 474.9016)
[Dev] interact @Area3D@89479 world=(86.5, 0.0, 22.5) screen=(6240.286, 1303.266)
[Dev] interact @Area3D@89480 world=(59.5, 0.0, 65.5) screen=(3000.451, 1730.81)
[Dev] interact @Area3D@89481 world=(18.5, 0.0, 74.5) screen=(686.2832, 875.7234)
[Dev] interact @Area3D@89482 world=(44.5, 0.0, 69.5) screen=(2121.067, 1436.874)
[Dev] interact @Area3D@89483 world=(73.5, 0.0, 49.5) screen=(4388.952, 1677.367)
[Dev] interact @Area3D@89484 world=(88.5, 0.0, 52.5) screen=(4944.352, 2158.353)
[Dev] removed 77 enemies
[Click] world=(125.5, 0.0, 34.5) cell=(125, 34)
[Field] jeongnyeongjae seed=3599041059 128x176 props=2820 packs=13 enemies=72 waypoint=(61, 66) roster=hwajeok,vampire_bat,lightning_master | hwajeok,hollin_yeogung_bow,gaekgwi elites=["8:금색×3@구간2", "10:금색×3@구간3"]
[Save] level 정령재 → user://save_e2e.json (C:/Users/FORYOUCOM/AppData/Roaming/Godot/app_userdata/Joseon Hunters/wt/codex-630-whirl-structure/save_e2e.json)
[Dev] stairs Down_cave dir=1 world=(60.5, 0.0, 3.5) screen=(9896.671, -2149.144)
[Dev] stairs Down_mine dir=1 world=(125.5, 0.0, 70.5) screen=(9804.104, 1378.087)
[Dev] interact Waypoint world=(61.5, 0.0, 66.5) screen=(7027.103, -487.0706)
[Dev] interact LootChest world=(5.5, 0.0, 141.5) screen=(963.9833, 20.637)
[Dev] interact @Area3D@90928 world=(26.5, 0.0, 123.5) screen=(2769.034, 100.8014)
[Dev] interact @Area3D@90929 world=(61.5, 0.0, 88.5) screen=(6008.868, 100.8013)
[Dev] interact @Area3D@90930 world=(82.5, 0.0, 48.5) screen=(8832.153, -406.9061)
[Dev] interact LootPot world=(70.5, 0.0, 9.5) screen=(10081.8, -1769.7)
[Dev] interact @Area3D@90931 world=(59.5, 0.0, 82.5) screen=(6194.002, -112.9702)
[Dev] interact @Area3D@90932 world=(39.5, 0.0, 58.5) screen=(6379.136, -1288.714)
[Dev] interact @Area3D@90933 world=(32.5, 0.0, 37.5) screen=(7027.103, -2036.915)
[Dev] interact @Area3D@90934 world=(30.5, 0.0, 123.5) screen=(2954.168, 207.6872)
[Dev] interact @Area3D@90935 world=(96.5, 0.0, 125.5) screen=(5916.303, 2024.746)
[Dev] interact @Area3D@90936 world=(89.5, 0.0, 59.5) screen=(8647.021, 74.08006)
[Dev] interact @Area3D@90937 world=(22.5, 0.0, 41.5) screen=(6379.136, -2197.243)
[Dev] interact @Area3D@90938 world=(56.5, 0.0, 51.5) screen=(7489.937, -1021.5)
[Dev] interact @Area3D@90939 world=(7.5, 0.0, 142.5) screen=(1010.267, 100.8013)
[Dev] interact @Area3D@90940 world=(101.5, 0.0, 72.5) screen=(8600.737, 742.1163)
[Dev] interact @Area3D@90941 world=(77.5, 0.0, 34.5) screen=(9248.703, -914.6136)
  · 정령재 적 72 { 4: 21, 5: 23, 6: 14, 7: 14 } · 장식 2820 · 소나무 1027 · 무리 13 · 서낭단 (61, 66)
[Dev] removed 72 enemies
[Click] world=(60.5, 0.0, 3.5) cell=(60, 3)
[Dungeon] beomgul 1층 lv=5 seed=3470036558 gen 64x64 rooms=10 up=(52, 51) down=(7, 7) enemies=41 roster=hwajeok,vampire_bat,spider elites=["방8:파란×3(깊이 0.63)"] named=-
[Save] level 범굴 1층 → user://save_e2e.json (C:/Users/FORYOUCOM/AppData/Roaming/Godot/app_userdata/Joseon Hunters/wt/codex-630-whirl-structure/save_e2e.json)
[Dev] stairs StairsUp dir=-1 world=(52.5, 0.0, 51.5) screen=(593.7166, 335.951)
[Dev] stairs StairsDown dir=1 world=(7.5, 0.0, 7.5) screen=(547.4335, -2042.258)
[Dev] interact LootChest world=(56.5, 0.0, 56.5) screen=(547.4333, 528.3447)
[Dev] interact @Area3D@91229 world=(47.5, 0.0, 34.5) screen=(1149.117, -300.0203)
[Dev] interact LootPot world=(25.5, 0.0, 15.5) screen=(1010.267, -1395.6)
[Dev] interact @Area3D@91230 world=(24.5, 0.0, 16.5) screen=(917.7001, -1395.6)
[Dev] interact @Area3D@91231 world=(24.5, 0.0, 15.5) screen=(963.9833, -1422.321)
[Dev] interact @Area3D@91232 world=(32.5, 0.0, 60.5) screen=(-748.5005, -6.084366)
[Dev] interact @Area3D@91233 world=(7.5, 0.0, 60.5) screen=(-1905.584, -674.1207)
[Dev] interact @Area3D@91234 world=(8.5, 0.0, 61.5) screen=(-1905.585, -620.6777)
[Dev] interact @Area3D@91235 world=(20.5, 0.0, 43.5) screen=(-517.084, -781.0064)
[Dev] interact @Area3D@91236 world=(56.5, 0.0, 23.5) screen=(2074.784, -353.4632)
[Dev] interact @Area3D@91237 world=(48.5, 0.0, 48.5) screen=(547.4333, 100.8015)
[Dev] interact @Area3D@91238 world=(48.5, 0.0, 49.5) screen=(501.1499, 127.5229)
[Field] jeongnyeongjae seed=3599041059 128x176 props=2820 packs=13 enemies=72 waypoint=(61, 66) roster=hwajeok,vampire_bat,lightning_master | hwajeok,hollin_yeogung_bow,gaekgwi elites=["8:금색×3@구간2", "10:금색×3@구간3"]
[Save] level 정령재 → user://save_e2e.json (C:/Users/FORYOUCOM/AppData/Roaming/Godot/app_userdata/Joseon Hunters/wt/codex-630-whirl-structure/save_e2e.json)
[Dev] stairs Down_cave dir=1 world=(60.5, 0.0, 3.5) screen=(825.1336, 255.7865)
[Dev] stairs Down_mine dir=1 world=(125.5, 0.0, 70.5) screen=(732.5671, 3783.018)
[Dev] interact Waypoint world=(61.5, 0.0, 66.5) screen=(-2044.434, 1917.86)
[Dev] interact LootChest world=(5.5, 0.0, 141.5) screen=(-8107.554, 2425.568)
[Dev] interact @Area3D@92681 world=(26.5, 0.0, 123.5) screen=(-6302.504, 2505.732)
[Dev] interact @Area3D@92682 world=(61.5, 0.0, 88.5) screen=(-3062.668, 2505.732)
[Dev] interact @Area3D@92683 world=(82.5, 0.0, 48.5) screen=(-239.3836, 1998.024)
[Dev] interact LootPot world=(70.5, 0.0, 9.5) screen=(1010.267, 635.2303)
[Dev] interact @Area3D@92684 world=(59.5, 0.0, 82.5) screen=(-2877.535, 2291.96)
[Dev] interact @Area3D@92685 world=(39.5, 0.0, 58.5) screen=(-2692.401, 1116.216)
[Dev] interact @Area3D@92686 world=(32.5, 0.0, 37.5) screen=(-2044.434, 368.0158)
[Dev] interact @Area3D@92687 world=(30.5, 0.0, 123.5) screen=(-6117.37, 2612.618)
[Dev] interact @Area3D@92688 world=(96.5, 0.0, 125.5) screen=(-3155.235, 4429.677)
[Dev] interact @Area3D@92689 world=(89.5, 0.0, 59.5) screen=(-424.517, 2479.01)
[Dev] interact @Area3D@92690 world=(22.5, 0.0, 41.5) screen=(-2692.401, 207.6872)
[Dev] interact @Area3D@92691 world=(56.5, 0.0, 51.5) screen=(-1581.601, 1383.431)
[Dev] interact @Area3D@92692 world=(7.5, 0.0, 142.5) screen=(-8061.271, 2505.732)
[Dev] interact @Area3D@92693 world=(101.5, 0.0, 72.5) screen=(-470.8004, 3147.047)
[Dev] interact @Area3D@92694 world=(77.5, 0.0, 34.5) screen=(177.1666, 1490.317)
[Click] world=(2.5, 0.0, 150.5) cell=(2, 150)
[Dev] item 화염부 world=(32.5, 0.0, 70.5) screen=(5607.326, -1063.585)
[Dev] item 빙결부 world=(33.5, 0.0, 69.5) screen=(5699.893, -1063.584)
[Field] deulnyeok seed=355022911 128x128 props=2252 packs=18 enemies=77 waypoint=(62, 65) roster=bandit,bat,talisman_master elites=["13:파란×4@구간3"]
[Save] level 못골 들녘 → user://save_e2e.json (C:/Users/FORYOUCOM/AppData/Roaming/Godot/app_userdata/Joseon Hunters/wt/codex-630-whirl-structure/save_e2e.json)
[Dev] stairs Down_cave dir=1 world=(88.5, 0.0, 3.5) screen=(593.7169, -1320.779)
[Dev] interact Waypoint world=(62.5, 0.0, 65.5) screen=(-3479.219, -406.9063)
[Dev] interact FloorItem world=(32.5, 0.0, 70.5) screen=(-5099.136, -1074.942)
[Dev] interact @Area3D@93197 world=(33.5, 0.0, 69.5) screen=(-5006.569, -1074.942)
[Dev] interact PusJar world=(95.5, 0.0, 103.5) screen=(-3710.635, 1490.317)
[Dev] interact @Area3D@93424 world=(101.5, 0.0, 105.5) screen=(-3525.502, 1704.088)
[Dev] interact @Area3D@93425 world=(98.5, 0.0, 107.5) screen=(-3756.919, 1677.367)
[Dev] interact LootChest world=(27.5, 0.0, 70.5) screen=(-5330.552, -1208.55)
[Dev] interact @Area3D@93426 world=(94.5, 0.0, 100.5) screen=(-3618.069, 1383.431)
[Dev] interact @Area3D@93427 world=(55.5, 0.0, 52.5) screen=(-3201.519, -941.3351)
[Dev] interact LootPot world=(46.5, 0.0, 68.5) screen=(-4358.602, -754.2852)
[Dev] interact @Area3D@93428 world=(73.5, 0.0, 47.5) screen=(-2137.001, -593.9564)
[Dev] interact @Area3D@93429 world=(90.5, 0.0, 47.5) screen=(-1350.184, -139.6917)
[Dev] interact @Area3D@93430 world=(111.5, 0.0, 49.5) screen=(-470.8004, 474.9017)
[Dev] interact @Area3D@93431 world=(101.5, 0.0, 101.5) screen=(-3340.369, 1597.203)
[Dev] interact @Area3D@93432 world=(86.5, 0.0, 76.5) screen=(-2877.535, 528.3445)
[Dev] interact @Area3D@93433 world=(53.5, 0.0, 52.5) screen=(-3294.085, -994.7781)
[Dev] interact @Area3D@93434 world=(87.5, 0.0, 95.5) screen=(-3710.635, 1062.774)
[Dev] interact @Area3D@93435 world=(26.5, 0.0, 66.5) screen=(-5191.703, -1342.157)
[Dev] interact @Area3D@93436 world=(17.5, 0.0, 60.5) screen=(-5330.552, -1742.979)
[Dev] interact @Area3D@93437 world=(86.5, 0.0, 22.5) screen=(-378.2337, -914.6139)
[Dev] interact @Area3D@93438 world=(59.5, 0.0, 65.5) screen=(-3618.069, -487.0705)
[Dev] interact @Area3D@93439 world=(18.5, 0.0, 74.5) screen=(-5932.236, -1342.157)
[Dev] interact @Area3D@93440 world=(44.5, 0.0, 69.5) screen=(-4497.452, -781.0064)
[Dev] interact @Area3D@93441 world=(73.5, 0.0, 49.5) screen=(-2229.568, -540.5135)
[Dev] interact @Area3D@93442 world=(88.5, 0.0, 52.5) screen=(-1674.168, -59.52732)
E2E field2_layout PASS (검사 20)
[Audio] BGM town → town.ogg
[Save] level 못골 마을 → user://save_e2e.json (C:/Users/FORYOUCOM/AppData/Roaming/Godot/app_userdata/Joseon Hunters/wt/codex-630-whirl-structure/save_e2e.json)
[Dev] stairs DungeonEntrance dir=1 world=(0.0, 0.0, -31.0) screen=(2121.067, -492.4143)
[Dev] interact Merchant world=(5.4, 0.0, -2.4) screen=(1047.293, 368.0158)
[Dev] interact Shaman world=(-5.6, 0.0, 0.4) screen=(408.5833, 148.8999)
[Dev] interact Elder world=(2.0, 0.0, -5.6) screen=(1038.037, 191.6542)
[Dev] interact Jumo world=(7.1, 0.0, -1.4) screen=(1079.692, 440.1637)
[Dev] interact StashChest world=(3.3, 0.0, -2.05) screen=(933.8992, 321.2533)
[Dev] interact Waypoint world=(-4.2, 0.0, 2.2) screen=(390.0698, 234.4085)
E2E ▶ gate_hover
[Field] jeongnyeongjae seed=3599041059 128x176 props=2820 packs=13 enemies=72 waypoint=(61, 66) roster=hwajeok,vampire_bat,lightning_master | hwajeok,hollin_yeogung_bow,gaekgwi elites=["8:금색×3@구간2", "10:금색×3@구간3"]
[Audio] BGM dungeon → dungeon_3.ogg
[Save] level 정령재 → user://save_e2e.json (C:/Users/FORYOUCOM/AppData/Roaming/Godot/app_userdata/Joseon Hunters/wt/codex-630-whirl-structure/save_e2e.json)
[Dev] stairs Down_cave dir=1 world=(60.5, 0.0, 3.5) screen=(825.1336, 255.7865)
[Dev] stairs Down_mine dir=1 world=(125.5, 0.0, 70.5) screen=(732.5671, 3783.018)
[Dev] interact Waypoint world=(61.5, 0.0, 66.5) screen=(-2044.434, 1917.86)
[Dev] interact LootChest world=(5.5, 0.0, 141.5) screen=(-8107.554, 2425.568)
[Dev] interact @Area3D@95045 world=(26.5, 0.0, 123.5) screen=(-6302.504, 2505.732)
[Dev] interact @Area3D@95046 world=(61.5, 0.0, 88.5) screen=(-3062.668, 2505.732)
[Dev] interact @Area3D@95047 world=(82.5, 0.0, 48.5) screen=(-239.3836, 1998.024)
[Dev] interact LootPot world=(70.5, 0.0, 9.5) screen=(1010.267, 635.2303)
[Dev] interact @Area3D@95048 world=(59.5, 0.0, 82.5) screen=(-2877.535, 2291.96)
[Dev] interact @Area3D@95049 world=(39.5, 0.0, 58.5) screen=(-2692.401, 1116.216)
[Dev] interact @Area3D@95050 world=(32.5, 0.0, 37.5) screen=(-2044.434, 368.0158)
[Dev] interact @Area3D@95051 world=(30.5, 0.0, 123.5) screen=(-6117.37, 2612.618)
[Dev] interact @Area3D@95052 world=(96.5, 0.0, 125.5) screen=(-3155.235, 4429.677)
[Dev] interact @Area3D@95053 world=(89.5, 0.0, 59.5) screen=(-424.517, 2479.01)
[Dev] interact @Area3D@95054 world=(22.5, 0.0, 41.5) screen=(-2692.401, 207.6872)
[Dev] interact @Area3D@95055 world=(56.5, 0.0, 51.5) screen=(-1581.601, 1383.431)
[Dev] interact @Area3D@95056 world=(7.5, 0.0, 142.5) screen=(-8061.271, 2505.732)
[Dev] interact @Area3D@95057 world=(101.5, 0.0, 72.5) screen=(-470.8004, 3147.047)
[Dev] interact @Area3D@95058 world=(77.5, 0.0, 34.5) screen=(177.1666, 1490.317)
[Dev] removed 72 enemies
E2E gate_hover PASS (검사 6)
[Audio] BGM town → town.ogg
[Save] level 못골 마을 → user://save_e2e.json (C:/Users/FORYOUCOM/AppData/Roaming/Godot/app_userdata/Joseon Hunters/wt/codex-630-whirl-structure/save_e2e.json)
[Dev] stairs DungeonEntrance dir=1 world=(0.0, 0.0, -31.0) screen=(2121.067, -492.4143)
[Dev] interact Merchant world=(5.4, 0.0, -2.4) screen=(1047.293, 368.0158)
[Dev] interact Shaman world=(-5.6, 0.0, 0.4) screen=(408.5833, 148.8999)
[Dev] interact Elder world=(2.0, 0.0, -5.6) screen=(1038.037, 191.6542)
[Dev] interact Jumo world=(7.1, 0.0, -1.4) screen=(1079.692, 440.1637)
[Dev] interact StashChest world=(3.3, 0.0, -2.05) screen=(933.8992, 321.2533)
[Dev] interact Waypoint world=(-4.2, 0.0, 2.2) screen=(390.0698, 234.4085)
E2E ▶ pack_density
[Field] jeongnyeongjae seed=3599041059 128x176 props=2820 packs=13 enemies=72 waypoint=(61, 66) roster=hwajeok,vampire_bat,lightning_master | hwajeok,hollin_yeogung_bow,gaekgwi elites=["8:금색×3@구간2", "10:금색×3@구간3"]
[Audio] BGM dungeon → dungeon_4.ogg
[Save] level 정령재 → user://save_e2e.json (C:/Users/FORYOUCOM/AppData/Roaming/Godot/app_userdata/Joseon Hunters/wt/codex-630-whirl-structure/save_e2e.json)
[Dev] stairs Down_cave dir=1 world=(60.5, 0.0, 3.5) screen=(9896.671, -2149.144)
[Dev] stairs Down_mine dir=1 world=(125.5, 0.0, 70.5) screen=(9804.104, 1378.087)
[Dev] interact Waypoint world=(61.5, 0.0, 66.5) screen=(7027.103, -487.0706)
[Dev] interact LootChest world=(5.5, 0.0, 141.5) screen=(963.9833, 20.637)
[Dev] interact @Area3D@96661 world=(26.5, 0.0, 123.5) screen=(2769.034, 100.8014)
[Dev] interact @Area3D@96662 world=(61.5, 0.0, 88.5) screen=(6008.868, 100.8013)
[Dev] interact @Area3D@96663 world=(82.5, 0.0, 48.5) screen=(8832.153, -406.9061)
[Dev] interact LootPot world=(70.5, 0.0, 9.5) screen=(10081.8, -1769.7)
[Dev] interact @Area3D@96664 world=(59.5, 0.0, 82.5) screen=(6194.002, -112.9702)
[Dev] interact @Area3D@96665 world=(39.5, 0.0, 58.5) screen=(6379.136, -1288.714)
[Dev] interact @Area3D@96666 world=(32.5, 0.0, 37.5) screen=(7027.103, -2036.915)
[Dev] interact @Area3D@96667 world=(30.5, 0.0, 123.5) screen=(2954.168, 207.6872)
[Dev] interact @Area3D@96668 world=(96.5, 0.0, 125.5) screen=(5916.303, 2024.746)
[Dev] interact @Area3D@96669 world=(89.5, 0.0, 59.5) screen=(8647.021, 74.08006)
[Dev] interact @Area3D@96670 world=(22.5, 0.0, 41.5) screen=(6379.136, -2197.243)
[Dev] interact @Area3D@96671 world=(56.5, 0.0, 51.5) screen=(7489.937, -1021.5)
[Dev] interact @Area3D@96672 world=(7.5, 0.0, 142.5) screen=(1010.267, 100.8013)
[Dev] interact @Area3D@96673 world=(101.5, 0.0, 72.5) screen=(8600.737, 742.1163)
[Dev] interact @Area3D@96674 world=(77.5, 0.0, 34.5) screen=(9248.703, -914.6136)
  · 정령재 첫 무리(레벨 4 · 구간 1) 자리 둘레 4칸 적 3(무리 배정 3몸) · 층 총 적 72 · 무리 수 13
[Dungeon] beomgul 1층 lv=5 seed=3470036558 gen 64x64 rooms=10 up=(52, 51) down=(7, 7) enemies=41 roster=hwajeok,vampire_bat,spider elites=["방8:파란×3(깊이 0.63)"] named=-
[Save] level 범굴 1층 → user://save_e2e.json (C:/Users/FORYOUCOM/AppData/Roaming/Godot/app_userdata/Joseon Hunters/wt/codex-630-whirl-structure/save_e2e.json)
[Dev] stairs StairsUp dir=-1 world=(52.5, 0.0, 51.5) screen=(593.7166, 335.951)
[Dev] stairs StairsDown dir=1 world=(7.5, 0.0, 7.5) screen=(547.4335, -2042.258)
[Dev] interact LootChest world=(56.5, 0.0, 56.5) screen=(547.4333, 528.3447)
[Dev] interact @Area3D@96962 world=(47.5, 0.0, 34.5) screen=(1149.117, -300.0203)
[Dev] interact LootPot world=(25.5, 0.0, 15.5) screen=(1010.267, -1395.6)
[Dev] interact @Area3D@96963 world=(24.5, 0.0, 16.5) screen=(917.7001, -1395.6)
[Dev] interact @Area3D@96964 world=(24.5, 0.0, 15.5) screen=(963.9833, -1422.321)
[Dev] interact @Area3D@96965 world=(32.5, 0.0, 60.5) screen=(-748.5005, -6.084366)
[Dev] interact @Area3D@96966 world=(7.5, 0.0, 60.5) screen=(-1905.584, -674.1207)
[Dev] interact @Area3D@96967 world=(8.5, 0.0, 61.5) screen=(-1905.585, -620.6777)
[Dev] interact @Area3D@96968 world=(20.5, 0.0, 43.5) screen=(-517.084, -781.0064)
[Dev] interact @Area3D@96969 world=(56.5, 0.0, 23.5) screen=(2074.784, -353.4632)
[Dev] interact @Area3D@96970 world=(48.5, 0.0, 48.5) screen=(547.4333, 100.8015)
[Dev] interact @Area3D@96971 world=(48.5, 0.0, 49.5) screen=(501.1499, 127.5229)
  · 범굴 1층 첫 방((12, 14)) 적 3 · 층 총 적 41
E2E pack_density PASS (검사 2)
[Audio] BGM town → town.ogg
[Save] level 못골 마을 → user://save_e2e.json (C:/Users/FORYOUCOM/AppData/Roaming/Godot/app_userdata/Joseon Hunters/wt/codex-630-whirl-structure/save_e2e.json)
[Dev] stairs DungeonEntrance dir=1 world=(0.0, 0.0, -31.0) screen=(2121.067, -492.4143)
[Dev] interact Merchant world=(5.4, 0.0, -2.4) screen=(1047.293, 368.0158)
[Dev] interact Shaman world=(-5.6, 0.0, 0.4) screen=(408.5833, 148.8999)
[Dev] interact Elder world=(2.0, 0.0, -5.6) screen=(1038.037, 191.6542)
[Dev] interact Jumo world=(7.1, 0.0, -1.4) screen=(1079.692, 440.1637)
[Dev] interact StashChest world=(3.3, 0.0, -2.05) screen=(933.8992, 321.2533)
[Dev] interact Waypoint world=(-4.2, 0.0, 2.2) screen=(390.0698, 234.4085)
E2E ▶ slice_loop
[Click] world=(16.4, 0.0, 11.4) cell=(16, 11)
[Dev] item 화염부 world=(32.5, 0.0, 70.5) screen=(-1257.617, 2440.087)
[Dev] item 빙결부 world=(33.5, 0.0, 69.5) screen=(-1165.051, 2440.087)
[Field] deulnyeok seed=355022911 128x128 props=2252 packs=18 enemies=77 waypoint=(62, 65) roster=bandit,bat,talisman_master elites=["13:파란×4@구간3"]
[Audio] BGM dungeon → dungeon_2.ogg
[Save] level 못골 들녘 → user://save_e2e.json (C:/Users/FORYOUCOM/AppData/Roaming/Godot/app_userdata/Joseon Hunters/wt/codex-630-whirl-structure/save_e2e.json)
[Dev] stairs Down_cave dir=1 world=(88.5, 0.0, 3.5) screen=(7212.236, 897.1014)
[Dev] interact Waypoint world=(62.5, 0.0, 65.5) screen=(3139.301, 1810.974)
[Dev] interact FloorItem world=(32.5, 0.0, 70.5) screen=(1519.384, 1142.938)
[Dev] interact @Area3D@97633 world=(33.5, 0.0, 69.5) screen=(1611.95, 1142.938)
[Dev] interact PusJar world=(95.5, 0.0, 103.5) screen=(2907.884, 3708.197)
[Dev] interact @Area3D@97860 world=(101.5, 0.0, 105.5) screen=(3093.018, 3921.969)
[Dev] interact @Area3D@97861 world=(98.5, 0.0, 107.5) screen=(2861.601, 3895.247)
[Dev] interact LootChest world=(27.5, 0.0, 70.5) screen=(1287.967, 1009.331)
[Dev] interact @Area3D@97862 world=(94.5, 0.0, 100.5) screen=(3000.451, 3601.312)
[Dev] interact @Area3D@97863 world=(55.5, 0.0, 52.5) screen=(3417.001, 1276.545)
[Dev] interact LootPot world=(46.5, 0.0, 68.5) screen=(2259.917, 1463.595)
[Dev] interact @Area3D@97864 world=(73.5, 0.0, 47.5) screen=(4481.519, 1623.924)
[Dev] interact @Area3D@97865 world=(90.5, 0.0, 47.5) screen=(5268.335, 2078.189)
[Dev] interact @Area3D@97866 world=(111.5, 0.0, 49.5) screen=(6147.719, 2692.782)
[Dev] interact @Area3D@97867 world=(101.5, 0.0, 101.5) screen=(3278.151, 3815.083)
[Dev] interact @Area3D@97868 world=(86.5, 0.0, 76.5) screen=(3740.984, 2746.225)
[Dev] interact @Area3D@97869 world=(53.5, 0.0, 52.5) screen=(3324.434, 1223.102)
[Dev] interact @Area3D@97870 world=(87.5, 0.0, 95.5) screen=(2907.884, 3280.654)
[Dev] interact @Area3D@97871 world=(26.5, 0.0, 66.5) screen=(1426.817, 875.7234)
[Dev] interact @Area3D@97872 world=(17.5, 0.0, 60.5) screen=(1287.967, 474.9016)
[Dev] interact @Area3D@97873 world=(86.5, 0.0, 22.5) screen=(6240.286, 1303.266)
[Dev] interact @Area3D@97874 world=(59.5, 0.0, 65.5) screen=(3000.451, 1730.81)
[Dev] interact @Area3D@97875 world=(18.5, 0.0, 74.5) screen=(686.2832, 875.7234)
[Dev] interact @Area3D@97876 world=(44.5, 0.0, 69.5) screen=(2121.067, 1436.874)
[Dev] interact @Area3D@97877 world=(73.5, 0.0, 49.5) screen=(4388.952, 1677.367)
[Dev] interact @Area3D@97878 world=(88.5, 0.0, 52.5) screen=(4944.352, 2158.353)
[Dev] removed 77 enemies
[Dev] stairs Down_cave dir=1 world=(88.5, 0.0, 3.5) screen=(4620.368, -652.7427)
[Dev] interact Waypoint world=(62.5, 0.0, 65.5) screen=(547.4333, 261.1302)
[Dev] interact FloorItem world=(32.5, 0.0, 70.5) screen=(-1072.484, -406.906)
[Dev] interact @Area3D@97633 world=(33.5, 0.0, 69.5) screen=(-979.9173, -406.9061)
[Dev] interact PusJar world=(95.5, 0.0, 103.5) screen=(316.0165, 2158.353)
[Dev] interact @Area3D@97860 world=(101.5, 0.0, 105.5) screen=(501.1499, 2372.125)
[Dev] interact @Area3D@97861 world=(98.5, 0.0, 107.5) screen=(269.7332, 2345.403)
[Dev] interact LootChest world=(27.5, 0.0, 70.5) screen=(-1303.901, -540.5132)
[Dev] interact @Area3D@97862 world=(94.5, 0.0, 100.5) screen=(408.5833, 2051.468)
[Dev] interact @Area3D@97863 world=(55.5, 0.0, 52.5) screen=(825.1334, -273.2989)
[Dev] interact LootPot world=(46.5, 0.0, 68.5) screen=(-331.9504, -86.24869)
[Dev] interact @Area3D@97864 world=(73.5, 0.0, 47.5) screen=(1889.651, 74.07999)
[Dev] interact @Area3D@97865 world=(90.5, 0.0, 47.5) screen=(2676.468, 528.3447)
[Dev] interact @Area3D@97866 world=(111.5, 0.0, 49.5) screen=(3555.852, 1142.938)
[Dev] interact @Area3D@97867 world=(101.5, 0.0, 101.5) screen=(686.2833, 2265.239)
[Dev] interact @Area3D@97868 world=(86.5, 0.0, 76.5) screen=(1149.117, 1196.381)
[Dev] interact @Area3D@97869 world=(53.5, 0.0, 52.5) screen=(732.5667, -326.7417)
[Dev] interact @Area3D@97870 world=(87.5, 0.0, 95.5) screen=(316.0165, 1730.81)
[Dev] interact @Area3D@97871 world=(26.5, 0.0, 66.5) screen=(-1165.051, -674.1207)
[Dev] interact @Area3D@97872 world=(17.5, 0.0, 60.5) screen=(-1303.901, -1074.942)
[Dev] interact @Area3D@97873 world=(86.5, 0.0, 22.5) screen=(3648.418, -246.5774)
[Dev] interact @Area3D@97874 world=(59.5, 0.0, 65.5) screen=(408.5832, 180.9658)
[Dev] interact @Area3D@97875 world=(18.5, 0.0, 74.5) screen=(-1905.584, -674.1207)
[Dev] interact @Area3D@97876 world=(44.5, 0.0, 69.5) screen=(-470.8006, -112.9701)
[Dev] interact @Area3D@97877 world=(73.5, 0.0, 49.5) screen=(1797.084, 127.5229)
[Dev] interact @Area3D@97878 world=(88.5, 0.0, 52.5) screen=(2352.484, 608.5091)
[Click] world=(62.5, 0.0, 65.5) cell=(62, 65)
[Waypoint] activated deulnyeok:0
[Click] world=(88.5, 0.0, 3.5) cell=(88, 3)
[Dungeon] heukrang_gul 1층 lv=2 seed=403727558 gen 64x64 rooms=6 up=(44, 56) down=(7, 23) enemies=20 roster=bandit,bat,talisman_master elites=["방2:금색×3(깊이 0.50)"] named=-
[Quest] heukrang_gul 1층 — 싹쓸이 셈 시작 20 (heukrang_clear:none)
[Save] level 흑랑 굴 1층 → user://save_e2e.json (C:/Users/FORYOUCOM/AppData/Roaming/Godot/app_userdata/Joseon Hunters/wt/codex-630-whirl-structure/save_e2e.json)
[Dev] stairs StairsUp dir=-1 world=(44.5, 0.0, 56.5) screen=(593.7165, 335.9509)
[Dev] stairs StairsDown dir=1 world=(7.5, 0.0, 23.5) screen=(408.583, -1534.551)
[Dev] interact PusJar world=(29.5, 0.0, 42.5) screen=(547.433, -487.0705)
[Dev] interact @Area3D@98081 world=(14.5, 0.0, 24.5) screen=(686.2831, -1368.878)
[Dev] interact @Area3D@98082 world=(23.5, 0.0, 18.5) screen=(1380.534, -1288.714)
[Dev] interact LootChest world=(29.5, 0.0, 39.5) screen=(686.2831, -567.2349)
[Dev] interact @Area3D@98083 world=(40.5, 0.0, 38.5) screen=(1241.683, -300.0204)
[Dev] interact LootPot world=(17.5, 0.0, 43.5) screen=(-54.25064, -781.0067)
[Dev] interact @Area3D@98084 world=(18.5, 0.0, 44.5) screen=(-54.25041, -727.5637)
[Dev] interact @Area3D@98085 world=(19.5, 0.0, 9.5) screen=(1611.95, -1636.093)
[Dev] interact @Area3D@98086 world=(20.5, 0.0, 9.5) screen=(1658.234, -1609.372)
[Dev] interact @Area3D@98087 world=(43.5, 0.0, 60.5) screen=(362.2997, 368.0159)
[Dev] interact @Area3D@98088 world=(43.5, 0.0, 59.5) screen=(408.583, 341.2944)
[Dev] interact @Area3D@98089 world=(21.5, 0.0, 39.5) screen=(316.0163, -781.0065)
[Dev] removed 20 enemies
[Click] world=(7.500002, 0.0, 23.5) cell=(7, 23)
[Dungeon] heukrang_gul 2층 lv=3 seed=3189434797 preset 28x28 rooms=2 up=(22, 23) down=(-1, -1) enemies=2 roster=bat elites=[] named=-
[Audio] BGM boss → boss.ogg
[Save] level 흑랑 굴 2층 → user://save_e2e.json (C:/Users/FORYOUCOM/AppData/Roaming/Godot/app_userdata/Joseon Hunters/wt/codex-630-whirl-structure/save_e2e.json)
[Dev] stairs StairsUp dir=-1 world=(22.5, 0.0, 23.5) screen=(593.7167, 335.9507)
[Dev] near boss hp=195/195
[Kill] +185 xp (lv 4, 4/160)
[LevelUp] lv=4 stat_pts=15 skill_pts=3
[Dev] item 탕약 — 쌍화탕 world=(7.5, 0.0, 8.5) screen=(501.1499, 265.5589)
[Dev] item 탕약 — 쌍화탕 world=(7.5, 0.0, 8.5) screen=(501.1499, 265.5589)
[Dev] item 탕약 — 쌍화탕 world=(7.5, 0.0, 8.5) screen=(501.1499, 265.5589)
[Dev] item 식별부 world=(7.5, 0.0, 8.5) screen=(501.1499, 265.5589)
[Dev] item 흠 있는 황옥 world=(7.5, 0.0, 8.5) screen=(501.1499, 265.5589)
[Dev] item 깨진 백옥 world=(7.5, 0.0, 8.5) screen=(501.1499, 265.5589)
[Dev] item 흑랑 이빨 world=(7.5, 0.0, 8.5) screen=(501.1499, 265.5589)
[Dev] item 흑랑 이빨 world=(7.5, 0.0, 8.5) screen=(501.1499, 265.5589)
[Dev] item 만사 world=(7.5, 0.0, 8.5) screen=(501.1499, 265.5589)
[Dev] item 미식별 옥패 world=(7.5, 0.0, 8.5) screen=(501.1499, 265.5589)
[Dev] item 미식별 목검 world=(7.5, 0.0, 8.5) screen=(501.1499, 265.5589)
[Dev] item 미식별 옥패 world=(7.5, 0.0, 8.5) screen=(501.1499, 265.5589)
[Loot] 보스 전용 유니크 — boss_heukrang 첫 처치 → u_heukrang_fang (회차 1)
[Dev] item 흑랑의 봉인패 world=(7.5, 0.0, 8.5) screen=(501.1499, 265.5589)
[Dev] item 엽전 world=(7.5, 0.0, 8.5) screen=(501.1499, 265.5589)
[Save] boss → user://save_e2e.json (C:/Users/FORYOUCOM/AppData/Roaming/Godot/app_userdata/Joseon Hunters/wt/codex-630-whirl-structure/save_e2e.json)
[Boss] killed area=heukrang_gul level=3 flags={ "opening_pending": false, "story": { "entered/motgol": true, "entered/deulnyeok": true, "entered/heukrang_gul": true }, "quest": { "heukrang_seal": { "state": "killed" }, "heukrang_clear": { "state": "none", "left": 20, "barked": false }, "heukrang_thanks": { "state": "killed" } }, "seal:boss_heukrang": 1, "boss_killed_heukrang_gul": true }
[Audio] 같은 순간 같은 큐 상한(3) 넘침 — drop ×8 (버림 누계 722)
[Dev] removed 3 enemies
[Dev] interact Portal world=(9.5, 0.0, 7.5) screen=(640.0, 258.4795)
[Portal] opened heukrang_gul 2층 pos=(9.5, 0.0, 7.5)
[Click] world=(9.5, 0.0, 7.5) cell=(9, 7)
[Dev] interact Portal world=(-1.2, 0.0, 2.4) screen=(579.8315, 279.835)
[Audio] BGM town → town.ogg
[Save] level 못골 마을 → user://save_e2e.json (C:/Users/FORYOUCOM/AppData/Roaming/Godot/app_userdata/Joseon Hunters/wt/codex-630-whirl-structure/save_e2e.json)
[Portal] travel → motgol 0층 portal={ "area": &"heukrang_gul", "floor": 2, "pos": (9.5, 0.0, 7.5), "returned": false }
[Dev] stairs DungeonEntrance dir=1 world=(0.0, 0.0, -31.0) screen=(2181.236, -532.4963)
[Dev] interact Merchant world=(5.4, 0.0, -2.4) screen=(1107.462, 327.9336)
[Dev] interact Shaman world=(-5.6, 0.0, 0.4) screen=(468.7516, 108.8176)
[Dev] interact Elder world=(2.0, 0.0, -5.6) screen=(1098.205, 151.572)
[Dev] interact Jumo world=(7.1, 0.0, -1.4) screen=(1139.86, 400.0815)
[Dev] interact StashChest world=(3.3, 0.0, -2.05) screen=(994.0676, 281.1711)
[Dev] interact Waypoint world=(-4.2, 0.0, 2.2) screen=(450.2382, 194.3264)
[Dev] interact Portal world=(-1.2, 0.0, 2.4) screen=(579.8315, 279.835)
[Load] lv=4 gold=0 flags={ "boss_killed_heukrang_gul": true, "opening_pending": false, "quest": { "heukrang_clear": { "state": "none", "left": 20, "barked": false }, "heukrang_seal": { "state": "killed" }, "heukrang_thanks": { "state": "killed" } }, "seal:boss_heukrang": 1.0, "story": { "entered/deulnyeok": true, "entered/heukrang_gul": true, "entered/motgol": true } } portal={ "area": &"heukrang_gul", "floor": 2, "pos": (9.5, 0.0, 7.5), "returned": false } wps=["deulnyeok:0"]
[Dev] interact Portal world=(-1.2, 0.0, 2.4) screen=(519.6633, 319.9171)
[Save] level 못골 마을 → user://save_e2e.json (C:/Users/FORYOUCOM/AppData/Roaming/Godot/app_userdata/Joseon Hunters/wt/codex-630-whirl-structure/save_e2e.json)
[Dev] stairs DungeonEntrance dir=1 world=(0.0, 0.0, -31.0) screen=(2121.067, -492.4143)
[Dev] interact Merchant world=(5.4, 0.0, -2.4) screen=(1047.293, 368.0158)
[Dev] interact Shaman world=(-5.6, 0.0, 0.4) screen=(408.5833, 148.8999)
[Dev] interact Elder world=(2.0, 0.0, -5.6) screen=(1038.037, 191.6542)
[Dev] interact Jumo world=(7.1, 0.0, -1.4) screen=(1079.692, 440.1637)
[Dev] interact StashChest world=(3.3, 0.0, -2.05) screen=(933.8992, 321.2533)
[Dev] interact Waypoint world=(-4.2, 0.0, 2.2) screen=(390.0698, 234.4085)
[Dev] interact Portal world=(-1.2, 0.0, 2.4) screen=(519.6633, 319.9171)
E2E slice_loop PASS (검사 29)
[Save] level 못골 마을 → user://save_e2e.json (C:/Users/FORYOUCOM/AppData/Roaming/Godot/app_userdata/Joseon Hunters/wt/codex-630-whirl-structure/save_e2e.json)
[Dev] stairs DungeonEntrance dir=1 world=(0.0, 0.0, -31.0) screen=(2121.067, -492.4143)
[Dev] interact Merchant world=(5.4, 0.0, -2.4) screen=(1047.293, 368.0158)
[Dev] interact Shaman world=(-5.6, 0.0, 0.4) screen=(408.5833, 148.8999)
[Dev] interact Elder world=(2.0, 0.0, -5.6) screen=(1038.037, 191.6542)
[Dev] interact Jumo world=(7.1, 0.0, -1.4) screen=(1079.692, 440.1637)
[Dev] interact StashChest world=(3.3, 0.0, -2.05) screen=(933.8992, 321.2533)
[Dev] interact Waypoint world=(-4.2, 0.0, 2.2) screen=(390.0698, 234.4085)
E2E ▶ plaza_light
  · 환경광 0.18 · 해 0.33 · 등롱 2.20/4.6 · 플레이어 빛 1.40/4.5 · 캐릭터 빛 0.45
E2E plaza_light PASS (검사 8)
[Save] level 못골 마을 → user://save_e2e.json (C:/Users/FORYOUCOM/AppData/Roaming/Godot/app_userdata/Joseon Hunters/wt/codex-630-whirl-structure/save_e2e.json)
[Dev] stairs DungeonEntrance dir=1 world=(0.0, 0.0, -31.0) screen=(2121.067, -492.4143)
[Dev] interact Merchant world=(5.4, 0.0, -2.4) screen=(1047.293, 368.0158)
[Dev] interact Shaman world=(-5.6, 0.0, 0.4) screen=(408.5833, 148.8999)
[Dev] interact Elder world=(2.0, 0.0, -5.6) screen=(1038.037, 191.6542)
[Dev] interact Jumo world=(7.1, 0.0, -1.4) screen=(1079.692, 440.1637)
[Dev] interact StashChest world=(3.3, 0.0, -2.05) screen=(933.8992, 321.2533)
[Dev] interact Waypoint world=(-4.2, 0.0, 2.2) screen=(390.0698, 234.4085)
E2E ▶ town_tour
E2E town_tour PASS (검사 2)
[Save] level 못골 마을 → user://save_e2e.json (C:/Users/FORYOUCOM/AppData/Roaming/Godot/app_userdata/Joseon Hunters/wt/codex-630-whirl-structure/save_e2e.json)
[Dev] stairs DungeonEntrance dir=1 world=(0.0, 0.0, -31.0) screen=(2121.067, -492.4143)
[Dev] interact Merchant world=(5.4, 0.0, -2.4) screen=(1047.293, 368.0158)
[Dev] interact Shaman world=(-5.6, 0.0, 0.4) screen=(408.5833, 148.8999)
[Dev] interact Elder world=(2.0, 0.0, -5.6) screen=(1038.037, 191.6542)
[Dev] interact Jumo world=(7.1, 0.0, -1.4) screen=(1079.692, 440.1637)
[Dev] interact StashChest world=(3.3, 0.0, -2.05) screen=(933.8992, 321.2533)
[Dev] interact Waypoint world=(-4.2, 0.0, 2.2) screen=(390.0698, 234.4085)
E2E ▶ aoe_field
[Dungeon] heukrang_gul 1층 lv=2 seed=403727558 gen 64x64 rooms=6 up=(44, 56) down=(7, 23) enemies=20 roster=bandit,bat,talisman_master elites=["방2:금색×3(깊이 0.50)"] named=-
[Quest] heukrang_gul 1층 — 싹쓸이 셈 시작 20 (heukrang_clear:none)
[Audio] BGM dungeon → dungeon_3.ogg
[Save] level 흑랑 굴 1층 → user://save_e2e.json (C:/Users/FORYOUCOM/AppData/Roaming/Godot/app_userdata/Joseon Hunters/wt/codex-630-whirl-structure/save_e2e.json)
[Dev] stairs StairsUp dir=-1 world=(44.5, 0.0, 56.5) screen=(593.7165, 335.9509)
[Dev] stairs StairsDown dir=1 world=(7.5, 0.0, 23.5) screen=(408.583, -1534.551)
[Dev] interact PusJar world=(29.5, 0.0, 42.5) screen=(547.433, -487.0705)
[Dev] interact @Area3D@99196 world=(14.5, 0.0, 24.5) screen=(686.2831, -1368.878)
[Dev] interact @Area3D@99197 world=(23.5, 0.0, 18.5) screen=(1380.534, -1288.714)
[Dev] interact LootChest world=(29.5, 0.0, 39.5) screen=(686.2831, -567.2349)
[Dev] interact @Area3D@99198 world=(40.5, 0.0, 38.5) screen=(1241.683, -300.0204)
[Dev] interact LootPot world=(17.5, 0.0, 43.5) screen=(-54.25064, -781.0067)
[Dev] interact @Area3D@99199 world=(18.5, 0.0, 44.5) screen=(-54.25041, -727.5637)
[Dev] interact @Area3D@99200 world=(19.5, 0.0, 9.5) screen=(1611.95, -1636.093)
[Dev] interact @Area3D@99201 world=(20.5, 0.0, 9.5) screen=(1658.234, -1609.372)
[Dev] interact @Area3D@99202 world=(43.5, 0.0, 60.5) screen=(362.2997, 368.0159)
[Dev] interact @Area3D@99203 world=(43.5, 0.0, 59.5) screen=(408.583, 341.2944)
[Dev] interact @Area3D@99204 world=(21.5, 0.0, 39.5) screen=(316.0163, -781.0065)
[Dev] removed 20 enemies
[Dev] 장판 dev_test 반경 2.2 · 8.0초 · 틱 0.5초 · 예고 0.0초 (살아 있는 판 1)
[Dev] 장판 틱 dev_test #1 → Player
[Dev] 장판 틱 dev_test #2 → Player
[Dev] 장판 틱 dev_test #3 → Player
[Dev] 장판 dev_test 반경 2.2 · 8.0초 · 틱 0.5초 · 예고 0.0초 (살아 있는 판 2)
[Dev] 장판 dev_test 반경 2.2 · 8.0초 · 틱 0.5초 · 예고 0.0초 (살아 있는 판 2)
[Dev] 장판 틱 dev_test #1 → Player
[Dev] 장판 틱 dev_test #2 → Player
[Dev] 장판 틱 dev_test #3 → Player
[Dev] 장판 틱 dev_test #4 → Player
[Dev] 장판 틱 dev_test #5 → Player
[Dev] 장판 틱 dev_test #6 → Player
[Dev] 장판 틱 dev_test #7 → Player
[Dev] 장판 틱 dev_test #8 → Player
[Dev] 장판 틱 dev_test #9 → Player
[Dev] 장판 틱 dev_test #10 → Player
[Dev] 장판 지움 1
[Dev] 장판 dev_burst 반경 3.0 · 0.5초 · 틱 0.0초 · 예고 0.6초 (살아 있는 판 1)
[Dev] 장판 틱 dev_burst #1 → Player
[Dev] 장판 dev_test 반경 2.2 · 8.0초 · 틱 0.5초 · 예고 0.0초 (살아 있는 판 1)
[Dungeon] heukrang_gul 2층 lv=3 seed=3189434797 preset 28x28 rooms=2 up=(22, 23) down=(-1, -1) enemies=2 roster=bat elites=[] named=-
[Audio] BGM boss → boss.ogg
[Save] level 흑랑 굴 2층 → user://save_e2e.json (C:/Users/FORYOUCOM/AppData/Roaming/Godot/app_userdata/Joseon Hunters/wt/codex-630-whirl-structure/save_e2e.json)
[Dev] stairs StairsUp dir=-1 world=(22.5, 0.0, 23.5) screen=(593.7167, 335.9507)
E2E aoe_field PASS (검사 20)
[Audio] BGM town → town.ogg
[Save] level 못골 마을 → user://save_e2e.json (C:/Users/FORYOUCOM/AppData/Roaming/Godot/app_userdata/Joseon Hunters/wt/codex-630-whirl-structure/save_e2e.json)
[Dev] stairs DungeonEntrance dir=1 world=(0.0, 0.0, -31.0) screen=(2121.067, -492.4143)
[Dev] interact Merchant world=(5.4, 0.0, -2.4) screen=(1047.293, 368.0158)
[Dev] interact Shaman world=(-5.6, 0.0, 0.4) screen=(408.5833, 148.8999)
[Dev] interact Elder world=(2.0, 0.0, -5.6) screen=(1038.037, 191.6542)
[Dev] interact Jumo world=(7.1, 0.0, -1.4) screen=(1079.692, 440.1637)
[Dev] interact StashChest world=(3.3, 0.0, -2.05) screen=(933.8992, 321.2533)
[Dev] interact Waypoint world=(-4.2, 0.0, 2.2) screen=(390.0698, 234.4085)
E2E ▶ long_body
[Dungeon] heukrang_gul 1층 lv=2 seed=403727558 gen 64x64 rooms=6 up=(44, 56) down=(7, 23) enemies=20 roster=bandit,bat,talisman_master elites=["방2:금색×3(깊이 0.50)"] named=-
[Quest] heukrang_gul 1층 — 싹쓸이 셈 시작 20 (heukrang_clear:none)
[Audio] BGM dungeon → dungeon_1.ogg
[Save] level 흑랑 굴 1층 → user://save_e2e.json (C:/Users/FORYOUCOM/AppData/Roaming/Godot/app_userdata/Joseon Hunters/wt/codex-630-whirl-structure/save_e2e.json)
[Dev] stairs StairsUp dir=-1 world=(44.5, 0.0, 56.5) screen=(593.7165, 335.9509)
[Dev] stairs StairsDown dir=1 world=(7.5, 0.0, 23.5) screen=(408.583, -1534.551)
[Dev] interact PusJar world=(29.5, 0.0, 42.5) screen=(547.433, -487.0705)
[Dev] interact @Area3D@99640 world=(14.5, 0.0, 24.5) screen=(686.2831, -1368.878)
[Dev] interact @Area3D@99641 world=(23.5, 0.0, 18.5) screen=(1380.534, -1288.714)
[Dev] interact LootChest world=(29.5, 0.0, 39.5) screen=(686.2831, -567.2349)
[Dev] interact @Area3D@99642 world=(40.5, 0.0, 38.5) screen=(1241.683, -300.0204)
[Dev] interact LootPot world=(17.5, 0.0, 43.5) screen=(-54.25064, -781.0067)
[Dev] interact @Area3D@99643 world=(18.5, 0.0, 44.5) screen=(-54.25041, -727.5637)
[Dev] interact @Area3D@99644 world=(19.5, 0.0, 9.5) screen=(1611.95, -1636.093)
[Dev] interact @Area3D@99645 world=(20.5, 0.0, 9.5) screen=(1658.234, -1609.372)
[Dev] interact @Area3D@99646 world=(43.5, 0.0, 60.5) screen=(362.2997, 368.0159)
[Dev] interact @Area3D@99647 world=(43.5, 0.0, 59.5) screen=(408.583, 341.2944)
[Dev] interact @Area3D@99648 world=(21.5, 0.0, 39.5) screen=(316.0163, -781.0065)
[Dev] removed 20 enemies
[Click] world=(27.5, 0.000391, 49.5) cell=(27, 49)
[Click] world=(27.5, 0.000391, 49.5) cell=(27, 49)
[Click] world=(27.5, 0.000391, 49.5) cell=(27, 49)
[Click] world=(27.5, 0.000391, 49.5) cell=(27, 49)
[Kill] +8 xp (lv 1, 8/20)
[Dev] item 엽전 world=(22.52841, 0.0, 49.5) screen=(872.7305, 478.3544)
[Save] quest → user://save_e2e.json (C:/Users/FORYOUCOM/AppData/Roaming/Godot/app_userdata/Joseon Hunters/wt/codex-630-whirl-structure/save_e2e.json)
[Quest] heukrang_clear 싹쓸이 완료 (none → killed)
[Dev] removed 1 enemies
[Kill] +8 xp (lv 1, 16/20)
[Dev] item 식별부 world=(27.5, 0.0, 49.5) screen=(1102.833, 611.2025)
[Dev] removed 1 enemies
E2E long_body PASS (검사 13)
[Audio] BGM town → town.ogg
[Save] level 못골 마을 → user://save_e2e.json (C:/Users/FORYOUCOM/AppData/Roaming/Godot/app_userdata/Joseon Hunters/wt/codex-630-whirl-structure/save_e2e.json)
[Dev] stairs DungeonEntrance dir=1 world=(0.0, 0.0, -31.0) screen=(2121.067, -492.4143)
[Dev] interact Merchant world=(5.4, 0.0, -2.4) screen=(1047.293, 368.0158)
[Dev] interact Shaman world=(-5.6, 0.0, 0.4) screen=(408.5833, 148.8999)
[Dev] interact Elder world=(2.0, 0.0, -5.6) screen=(1038.037, 191.6542)
[Dev] interact Jumo world=(7.1, 0.0, -1.4) screen=(1079.692, 440.1637)
[Dev] interact StashChest world=(3.3, 0.0, -2.05) screen=(933.8992, 321.2533)
[Dev] interact Waypoint world=(-4.2, 0.0, 2.2) screen=(390.0698, 234.4085)
E2E ▶ named_imugi
[Field] jeongnyeongjae seed=3599041059 128x176 props=2820 packs=13 enemies=72 waypoint=(61, 66) roster=hwajeok,vampire_bat,lightning_master | hwajeok,hollin_yeogung_bow,gaekgwi elites=["8:금색×3@구간2", "10:금색×3@구간3"]
[Audio] BGM dungeon → dungeon_3.ogg
[Save] level 정령재 → user://save_e2e.json (C:/Users/FORYOUCOM/AppData/Roaming/Godot/app_userdata/Joseon Hunters/wt/codex-630-whirl-structure/save_e2e.json)
[Dev] stairs Down_cave dir=1 world=(60.5, 0.0, 3.5) screen=(9896.671, -2149.144)
[Dev] stairs Down_mine dir=1 world=(125.5, 0.0, 70.5) screen=(9804.104, 1378.087)
[Dev] interact Waypoint world=(61.5, 0.0, 66.5) screen=(7027.103, -487.0706)
[Dev] interact LootChest world=(5.5, 0.0, 141.5) screen=(963.9833, 20.637)
[Dev] interact @Area3D@101257 world=(26.5, 0.0, 123.5) screen=(2769.034, 100.8014)
[Dev] interact @Area3D@101258 world=(61.5, 0.0, 88.5) screen=(6008.868, 100.8013)
[Dev] interact @Area3D@101259 world=(82.5, 0.0, 48.5) screen=(8832.153, -406.9061)
[Dev] interact LootPot world=(70.5, 0.0, 9.5) screen=(10081.8, -1769.7)
[Dev] interact @Area3D@101260 world=(59.5, 0.0, 82.5) screen=(6194.002, -112.9702)
[Dev] interact @Area3D@101261 world=(39.5, 0.0, 58.5) screen=(6379.136, -1288.714)
[Dev] interact @Area3D@101262 world=(32.5, 0.0, 37.5) screen=(7027.103, -2036.915)
[Dev] interact @Area3D@101263 world=(30.5, 0.0, 123.5) screen=(2954.168, 207.6872)
[Dev] interact @Area3D@101264 world=(96.5, 0.0, 125.5) screen=(5916.303, 2024.746)
[Dev] interact @Area3D@101265 world=(89.5, 0.0, 59.5) screen=(8647.021, 74.08006)
[Dev] interact @Area3D@101266 world=(22.5, 0.0, 41.5) screen=(6379.136, -2197.243)
[Dev] interact @Area3D@101267 world=(56.5, 0.0, 51.5) screen=(7489.937, -1021.5)
[Dev] interact @Area3D@101268 world=(7.5, 0.0, 142.5) screen=(1010.267, 100.8013)
[Dev] interact @Area3D@101269 world=(101.5, 0.0, 72.5) screen=(8600.737, 742.1163)
[Dev] interact @Area3D@101270 world=(77.5, 0.0, 34.5) screen=(9248.703, -914.6136)
[Kill] +218 xp (lv 4, 37/160)
[LevelUp] lv=4 stat_pts=15 skill_pts=3
[Dev] item 엽전 world=(24.5, 0.0, 48.5) screen=(362.2999, 506.9678)
[Dev] item 탕약 — 십전대보탕 world=(24.5, 0.0, 48.5) screen=(362.2999, 506.9678)
[Dev] item 영약 — 생맥산 world=(24.5, 0.0, 48.5) screen=(362.2999, 506.9678)
[Dev] item 깨진 흑옥 world=(24.5, 0.0, 48.5) screen=(362.2999, 506.9678)
[Dev] item 괴황지 world=(24.5, 0.0, 48.5) screen=(362.2999, 506.9678)
[Dev] item 형통 world=(24.5, 0.0, 48.5) screen=(362.2999, 506.9678)
[Dev] item 비결서 쪽 world=(24.5, 0.0, 48.5) screen=(362.2999, 506.9678)
[Dev] item 미식별 환도 world=(24.5, 0.0, 48.5) screen=(362.2999, 506.9678)
[Dev] item 미식별 삿갓 world=(24.5, 0.0, 48.5) screen=(362.2999, 506.9678)
[Dev] item 미식별 부적 목판 world=(24.5, 0.0, 48.5) screen=(362.2999, 506.9678)
[Dev] item 목화 world=(24.5, 0.0, 48.5) screen=(362.2999, 506.9678)
[Loot] 네임드 — imugi 첫 처치 → u_imugi_scale · 조각 없음 · 장비 3 (회차 1)
[Audio] 같은 순간 같은 큐 상한(3) 넘침 — drop ×5 (버림 누계 727)
[Kill] +195 xp (lv 5, 72/224)
[LevelUp] lv=5 stat_pts=20 skill_pts=4
[Dev] item 엽전 world=(27.5, 0.0, 42.5) screen=(778.8501, 424.1639)
[Dev] item 탕약 — 쌍화탕 world=(27.5, 0.0, 42.5) screen=(778.8501, 424.1639)
[Dev] item 영약 — 생맥산 world=(27.5, 0.0, 42.5) screen=(778.8501, 424.1639)
[Dev] item 흠 있는 적옥 world=(27.5, 0.0, 42.5) screen=(778.8501, 424.1639)
[Dev] item 미식별 옥가락지 world=(27.5, 0.0, 42.5) screen=(778.8501, 424.1639)
[Dev] item 두정갑 world=(27.5, 0.0, 42.5) screen=(778.8501, 424.1639)
[Loot] 네임드 — imugi 재처치 → 없음 · 조각 없음 · 장비 2 (회차 1)
[Dev] removed 2 enemies
E2E named_imugi PASS (검사 13)
[Audio] BGM town → town.ogg
[Save] level 못골 마을 → user://save_e2e.json (C:/Users/FORYOUCOM/AppData/Roaming/Godot/app_userdata/Joseon Hunters/wt/codex-630-whirl-structure/save_e2e.json)
[Dev] stairs DungeonEntrance dir=1 world=(0.0, 0.0, -31.0) screen=(2121.067, -492.4143)
[Dev] interact Merchant world=(5.4, 0.0, -2.4) screen=(1047.293, 368.0158)
[Dev] interact Shaman world=(-5.6, 0.0, 0.4) screen=(408.5833, 148.8999)
[Dev] interact Elder world=(2.0, 0.0, -5.6) screen=(1038.037, 191.6542)
[Dev] interact Jumo world=(7.1, 0.0, -1.4) screen=(1079.692, 440.1637)
[Dev] interact StashChest world=(3.3, 0.0, -2.05) screen=(933.8992, 321.2533)
[Dev] interact Waypoint world=(-4.2, 0.0, 2.2) screen=(390.0698, 234.4085)
E2E ▶ named_gaksi
[Dev] item 화염부 world=(32.5, 0.0, 70.5) screen=(-1074.157, 3069.44)
[Dev] item 빙결부 world=(33.5, 0.0, 69.5) screen=(-981.59, 3069.439)
[Field] deulnyeok seed=355022911 128x128 props=2252 packs=18 enemies=77 waypoint=(62, 65) roster=bandit,bat,talisman_master elites=["13:파란×4@구간3"]
[Audio] BGM dungeon → dungeon_1.ogg
[Save] level 못골 들녘 → user://save_e2e.json (C:/Users/FORYOUCOM/AppData/Roaming/Godot/app_userdata/Joseon Hunters/wt/codex-630-whirl-structure/save_e2e.json)
[Dev] stairs Down_cave dir=1 world=(88.5, 0.0, 3.5) screen=(7212.236, 897.1014)
[Dev] interact Waypoint world=(62.5, 0.0, 65.5) screen=(3139.301, 1810.974)
[Dev] interact FloorItem world=(32.5, 0.0, 70.5) screen=(1519.384, 1142.938)
[Dev] interact @Area3D@101959 world=(33.5, 0.0, 69.5) screen=(1611.95, 1142.938)
[Dev] interact PusJar world=(95.5, 0.0, 103.5) screen=(2907.884, 3708.197)
[Dev] interact @Area3D@102186 world=(101.5, 0.0, 105.5) screen=(3093.018, 3921.969)
[Dev] interact @Area3D@102187 world=(98.5, 0.0, 107.5) screen=(2861.601, 3895.247)
[Dev] interact LootChest world=(27.5, 0.0, 70.5) screen=(1287.967, 1009.331)
[Dev] interact @Area3D@102188 world=(94.5, 0.0, 100.5) screen=(3000.451, 3601.312)
[Dev] interact @Area3D@102189 world=(55.5, 0.0, 52.5) screen=(3417.001, 1276.545)
[Dev] interact LootPot world=(46.5, 0.0, 68.5) screen=(2259.917, 1463.595)
[Dev] interact @Area3D@102190 world=(73.5, 0.0, 47.5) screen=(4481.519, 1623.924)
[Dev] interact @Area3D@102191 world=(90.5, 0.0, 47.5) screen=(5268.335, 2078.189)
[Dev] interact @Area3D@102192 world=(111.5, 0.0, 49.5) screen=(6147.719, 2692.782)
[Dev] interact @Area3D@102193 world=(101.5, 0.0, 101.5) screen=(3278.151, 3815.083)
[Dev] interact @Area3D@102194 world=(86.5, 0.0, 76.5) screen=(3740.984, 2746.225)
[Dev] interact @Area3D@102195 world=(53.5, 0.0, 52.5) screen=(3324.434, 1223.102)
[Dev] interact @Area3D@102196 world=(87.5, 0.0, 95.5) screen=(2907.884, 3280.654)
[Dev] interact @Area3D@102197 world=(26.5, 0.0, 66.5) screen=(1426.817, 875.7234)
[Dev] interact @Area3D@102198 world=(17.5, 0.0, 60.5) screen=(1287.967, 474.9016)
[Dev] interact @Area3D@102199 world=(86.5, 0.0, 22.5) screen=(6240.286, 1303.266)
[Dev] interact @Area3D@102200 world=(59.5, 0.0, 65.5) screen=(3000.451, 1730.81)
[Dev] interact @Area3D@102201 world=(18.5, 0.0, 74.5) screen=(686.2832, 875.7234)
[Dev] interact @Area3D@102202 world=(44.5, 0.0, 69.5) screen=(2121.067, 1436.874)
[Dev] interact @Area3D@102203 world=(73.5, 0.0, 49.5) screen=(4388.952, 1677.367)
[Dev] interact @Area3D@102204 world=(88.5, 0.0, 52.5) screen=(4944.352, 2158.353)
[Kill] +130 xp (lv 3, 53/104)
[LevelUp] lv=3 stat_pts=10 skill_pts=2
[Dev] item 엽전 world=(98.5, 0.0, 104.5) screen=(1010.267, 346.1683)
[Dev] item 영약 — 생맥산 world=(98.5, 0.0, 104.5) screen=(1010.267, 346.1683)
[Dev] item 영약 — 생맥산 world=(98.5, 0.0, 104.5) screen=(1010.267, 346.1683)
[Dev] item 깨진 백옥 world=(98.5, 0.0, 104.5) screen=(1010.267, 346.1683)
[Dev] item 비결서 쪽 world=(98.5, 0.0, 104.5) screen=(1010.267, 346.1683)
[Dev] item 화염부 world=(98.5, 0.0, 104.5) screen=(1010.267, 346.1683)
[Dev] item 화염부 world=(98.5, 0.0, 104.5) screen=(1010.267, 346.1683)
[Dev] item 미식별 인장 world=(98.5, 0.0, 104.5) screen=(1010.267, 346.1683)
[Dev] item 미식별 가죽갑 world=(98.5, 0.0, 104.5) screen=(1010.267, 346.1683)
[Dev] item 무명띠 world=(98.5, 0.0, 104.5) screen=(1010.267, 346.1683)
[Dev] item 미식별 옥가락지 world=(98.5, 0.0, 104.5) screen=(1010.267, 346.1683)
[Save] quest → user://save_e2e.json (C:/Users/FORYOUCOM/AppData/Roaming/Godot/app_userdata/Joseon Hunters/wt/codex-630-whirl-structure/save_e2e.json)
[Loot] 네임드 — gaksi_gwisin 첫 처치 → 없음 · 조각 set_ojakgyo_jiknyeo · 장비 3 (회차 1)
[Audio] 같은 순간 같은 큐 상한(3) 넘침 — drop ×6 (버림 누계 733)
[Kill] +18 xp (lv 3, 71/104)
[Kill] +18 xp (lv 3, 89/104)
[Dev] item 화염부 world=(32.5, 0.0, 70.5) screen=(-475.5695, -2336.104)
[Dev] item 빙결부 world=(33.5, 0.0, 69.5) screen=(-383.0027, -2336.104)
[Field] deulnyeok seed=355022911 128x128 props=2252 packs=18 enemies=77 waypoint=(62, 65) roster=bandit,bat,talisman_master elites=["13:파란×4@구간3"]
[Save] level 못골 들녘 → user://save_e2e.json (C:/Users/FORYOUCOM/AppData/Roaming/Godot/app_userdata/Joseon Hunters/wt/codex-630-whirl-structure/save_e2e.json)
[Dev] stairs Down_cave dir=1 world=(88.5, 0.0, 3.5) screen=(7212.236, 897.1014)
[Dev] interact Waypoint world=(62.5, 0.0, 65.5) screen=(3139.301, 1810.974)
[Dev] interact FloorItem world=(32.5, 0.0, 70.5) screen=(1519.384, 1142.938)
[Dev] interact @Area3D@102731 world=(33.5, 0.0, 69.5) screen=(1611.95, 1142.938)
[Dev] interact PusJar world=(95.5, 0.0, 103.5) screen=(2907.884, 3708.197)
[Dev] interact @Area3D@102958 world=(101.5, 0.0, 105.5) screen=(3093.018, 3921.969)
[Dev] interact @Area3D@102959 world=(98.5, 0.0, 107.5) screen=(2861.601, 3895.247)
[Dev] interact LootChest world=(27.5, 0.0, 70.5) screen=(1287.967, 1009.331)
[Dev] interact @Area3D@102960 world=(94.5, 0.0, 100.5) screen=(3000.451, 3601.312)
[Dev] interact @Area3D@102961 world=(55.5, 0.0, 52.5) screen=(3417.001, 1276.545)
[Dev] interact LootPot world=(46.5, 0.0, 68.5) screen=(2259.917, 1463.595)
[Dev] interact @Area3D@102962 world=(73.5, 0.0, 47.5) screen=(4481.519, 1623.924)
[Dev] interact @Area3D@102963 world=(90.5, 0.0, 47.5) screen=(5268.335, 2078.189)
[Dev] interact @Area3D@102964 world=(111.5, 0.0, 49.5) screen=(6147.719, 2692.782)
[Dev] interact @Area3D@102965 world=(101.5, 0.0, 101.5) screen=(3278.151, 3815.083)
[Dev] interact @Area3D@102966 world=(86.5, 0.0, 76.5) screen=(3740.984, 2746.225)
[Dev] interact @Area3D@102967 world=(53.5, 0.0, 52.5) screen=(3324.434, 1223.102)
[Dev] interact @Area3D@102968 world=(87.5, 0.0, 95.5) screen=(2907.884, 3280.654)
[Dev] interact @Area3D@102969 world=(26.5, 0.0, 66.5) screen=(1426.817, 875.7234)
[Dev] interact @Area3D@102970 world=(17.5, 0.0, 60.5) screen=(1287.967, 474.9016)
[Dev] interact @Area3D@102971 world=(86.5, 0.0, 22.5) screen=(6240.286, 1303.266)
[Dev] interact @Area3D@102972 world=(59.5, 0.0, 65.5) screen=(3000.451, 1730.81)
[Dev] interact @Area3D@102973 world=(18.5, 0.0, 74.5) screen=(686.2832, 875.7234)
[Dev] interact @Area3D@102974 world=(44.5, 0.0, 69.5) screen=(2121.067, 1436.874)
[Dev] interact @Area3D@102975 world=(73.5, 0.0, 49.5) screen=(4388.952, 1677.367)
[Dev] interact @Area3D@102976 world=(88.5, 0.0, 52.5) screen=(4944.352, 2158.353)
[Kill] +119 xp (lv 4, 104/160)
[LevelUp] lv=4 stat_pts=15 skill_pts=3
[Dev] item 엽전 world=(98.5, 0.0, 104.5) screen=(3000.451, 3844.498)
[Dev] item 탕약 — 쌍화탕 world=(98.5, 0.0, 104.5) screen=(3000.451, 3844.498)
[Dev] item 탕약 — 쌍화탕 world=(98.5, 0.0, 104.5) screen=(3000.451, 3844.498)
[Dev] item 깨진 흑옥 world=(98.5, 0.0, 104.5) screen=(3000.451, 3844.498)
[Dev] item 미식별 패랭이 world=(98.5, 0.0, 104.5) screen=(3000.451, 3844.498)
[Dev] item 미식별 묵함 world=(98.5, 0.0, 104.5) screen=(3000.451, 3844.498)
[Dev] item 미식별 누비옷 world=(98.5, 0.0, 104.5) screen=(3000.451, 3844.498)
[Loot] 네임드 — gaksi_gwisin 재처치 → 없음 · 조각 없음 · 장비 3 (회차 1)
[Dev] removed 3 enemies
E2E named_gaksi PASS (검사 19)
[Audio] BGM town → town.ogg
[Save] level 못골 마을 → user://save_e2e.json (C:/Users/FORYOUCOM/AppData/Roaming/Godot/app_userdata/Joseon Hunters/wt/codex-630-whirl-structure/save_e2e.json)
[Dev] stairs DungeonEntrance dir=1 world=(0.0, 0.0, -31.0) screen=(2121.067, -492.4143)
[Dev] interact Merchant world=(5.4, 0.0, -2.4) screen=(1047.293, 368.0158)
[Dev] interact Shaman world=(-5.6, 0.0, 0.4) screen=(408.5833, 148.8999)
[Dev] interact Elder world=(2.0, 0.0, -5.6) screen=(1038.037, 191.6542)
[Dev] interact Jumo world=(7.1, 0.0, -1.4) screen=(1079.692, 440.1637)
[Dev] interact StashChest world=(3.3, 0.0, -2.05) screen=(933.8992, 321.2533)
[Dev] interact Waypoint world=(-4.2, 0.0, 2.2) screen=(390.0698, 234.4085)
E2E ▶ serpent_models
[Dungeon] heukrang_gul 1층 lv=2 seed=403727558 gen 64x64 rooms=6 up=(44, 56) down=(7, 23) enemies=20 roster=bandit,bat,talisman_master elites=["방2:금색×3(깊이 0.50)"] named=-
[Quest] heukrang_gul 1층 — 싹쓸이 셈 시작 20 (heukrang_clear:none)
[Audio] BGM dungeon → dungeon_2.ogg
[Save] level 흑랑 굴 1층 → user://save_e2e.json (C:/Users/FORYOUCOM/AppData/Roaming/Godot/app_userdata/Joseon Hunters/wt/codex-630-whirl-structure/save_e2e.json)
[Dev] stairs StairsUp dir=-1 world=(44.5, 0.0, 56.5) screen=(593.7165, 335.9509)
[Dev] stairs StairsDown dir=1 world=(7.5, 0.0, 23.5) screen=(408.583, -1534.551)
[Dev] interact PusJar world=(29.5, 0.0, 42.5) screen=(547.433, -487.0705)
[Dev] interact @Area3D@103347 world=(14.5, 0.0, 24.5) screen=(686.2831, -1368.878)
[Dev] interact @Area3D@103348 world=(23.5, 0.0, 18.5) screen=(1380.534, -1288.714)
[Dev] interact LootChest world=(29.5, 0.0, 39.5) screen=(686.2831, -567.2349)
[Dev] interact @Area3D@103349 world=(40.5, 0.0, 38.5) screen=(1241.683, -300.0204)
[Dev] interact LootPot world=(17.5, 0.0, 43.5) screen=(-54.25064, -781.0067)
[Dev] interact @Area3D@103350 world=(18.5, 0.0, 44.5) screen=(-54.25041, -727.5637)
[Dev] interact @Area3D@103351 world=(19.5, 0.0, 9.5) screen=(1611.95, -1636.093)
[Dev] interact @Area3D@103352 world=(20.5, 0.0, 9.5) screen=(1658.234, -1609.372)
[Dev] interact @Area3D@103353 world=(43.5, 0.0, 60.5) screen=(362.2997, 368.0159)
[Dev] interact @Area3D@103354 world=(43.5, 0.0, 59.5) screen=(408.583, 341.2944)
[Dev] interact @Area3D@103355 world=(21.5, 0.0, 39.5) screen=(316.0163, -781.0065)
[Dev] removed 20 enemies
[Dev] removed 1 enemies
[Dev] removed 1 enemies
E2E serpent_models PASS (검사 18)
[Audio] BGM town → town.ogg
[Save] level 못골 마을 → user://save_e2e.json (C:/Users/FORYOUCOM/AppData/Roaming/Godot/app_userdata/Joseon Hunters/wt/codex-630-whirl-structure/save_e2e.json)
[Dev] stairs DungeonEntrance dir=1 world=(0.0, 0.0, -31.0) screen=(2121.067, -492.4143)
[Dev] interact Merchant world=(5.4, 0.0, -2.4) screen=(1047.293, 368.0158)
[Dev] interact Shaman world=(-5.6, 0.0, 0.4) screen=(408.5833, 148.8999)
[Dev] interact Elder world=(2.0, 0.0, -5.6) screen=(1038.037, 191.6542)
[Dev] interact Jumo world=(7.1, 0.0, -1.4) screen=(1079.692, 440.1637)
[Dev] interact StashChest world=(3.3, 0.0, -2.05) screen=(933.8992, 321.2533)
[Dev] interact Waypoint world=(-4.2, 0.0, 2.2) screen=(390.0698, 234.4085)
E2E ▶ pus_jar
[Dev] item 화염부 world=(32.5, 0.0, 70.5) screen=(-1072.484, 3072.227)
[Dev] item 빙결부 world=(33.5, 0.0, 69.5) screen=(-979.9173, 3072.227)
[Field] deulnyeok seed=355022911 128x128 props=2252 packs=18 enemies=77 waypoint=(62, 65) roster=bandit,bat,talisman_master elites=["13:파란×4@구간3"]
[Audio] BGM dungeon → dungeon_4.ogg
[Save] level 못골 들녘 → user://save_e2e.json (C:/Users/FORYOUCOM/AppData/Roaming/Godot/app_userdata/Joseon Hunters/wt/codex-630-whirl-structure/save_e2e.json)
[Dev] stairs Down_cave dir=1 world=(88.5, 0.0, 3.5) screen=(7212.236, 897.1014)
[Dev] interact Waypoint world=(62.5, 0.0, 65.5) screen=(3139.301, 1810.974)
[Dev] interact FloorItem world=(32.5, 0.0, 70.5) screen=(1519.384, 1142.938)
[Dev] interact @Area3D@104019 world=(33.5, 0.0, 69.5) screen=(1611.95, 1142.938)
[Dev] interact PusJar world=(95.5, 0.0, 103.5) screen=(2907.884, 3708.197)
[Dev] interact @Area3D@104246 world=(101.5, 0.0, 105.5) screen=(3093.018, 3921.969)
[Dev] interact @Area3D@104247 world=(98.5, 0.0, 107.5) screen=(2861.601, 3895.247)
[Dev] interact LootChest world=(27.5, 0.0, 70.5) screen=(1287.967, 1009.331)
[Dev] interact @Area3D@104248 world=(94.5, 0.0, 100.5) screen=(3000.451, 3601.312)
[Dev] interact @Area3D@104249 world=(55.5, 0.0, 52.5) screen=(3417.001, 1276.545)
[Dev] interact LootPot world=(46.5, 0.0, 68.5) screen=(2259.917, 1463.595)
[Dev] interact @Area3D@104250 world=(73.5, 0.0, 47.5) screen=(4481.519, 1623.924)
[Dev] interact @Area3D@104251 world=(90.5, 0.0, 47.5) screen=(5268.335, 2078.189)
[Dev] interact @Area3D@104252 world=(111.5, 0.0, 49.5) screen=(6147.719, 2692.782)
[Dev] interact @Area3D@104253 world=(101.5, 0.0, 101.5) screen=(3278.151, 3815.083)
[Dev] interact @Area3D@104254 world=(86.5, 0.0, 76.5) screen=(3740.984, 2746.225)
[Dev] interact @Area3D@104255 world=(53.5, 0.0, 52.5) screen=(3324.434, 1223.102)
[Dev] interact @Area3D@104256 world=(87.5, 0.0, 95.5) screen=(2907.884, 3280.654)
[Dev] interact @Area3D@104257 world=(26.5, 0.0, 66.5) screen=(1426.817, 875.7234)
[Dev] interact @Area3D@104258 world=(17.5, 0.0, 60.5) screen=(1287.967, 474.9016)
[Dev] interact @Area3D@104259 world=(86.5, 0.0, 22.5) screen=(6240.286, 1303.266)
[Dev] interact @Area3D@104260 world=(59.5, 0.0, 65.5) screen=(3000.451, 1730.81)
[Dev] interact @Area3D@104261 world=(18.5, 0.0, 74.5) screen=(686.2832, 875.7234)
[Dev] interact @Area3D@104262 world=(44.5, 0.0, 69.5) screen=(2121.067, 1436.874)
[Dev] interact @Area3D@104263 world=(73.5, 0.0, 49.5) screen=(4388.952, 1677.367)
[Dev] interact @Area3D@104264 world=(88.5, 0.0, 52.5) screen=(4944.352, 2158.353)
[Dev] removed 77 enemies
[Click] world=(95.5, 0.0, 103.5) cell=(95, 103)
[Click] world=(102.5, 0.0, 105.5) cell=(102, 105)
[Click] world=(102.5, 0.0, 105.5) cell=(102, 105)
[Click] world=(102.5, 0.0, 105.5) cell=(102, 105)
[Dev] removed 1 enemies
[Dungeon] heukrang_gul 1층 lv=2 seed=403727558 gen 64x64 rooms=6 up=(44, 56) down=(7, 23) enemies=20 roster=bandit,bat,talisman_master elites=["방2:금색×3(깊이 0.50)"] named=-
[Quest] heukrang_gul 1층 — 싹쓸이 셈 시작 20 (heukrang_clear:none)
[Save] level 흑랑 굴 1층 → user://save_e2e.json (C:/Users/FORYOUCOM/AppData/Roaming/Godot/app_userdata/Joseon Hunters/wt/codex-630-whirl-structure/save_e2e.json)
[Dev] stairs StairsUp dir=-1 world=(44.5, 0.0, 56.5) screen=(593.7165, 335.9509)
[Dev] stairs StairsDown dir=1 world=(7.5, 0.0, 23.5) screen=(408.583, -1534.551)
[Dev] interact PusJar world=(29.5, 0.0, 42.5) screen=(547.433, -487.0705)
[Dev] interact @Area3D@104470 world=(14.5, 0.0, 24.5) screen=(686.2831, -1368.878)
[Dev] interact @Area3D@104471 world=(23.5, 0.0, 18.5) screen=(1380.534, -1288.714)
[Dev] interact LootChest world=(29.5, 0.0, 39.5) screen=(686.2831, -567.2349)
[Dev] interact @Area3D@104472 world=(40.5, 0.0, 38.5) screen=(1241.683, -300.0204)
[Dev] interact LootPot world=(17.5, 0.0, 43.5) screen=(-54.25064, -781.0067)
[Dev] interact @Area3D@104473 world=(18.5, 0.0, 44.5) screen=(-54.25041, -727.5637)
[Dev] interact @Area3D@104474 world=(19.5, 0.0, 9.5) screen=(1611.95, -1636.093)
[Dev] interact @Area3D@104475 world=(20.5, 0.0, 9.5) screen=(1658.234, -1609.372)
[Dev] interact @Area3D@104476 world=(43.5, 0.0, 60.5) screen=(362.2997, 368.0159)
[Dev] interact @Area3D@104477 world=(43.5, 0.0, 59.5) screen=(408.583, 341.2944)
[Dev] interact @Area3D@104478 world=(21.5, 0.0, 39.5) screen=(316.0163, -781.0065)
[Dev] removed 20 enemies
E2E pus_jar PASS (검사 15)
[Audio] BGM town → town.ogg
[Save] level 못골 마을 → user://save_e2e.json (C:/Users/FORYOUCOM/AppData/Roaming/Godot/app_userdata/Joseon Hunters/wt/codex-630-whirl-structure/save_e2e.json)
[Dev] stairs DungeonEntrance dir=1 world=(0.0, 0.0, -31.0) screen=(2121.067, -492.4143)
[Dev] interact Merchant world=(5.4, 0.0, -2.4) screen=(1047.293, 368.0158)
[Dev] interact Shaman world=(-5.6, 0.0, 0.4) screen=(408.5833, 148.8999)
[Dev] interact Elder world=(2.0, 0.0, -5.6) screen=(1038.037, 191.6542)
[Dev] interact Jumo world=(7.1, 0.0, -1.4) screen=(1079.692, 440.1637)
[Dev] interact StashChest world=(3.3, 0.0, -2.05) screen=(933.8992, 321.2533)
[Dev] interact Waypoint world=(-4.2, 0.0, 2.2) screen=(390.0698, 234.4085)
E2E ▶ roles
[Dungeon] heukrang_gul 1층 lv=2 seed=403727558 gen 64x64 rooms=6 up=(44, 56) down=(7, 23) enemies=20 roster=bandit,bat,talisman_master elites=["방2:금색×3(깊이 0.50)"] named=-
[Quest] heukrang_gul 1층 — 싹쓸이 셈 시작 20 (heukrang_clear:none)
[Audio] BGM dungeon → dungeon_2.ogg
[Save] level 흑랑 굴 1층 → user://save_e2e.json (C:/Users/FORYOUCOM/AppData/Roaming/Godot/app_userdata/Joseon Hunters/wt/codex-630-whirl-structure/save_e2e.json)
[Dev] stairs StairsUp dir=-1 world=(44.5, 0.0, 56.5) screen=(593.7165, 335.9509)
[Dev] stairs StairsDown dir=1 world=(7.5, 0.0, 23.5) screen=(408.583, -1534.551)
[Dev] interact PusJar world=(29.5, 0.0, 42.5) screen=(547.433, -487.0705)
[Dev] interact @Area3D@104841 world=(14.5, 0.0, 24.5) screen=(686.2831, -1368.878)
[Dev] interact @Area3D@104842 world=(23.5, 0.0, 18.5) screen=(1380.534, -1288.714)
[Dev] interact LootChest world=(29.5, 0.0, 39.5) screen=(686.2831, -567.2349)
[Dev] interact @Area3D@104843 world=(40.5, 0.0, 38.5) screen=(1241.683, -300.0204)
[Dev] interact LootPot world=(17.5, 0.0, 43.5) screen=(-54.25064, -781.0067)
[Dev] interact @Area3D@104844 world=(18.5, 0.0, 44.5) screen=(-54.25041, -727.5637)
[Dev] interact @Area3D@104845 world=(19.5, 0.0, 9.5) screen=(1611.95, -1636.093)
[Dev] interact @Area3D@104846 world=(20.5, 0.0, 9.5) screen=(1658.234, -1609.372)
[Dev] interact @Area3D@104847 world=(43.5, 0.0, 60.5) screen=(362.2997, 368.0159)
[Dev] interact @Area3D@104848 world=(43.5, 0.0, 59.5) screen=(408.583, 341.2944)
[Dev] interact @Area3D@104849 world=(21.5, 0.0, 39.5) screen=(316.0163, -781.0065)
[Dev] removed 20 enemies
[Kill] +8 xp (lv 1, 8/20)
[Dev] item 엽전 world=(23.75002, 0.0, 49.5) screen=(882.9899, 484.2592)
[Dev] item 미식별 옥패 world=(23.75002, 0.0, 49.5) screen=(882.9899, 484.2592)
[Dev] removed 3 enemies
[Kill] +8 xp (lv 1, 16/20)
[Dev] item 영약 — 생맥산 world=(23.75002, 0.0, 49.5) screen=(697.7955, 377.3406)
[Dev] removed 2 enemies
[Dev] removed 4 enemies
[Dev] removed 1 enemies
[Kill] +8 xp (lv 2, 4/57)
[LevelUp] lv=2 stat_pts=5 skill_pts=1
[Dev] item 엽전 world=(25.4175, 0.0, 51.4175) screen=(685.5065, 471.7254)
[Kill] +7 xp (lv 2, 11/57)
[Dev] item 옥패 world=(25.45875, 0.0, 47.54125) screen=(866.8217, 369.2485)
[Kill] +7 xp (lv 2, 18/57)
[Dev] item 엽전 world=(25.5, 0.0, 52.0) screen=(663.1428, 490.9388)
[Dev] item 철검 world=(25.5, 0.0, 52.0) screen=(663.1428, 490.9388)
[Dev] item 탕약 — 쌍화탕 world=(25.5, 0.0, 52.0) screen=(663.1428, 490.9388)
[Dev] removed 4 enemies
[Dev] removed 3 enemies
E2E roles PASS (검사 24)
[Audio] BGM town → town.ogg
[Save] level 못골 마을 → user://save_e2e.json (C:/Users/FORYOUCOM/AppData/Roaming/Godot/app_userdata/Joseon Hunters/wt/codex-630-whirl-structure/save_e2e.json)
[Dev] stairs DungeonEntrance dir=1 world=(0.0, 0.0, -31.0) screen=(2121.067, -492.4143)
[Dev] interact Merchant world=(5.4, 0.0, -2.4) screen=(1047.293, 368.0158)
[Dev] interact Shaman world=(-5.6, 0.0, 0.4) screen=(408.5833, 148.8999)
[Dev] interact Elder world=(2.0, 0.0, -5.6) screen=(1038.037, 191.6542)
[Dev] interact Jumo world=(7.1, 0.0, -1.4) screen=(1079.692, 440.1637)
[Dev] interact StashChest world=(3.3, 0.0, -2.05) screen=(933.8992, 321.2533)
[Dev] interact Waypoint world=(-4.2, 0.0, 2.2) screen=(390.0698, 234.4085)
E2E ▶ roster_swap
[Field] jeongnyeongjae seed=4209161164 128x176 props=2920 packs=14 enemies=72 waypoint=(63, 70) roster=hwajeok,vampire_bat,locust | hwajeok,hollin_yeogung_bow,gaekgwi elites=["9:파란×3@구간2", "13:금색×5@구간3"]
[Audio] BGM dungeon → dungeon_4.ogg
[Save] level 정령재 → user://save_e2e.json (C:/Users/FORYOUCOM/AppData/Roaming/Godot/app_userdata/Joseon Hunters/wt/codex-630-whirl-structure/save_e2e.json)
[Dev] stairs Down_cave dir=1 world=(60.5, 0.0, 3.5) screen=(9896.671, -2149.144)
[Dev] stairs Down_mine dir=1 world=(125.5, 0.0, 70.5) screen=(9804.104, 1378.087)
[Dev] interact Waypoint world=(63.5, 0.0, 70.5) screen=(6934.536, -326.7419)
[Dev] interact LootChest world=(81.5, 0.0, 33.5) screen=(9480.121, -834.4496)
[Dev] interact @Area3D@106527 world=(83.5, 0.0, 69.5) screen=(7906.486, 180.9658)
[Dev] interact @Area3D@106528 world=(33.5, 0.0, 104.5) screen=(3972.401, -219.856)
[Dev] interact LootPot world=(70.5, 0.0, 57.5) screen=(7860.203, -487.0704)
[Dev] interact @Area3D@106529 world=(28.5, 0.0, 135.5) screen=(2306.201, 474.9017)
[Dev] interact @Area3D@106530 world=(20.5, 0.0, 44.5) screen=(6147.719, -2170.522)
[Dev] interact @Area3D@106531 world=(80.5, 0.0, 35.5) screen=(9341.271, -807.7279)
[Dev] interact @Area3D@106532 world=(48.5, 0.0, 73.5) screen=(6101.436, -647.3992)
[Dev] interact @Area3D@106533 world=(10.5, 0.0, 129.5) screen=(1750.8, -166.4132)
[Dev] interact @Area3D@106534 world=(32.5, 0.0, 59.5) screen=(6008.869, -1449.043)
[Dev] interact @Area3D@106535 world=(30.5, 0.0, 109.5) screen=(3602.134, -166.4132)
[Dev] interact @Area3D@106536 world=(72.5, 0.0, 89.5) screen=(6471.703, 421.4588)
[Dev] interact @Area3D@106537 world=(105.5, 0.0, 24.5) screen=(11007.47, -433.6276)
[Dev] interact @Area3D@106538 world=(87.5, 0.0, 97.5) screen=(6795.686, 1036.052)
[Dev] interact @Area3D@106539 world=(85.5, 0.0, 71.5) screen=(7906.487, 287.8515)
[Dev] interact @Area3D@106540 world=(99.5, 0.0, 124.5) screen=(6101.436, 2078.189)
[Dev] interact @Area3D@106541 world=(68.5, 0.0, 19.5) screen=(9526.404, -1555.929)
[Dev] interact @Area3D@106542 world=(31.5, 0.0, 103.5) screen=(3926.118, -300.0204)
[Dev] interact @Area3D@106543 world=(38.5, 0.0, 122.5) screen=(3370.718, 394.7373)
[Dev] removed 72 enemies
[Dev] removed 1 enemies
[Dev] removed 1 enemies
[Dev] removed 2 enemies
[Kill] +15 xp (lv 1, 15/20)
[Dev] removed 3 enemies
[Dev] removed 1 enemies
[Dev] 역할 달구지꾼 (cart_puller) · 흘리는 자 · 무리 1467 · Lv4 · 생명 41
[Dev] 역할 봉화지기 (beacon_keeper) · 부르는 자 · 무리 1467 · Lv4 · 생명 36
[Dev] 역할 지킴 술사 (guard_master) · 지키는 자 · 무리 1467 · Lv4 · 생명 45
[Dev] removed 3 enemies
E2E roster_swap PASS (검사 19)
[Audio] BGM town → town.ogg
[Save] level 못골 마을 → user://save_e2e.json (C:/Users/FORYOUCOM/AppData/Roaming/Godot/app_userdata/Joseon Hunters/wt/codex-630-whirl-structure/save_e2e.json)
[Dev] stairs DungeonEntrance dir=1 world=(0.0, 0.0, -31.0) screen=(2121.067, -492.4143)
[Dev] interact Merchant world=(5.4, 0.0, -2.4) screen=(1047.293, 368.0158)
[Dev] interact Shaman world=(-5.6, 0.0, 0.4) screen=(408.5833, 148.8999)
[Dev] interact Elder world=(2.0, 0.0, -5.6) screen=(1038.037, 191.6542)
[Dev] interact Jumo world=(7.1, 0.0, -1.4) screen=(1079.692, 440.1637)
[Dev] interact StashChest world=(3.3, 0.0, -2.05) screen=(933.8992, 321.2533)
[Dev] interact Waypoint world=(-4.2, 0.0, 2.2) screen=(390.0698, 234.4085)
E2E ▶ gimmicks_m10
[Dungeon] heukrang_gul 1층 lv=2 seed=403727558 gen 64x64 rooms=6 up=(44, 56) down=(7, 23) enemies=20 roster=bandit,bat,talisman_master elites=["방2:금색×3(깊이 0.50)"] named=-
[Quest] heukrang_gul 1층 — 싹쓸이 셈 시작 20 (heukrang_clear:none)
[Audio] BGM dungeon → dungeon_1.ogg
[Save] level 흑랑 굴 1층 → user://save_e2e.json (C:/Users/FORYOUCOM/AppData/Roaming/Godot/app_userdata/Joseon Hunters/wt/codex-630-whirl-structure/save_e2e.json)
[Dev] stairs StairsUp dir=-1 world=(44.5, 0.0, 56.5) screen=(593.7165, 335.9509)
[Dev] stairs StairsDown dir=1 world=(7.5, 0.0, 23.5) screen=(408.583, -1534.551)
[Dev] interact PusJar world=(29.5, 0.0, 42.5) screen=(547.433, -487.0705)
[Dev] interact @Area3D@106929 world=(14.5, 0.0, 24.5) screen=(686.2831, -1368.878)
[Dev] interact @Area3D@106930 world=(23.5, 0.0, 18.5) screen=(1380.534, -1288.714)
[Dev] interact LootChest world=(29.5, 0.0, 39.5) screen=(686.2831, -567.2349)
[Dev] interact @Area3D@106931 world=(40.5, 0.0, 38.5) screen=(1241.683, -300.0204)
[Dev] interact LootPot world=(17.5, 0.0, 43.5) screen=(-54.25064, -781.0067)
[Dev] interact @Area3D@106932 world=(18.5, 0.0, 44.5) screen=(-54.25041, -727.5637)
[Dev] interact @Area3D@106933 world=(19.5, 0.0, 9.5) screen=(1611.95, -1636.093)
[Dev] interact @Area3D@106934 world=(20.5, 0.0, 9.5) screen=(1658.234, -1609.372)
[Dev] interact @Area3D@106935 world=(43.5, 0.0, 60.5) screen=(362.2997, 368.0159)
[Dev] interact @Area3D@106936 world=(43.5, 0.0, 59.5) screen=(408.583, 341.2944)
[Dev] interact @Area3D@106937 world=(21.5, 0.0, 39.5) screen=(316.0163, -781.0065)
[Dev] removed 20 enemies
[Dev] removed 1 enemies
[Kill] +8 xp (lv 1, 8/20)
[Save] quest → user://save_e2e.json (C:/Users/FORYOUCOM/AppData/Roaming/Godot/app_userdata/Joseon Hunters/wt/codex-630-whirl-structure/save_e2e.json)
[Quest] heukrang_clear 싹쓸이 완료 (none → killed)
[Kill] +8 xp (lv 1, 16/20)
[Dev] item 미식별 은가락지 world=(25.5, 0.0, 51.5) screen=(686.282, 477.5796)
[Dev] item 깨진 황옥 world=(25.5, 0.0, 51.5) screen=(686.282, 477.5796)
[Dev] removed 2 enemies
[Kill] +8 xp (lv 2, 4/57)
[LevelUp] lv=2 stat_pts=5 skill_pts=1
[Dev] item 엽전 world=(25.25251, 0.0, 49.74749) screen=(755.9407, 424.1696)
[Dev] removed 2 enemies
  · 끌림 실측 3.408u (정격 3.408 = 4.36 − 몸 0.35 − stop 0.6)
[Dev] removed 1 enemies
[Dev] removed 1 enemies
[Dev] removed 1 enemies
[Dev] removed 1 enemies
[Dev] removed 1 enemies
E2E gimmicks_m10 PASS (검사 23)
[Audio] BGM town → town.ogg
[Save] level 못골 마을 → user://save_e2e.json (C:/Users/FORYOUCOM/AppData/Roaming/Godot/app_userdata/Joseon Hunters/wt/codex-630-whirl-structure/save_e2e.json)
[Dev] stairs DungeonEntrance dir=1 world=(0.0, 0.0, -31.0) screen=(2121.067, -492.4143)
[Dev] interact Merchant world=(5.4, 0.0, -2.4) screen=(1047.293, 368.0158)
[Dev] interact Shaman world=(-5.6, 0.0, 0.4) screen=(408.5833, 148.8999)
[Dev] interact Elder world=(2.0, 0.0, -5.6) screen=(1038.037, 191.6542)
[Dev] interact Jumo world=(7.1, 0.0, -1.4) screen=(1079.692, 440.1637)
[Dev] interact StashChest world=(3.3, 0.0, -2.05) screen=(933.8992, 321.2533)
[Dev] interact Waypoint world=(-4.2, 0.0, 2.2) screen=(390.0698, 234.4085)
E2E ▶ behaviors_m9
[Dungeon] heukrang_gul 1층 lv=2 seed=403727558 gen 64x64 rooms=6 up=(44, 56) down=(7, 23) enemies=20 roster=bandit,bat,talisman_master elites=["방2:금색×3(깊이 0.50)"] named=-
[Quest] heukrang_gul 1층 — 싹쓸이 셈 시작 20 (heukrang_clear:none)
[Audio] BGM dungeon → dungeon_3.ogg
[Save] level 흑랑 굴 1층 → user://save_e2e.json (C:/Users/FORYOUCOM/AppData/Roaming/Godot/app_userdata/Joseon Hunters/wt/codex-630-whirl-structure/save_e2e.json)
[Dev] stairs StairsUp dir=-1 world=(44.5, 0.0, 56.5) screen=(593.7165, 335.9509)
[Dev] stairs StairsDown dir=1 world=(7.5, 0.0, 23.5) screen=(408.583, -1534.551)
[Dev] interact PusJar world=(29.5, 0.0, 42.5) screen=(547.433, -487.0705)
[Dev] interact @Area3D@107338 world=(14.5, 0.0, 24.5) screen=(686.2831, -1368.878)
[Dev] interact @Area3D@107339 world=(23.5, 0.0, 18.5) screen=(1380.534, -1288.714)
[Dev] interact LootChest world=(29.5, 0.0, 39.5) screen=(686.2831, -567.2349)
[Dev] interact @Area3D@107340 world=(40.5, 0.0, 38.5) screen=(1241.683, -300.0204)
[Dev] interact LootPot world=(17.5, 0.0, 43.5) screen=(-54.25064, -781.0067)
[Dev] interact @Area3D@107341 world=(18.5, 0.0, 44.5) screen=(-54.25041, -727.5637)
[Dev] interact @Area3D@107342 world=(19.5, 0.0, 9.5) screen=(1611.95, -1636.093)
[Dev] interact @Area3D@107343 world=(20.5, 0.0, 9.5) screen=(1658.234, -1609.372)
[Dev] interact @Area3D@107344 world=(43.5, 0.0, 60.5) screen=(362.2997, 368.0159)
[Dev] interact @Area3D@107345 world=(43.5, 0.0, 59.5) screen=(408.583, 341.2944)
[Dev] interact @Area3D@107346 world=(21.5, 0.0, 39.5) screen=(316.0163, -781.0065)
[Dev] removed 20 enemies
  · ① 선 자리 거리 들개 6.0 · 넋 6.0 · 혼불 6.0
  · ① 도호 쪽 빠르기 들개 4.50 · 넋 2.34 · 혼불 4.62 · 넋 흔들림 최대 53°
[Dev] removed 3 enemies
[Dev] removed 1 enemies
[Kill] +6 xp (lv 1, 6/20)
[Dev] item 엽전 world=(22.5, 0.0, 45.05164) screen=(845.8849, 225.1063)
[Save] quest → user://save_e2e.json (C:/Users/FORYOUCOM/AppData/Roaming/Godot/app_userdata/Joseon Hunters/wt/codex-630-whirl-structure/save_e2e.json)
[Quest] heukrang_clear 싹쓸이 완료 (none → killed)
[Dev] removed 1 enemies
E2E behaviors_m9 PASS (검사 13)
[Audio] BGM town → town.ogg
[Save] level 못골 마을 → user://save_e2e.json (C:/Users/FORYOUCOM/AppData/Roaming/Godot/app_userdata/Joseon Hunters/wt/codex-630-whirl-structure/save_e2e.json)
[Dev] stairs DungeonEntrance dir=1 world=(0.0, 0.0, -31.0) screen=(2121.067, -492.4143)
[Dev] interact Merchant world=(5.4, 0.0, -2.4) screen=(1047.293, 368.0158)
[Dev] interact Shaman world=(-5.6, 0.0, 0.4) screen=(408.5833, 148.8999)
[Dev] interact Elder world=(2.0, 0.0, -5.6) screen=(1038.037, 191.6542)
[Dev] interact Jumo world=(7.1, 0.0, -1.4) screen=(1079.692, 440.1637)
[Dev] interact StashChest world=(3.3, 0.0, -2.05) screen=(933.8992, 321.2533)
[Dev] interact Waypoint world=(-4.2, 0.0, 2.2) screen=(390.0698, 234.4085)
E2E ▶ female_f1
[Field] jeongnyeongjae seed=3599041059 128x176 props=2820 packs=13 enemies=72 waypoint=(61, 66) roster=hwajeok,vampire_bat,lightning_master | hwajeok,hollin_yeogung_bow,gaekgwi elites=["8:금색×3@구간2", "10:금색×3@구간3"]
[Audio] BGM dungeon → dungeon_2.ogg
[Save] level 정령재 → user://save_e2e.json (C:/Users/FORYOUCOM/AppData/Roaming/Godot/app_userdata/Joseon Hunters/wt/codex-630-whirl-structure/save_e2e.json)
[Dev] stairs Down_cave dir=1 world=(60.5, 0.0, 3.5) screen=(9896.671, -2149.144)
[Dev] stairs Down_mine dir=1 world=(125.5, 0.0, 70.5) screen=(9804.104, 1378.087)
[Dev] interact Waypoint world=(61.5, 0.0, 66.5) screen=(7027.103, -487.0706)
[Dev] interact LootChest world=(5.5, 0.0, 141.5) screen=(963.9833, 20.637)
[Dev] interact @Area3D@108964 world=(26.5, 0.0, 123.5) screen=(2769.034, 100.8014)
[Dev] interact @Area3D@108965 world=(61.5, 0.0, 88.5) screen=(6008.868, 100.8013)
[Dev] interact @Area3D@108966 world=(82.5, 0.0, 48.5) screen=(8832.153, -406.9061)
[Dev] interact LootPot world=(70.5, 0.0, 9.5) screen=(10081.8, -1769.7)
[Dev] interact @Area3D@108967 world=(59.5, 0.0, 82.5) screen=(6194.002, -112.9702)
[Dev] interact @Area3D@108968 world=(39.5, 0.0, 58.5) screen=(6379.136, -1288.714)
[Dev] interact @Area3D@108969 world=(32.5, 0.0, 37.5) screen=(7027.103, -2036.915)
[Dev] interact @Area3D@108970 world=(30.5, 0.0, 123.5) screen=(2954.168, 207.6872)
[Dev] interact @Area3D@108971 world=(96.5, 0.0, 125.5) screen=(5916.303, 2024.746)
[Dev] interact @Area3D@108972 world=(89.5, 0.0, 59.5) screen=(8647.021, 74.08006)
[Dev] interact @Area3D@108973 world=(22.5, 0.0, 41.5) screen=(6379.136, -2197.243)
[Dev] interact @Area3D@108974 world=(56.5, 0.0, 51.5) screen=(7489.937, -1021.5)
[Dev] interact @Area3D@108975 world=(7.5, 0.0, 142.5) screen=(1010.267, 100.8013)
[Dev] interact @Area3D@108976 world=(101.5, 0.0, 72.5) screen=(8600.737, 742.1163)
[Dev] interact @Area3D@108977 world=(77.5, 0.0, 34.5) screen=(9248.703, -914.6136)
[Dev] removed 73 enemies
E2E female_f1 PASS (검사 7)
[Audio] BGM town → town.ogg
[Save] level 못골 마을 → user://save_e2e.json (C:/Users/FORYOUCOM/AppData/Roaming/Godot/app_userdata/Joseon Hunters/wt/codex-630-whirl-structure/save_e2e.json)
[Dev] stairs DungeonEntrance dir=1 world=(0.0, 0.0, -31.0) screen=(2121.067, -492.4143)
[Dev] interact Merchant world=(5.4, 0.0, -2.4) screen=(1047.293, 368.0158)
[Dev] interact Shaman world=(-5.6, 0.0, 0.4) screen=(408.5833, 148.8999)
[Dev] interact Elder world=(2.0, 0.0, -5.6) screen=(1038.037, 191.6542)
[Dev] interact Jumo world=(7.1, 0.0, -1.4) screen=(1079.692, 440.1637)
[Dev] interact StashChest world=(3.3, 0.0, -2.05) screen=(933.8992, 321.2533)
[Dev] interact Waypoint world=(-4.2, 0.0, 2.2) screen=(390.0698, 234.4085)
E2E ▶ female_float
[Field] jeongnyeongjae seed=3599041059 128x176 props=2820 packs=13 enemies=72 waypoint=(61, 66) roster=hwajeok,vampire_bat,lightning_master | hwajeok,hollin_yeogung_bow,gaekgwi elites=["8:금색×3@구간2", "10:금색×3@구간3"]
[Audio] BGM dungeon → dungeon_3.ogg
[Save] level 정령재 → user://save_e2e.json (C:/Users/FORYOUCOM/AppData/Roaming/Godot/app_userdata/Joseon Hunters/wt/codex-630-whirl-structure/save_e2e.json)
[Dev] stairs Down_cave dir=1 world=(60.5, 0.0, 3.5) screen=(9896.671, -2149.144)
[Dev] stairs Down_mine dir=1 world=(125.5, 0.0, 70.5) screen=(9804.104, 1378.087)
[Dev] interact Waypoint world=(61.5, 0.0, 66.5) screen=(7027.103, -487.0706)
[Dev] interact LootChest world=(5.5, 0.0, 141.5) screen=(963.9833, 20.637)
[Dev] interact @Area3D@110583 world=(26.5, 0.0, 123.5) screen=(2769.034, 100.8014)
[Dev] interact @Area3D@110584 world=(61.5, 0.0, 88.5) screen=(6008.868, 100.8013)
[Dev] interact @Area3D@110585 world=(82.5, 0.0, 48.5) screen=(8832.153, -406.9061)
[Dev] interact LootPot world=(70.5, 0.0, 9.5) screen=(10081.8, -1769.7)
[Dev] interact @Area3D@110586 world=(59.5, 0.0, 82.5) screen=(6194.002, -112.9702)
[Dev] interact @Area3D@110587 world=(39.5, 0.0, 58.5) screen=(6379.136, -1288.714)
[Dev] interact @Area3D@110588 world=(32.5, 0.0, 37.5) screen=(7027.103, -2036.915)
[Dev] interact @Area3D@110589 world=(30.5, 0.0, 123.5) screen=(2954.168, 207.6872)
[Dev] interact @Area3D@110590 world=(96.5, 0.0, 125.5) screen=(5916.303, 2024.746)
[Dev] interact @Area3D@110591 world=(89.5, 0.0, 59.5) screen=(8647.021, 74.08006)
[Dev] interact @Area3D@110592 world=(22.5, 0.0, 41.5) screen=(6379.136, -2197.243)
[Dev] interact @Area3D@110593 world=(56.5, 0.0, 51.5) screen=(7489.937, -1021.5)
[Dev] interact @Area3D@110594 world=(7.5, 0.0, 142.5) screen=(1010.267, 100.8013)
[Dev] interact @Area3D@110595 world=(101.5, 0.0, 72.5) screen=(8600.737, 742.1163)
[Dev] interact @Area3D@110596 world=(77.5, 0.0, 34.5) screen=(9248.703, -914.6136)
[Dev] removed 76 enemies
E2E female_float PASS (검사 5)
[Audio] BGM town → town.ogg
[Save] level 못골 마을 → user://save_e2e.json (C:/Users/FORYOUCOM/AppData/Roaming/Godot/app_userdata/Joseon Hunters/wt/codex-630-whirl-structure/save_e2e.json)
[Dev] stairs DungeonEntrance dir=1 world=(0.0, 0.0, -31.0) screen=(2121.067, -492.4143)
[Dev] interact Merchant world=(5.4, 0.0, -2.4) screen=(1047.293, 368.0158)
[Dev] interact Shaman world=(-5.6, 0.0, 0.4) screen=(408.5833, 148.8999)
[Dev] interact Elder world=(2.0, 0.0, -5.6) screen=(1038.037, 191.6542)
[Dev] interact Jumo world=(7.1, 0.0, -1.4) screen=(1079.692, 440.1637)
[Dev] interact StashChest world=(3.3, 0.0, -2.05) screen=(933.8992, 321.2533)
[Dev] interact Waypoint world=(-4.2, 0.0, 2.2) screen=(390.0698, 234.4085)
E2E ▶ yeogung_attacks
[Dungeon] heukrang_gul 1층 lv=2 seed=403727558 gen 64x64 rooms=6 up=(44, 56) down=(7, 23) enemies=20 roster=bandit,bat,talisman_master elites=["방2:금색×3(깊이 0.50)"] named=-
[Quest] heukrang_gul 1층 — 싹쓸이 셈 시작 20 (heukrang_clear:none)
[Audio] BGM dungeon → dungeon_1.ogg
[Save] level 흑랑 굴 1층 → user://save_e2e.json (C:/Users/FORYOUCOM/AppData/Roaming/Godot/app_userdata/Joseon Hunters/wt/codex-630-whirl-structure/save_e2e.json)
[Dev] stairs StairsUp dir=-1 world=(44.5, 0.0, 56.5) screen=(593.7165, 335.9509)
[Dev] stairs StairsDown dir=1 world=(7.5, 0.0, 23.5) screen=(408.583, -1534.551)
[Dev] interact PusJar world=(29.5, 0.0, 42.5) screen=(547.433, -487.0705)
[Dev] interact @Area3D@110967 world=(14.5, 0.0, 24.5) screen=(686.2831, -1368.878)
[Dev] interact @Area3D@110968 world=(23.5, 0.0, 18.5) screen=(1380.534, -1288.714)
[Dev] interact LootChest world=(29.5, 0.0, 39.5) screen=(686.2831, -567.2349)
[Dev] interact @Area3D@110969 world=(40.5, 0.0, 38.5) screen=(1241.683, -300.0204)
[Dev] interact LootPot world=(17.5, 0.0, 43.5) screen=(-54.25064, -781.0067)
[Dev] interact @Area3D@110970 world=(18.5, 0.0, 44.5) screen=(-54.25041, -727.5637)
[Dev] interact @Area3D@110971 world=(19.5, 0.0, 9.5) screen=(1611.95, -1636.093)
[Dev] interact @Area3D@110972 world=(20.5, 0.0, 9.5) screen=(1658.234, -1609.372)
[Dev] interact @Area3D@110973 world=(43.5, 0.0, 60.5) screen=(362.2997, 368.0159)
[Dev] interact @Area3D@110974 world=(43.5, 0.0, 59.5) screen=(408.583, 341.2944)
[Dev] interact @Area3D@110975 world=(21.5, 0.0, 39.5) screen=(316.0163, -781.0065)
[Dev] removed 20 enemies
  · ① 동작 보고 줄 — 같은 틱 선딜(피해 = 선딜 끝 · 타격 몫 목표 0.50~0.70 · 치는 곳 가장 빠른 때 = 선딜 끝 ± 0.08초, 2u/s 이상):
  ·   두 발·Meshy (홀린 여창): 선딜 0.40초 · 잠금 0.75초 · 클립 attack_spear 0.75초 × 1.00배 · 타격 몫 0.53 ○ · 가장 빠른 때 0.397초(타격 -0.003) ○ · 9.5u/s
  ·   두 발·Meshy (홀린 여궁): 선딜 0.45초 · 잠금 0.75초 · 클립 attack_bow 0.75초 × 1.00배 · 타격 몫 0.60 ○ · 놓는 때 0.450초(타격 -0.000) ○ · 놓을 때 활 팔 0.4° ○ · (참고) 손 가장 빠른 때 0.599초(+0.149) · 6.5u/s
[Dev] removed 2 enemies
[Dev] removed 1 enemies
  · 여창 한 판: 돌진 끝에서 건 벌 1 · 쿨 동안 건 벌 0 · 낸 대 3 · 닿은 대 3 · 도호 생명 106/110
[Dev] removed 1 enemies
E2E yeogung_attacks PASS (검사 11)
[Audio] BGM town → town.ogg
[Save] level 못골 마을 → user://save_e2e.json (C:/Users/FORYOUCOM/AppData/Roaming/Godot/app_userdata/Joseon Hunters/wt/codex-630-whirl-structure/save_e2e.json)
[Dev] stairs DungeonEntrance dir=1 world=(0.0, 0.0, -31.0) screen=(2121.067, -492.4143)
[Dev] interact Merchant world=(5.4, 0.0, -2.4) screen=(1047.293, 368.0158)
[Dev] interact Shaman world=(-5.6, 0.0, 0.4) screen=(408.5833, 148.8999)
[Dev] interact Elder world=(2.0, 0.0, -5.6) screen=(1038.037, 191.6542)
[Dev] interact Jumo world=(7.1, 0.0, -1.4) screen=(1079.692, 440.1637)
[Dev] interact StashChest world=(3.3, 0.0, -2.05) screen=(933.8992, 321.2533)
[Dev] interact Waypoint world=(-4.2, 0.0, 2.2) screen=(390.0698, 234.4085)
E2E ▶ nachalnyeo_attacks
[Dungeon] heukrang_gul 1층 lv=2 seed=403727558 gen 64x64 rooms=6 up=(44, 56) down=(7, 23) enemies=20 roster=bandit,bat,talisman_master elites=["방2:금색×3(깊이 0.50)"] named=-
[Quest] heukrang_gul 1층 — 싹쓸이 셈 시작 20 (heukrang_clear:none)
[Audio] BGM dungeon → dungeon_4.ogg
[Save] level 흑랑 굴 1층 → user://save_e2e.json (C:/Users/FORYOUCOM/AppData/Roaming/Godot/app_userdata/Joseon Hunters/wt/codex-630-whirl-structure/save_e2e.json)
[Dev] stairs StairsUp dir=-1 world=(44.5, 0.0, 56.5) screen=(593.7165, 335.9509)
[Dev] stairs StairsDown dir=1 world=(7.5, 0.0, 23.5) screen=(408.583, -1534.551)
[Dev] interact PusJar world=(29.5, 0.0, 42.5) screen=(547.433, -487.0705)
[Dev] interact @Area3D@111348 world=(14.5, 0.0, 24.5) screen=(686.2831, -1368.878)
[Dev] interact @Area3D@111349 world=(23.5, 0.0, 18.5) screen=(1380.534, -1288.714)
[Dev] interact LootChest world=(29.5, 0.0, 39.5) screen=(686.2831, -567.2349)
[Dev] interact @Area3D@111350 world=(40.5, 0.0, 38.5) screen=(1241.683, -300.0204)
[Dev] interact LootPot world=(17.5, 0.0, 43.5) screen=(-54.25064, -781.0067)
[Dev] interact @Area3D@111351 world=(18.5, 0.0, 44.5) screen=(-54.25041, -727.5637)
[Dev] interact @Area3D@111352 world=(19.5, 0.0, 9.5) screen=(1611.95, -1636.093)
[Dev] interact @Area3D@111353 world=(20.5, 0.0, 9.5) screen=(1658.234, -1609.372)
[Dev] interact @Area3D@111354 world=(43.5, 0.0, 60.5) screen=(362.2997, 368.0159)
[Dev] interact @Area3D@111355 world=(43.5, 0.0, 59.5) screen=(408.583, 341.2944)
[Dev] interact @Area3D@111356 world=(21.5, 0.0, 39.5) screen=(316.0163, -781.0065)
[Dev] removed 20 enemies
[Dev] removed 1 enemies
  · 홀림 실측: 첫 예고 깨어난 뒤 3.02초 · 예고 0.98초 · 끌림 3.500u(정격 3.500) → 나찰녀 앞 1.50칸 · 스침 끌림 +0.37초 · 도호 생명 101/110
[Dev] removed 1 enemies
[Dev] removed 1 enemies
[Dev] removed 2 enemies
[Kill] +14 xp (lv 1, 14/20)
[Save] quest → user://save_e2e.json (C:/Users/FORYOUCOM/AppData/Roaming/Godot/app_userdata/Joseon Hunters/wt/codex-630-whirl-structure/save_e2e.json)
[Quest] heukrang_clear 싹쓸이 완료 (none → killed)
[Dev] removed 1 enemies
E2E nachalnyeo_attacks PASS (검사 16)
[Audio] BGM town → town.ogg
[Save] level 못골 마을 → user://save_e2e.json (C:/Users/FORYOUCOM/AppData/Roaming/Godot/app_userdata/Joseon Hunters/wt/codex-630-whirl-structure/save_e2e.json)
[Dev] stairs DungeonEntrance dir=1 world=(0.0, 0.0, -31.0) screen=(2121.067, -492.4143)
[Dev] interact Merchant world=(5.4, 0.0, -2.4) screen=(1047.293, 368.0158)
[Dev] interact Shaman world=(-5.6, 0.0, 0.4) screen=(408.5833, 148.8999)
[Dev] interact Elder world=(2.0, 0.0, -5.6) screen=(1038.037, 191.6542)
[Dev] interact Jumo world=(7.1, 0.0, -1.4) screen=(1079.692, 440.1637)
[Dev] interact StashChest world=(3.3, 0.0, -2.05) screen=(933.8992, 321.2533)
[Dev] interact Waypoint world=(-4.2, 0.0, 2.2) screen=(390.0698, 234.4085)
E2E ▶ m14_models
[Field] jeongnyeongjae seed=3599041059 128x176 props=2820 packs=13 enemies=72 waypoint=(61, 66) roster=hwajeok,vampire_bat,lightning_master | hwajeok,hollin_yeogung_bow,gaekgwi elites=["8:금색×3@구간2", "10:금색×3@구간3"]
[Audio] BGM dungeon → dungeon_1.ogg
[Save] level 정령재 → user://save_e2e.json (C:/Users/FORYOUCOM/AppData/Roaming/Godot/app_userdata/Joseon Hunters/wt/codex-630-whirl-structure/save_e2e.json)
[Dev] stairs Down_cave dir=1 world=(60.5, 0.0, 3.5) screen=(9896.671, -2149.144)
[Dev] stairs Down_mine dir=1 world=(125.5, 0.0, 70.5) screen=(9804.104, 1378.087)
[Dev] interact Waypoint world=(61.5, 0.0, 66.5) screen=(7027.103, -487.0706)
[Dev] interact LootChest world=(5.5, 0.0, 141.5) screen=(963.9833, 20.637)
[Dev] interact @Area3D@112972 world=(26.5, 0.0, 123.5) screen=(2769.034, 100.8014)
[Dev] interact @Area3D@112973 world=(61.5, 0.0, 88.5) screen=(6008.868, 100.8013)
[Dev] interact @Area3D@112974 world=(82.5, 0.0, 48.5) screen=(8832.153, -406.9061)
[Dev] interact LootPot world=(70.5, 0.0, 9.5) screen=(10081.8, -1769.7)
[Dev] interact @Area3D@112975 world=(59.5, 0.0, 82.5) screen=(6194.002, -112.9702)
[Dev] interact @Area3D@112976 world=(39.5, 0.0, 58.5) screen=(6379.136, -1288.714)
[Dev] interact @Area3D@112977 world=(32.5, 0.0, 37.5) screen=(7027.103, -2036.915)
[Dev] interact @Area3D@112978 world=(30.5, 0.0, 123.5) screen=(2954.168, 207.6872)
[Dev] interact @Area3D@112979 world=(96.5, 0.0, 125.5) screen=(5916.303, 2024.746)
[Dev] interact @Area3D@112980 world=(89.5, 0.0, 59.5) screen=(8647.021, 74.08006)
[Dev] interact @Area3D@112981 world=(22.5, 0.0, 41.5) screen=(6379.136, -2197.243)
[Dev] interact @Area3D@112982 world=(56.5, 0.0, 51.5) screen=(7489.937, -1021.5)
[Dev] interact @Area3D@112983 world=(7.5, 0.0, 142.5) screen=(1010.267, 100.8013)
[Dev] interact @Area3D@112984 world=(101.5, 0.0, 72.5) screen=(8600.737, 742.1163)
[Dev] interact @Area3D@112985 world=(77.5, 0.0, 34.5) screen=(9248.703, -914.6136)
[Dev] removed 72 enemies
  · 줄 가운데 = (76.5, 0.0, 74.5) (서낭단 닻 (64, 66))
  · 모양: hollin_yeogung_bow=hollin_yeogung, hollin_yeogung_spear=hollin_yeogung_spear, plague_dog=plague_dog, honbul=honbul, tteodoneun_neok=sobok_gwisin, gaekgwi=sobok_gwisin, mulgwishin=sobok_gwisin, nachalnyeo=nachalnyeo
[Dev] removed 8 enemies
E2E m14_models PASS (검사 13)
[Audio] BGM town → town.ogg
[Save] level 못골 마을 → user://save_e2e.json (C:/Users/FORYOUCOM/AppData/Roaming/Godot/app_userdata/Joseon Hunters/wt/codex-630-whirl-structure/save_e2e.json)
[Dev] stairs DungeonEntrance dir=1 world=(0.0, 0.0, -31.0) screen=(2121.067, -492.4143)
[Dev] interact Merchant world=(5.4, 0.0, -2.4) screen=(1047.293, 368.0158)
[Dev] interact Shaman world=(-5.6, 0.0, 0.4) screen=(408.5833, 148.8999)
[Dev] interact Elder world=(2.0, 0.0, -5.6) screen=(1038.037, 191.6542)
[Dev] interact Jumo world=(7.1, 0.0, -1.4) screen=(1079.692, 440.1637)
[Dev] interact StashChest world=(3.3, 0.0, -2.05) screen=(933.8992, 321.2533)
[Dev] interact Waypoint world=(-4.2, 0.0, 2.2) screen=(390.0698, 234.4085)
E2E ▶ leader_options
[Dungeon] heukrang_gul 1층 lv=2 seed=403727558 gen 64x64 rooms=6 up=(44, 56) down=(7, 23) enemies=20 roster=bandit,bat,talisman_master elites=["방2:금색×3(깊이 0.50)"] named=-
[Quest] heukrang_gul 1층 — 싹쓸이 셈 시작 20 (heukrang_clear:none)
[Audio] BGM dungeon → dungeon_3.ogg
[Save] level 흑랑 굴 1층 → user://save_e2e.json (C:/Users/FORYOUCOM/AppData/Roaming/Godot/app_userdata/Joseon Hunters/wt/codex-630-whirl-structure/save_e2e.json)
[Dev] stairs StairsUp dir=-1 world=(44.5, 0.0, 56.5) screen=(593.7165, 335.9509)
[Dev] stairs StairsDown dir=1 world=(7.5, 0.0, 23.5) screen=(408.583, -1534.551)
[Dev] interact PusJar world=(29.5, 0.0, 42.5) screen=(547.433, -487.0705)
[Dev] interact @Area3D@113366 world=(14.5, 0.0, 24.5) screen=(686.2831, -1368.878)
[Dev] interact @Area3D@113367 world=(23.5, 0.0, 18.5) screen=(1380.534, -1288.714)
[Dev] interact LootChest world=(29.5, 0.0, 39.5) screen=(686.2831, -567.2349)
[Dev] interact @Area3D@113368 world=(40.5, 0.0, 38.5) screen=(1241.683, -300.0204)
[Dev] interact LootPot world=(17.5, 0.0, 43.5) screen=(-54.25064, -781.0067)
[Dev] interact @Area3D@113369 world=(18.5, 0.0, 44.5) screen=(-54.25041, -727.5637)
[Dev] interact @Area3D@113370 world=(19.5, 0.0, 9.5) screen=(1611.95, -1636.093)
[Dev] interact @Area3D@113371 world=(20.5, 0.0, 9.5) screen=(1658.234, -1609.372)
[Dev] interact @Area3D@113372 world=(43.5, 0.0, 60.5) screen=(362.2997, 368.0159)
[Dev] interact @Area3D@113373 world=(43.5, 0.0, 59.5) screen=(408.583, 341.2944)
[Dev] interact @Area3D@113374 world=(21.5, 0.0, 39.5) screen=(316.0163, -781.0065)
[Dev] removed 20 enemies
[Kill] +55 xp (lv 2, 35/57)
[LevelUp] lv=2 stat_pts=5 skill_pts=1
[Dev] item 엽전 world=(24.5, 0.0, 49.5) screen=(732.5665, 399.4427)
[Dev] item 영약 — 생맥산 world=(24.5, 0.0, 49.5) screen=(732.5665, 399.4427)
[Dev] item 엽전 world=(24.5, 0.0, 49.5) screen=(732.5665, 399.4427)
[Dev] item 미식별 누비옷 world=(24.5, 0.0, 49.5) screen=(732.5665, 399.4427)
[Save] quest → user://save_e2e.json (C:/Users/FORYOUCOM/AppData/Roaming/Godot/app_userdata/Joseon Hunters/wt/codex-630-whirl-structure/save_e2e.json)
[Quest] heukrang_clear 싹쓸이 완료 (none → killed)
[Dev] removed 1 enemies
  · 축지 — 도호 곁 1.94칸 · 맞고 옆으로 4.47칸 (잣대 2.29~5.71)
[Dev] removed 1 enemies
[Dev] removed 1 enemies
[Dev] removed 1 enemies
[Dev] removed 1 enemies
[Kill] +53 xp (lv 3, 31/104)
[LevelUp] lv=3 stat_pts=10 skill_pts=2
[Dev] item 미투리 world=(24.13776, 0.0, 49.5388) screen=(714.0049, 388.7723)
[Dev] item 탕약 — 쌍화탕 world=(24.13776, 0.0, 49.5388) screen=(714.0049, 388.7723)
[Dev] item 짚신 world=(24.13776, 0.0, 49.5388) screen=(714.0049, 388.7723)
[Dev] removed 3 enemies
E2E leader_options PASS (검사 20)
[Audio] BGM town → town.ogg
[Save] level 못골 마을 → user://save_e2e.json (C:/Users/FORYOUCOM/AppData/Roaming/Godot/app_userdata/Joseon Hunters/wt/codex-630-whirl-structure/save_e2e.json)
[Dev] stairs DungeonEntrance dir=1 world=(0.0, 0.0, -31.0) screen=(2121.067, -492.4143)
[Dev] interact Merchant world=(5.4, 0.0, -2.4) screen=(1047.293, 368.0158)
[Dev] interact Shaman world=(-5.6, 0.0, 0.4) screen=(408.5833, 148.8999)
[Dev] interact Elder world=(2.0, 0.0, -5.6) screen=(1038.037, 191.6542)
[Dev] interact Jumo world=(7.1, 0.0, -1.4) screen=(1079.692, 440.1637)
[Dev] interact StashChest world=(3.3, 0.0, -2.05) screen=(933.8992, 321.2533)
[Dev] interact Waypoint world=(-4.2, 0.0, 2.2) screen=(390.0698, 234.4085)
E2E ▶ surround
[Dungeon] heukrang_gul 1층 lv=2 seed=403727558 gen 64x64 rooms=6 up=(44, 56) down=(7, 23) enemies=20 roster=bandit,bat,talisman_master elites=["방2:금색×3(깊이 0.50)"] named=-
[Quest] heukrang_gul 1층 — 싹쓸이 셈 시작 20 (heukrang_clear:none)
[Audio] BGM dungeon → dungeon_2.ogg
[Save] level 흑랑 굴 1층 → user://save_e2e.json (C:/Users/FORYOUCOM/AppData/Roaming/Godot/app_userdata/Joseon Hunters/wt/codex-630-whirl-structure/save_e2e.json)
[Dev] stairs StairsUp dir=-1 world=(44.5, 0.0, 56.5) screen=(593.7165, 335.9509)
[Dev] stairs StairsDown dir=1 world=(7.5, 0.0, 23.5) screen=(408.583, -1534.551)
[Dev] interact PusJar world=(29.5, 0.0, 42.5) screen=(547.433, -487.0705)
[Dev] interact @Area3D@113769 world=(14.5, 0.0, 24.5) screen=(686.2831, -1368.878)
[Dev] interact @Area3D@113770 world=(23.5, 0.0, 18.5) screen=(1380.534, -1288.714)
[Dev] interact LootChest world=(29.5, 0.0, 39.5) screen=(686.2831, -567.2349)
[Dev] interact @Area3D@113771 world=(40.5, 0.0, 38.5) screen=(1241.683, -300.0204)
[Dev] interact LootPot world=(17.5, 0.0, 43.5) screen=(-54.25064, -781.0067)
[Dev] interact @Area3D@113772 world=(18.5, 0.0, 44.5) screen=(-54.25041, -727.5637)
[Dev] interact @Area3D@113773 world=(19.5, 0.0, 9.5) screen=(1611.95, -1636.093)
[Dev] interact @Area3D@113774 world=(20.5, 0.0, 9.5) screen=(1658.234, -1609.372)
[Dev] interact @Area3D@113775 world=(43.5, 0.0, 60.5) screen=(362.2997, 368.0159)
[Dev] interact @Area3D@113776 world=(43.5, 0.0, 59.5) screen=(408.583, 341.2944)
[Dev] interact @Area3D@113777 world=(21.5, 0.0, 39.5) screen=(316.0163, -781.0065)
[Dev] removed 20 enemies
[Audio] 전투 밀집 — 노리는 무게 9 ≥ 5 → dungeon_tense
[Audio] BGM dungeon_tense → dungeon_tense.ogg
[Audio] 같은 순간 같은 큐 상한(3) 넘침 — bandit_attack ×1 (버림 누계 734)
  · 제 자리 0.5u 안 9 (무리가 8 넘은 아홉째는 더 걸어야 하는 바깥 자리 포함)
[Kill] +8 xp (lv 1, 8/20)
[Dev] item 은가락지 world=(23.78178, 0.0, 49.5142) screen=(698.6679, 378.6185)
[Dev] removed 17 enemies
[Dev] removed 4 enemies
[Dev] removed 1 enemies
E2E surround PASS (검사 7)
[Audio] BGM town → town.ogg
[Save] level 못골 마을 → user://save_e2e.json (C:/Users/FORYOUCOM/AppData/Roaming/Godot/app_userdata/Joseon Hunters/wt/codex-630-whirl-structure/save_e2e.json)
[Dev] stairs DungeonEntrance dir=1 world=(0.0, 0.0, -31.0) screen=(2121.067, -492.4143)
[Dev] interact Merchant world=(5.4, 0.0, -2.4) screen=(1047.293, 368.0158)
[Dev] interact Shaman world=(-5.6, 0.0, 0.4) screen=(408.5833, 148.8999)
[Dev] interact Elder world=(2.0, 0.0, -5.6) screen=(1038.037, 191.6542)
[Dev] interact Jumo world=(7.1, 0.0, -1.4) screen=(1079.692, 440.1637)
[Dev] interact StashChest world=(3.3, 0.0, -2.05) screen=(933.8992, 321.2533)
[Dev] interact Waypoint world=(-4.2, 0.0, 2.2) screen=(390.0698, 234.4085)
E2E ▶ weapon_visibility
[Click] world=(-2.496891, 0.0, -4.496891) cell=(-3, -5)
E2E weapon_visibility PASS (검사 25)
[Save] level 못골 마을 → user://save_e2e.json (C:/Users/FORYOUCOM/AppData/Roaming/Godot/app_userdata/Joseon Hunters/wt/codex-630-whirl-structure/save_e2e.json)
[Dev] stairs DungeonEntrance dir=1 world=(0.0, 0.0, -31.0) screen=(2121.067, -492.4143)
[Dev] interact Merchant world=(5.4, 0.0, -2.4) screen=(1047.293, 368.0158)
[Dev] interact Shaman world=(-5.6, 0.0, 0.4) screen=(408.5833, 148.8999)
[Dev] interact Elder world=(2.0, 0.0, -5.6) screen=(1038.037, 191.6542)
[Dev] interact Jumo world=(7.1, 0.0, -1.4) screen=(1079.692, 440.1637)
[Dev] interact StashChest world=(3.3, 0.0, -2.05) screen=(933.8992, 321.2533)
[Dev] interact Waypoint world=(-4.2, 0.0, 2.2) screen=(390.0698, 234.4085)
E2E ▶ first_magic
[Dev] item 화염부 world=(32.5, 0.0, 70.5) screen=(-1072.484, 3072.227)
[Dev] item 빙결부 world=(33.5, 0.0, 69.5) screen=(-979.9173, 3072.227)
[Field] deulnyeok seed=355022911 128x128 props=2252 packs=18 enemies=77 waypoint=(62, 65) roster=bandit,bat,talisman_master elites=["13:파란×4@구간3"]
[Audio] BGM dungeon → dungeon_4.ogg
[Save] level 못골 들녘 → user://save_e2e.json (C:/Users/FORYOUCOM/AppData/Roaming/Godot/app_userdata/Joseon Hunters/wt/codex-630-whirl-structure/save_e2e.json)
[Dev] stairs Down_cave dir=1 world=(88.5, 0.0, 3.5) screen=(7212.236, 897.1014)
[Dev] interact Waypoint world=(62.5, 0.0, 65.5) screen=(3139.301, 1810.974)
[Dev] interact FloorItem world=(32.5, 0.0, 70.5) screen=(1519.384, 1142.938)
[Dev] interact @Area3D@114672 world=(33.5, 0.0, 69.5) screen=(1611.95, 1142.938)
[Dev] interact PusJar world=(95.5, 0.0, 103.5) screen=(2907.884, 3708.197)
[Dev] interact @Area3D@114899 world=(101.5, 0.0, 105.5) screen=(3093.018, 3921.969)
[Dev] interact @Area3D@114900 world=(98.5, 0.0, 107.5) screen=(2861.601, 3895.247)
[Dev] interact LootChest world=(27.5, 0.0, 70.5) screen=(1287.967, 1009.331)
[Dev] interact @Area3D@114901 world=(94.5, 0.0, 100.5) screen=(3000.451, 3601.312)
[Dev] interact @Area3D@114902 world=(55.5, 0.0, 52.5) screen=(3417.001, 1276.545)
[Dev] interact LootPot world=(46.5, 0.0, 68.5) screen=(2259.917, 1463.595)
[Dev] interact @Area3D@114903 world=(73.5, 0.0, 47.5) screen=(4481.519, 1623.924)
[Dev] interact @Area3D@114904 world=(90.5, 0.0, 47.5) screen=(5268.335, 2078.189)
[Dev] interact @Area3D@114905 world=(111.5, 0.0, 49.5) screen=(6147.719, 2692.782)
[Dev] interact @Area3D@114906 world=(101.5, 0.0, 101.5) screen=(3278.151, 3815.083)
[Dev] interact @Area3D@114907 world=(86.5, 0.0, 76.5) screen=(3740.984, 2746.225)
[Dev] interact @Area3D@114908 world=(53.5, 0.0, 52.5) screen=(3324.434, 1223.102)
[Dev] interact @Area3D@114909 world=(87.5, 0.0, 95.5) screen=(2907.884, 3280.654)
[Dev] interact @Area3D@114910 world=(26.5, 0.0, 66.5) screen=(1426.817, 875.7234)
[Dev] interact @Area3D@114911 world=(17.5, 0.0, 60.5) screen=(1287.967, 474.9016)
[Dev] interact @Area3D@114912 world=(86.5, 0.0, 22.5) screen=(6240.286, 1303.266)
[Dev] interact @Area3D@114913 world=(59.5, 0.0, 65.5) screen=(3000.451, 1730.81)
[Dev] interact @Area3D@114914 world=(18.5, 0.0, 74.5) screen=(686.2832, 875.7234)
[Dev] interact @Area3D@114915 world=(44.5, 0.0, 69.5) screen=(2121.067, 1436.874)
[Dev] interact @Area3D@114916 world=(73.5, 0.0, 49.5) screen=(4388.952, 1677.367)
[Dev] interact @Area3D@114917 world=(88.5, 0.0, 52.5) screen=(4944.352, 2158.353)
[Kill] +6 xp (lv 1, 6/20)
[Dev] item 괴황지 world=(14.5, 0.0, 46.5) screen=(1797.084, 50.05202)
[Dev] item 미식별 목검 world=(14.5, 0.0, 46.5) screen=(1797.084, 50.05202)
[Loot] 첫 매직 보장 — bandit (wooden_sword ilvl 1) · 회차 1
[Kill] +6 xp (lv 1, 12/20)
[Save] e2e first_magic → user://save_e2e.json (C:/Users/FORYOUCOM/AppData/Roaming/Godot/app_userdata/Joseon Hunters/wt/codex-630-whirl-structure/save_e2e.json)
[Load] lv=1 gold=0 flags={ "opening_pending": false, "story": { "entered/deulnyeok": true, "entered/motgol": true } } portal=<null> wps=[]
[Dev] item 화염부 world=(32.5, 0.0, 70.5) screen=(1519.384, 1172.353)
[Dev] item 빙결부 world=(33.5, 0.0, 69.5) screen=(1611.95, 1172.353)
[Field] deulnyeok seed=355022911 128x128 props=2252 packs=18 enemies=77 waypoint=(62, 65) roster=bandit,bat,talisman_master elites=["12:파란×4@구간3", "7:파란×4@구간2"]
[Save] level 못골 들녘 → user://save_e2e.json (C:/Users/FORYOUCOM/AppData/Roaming/Godot/app_userdata/Joseon Hunters/wt/codex-630-whirl-structure/save_e2e.json)
[Dev] stairs Down_cave dir=1 world=(88.5, 0.0, 3.5) screen=(7212.236, 897.1014)
[Dev] interact Waypoint world=(62.5, 0.0, 65.5) screen=(3139.301, 1810.974)
[Dev] interact FloorItem world=(32.5, 0.0, 70.5) screen=(1519.384, 1142.938)
[Dev] interact @Area3D@115427 world=(33.5, 0.0, 69.5) screen=(1611.95, 1142.938)
[Dev] interact PusJar world=(95.5, 0.0, 103.5) screen=(2907.884, 3708.197)
[Dev] interact @Area3D@115650 world=(101.5, 0.0, 105.5) screen=(3093.018, 3921.969)
[Dev] interact @Area3D@115651 world=(98.5, 0.0, 107.5) screen=(2861.601, 3895.247)
[Dev] interact LootChest world=(27.5, 0.0, 70.5) screen=(1287.967, 1009.331)
[Dev] interact @Area3D@115652 world=(94.5, 0.0, 100.5) screen=(3000.451, 3601.312)
[Dev] interact @Area3D@115653 world=(55.5, 0.0, 52.5) screen=(3417.001, 1276.545)
[Dev] interact LootPot world=(46.5, 0.0, 68.5) screen=(2259.917, 1463.595)
[Dev] interact @Area3D@115654 world=(73.5, 0.0, 47.5) screen=(4481.519, 1623.924)
[Dev] interact @Area3D@115655 world=(90.5, 0.0, 47.5) screen=(5268.335, 2078.189)
[Dev] interact @Area3D@115656 world=(111.5, 0.0, 49.5) screen=(6147.719, 2692.782)
[Dev] interact @Area3D@115657 world=(101.5, 0.0, 101.5) screen=(3278.151, 3815.083)
[Dev] interact @Area3D@115658 world=(86.5, 0.0, 76.5) screen=(3740.984, 2746.225)
[Dev] interact @Area3D@115659 world=(53.5, 0.0, 52.5) screen=(3324.434, 1223.102)
[Dev] interact @Area3D@115660 world=(87.5, 0.0, 95.5) screen=(2907.884, 3280.654)
[Dev] interact @Area3D@115661 world=(26.5, 0.0, 66.5) screen=(1426.817, 875.7234)
[Dev] interact @Area3D@115662 world=(17.5, 0.0, 60.5) screen=(1287.967, 474.9016)
[Dev] interact @Area3D@115663 world=(86.5, 0.0, 22.5) screen=(6240.286, 1303.266)
[Dev] interact @Area3D@115664 world=(59.5, 0.0, 65.5) screen=(3000.451, 1730.81)
[Dev] interact @Area3D@115665 world=(18.5, 0.0, 74.5) screen=(686.2832, 875.7234)
[Dev] interact @Area3D@115666 world=(44.5, 0.0, 69.5) screen=(2121.067, 1436.874)
[Dev] interact @Area3D@115667 world=(73.5, 0.0, 49.5) screen=(4388.952, 1677.367)
[Dev] interact @Area3D@115668 world=(88.5, 0.0, 52.5) screen=(4944.352, 2158.353)
[Kill] +6 xp (lv 1, 18/20)
[Dev] item 엽전 world=(14.5, 0.0, 46.5) screen=(1797.084, 50.05202)
[Dev] item 영약 — 공진단 world=(14.5, 0.0, 46.5) screen=(1797.084, 50.05202)
[Dev] item 미식별 정자관 world=(14.5, 0.0, 46.5) screen=(1797.084, 50.05202)
[Loot] 첫 매직 보장 — bandit (jeongjagwan ilvl 13) · 회차 2
[Dungeon] heukrang_gul 1층 lv=2 seed=403727558 gen 64x64 rooms=6 up=(44, 56) down=(7, 23) enemies=20 roster=bandit,bat,talisman_master elites=["방2:금색×3(깊이 0.50)"] named=-
[Quest] heukrang_gul 1층 — 싹쓸이 셈 시작 96 (heukrang_clear:none)
[Save] level 흑랑 굴 1층 → user://save_e2e.json (C:/Users/FORYOUCOM/AppData/Roaming/Godot/app_userdata/Joseon Hunters/wt/codex-630-whirl-structure/save_e2e.json)
[Dev] stairs StairsUp dir=-1 world=(44.5, 0.0, 56.5) screen=(593.7165, 335.9509)
[Dev] stairs StairsDown dir=1 world=(7.5, 0.0, 23.5) screen=(408.583, -1534.551)
[Dev] interact PusJar world=(29.5, 0.0, 42.5) screen=(547.433, -487.0705)
[Dev] interact @Area3D@115875 world=(14.5, 0.0, 24.5) screen=(686.2831, -1368.878)
[Dev] interact @Area3D@115876 world=(23.5, 0.0, 18.5) screen=(1380.534, -1288.714)
[Dev] interact LootChest world=(29.5, 0.0, 39.5) screen=(686.2831, -567.2349)
[Dev] interact @Area3D@115877 world=(40.5, 0.0, 38.5) screen=(1241.683, -300.0204)
[Dev] interact LootPot world=(17.5, 0.0, 43.5) screen=(-54.25064, -781.0067)
[Dev] interact @Area3D@115878 world=(18.5, 0.0, 44.5) screen=(-54.25041, -727.5637)
[Dev] interact @Area3D@115879 world=(19.5, 0.0, 9.5) screen=(1611.95, -1636.093)
[Dev] interact @Area3D@115880 world=(20.5, 0.0, 9.5) screen=(1658.234, -1609.372)
[Dev] interact @Area3D@115881 world=(43.5, 0.0, 60.5) screen=(362.2997, 368.0159)
[Dev] interact @Area3D@115882 world=(43.5, 0.0, 59.5) screen=(408.583, 341.2944)
[Dev] interact @Area3D@115883 world=(21.5, 0.0, 39.5) screen=(316.0163, -781.0065)
E2E first_magic PASS (검사 18)
[Audio] BGM town → town.ogg
[Save] level 못골 마을 → user://save_e2e.json (C:/Users/FORYOUCOM/AppData/Roaming/Godot/app_userdata/Joseon Hunters/wt/codex-630-whirl-structure/save_e2e.json)
[Dev] stairs DungeonEntrance dir=1 world=(0.0, 0.0, -31.0) screen=(2121.067, -492.4143)
[Dev] interact Merchant world=(5.4, 0.0, -2.4) screen=(1047.293, 368.0158)
[Dev] interact Shaman world=(-5.6, 0.0, 0.4) screen=(408.5833, 148.8999)
[Dev] interact Elder world=(2.0, 0.0, -5.6) screen=(1038.037, 191.6542)
[Dev] interact Jumo world=(7.1, 0.0, -1.4) screen=(1079.692, 440.1637)
[Dev] interact StashChest world=(3.3, 0.0, -2.05) screen=(933.8992, 321.2533)
[Dev] interact Waypoint world=(-4.2, 0.0, 2.2) screen=(390.0698, 234.4085)
E2E ▶ hover_target
[Dungeon] heukrang_gul 1층 lv=2 seed=403727558 gen 64x64 rooms=6 up=(44, 56) down=(7, 23) enemies=20 roster=bandit,bat,talisman_master elites=["방2:금색×3(깊이 0.50)"] named=-
[Quest] heukrang_gul 1층 — 싹쓸이 셈 시작 20 (heukrang_clear:none)
[Audio] BGM dungeon → dungeon_2.ogg
[Save] level 흑랑 굴 1층 → user://save_e2e.json (C:/Users/FORYOUCOM/AppData/Roaming/Godot/app_userdata/Joseon Hunters/wt/codex-630-whirl-structure/save_e2e.json)
[Dev] stairs StairsUp dir=-1 world=(44.5, 0.0, 56.5) screen=(593.7165, 335.9509)
[Dev] stairs StairsDown dir=1 world=(7.5, 0.0, 23.5) screen=(408.583, -1534.551)
[Dev] interact PusJar world=(29.5, 0.0, 42.5) screen=(547.433, -487.0705)
[Dev] interact @Area3D@116246 world=(14.5, 0.0, 24.5) screen=(686.2831, -1368.878)
[Dev] interact @Area3D@116247 world=(23.5, 0.0, 18.5) screen=(1380.534, -1288.714)
[Dev] interact LootChest world=(29.5, 0.0, 39.5) screen=(686.2831, -567.2349)
[Dev] interact @Area3D@116248 world=(40.5, 0.0, 38.5) screen=(1241.683, -300.0204)
[Dev] interact LootPot world=(17.5, 0.0, 43.5) screen=(-54.25064, -781.0067)
[Dev] interact @Area3D@116249 world=(18.5, 0.0, 44.5) screen=(-54.25041, -727.5637)
[Dev] interact @Area3D@116250 world=(19.5, 0.0, 9.5) screen=(1611.95, -1636.093)
[Dev] interact @Area3D@116251 world=(20.5, 0.0, 9.5) screen=(1658.234, -1609.372)
[Dev] interact @Area3D@116252 world=(43.5, 0.0, 60.5) screen=(362.2997, 368.0159)
[Dev] interact @Area3D@116253 world=(43.5, 0.0, 59.5) screen=(408.583, 341.2944)
[Dev] interact @Area3D@116254 world=(21.5, 0.0, 39.5) screen=(316.0163, -781.0065)
[Dev] removed 20 enemies
[Kill] +6 xp (lv 1, 6/20)
[Click] world=(27.49961, 0.0, 49.49961) cell=(27, 49)
[Click] world=(28.35572, 0.0, 49.49961) cell=(28, 49)
[Click] world=(28.88558, 0.0, 49.49961) cell=(28, 49)
[Click] world=(29.40987, 0.0, 49.49961) cell=(29, 49)
[Click] world=(29.93354, 0.0, 49.49961) cell=(29, 49)
[Click] world=(20.3, 0.000391, 49.5) cell=(20, 49)
[Skill] 참격 → mp 46/50
[Skill] 참격 → mp 46/50
[Click] world=(25.0, 0.000391, 49.5) cell=(25, 49)
[Click] world=(25.0, 0.000391, 49.5) cell=(25, 49)
[Click] world=(24.9, 0.000391, 49.5) cell=(24, 49)
[Click] world=(25.43033, 0.000391, 48.96967) cell=(25, 48)
[Click] world=(26.3, 0.000391, 49.5) cell=(26, 49)
[Click] world=(26.3, 0.000391, 49.5) cell=(26, 49)
[Skill] 참격 → mp 46/50
[Skill] 참격 → mp 46/50
E2E hover_target PASS (검사 45)
[Audio] BGM town → town.ogg
[Save] level 못골 마을 → user://save_e2e.json (C:/Users/FORYOUCOM/AppData/Roaming/Godot/app_userdata/Joseon Hunters/wt/codex-630-whirl-structure/save_e2e.json)
[Dev] stairs DungeonEntrance dir=1 world=(0.0, 0.0, -31.0) screen=(2121.067, -492.4143)
[Dev] interact Merchant world=(5.4, 0.0, -2.4) screen=(1047.293, 368.0158)
[Dev] interact Shaman world=(-5.6, 0.0, 0.4) screen=(408.5833, 148.8999)
[Dev] interact Elder world=(2.0, 0.0, -5.6) screen=(1038.037, 191.6542)
[Dev] interact Jumo world=(7.1, 0.0, -1.4) screen=(1079.692, 440.1637)
[Dev] interact StashChest world=(3.3, 0.0, -2.05) screen=(933.8992, 321.2533)
[Dev] interact Waypoint world=(-4.2, 0.0, 2.2) screen=(390.0698, 234.4085)
E2E ▶ system_menu
[Dungeon] heukrang_gul 1층 lv=2 seed=403727558 gen 64x64 rooms=6 up=(44, 56) down=(7, 23) enemies=20 roster=bandit,bat,talisman_master elites=["방2:금색×3(깊이 0.50)"] named=-
[Quest] heukrang_gul 1층 — 싹쓸이 셈 시작 20 (heukrang_clear:none)
[Audio] BGM dungeon → dungeon_3.ogg
[Save] level 흑랑 굴 1층 → user://system_menu_550_1220532594.json (C:/Users/FORYOUCOM/AppData/Roaming/Godot/app_userdata/Joseon Hunters/wt/codex-630-whirl-structure/system_menu_550_1220532594.json)
[Dev] stairs StairsUp dir=-1 world=(44.5, 0.0, 56.5) screen=(593.7165, 335.9509)
[Dev] stairs StairsDown dir=1 world=(7.5, 0.0, 23.5) screen=(408.583, -1534.551)
[Dev] interact PusJar world=(29.5, 0.0, 42.5) screen=(547.433, -487.0705)
[Dev] interact @Area3D@116663 world=(14.5, 0.0, 24.5) screen=(686.2831, -1368.878)
[Dev] interact @Area3D@116664 world=(23.5, 0.0, 18.5) screen=(1380.534, -1288.714)
[Dev] interact LootChest world=(29.5, 0.0, 39.5) screen=(686.2831, -567.2349)
[Dev] interact @Area3D@116665 world=(40.5, 0.0, 38.5) screen=(1241.683, -300.0204)
[Dev] interact LootPot world=(17.5, 0.0, 43.5) screen=(-54.25064, -781.0067)
[Dev] interact @Area3D@116666 world=(18.5, 0.0, 44.5) screen=(-54.25041, -727.5637)
[Dev] interact @Area3D@116667 world=(19.5, 0.0, 9.5) screen=(1611.95, -1636.093)
[Dev] interact @Area3D@116668 world=(20.5, 0.0, 9.5) screen=(1658.234, -1609.372)
[Dev] interact @Area3D@116669 world=(43.5, 0.0, 60.5) screen=(362.2997, 368.0159)
[Dev] interact @Area3D@116670 world=(43.5, 0.0, 59.5) screen=(408.583, 341.2944)
[Dev] interact @Area3D@116671 world=(21.5, 0.0, 39.5) screen=(316.0163, -781.0065)
[Dev] interact Portal world=(46.5, 0.0, 56.5) screen=(686.2831, 338.6432)
[Portal] opened heukrang_gul 1층 pos=(46.5, 0.0, 56.5)
[Save] system menu → user://system_menu_550_1220532594.json (C:/Users/FORYOUCOM/AppData/Roaming/Godot/app_userdata/Joseon Hunters/wt/codex-630-whirl-structure/system_menu_550_1220532594.json)
[Load] lv=1 gold=0 flags={ "opening_pending": false, "quest": { "heukrang_clear": { "state": "none", "left": 20, "barked": false } }, "story": { "entered/heukrang_gul": true, "entered/motgol": true } } portal={ "area": &"heukrang_gul", "floor": 1, "pos": (46.5, 0.0, 56.5), "returned": false } wps=[]
[Dungeon] heukrang_gul 1층 lv=2 seed=403727558 gen 64x64 rooms=6 up=(44, 56) down=(7, 23) enemies=20 roster=bandit,bat,talisman_master elites=["방2:금색×3(깊이 0.50)"] named=-
[Dev] interact Portal world=(46.5, 0.0, 56.5) screen=(686.2831, 341.2944)
[Quest] heukrang_gul 1층 — 싹쓸이 셈 시작 40 (heukrang_clear:none)
[Save] level 흑랑 굴 1층 → user://system_menu_550_1220532594.json.characters/legacy.json (C:/Users/FORYOUCOM/AppData/Roaming/Godot/app_userdata/Joseon Hunters/wt/codex-630-whirl-structure/system_menu_550_1220532594.json.characters/legacy.json)
[Dev] stairs StairsUp dir=-1 world=(44.5, 0.0, 56.5) screen=(593.7165, 335.9509)
[Dev] stairs StairsDown dir=1 world=(7.5, 0.0, 23.5) screen=(408.583, -1534.551)
[Dev] interact Portal world=(46.5, 0.0, 56.5) screen=(686.2831, 341.2944)
[Dev] interact PusJar world=(29.5, 0.0, 42.5) screen=(547.433, -487.0705)
[Dev] interact @Area3D@116875 world=(14.5, 0.0, 24.5) screen=(686.2831, -1368.878)
[Dev] interact @Area3D@116876 world=(23.5, 0.0, 18.5) screen=(1380.534, -1288.714)
[Dev] interact LootChest world=(29.5, 0.0, 39.5) screen=(686.2831, -567.2349)
[Dev] interact @Area3D@116877 world=(40.5, 0.0, 38.5) screen=(1241.683, -300.0204)
[Dev] interact LootPot world=(17.5, 0.0, 43.5) screen=(-54.25064, -781.0067)
[Dev] interact @Area3D@116878 world=(18.5, 0.0, 44.5) screen=(-54.25041, -727.5637)
[Dev] interact @Area3D@116879 world=(19.5, 0.0, 9.5) screen=(1611.95, -1636.093)
[Dev] interact @Area3D@116880 world=(20.5, 0.0, 9.5) screen=(1658.234, -1609.372)
[Dev] interact @Area3D@116881 world=(43.5, 0.0, 60.5) screen=(362.2997, 368.0159)
[Dev] interact @Area3D@116882 world=(43.5, 0.0, 59.5) screen=(408.583, 341.2944)
[Dev] interact @Area3D@116883 world=(21.5, 0.0, 39.5) screen=(316.0163, -781.0065)
[Dev] item 화염부 world=(32.5, 0.0, 70.5) screen=(-609.6509, 370.7094)
[Dev] item 빙결부 world=(33.5, 0.0, 69.5) screen=(-517.084, 370.7095)
[Field] deulnyeok seed=355022911 128x128 props=2252 packs=18 enemies=77 waypoint=(62, 65) roster=bandit,bat,talisman_master elites=["13:파란×4@구간3"]
[Save] level 못골 들녘 → user://system_menu_550_1220532594.json.characters/legacy.json (C:/Users/FORYOUCOM/AppData/Roaming/Godot/app_userdata/Joseon Hunters/wt/codex-630-whirl-structure/system_menu_550_1220532594.json.characters/legacy.json)
[Dev] stairs Down_cave dir=1 world=(88.5, 0.0, 3.5) screen=(7212.236, 897.1014)
[Dev] interact Waypoint world=(62.5, 0.0, 65.5) screen=(3139.301, 1810.974)
[Dev] interact FloorItem world=(32.5, 0.0, 70.5) screen=(1519.384, 1142.938)
[Dev] interact @Area3D@117386 world=(33.5, 0.0, 69.5) screen=(1611.95, 1142.938)
[Dev] interact PusJar world=(95.5, 0.0, 103.5) screen=(2907.884, 3708.197)
[Dev] interact @Area3D@117613 world=(101.5, 0.0, 105.5) screen=(3093.018, 3921.969)
[Dev] interact @Area3D@117614 world=(98.5, 0.0, 107.5) screen=(2861.601, 3895.247)
[Dev] interact LootChest world=(27.5, 0.0, 70.5) screen=(1287.967, 1009.331)
[Dev] interact @Area3D@117615 world=(94.5, 0.0, 100.5) screen=(3000.451, 3601.312)
[Dev] interact @Area3D@117616 world=(55.5, 0.0, 52.5) screen=(3417.001, 1276.545)
[Dev] interact LootPot world=(46.5, 0.0, 68.5) screen=(2259.917, 1463.595)
[Dev] interact @Area3D@117617 world=(73.5, 0.0, 47.5) screen=(4481.519, 1623.924)
[Dev] interact @Area3D@117618 world=(90.5, 0.0, 47.5) screen=(5268.335, 2078.189)
[Dev] interact @Area3D@117619 world=(111.5, 0.0, 49.5) screen=(6147.719, 2692.782)
[Dev] interact @Area3D@117620 world=(101.5, 0.0, 101.5) screen=(3278.151, 3815.083)
[Dev] interact @Area3D@117621 world=(86.5, 0.0, 76.5) screen=(3740.984, 2746.225)
[Dev] interact @Area3D@117622 world=(53.5, 0.0, 52.5) screen=(3324.434, 1223.102)
[Dev] interact @Area3D@117623 world=(87.5, 0.0, 95.5) screen=(2907.884, 3280.654)
[Dev] interact @Area3D@117624 world=(26.5, 0.0, 66.5) screen=(1426.817, 875.7234)
[Dev] interact @Area3D@117625 world=(17.5, 0.0, 60.5) screen=(1287.967, 474.9016)
[Dev] interact @Area3D@117626 world=(86.5, 0.0, 22.5) screen=(6240.286, 1303.266)
[Dev] interact @Area3D@117627 world=(59.5, 0.0, 65.5) screen=(3000.451, 1730.81)
[Dev] interact @Area3D@117628 world=(18.5, 0.0, 74.5) screen=(686.2832, 875.7234)
[Dev] interact @Area3D@117629 world=(44.5, 0.0, 69.5) screen=(2121.067, 1436.874)
[Dev] interact @Area3D@117630 world=(73.5, 0.0, 49.5) screen=(4388.952, 1677.367)
[Dev] interact @Area3D@117631 world=(88.5, 0.0, 52.5) screen=(4944.352, 2158.353)
[Save] system menu → user://system_menu_550_1220532594.json.characters/legacy.json (C:/Users/FORYOUCOM/AppData/Roaming/Godot/app_userdata/Joseon Hunters/wt/codex-630-whirl-structure/system_menu_550_1220532594.json.characters/legacy.json)
[Load] lv=1 gold=15600 flags={ "opening_pending": false, "quest": { "heukrang_clear": { "state": "none", "left": 40, "barked": false } }, "story": { "entered/deulnyeok": true, "entered/heukrang_gul": true, "entered/motgol": true } } portal={ "area": &"heukrang_gul", "floor": 1, "pos": (46.5, 0.0, 56.5), "returned": false } wps=[]
[Dev] item 화염부 world=(32.5, 0.0, 70.5) screen=(1519.384, 1172.353)
[Dev] item 빙결부 world=(33.5, 0.0, 69.5) screen=(1611.95, 1172.353)
[Field] deulnyeok seed=355022911 128x128 props=2252 packs=18 enemies=77 waypoint=(62, 65) roster=bandit,bat,talisman_master elites=["13:파란×4@구간3"]
[Save] level 못골 들녘 → user://system_menu_550_1220532594.json.characters/legacy.json (C:/Users/FORYOUCOM/AppData/Roaming/Godot/app_userdata/Joseon Hunters/wt/codex-630-whirl-structure/system_menu_550_1220532594.json.characters/legacy.json)
[Dev] stairs Down_cave dir=1 world=(88.5, 0.0, 3.5) screen=(7212.236, 897.1014)
[Dev] interact Waypoint world=(62.5, 0.0, 65.5) screen=(3139.301, 1810.974)
[Dev] interact FloorItem world=(32.5, 0.0, 70.5) screen=(1519.384, 1142.938)
[Dev] interact @Area3D@118134 world=(33.5, 0.0, 69.5) screen=(1611.95, 1142.938)
[Dev] interact PusJar world=(95.5, 0.0, 103.5) screen=(2907.884, 3708.197)
[Dev] interact @Area3D@118361 world=(101.5, 0.0, 105.5) screen=(3093.018, 3921.969)
[Dev] interact @Area3D@118362 world=(98.5, 0.0, 107.5) screen=(2861.601, 3895.247)
[Dev] interact LootChest world=(27.5, 0.0, 70.5) screen=(1287.967, 1009.331)
[Dev] interact @Area3D@118363 world=(94.5, 0.0, 100.5) screen=(3000.451, 3601.312)
[Dev] interact @Area3D@118364 world=(55.5, 0.0, 52.5) screen=(3417.001, 1276.545)
[Dev] interact LootPot world=(46.5, 0.0, 68.5) screen=(2259.917, 1463.595)
[Dev] interact @Area3D@118365 world=(73.5, 0.0, 47.5) screen=(4481.519, 1623.924)
[Dev] interact @Area3D@118366 world=(90.5, 0.0, 47.5) screen=(5268.335, 2078.189)
[Dev] interact @Area3D@118367 world=(111.5, 0.0, 49.5) screen=(6147.719, 2692.782)
[Dev] interact @Area3D@118368 world=(101.5, 0.0, 101.5) screen=(3278.151, 3815.083)
[Dev] interact @Area3D@118369 world=(86.5, 0.0, 76.5) screen=(3740.984, 2746.225)
[Dev] interact @Area3D@118370 world=(53.5, 0.0, 52.5) screen=(3324.434, 1223.102)
[Dev] interact @Area3D@118371 world=(87.5, 0.0, 95.5) screen=(2907.884, 3280.654)
[Dev] interact @Area3D@118372 world=(26.5, 0.0, 66.5) screen=(1426.817, 875.7234)
[Dev] interact @Area3D@118373 world=(17.5, 0.0, 60.5) screen=(1287.967, 474.9016)
[Dev] interact @Area3D@118374 world=(86.5, 0.0, 22.5) screen=(6240.286, 1303.266)
[Dev] interact @Area3D@118375 world=(59.5, 0.0, 65.5) screen=(3000.451, 1730.81)
[Dev] interact @Area3D@118376 world=(18.5, 0.0, 74.5) screen=(686.2832, 875.7234)
[Dev] interact @Area3D@118377 world=(44.5, 0.0, 69.5) screen=(2121.067, 1436.874)
[Dev] interact @Area3D@118378 world=(73.5, 0.0, 49.5) screen=(4388.952, 1677.367)
[Dev] interact @Area3D@118379 world=(88.5, 0.0, 52.5) screen=(4944.352, 2158.353)
[Dungeon] heukrang_gul 2층 lv=3 seed=3189434797 preset 28x28 rooms=2 up=(22, 23) down=(-1, -1) enemies=2 roster=bat elites=[] named=-
[Audio] BGM boss → boss.ogg
[Save] level 흑랑 굴 2층 → user://system_menu_550_1220532594.json.characters/legacy.json (C:/Users/FORYOUCOM/AppData/Roaming/Godot/app_userdata/Joseon Hunters/wt/codex-630-whirl-structure/system_menu_550_1220532594.json.characters/legacy.json)
[Dev] stairs StairsUp dir=-1 world=(22.5, 0.0, 23.5) screen=(593.7167, 335.9507)
[Save] system menu → user://system_menu_550_1220532594.json.characters/legacy.json (C:/Users/FORYOUCOM/AppData/Roaming/Godot/app_userdata/Joseon Hunters/wt/codex-630-whirl-structure/system_menu_550_1220532594.json.characters/legacy.json)
[Load] lv=1 gold=15602 flags={ "opening_pending": false, "quest": { "heukrang_clear": { "state": "none", "left": 40, "barked": false } }, "story": { "entered/deulnyeok": true, "entered/heukrang_gul": true, "entered/motgol": true } } portal={ "area": &"heukrang_gul", "floor": 1, "pos": (46.5, 0.0, 56.5), "returned": false } wps=[]
[Dungeon] heukrang_gul 2층 lv=3 seed=3189434797 preset 28x28 rooms=2 up=(22, 23) down=(-1, -1) enemies=2 roster=bat elites=[] named=-
[Save] level 흑랑 굴 2층 → user://system_menu_550_1220532594.json.characters/legacy.json (C:/Users/FORYOUCOM/AppData/Roaming/Godot/app_userdata/Joseon Hunters/wt/codex-630-whirl-structure/system_menu_550_1220532594.json.characters/legacy.json)
[Dev] stairs StairsUp dir=-1 world=(22.5, 0.0, 23.5) screen=(593.7167, 335.9507)
WARNING: SaveSystem: 저장 위치가 바뀌었습니다. 캐릭터를 다시 선택해 주세요
   at: push_warning (core/variant/variant_utility.cpp:1033)
   GDScript backtrace (most recent call first):
       [0] _failed (res://core/save_system.gd:228)
       [1] save_now (res://core/save_system.gd:145)
       [2] _on_click (res://ui/system_menu.gd:208)
       [3] _input (res://ui/system_menu.gd:159)
[Save] system menu → user://system_menu_550_1220532594.json.characters/legacy.json (C:/Users/FORYOUCOM/AppData/Roaming/Godot/app_userdata/Joseon Hunters/wt/codex-630-whirl-structure/system_menu_550_1220532594.json.characters/legacy.json)
[Load] lv=1 gold=15602 flags={ "opening_pending": false, "quest": { "heukrang_clear": { "state": "none", "left": 40, "barked": false } }, "story": { "entered/deulnyeok": true, "entered/heukrang_gul": true, "entered/motgol": true } } portal={ "area": &"heukrang_gul", "floor": 1, "pos": (46.5, 0.0, 56.5), "returned": false } wps=[]
[Dungeon] heukrang_gul 2층 lv=3 seed=3189434797 preset 28x28 rooms=2 up=(22, 23) down=(-1, -1) enemies=2 roster=bat elites=[] named=-
[Save] level 흑랑 굴 2층 → user://system_menu_550_1220532594.json.characters/legacy.json (C:/Users/FORYOUCOM/AppData/Roaming/Godot/app_userdata/Joseon Hunters/wt/codex-630-whirl-structure/system_menu_550_1220532594.json.characters/legacy.json)
[Dev] stairs StairsUp dir=-1 world=(22.5, 0.0, 23.5) screen=(593.7167, 335.9507)
E2E system_menu PASS (검사 56)
E2E SUMMARY: 131/131 PASS
  E2E vfx_ramp_gallery PASS (검사 18)
  E2E character_profiles PASS (검사 38)
  E2E quest_journal PASS (검사 56)
  E2E hud_orb_fx PASS (검사 32)
  E2E npc_hover_view PASS (검사 77)
  E2E elite_ui_view PASS (검사 6)
  E2E hud_hierarchy_view PASS (검사 120)
  E2E pickup_feedback_view PASS (검사 3)
  E2E icon_intake PASS (검사 315)
  E2E automap PASS (검사 50)
  E2E pickup_equip PASS (검사 37)
  E2E equipment_ui PASS (검사 33)
  E2E inactive_gear PASS (검사 50)
  E2E sockets PASS (검사 16)
  E2E glyph_combo PASS (검사 26)
  E2E combination PASS (검사 26)
  E2E portal_roundtrip PASS (검사 18)
  E2E waypoint PASS (검사 12)
  E2E vendor_quest PASS (검사 54)
  E2E vendor_prices PASS (검사 12)
  E2E stash_roundtrip PASS (검사 50)
  E2E chief_quest PASS (검사 71)
  E2E boss_greetings PASS (검사 36)
  E2E shaman_heal PASS (검사 30)
  E2E respec PASS (검사 64)
  E2E save_continue PASS (검사 14)
  E2E held_save PASS (검사 27)
  E2E boss_floor PASS (검사 46)
  E2E boss_bulgasari PASS (검사 52)
  E2E bulgasari_path PASS (검사 15)
  E2E boss_uniques PASS (검사 37)
  E2E boss_jangsanbeom PASS (검사 42)
  E2E heukrang_look PASS (검사 4)
  E2E heukrang_pounce PASS (검사 11)
  E2E visual_swap PASS (검사 65)
  E2E run_upright PASS (검사 16)
  E2E teleport_settle PASS (검사 10)
  E2E hit_feel PASS (검사 27)
  E2E element_affix PASS (검사 7)
  E2E affix_combat PASS (검사 40)
  E2E attack_chain PASS (검사 21)
  E2E sword_trail_v2 PASS (검사 93)
  E2E whirl_structure_v1 PASS (검사 69)
  E2E aspd_steps PASS (검사 27)
  E2E skill_then_attack PASS (검사 64)
  E2E anim_commit PASS (검사 65)
  E2E player_resource_clock PASS (검사 73)
  E2E invisible_sword PASS (검사 68)
  E2E heavy_react PASS (검사 97)
  E2E pack_ai PASS (검사 46)
  E2E kill_slump PASS (검사 51)
  E2E kill_bisect PASS (검사 68)
  E2E slice_deaths PASS (검사 111)
  E2E monster_motion_gallery PASS (검사 71)
  E2E element_status PASS (검사 78)
  E2E element_ui PASS (검사 13)
  E2E element_sal PASS (검사 42)
  E2E talisman_targeting PASS (검사 75)
  E2E talisman_throw PASS (검사 56)
  E2E talisman_aoe PASS (검사 16)
  E2E loot_drop PASS (검사 24)
  E2E potion_icons PASS (검사 57)
  E2E potion_tiers PASS (검사 10)
  E2E loot_props PASS (검사 19)
  E2E elite_pack PASS (검사 52)
  E2E elite_slots PASS (검사 31)
  E2E flee_chase PASS (검사 35)
  E2E verify_flows PASS (검사 16)
  E2E player_death PASS (검사 27)
  E2E wall_cutaway PASS (검사 17)
  E2E floor_seams PASS (검사 3)
  E2E char_light PASS (검사 102)
  E2E town_layout PASS (검사 68)
  E2E town_approach PASS (검사 140)
  E2E bgm_hooks PASS (검사 23)
  E2E ui_windows PASS (검사 65)
  E2E story_cutin PASS (검사 32)
  E2E dialogue_band PASS (검사 78)
  E2E dialogue_event PASS (검사 50)
  E2E dialogue_choices PASS (검사 46)
  E2E ui_docks PASS (검사 61)
  E2E ui_tooltips PASS (검사 108)
  E2E belt_unify PASS (검사 15)
  E2E item_ui PASS (검사 42)
  E2E skill_picker PASS (검사 191)
  E2E skill_icons PASS (검사 81)
  E2E vfx_cues PASS (검사 151)
  E2E area_title PASS (검사 70)
  E2E ink_transition PASS (검사 62)
  E2E vfx_cap_blood PASS (검사 3)
  E2E hit_blood PASS (검사 73)
  E2E skill_area PASS (검사 93)
  E2E skill_tiers PASS (검사 72)
  E2E aoe_skills PASS (검사 66)
  E2E aoe_skills_2 PASS (검사 68)
  E2E build_changers PASS (검사 88)
  E2E body_arts PASS (검사 66)
  E2E dungeon_layout PASS (검사 34)
  E2E beomgul_walk PASS (검사 46)
  E2E mine_walk PASS (검사 66)
  E2E bongmil_walk PASS (검사 110)
  E2E room_props PASS (검사 78)
  E2E town_exits PASS (검사 8)
  E2E field_layout PASS (검사 32)
  E2E field2_layout PASS (검사 20)
  E2E gate_hover PASS (검사 6)
  E2E pack_density PASS (검사 2)
  E2E slice_loop PASS (검사 29)
  E2E plaza_light PASS (검사 8)
  E2E town_tour PASS (검사 2)
  E2E aoe_field PASS (검사 20)
  E2E long_body PASS (검사 13)
  E2E named_imugi PASS (검사 13)
  E2E named_gaksi PASS (검사 19)
  E2E serpent_models PASS (검사 18)
  E2E pus_jar PASS (검사 15)
  E2E roles PASS (검사 24)
  E2E roster_swap PASS (검사 19)
  E2E gimmicks_m10 PASS (검사 23)
  E2E behaviors_m9 PASS (검사 13)
  E2E female_f1 PASS (검사 7)
  E2E female_float PASS (검사 5)
  E2E yeogung_attacks PASS (검사 11)
  E2E nachalnyeo_attacks PASS (검사 16)
  E2E m14_models PASS (검사 13)
  E2E leader_options PASS (검사 20)
  E2E surround PASS (검사 7)
  E2E weapon_visibility PASS (검사 25)
  E2E first_magic PASS (검사 18)
  E2E hover_target PASS (검사 45)
  E2E system_menu PASS (검사 56)
